site_id,shift_band,date,corridor_congestion_index,avg_speed_kmph,source
Ashford Commons,DAY,2026-05-04,15.9,46.7,SYNTHETIC
Ashford Commons,DAY,2026-05-05,10.5,50.1,SYNTHETIC
Ashford Commons,DAY,2026-05-06,3.9,53.3,SYNTHETIC
Ashford Commons,DAY,2026-05-07,22.3,46.0,SYNTHETIC
Ashford Commons,DAY,2026-05-08,15.7,47.6,SYNTHETIC
Ashford Commons,DAY,2026-05-11,20.0,41.8,SYNTHETIC
Ashford Commons,DAY,2026-05-12,11.1,51.8,SYNTHETIC
Ashford Commons,DAY,2026-05-13,11.1,49.4,SYNTHETIC
Ashford Commons,DAY,2026-05-14,13.2,55.6,SYNTHETIC
Ashford Commons,DAY,2026-05-15,18.2,52.9,SYNTHETIC
Ashford Commons,DAY,2026-05-18,11.4,49.0,SYNTHETIC
Ashford Commons,DAY,2026-05-19,11.4,55.0,SYNTHETIC
Ashford Commons,DAY,2026-05-20,18.5,48.4,SYNTHETIC
Ashford Commons,DAY,2026-05-21,13.7,51.3,SYNTHETIC
Ashford Commons,DAY,2026-05-22,17.3,43.9,SYNTHETIC
Ashford Commons,DAY,2026-05-25,13.8,49.0,SYNTHETIC
Ashford Commons,DAY,2026-05-26,11.9,43.8,SYNTHETIC
Ashford Commons,DAY,2026-05-27,0.0,52.3,SYNTHETIC
Ashford Commons,DAY,2026-05-29,20.5,38.6,SYNTHETIC
Ashford Commons,DAY,2026-06-01,6.8,54.5,SYNTHETIC
Ashford Commons,DAY,2026-06-02,18.0,48.2,SYNTHETIC
Ashford Commons,DAY,2026-06-03,10.6,52.4,SYNTHETIC
Ashford Commons,DAY,2026-06-04,13.8,53.7,SYNTHETIC
Ashford Commons,DAY,2026-06-05,19.1,42.0,SYNTHETIC
Ashford Commons,DAY,2026-06-08,8.6,49.5,SYNTHETIC
Ashford Commons,DAY,2026-06-09,5.0,54.8,SYNTHETIC
Ashford Commons,DAY,2026-06-10,19.6,43.9,SYNTHETIC
Ashford Commons,DAY,2026-06-11,8.2,47.3,SYNTHETIC
Ashford Commons,DAY,2026-06-12,3.9,54.5,SYNTHETIC
Ashford Commons,DAY,2026-06-15,10.2,47.3,SYNTHETIC
Ashford Commons,DAY,2026-06-16,15.5,50.0,SYNTHETIC
Ashford Commons,DAY,2026-06-17,14.5,49.1,SYNTHETIC
Ashford Commons,DAY,2026-06-18,6.3,53.1,SYNTHETIC
Ashford Commons,DAY,2026-06-19,15.5,44.2,SYNTHETIC
Ashford Commons,DAY,2026-06-22,15.2,47.5,SYNTHETIC
Ashford Commons,DAY,2026-06-23,3.5,56.1,SYNTHETIC
Ashford Commons,DAY,2026-06-24,12.3,48.8,SYNTHETIC
Ashford Commons,DAY,2026-06-25,11.3,50.8,SYNTHETIC
Ashford Commons,DAY,2026-06-26,13.7,49.0,SYNTHETIC
Ashford Commons,DAY,2026-06-29,3.6,54.0,SYNTHETIC
Ashford Commons,DAY,2026-06-30,8.6,51.4,SYNTHETIC
Ashford Commons,DAY,2026-07-01,8.2,49.5,SYNTHETIC
Ashford Commons,DAY,2026-07-02,13.9,48.5,SYNTHETIC
Ashford Commons,DAY,2026-07-03,9.8,49.9,SYNTHETIC
Ashford Commons,DAY,2026-07-06,13.9,48.6,SYNTHETIC
Ashford Commons,DAY,2026-07-07,13.2,53.6,SYNTHETIC
Ashford Commons,DAY,2026-07-08,24.6,42.6,SYNTHETIC
Ashford Commons,DAY,2026-07-09,38.8,40.8,SYNTHETIC
Ashford Commons,DAY,2026-07-10,14.1,49.0,SYNTHETIC
Ashford Commons,DAY,2026-07-13,5.5,51.3,SYNTHETIC
Ashford Commons,DAY,2026-07-14,23.9,45.2,SYNTHETIC
Ashford Commons,DAY,2026-07-15,16.1,46.0,SYNTHETIC
Ashford Commons,DAY,2026-07-16,11.6,53.9,SYNTHETIC
Ashford Commons,DAY,2026-07-17,17.0,43.6,SYNTHETIC
Ashford Commons,DAY,2026-07-20,12.3,48.9,SYNTHETIC
Ashford Commons,DAY,2026-07-21,12.9,51.5,SYNTHETIC
Ashford Commons,DAY,2026-07-22,13.7,47.7,SYNTHETIC
Ashford Commons,DAY,2026-07-23,8.7,54.5,SYNTHETIC
Ashford Commons,DAY,2026-07-24,10.5,53.5,SYNTHETIC
Ashford Commons,DAY,2026-07-27,14.4,44.8,SYNTHETIC
Ashford Commons,DAY,2026-07-28,7.0,49.9,SYNTHETIC
Ashford Commons,DAY,2026-07-29,19.5,47.7,SYNTHETIC
Ashford Commons,DAY,2026-07-30,12.5,47.2,SYNTHETIC
Ashford Commons,DAY,2026-07-31,14.3,45.6,SYNTHETIC
Ashford Commons,EARLY,2026-05-01,17.3,43.2,SYNTHETIC
Ashford Commons,EARLY,2026-05-02,17.2,46.4,SYNTHETIC
Ashford Commons,EARLY,2026-05-04,12.6,55.6,SYNTHETIC
Ashford Commons,EARLY,2026-05-05,6.6,51.9,SYNTHETIC
Ashford Commons,EARLY,2026-05-06,6.2,50.9,SYNTHETIC
Ashford Commons,EARLY,2026-05-07,18.3,45.8,SYNTHETIC
Ashford Commons,EARLY,2026-05-08,14.6,50.4,SYNTHETIC
Ashford Commons,EARLY,2026-05-09,4.2,54.4,SYNTHETIC
Ashford Commons,EARLY,2026-05-11,22.3,55.1,SYNTHETIC
Ashford Commons,EARLY,2026-05-12,14.0,43.4,SYNTHETIC
Ashford Commons,EARLY,2026-05-13,14.4,43.6,SYNTHETIC
Ashford Commons,EARLY,2026-05-14,12.8,50.5,SYNTHETIC
Ashford Commons,EARLY,2026-05-15,1.6,55.1,SYNTHETIC
Ashford Commons,EARLY,2026-05-16,17.5,44.8,SYNTHETIC
Ashford Commons,EARLY,2026-05-18,11.9,57.1,SYNTHETIC
Ashford Commons,EARLY,2026-05-19,19.4,48.9,SYNTHETIC
Ashford Commons,EARLY,2026-05-20,11.5,54.3,SYNTHETIC
Ashford Commons,EARLY,2026-05-21,14.1,40.0,SYNTHETIC
Ashford Commons,EARLY,2026-05-22,15.7,50.5,SYNTHETIC
Ashford Commons,EARLY,2026-05-23,24.3,45.8,SYNTHETIC
Ashford Commons,EARLY,2026-05-25,12.2,49.1,SYNTHETIC
Ashford Commons,EARLY,2026-05-26,1.0,54.4,SYNTHETIC
Ashford Commons,EARLY,2026-05-27,0.0,55.4,SYNTHETIC
Ashford Commons,EARLY,2026-05-28,17.2,51.8,SYNTHETIC
Ashford Commons,EARLY,2026-05-29,16.3,43.3,SYNTHETIC
Ashford Commons,EARLY,2026-05-30,6.1,50.1,SYNTHETIC
Ashford Commons,EARLY,2026-06-01,16.9,48.2,SYNTHETIC
Ashford Commons,EARLY,2026-06-02,16.1,47.2,SYNTHETIC
Ashford Commons,EARLY,2026-06-03,15.0,48.8,SYNTHETIC
Ashford Commons,EARLY,2026-06-04,10.1,52.5,SYNTHETIC
Ashford Commons,EARLY,2026-06-05,17.6,48.7,SYNTHETIC
Ashford Commons,EARLY,2026-06-06,4.8,55.4,SYNTHETIC
Ashford Commons,EARLY,2026-06-08,6.9,52.4,SYNTHETIC
Ashford Commons,EARLY,2026-06-09,5.1,52.9,SYNTHETIC
Ashford Commons,EARLY,2026-06-10,3.2,52.7,SYNTHETIC
Ashford Commons,EARLY,2026-06-11,11.5,46.2,SYNTHETIC
Ashford Commons,EARLY,2026-06-12,15.2,55.7,SYNTHETIC
Ashford Commons,EARLY,2026-06-13,3.9,54.9,SYNTHETIC
Ashford Commons,EARLY,2026-06-15,21.8,39.1,SYNTHETIC
Ashford Commons,EARLY,2026-06-16,16.2,40.5,SYNTHETIC
Ashford Commons,EARLY,2026-06-17,15.0,50.8,SYNTHETIC
Ashford Commons,EARLY,2026-06-18,14.4,47.4,SYNTHETIC
Ashford Commons,EARLY,2026-06-19,15.4,50.2,SYNTHETIC
Ashford Commons,EARLY,2026-06-20,6.9,54.1,SYNTHETIC
Ashford Commons,EARLY,2026-06-22,83.2,22.2,SYNTHETIC
Ashford Commons,EARLY,2026-06-23,12.0,51.9,SYNTHETIC
Ashford Commons,EARLY,2026-06-24,11.3,44.9,SYNTHETIC
Ashford Commons,EARLY,2026-06-25,8.4,50.2,SYNTHETIC
Ashford Commons,EARLY,2026-06-26,19.3,48.2,SYNTHETIC
Ashford Commons,EARLY,2026-06-27,17.8,47.4,SYNTHETIC
Ashford Commons,EARLY,2026-06-29,0.9,51.8,SYNTHETIC
Ashford Commons,EARLY,2026-06-30,13.1,49.3,SYNTHETIC
Ashford Commons,EARLY,2026-07-01,9.7,51.3,SYNTHETIC
Ashford Commons,EARLY,2026-07-02,16.4,47.8,SYNTHETIC
Ashford Commons,EARLY,2026-07-03,4.5,52.8,SYNTHETIC
Ashford Commons,EARLY,2026-07-04,5.9,53.5,SYNTHETIC
Ashford Commons,EARLY,2026-07-06,19.3,43.7,SYNTHETIC
Ashford Commons,EARLY,2026-07-07,10.9,51.2,SYNTHETIC
Ashford Commons,EARLY,2026-07-08,17.3,47.4,SYNTHETIC
Ashford Commons,EARLY,2026-07-09,12.1,53.0,SYNTHETIC
Ashford Commons,EARLY,2026-07-10,8.8,48.0,SYNTHETIC
Ashford Commons,EARLY,2026-07-11,16.5,47.2,SYNTHETIC
Ashford Commons,EARLY,2026-07-13,22.1,42.1,SYNTHETIC
Ashford Commons,EARLY,2026-07-14,7.1,53.7,SYNTHETIC
Ashford Commons,EARLY,2026-07-15,9.2,54.2,SYNTHETIC
Ashford Commons,EARLY,2026-07-16,11.3,53.9,SYNTHETIC
Ashford Commons,EARLY,2026-07-17,15.2,52.2,SYNTHETIC
Ashford Commons,EARLY,2026-07-18,19.2,47.0,SYNTHETIC
Ashford Commons,EARLY,2026-07-20,11.9,40.4,SYNTHETIC
Ashford Commons,EARLY,2026-07-21,15.2,48.8,SYNTHETIC
Ashford Commons,EARLY,2026-07-22,19.7,49.0,SYNTHETIC
Ashford Commons,EARLY,2026-07-23,1.7,53.6,SYNTHETIC
Ashford Commons,EARLY,2026-07-24,14.7,48.7,SYNTHETIC
Ashford Commons,EARLY,2026-07-25,8.8,56.5,SYNTHETIC
Ashford Commons,EARLY,2026-07-27,15.6,48.0,SYNTHETIC
Ashford Commons,EARLY,2026-07-28,11.4,53.3,SYNTHETIC
Ashford Commons,EARLY,2026-07-29,14.0,49.3,SYNTHETIC
Ashford Commons,EARLY,2026-07-30,1.3,52.5,SYNTHETIC
Ashford Commons,EARLY,2026-07-31,7.5,48.8,SYNTHETIC
Ashford Commons,EVENING,2026-05-04,8.5,53.7,SYNTHETIC
Ashford Commons,EVENING,2026-05-05,7.0,50.9,SYNTHETIC
Ashford Commons,EVENING,2026-05-06,0.0,55.4,SYNTHETIC
Ashford Commons,EVENING,2026-05-07,4.0,55.7,SYNTHETIC
Ashford Commons,EVENING,2026-05-08,13.8,46.3,SYNTHETIC
Ashford Commons,EVENING,2026-05-11,11.0,52.9,SYNTHETIC
Ashford Commons,EVENING,2026-05-12,30.7,42.3,SYNTHETIC
Ashford Commons,EVENING,2026-05-13,5.2,55.2,SYNTHETIC
Ashford Commons,EVENING,2026-05-14,12.4,51.4,SYNTHETIC
Ashford Commons,EVENING,2026-05-15,3.0,51.6,SYNTHETIC
Ashford Commons,EVENING,2026-05-18,8.4,57.9,SYNTHETIC
Ashford Commons,EVENING,2026-05-19,11.5,46.6,SYNTHETIC
Ashford Commons,EVENING,2026-05-20,8.9,48.3,SYNTHETIC
Ashford Commons,EVENING,2026-05-21,5.0,57.7,SYNTHETIC
Ashford Commons,EVENING,2026-05-22,11.9,48.2,SYNTHETIC
Ashford Commons,EVENING,2026-05-25,15.4,50.7,SYNTHETIC
Ashford Commons,EVENING,2026-05-26,13.0,50.7,SYNTHETIC
Ashford Commons,EVENING,2026-05-27,19.5,47.3,SYNTHETIC
Ashford Commons,EVENING,2026-05-28,8.3,47.7,SYNTHETIC
Ashford Commons,EVENING,2026-05-29,9.6,50.0,SYNTHETIC
Ashford Commons,EVENING,2026-06-01,9.5,51.8,SYNTHETIC
Ashford Commons,EVENING,2026-06-02,2.5,59.7,SYNTHETIC
Ashford Commons,EVENING,2026-06-03,5.3,51.3,SYNTHETIC
Ashford Commons,EVENING,2026-06-04,17.5,47.1,SYNTHETIC
Ashford Commons,EVENING,2026-06-05,9.2,50.4,SYNTHETIC
Ashford Commons,EVENING,2026-06-08,28.5,42.8,SYNTHETIC
Ashford Commons,EVENING,2026-06-09,13.7,54.1,SYNTHETIC
Ashford Commons,EVENING,2026-06-10,16.0,51.9,SYNTHETIC
Ashford Commons,EVENING,2026-06-11,16.0,47.8,SYNTHETIC
Ashford Commons,EVENING,2026-06-12,18.7,47.3,SYNTHETIC
Ashford Commons,EVENING,2026-06-15,6.4,51.1,SYNTHETIC
Ashford Commons,EVENING,2026-06-16,11.3,54.0,SYNTHETIC
Ashford Commons,EVENING,2026-06-17,11.3,49.9,SYNTHETIC
Ashford Commons,EVENING,2026-06-18,2.9,52.3,SYNTHETIC
Ashford Commons,EVENING,2026-06-19,8.7,52.3,SYNTHETIC
Ashford Commons,EVENING,2026-06-22,13.6,47.0,SYNTHETIC
Ashford Commons,EVENING,2026-06-23,1.2,54.3,SYNTHETIC
Ashford Commons,EVENING,2026-06-24,5.9,54.4,SYNTHETIC
Ashford Commons,EVENING,2026-06-25,15.9,50.5,SYNTHETIC
Ashford Commons,EVENING,2026-06-26,20.2,49.3,SYNTHETIC
Ashford Commons,EVENING,2026-06-29,19.7,50.8,SYNTHETIC
Ashford Commons,EVENING,2026-06-30,12.6,50.0,SYNTHETIC
Ashford Commons,EVENING,2026-07-01,21.0,45.7,SYNTHETIC
Ashford Commons,EVENING,2026-07-02,13.9,49.9,SYNTHETIC
Ashford Commons,EVENING,2026-07-03,22.1,46.3,SYNTHETIC
Ashford Commons,EVENING,2026-07-06,16.7,47.6,SYNTHETIC
Ashford Commons,EVENING,2026-07-07,0.7,53.5,SYNTHETIC
Ashford Commons,EVENING,2026-07-08,9.3,50.8,SYNTHETIC
Ashford Commons,EVENING,2026-07-09,16.2,46.6,SYNTHETIC
Ashford Commons,EVENING,2026-07-10,0.5,52.0,SYNTHETIC
Ashford Commons,EVENING,2026-07-13,0.0,52.9,SYNTHETIC
Ashford Commons,EVENING,2026-07-14,18.3,46.8,SYNTHETIC
Ashford Commons,EVENING,2026-07-15,12.9,42.8,SYNTHETIC
Ashford Commons,EVENING,2026-07-16,15.5,51.1,SYNTHETIC
Ashford Commons,EVENING,2026-07-17,11.1,51.3,SYNTHETIC
Ashford Commons,EVENING,2026-07-20,18.6,51.1,SYNTHETIC
Ashford Commons,EVENING,2026-07-21,11.5,48.1,SYNTHETIC
Ashford Commons,EVENING,2026-07-22,5.9,55.4,SYNTHETIC
Ashford Commons,EVENING,2026-07-23,5.3,51.8,SYNTHETIC
Ashford Commons,EVENING,2026-07-24,17.3,44.4,SYNTHETIC
Ashford Commons,EVENING,2026-07-27,9.6,51.0,SYNTHETIC
Ashford Commons,EVENING,2026-07-28,7.2,52.2,SYNTHETIC
Ashford Commons,EVENING,2026-07-29,23.9,49.6,SYNTHETIC
Ashford Commons,EVENING,2026-07-30,12.0,49.5,SYNTHETIC
Ashford Commons,EVENING,2026-07-31,17.3,46.1,SYNTHETIC
Ashford Commons,NIGHT,2026-05-01,14.7,51.0,SYNTHETIC
Ashford Commons,NIGHT,2026-05-02,6.5,50.7,SYNTHETIC
Ashford Commons,NIGHT,2026-05-04,21.1,44.9,SYNTHETIC
Ashford Commons,NIGHT,2026-05-05,9.2,50.3,SYNTHETIC
Ashford Commons,NIGHT,2026-05-06,20.1,50.3,SYNTHETIC
Ashford Commons,NIGHT,2026-05-07,7.7,50.0,SYNTHETIC
Ashford Commons,NIGHT,2026-05-08,7.7,53.7,SYNTHETIC
Ashford Commons,NIGHT,2026-05-09,17.7,49.3,SYNTHETIC
Ashford Commons,NIGHT,2026-05-11,9.0,50.3,SYNTHETIC
Ashford Commons,NIGHT,2026-05-12,14.8,47.8,SYNTHETIC
Ashford Commons,NIGHT,2026-05-13,10.6,49.8,SYNTHETIC
Ashford Commons,NIGHT,2026-05-14,22.6,48.7,SYNTHETIC
Ashford Commons,NIGHT,2026-05-15,10.4,49.0,SYNTHETIC
Ashford Commons,NIGHT,2026-05-16,8.6,53.5,SYNTHETIC
Ashford Commons,NIGHT,2026-05-18,11.8,53.7,SYNTHETIC
Ashford Commons,NIGHT,2026-05-19,18.7,44.4,SYNTHETIC
Ashford Commons,NIGHT,2026-05-20,20.6,45.2,SYNTHETIC
Ashford Commons,NIGHT,2026-05-21,3.3,50.1,SYNTHETIC
Ashford Commons,NIGHT,2026-05-22,9.1,47.6,SYNTHETIC
Ashford Commons,NIGHT,2026-05-23,11.2,46.9,SYNTHETIC
Ashford Commons,NIGHT,2026-05-25,0.0,57.5,SYNTHETIC
Ashford Commons,NIGHT,2026-05-26,7.8,44.3,SYNTHETIC
Ashford Commons,NIGHT,2026-05-27,3.0,54.2,SYNTHETIC
Ashford Commons,NIGHT,2026-05-28,19.8,44.0,SYNTHETIC
Ashford Commons,NIGHT,2026-05-29,7.2,59.0,SYNTHETIC
Ashford Commons,NIGHT,2026-05-30,10.7,52.6,SYNTHETIC
Ashford Commons,NIGHT,2026-06-01,4.7,53.2,SYNTHETIC
Ashford Commons,NIGHT,2026-06-02,9.9,46.9,SYNTHETIC
Ashford Commons,NIGHT,2026-06-03,20.7,48.6,SYNTHETIC
Ashford Commons,NIGHT,2026-06-04,16.4,46.2,SYNTHETIC
Ashford Commons,NIGHT,2026-06-05,20.5,52.5,SYNTHETIC
Ashford Commons,NIGHT,2026-06-06,15.9,47.6,SYNTHETIC
Ashford Commons,NIGHT,2026-06-08,16.1,48.2,SYNTHETIC
Ashford Commons,NIGHT,2026-06-09,22.9,48.9,SYNTHETIC
Ashford Commons,NIGHT,2026-06-10,8.4,57.2,SYNTHETIC
Ashford Commons,NIGHT,2026-06-11,14.1,44.6,SYNTHETIC
Ashford Commons,NIGHT,2026-06-12,16.1,42.4,SYNTHETIC
Ashford Commons,NIGHT,2026-06-13,11.9,49.2,SYNTHETIC
Ashford Commons,NIGHT,2026-06-15,22.5,52.4,SYNTHETIC
Ashford Commons,NIGHT,2026-06-16,17.4,49.2,SYNTHETIC
Ashford Commons,NIGHT,2026-06-17,20.1,46.6,SYNTHETIC
Ashford Commons,NIGHT,2026-06-18,1.3,55.6,SYNTHETIC
Ashford Commons,NIGHT,2026-06-19,12.9,51.0,SYNTHETIC
Ashford Commons,NIGHT,2026-06-20,16.9,50.3,SYNTHETIC
Ashford Commons,NIGHT,2026-06-22,15.1,48.0,SYNTHETIC
Ashford Commons,NIGHT,2026-06-23,16.8,43.9,SYNTHETIC
Ashford Commons,NIGHT,2026-06-24,6.4,51.3,SYNTHETIC
Ashford Commons,NIGHT,2026-06-25,6.5,50.4,SYNTHETIC
Ashford Commons,NIGHT,2026-06-26,6.6,52.8,SYNTHETIC
Ashford Commons,NIGHT,2026-06-27,3.0,51.8,SYNTHETIC
Ashford Commons,NIGHT,2026-06-29,0.0,54.9,SYNTHETIC
Ashford Commons,NIGHT,2026-06-30,9.5,51.6,SYNTHETIC
Ashford Commons,NIGHT,2026-07-01,7.9,55.6,SYNTHETIC
Ashford Commons,NIGHT,2026-07-02,9.0,51.6,SYNTHETIC
Ashford Commons,NIGHT,2026-07-03,17.8,44.5,SYNTHETIC
Ashford Commons,NIGHT,2026-07-04,8.4,48.8,SYNTHETIC
Ashford Commons,NIGHT,2026-07-06,3.0,57.6,SYNTHETIC
Ashford Commons,NIGHT,2026-07-07,17.5,44.0,SYNTHETIC
Ashford Commons,NIGHT,2026-07-08,11.6,48.3,SYNTHETIC
Ashford Commons,NIGHT,2026-07-09,4.6,56.8,SYNTHETIC
Ashford Commons,NIGHT,2026-07-10,15.6,46.7,SYNTHETIC
Ashford Commons,NIGHT,2026-07-11,14.5,51.2,SYNTHETIC
Ashford Commons,NIGHT,2026-07-13,10.2,51.3,SYNTHETIC
Ashford Commons,NIGHT,2026-07-14,19.8,48.7,SYNTHETIC
Ashford Commons,NIGHT,2026-07-15,14.0,54.3,SYNTHETIC
Ashford Commons,NIGHT,2026-07-16,10.1,50.2,SYNTHETIC
Ashford Commons,NIGHT,2026-07-17,12.0,53.0,SYNTHETIC
Ashford Commons,NIGHT,2026-07-18,11.0,51.5,SYNTHETIC
Ashford Commons,NIGHT,2026-07-20,6.9,56.1,SYNTHETIC
Ashford Commons,NIGHT,2026-07-21,8.3,52.5,SYNTHETIC
Ashford Commons,NIGHT,2026-07-22,8.9,56.1,SYNTHETIC
Ashford Commons,NIGHT,2026-07-23,2.2,55.9,SYNTHETIC
Ashford Commons,NIGHT,2026-07-24,14.2,47.8,SYNTHETIC
Ashford Commons,NIGHT,2026-07-25,9.4,50.4,SYNTHETIC
Ashford Commons,NIGHT,2026-07-27,2.6,51.9,SYNTHETIC
Ashford Commons,NIGHT,2026-07-28,6.4,56.5,SYNTHETIC
Ashford Commons,NIGHT,2026-07-29,16.6,45.7,SYNTHETIC
Ashford Commons,NIGHT,2026-07-30,21.7,49.3,SYNTHETIC
Ashford Commons,NIGHT,2026-07-31,16.3,46.2,SYNTHETIC
Boulder Campus,EVENING,2026-05-04,15.2,43.9,SYNTHETIC
Boulder Campus,EVENING,2026-05-05,0.0,51.7,SYNTHETIC
Boulder Campus,EVENING,2026-05-06,7.7,57.2,SYNTHETIC
Boulder Campus,EVENING,2026-05-07,12.0,51.3,SYNTHETIC
Boulder Campus,EVENING,2026-05-08,17.2,49.6,SYNTHETIC
Boulder Campus,EVENING,2026-05-11,8.4,50.6,SYNTHETIC
Boulder Campus,EVENING,2026-05-12,10.8,44.9,SYNTHETIC
Boulder Campus,EVENING,2026-05-13,15.6,46.4,SYNTHETIC
Boulder Campus,EVENING,2026-05-14,5.0,59.5,SYNTHETIC
Boulder Campus,EVENING,2026-05-15,15.1,50.1,SYNTHETIC
Boulder Campus,EVENING,2026-05-18,19.2,46.1,SYNTHETIC
Boulder Campus,EVENING,2026-05-19,6.5,48.4,SYNTHETIC
Boulder Campus,EVENING,2026-05-20,5.4,51.7,SYNTHETIC
Boulder Campus,EVENING,2026-05-21,8.8,54.2,SYNTHETIC
Boulder Campus,EVENING,2026-05-22,14.7,48.8,SYNTHETIC
Boulder Campus,EVENING,2026-05-25,13.5,50.0,SYNTHETIC
Boulder Campus,EVENING,2026-05-26,10.6,51.4,SYNTHETIC
Boulder Campus,EVENING,2026-05-27,24.2,47.0,SYNTHETIC
Boulder Campus,EVENING,2026-05-29,6.6,52.7,SYNTHETIC
Boulder Campus,EVENING,2026-06-01,16.7,46.6,SYNTHETIC
Boulder Campus,EVENING,2026-06-02,12.3,50.0,SYNTHETIC
Boulder Campus,EVENING,2026-06-03,12.0,50.2,SYNTHETIC
Boulder Campus,EVENING,2026-06-04,14.6,44.4,SYNTHETIC
Boulder Campus,EVENING,2026-06-05,12.0,49.1,SYNTHETIC
Boulder Campus,EVENING,2026-06-08,7.8,47.6,SYNTHETIC
Boulder Campus,EVENING,2026-06-09,9.6,53.3,SYNTHETIC
Boulder Campus,EVENING,2026-06-10,8.5,57.6,SYNTHETIC
Boulder Campus,EVENING,2026-06-11,13.8,53.5,SYNTHETIC
Boulder Campus,EVENING,2026-06-12,28.1,41.0,SYNTHETIC
Boulder Campus,EVENING,2026-06-15,15.1,51.8,SYNTHETIC
Boulder Campus,EVENING,2026-06-16,10.3,56.3,SYNTHETIC
Boulder Campus,EVENING,2026-06-17,16.9,44.7,SYNTHETIC
Boulder Campus,EVENING,2026-06-18,13.1,51.6,SYNTHETIC
Boulder Campus,EVENING,2026-06-19,11.2,47.0,SYNTHETIC
Boulder Campus,EVENING,2026-06-22,0.0,52.2,SYNTHETIC
Boulder Campus,EVENING,2026-06-23,0.0,54.9,SYNTHETIC
Boulder Campus,EVENING,2026-06-24,7.7,55.6,SYNTHETIC
Boulder Campus,EVENING,2026-06-25,13.3,45.1,SYNTHETIC
Boulder Campus,EVENING,2026-06-26,13.1,48.9,SYNTHETIC
Boulder Campus,EVENING,2026-06-29,17.5,51.7,SYNTHETIC
Boulder Campus,EVENING,2026-06-30,20.8,46.4,SYNTHETIC
Boulder Campus,EVENING,2026-07-01,21.3,46.1,SYNTHETIC
Boulder Campus,EVENING,2026-07-02,19.0,46.4,SYNTHETIC
Boulder Campus,EVENING,2026-07-03,2.6,53.1,SYNTHETIC
Boulder Campus,EVENING,2026-07-06,11.7,44.9,SYNTHETIC
Boulder Campus,EVENING,2026-07-07,21.1,44.8,SYNTHETIC
Boulder Campus,EVENING,2026-07-08,19.8,52.1,SYNTHETIC
Boulder Campus,EVENING,2026-07-09,13.1,54.0,SYNTHETIC
Boulder Campus,EVENING,2026-07-10,0.0,47.3,SYNTHETIC
Boulder Campus,EVENING,2026-07-13,0.0,50.3,SYNTHETIC
Boulder Campus,EVENING,2026-07-14,14.8,44.9,SYNTHETIC
Boulder Campus,EVENING,2026-07-15,7.2,49.3,SYNTHETIC
Boulder Campus,EVENING,2026-07-16,14.5,53.7,SYNTHETIC
Boulder Campus,EVENING,2026-07-17,13.0,46.9,SYNTHETIC
Boulder Campus,EVENING,2026-07-20,10.8,50.2,SYNTHETIC
Boulder Campus,EVENING,2026-07-21,12.8,52.2,SYNTHETIC
Boulder Campus,EVENING,2026-07-22,12.2,50.9,SYNTHETIC
Boulder Campus,EVENING,2026-07-23,11.0,49.5,SYNTHETIC
Boulder Campus,EVENING,2026-07-24,14.9,47.9,SYNTHETIC
Boulder Campus,EVENING,2026-07-27,22.8,45.3,SYNTHETIC
Boulder Campus,EVENING,2026-07-28,11.9,53.2,SYNTHETIC
Boulder Campus,EVENING,2026-07-29,13.0,45.9,SYNTHETIC
Boulder Campus,EVENING,2026-07-30,9.9,45.7,SYNTHETIC
Boulder Campus,EVENING,2026-07-31,8.1,50.0,SYNTHETIC
Cedar Ridge Office,DAY,2026-05-01,11.3,48.0,SYNTHETIC
Cedar Ridge Office,DAY,2026-05-02,14.1,50.4,SYNTHETIC
Cedar Ridge Office,DAY,2026-05-03,0.5,55.7,SYNTHETIC
Cedar Ridge Office,DAY,2026-05-04,14.7,49.9,SYNTHETIC
Cedar Ridge Office,DAY,2026-05-05,18.3,52.3,SYNTHETIC
Cedar Ridge Office,DAY,2026-05-06,20.3,47.4,SYNTHETIC
Cedar Ridge Office,DAY,2026-05-07,9.8,54.8,SYNTHETIC
Cedar Ridge Office,DAY,2026-05-08,6.7,57.5,SYNTHETIC
Cedar Ridge Office,DAY,2026-05-09,22.3,45.7,SYNTHETIC
Cedar Ridge Office,DAY,2026-05-10,18.0,47.1,SYNTHETIC
Cedar Ridge Office,DAY,2026-05-11,24.3,49.0,SYNTHETIC
Cedar Ridge Office,DAY,2026-05-12,18.7,54.0,SYNTHETIC
Cedar Ridge Office,DAY,2026-05-13,5.3,52.6,SYNTHETIC
Cedar Ridge Office,DAY,2026-05-14,17.8,50.9,SYNTHETIC
Cedar Ridge Office,DAY,2026-05-15,13.1,54.6,SYNTHETIC
Cedar Ridge Office,DAY,2026-05-16,12.6,47.2,SYNTHETIC
Cedar Ridge Office,DAY,2026-05-17,17.9,49.1,SYNTHETIC
Cedar Ridge Office,DAY,2026-05-18,7.7,54.7,SYNTHETIC
Cedar Ridge Office,DAY,2026-05-19,5.0,54.2,SYNTHETIC
Cedar Ridge Office,DAY,2026-05-20,8.8,50.9,SYNTHETIC
Cedar Ridge Office,DAY,2026-05-21,11.1,47.9,SYNTHETIC
Cedar Ridge Office,DAY,2026-05-22,12.2,51.6,SYNTHETIC
Cedar Ridge Office,DAY,2026-05-23,20.1,46.6,SYNTHETIC
Cedar Ridge Office,DAY,2026-05-24,9.6,50.7,SYNTHETIC
Cedar Ridge Office,DAY,2026-05-25,18.1,47.8,SYNTHETIC
Cedar Ridge Office,DAY,2026-05-26,11.0,51.0,SYNTHETIC
Cedar Ridge Office,DAY,2026-05-27,7.0,51.9,SYNTHETIC
Cedar Ridge Office,DAY,2026-05-28,28.5,44.5,SYNTHETIC
Cedar Ridge Office,DAY,2026-05-29,12.0,45.7,SYNTHETIC
Cedar Ridge Office,DAY,2026-05-30,10.2,48.7,SYNTHETIC
Cedar Ridge Office,DAY,2026-05-31,18.1,45.2,SYNTHETIC
Cedar Ridge Office,DAY,2026-06-01,20.9,44.2,SYNTHETIC
Cedar Ridge Office,DAY,2026-06-02,12.9,47.8,SYNTHETIC
Cedar Ridge Office,DAY,2026-06-03,11.4,48.8,SYNTHETIC
Cedar Ridge Office,DAY,2026-06-04,18.1,49.2,SYNTHETIC
Cedar Ridge Office,DAY,2026-06-05,6.2,49.2,SYNTHETIC
Cedar Ridge Office,DAY,2026-06-06,15.3,49.0,SYNTHETIC
Cedar Ridge Office,DAY,2026-06-07,11.0,53.2,SYNTHETIC
Cedar Ridge Office,DAY,2026-06-08,13.5,49.4,SYNTHETIC
Cedar Ridge Office,DAY,2026-06-09,19.5,43.2,SYNTHETIC
Cedar Ridge Office,DAY,2026-06-10,14.7,46.1,SYNTHETIC
Cedar Ridge Office,DAY,2026-06-11,17.5,46.5,SYNTHETIC
Cedar Ridge Office,DAY,2026-06-12,17.4,48.7,SYNTHETIC
Cedar Ridge Office,DAY,2026-06-13,11.7,45.5,SYNTHETIC
Cedar Ridge Office,DAY,2026-06-14,20.2,42.4,SYNTHETIC
Cedar Ridge Office,DAY,2026-06-15,14.9,54.1,SYNTHETIC
Cedar Ridge Office,DAY,2026-06-16,10.0,51.4,SYNTHETIC
Cedar Ridge Office,DAY,2026-06-17,19.6,45.5,SYNTHETIC
Cedar Ridge Office,DAY,2026-06-18,7.2,51.8,SYNTHETIC
Cedar Ridge Office,DAY,2026-06-19,9.7,47.3,SYNTHETIC
Cedar Ridge Office,DAY,2026-06-20,19.4,46.0,SYNTHETIC
Cedar Ridge Office,DAY,2026-06-21,19.1,43.7,SYNTHETIC
Cedar Ridge Office,DAY,2026-06-22,20.1,43.2,SYNTHETIC
Cedar Ridge Office,DAY,2026-06-23,29.8,47.6,SYNTHETIC
Cedar Ridge Office,DAY,2026-06-24,11.7,50.9,SYNTHETIC
Cedar Ridge Office,DAY,2026-06-25,7.7,49.7,SYNTHETIC
Cedar Ridge Office,DAY,2026-06-26,1.7,53.1,SYNTHETIC
Cedar Ridge Office,DAY,2026-06-27,9.5,50.5,SYNTHETIC
Cedar Ridge Office,DAY,2026-06-28,10.3,52.0,SYNTHETIC
Cedar Ridge Office,DAY,2026-06-29,11.3,51.6,SYNTHETIC
Cedar Ridge Office,DAY,2026-06-30,11.9,54.2,SYNTHETIC
Cedar Ridge Office,DAY,2026-07-01,14.6,51.2,SYNTHETIC
Cedar Ridge Office,DAY,2026-07-02,15.4,46.7,SYNTHETIC
Cedar Ridge Office,DAY,2026-07-03,10.0,53.5,SYNTHETIC
Cedar Ridge Office,DAY,2026-07-04,0.0,55.8,SYNTHETIC
Cedar Ridge Office,DAY,2026-07-05,11.8,47.9,SYNTHETIC
Cedar Ridge Office,DAY,2026-07-06,14.3,49.7,SYNTHETIC
Cedar Ridge Office,DAY,2026-07-07,12.3,48.8,SYNTHETIC
Cedar Ridge Office,DAY,2026-07-08,17.5,43.0,SYNTHETIC
Cedar Ridge Office,DAY,2026-07-09,10.6,46.4,SYNTHETIC
Cedar Ridge Office,DAY,2026-07-10,12.9,47.4,SYNTHETIC
Cedar Ridge Office,DAY,2026-07-11,13.7,46.6,SYNTHETIC
Cedar Ridge Office,DAY,2026-07-12,19.1,44.1,SYNTHETIC
Cedar Ridge Office,DAY,2026-07-13,18.9,48.8,SYNTHETIC
Cedar Ridge Office,DAY,2026-07-14,6.6,56.6,SYNTHETIC
Cedar Ridge Office,DAY,2026-07-15,18.1,48.4,SYNTHETIC
Cedar Ridge Office,DAY,2026-07-16,12.6,42.9,SYNTHETIC
Cedar Ridge Office,DAY,2026-07-17,14.4,48.5,SYNTHETIC
Cedar Ridge Office,DAY,2026-07-18,11.5,56.5,SYNTHETIC
Cedar Ridge Office,DAY,2026-07-19,7.1,50.3,SYNTHETIC
Cedar Ridge Office,DAY,2026-07-20,15.2,50.7,SYNTHETIC
Cedar Ridge Office,DAY,2026-07-21,37.6,40.3,SYNTHETIC
Cedar Ridge Office,DAY,2026-07-22,15.1,55.2,SYNTHETIC
Cedar Ridge Office,DAY,2026-07-23,20.1,51.1,SYNTHETIC
Cedar Ridge Office,DAY,2026-07-24,18.9,51.5,SYNTHETIC
Cedar Ridge Office,DAY,2026-07-25,20.4,45.6,SYNTHETIC
Cedar Ridge Office,DAY,2026-07-26,15.7,49.1,SYNTHETIC
Cedar Ridge Office,DAY,2026-07-27,5.9,56.5,SYNTHETIC
Cedar Ridge Office,DAY,2026-07-28,13.5,49.5,SYNTHETIC
Cedar Ridge Office,DAY,2026-07-29,19.1,44.7,SYNTHETIC
Cedar Ridge Office,DAY,2026-07-30,30.6,42.2,SYNTHETIC
Cedar Ridge Office,DAY,2026-07-31,9.0,54.7,SYNTHETIC
Cedar Ridge Office,EARLY,2026-05-01,10.5,55.1,SYNTHETIC
Cedar Ridge Office,EARLY,2026-05-02,11.2,53.1,SYNTHETIC
Cedar Ridge Office,EARLY,2026-05-03,10.2,54.7,SYNTHETIC
Cedar Ridge Office,EARLY,2026-05-04,17.9,50.0,SYNTHETIC
Cedar Ridge Office,EARLY,2026-05-05,8.6,46.6,SYNTHETIC
Cedar Ridge Office,EARLY,2026-05-06,11.7,54.4,SYNTHETIC
Cedar Ridge Office,EARLY,2026-05-07,11.1,55.0,SYNTHETIC
Cedar Ridge Office,EARLY,2026-05-08,16.6,49.0,SYNTHETIC
Cedar Ridge Office,EARLY,2026-05-09,11.7,44.5,SYNTHETIC
Cedar Ridge Office,EARLY,2026-05-10,11.6,47.7,SYNTHETIC
Cedar Ridge Office,EARLY,2026-05-11,11.1,53.2,SYNTHETIC
Cedar Ridge Office,EARLY,2026-05-12,22.6,46.6,SYNTHETIC
Cedar Ridge Office,EARLY,2026-05-13,7.7,50.5,SYNTHETIC
Cedar Ridge Office,EARLY,2026-05-14,14.5,45.3,SYNTHETIC
Cedar Ridge Office,EARLY,2026-05-15,19.8,50.7,SYNTHETIC
Cedar Ridge Office,EARLY,2026-05-16,15.1,53.9,SYNTHETIC
Cedar Ridge Office,EARLY,2026-05-17,13.4,51.6,SYNTHETIC
Cedar Ridge Office,EARLY,2026-05-18,11.8,53.7,SYNTHETIC
Cedar Ridge Office,EARLY,2026-05-19,12.7,50.0,SYNTHETIC
Cedar Ridge Office,EARLY,2026-05-20,13.9,48.8,SYNTHETIC
Cedar Ridge Office,EARLY,2026-05-21,27.9,38.6,SYNTHETIC
Cedar Ridge Office,EARLY,2026-05-22,19.0,44.4,SYNTHETIC
Cedar Ridge Office,EARLY,2026-05-23,15.2,49.1,SYNTHETIC
Cedar Ridge Office,EARLY,2026-05-24,6.3,53.0,SYNTHETIC
Cedar Ridge Office,EARLY,2026-05-25,18.6,44.0,SYNTHETIC
Cedar Ridge Office,EARLY,2026-05-26,11.7,51.7,SYNTHETIC
Cedar Ridge Office,EARLY,2026-05-27,20.0,43.5,SYNTHETIC
Cedar Ridge Office,EARLY,2026-05-28,9.3,53.9,SYNTHETIC
Cedar Ridge Office,EARLY,2026-05-29,14.6,49.0,SYNTHETIC
Cedar Ridge Office,EARLY,2026-05-30,17.9,43.5,SYNTHETIC
Cedar Ridge Office,EARLY,2026-05-31,14.3,46.8,SYNTHETIC
Cedar Ridge Office,EARLY,2026-06-01,3.2,49.2,SYNTHETIC
Cedar Ridge Office,EARLY,2026-06-02,18.1,49.1,SYNTHETIC
Cedar Ridge Office,EARLY,2026-06-03,21.6,46.2,SYNTHETIC
Cedar Ridge Office,EARLY,2026-06-04,0.0,54.2,SYNTHETIC
Cedar Ridge Office,EARLY,2026-06-05,13.6,53.1,SYNTHETIC
Cedar Ridge Office,EARLY,2026-06-06,17.9,49.1,SYNTHETIC
Cedar Ridge Office,EARLY,2026-06-07,16.8,47.3,SYNTHETIC
Cedar Ridge Office,EARLY,2026-06-08,13.3,48.5,SYNTHETIC
Cedar Ridge Office,EARLY,2026-06-09,27.4,43.3,SYNTHETIC
Cedar Ridge Office,EARLY,2026-06-10,13.2,44.6,SYNTHETIC
Cedar Ridge Office,EARLY,2026-06-11,11.6,46.4,SYNTHETIC
Cedar Ridge Office,EARLY,2026-06-12,8.3,48.9,SYNTHETIC
Cedar Ridge Office,EARLY,2026-06-13,15.2,48.6,SYNTHETIC
Cedar Ridge Office,EARLY,2026-06-14,15.7,47.7,SYNTHETIC
Cedar Ridge Office,EARLY,2026-06-15,9.0,54.8,SYNTHETIC
Cedar Ridge Office,EARLY,2026-06-16,12.4,45.5,SYNTHETIC
Cedar Ridge Office,EARLY,2026-06-17,11.7,45.2,SYNTHETIC
Cedar Ridge Office,EARLY,2026-06-18,17.1,45.2,SYNTHETIC
Cedar Ridge Office,EARLY,2026-06-19,3.4,51.0,SYNTHETIC
Cedar Ridge Office,EARLY,2026-06-20,13.3,48.7,SYNTHETIC
Cedar Ridge Office,EARLY,2026-06-21,18.0,46.1,SYNTHETIC
Cedar Ridge Office,EARLY,2026-06-22,17.2,48.4,SYNTHETIC
Cedar Ridge Office,EARLY,2026-06-23,17.7,51.8,SYNTHETIC
Cedar Ridge Office,EARLY,2026-06-24,0.0,53.1,SYNTHETIC
Cedar Ridge Office,EARLY,2026-06-25,19.9,44.2,SYNTHETIC
Cedar Ridge Office,EARLY,2026-06-26,9.8,45.9,SYNTHETIC
Cedar Ridge Office,EARLY,2026-06-27,15.1,53.4,SYNTHETIC
Cedar Ridge Office,EARLY,2026-06-28,9.3,52.9,SYNTHETIC
Cedar Ridge Office,EARLY,2026-06-29,15.6,49.5,SYNTHETIC
Cedar Ridge Office,EARLY,2026-06-30,11.5,49.5,SYNTHETIC
Cedar Ridge Office,EARLY,2026-07-01,14.1,49.5,SYNTHETIC
Cedar Ridge Office,EARLY,2026-07-02,7.6,52.9,SYNTHETIC
Cedar Ridge Office,EARLY,2026-07-03,7.9,53.1,SYNTHETIC
Cedar Ridge Office,EARLY,2026-07-04,1.9,49.5,SYNTHETIC
Cedar Ridge Office,EARLY,2026-07-05,10.5,52.5,SYNTHETIC
Cedar Ridge Office,EARLY,2026-07-06,8.4,51.2,SYNTHETIC
Cedar Ridge Office,EARLY,2026-07-07,14.9,51.5,SYNTHETIC
Cedar Ridge Office,EARLY,2026-07-08,22.0,45.4,SYNTHETIC
Cedar Ridge Office,EARLY,2026-07-09,1.5,51.5,SYNTHETIC
Cedar Ridge Office,EARLY,2026-07-10,13.2,44.1,SYNTHETIC
Cedar Ridge Office,EARLY,2026-07-11,0.8,54.8,SYNTHETIC
Cedar Ridge Office,EARLY,2026-07-12,5.9,48.4,SYNTHETIC
Cedar Ridge Office,EARLY,2026-07-13,19.0,46.4,SYNTHETIC
Cedar Ridge Office,EARLY,2026-07-14,14.9,48.0,SYNTHETIC
Cedar Ridge Office,EARLY,2026-07-15,16.5,48.5,SYNTHETIC
Cedar Ridge Office,EARLY,2026-07-16,8.6,50.9,SYNTHETIC
Cedar Ridge Office,EARLY,2026-07-17,8.3,43.5,SYNTHETIC
Cedar Ridge Office,EARLY,2026-07-18,14.1,48.5,SYNTHETIC
Cedar Ridge Office,EARLY,2026-07-19,11.2,46.8,SYNTHETIC
Cedar Ridge Office,EARLY,2026-07-20,1.1,56.7,SYNTHETIC
Cedar Ridge Office,EARLY,2026-07-21,16.8,52.9,SYNTHETIC
Cedar Ridge Office,EARLY,2026-07-22,21.1,43.1,SYNTHETIC
Cedar Ridge Office,EARLY,2026-07-23,10.0,49.9,SYNTHETIC
Cedar Ridge Office,EARLY,2026-07-24,23.0,51.0,SYNTHETIC
Cedar Ridge Office,EARLY,2026-07-25,13.4,45.3,SYNTHETIC
Cedar Ridge Office,EARLY,2026-07-26,12.7,47.2,SYNTHETIC
Cedar Ridge Office,EARLY,2026-07-27,15.3,54.6,SYNTHETIC
Cedar Ridge Office,EARLY,2026-07-28,3.6,56.1,SYNTHETIC
Cedar Ridge Office,EARLY,2026-07-29,9.6,47.9,SYNTHETIC
Cedar Ridge Office,EARLY,2026-07-30,20.5,47.8,SYNTHETIC
Cedar Ridge Office,EARLY,2026-07-31,13.2,49.7,SYNTHETIC
Cedar Ridge Office,EVENING,2026-05-01,4.4,51.9,SYNTHETIC
Cedar Ridge Office,EVENING,2026-05-02,18.1,46.4,SYNTHETIC
Cedar Ridge Office,EVENING,2026-05-03,0.6,57.9,SYNTHETIC
Cedar Ridge Office,EVENING,2026-05-04,10.3,53.6,SYNTHETIC
Cedar Ridge Office,EVENING,2026-05-05,5.1,52.4,SYNTHETIC
Cedar Ridge Office,EVENING,2026-05-06,17.0,44.1,SYNTHETIC
Cedar Ridge Office,EVENING,2026-05-07,3.8,49.9,SYNTHETIC
Cedar Ridge Office,EVENING,2026-05-08,0.0,57.6,SYNTHETIC
Cedar Ridge Office,EVENING,2026-05-09,13.6,51.0,SYNTHETIC
Cedar Ridge Office,EVENING,2026-05-10,13.2,49.9,SYNTHETIC
Cedar Ridge Office,EVENING,2026-05-11,17.3,45.4,SYNTHETIC
Cedar Ridge Office,EVENING,2026-05-12,18.6,47.0,SYNTHETIC
Cedar Ridge Office,EVENING,2026-05-13,12.1,50.9,SYNTHETIC
Cedar Ridge Office,EVENING,2026-05-14,7.3,51.1,SYNTHETIC
Cedar Ridge Office,EVENING,2026-05-15,7.4,54.7,SYNTHETIC
Cedar Ridge Office,EVENING,2026-05-16,7.4,53.7,SYNTHETIC
Cedar Ridge Office,EVENING,2026-05-17,15.9,48.4,SYNTHETIC
Cedar Ridge Office,EVENING,2026-05-18,7.8,51.2,SYNTHETIC
Cedar Ridge Office,EVENING,2026-05-19,11.3,51.2,SYNTHETIC
Cedar Ridge Office,EVENING,2026-05-20,15.8,48.2,SYNTHETIC
Cedar Ridge Office,EVENING,2026-05-21,18.6,41.2,SYNTHETIC
Cedar Ridge Office,EVENING,2026-05-22,8.4,54.1,SYNTHETIC
Cedar Ridge Office,EVENING,2026-05-23,8.1,53.1,SYNTHETIC
Cedar Ridge Office,EVENING,2026-05-24,20.1,45.0,SYNTHETIC
Cedar Ridge Office,EVENING,2026-05-25,17.7,54.1,SYNTHETIC
Cedar Ridge Office,EVENING,2026-05-26,0.0,51.1,SYNTHETIC
Cedar Ridge Office,EVENING,2026-05-27,13.3,50.0,SYNTHETIC
Cedar Ridge Office,EVENING,2026-05-28,11.0,47.0,SYNTHETIC
Cedar Ridge Office,EVENING,2026-05-29,16.9,46.6,SYNTHETIC
Cedar Ridge Office,EVENING,2026-05-30,22.9,49.0,SYNTHETIC
Cedar Ridge Office,EVENING,2026-05-31,17.4,46.9,SYNTHETIC
Cedar Ridge Office,EVENING,2026-06-01,8.8,53.2,SYNTHETIC
Cedar Ridge Office,EVENING,2026-06-02,17.7,46.8,SYNTHETIC
Cedar Ridge Office,EVENING,2026-06-03,7.0,50.6,SYNTHETIC
Cedar Ridge Office,EVENING,2026-06-04,17.9,45.2,SYNTHETIC
Cedar Ridge Office,EVENING,2026-06-05,12.8,46.9,SYNTHETIC
Cedar Ridge Office,EVENING,2026-06-06,20.6,49.5,SYNTHETIC
Cedar Ridge Office,EVENING,2026-06-07,18.9,50.8,SYNTHETIC
Cedar Ridge Office,EVENING,2026-06-08,9.4,49.3,SYNTHETIC
Cedar Ridge Office,EVENING,2026-06-09,47.8,34.1,SYNTHETIC
Cedar Ridge Office,EVENING,2026-06-10,21.8,42.3,SYNTHETIC
Cedar Ridge Office,EVENING,2026-06-11,11.3,46.4,SYNTHETIC
Cedar Ridge Office,EVENING,2026-06-12,12.2,46.6,SYNTHETIC
Cedar Ridge Office,EVENING,2026-06-13,11.9,51.1,SYNTHETIC
Cedar Ridge Office,EVENING,2026-06-14,0.0,51.1,SYNTHETIC
Cedar Ridge Office,EVENING,2026-06-15,14.0,52.8,SYNTHETIC
Cedar Ridge Office,EVENING,2026-06-16,3.5,56.8,SYNTHETIC
Cedar Ridge Office,EVENING,2026-06-17,2.9,53.3,SYNTHETIC
Cedar Ridge Office,EVENING,2026-06-18,16.3,46.0,SYNTHETIC
Cedar Ridge Office,EVENING,2026-06-19,19.5,49.2,SYNTHETIC
Cedar Ridge Office,EVENING,2026-06-20,12.9,41.6,SYNTHETIC
Cedar Ridge Office,EVENING,2026-06-21,13.8,49.8,SYNTHETIC
Cedar Ridge Office,EVENING,2026-06-22,14.7,49.9,SYNTHETIC
Cedar Ridge Office,EVENING,2026-06-23,22.2,46.7,SYNTHETIC
Cedar Ridge Office,EVENING,2026-06-24,16.7,46.8,SYNTHETIC
Cedar Ridge Office,EVENING,2026-06-25,14.4,47.7,SYNTHETIC
Cedar Ridge Office,EVENING,2026-06-26,3.8,59.6,SYNTHETIC
Cedar Ridge Office,EVENING,2026-06-27,17.1,49.9,SYNTHETIC
Cedar Ridge Office,EVENING,2026-06-28,22.5,44.7,SYNTHETIC
Cedar Ridge Office,EVENING,2026-06-29,17.9,51.9,SYNTHETIC
Cedar Ridge Office,EVENING,2026-06-30,16.7,49.9,SYNTHETIC
Cedar Ridge Office,EVENING,2026-07-01,7.4,49.4,SYNTHETIC
Cedar Ridge Office,EVENING,2026-07-02,18.2,46.4,SYNTHETIC
Cedar Ridge Office,EVENING,2026-07-03,9.0,55.3,SYNTHETIC
Cedar Ridge Office,EVENING,2026-07-04,19.4,46.1,SYNTHETIC
Cedar Ridge Office,EVENING,2026-07-05,14.2,46.2,SYNTHETIC
Cedar Ridge Office,EVENING,2026-07-06,13.0,53.3,SYNTHETIC
Cedar Ridge Office,EVENING,2026-07-07,15.3,49.1,SYNTHETIC
Cedar Ridge Office,EVENING,2026-07-08,15.0,50.8,SYNTHETIC
Cedar Ridge Office,EVENING,2026-07-09,14.3,55.9,SYNTHETIC
Cedar Ridge Office,EVENING,2026-07-10,14.6,53.4,SYNTHETIC
Cedar Ridge Office,EVENING,2026-07-11,11.5,47.9,SYNTHETIC
Cedar Ridge Office,EVENING,2026-07-12,15.4,49.2,SYNTHETIC
Cedar Ridge Office,EVENING,2026-07-13,16.7,48.2,SYNTHETIC
Cedar Ridge Office,EVENING,2026-07-14,10.1,54.6,SYNTHETIC
Cedar Ridge Office,EVENING,2026-07-15,14.0,46.6,SYNTHETIC
Cedar Ridge Office,EVENING,2026-07-16,11.0,45.6,SYNTHETIC
Cedar Ridge Office,EVENING,2026-07-17,5.5,53.6,SYNTHETIC
Cedar Ridge Office,EVENING,2026-07-18,9.4,50.2,SYNTHETIC
Cedar Ridge Office,EVENING,2026-07-19,15.3,51.2,SYNTHETIC
Cedar Ridge Office,EVENING,2026-07-20,0.0,51.3,SYNTHETIC
Cedar Ridge Office,EVENING,2026-07-21,9.0,51.6,SYNTHETIC
Cedar Ridge Office,EVENING,2026-07-22,16.5,45.8,SYNTHETIC
Cedar Ridge Office,EVENING,2026-07-23,15.0,49.7,SYNTHETIC
Cedar Ridge Office,EVENING,2026-07-24,7.9,51.7,SYNTHETIC
Cedar Ridge Office,EVENING,2026-07-25,24.8,47.2,SYNTHETIC
Cedar Ridge Office,EVENING,2026-07-26,24.6,44.9,SYNTHETIC
Cedar Ridge Office,EVENING,2026-07-27,8.8,46.7,SYNTHETIC
Cedar Ridge Office,EVENING,2026-07-28,7.2,50.8,SYNTHETIC
Cedar Ridge Office,EVENING,2026-07-29,10.8,55.5,SYNTHETIC
Cedar Ridge Office,EVENING,2026-07-30,7.0,50.9,SYNTHETIC
Cedar Ridge Office,EVENING,2026-07-31,2.2,52.8,SYNTHETIC
Cedar Ridge Office,NIGHT,2026-05-01,11.0,54.1,SYNTHETIC
Cedar Ridge Office,NIGHT,2026-05-02,14.4,50.8,SYNTHETIC
Cedar Ridge Office,NIGHT,2026-05-03,8.8,56.7,SYNTHETIC
Cedar Ridge Office,NIGHT,2026-05-04,9.5,46.0,SYNTHETIC
Cedar Ridge Office,NIGHT,2026-05-05,4.3,56.5,SYNTHETIC
Cedar Ridge Office,NIGHT,2026-05-06,17.2,48.6,SYNTHETIC
Cedar Ridge Office,NIGHT,2026-05-07,14.9,45.7,SYNTHETIC
Cedar Ridge Office,NIGHT,2026-05-08,13.5,47.4,SYNTHETIC
Cedar Ridge Office,NIGHT,2026-05-09,17.6,43.3,SYNTHETIC
Cedar Ridge Office,NIGHT,2026-05-10,13.2,49.4,SYNTHETIC
Cedar Ridge Office,NIGHT,2026-05-11,4.9,52.4,SYNTHETIC
Cedar Ridge Office,NIGHT,2026-05-12,6.7,52.8,SYNTHETIC
Cedar Ridge Office,NIGHT,2026-05-13,11.2,50.0,SYNTHETIC
Cedar Ridge Office,NIGHT,2026-05-14,7.5,50.7,SYNTHETIC
Cedar Ridge Office,NIGHT,2026-05-15,5.3,48.0,SYNTHETIC
Cedar Ridge Office,NIGHT,2026-05-16,9.8,52.6,SYNTHETIC
Cedar Ridge Office,NIGHT,2026-05-17,18.5,49.3,SYNTHETIC
Cedar Ridge Office,NIGHT,2026-05-18,16.8,48.2,SYNTHETIC
Cedar Ridge Office,NIGHT,2026-05-19,8.3,53.0,SYNTHETIC
Cedar Ridge Office,NIGHT,2026-05-20,1.1,52.6,SYNTHETIC
Cedar Ridge Office,NIGHT,2026-05-21,11.3,48.8,SYNTHETIC
Cedar Ridge Office,NIGHT,2026-05-22,5.5,54.7,SYNTHETIC
Cedar Ridge Office,NIGHT,2026-05-23,15.7,47.5,SYNTHETIC
Cedar Ridge Office,NIGHT,2026-05-24,11.0,52.6,SYNTHETIC
Cedar Ridge Office,NIGHT,2026-05-25,17.2,47.6,SYNTHETIC
Cedar Ridge Office,NIGHT,2026-05-26,9.8,51.7,SYNTHETIC
Cedar Ridge Office,NIGHT,2026-05-27,10.4,49.7,SYNTHETIC
Cedar Ridge Office,NIGHT,2026-05-28,22.4,44.9,SYNTHETIC
Cedar Ridge Office,NIGHT,2026-05-29,21.7,44.0,SYNTHETIC
Cedar Ridge Office,NIGHT,2026-05-30,11.3,53.0,SYNTHETIC
Cedar Ridge Office,NIGHT,2026-05-31,13.8,45.0,SYNTHETIC
Cedar Ridge Office,NIGHT,2026-06-01,8.8,49.6,SYNTHETIC
Cedar Ridge Office,NIGHT,2026-06-02,12.4,55.4,SYNTHETIC
Cedar Ridge Office,NIGHT,2026-06-03,20.3,48.8,SYNTHETIC
Cedar Ridge Office,NIGHT,2026-06-04,11.6,50.6,SYNTHETIC
Cedar Ridge Office,NIGHT,2026-06-05,6.6,56.8,SYNTHETIC
Cedar Ridge Office,NIGHT,2026-06-06,15.8,46.8,SYNTHETIC
Cedar Ridge Office,NIGHT,2026-06-07,11.3,45.6,SYNTHETIC
Cedar Ridge Office,NIGHT,2026-06-08,19.3,45.0,SYNTHETIC
Cedar Ridge Office,NIGHT,2026-06-09,11.6,51.0,SYNTHETIC
Cedar Ridge Office,NIGHT,2026-06-10,4.8,49.8,SYNTHETIC
Cedar Ridge Office,NIGHT,2026-06-11,4.3,49.3,SYNTHETIC
Cedar Ridge Office,NIGHT,2026-06-12,10.3,55.0,SYNTHETIC
Cedar Ridge Office,NIGHT,2026-06-13,9.6,52.6,SYNTHETIC
Cedar Ridge Office,NIGHT,2026-06-14,10.0,52.5,SYNTHETIC
Cedar Ridge Office,NIGHT,2026-06-15,0.5,51.3,SYNTHETIC
Cedar Ridge Office,NIGHT,2026-06-16,14.7,43.3,SYNTHETIC
Cedar Ridge Office,NIGHT,2026-06-17,0.0,54.4,SYNTHETIC
Cedar Ridge Office,NIGHT,2026-06-18,10.3,52.6,SYNTHETIC
Cedar Ridge Office,NIGHT,2026-06-19,19.9,43.2,SYNTHETIC
Cedar Ridge Office,NIGHT,2026-06-20,5.6,51.8,SYNTHETIC
Cedar Ridge Office,NIGHT,2026-06-21,2.1,57.4,SYNTHETIC
Cedar Ridge Office,NIGHT,2026-06-22,14.7,44.6,SYNTHETIC
Cedar Ridge Office,NIGHT,2026-06-23,22.1,47.9,SYNTHETIC
Cedar Ridge Office,NIGHT,2026-06-24,22.7,43.3,SYNTHETIC
Cedar Ridge Office,NIGHT,2026-06-25,10.7,50.7,SYNTHETIC
Cedar Ridge Office,NIGHT,2026-06-26,11.7,46.6,SYNTHETIC
Cedar Ridge Office,NIGHT,2026-06-27,14.3,50.4,SYNTHETIC
Cedar Ridge Office,NIGHT,2026-06-28,19.1,54.0,SYNTHETIC
Cedar Ridge Office,NIGHT,2026-06-29,6.7,47.6,SYNTHETIC
Cedar Ridge Office,NIGHT,2026-06-30,7.4,49.0,SYNTHETIC
Cedar Ridge Office,NIGHT,2026-07-01,10.9,49.5,SYNTHETIC
Cedar Ridge Office,NIGHT,2026-07-02,8.3,53.0,SYNTHETIC
Cedar Ridge Office,NIGHT,2026-07-03,4.7,51.6,SYNTHETIC
Cedar Ridge Office,NIGHT,2026-07-04,12.6,53.5,SYNTHETIC
Cedar Ridge Office,NIGHT,2026-07-05,5.1,50.9,SYNTHETIC
Cedar Ridge Office,NIGHT,2026-07-06,11.0,48.3,SYNTHETIC
Cedar Ridge Office,NIGHT,2026-07-07,8.5,50.9,SYNTHETIC
Cedar Ridge Office,NIGHT,2026-07-08,10.3,55.5,SYNTHETIC
Cedar Ridge Office,NIGHT,2026-07-09,0.0,53.7,SYNTHETIC
Cedar Ridge Office,NIGHT,2026-07-10,17.6,53.5,SYNTHETIC
Cedar Ridge Office,NIGHT,2026-07-11,12.0,58.2,SYNTHETIC
Cedar Ridge Office,NIGHT,2026-07-12,15.9,52.3,SYNTHETIC
Cedar Ridge Office,NIGHT,2026-07-13,13.7,53.8,SYNTHETIC
Cedar Ridge Office,NIGHT,2026-07-14,13.6,52.6,SYNTHETIC
Cedar Ridge Office,NIGHT,2026-07-15,14.9,52.4,SYNTHETIC
Cedar Ridge Office,NIGHT,2026-07-16,10.8,48.1,SYNTHETIC
Cedar Ridge Office,NIGHT,2026-07-17,4.6,61.4,SYNTHETIC
Cedar Ridge Office,NIGHT,2026-07-18,17.3,51.0,SYNTHETIC
Cedar Ridge Office,NIGHT,2026-07-19,15.4,52.6,SYNTHETIC
Cedar Ridge Office,NIGHT,2026-07-20,5.3,53.3,SYNTHETIC
Cedar Ridge Office,NIGHT,2026-07-21,9.6,48.2,SYNTHETIC
Cedar Ridge Office,NIGHT,2026-07-22,23.7,46.7,SYNTHETIC
Cedar Ridge Office,NIGHT,2026-07-23,23.6,46.5,SYNTHETIC
Cedar Ridge Office,NIGHT,2026-07-24,11.2,47.3,SYNTHETIC
Cedar Ridge Office,NIGHT,2026-07-25,10.3,50.7,SYNTHETIC
Cedar Ridge Office,NIGHT,2026-07-26,5.4,54.9,SYNTHETIC
Cedar Ridge Office,NIGHT,2026-07-27,14.4,45.5,SYNTHETIC
Cedar Ridge Office,NIGHT,2026-07-28,15.4,50.8,SYNTHETIC
Cedar Ridge Office,NIGHT,2026-07-29,10.9,49.5,SYNTHETIC
Cedar Ridge Office,NIGHT,2026-07-30,15.6,50.0,SYNTHETIC
Cedar Ridge Office,NIGHT,2026-07-31,0.0,52.9,SYNTHETIC
Clearwater Campus,DAY,2026-05-04,5.4,53.6,SYNTHETIC
Clearwater Campus,DAY,2026-05-05,14.0,51.6,SYNTHETIC
Clearwater Campus,DAY,2026-05-06,0.0,54.3,SYNTHETIC
Clearwater Campus,DAY,2026-05-07,13.6,49.1,SYNTHETIC
Clearwater Campus,DAY,2026-05-08,5.8,53.7,SYNTHETIC
Clearwater Campus,DAY,2026-05-11,26.0,48.0,SYNTHETIC
Clearwater Campus,DAY,2026-05-12,6.5,50.3,SYNTHETIC
Clearwater Campus,DAY,2026-05-13,19.3,47.4,SYNTHETIC
Clearwater Campus,DAY,2026-05-14,11.9,49.9,SYNTHETIC
Clearwater Campus,DAY,2026-05-15,10.1,51.3,SYNTHETIC
Clearwater Campus,DAY,2026-05-18,6.2,48.8,SYNTHETIC
Clearwater Campus,DAY,2026-05-19,18.9,40.2,SYNTHETIC
Clearwater Campus,DAY,2026-05-20,7.0,53.5,SYNTHETIC
Clearwater Campus,DAY,2026-05-21,6.4,56.7,SYNTHETIC
Clearwater Campus,DAY,2026-05-22,17.7,47.6,SYNTHETIC
Clearwater Campus,DAY,2026-05-25,20.0,48.8,SYNTHETIC
Clearwater Campus,DAY,2026-05-26,16.2,50.2,SYNTHETIC
Clearwater Campus,DAY,2026-05-27,16.3,45.8,SYNTHETIC
Clearwater Campus,DAY,2026-05-28,17.4,46.8,SYNTHETIC
Clearwater Campus,DAY,2026-05-29,9.6,53.6,SYNTHETIC
Clearwater Campus,DAY,2026-06-01,18.1,40.0,SYNTHETIC
Clearwater Campus,DAY,2026-06-02,8.2,48.8,SYNTHETIC
Clearwater Campus,DAY,2026-06-03,17.0,53.1,SYNTHETIC
Clearwater Campus,DAY,2026-06-04,15.0,43.5,SYNTHETIC
Clearwater Campus,DAY,2026-06-05,12.9,47.7,SYNTHETIC
Clearwater Campus,DAY,2026-06-08,9.3,54.1,SYNTHETIC
Clearwater Campus,DAY,2026-06-09,12.6,53.2,SYNTHETIC
Clearwater Campus,DAY,2026-06-10,13.6,52.5,SYNTHETIC
Clearwater Campus,DAY,2026-06-11,9.4,45.8,SYNTHETIC
Clearwater Campus,DAY,2026-06-12,9.8,49.0,SYNTHETIC
Clearwater Campus,DAY,2026-06-15,15.6,48.5,SYNTHETIC
Clearwater Campus,DAY,2026-06-16,13.5,54.4,SYNTHETIC
Clearwater Campus,DAY,2026-06-17,9.8,48.5,SYNTHETIC
Clearwater Campus,DAY,2026-06-18,8.8,57.8,SYNTHETIC
Clearwater Campus,DAY,2026-06-19,14.0,48.3,SYNTHETIC
Clearwater Campus,DAY,2026-06-22,4.0,53.9,SYNTHETIC
Clearwater Campus,DAY,2026-06-23,8.2,48.9,SYNTHETIC
Clearwater Campus,DAY,2026-06-24,12.1,48.7,SYNTHETIC
Clearwater Campus,DAY,2026-06-25,17.7,49.7,SYNTHETIC
Clearwater Campus,DAY,2026-06-26,23.1,47.4,SYNTHETIC
Clearwater Campus,DAY,2026-06-29,11.7,48.8,SYNTHETIC
Clearwater Campus,DAY,2026-06-30,26.6,42.3,SYNTHETIC
Clearwater Campus,DAY,2026-07-01,17.3,47.4,SYNTHETIC
Clearwater Campus,DAY,2026-07-02,17.1,45.3,SYNTHETIC
Clearwater Campus,DAY,2026-07-03,15.2,43.9,SYNTHETIC
Clearwater Campus,DAY,2026-07-04,48.9,29.6,SYNTHETIC
Clearwater Campus,DAY,2026-07-06,12.0,52.5,SYNTHETIC
Clearwater Campus,DAY,2026-07-07,20.3,46.5,SYNTHETIC
Clearwater Campus,DAY,2026-07-08,17.4,51.4,SYNTHETIC
Clearwater Campus,DAY,2026-07-09,20.6,42.2,SYNTHETIC
Clearwater Campus,DAY,2026-07-10,22.9,46.0,SYNTHETIC
Clearwater Campus,DAY,2026-07-13,10.8,52.5,SYNTHETIC
Clearwater Campus,DAY,2026-07-14,25.8,43.6,SYNTHETIC
Clearwater Campus,DAY,2026-07-15,14.3,44.8,SYNTHETIC
Clearwater Campus,DAY,2026-07-16,9.5,52.8,SYNTHETIC
Clearwater Campus,DAY,2026-07-17,18.4,51.6,SYNTHETIC
Clearwater Campus,DAY,2026-07-20,12.5,52.1,SYNTHETIC
Clearwater Campus,DAY,2026-07-21,8.5,51.8,SYNTHETIC
Clearwater Campus,DAY,2026-07-22,11.0,52.5,SYNTHETIC
Clearwater Campus,DAY,2026-07-23,10.6,49.5,SYNTHETIC
Clearwater Campus,DAY,2026-07-24,2.7,56.0,SYNTHETIC
Clearwater Campus,DAY,2026-07-27,0.7,53.8,SYNTHETIC
Clearwater Campus,DAY,2026-07-28,18.0,49.8,SYNTHETIC
Clearwater Campus,DAY,2026-07-29,13.9,43.4,SYNTHETIC
Clearwater Campus,DAY,2026-07-30,4.9,54.2,SYNTHETIC
Clearwater Campus,DAY,2026-07-31,3.9,52.9,SYNTHETIC
Clearwater Campus,EARLY,2026-05-04,12.2,49.7,SYNTHETIC
Clearwater Campus,EARLY,2026-05-05,11.2,51.9,SYNTHETIC
Clearwater Campus,EARLY,2026-05-06,4.0,50.2,SYNTHETIC
Clearwater Campus,EARLY,2026-05-07,9.2,54.1,SYNTHETIC
Clearwater Campus,EARLY,2026-05-08,4.0,55.3,SYNTHETIC
Clearwater Campus,EARLY,2026-05-11,8.9,51.7,SYNTHETIC
Clearwater Campus,EARLY,2026-05-12,14.1,52.0,SYNTHETIC
Clearwater Campus,EARLY,2026-05-13,13.4,45.2,SYNTHETIC
Clearwater Campus,EARLY,2026-05-14,15.3,54.4,SYNTHETIC
Clearwater Campus,EARLY,2026-05-15,4.9,52.2,SYNTHETIC
Clearwater Campus,EARLY,2026-05-18,18.2,45.7,SYNTHETIC
Clearwater Campus,EARLY,2026-05-19,16.7,39.7,SYNTHETIC
Clearwater Campus,EARLY,2026-05-20,16.7,47.8,SYNTHETIC
Clearwater Campus,EARLY,2026-05-21,16.1,51.7,SYNTHETIC
Clearwater Campus,EARLY,2026-05-22,6.4,50.5,SYNTHETIC
Clearwater Campus,EARLY,2026-05-25,8.8,54.6,SYNTHETIC
Clearwater Campus,EARLY,2026-05-26,8.6,51.2,SYNTHETIC
Clearwater Campus,EARLY,2026-05-27,10.2,47.9,SYNTHETIC
Clearwater Campus,EARLY,2026-05-29,16.3,46.3,SYNTHETIC
Clearwater Campus,EARLY,2026-06-01,30.6,49.5,SYNTHETIC
Clearwater Campus,EARLY,2026-06-02,16.0,48.5,SYNTHETIC
Clearwater Campus,EARLY,2026-06-03,21.8,42.5,SYNTHETIC
Clearwater Campus,EARLY,2026-06-04,14.3,43.3,SYNTHETIC
Clearwater Campus,EARLY,2026-06-05,0.1,52.2,SYNTHETIC
Clearwater Campus,EARLY,2026-06-08,16.6,44.8,SYNTHETIC
Clearwater Campus,EARLY,2026-06-09,14.5,53.2,SYNTHETIC
Clearwater Campus,EARLY,2026-06-10,11.9,52.5,SYNTHETIC
Clearwater Campus,EARLY,2026-06-11,19.9,45.5,SYNTHETIC
Clearwater Campus,EARLY,2026-06-12,6.4,49.3,SYNTHETIC
Clearwater Campus,EARLY,2026-06-15,6.6,50.3,SYNTHETIC
Clearwater Campus,EARLY,2026-06-16,21.7,50.2,SYNTHETIC
Clearwater Campus,EARLY,2026-06-17,7.8,48.7,SYNTHETIC
Clearwater Campus,EARLY,2026-06-18,14.8,44.7,SYNTHETIC
Clearwater Campus,EARLY,2026-06-19,8.7,57.0,SYNTHETIC
Clearwater Campus,EARLY,2026-06-22,9.0,51.0,SYNTHETIC
Clearwater Campus,EARLY,2026-06-23,8.4,52.7,SYNTHETIC
Clearwater Campus,EARLY,2026-06-24,19.7,49.1,SYNTHETIC
Clearwater Campus,EARLY,2026-06-25,15.4,49.4,SYNTHETIC
Clearwater Campus,EARLY,2026-06-26,8.6,50.9,SYNTHETIC
Clearwater Campus,EARLY,2026-06-29,17.0,48.5,SYNTHETIC
Clearwater Campus,EARLY,2026-06-30,11.0,51.4,SYNTHETIC
Clearwater Campus,EARLY,2026-07-01,12.3,46.4,SYNTHETIC
Clearwater Campus,EARLY,2026-07-02,17.4,45.9,SYNTHETIC
Clearwater Campus,EARLY,2026-07-03,12.5,47.6,SYNTHETIC
Clearwater Campus,EARLY,2026-07-06,2.8,47.1,SYNTHETIC
Clearwater Campus,EARLY,2026-07-07,11.0,51.6,SYNTHETIC
Clearwater Campus,EARLY,2026-07-08,3.9,52.2,SYNTHETIC
Clearwater Campus,EARLY,2026-07-09,12.9,49.8,SYNTHETIC
Clearwater Campus,EARLY,2026-07-10,20.7,47.6,SYNTHETIC
Clearwater Campus,EARLY,2026-07-13,12.8,48.5,SYNTHETIC
Clearwater Campus,EARLY,2026-07-14,15.5,45.8,SYNTHETIC
Clearwater Campus,EARLY,2026-07-15,28.3,48.1,SYNTHETIC
Clearwater Campus,EARLY,2026-07-16,3.8,57.9,SYNTHETIC
Clearwater Campus,EARLY,2026-07-17,11.3,50.4,SYNTHETIC
Clearwater Campus,EARLY,2026-07-20,8.1,47.7,SYNTHETIC
Clearwater Campus,EARLY,2026-07-21,14.9,47.9,SYNTHETIC
Clearwater Campus,EARLY,2026-07-22,4.8,53.4,SYNTHETIC
Clearwater Campus,EARLY,2026-07-23,9.1,48.2,SYNTHETIC
Clearwater Campus,EARLY,2026-07-24,5.1,50.3,SYNTHETIC
Clearwater Campus,EARLY,2026-07-27,11.7,51.9,SYNTHETIC
Clearwater Campus,EARLY,2026-07-28,12.3,47.1,SYNTHETIC
Clearwater Campus,EARLY,2026-07-29,1.4,50.6,SYNTHETIC
Clearwater Campus,EARLY,2026-07-30,13.0,46.6,SYNTHETIC
Clearwater Campus,EARLY,2026-07-31,12.1,49.8,SYNTHETIC
Clearwater Campus,EVENING,2026-05-04,12.0,47.5,SYNTHETIC
Clearwater Campus,EVENING,2026-05-05,11.9,47.2,SYNTHETIC
Clearwater Campus,EVENING,2026-05-06,25.3,42.8,SYNTHETIC
Clearwater Campus,EVENING,2026-05-07,9.7,51.9,SYNTHETIC
Clearwater Campus,EVENING,2026-05-08,25.6,42.2,SYNTHETIC
Clearwater Campus,EVENING,2026-05-11,13.7,52.9,SYNTHETIC
Clearwater Campus,EVENING,2026-05-12,11.6,53.9,SYNTHETIC
Clearwater Campus,EVENING,2026-05-13,6.7,49.3,SYNTHETIC
Clearwater Campus,EVENING,2026-05-14,7.7,55.0,SYNTHETIC
Clearwater Campus,EVENING,2026-05-15,6.1,48.5,SYNTHETIC
Clearwater Campus,EVENING,2026-05-18,6.4,52.5,SYNTHETIC
Clearwater Campus,EVENING,2026-05-19,9.8,53.0,SYNTHETIC
Clearwater Campus,EVENING,2026-05-20,13.1,48.9,SYNTHETIC
Clearwater Campus,EVENING,2026-05-21,12.6,50.8,SYNTHETIC
Clearwater Campus,EVENING,2026-05-22,0.0,56.2,SYNTHETIC
Clearwater Campus,EVENING,2026-05-25,4.8,49.5,SYNTHETIC
Clearwater Campus,EVENING,2026-05-26,12.2,54.2,SYNTHETIC
Clearwater Campus,EVENING,2026-05-27,13.8,48.8,SYNTHETIC
Clearwater Campus,EVENING,2026-05-29,9.4,49.6,SYNTHETIC
Clearwater Campus,EVENING,2026-06-01,21.5,47.5,SYNTHETIC
Clearwater Campus,EVENING,2026-06-02,17.5,46.4,SYNTHETIC
Clearwater Campus,EVENING,2026-06-03,3.1,52.0,SYNTHETIC
Clearwater Campus,EVENING,2026-06-04,12.0,51.3,SYNTHETIC
Clearwater Campus,EVENING,2026-06-05,14.0,46.1,SYNTHETIC
Clearwater Campus,EVENING,2026-06-08,12.0,45.2,SYNTHETIC
Clearwater Campus,EVENING,2026-06-09,14.4,49.0,SYNTHETIC
Clearwater Campus,EVENING,2026-06-10,9.8,51.9,SYNTHETIC
Clearwater Campus,EVENING,2026-06-11,2.2,56.2,SYNTHETIC
Clearwater Campus,EVENING,2026-06-12,19.7,47.7,SYNTHETIC
Clearwater Campus,EVENING,2026-06-15,3.6,48.9,SYNTHETIC
Clearwater Campus,EVENING,2026-06-16,1.3,57.7,SYNTHETIC
Clearwater Campus,EVENING,2026-06-17,12.4,47.7,SYNTHETIC
Clearwater Campus,EVENING,2026-06-18,12.6,54.4,SYNTHETIC
Clearwater Campus,EVENING,2026-06-19,10.2,50.3,SYNTHETIC
Clearwater Campus,EVENING,2026-06-22,10.2,50.3,SYNTHETIC
Clearwater Campus,EVENING,2026-06-23,13.9,50.3,SYNTHETIC
Clearwater Campus,EVENING,2026-06-24,15.1,51.8,SYNTHETIC
Clearwater Campus,EVENING,2026-06-25,11.5,56.0,SYNTHETIC
Clearwater Campus,EVENING,2026-06-26,2.7,52.5,SYNTHETIC
Clearwater Campus,EVENING,2026-06-29,18.6,46.9,SYNTHETIC
Clearwater Campus,EVENING,2026-06-30,4.6,52.3,SYNTHETIC
Clearwater Campus,EVENING,2026-07-01,17.6,52.7,SYNTHETIC
Clearwater Campus,EVENING,2026-07-02,27.1,42.7,SYNTHETIC
Clearwater Campus,EVENING,2026-07-03,6.3,48.7,SYNTHETIC
Clearwater Campus,EVENING,2026-07-04,4.8,49.2,SYNTHETIC
Clearwater Campus,EVENING,2026-07-06,11.0,48.9,SYNTHETIC
Clearwater Campus,EVENING,2026-07-07,24.6,40.2,SYNTHETIC
Clearwater Campus,EVENING,2026-07-08,9.9,52.3,SYNTHETIC
Clearwater Campus,EVENING,2026-07-09,23.8,47.0,SYNTHETIC
Clearwater Campus,EVENING,2026-07-10,18.1,48.2,SYNTHETIC
Clearwater Campus,EVENING,2026-07-13,14.7,46.1,SYNTHETIC
Clearwater Campus,EVENING,2026-07-14,10.5,54.9,SYNTHETIC
Clearwater Campus,EVENING,2026-07-15,15.0,48.5,SYNTHETIC
Clearwater Campus,EVENING,2026-07-16,11.7,52.5,SYNTHETIC
Clearwater Campus,EVENING,2026-07-17,10.6,45.8,SYNTHETIC
Clearwater Campus,EVENING,2026-07-20,18.9,47.4,SYNTHETIC
Clearwater Campus,EVENING,2026-07-21,3.7,48.5,SYNTHETIC
Clearwater Campus,EVENING,2026-07-22,20.2,43.1,SYNTHETIC
Clearwater Campus,EVENING,2026-07-23,10.1,53.3,SYNTHETIC
Clearwater Campus,EVENING,2026-07-24,11.0,53.8,SYNTHETIC
Clearwater Campus,EVENING,2026-07-27,10.8,52.0,SYNTHETIC
Clearwater Campus,EVENING,2026-07-28,10.9,49.1,SYNTHETIC
Clearwater Campus,EVENING,2026-07-29,9.7,52.2,SYNTHETIC
Clearwater Campus,EVENING,2026-07-30,26.2,46.6,SYNTHETIC
Clearwater Campus,EVENING,2026-07-31,14.7,48.3,SYNTHETIC
Clearwater Campus,NIGHT,2026-05-02,12.5,53.3,SYNTHETIC
Clearwater Campus,NIGHT,2026-05-04,14.2,45.6,SYNTHETIC
Clearwater Campus,NIGHT,2026-05-05,12.6,45.2,SYNTHETIC
Clearwater Campus,NIGHT,2026-05-06,8.7,56.8,SYNTHETIC
Clearwater Campus,NIGHT,2026-05-07,19.8,48.7,SYNTHETIC
Clearwater Campus,NIGHT,2026-05-08,16.1,50.4,SYNTHETIC
Clearwater Campus,NIGHT,2026-05-09,12.9,52.0,SYNTHETIC
Clearwater Campus,NIGHT,2026-05-11,23.6,49.5,SYNTHETIC
Clearwater Campus,NIGHT,2026-05-12,18.6,46.8,SYNTHETIC
Clearwater Campus,NIGHT,2026-05-13,12.1,50.7,SYNTHETIC
Clearwater Campus,NIGHT,2026-05-14,8.9,53.3,SYNTHETIC
Clearwater Campus,NIGHT,2026-05-15,9.0,52.4,SYNTHETIC
Clearwater Campus,NIGHT,2026-05-16,7.9,55.2,SYNTHETIC
Clearwater Campus,NIGHT,2026-05-18,4.8,57.5,SYNTHETIC
Clearwater Campus,NIGHT,2026-05-19,8.4,50.1,SYNTHETIC
Clearwater Campus,NIGHT,2026-05-20,18.1,47.0,SYNTHETIC
Clearwater Campus,NIGHT,2026-05-21,11.8,52.8,SYNTHETIC
Clearwater Campus,NIGHT,2026-05-22,13.3,45.5,SYNTHETIC
Clearwater Campus,NIGHT,2026-05-23,8.0,47.0,SYNTHETIC
Clearwater Campus,NIGHT,2026-05-25,16.3,45.9,SYNTHETIC
Clearwater Campus,NIGHT,2026-05-26,5.1,46.5,SYNTHETIC
Clearwater Campus,NIGHT,2026-05-27,11.4,48.6,SYNTHETIC
Clearwater Campus,NIGHT,2026-05-29,7.3,50.4,SYNTHETIC
Clearwater Campus,NIGHT,2026-05-30,20.3,47.5,SYNTHETIC
Clearwater Campus,NIGHT,2026-06-01,2.2,55.7,SYNTHETIC
Clearwater Campus,NIGHT,2026-06-02,17.3,44.9,SYNTHETIC
Clearwater Campus,NIGHT,2026-06-03,19.7,46.1,SYNTHETIC
Clearwater Campus,NIGHT,2026-06-04,18.4,46.6,SYNTHETIC
Clearwater Campus,NIGHT,2026-06-05,9.3,47.3,SYNTHETIC
Clearwater Campus,NIGHT,2026-06-06,19.9,50.2,SYNTHETIC
Clearwater Campus,NIGHT,2026-06-08,24.2,45.4,SYNTHETIC
Clearwater Campus,NIGHT,2026-06-09,13.5,53.0,SYNTHETIC
Clearwater Campus,NIGHT,2026-06-10,12.8,51.6,SYNTHETIC
Clearwater Campus,NIGHT,2026-06-11,0.0,51.6,SYNTHETIC
Clearwater Campus,NIGHT,2026-06-12,16.4,42.3,SYNTHETIC
Clearwater Campus,NIGHT,2026-06-15,5.6,54.9,SYNTHETIC
Clearwater Campus,NIGHT,2026-06-16,21.0,45.3,SYNTHETIC
Clearwater Campus,NIGHT,2026-06-17,12.8,47.6,SYNTHETIC
Clearwater Campus,NIGHT,2026-06-18,10.6,50.4,SYNTHETIC
Clearwater Campus,NIGHT,2026-06-19,0.9,55.0,SYNTHETIC
Clearwater Campus,NIGHT,2026-06-22,11.6,48.7,SYNTHETIC
Clearwater Campus,NIGHT,2026-06-23,15.3,45.0,SYNTHETIC
Clearwater Campus,NIGHT,2026-06-24,8.1,48.8,SYNTHETIC
Clearwater Campus,NIGHT,2026-06-25,0.0,57.0,SYNTHETIC
Clearwater Campus,NIGHT,2026-06-26,11.6,53.3,SYNTHETIC
Clearwater Campus,NIGHT,2026-06-29,14.1,51.9,SYNTHETIC
Clearwater Campus,NIGHT,2026-06-30,9.2,52.6,SYNTHETIC
Clearwater Campus,NIGHT,2026-07-01,17.1,48.6,SYNTHETIC
Clearwater Campus,NIGHT,2026-07-02,17.9,46.9,SYNTHETIC
Clearwater Campus,NIGHT,2026-07-03,16.0,45.8,SYNTHETIC
Clearwater Campus,NIGHT,2026-07-06,0.0,57.1,SYNTHETIC
Clearwater Campus,NIGHT,2026-07-07,13.7,51.8,SYNTHETIC
Clearwater Campus,NIGHT,2026-07-08,17.8,49.9,SYNTHETIC
Clearwater Campus,NIGHT,2026-07-09,19.5,41.9,SYNTHETIC
Clearwater Campus,NIGHT,2026-07-10,10.5,50.5,SYNTHETIC
Clearwater Campus,NIGHT,2026-07-13,16.5,48.2,SYNTHETIC
Clearwater Campus,NIGHT,2026-07-14,11.7,50.8,SYNTHETIC
Clearwater Campus,NIGHT,2026-07-15,16.7,48.4,SYNTHETIC
Clearwater Campus,NIGHT,2026-07-16,6.5,54.6,SYNTHETIC
Clearwater Campus,NIGHT,2026-07-17,18.4,50.7,SYNTHETIC
Clearwater Campus,NIGHT,2026-07-20,12.4,52.2,SYNTHETIC
Clearwater Campus,NIGHT,2026-07-21,8.2,54.0,SYNTHETIC
Clearwater Campus,NIGHT,2026-07-22,18.8,39.2,SYNTHETIC
Clearwater Campus,NIGHT,2026-07-23,7.7,55.0,SYNTHETIC
Clearwater Campus,NIGHT,2026-07-24,5.8,51.2,SYNTHETIC
Clearwater Campus,NIGHT,2026-07-27,6.1,55.7,SYNTHETIC
Clearwater Campus,NIGHT,2026-07-28,0.0,60.8,SYNTHETIC
Clearwater Campus,NIGHT,2026-07-29,16.1,46.5,SYNTHETIC
Clearwater Campus,NIGHT,2026-07-30,13.2,47.5,SYNTHETIC
Clearwater Campus,NIGHT,2026-07-31,11.0,46.6,SYNTHETIC
Crestwood Campus,DAY,2026-05-04,12.4,54.1,SYNTHETIC
Crestwood Campus,DAY,2026-05-05,16.6,45.0,SYNTHETIC
Crestwood Campus,DAY,2026-05-06,13.0,53.6,SYNTHETIC
Crestwood Campus,DAY,2026-05-07,9.7,55.1,SYNTHETIC
Crestwood Campus,DAY,2026-05-08,13.9,52.0,SYNTHETIC
Crestwood Campus,DAY,2026-05-11,5.0,58.0,SYNTHETIC
Crestwood Campus,DAY,2026-05-12,10.7,55.0,SYNTHETIC
Crestwood Campus,DAY,2026-05-13,11.1,50.2,SYNTHETIC
Crestwood Campus,DAY,2026-05-14,15.9,46.2,SYNTHETIC
Crestwood Campus,DAY,2026-05-18,13.2,51.3,SYNTHETIC
Crestwood Campus,DAY,2026-05-19,10.6,53.1,SYNTHETIC
Crestwood Campus,DAY,2026-05-20,16.2,44.9,SYNTHETIC
Crestwood Campus,DAY,2026-05-21,8.3,50.2,SYNTHETIC
Crestwood Campus,DAY,2026-05-22,10.4,49.8,SYNTHETIC
Crestwood Campus,DAY,2026-05-25,16.1,44.2,SYNTHETIC
Crestwood Campus,DAY,2026-05-26,21.9,44.1,SYNTHETIC
Crestwood Campus,DAY,2026-05-27,24.1,41.1,SYNTHETIC
Crestwood Campus,DAY,2026-05-28,14.4,45.2,SYNTHETIC
Crestwood Campus,DAY,2026-06-02,14.3,45.4,SYNTHETIC
Crestwood Campus,DAY,2026-06-03,16.9,49.8,SYNTHETIC
Crestwood Campus,DAY,2026-06-04,14.5,48.5,SYNTHETIC
Crestwood Campus,DAY,2026-06-05,6.0,50.3,SYNTHETIC
Crestwood Campus,DAY,2026-06-06,4.5,60.6,SYNTHETIC
Crestwood Campus,DAY,2026-06-08,19.2,42.9,SYNTHETIC
Crestwood Campus,DAY,2026-06-09,15.4,48.0,SYNTHETIC
Crestwood Campus,DAY,2026-06-10,17.9,46.8,SYNTHETIC
Crestwood Campus,DAY,2026-06-11,11.5,47.1,SYNTHETIC
Crestwood Campus,DAY,2026-06-12,7.2,54.5,SYNTHETIC
Crestwood Campus,DAY,2026-06-15,8.7,50.6,SYNTHETIC
Crestwood Campus,DAY,2026-06-16,21.9,47.7,SYNTHETIC
Crestwood Campus,DAY,2026-06-17,5.0,54.5,SYNTHETIC
Crestwood Campus,DAY,2026-06-18,4.7,51.1,SYNTHETIC
Crestwood Campus,DAY,2026-06-19,16.2,56.1,SYNTHETIC
Crestwood Campus,DAY,2026-06-22,18.3,46.7,SYNTHETIC
Crestwood Campus,DAY,2026-06-23,17.2,49.9,SYNTHETIC
Crestwood Campus,DAY,2026-06-24,21.2,55.1,SYNTHETIC
Crestwood Campus,DAY,2026-06-25,7.4,55.3,SYNTHETIC
Crestwood Campus,DAY,2026-06-26,5.3,56.0,SYNTHETIC
Crestwood Campus,DAY,2026-06-29,2.4,53.2,SYNTHETIC
Crestwood Campus,DAY,2026-06-30,19.2,46.5,SYNTHETIC
Crestwood Campus,DAY,2026-07-01,5.7,54.6,SYNTHETIC
Crestwood Campus,DAY,2026-07-02,8.7,51.5,SYNTHETIC
Crestwood Campus,DAY,2026-07-03,8.3,45.4,SYNTHETIC
Crestwood Campus,DAY,2026-07-06,11.9,49.4,SYNTHETIC
Crestwood Campus,DAY,2026-07-07,9.6,57.9,SYNTHETIC
Crestwood Campus,DAY,2026-07-08,22.8,49.4,SYNTHETIC
Crestwood Campus,DAY,2026-07-09,14.4,50.8,SYNTHETIC
Crestwood Campus,DAY,2026-07-10,10.0,51.8,SYNTHETIC
Crestwood Campus,DAY,2026-07-13,14.5,45.2,SYNTHETIC
Crestwood Campus,DAY,2026-07-14,8.4,50.2,SYNTHETIC
Crestwood Campus,DAY,2026-07-15,20.9,45.8,SYNTHETIC
Crestwood Campus,DAY,2026-07-16,7.6,49.9,SYNTHETIC
Crestwood Campus,DAY,2026-07-17,12.4,45.1,SYNTHETIC
Crestwood Campus,DAY,2026-07-20,18.6,41.1,SYNTHETIC
Crestwood Campus,DAY,2026-07-21,13.6,45.7,SYNTHETIC
Crestwood Campus,DAY,2026-07-22,22.5,48.0,SYNTHETIC
Crestwood Campus,DAY,2026-07-23,20.5,45.9,SYNTHETIC
Crestwood Campus,DAY,2026-07-24,18.5,47.6,SYNTHETIC
Crestwood Campus,DAY,2026-07-27,9.0,54.0,SYNTHETIC
Crestwood Campus,DAY,2026-07-28,6.0,53.2,SYNTHETIC
Crestwood Campus,DAY,2026-07-29,16.8,48.2,SYNTHETIC
Crestwood Campus,DAY,2026-07-30,8.7,55.4,SYNTHETIC
Crestwood Campus,DAY,2026-07-31,18.6,43.1,SYNTHETIC
Crestwood Campus,EARLY,2026-05-01,18.5,43.6,SYNTHETIC
Crestwood Campus,EARLY,2026-05-04,10.6,49.3,SYNTHETIC
Crestwood Campus,EARLY,2026-05-05,20.8,44.5,SYNTHETIC
Crestwood Campus,EARLY,2026-05-06,12.0,52.3,SYNTHETIC
Crestwood Campus,EARLY,2026-05-07,13.9,46.3,SYNTHETIC
Crestwood Campus,EARLY,2026-05-08,12.2,52.7,SYNTHETIC
Crestwood Campus,EARLY,2026-05-11,10.4,55.2,SYNTHETIC
Crestwood Campus,EARLY,2026-05-12,11.4,50.0,SYNTHETIC
Crestwood Campus,EARLY,2026-05-13,21.1,44.9,SYNTHETIC
Crestwood Campus,EARLY,2026-05-14,10.1,50.5,SYNTHETIC
Crestwood Campus,EARLY,2026-05-15,13.4,51.5,SYNTHETIC
Crestwood Campus,EARLY,2026-05-18,10.1,49.3,SYNTHETIC
Crestwood Campus,EARLY,2026-05-19,18.2,49.0,SYNTHETIC
Crestwood Campus,EARLY,2026-05-20,0.0,56.8,SYNTHETIC
Crestwood Campus,EARLY,2026-05-21,18.9,40.9,SYNTHETIC
Crestwood Campus,EARLY,2026-05-22,8.7,51.4,SYNTHETIC
Crestwood Campus,EARLY,2026-05-25,18.5,45.8,SYNTHETIC
Crestwood Campus,EARLY,2026-05-26,17.5,50.4,SYNTHETIC
Crestwood Campus,EARLY,2026-05-27,8.2,48.2,SYNTHETIC
Crestwood Campus,EARLY,2026-05-28,12.0,53.4,SYNTHETIC
Crestwood Campus,EARLY,2026-05-29,10.4,55.5,SYNTHETIC
Crestwood Campus,EARLY,2026-06-01,15.2,47.6,SYNTHETIC
Crestwood Campus,EARLY,2026-06-02,21.7,43.7,SYNTHETIC
Crestwood Campus,EARLY,2026-06-03,10.2,47.2,SYNTHETIC
Crestwood Campus,EARLY,2026-06-04,25.7,35.9,SYNTHETIC
Crestwood Campus,EARLY,2026-06-05,2.2,53.6,SYNTHETIC
Crestwood Campus,EARLY,2026-06-06,16.5,44.0,SYNTHETIC
Crestwood Campus,EARLY,2026-06-08,8.6,55.2,SYNTHETIC
Crestwood Campus,EARLY,2026-06-09,13.7,47.7,SYNTHETIC
Crestwood Campus,EARLY,2026-06-10,9.0,51.5,SYNTHETIC
Crestwood Campus,EARLY,2026-06-11,8.7,54.4,SYNTHETIC
Crestwood Campus,EARLY,2026-06-12,20.3,47.6,SYNTHETIC
Crestwood Campus,EARLY,2026-06-13,7.0,52.7,SYNTHETIC
Crestwood Campus,EARLY,2026-06-15,8.6,53.9,SYNTHETIC
Crestwood Campus,EARLY,2026-06-16,12.7,53.0,SYNTHETIC
Crestwood Campus,EARLY,2026-06-17,24.6,40.9,SYNTHETIC
Crestwood Campus,EARLY,2026-06-18,1.5,52.9,SYNTHETIC
Crestwood Campus,EARLY,2026-06-19,2.3,51.5,SYNTHETIC
Crestwood Campus,EARLY,2026-06-20,6.1,57.4,SYNTHETIC
Crestwood Campus,EARLY,2026-06-22,15.2,53.5,SYNTHETIC
Crestwood Campus,EARLY,2026-06-23,15.9,49.2,SYNTHETIC
Crestwood Campus,EARLY,2026-06-24,17.4,47.6,SYNTHETIC
Crestwood Campus,EARLY,2026-06-25,10.1,47.8,SYNTHETIC
Crestwood Campus,EARLY,2026-06-26,12.0,49.0,SYNTHETIC
Crestwood Campus,EARLY,2026-06-27,11.8,55.2,SYNTHETIC
Crestwood Campus,EARLY,2026-06-29,24.7,47.7,SYNTHETIC
Crestwood Campus,EARLY,2026-06-30,5.7,55.5,SYNTHETIC
Crestwood Campus,EARLY,2026-07-01,13.4,47.6,SYNTHETIC
Crestwood Campus,EARLY,2026-07-02,17.7,47.4,SYNTHETIC
Crestwood Campus,EARLY,2026-07-03,17.1,44.7,SYNTHETIC
Crestwood Campus,EARLY,2026-07-04,10.6,53.6,SYNTHETIC
Crestwood Campus,EARLY,2026-07-06,5.9,52.9,SYNTHETIC
Crestwood Campus,EARLY,2026-07-07,14.7,46.4,SYNTHETIC
Crestwood Campus,EARLY,2026-07-08,1.2,58.1,SYNTHETIC
Crestwood Campus,EARLY,2026-07-09,17.1,46.0,SYNTHETIC
Crestwood Campus,EARLY,2026-07-10,16.5,43.9,SYNTHETIC
Crestwood Campus,EARLY,2026-07-11,19.5,47.3,SYNTHETIC
Crestwood Campus,EARLY,2026-07-13,11.5,52.4,SYNTHETIC
Crestwood Campus,EARLY,2026-07-14,14.5,41.4,SYNTHETIC
Crestwood Campus,EARLY,2026-07-15,8.7,50.6,SYNTHETIC
Crestwood Campus,EARLY,2026-07-16,2.5,56.5,SYNTHETIC
Crestwood Campus,EARLY,2026-07-17,0.9,59.8,SYNTHETIC
Crestwood Campus,EARLY,2026-07-18,18.8,49.1,SYNTHETIC
Crestwood Campus,EARLY,2026-07-20,5.8,53.9,SYNTHETIC
Crestwood Campus,EARLY,2026-07-21,10.8,50.7,SYNTHETIC
Crestwood Campus,EARLY,2026-07-22,8.2,51.8,SYNTHETIC
Crestwood Campus,EARLY,2026-07-23,0.0,58.5,SYNTHETIC
Crestwood Campus,EARLY,2026-07-24,11.3,55.0,SYNTHETIC
Crestwood Campus,EARLY,2026-07-25,10.2,54.3,SYNTHETIC
Crestwood Campus,EARLY,2026-07-27,18.5,43.7,SYNTHETIC
Crestwood Campus,EARLY,2026-07-28,20.6,47.1,SYNTHETIC
Crestwood Campus,EARLY,2026-07-29,9.0,53.7,SYNTHETIC
Crestwood Campus,EARLY,2026-07-30,18.8,47.3,SYNTHETIC
Crestwood Campus,EARLY,2026-07-31,1.0,54.7,SYNTHETIC
Crestwood Campus,EVENING,2026-05-01,14.0,50.9,SYNTHETIC
Crestwood Campus,EVENING,2026-05-04,19.7,43.3,SYNTHETIC
Crestwood Campus,EVENING,2026-05-05,6.6,49.8,SYNTHETIC
Crestwood Campus,EVENING,2026-05-06,8.0,46.7,SYNTHETIC
Crestwood Campus,EVENING,2026-05-07,14.0,49.7,SYNTHETIC
Crestwood Campus,EVENING,2026-05-08,5.4,53.8,SYNTHETIC
Crestwood Campus,EVENING,2026-05-11,10.6,47.4,SYNTHETIC
Crestwood Campus,EVENING,2026-05-12,18.8,49.8,SYNTHETIC
Crestwood Campus,EVENING,2026-05-13,7.7,50.8,SYNTHETIC
Crestwood Campus,EVENING,2026-05-14,11.6,51.9,SYNTHETIC
Crestwood Campus,EVENING,2026-05-15,6.9,53.4,SYNTHETIC
Crestwood Campus,EVENING,2026-05-18,9.7,48.3,SYNTHETIC
Crestwood Campus,EVENING,2026-05-19,13.5,48.3,SYNTHETIC
Crestwood Campus,EVENING,2026-05-20,12.9,52.4,SYNTHETIC
Crestwood Campus,EVENING,2026-05-21,17.9,47.0,SYNTHETIC
Crestwood Campus,EVENING,2026-05-22,12.8,46.0,SYNTHETIC
Crestwood Campus,EVENING,2026-05-25,12.2,51.9,SYNTHETIC
Crestwood Campus,EVENING,2026-05-26,8.5,48.4,SYNTHETIC
Crestwood Campus,EVENING,2026-05-27,7.4,53.1,SYNTHETIC
Crestwood Campus,EVENING,2026-05-28,3.2,56.8,SYNTHETIC
Crestwood Campus,EVENING,2026-05-29,16.1,40.3,SYNTHETIC
Crestwood Campus,EVENING,2026-06-01,5.0,51.4,SYNTHETIC
Crestwood Campus,EVENING,2026-06-02,22.7,38.9,SYNTHETIC
Crestwood Campus,EVENING,2026-06-03,2.4,53.8,SYNTHETIC
Crestwood Campus,EVENING,2026-06-04,18.7,49.8,SYNTHETIC
Crestwood Campus,EVENING,2026-06-05,0.0,58.5,SYNTHETIC
Crestwood Campus,EVENING,2026-06-08,12.1,53.9,SYNTHETIC
Crestwood Campus,EVENING,2026-06-09,19.9,43.8,SYNTHETIC
Crestwood Campus,EVENING,2026-06-10,8.5,49.5,SYNTHETIC
Crestwood Campus,EVENING,2026-06-11,7.0,51.1,SYNTHETIC
Crestwood Campus,EVENING,2026-06-12,16.1,46.2,SYNTHETIC
Crestwood Campus,EVENING,2026-06-15,16.5,48.0,SYNTHETIC
Crestwood Campus,EVENING,2026-06-16,24.2,41.7,SYNTHETIC
Crestwood Campus,EVENING,2026-06-17,14.3,44.7,SYNTHETIC
Crestwood Campus,EVENING,2026-06-18,11.6,52.2,SYNTHETIC
Crestwood Campus,EVENING,2026-06-19,15.5,51.3,SYNTHETIC
Crestwood Campus,EVENING,2026-06-22,8.8,50.2,SYNTHETIC
Crestwood Campus,EVENING,2026-06-23,23.2,48.3,SYNTHETIC
Crestwood Campus,EVENING,2026-06-24,19.7,49.1,SYNTHETIC
Crestwood Campus,EVENING,2026-06-25,12.3,45.2,SYNTHETIC
Crestwood Campus,EVENING,2026-06-26,5.1,53.9,SYNTHETIC
Crestwood Campus,EVENING,2026-06-29,22.2,45.4,SYNTHETIC
Crestwood Campus,EVENING,2026-06-30,5.7,52.0,SYNTHETIC
Crestwood Campus,EVENING,2026-07-01,14.0,51.4,SYNTHETIC
Crestwood Campus,EVENING,2026-07-02,16.9,44.8,SYNTHETIC
Crestwood Campus,EVENING,2026-07-03,14.1,47.0,SYNTHETIC
Crestwood Campus,EVENING,2026-07-06,6.0,49.2,SYNTHETIC
Crestwood Campus,EVENING,2026-07-07,12.0,47.9,SYNTHETIC
Crestwood Campus,EVENING,2026-07-08,18.1,49.7,SYNTHETIC
Crestwood Campus,EVENING,2026-07-09,17.2,50.4,SYNTHETIC
Crestwood Campus,EVENING,2026-07-10,20.0,43.7,SYNTHETIC
Crestwood Campus,EVENING,2026-07-13,7.8,51.1,SYNTHETIC
Crestwood Campus,EVENING,2026-07-14,21.3,47.9,SYNTHETIC
Crestwood Campus,EVENING,2026-07-15,24.4,45.1,SYNTHETIC
Crestwood Campus,EVENING,2026-07-16,13.8,50.4,SYNTHETIC
Crestwood Campus,EVENING,2026-07-17,12.7,50.7,SYNTHETIC
Crestwood Campus,EVENING,2026-07-20,19.5,49.4,SYNTHETIC
Crestwood Campus,EVENING,2026-07-21,21.8,44.1,SYNTHETIC
Crestwood Campus,EVENING,2026-07-22,13.4,50.1,SYNTHETIC
Crestwood Campus,EVENING,2026-07-23,0.3,53.8,SYNTHETIC
Crestwood Campus,EVENING,2026-07-24,19.9,49.2,SYNTHETIC
Crestwood Campus,EVENING,2026-07-27,11.2,47.8,SYNTHETIC
Crestwood Campus,EVENING,2026-07-28,18.2,47.4,SYNTHETIC
Crestwood Campus,EVENING,2026-07-29,20.0,44.5,SYNTHETIC
Crestwood Campus,EVENING,2026-07-30,12.0,50.5,SYNTHETIC
Crestwood Campus,EVENING,2026-07-31,26.4,47.2,SYNTHETIC
Crestwood Campus,NIGHT,2026-05-07,5.6,58.4,SYNTHETIC
Crestwood Campus,NIGHT,2026-05-20,10.5,52.2,SYNTHETIC
Crestwood Campus,NIGHT,2026-05-21,6.7,52.4,SYNTHETIC
Crestwood Campus,NIGHT,2026-05-22,8.8,51.5,SYNTHETIC
Crestwood Campus,NIGHT,2026-05-29,4.4,53.7,SYNTHETIC
Crestwood Campus,NIGHT,2026-06-01,12.9,49.6,SYNTHETIC
Crestwood Campus,NIGHT,2026-06-02,13.7,54.2,SYNTHETIC
Crestwood Campus,NIGHT,2026-06-04,11.9,53.8,SYNTHETIC
Crestwood Campus,NIGHT,2026-06-05,1.6,48.7,SYNTHETIC
Crestwood Campus,NIGHT,2026-06-09,9.3,50.0,SYNTHETIC
Crestwood Campus,NIGHT,2026-06-10,12.2,50.0,SYNTHETIC
Crestwood Campus,NIGHT,2026-06-11,13.6,41.3,SYNTHETIC
Crestwood Campus,NIGHT,2026-06-12,3.6,54.5,SYNTHETIC
Crestwood Campus,NIGHT,2026-06-13,16.9,48.2,SYNTHETIC
Crestwood Campus,NIGHT,2026-06-15,9.3,51.8,SYNTHETIC
Crestwood Campus,NIGHT,2026-06-16,17.3,47.8,SYNTHETIC
Crestwood Campus,NIGHT,2026-06-17,17.5,51.0,SYNTHETIC
Crestwood Campus,NIGHT,2026-06-18,2.0,54.4,SYNTHETIC
Crestwood Campus,NIGHT,2026-06-19,8.9,51.5,SYNTHETIC
Crestwood Campus,NIGHT,2026-06-20,13.6,46.7,SYNTHETIC
Crestwood Campus,NIGHT,2026-06-22,9.2,53.4,SYNTHETIC
Crestwood Campus,NIGHT,2026-06-23,7.7,51.2,SYNTHETIC
Crestwood Campus,NIGHT,2026-06-24,18.0,45.0,SYNTHETIC
Crestwood Campus,NIGHT,2026-06-25,5.2,51.2,SYNTHETIC
Crestwood Campus,NIGHT,2026-06-26,10.7,49.0,SYNTHETIC
Crestwood Campus,NIGHT,2026-06-27,25.5,50.0,SYNTHETIC
Crestwood Campus,NIGHT,2026-06-29,9.4,54.3,SYNTHETIC
Crestwood Campus,NIGHT,2026-06-30,7.7,51.0,SYNTHETIC
Crestwood Campus,NIGHT,2026-07-01,5.1,54.4,SYNTHETIC
Crestwood Campus,NIGHT,2026-07-02,9.5,46.0,SYNTHETIC
Crestwood Campus,NIGHT,2026-07-03,17.6,48.0,SYNTHETIC
Crestwood Campus,NIGHT,2026-07-04,9.3,54.7,SYNTHETIC
Crestwood Campus,NIGHT,2026-07-06,15.8,48.7,SYNTHETIC
Crestwood Campus,NIGHT,2026-07-07,5.4,53.6,SYNTHETIC
Crestwood Campus,NIGHT,2026-07-08,29.9,42.6,SYNTHETIC
Crestwood Campus,NIGHT,2026-07-09,10.7,51.7,SYNTHETIC
Crestwood Campus,NIGHT,2026-07-10,6.1,57.0,SYNTHETIC
Crestwood Campus,NIGHT,2026-07-11,5.7,50.7,SYNTHETIC
Crestwood Campus,NIGHT,2026-07-13,10.2,52.9,SYNTHETIC
Crestwood Campus,NIGHT,2026-07-14,11.2,45.7,SYNTHETIC
Crestwood Campus,NIGHT,2026-07-15,24.0,43.2,SYNTHETIC
Crestwood Campus,NIGHT,2026-07-16,14.6,48.7,SYNTHETIC
Crestwood Campus,NIGHT,2026-07-17,14.8,52.8,SYNTHETIC
Crestwood Campus,NIGHT,2026-07-18,12.0,54.5,SYNTHETIC
Crestwood Campus,NIGHT,2026-07-20,14.0,50.6,SYNTHETIC
Crestwood Campus,NIGHT,2026-07-21,17.1,42.8,SYNTHETIC
Crestwood Campus,NIGHT,2026-07-22,6.5,53.1,SYNTHETIC
Crestwood Campus,NIGHT,2026-07-23,14.7,45.5,SYNTHETIC
Crestwood Campus,NIGHT,2026-07-24,9.1,53.2,SYNTHETIC
Crestwood Campus,NIGHT,2026-07-25,10.0,47.6,SYNTHETIC
Crestwood Campus,NIGHT,2026-07-27,20.7,47.6,SYNTHETIC
Crestwood Campus,NIGHT,2026-07-28,18.1,47.7,SYNTHETIC
Crestwood Campus,NIGHT,2026-07-29,14.4,49.2,SYNTHETIC
Crestwood Campus,NIGHT,2026-07-30,12.7,49.9,SYNTHETIC
Crestwood Campus,NIGHT,2026-07-31,14.1,38.8,SYNTHETIC
Denver Office,DAY,2026-05-01,11.6,53.4,SYNTHETIC
Denver Office,DAY,2026-05-02,0.0,50.5,SYNTHETIC
Denver Office,DAY,2026-05-03,12.5,53.0,SYNTHETIC
Denver Office,DAY,2026-05-04,27.0,41.9,SYNTHETIC
Denver Office,DAY,2026-05-05,32.1,43.2,SYNTHETIC
Denver Office,DAY,2026-05-06,19.0,43.4,SYNTHETIC
Denver Office,DAY,2026-05-07,28.8,41.8,SYNTHETIC
Denver Office,DAY,2026-05-08,9.7,53.0,SYNTHETIC
Denver Office,DAY,2026-05-09,15.7,54.0,SYNTHETIC
Denver Office,DAY,2026-05-10,17.3,48.3,SYNTHETIC
Denver Office,DAY,2026-05-11,29.9,39.2,SYNTHETIC
Denver Office,DAY,2026-05-12,35.8,37.0,SYNTHETIC
Denver Office,DAY,2026-05-13,11.9,48.1,SYNTHETIC
Denver Office,DAY,2026-05-14,21.6,53.4,SYNTHETIC
Denver Office,DAY,2026-05-15,18.9,49.2,SYNTHETIC
Denver Office,DAY,2026-05-16,10.9,51.5,SYNTHETIC
Denver Office,DAY,2026-05-17,29.3,39.1,SYNTHETIC
Denver Office,DAY,2026-05-18,35.0,45.1,SYNTHETIC
Denver Office,DAY,2026-05-19,33.3,36.9,SYNTHETIC
Denver Office,DAY,2026-05-20,29.0,42.5,SYNTHETIC
Denver Office,DAY,2026-05-21,28.5,41.3,SYNTHETIC
Denver Office,DAY,2026-05-22,21.6,46.5,SYNTHETIC
Denver Office,DAY,2026-05-23,7.6,50.0,SYNTHETIC
Denver Office,DAY,2026-05-24,6.9,46.7,SYNTHETIC
Denver Office,DAY,2026-05-25,26.9,43.1,SYNTHETIC
Denver Office,DAY,2026-05-26,18.7,40.7,SYNTHETIC
Denver Office,DAY,2026-05-27,23.4,45.8,SYNTHETIC
Denver Office,DAY,2026-05-28,17.6,49.4,SYNTHETIC
Denver Office,DAY,2026-05-29,14.7,45.9,SYNTHETIC
Denver Office,DAY,2026-05-30,15.4,48.0,SYNTHETIC
Denver Office,DAY,2026-05-31,5.9,45.7,SYNTHETIC
Denver Office,DAY,2026-06-01,42.7,35.1,SYNTHETIC
Denver Office,DAY,2026-06-02,39.6,37.9,SYNTHETIC
Denver Office,DAY,2026-06-03,34.7,39.8,SYNTHETIC
Denver Office,DAY,2026-06-04,36.5,40.1,SYNTHETIC
Denver Office,DAY,2026-06-05,17.1,52.3,SYNTHETIC
Denver Office,DAY,2026-06-06,7.0,54.2,SYNTHETIC
Denver Office,DAY,2026-06-07,26.0,41.9,SYNTHETIC
Denver Office,DAY,2026-06-08,31.8,45.3,SYNTHETIC
Denver Office,DAY,2026-06-09,40.8,37.9,SYNTHETIC
Denver Office,DAY,2026-06-10,35.0,44.1,SYNTHETIC
Denver Office,DAY,2026-06-11,29.2,41.3,SYNTHETIC
Denver Office,DAY,2026-06-12,18.7,44.9,SYNTHETIC
Denver Office,DAY,2026-06-13,10.9,49.2,SYNTHETIC
Denver Office,DAY,2026-06-14,2.8,55.1,SYNTHETIC
Denver Office,DAY,2026-06-15,35.8,43.8,SYNTHETIC
Denver Office,DAY,2026-06-16,29.6,43.3,SYNTHETIC
Denver Office,DAY,2026-06-17,31.2,40.7,SYNTHETIC
Denver Office,DAY,2026-06-18,20.7,47.1,SYNTHETIC
Denver Office,DAY,2026-06-19,29.0,39.3,SYNTHETIC
Denver Office,DAY,2026-06-20,13.7,48.8,SYNTHETIC
Denver Office,DAY,2026-06-21,19.8,48.1,SYNTHETIC
Denver Office,DAY,2026-06-22,17.8,44.8,SYNTHETIC
Denver Office,DAY,2026-06-23,34.3,39.2,SYNTHETIC
Denver Office,DAY,2026-06-24,41.5,34.5,SYNTHETIC
Denver Office,DAY,2026-06-25,22.9,49.0,SYNTHETIC
Denver Office,DAY,2026-06-26,13.7,48.7,SYNTHETIC
Denver Office,DAY,2026-06-27,16.8,44.6,SYNTHETIC
Denver Office,DAY,2026-06-28,23.8,46.8,SYNTHETIC
Denver Office,DAY,2026-06-29,22.8,44.2,SYNTHETIC
Denver Office,DAY,2026-06-30,38.5,38.8,SYNTHETIC
Denver Office,DAY,2026-07-01,29.6,42.3,SYNTHETIC
Denver Office,DAY,2026-07-02,38.6,40.4,SYNTHETIC
Denver Office,DAY,2026-07-03,10.5,48.2,SYNTHETIC
Denver Office,DAY,2026-07-04,22.1,47.9,SYNTHETIC
Denver Office,DAY,2026-07-05,13.1,48.4,SYNTHETIC
Denver Office,DAY,2026-07-06,18.2,43.9,SYNTHETIC
Denver Office,DAY,2026-07-07,30.2,41.7,SYNTHETIC
Denver Office,DAY,2026-07-08,39.8,39.1,SYNTHETIC
Denver Office,DAY,2026-07-09,28.4,41.9,SYNTHETIC
Denver Office,DAY,2026-07-10,24.9,44.7,SYNTHETIC
Denver Office,DAY,2026-07-11,18.6,48.4,SYNTHETIC
Denver Office,DAY,2026-07-12,13.7,51.4,SYNTHETIC
Denver Office,DAY,2026-07-13,40.1,38.6,SYNTHETIC
Denver Office,DAY,2026-07-14,22.4,43.5,SYNTHETIC
Denver Office,DAY,2026-07-15,40.5,34.5,SYNTHETIC
Denver Office,DAY,2026-07-16,27.0,47.9,SYNTHETIC
Denver Office,DAY,2026-07-17,18.6,44.5,SYNTHETIC
Denver Office,DAY,2026-07-18,12.8,48.7,SYNTHETIC
Denver Office,DAY,2026-07-19,4.1,53.3,SYNTHETIC
Denver Office,DAY,2026-07-20,14.5,49.4,SYNTHETIC
Denver Office,DAY,2026-07-21,38.9,40.0,SYNTHETIC
Denver Office,DAY,2026-07-22,34.0,43.2,SYNTHETIC
Denver Office,DAY,2026-07-23,29.1,44.7,SYNTHETIC
Denver Office,DAY,2026-07-24,24.1,46.6,SYNTHETIC
Denver Office,DAY,2026-07-25,15.3,45.4,SYNTHETIC
Denver Office,DAY,2026-07-26,7.0,48.6,SYNTHETIC
Denver Office,DAY,2026-07-27,32.0,41.5,SYNTHETIC
Denver Office,DAY,2026-07-28,36.1,39.5,SYNTHETIC
Denver Office,DAY,2026-07-29,29.0,47.0,SYNTHETIC
Denver Office,DAY,2026-07-30,14.5,45.1,SYNTHETIC
Denver Office,DAY,2026-07-31,8.3,56.3,SYNTHETIC
Denver Office,EARLY,2026-05-01,22.7,46.2,SYNTHETIC
Denver Office,EARLY,2026-05-02,12.4,49.0,SYNTHETIC
Denver Office,EARLY,2026-05-03,4.5,53.2,SYNTHETIC
Denver Office,EARLY,2026-05-04,17.2,43.9,SYNTHETIC
Denver Office,EARLY,2026-05-05,9.0,54.5,SYNTHETIC
Denver Office,EARLY,2026-05-06,1.9,55.1,SYNTHETIC
Denver Office,EARLY,2026-05-07,16.2,53.2,SYNTHETIC
Denver Office,EARLY,2026-05-08,15.6,45.8,SYNTHETIC
Denver Office,EARLY,2026-05-09,9.4,51.5,SYNTHETIC
Denver Office,EARLY,2026-05-10,0.7,56.1,SYNTHETIC
Denver Office,EARLY,2026-05-11,15.5,51.7,SYNTHETIC
Denver Office,EARLY,2026-05-12,23.8,45.8,SYNTHETIC
Denver Office,EARLY,2026-05-13,20.9,43.1,SYNTHETIC
Denver Office,EARLY,2026-05-14,0.0,58.6,SYNTHETIC
Denver Office,EARLY,2026-05-15,19.6,49.2,SYNTHETIC
Denver Office,EARLY,2026-05-16,5.9,55.0,SYNTHETIC
Denver Office,EARLY,2026-05-17,14.6,43.6,SYNTHETIC
Denver Office,EARLY,2026-05-18,7.1,58.7,SYNTHETIC
Denver Office,EARLY,2026-05-19,10.1,52.9,SYNTHETIC
Denver Office,EARLY,2026-05-20,7.6,44.9,SYNTHETIC
Denver Office,EARLY,2026-05-21,16.1,52.6,SYNTHETIC
Denver Office,EARLY,2026-05-22,19.7,48.0,SYNTHETIC
Denver Office,EARLY,2026-05-23,12.1,50.7,SYNTHETIC
Denver Office,EARLY,2026-05-24,13.9,54.2,SYNTHETIC
Denver Office,EARLY,2026-05-25,13.9,51.5,SYNTHETIC
Denver Office,EARLY,2026-05-26,6.1,51.4,SYNTHETIC
Denver Office,EARLY,2026-05-27,13.8,43.0,SYNTHETIC
Denver Office,EARLY,2026-05-28,18.1,50.4,SYNTHETIC
Denver Office,EARLY,2026-05-29,8.8,47.2,SYNTHETIC
Denver Office,EARLY,2026-05-30,13.8,46.7,SYNTHETIC
Denver Office,EARLY,2026-05-31,16.0,48.6,SYNTHETIC
Denver Office,EARLY,2026-06-01,2.2,58.4,SYNTHETIC
Denver Office,EARLY,2026-06-02,23.9,43.4,SYNTHETIC
Denver Office,EARLY,2026-06-03,6.0,55.5,SYNTHETIC
Denver Office,EARLY,2026-06-04,8.2,53.5,SYNTHETIC
Denver Office,EARLY,2026-06-05,3.1,53.8,SYNTHETIC
Denver Office,EARLY,2026-06-06,6.2,53.6,SYNTHETIC
Denver Office,EARLY,2026-06-07,11.4,49.3,SYNTHETIC
Denver Office,EARLY,2026-06-08,0.9,58.9,SYNTHETIC
Denver Office,EARLY,2026-06-09,3.8,51.9,SYNTHETIC
Denver Office,EARLY,2026-06-10,12.6,52.6,SYNTHETIC
Denver Office,EARLY,2026-06-11,15.1,48.5,SYNTHETIC
Denver Office,EARLY,2026-06-12,10.3,52.2,SYNTHETIC
Denver Office,EARLY,2026-06-13,9.4,47.7,SYNTHETIC
Denver Office,EARLY,2026-06-14,3.5,56.4,SYNTHETIC
Denver Office,EARLY,2026-06-15,22.4,50.6,SYNTHETIC
Denver Office,EARLY,2026-06-16,10.2,48.7,SYNTHETIC
Denver Office,EARLY,2026-06-17,12.3,51.7,SYNTHETIC
Denver Office,EARLY,2026-06-18,19.5,46.1,SYNTHETIC
Denver Office,EARLY,2026-06-19,8.8,47.7,SYNTHETIC
Denver Office,EARLY,2026-06-20,15.4,48.3,SYNTHETIC
Denver Office,EARLY,2026-06-21,17.6,42.6,SYNTHETIC
Denver Office,EARLY,2026-06-22,19.7,45.3,SYNTHETIC
Denver Office,EARLY,2026-06-23,20.7,39.8,SYNTHETIC
Denver Office,EARLY,2026-06-24,17.5,51.9,SYNTHETIC
Denver Office,EARLY,2026-06-25,8.1,53.7,SYNTHETIC
Denver Office,EARLY,2026-06-26,15.3,47.4,SYNTHETIC
Denver Office,EARLY,2026-06-27,19.5,42.5,SYNTHETIC
Denver Office,EARLY,2026-06-28,18.4,48.5,SYNTHETIC
Denver Office,EARLY,2026-06-29,17.4,46.1,SYNTHETIC
Denver Office,EARLY,2026-06-30,8.7,51.2,SYNTHETIC
Denver Office,EARLY,2026-07-01,7.8,58.2,SYNTHETIC
Denver Office,EARLY,2026-07-02,6.2,49.8,SYNTHETIC
Denver Office,EARLY,2026-07-03,10.3,45.0,SYNTHETIC
Denver Office,EARLY,2026-07-04,1.2,61.8,SYNTHETIC
Denver Office,EARLY,2026-07-05,4.6,47.8,SYNTHETIC
Denver Office,EARLY,2026-07-06,6.5,55.4,SYNTHETIC
Denver Office,EARLY,2026-07-07,9.7,47.5,SYNTHETIC
Denver Office,EARLY,2026-07-08,20.9,41.5,SYNTHETIC
Denver Office,EARLY,2026-07-09,5.4,49.2,SYNTHETIC
Denver Office,EARLY,2026-07-10,12.6,52.5,SYNTHETIC
Denver Office,EARLY,2026-07-11,21.3,44.7,SYNTHETIC
Denver Office,EARLY,2026-07-12,5.1,50.6,SYNTHETIC
Denver Office,EARLY,2026-07-13,12.7,50.9,SYNTHETIC
Denver Office,EARLY,2026-07-14,12.0,49.3,SYNTHETIC
Denver Office,EARLY,2026-07-15,8.5,52.6,SYNTHETIC
Denver Office,EARLY,2026-07-16,6.8,52.8,SYNTHETIC
Denver Office,EARLY,2026-07-17,12.0,51.6,SYNTHETIC
Denver Office,EARLY,2026-07-18,15.1,50.9,SYNTHETIC
Denver Office,EARLY,2026-07-19,6.5,52.6,SYNTHETIC
Denver Office,EARLY,2026-07-20,5.4,49.9,SYNTHETIC
Denver Office,EARLY,2026-07-21,22.9,44.6,SYNTHETIC
Denver Office,EARLY,2026-07-22,8.9,51.8,SYNTHETIC
Denver Office,EARLY,2026-07-23,4.3,57.8,SYNTHETIC
Denver Office,EARLY,2026-07-24,14.5,46.6,SYNTHETIC
Denver Office,EARLY,2026-07-25,14.8,47.8,SYNTHETIC
Denver Office,EARLY,2026-07-26,15.6,45.0,SYNTHETIC
Denver Office,EARLY,2026-07-27,14.1,46.6,SYNTHETIC
Denver Office,EARLY,2026-07-28,10.5,51.9,SYNTHETIC
Denver Office,EARLY,2026-07-29,14.9,47.9,SYNTHETIC
Denver Office,EARLY,2026-07-30,7.7,54.0,SYNTHETIC
Denver Office,EARLY,2026-07-31,7.8,51.1,SYNTHETIC
Denver Office,EVENING,2026-05-01,6.0,57.9,SYNTHETIC
Denver Office,EVENING,2026-05-02,7.8,49.4,SYNTHETIC
Denver Office,EVENING,2026-05-03,20.5,45.3,SYNTHETIC
Denver Office,EVENING,2026-05-04,25.0,41.7,SYNTHETIC
Denver Office,EVENING,2026-05-05,18.9,49.4,SYNTHETIC
Denver Office,EVENING,2026-05-06,5.6,56.5,SYNTHETIC
Denver Office,EVENING,2026-05-07,7.3,46.9,SYNTHETIC
Denver Office,EVENING,2026-05-08,10.1,46.7,SYNTHETIC
Denver Office,EVENING,2026-05-09,9.2,47.9,SYNTHETIC
Denver Office,EVENING,2026-05-10,12.4,53.1,SYNTHETIC
Denver Office,EVENING,2026-05-11,20.1,43.1,SYNTHETIC
Denver Office,EVENING,2026-05-12,1.7,51.7,SYNTHETIC
Denver Office,EVENING,2026-05-13,11.9,50.9,SYNTHETIC
Denver Office,EVENING,2026-05-14,13.4,48.6,SYNTHETIC
Denver Office,EVENING,2026-05-15,18.1,45.6,SYNTHETIC
Denver Office,EVENING,2026-05-16,0.0,58.3,SYNTHETIC
Denver Office,EVENING,2026-05-17,11.9,48.5,SYNTHETIC
Denver Office,EVENING,2026-05-18,12.5,50.6,SYNTHETIC
Denver Office,EVENING,2026-05-19,13.8,54.9,SYNTHETIC
Denver Office,EVENING,2026-05-20,10.5,60.6,SYNTHETIC
Denver Office,EVENING,2026-05-21,16.5,47.8,SYNTHETIC
Denver Office,EVENING,2026-05-22,12.0,45.6,SYNTHETIC
Denver Office,EVENING,2026-05-23,11.6,48.4,SYNTHETIC
Denver Office,EVENING,2026-05-24,23.0,43.2,SYNTHETIC
Denver Office,EVENING,2026-05-25,9.3,54.3,SYNTHETIC
Denver Office,EVENING,2026-05-26,15.8,49.9,SYNTHETIC
Denver Office,EVENING,2026-05-27,1.3,54.4,SYNTHETIC
Denver Office,EVENING,2026-05-28,17.9,49.5,SYNTHETIC
Denver Office,EVENING,2026-05-29,0.0,52.6,SYNTHETIC
Denver Office,EVENING,2026-05-30,17.0,45.7,SYNTHETIC
Denver Office,EVENING,2026-05-31,15.2,49.3,SYNTHETIC
Denver Office,EVENING,2026-06-01,13.1,53.6,SYNTHETIC
Denver Office,EVENING,2026-06-02,11.4,51.4,SYNTHETIC
Denver Office,EVENING,2026-06-03,9.3,50.8,SYNTHETIC
Denver Office,EVENING,2026-06-04,5.8,57.7,SYNTHETIC
Denver Office,EVENING,2026-06-05,3.2,55.8,SYNTHETIC
Denver Office,EVENING,2026-06-06,6.6,47.6,SYNTHETIC
Denver Office,EVENING,2026-06-07,20.3,49.7,SYNTHETIC
Denver Office,EVENING,2026-06-08,15.9,47.9,SYNTHETIC
Denver Office,EVENING,2026-06-09,17.1,51.4,SYNTHETIC
Denver Office,EVENING,2026-06-10,18.5,47.3,SYNTHETIC
Denver Office,EVENING,2026-06-11,14.1,51.7,SYNTHETIC
Denver Office,EVENING,2026-06-12,11.9,48.6,SYNTHETIC
Denver Office,EVENING,2026-06-13,8.3,52.2,SYNTHETIC
Denver Office,EVENING,2026-06-14,19.0,46.7,SYNTHETIC
Denver Office,EVENING,2026-06-15,12.4,53.7,SYNTHETIC
Denver Office,EVENING,2026-06-16,10.2,52.1,SYNTHETIC
Denver Office,EVENING,2026-06-17,8.1,55.4,SYNTHETIC
Denver Office,EVENING,2026-06-18,6.3,53.5,SYNTHETIC
Denver Office,EVENING,2026-06-19,4.9,50.5,SYNTHETIC
Denver Office,EVENING,2026-06-20,14.2,53.1,SYNTHETIC
Denver Office,EVENING,2026-06-21,0.4,54.5,SYNTHETIC
Denver Office,EVENING,2026-06-22,16.2,44.5,SYNTHETIC
Denver Office,EVENING,2026-06-23,12.9,47.2,SYNTHETIC
Denver Office,EVENING,2026-06-24,6.1,58.4,SYNTHETIC
Denver Office,EVENING,2026-06-25,20.4,49.2,SYNTHETIC
Denver Office,EVENING,2026-06-26,17.3,51.0,SYNTHETIC
Denver Office,EVENING,2026-06-27,15.2,45.6,SYNTHETIC
Denver Office,EVENING,2026-06-28,15.5,51.6,SYNTHETIC
Denver Office,EVENING,2026-06-29,5.9,49.9,SYNTHETIC
Denver Office,EVENING,2026-06-30,11.8,54.7,SYNTHETIC
Denver Office,EVENING,2026-07-01,20.3,45.0,SYNTHETIC
Denver Office,EVENING,2026-07-02,15.8,47.6,SYNTHETIC
Denver Office,EVENING,2026-07-03,8.5,53.9,SYNTHETIC
Denver Office,EVENING,2026-07-04,21.7,45.7,SYNTHETIC
Denver Office,EVENING,2026-07-05,10.6,53.8,SYNTHETIC
Denver Office,EVENING,2026-07-06,5.9,54.3,SYNTHETIC
Denver Office,EVENING,2026-07-07,15.7,50.7,SYNTHETIC
Denver Office,EVENING,2026-07-08,10.9,54.6,SYNTHETIC
Denver Office,EVENING,2026-07-09,9.7,51.3,SYNTHETIC
Denver Office,EVENING,2026-07-10,0.8,48.9,SYNTHETIC
Denver Office,EVENING,2026-07-11,18.9,48.9,SYNTHETIC
Denver Office,EVENING,2026-07-12,10.9,52.1,SYNTHETIC
Denver Office,EVENING,2026-07-13,13.0,50.4,SYNTHETIC
Denver Office,EVENING,2026-07-14,12.4,49.6,SYNTHETIC
Denver Office,EVENING,2026-07-15,6.6,54.6,SYNTHETIC
Denver Office,EVENING,2026-07-16,27.8,43.4,SYNTHETIC
Denver Office,EVENING,2026-07-17,15.1,45.2,SYNTHETIC
Denver Office,EVENING,2026-07-18,23.4,45.0,SYNTHETIC
Denver Office,EVENING,2026-07-19,12.4,49.1,SYNTHETIC
Denver Office,EVENING,2026-07-20,12.7,44.8,SYNTHETIC
Denver Office,EVENING,2026-07-21,16.1,43.4,SYNTHETIC
Denver Office,EVENING,2026-07-22,9.9,48.9,SYNTHETIC
Denver Office,EVENING,2026-07-23,12.5,50.0,SYNTHETIC
Denver Office,EVENING,2026-07-24,8.6,57.5,SYNTHETIC
Denver Office,EVENING,2026-07-25,13.0,51.8,SYNTHETIC
Denver Office,EVENING,2026-07-26,10.9,53.1,SYNTHETIC
Denver Office,EVENING,2026-07-27,13.0,47.1,SYNTHETIC
Denver Office,EVENING,2026-07-28,15.3,43.2,SYNTHETIC
Denver Office,EVENING,2026-07-29,13.9,41.7,SYNTHETIC
Denver Office,EVENING,2026-07-30,17.1,43.7,SYNTHETIC
Denver Office,EVENING,2026-07-31,8.5,51.6,SYNTHETIC
Denver Office,NIGHT,2026-05-01,13.8,47.6,SYNTHETIC
Denver Office,NIGHT,2026-05-02,13.9,43.1,SYNTHETIC
Denver Office,NIGHT,2026-05-03,16.1,46.8,SYNTHETIC
Denver Office,NIGHT,2026-05-04,9.1,49.5,SYNTHETIC
Denver Office,NIGHT,2026-05-05,9.4,49.3,SYNTHETIC
Denver Office,NIGHT,2026-05-06,7.1,55.6,SYNTHETIC
Denver Office,NIGHT,2026-05-07,9.9,47.4,SYNTHETIC
Denver Office,NIGHT,2026-05-08,19.6,47.6,SYNTHETIC
Denver Office,NIGHT,2026-05-09,8.0,49.9,SYNTHETIC
Denver Office,NIGHT,2026-05-10,14.9,44.7,SYNTHETIC
Denver Office,NIGHT,2026-05-11,11.9,50.0,SYNTHETIC
Denver Office,NIGHT,2026-05-12,15.3,48.8,SYNTHETIC
Denver Office,NIGHT,2026-05-13,12.1,53.6,SYNTHETIC
Denver Office,NIGHT,2026-05-14,8.1,48.7,SYNTHETIC
Denver Office,NIGHT,2026-05-15,0.2,51.8,SYNTHETIC
Denver Office,NIGHT,2026-05-16,6.3,46.5,SYNTHETIC
Denver Office,NIGHT,2026-05-17,19.8,41.6,SYNTHETIC
Denver Office,NIGHT,2026-05-18,3.3,55.0,SYNTHETIC
Denver Office,NIGHT,2026-05-19,6.4,48.5,SYNTHETIC
Denver Office,NIGHT,2026-05-20,10.9,47.4,SYNTHETIC
Denver Office,NIGHT,2026-05-21,10.6,44.6,SYNTHETIC
Denver Office,NIGHT,2026-05-22,20.1,40.3,SYNTHETIC
Denver Office,NIGHT,2026-05-23,16.5,45.7,SYNTHETIC
Denver Office,NIGHT,2026-05-24,10.9,53.1,SYNTHETIC
Denver Office,NIGHT,2026-05-25,9.2,47.3,SYNTHETIC
Denver Office,NIGHT,2026-05-26,14.1,49.8,SYNTHETIC
Denver Office,NIGHT,2026-05-27,11.9,52.7,SYNTHETIC
Denver Office,NIGHT,2026-05-28,11.5,48.2,SYNTHETIC
Denver Office,NIGHT,2026-05-29,11.5,48.0,SYNTHETIC
Denver Office,NIGHT,2026-05-30,11.0,41.4,SYNTHETIC
Denver Office,NIGHT,2026-05-31,20.0,50.2,SYNTHETIC
Denver Office,NIGHT,2026-06-01,15.5,48.8,SYNTHETIC
Denver Office,NIGHT,2026-06-02,10.4,52.7,SYNTHETIC
Denver Office,NIGHT,2026-06-03,17.7,49.9,SYNTHETIC
Denver Office,NIGHT,2026-06-04,16.2,51.8,SYNTHETIC
Denver Office,NIGHT,2026-06-05,15.0,52.6,SYNTHETIC
Denver Office,NIGHT,2026-06-06,12.5,48.0,SYNTHETIC
Denver Office,NIGHT,2026-06-07,7.0,46.6,SYNTHETIC
Denver Office,NIGHT,2026-06-08,3.4,56.7,SYNTHETIC
Denver Office,NIGHT,2026-06-09,17.2,48.3,SYNTHETIC
Denver Office,NIGHT,2026-06-10,13.8,48.4,SYNTHETIC
Denver Office,NIGHT,2026-06-11,13.2,52.6,SYNTHETIC
Denver Office,NIGHT,2026-06-12,2.2,53.1,SYNTHETIC
Denver Office,NIGHT,2026-06-13,3.1,55.7,SYNTHETIC
Denver Office,NIGHT,2026-06-14,13.4,43.9,SYNTHETIC
Denver Office,NIGHT,2026-06-15,22.7,46.7,SYNTHETIC
Denver Office,NIGHT,2026-06-16,13.9,50.9,SYNTHETIC
Denver Office,NIGHT,2026-06-17,16.7,41.8,SYNTHETIC
Denver Office,NIGHT,2026-06-18,3.6,54.2,SYNTHETIC
Denver Office,NIGHT,2026-06-19,13.3,52.0,SYNTHETIC
Denver Office,NIGHT,2026-06-20,14.6,48.8,SYNTHETIC
Denver Office,NIGHT,2026-06-21,12.0,49.8,SYNTHETIC
Denver Office,NIGHT,2026-06-22,16.8,44.5,SYNTHETIC
Denver Office,NIGHT,2026-06-23,10.2,51.4,SYNTHETIC
Denver Office,NIGHT,2026-06-24,19.0,49.4,SYNTHETIC
Denver Office,NIGHT,2026-06-25,12.5,60.5,SYNTHETIC
Denver Office,NIGHT,2026-06-26,5.0,49.8,SYNTHETIC
Denver Office,NIGHT,2026-06-27,8.8,54.2,SYNTHETIC
Denver Office,NIGHT,2026-06-28,0.0,50.8,SYNTHETIC
Denver Office,NIGHT,2026-06-29,16.4,43.6,SYNTHETIC
Denver Office,NIGHT,2026-06-30,7.1,52.2,SYNTHETIC
Denver Office,NIGHT,2026-07-01,14.7,50.8,SYNTHETIC
Denver Office,NIGHT,2026-07-02,4.4,45.8,SYNTHETIC
Denver Office,NIGHT,2026-07-03,10.1,45.7,SYNTHETIC
Denver Office,NIGHT,2026-07-04,8.1,54.4,SYNTHETIC
Denver Office,NIGHT,2026-07-05,4.9,50.5,SYNTHETIC
Denver Office,NIGHT,2026-07-06,0.0,55.9,SYNTHETIC
Denver Office,NIGHT,2026-07-07,8.8,51.1,SYNTHETIC
Denver Office,NIGHT,2026-07-08,16.9,49.4,SYNTHETIC
Denver Office,NIGHT,2026-07-09,22.5,41.5,SYNTHETIC
Denver Office,NIGHT,2026-07-10,10.7,46.3,SYNTHETIC
Denver Office,NIGHT,2026-07-11,9.8,53.3,SYNTHETIC
Denver Office,NIGHT,2026-07-12,19.6,45.9,SYNTHETIC
Denver Office,NIGHT,2026-07-13,10.5,53.0,SYNTHETIC
Denver Office,NIGHT,2026-07-14,20.2,44.2,SYNTHETIC
Denver Office,NIGHT,2026-07-15,4.1,48.9,SYNTHETIC
Denver Office,NIGHT,2026-07-16,7.7,48.4,SYNTHETIC
Denver Office,NIGHT,2026-07-17,8.4,50.1,SYNTHETIC
Denver Office,NIGHT,2026-07-18,12.5,49.2,SYNTHETIC
Denver Office,NIGHT,2026-07-19,4.0,55.3,SYNTHETIC
Denver Office,NIGHT,2026-07-20,12.9,51.0,SYNTHETIC
Denver Office,NIGHT,2026-07-21,8.7,48.3,SYNTHETIC
Denver Office,NIGHT,2026-07-22,14.5,52.2,SYNTHETIC
Denver Office,NIGHT,2026-07-23,14.4,44.2,SYNTHETIC
Denver Office,NIGHT,2026-07-24,7.4,53.5,SYNTHETIC
Denver Office,NIGHT,2026-07-25,17.2,47.6,SYNTHETIC
Denver Office,NIGHT,2026-07-26,10.5,48.9,SYNTHETIC
Denver Office,NIGHT,2026-07-27,0.1,55.4,SYNTHETIC
Denver Office,NIGHT,2026-07-28,21.6,47.9,SYNTHETIC
Denver Office,NIGHT,2026-07-29,2.5,56.6,SYNTHETIC
Denver Office,NIGHT,2026-07-30,13.9,50.5,SYNTHETIC
Denver Office,NIGHT,2026-07-31,18.4,47.4,SYNTHETIC
Eastgate Office,DAY,2026-05-01,14.4,51.6,SYNTHETIC
Eastgate Office,DAY,2026-05-04,12.3,53.3,SYNTHETIC
Eastgate Office,DAY,2026-05-05,18.3,47.1,SYNTHETIC
Eastgate Office,DAY,2026-05-06,4.6,53.4,SYNTHETIC
Eastgate Office,DAY,2026-05-07,16.0,47.2,SYNTHETIC
Eastgate Office,DAY,2026-05-08,13.7,48.5,SYNTHETIC
Eastgate Office,DAY,2026-05-09,25.3,44.9,SYNTHETIC
Eastgate Office,DAY,2026-05-10,19.6,46.7,SYNTHETIC
Eastgate Office,DAY,2026-05-11,16.1,48.6,SYNTHETIC
Eastgate Office,DAY,2026-05-12,10.9,49.6,SYNTHETIC
Eastgate Office,DAY,2026-05-13,15.9,42.8,SYNTHETIC
Eastgate Office,DAY,2026-05-14,9.0,52.4,SYNTHETIC
Eastgate Office,DAY,2026-05-15,10.5,50.5,SYNTHETIC
Eastgate Office,DAY,2026-05-17,3.5,55.0,SYNTHETIC
Eastgate Office,DAY,2026-05-18,14.7,47.4,SYNTHETIC
Eastgate Office,DAY,2026-05-19,9.2,48.1,SYNTHETIC
Eastgate Office,DAY,2026-05-20,18.4,56.4,SYNTHETIC
Eastgate Office,DAY,2026-05-21,13.0,49.5,SYNTHETIC
Eastgate Office,DAY,2026-05-22,13.7,49.8,SYNTHETIC
Eastgate Office,DAY,2026-05-23,17.0,47.5,SYNTHETIC
Eastgate Office,DAY,2026-05-24,9.4,50.3,SYNTHETIC
Eastgate Office,DAY,2026-05-25,18.6,48.9,SYNTHETIC
Eastgate Office,DAY,2026-05-26,8.5,56.6,SYNTHETIC
Eastgate Office,DAY,2026-05-27,12.2,46.8,SYNTHETIC
Eastgate Office,DAY,2026-05-28,10.4,46.2,SYNTHETIC
Eastgate Office,DAY,2026-05-29,11.8,45.9,SYNTHETIC
Eastgate Office,DAY,2026-06-01,10.4,57.3,SYNTHETIC
Eastgate Office,DAY,2026-06-02,9.2,51.4,SYNTHETIC
Eastgate Office,DAY,2026-06-03,6.8,61.2,SYNTHETIC
Eastgate Office,DAY,2026-06-04,14.1,47.2,SYNTHETIC
Eastgate Office,DAY,2026-06-05,10.4,50.6,SYNTHETIC
Eastgate Office,DAY,2026-06-08,10.2,51.5,SYNTHETIC
Eastgate Office,DAY,2026-06-09,16.0,51.7,SYNTHETIC
Eastgate Office,DAY,2026-06-10,14.1,49.1,SYNTHETIC
Eastgate Office,DAY,2026-06-11,13.9,48.7,SYNTHETIC
Eastgate Office,DAY,2026-06-12,6.3,49.9,SYNTHETIC
Eastgate Office,DAY,2026-06-13,14.9,47.6,SYNTHETIC
Eastgate Office,DAY,2026-06-14,23.1,48.5,SYNTHETIC
Eastgate Office,DAY,2026-06-15,16.2,44.8,SYNTHETIC
Eastgate Office,DAY,2026-06-16,16.8,48.2,SYNTHETIC
Eastgate Office,DAY,2026-06-17,16.2,48.9,SYNTHETIC
Eastgate Office,DAY,2026-06-18,11.3,52.1,SYNTHETIC
Eastgate Office,DAY,2026-06-19,13.3,44.4,SYNTHETIC
Eastgate Office,DAY,2026-06-20,20.5,41.2,SYNTHETIC
Eastgate Office,DAY,2026-06-21,9.7,57.7,SYNTHETIC
Eastgate Office,DAY,2026-06-22,16.0,46.0,SYNTHETIC
Eastgate Office,DAY,2026-06-23,6.7,55.1,SYNTHETIC
Eastgate Office,DAY,2026-06-24,12.1,50.9,SYNTHETIC
Eastgate Office,DAY,2026-06-25,15.4,55.7,SYNTHETIC
Eastgate Office,DAY,2026-06-26,8.5,49.0,SYNTHETIC
Eastgate Office,DAY,2026-06-27,4.1,56.4,SYNTHETIC
Eastgate Office,DAY,2026-06-28,12.7,55.2,SYNTHETIC
Eastgate Office,DAY,2026-06-29,12.6,44.6,SYNTHETIC
Eastgate Office,DAY,2026-06-30,22.9,47.0,SYNTHETIC
Eastgate Office,DAY,2026-07-01,0.0,53.5,SYNTHETIC
Eastgate Office,DAY,2026-07-02,14.9,45.0,SYNTHETIC
Eastgate Office,DAY,2026-07-03,17.5,48.5,SYNTHETIC
Eastgate Office,DAY,2026-07-04,17.5,42.8,SYNTHETIC
Eastgate Office,DAY,2026-07-05,14.2,46.4,SYNTHETIC
Eastgate Office,DAY,2026-07-06,11.0,47.5,SYNTHETIC
Eastgate Office,DAY,2026-07-07,16.1,45.7,SYNTHETIC
Eastgate Office,DAY,2026-07-08,23.7,41.0,SYNTHETIC
Eastgate Office,DAY,2026-07-09,3.2,50.1,SYNTHETIC
Eastgate Office,DAY,2026-07-10,12.3,57.5,SYNTHETIC
Eastgate Office,DAY,2026-07-11,8.6,55.5,SYNTHETIC
Eastgate Office,DAY,2026-07-13,15.7,48.1,SYNTHETIC
Eastgate Office,DAY,2026-07-14,21.2,43.9,SYNTHETIC
Eastgate Office,DAY,2026-07-15,13.6,46.8,SYNTHETIC
Eastgate Office,DAY,2026-07-16,14.6,50.6,SYNTHETIC
Eastgate Office,DAY,2026-07-17,7.4,44.3,SYNTHETIC
Eastgate Office,DAY,2026-07-18,16.0,45.3,SYNTHETIC
Eastgate Office,DAY,2026-07-19,7.6,52.6,SYNTHETIC
Eastgate Office,DAY,2026-07-20,13.2,50.8,SYNTHETIC
Eastgate Office,DAY,2026-07-21,2.8,54.5,SYNTHETIC
Eastgate Office,DAY,2026-07-22,13.8,49.5,SYNTHETIC
Eastgate Office,DAY,2026-07-23,9.3,50.7,SYNTHETIC
Eastgate Office,DAY,2026-07-24,9.1,51.4,SYNTHETIC
Eastgate Office,DAY,2026-07-25,15.5,49.9,SYNTHETIC
Eastgate Office,DAY,2026-07-26,12.4,54.3,SYNTHETIC
Eastgate Office,DAY,2026-07-27,13.1,45.9,SYNTHETIC
Eastgate Office,DAY,2026-07-28,23.5,46.4,SYNTHETIC
Eastgate Office,DAY,2026-07-29,14.5,50.7,SYNTHETIC
Eastgate Office,DAY,2026-07-30,19.2,46.1,SYNTHETIC
Eastgate Office,DAY,2026-07-31,15.9,45.6,SYNTHETIC
Eastgate Office,EARLY,2026-05-01,2.7,48.0,SYNTHETIC
Eastgate Office,EARLY,2026-05-02,10.5,51.9,SYNTHETIC
Eastgate Office,EARLY,2026-05-03,27.4,48.0,SYNTHETIC
Eastgate Office,EARLY,2026-05-04,3.2,49.6,SYNTHETIC
Eastgate Office,EARLY,2026-05-05,4.1,55.7,SYNTHETIC
Eastgate Office,EARLY,2026-05-06,11.8,51.7,SYNTHETIC
Eastgate Office,EARLY,2026-05-07,14.9,50.5,SYNTHETIC
Eastgate Office,EARLY,2026-05-08,15.7,47.6,SYNTHETIC
Eastgate Office,EARLY,2026-05-09,8.8,53.1,SYNTHETIC
Eastgate Office,EARLY,2026-05-11,8.8,49.7,SYNTHETIC
Eastgate Office,EARLY,2026-05-12,9.4,49.5,SYNTHETIC
Eastgate Office,EARLY,2026-05-13,12.3,52.9,SYNTHETIC
Eastgate Office,EARLY,2026-05-14,4.7,52.5,SYNTHETIC
Eastgate Office,EARLY,2026-05-15,5.2,45.8,SYNTHETIC
Eastgate Office,EARLY,2026-05-16,29.5,47.2,SYNTHETIC
Eastgate Office,EARLY,2026-05-18,13.2,50.0,SYNTHETIC
Eastgate Office,EARLY,2026-05-19,4.2,42.7,SYNTHETIC
Eastgate Office,EARLY,2026-05-20,14.6,50.5,SYNTHETIC
Eastgate Office,EARLY,2026-05-21,19.8,47.9,SYNTHETIC
Eastgate Office,EARLY,2026-05-22,11.8,50.3,SYNTHETIC
Eastgate Office,EARLY,2026-05-23,15.0,45.6,SYNTHETIC
Eastgate Office,EARLY,2026-05-25,16.2,43.1,SYNTHETIC
Eastgate Office,EARLY,2026-05-26,9.8,55.9,SYNTHETIC
Eastgate Office,EARLY,2026-05-27,22.0,46.5,SYNTHETIC
Eastgate Office,EARLY,2026-05-28,13.7,46.7,SYNTHETIC
Eastgate Office,EARLY,2026-05-29,1.6,54.1,SYNTHETIC
Eastgate Office,EARLY,2026-05-30,2.0,54.0,SYNTHETIC
Eastgate Office,EARLY,2026-06-01,14.9,46.0,SYNTHETIC
Eastgate Office,EARLY,2026-06-02,14.2,52.6,SYNTHETIC
Eastgate Office,EARLY,2026-06-03,16.7,45.0,SYNTHETIC
Eastgate Office,EARLY,2026-06-04,0.0,57.0,SYNTHETIC
Eastgate Office,EARLY,2026-06-05,8.2,47.0,SYNTHETIC
Eastgate Office,EARLY,2026-06-06,3.8,49.5,SYNTHETIC
Eastgate Office,EARLY,2026-06-07,11.9,47.4,SYNTHETIC
Eastgate Office,EARLY,2026-06-08,11.2,52.9,SYNTHETIC
Eastgate Office,EARLY,2026-06-09,15.0,46.8,SYNTHETIC
Eastgate Office,EARLY,2026-06-10,13.0,46.7,SYNTHETIC
Eastgate Office,EARLY,2026-06-11,25.1,45.1,SYNTHETIC
Eastgate Office,EARLY,2026-06-12,10.4,53.2,SYNTHETIC
Eastgate Office,EARLY,2026-06-13,8.1,53.2,SYNTHETIC
Eastgate Office,EARLY,2026-06-14,10.0,53.2,SYNTHETIC
Eastgate Office,EARLY,2026-06-15,3.7,53.2,SYNTHETIC
Eastgate Office,EARLY,2026-06-16,8.6,51.7,SYNTHETIC
Eastgate Office,EARLY,2026-06-17,18.9,46.1,SYNTHETIC
Eastgate Office,EARLY,2026-06-18,13.1,46.4,SYNTHETIC
Eastgate Office,EARLY,2026-06-19,22.3,43.0,SYNTHETIC
Eastgate Office,EARLY,2026-06-20,9.1,52.1,SYNTHETIC
Eastgate Office,EARLY,2026-06-21,19.4,46.8,SYNTHETIC
Eastgate Office,EARLY,2026-06-22,8.8,52.5,SYNTHETIC
Eastgate Office,EARLY,2026-06-23,18.5,51.4,SYNTHETIC
Eastgate Office,EARLY,2026-06-24,10.3,50.5,SYNTHETIC
Eastgate Office,EARLY,2026-06-25,17.8,48.4,SYNTHETIC
Eastgate Office,EARLY,2026-06-26,7.7,50.4,SYNTHETIC
Eastgate Office,EARLY,2026-06-27,15.1,47.0,SYNTHETIC
Eastgate Office,EARLY,2026-06-28,18.1,46.0,SYNTHETIC
Eastgate Office,EARLY,2026-06-29,11.6,48.9,SYNTHETIC
Eastgate Office,EARLY,2026-06-30,15.0,54.4,SYNTHETIC
Eastgate Office,EARLY,2026-07-01,6.0,58.6,SYNTHETIC
Eastgate Office,EARLY,2026-07-02,12.3,52.3,SYNTHETIC
Eastgate Office,EARLY,2026-07-03,5.1,54.4,SYNTHETIC
Eastgate Office,EARLY,2026-07-04,4.7,55.5,SYNTHETIC
Eastgate Office,EARLY,2026-07-05,9.9,53.2,SYNTHETIC
Eastgate Office,EARLY,2026-07-06,14.2,46.1,SYNTHETIC
Eastgate Office,EARLY,2026-07-07,16.3,45.0,SYNTHETIC
Eastgate Office,EARLY,2026-07-08,25.4,41.0,SYNTHETIC
Eastgate Office,EARLY,2026-07-09,7.0,53.4,SYNTHETIC
Eastgate Office,EARLY,2026-07-10,17.4,44.9,SYNTHETIC
Eastgate Office,EARLY,2026-07-11,11.7,43.8,SYNTHETIC
Eastgate Office,EARLY,2026-07-12,6.9,53.7,SYNTHETIC
Eastgate Office,EARLY,2026-07-13,17.5,43.1,SYNTHETIC
Eastgate Office,EARLY,2026-07-14,14.5,49.1,SYNTHETIC
Eastgate Office,EARLY,2026-07-15,9.9,52.0,SYNTHETIC
Eastgate Office,EARLY,2026-07-16,0.9,53.4,SYNTHETIC
Eastgate Office,EARLY,2026-07-17,17.4,46.9,SYNTHETIC
Eastgate Office,EARLY,2026-07-18,3.9,46.9,SYNTHETIC
Eastgate Office,EARLY,2026-07-19,8.6,53.9,SYNTHETIC
Eastgate Office,EARLY,2026-07-20,0.0,58.3,SYNTHETIC
Eastgate Office,EARLY,2026-07-21,17.2,42.7,SYNTHETIC
Eastgate Office,EARLY,2026-07-22,4.7,58.9,SYNTHETIC
Eastgate Office,EARLY,2026-07-23,3.1,52.8,SYNTHETIC
Eastgate Office,EARLY,2026-07-24,12.7,49.7,SYNTHETIC
Eastgate Office,EARLY,2026-07-25,15.7,49.7,SYNTHETIC
Eastgate Office,EARLY,2026-07-26,15.8,49.9,SYNTHETIC
Eastgate Office,EARLY,2026-07-27,8.3,52.8,SYNTHETIC
Eastgate Office,EARLY,2026-07-28,16.1,49.0,SYNTHETIC
Eastgate Office,EARLY,2026-07-29,18.2,46.7,SYNTHETIC
Eastgate Office,EARLY,2026-07-30,2.6,49.2,SYNTHETIC
Eastgate Office,EARLY,2026-07-31,17.9,48.4,SYNTHETIC
Eastgate Office,EVENING,2026-05-01,11.6,51.9,SYNTHETIC
Eastgate Office,EVENING,2026-05-04,19.0,44.8,SYNTHETIC
Eastgate Office,EVENING,2026-05-05,12.4,46.5,SYNTHETIC
Eastgate Office,EVENING,2026-05-06,18.6,52.0,SYNTHETIC
Eastgate Office,EVENING,2026-05-07,12.9,48.4,SYNTHETIC
Eastgate Office,EVENING,2026-05-08,16.6,51.5,SYNTHETIC
Eastgate Office,EVENING,2026-05-11,12.9,47.4,SYNTHETIC
Eastgate Office,EVENING,2026-05-12,11.6,49.1,SYNTHETIC
Eastgate Office,EVENING,2026-05-13,21.8,50.2,SYNTHETIC
Eastgate Office,EVENING,2026-05-14,8.7,52.7,SYNTHETIC
Eastgate Office,EVENING,2026-05-15,19.1,46.7,SYNTHETIC
Eastgate Office,EVENING,2026-05-17,4.6,52.0,SYNTHETIC
Eastgate Office,EVENING,2026-05-18,9.8,51.5,SYNTHETIC
Eastgate Office,EVENING,2026-05-19,16.5,48.3,SYNTHETIC
Eastgate Office,EVENING,2026-05-20,14.6,43.8,SYNTHETIC
Eastgate Office,EVENING,2026-05-21,17.2,49.1,SYNTHETIC
Eastgate Office,EVENING,2026-05-22,6.2,56.0,SYNTHETIC
Eastgate Office,EVENING,2026-05-25,13.5,49.0,SYNTHETIC
Eastgate Office,EVENING,2026-05-26,21.2,45.1,SYNTHETIC
Eastgate Office,EVENING,2026-05-27,16.0,47.1,SYNTHETIC
Eastgate Office,EVENING,2026-05-28,3.0,52.6,SYNTHETIC
Eastgate Office,EVENING,2026-05-29,13.6,54.2,SYNTHETIC
Eastgate Office,EVENING,2026-06-01,17.9,45.2,SYNTHETIC
Eastgate Office,EVENING,2026-06-02,11.5,44.9,SYNTHETIC
Eastgate Office,EVENING,2026-06-03,4.8,57.8,SYNTHETIC
Eastgate Office,EVENING,2026-06-04,25.2,41.1,SYNTHETIC
Eastgate Office,EVENING,2026-06-05,5.3,54.9,SYNTHETIC
Eastgate Office,EVENING,2026-06-08,7.9,50.0,SYNTHETIC
Eastgate Office,EVENING,2026-06-09,3.9,54.6,SYNTHETIC
Eastgate Office,EVENING,2026-06-10,8.5,50.3,SYNTHETIC
Eastgate Office,EVENING,2026-06-11,5.4,51.4,SYNTHETIC
Eastgate Office,EVENING,2026-06-12,12.4,51.2,SYNTHETIC
Eastgate Office,EVENING,2026-06-15,13.6,49.5,SYNTHETIC
Eastgate Office,EVENING,2026-06-16,15.5,50.9,SYNTHETIC
Eastgate Office,EVENING,2026-06-17,14.3,46.6,SYNTHETIC
Eastgate Office,EVENING,2026-06-18,19.4,49.0,SYNTHETIC
Eastgate Office,EVENING,2026-06-19,15.4,46.9,SYNTHETIC
Eastgate Office,EVENING,2026-06-22,18.2,45.2,SYNTHETIC
Eastgate Office,EVENING,2026-06-23,27.5,42.2,SYNTHETIC
Eastgate Office,EVENING,2026-06-24,14.6,46.7,SYNTHETIC
Eastgate Office,EVENING,2026-06-25,10.7,52.7,SYNTHETIC
Eastgate Office,EVENING,2026-06-26,15.8,52.8,SYNTHETIC
Eastgate Office,EVENING,2026-06-29,6.8,56.4,SYNTHETIC
Eastgate Office,EVENING,2026-06-30,8.3,50.1,SYNTHETIC
Eastgate Office,EVENING,2026-07-01,10.4,49.5,SYNTHETIC
Eastgate Office,EVENING,2026-07-02,16.5,47.8,SYNTHETIC
Eastgate Office,EVENING,2026-07-03,13.7,50.8,SYNTHETIC
Eastgate Office,EVENING,2026-07-06,12.6,47.7,SYNTHETIC
Eastgate Office,EVENING,2026-07-07,15.5,46.7,SYNTHETIC
Eastgate Office,EVENING,2026-07-08,5.6,55.6,SYNTHETIC
Eastgate Office,EVENING,2026-07-09,10.6,50.7,SYNTHETIC
Eastgate Office,EVENING,2026-07-10,2.9,55.8,SYNTHETIC
Eastgate Office,EVENING,2026-07-13,18.8,42.7,SYNTHETIC
Eastgate Office,EVENING,2026-07-14,0.0,56.0,SYNTHETIC
Eastgate Office,EVENING,2026-07-15,9.1,50.9,SYNTHETIC
Eastgate Office,EVENING,2026-07-16,11.6,51.9,SYNTHETIC
Eastgate Office,EVENING,2026-07-17,12.7,47.6,SYNTHETIC
Eastgate Office,EVENING,2026-07-19,7.7,52.9,SYNTHETIC
Eastgate Office,EVENING,2026-07-20,3.1,60.7,SYNTHETIC
Eastgate Office,EVENING,2026-07-21,13.7,52.5,SYNTHETIC
Eastgate Office,EVENING,2026-07-22,13.1,52.6,SYNTHETIC
Eastgate Office,EVENING,2026-07-23,13.7,42.0,SYNTHETIC
Eastgate Office,EVENING,2026-07-24,14.0,49.5,SYNTHETIC
Eastgate Office,EVENING,2026-07-26,4.3,56.3,SYNTHETIC
Eastgate Office,EVENING,2026-07-27,10.2,51.9,SYNTHETIC
Eastgate Office,EVENING,2026-07-28,17.1,49.4,SYNTHETIC
Eastgate Office,EVENING,2026-07-29,17.9,47.5,SYNTHETIC
Eastgate Office,EVENING,2026-07-30,14.0,52.4,SYNTHETIC
Eastgate Office,EVENING,2026-07-31,5.1,53.2,SYNTHETIC
Eastgate Office,NIGHT,2026-05-01,11.3,50.0,SYNTHETIC
Eastgate Office,NIGHT,2026-05-02,14.1,44.2,SYNTHETIC
Eastgate Office,NIGHT,2026-05-03,8.7,51.5,SYNTHETIC
Eastgate Office,NIGHT,2026-05-04,15.3,47.5,SYNTHETIC
Eastgate Office,NIGHT,2026-05-05,9.6,51.8,SYNTHETIC
Eastgate Office,NIGHT,2026-05-06,19.2,43.7,SYNTHETIC
Eastgate Office,NIGHT,2026-05-07,19.3,45.3,SYNTHETIC
Eastgate Office,NIGHT,2026-05-08,14.8,47.6,SYNTHETIC
Eastgate Office,NIGHT,2026-05-09,8.0,51.9,SYNTHETIC
Eastgate Office,NIGHT,2026-05-10,8.2,52.5,SYNTHETIC
Eastgate Office,NIGHT,2026-05-11,10.3,51.8,SYNTHETIC
Eastgate Office,NIGHT,2026-05-12,7.3,52.2,SYNTHETIC
Eastgate Office,NIGHT,2026-05-13,12.6,47.8,SYNTHETIC
Eastgate Office,NIGHT,2026-05-14,18.9,45.4,SYNTHETIC
Eastgate Office,NIGHT,2026-05-15,12.9,56.5,SYNTHETIC
Eastgate Office,NIGHT,2026-05-16,1.6,56.1,SYNTHETIC
Eastgate Office,NIGHT,2026-05-17,18.7,42.9,SYNTHETIC
Eastgate Office,NIGHT,2026-05-18,20.3,47.0,SYNTHETIC
Eastgate Office,NIGHT,2026-05-19,8.9,51.7,SYNTHETIC
Eastgate Office,NIGHT,2026-05-20,0.8,57.5,SYNTHETIC
Eastgate Office,NIGHT,2026-05-21,13.1,48.9,SYNTHETIC
Eastgate Office,NIGHT,2026-05-22,25.1,44.0,SYNTHETIC
Eastgate Office,NIGHT,2026-05-23,18.0,46.7,SYNTHETIC
Eastgate Office,NIGHT,2026-05-24,14.8,41.3,SYNTHETIC
Eastgate Office,NIGHT,2026-05-25,0.4,59.3,SYNTHETIC
Eastgate Office,NIGHT,2026-05-26,24.9,44.9,SYNTHETIC
Eastgate Office,NIGHT,2026-05-27,29.5,38.4,SYNTHETIC
Eastgate Office,NIGHT,2026-05-28,7.4,50.7,SYNTHETIC
Eastgate Office,NIGHT,2026-05-29,19.9,46.4,SYNTHETIC
Eastgate Office,NIGHT,2026-05-30,23.3,52.2,SYNTHETIC
Eastgate Office,NIGHT,2026-06-01,13.0,47.5,SYNTHETIC
Eastgate Office,NIGHT,2026-06-02,11.2,51.4,SYNTHETIC
Eastgate Office,NIGHT,2026-06-03,7.2,53.8,SYNTHETIC
Eastgate Office,NIGHT,2026-06-04,21.6,44.9,SYNTHETIC
Eastgate Office,NIGHT,2026-06-05,0.3,53.0,SYNTHETIC
Eastgate Office,NIGHT,2026-06-06,21.4,46.3,SYNTHETIC
Eastgate Office,NIGHT,2026-06-08,0.0,54.4,SYNTHETIC
Eastgate Office,NIGHT,2026-06-09,5.6,53.9,SYNTHETIC
Eastgate Office,NIGHT,2026-06-10,18.5,48.5,SYNTHETIC
Eastgate Office,NIGHT,2026-06-11,13.0,52.0,SYNTHETIC
Eastgate Office,NIGHT,2026-06-12,14.3,48.7,SYNTHETIC
Eastgate Office,NIGHT,2026-06-13,11.6,52.7,SYNTHETIC
Eastgate Office,NIGHT,2026-06-15,16.3,52.2,SYNTHETIC
Eastgate Office,NIGHT,2026-06-16,2.3,53.0,SYNTHETIC
Eastgate Office,NIGHT,2026-06-17,0.0,60.6,SYNTHETIC
Eastgate Office,NIGHT,2026-06-18,18.3,51.4,SYNTHETIC
Eastgate Office,NIGHT,2026-06-19,7.4,50.0,SYNTHETIC
Eastgate Office,NIGHT,2026-06-20,11.3,47.4,SYNTHETIC
Eastgate Office,NIGHT,2026-06-21,11.2,44.0,SYNTHETIC
Eastgate Office,NIGHT,2026-06-22,14.1,47.6,SYNTHETIC
Eastgate Office,NIGHT,2026-06-23,11.5,47.8,SYNTHETIC
Eastgate Office,NIGHT,2026-06-24,3.8,50.1,SYNTHETIC
Eastgate Office,NIGHT,2026-06-25,15.6,50.6,SYNTHETIC
Eastgate Office,NIGHT,2026-06-26,17.8,47.7,SYNTHETIC
Eastgate Office,NIGHT,2026-06-27,19.0,43.8,SYNTHETIC
Eastgate Office,NIGHT,2026-06-29,12.2,50.0,SYNTHETIC
Eastgate Office,NIGHT,2026-06-30,10.8,50.3,SYNTHETIC
Eastgate Office,NIGHT,2026-07-01,20.7,47.9,SYNTHETIC
Eastgate Office,NIGHT,2026-07-02,13.3,49.2,SYNTHETIC
Eastgate Office,NIGHT,2026-07-03,22.4,51.7,SYNTHETIC
Eastgate Office,NIGHT,2026-07-04,1.9,56.6,SYNTHETIC
Eastgate Office,NIGHT,2026-07-06,5.6,51.3,SYNTHETIC
Eastgate Office,NIGHT,2026-07-07,9.0,46.1,SYNTHETIC
Eastgate Office,NIGHT,2026-07-08,14.6,47.0,SYNTHETIC
Eastgate Office,NIGHT,2026-07-09,12.7,54.2,SYNTHETIC
Eastgate Office,NIGHT,2026-07-10,4.8,53.1,SYNTHETIC
Eastgate Office,NIGHT,2026-07-11,9.1,50.3,SYNTHETIC
Eastgate Office,NIGHT,2026-07-13,18.8,44.0,SYNTHETIC
Eastgate Office,NIGHT,2026-07-14,5.2,55.3,SYNTHETIC
Eastgate Office,NIGHT,2026-07-15,9.9,50.0,SYNTHETIC
Eastgate Office,NIGHT,2026-07-16,9.8,49.4,SYNTHETIC
Eastgate Office,NIGHT,2026-07-17,7.0,51.2,SYNTHETIC
Eastgate Office,NIGHT,2026-07-18,6.8,57.2,SYNTHETIC
Eastgate Office,NIGHT,2026-07-19,15.7,48.6,SYNTHETIC
Eastgate Office,NIGHT,2026-07-20,4.0,53.1,SYNTHETIC
Eastgate Office,NIGHT,2026-07-21,8.2,47.3,SYNTHETIC
Eastgate Office,NIGHT,2026-07-22,17.9,49.5,SYNTHETIC
Eastgate Office,NIGHT,2026-07-23,13.3,50.8,SYNTHETIC
Eastgate Office,NIGHT,2026-07-24,12.0,47.0,SYNTHETIC
Eastgate Office,NIGHT,2026-07-25,5.4,56.9,SYNTHETIC
Eastgate Office,NIGHT,2026-07-27,20.9,46.7,SYNTHETIC
Eastgate Office,NIGHT,2026-07-28,17.9,43.3,SYNTHETIC
Eastgate Office,NIGHT,2026-07-29,13.5,50.3,SYNTHETIC
Eastgate Office,NIGHT,2026-07-30,12.2,51.2,SYNTHETIC
Eastgate Office,NIGHT,2026-07-31,13.1,55.8,SYNTHETIC
Fairview Commons,DAY,2026-05-05,12.9,50.1,SYNTHETIC
Fairview Commons,DAY,2026-05-06,14.2,46.9,SYNTHETIC
Fairview Commons,DAY,2026-05-07,14.3,47.3,SYNTHETIC
Fairview Commons,DAY,2026-05-08,17.6,47.0,SYNTHETIC
Fairview Commons,DAY,2026-05-11,12.0,48.3,SYNTHETIC
Fairview Commons,DAY,2026-05-12,13.9,47.9,SYNTHETIC
Fairview Commons,DAY,2026-05-13,21.6,48.1,SYNTHETIC
Fairview Commons,DAY,2026-05-15,12.6,56.6,SYNTHETIC
Fairview Commons,DAY,2026-05-18,17.8,50.8,SYNTHETIC
Fairview Commons,DAY,2026-05-19,20.9,44.3,SYNTHETIC
Fairview Commons,DAY,2026-05-20,17.0,47.3,SYNTHETIC
Fairview Commons,DAY,2026-05-21,18.0,53.5,SYNTHETIC
Fairview Commons,DAY,2026-05-22,17.8,45.9,SYNTHETIC
Fairview Commons,DAY,2026-05-25,17.8,49.9,SYNTHETIC
Fairview Commons,DAY,2026-05-26,7.8,46.3,SYNTHETIC
Fairview Commons,DAY,2026-05-27,11.5,44.3,SYNTHETIC
Fairview Commons,DAY,2026-06-01,13.7,47.3,SYNTHETIC
Fairview Commons,DAY,2026-06-03,88.2,14.2,SYNTHETIC
Fairview Commons,DAY,2026-06-05,17.3,48.2,SYNTHETIC
Fairview Commons,DAY,2026-06-08,4.5,57.2,SYNTHETIC
Fairview Commons,DAY,2026-06-15,16.3,47.4,SYNTHETIC
Fairview Commons,DAY,2026-06-16,15.6,44.4,SYNTHETIC
Fairview Commons,DAY,2026-06-17,14.0,48.4,SYNTHETIC
Fairview Commons,DAY,2026-06-18,16.0,49.4,SYNTHETIC
Fairview Commons,DAY,2026-06-22,13.7,48.8,SYNTHETIC
Fairview Commons,DAY,2026-06-23,14.2,51.2,SYNTHETIC
Fairview Commons,DAY,2026-06-24,10.6,50.3,SYNTHETIC
Fairview Commons,DAY,2026-06-25,0.8,53.6,SYNTHETIC
Fairview Commons,DAY,2026-06-29,15.0,47.2,SYNTHETIC
Fairview Commons,DAY,2026-06-30,6.7,48.2,SYNTHETIC
Fairview Commons,DAY,2026-07-01,8.3,48.4,SYNTHETIC
Fairview Commons,DAY,2026-07-02,11.9,48.9,SYNTHETIC
Fairview Commons,DAY,2026-07-06,0.0,55.1,SYNTHETIC
Fairview Commons,DAY,2026-07-07,4.3,54.1,SYNTHETIC
Fairview Commons,DAY,2026-07-08,12.4,47.7,SYNTHETIC
Fairview Commons,DAY,2026-07-09,17.4,48.1,SYNTHETIC
Fairview Commons,DAY,2026-07-10,13.3,48.4,SYNTHETIC
Fairview Commons,DAY,2026-07-13,0.4,49.5,SYNTHETIC
Fairview Commons,DAY,2026-07-14,12.2,48.7,SYNTHETIC
Fairview Commons,DAY,2026-07-15,4.1,51.4,SYNTHETIC
Fairview Commons,DAY,2026-07-20,11.3,51.7,SYNTHETIC
Fairview Commons,DAY,2026-07-21,19.9,50.5,SYNTHETIC
Fairview Commons,DAY,2026-07-22,14.1,47.4,SYNTHETIC
Fairview Commons,DAY,2026-07-23,24.4,43.7,SYNTHETIC
Fairview Commons,DAY,2026-07-27,4.4,53.4,SYNTHETIC
Fairview Commons,DAY,2026-07-28,0.3,54.1,SYNTHETIC
Fairview Commons,DAY,2026-07-29,17.8,46.3,SYNTHETIC
Fairview Commons,EARLY,2026-05-01,6.5,54.8,SYNTHETIC
Fairview Commons,EARLY,2026-05-04,7.9,54.7,SYNTHETIC
Fairview Commons,EARLY,2026-05-05,10.3,48.3,SYNTHETIC
Fairview Commons,EARLY,2026-05-06,15.4,47.8,SYNTHETIC
Fairview Commons,EARLY,2026-05-07,13.0,48.6,SYNTHETIC
Fairview Commons,EARLY,2026-05-08,26.1,38.8,SYNTHETIC
Fairview Commons,EARLY,2026-05-09,3.3,57.9,SYNTHETIC
Fairview Commons,EARLY,2026-05-12,6.5,52.3,SYNTHETIC
Fairview Commons,EARLY,2026-05-13,6.6,54.8,SYNTHETIC
Fairview Commons,EARLY,2026-05-14,0.0,52.8,SYNTHETIC
Fairview Commons,EARLY,2026-05-15,19.8,44.3,SYNTHETIC
Fairview Commons,EARLY,2026-05-18,4.0,51.2,SYNTHETIC
Fairview Commons,EARLY,2026-05-19,18.3,52.1,SYNTHETIC
Fairview Commons,EARLY,2026-05-20,15.7,49.0,SYNTHETIC
Fairview Commons,EARLY,2026-05-21,7.6,46.7,SYNTHETIC
Fairview Commons,EARLY,2026-05-22,1.5,56.3,SYNTHETIC
Fairview Commons,EARLY,2026-05-23,18.9,50.2,SYNTHETIC
Fairview Commons,EARLY,2026-05-25,12.2,54.3,SYNTHETIC
Fairview Commons,EARLY,2026-05-26,11.2,50.6,SYNTHETIC
Fairview Commons,EARLY,2026-05-27,12.0,48.2,SYNTHETIC
Fairview Commons,EARLY,2026-05-28,15.1,52.9,SYNTHETIC
Fairview Commons,EARLY,2026-05-29,5.9,55.3,SYNTHETIC
Fairview Commons,EARLY,2026-05-30,25.7,45.0,SYNTHETIC
Fairview Commons,EARLY,2026-05-31,20.6,46.6,SYNTHETIC
Fairview Commons,EARLY,2026-06-01,19.8,50.6,SYNTHETIC
Fairview Commons,EARLY,2026-06-02,10.6,49.1,SYNTHETIC
Fairview Commons,EARLY,2026-06-03,6.8,47.3,SYNTHETIC
Fairview Commons,EARLY,2026-06-04,16.2,44.7,SYNTHETIC
Fairview Commons,EARLY,2026-06-05,4.7,53.7,SYNTHETIC
Fairview Commons,EARLY,2026-06-06,7.4,51.6,SYNTHETIC
Fairview Commons,EARLY,2026-06-08,2.1,54.3,SYNTHETIC
Fairview Commons,EARLY,2026-06-09,18.9,49.1,SYNTHETIC
Fairview Commons,EARLY,2026-06-10,21.5,50.1,SYNTHETIC
Fairview Commons,EARLY,2026-06-11,4.0,56.9,SYNTHETIC
Fairview Commons,EARLY,2026-06-12,15.8,46.3,SYNTHETIC
Fairview Commons,EARLY,2026-06-15,7.8,50.4,SYNTHETIC
Fairview Commons,EARLY,2026-06-16,10.9,49.3,SYNTHETIC
Fairview Commons,EARLY,2026-06-17,18.6,41.3,SYNTHETIC
Fairview Commons,EARLY,2026-06-18,12.7,51.4,SYNTHETIC
Fairview Commons,EARLY,2026-06-19,16.8,46.7,SYNTHETIC
Fairview Commons,EARLY,2026-06-20,24.0,45.6,SYNTHETIC
Fairview Commons,EARLY,2026-06-22,9.7,50.8,SYNTHETIC
Fairview Commons,EARLY,2026-06-23,11.0,47.1,SYNTHETIC
Fairview Commons,EARLY,2026-06-24,15.7,47.3,SYNTHETIC
Fairview Commons,EARLY,2026-06-25,12.5,51.8,SYNTHETIC
Fairview Commons,EARLY,2026-06-26,10.3,51.1,SYNTHETIC
Fairview Commons,EARLY,2026-06-27,13.6,50.9,SYNTHETIC
Fairview Commons,EARLY,2026-06-29,13.9,49.2,SYNTHETIC
Fairview Commons,EARLY,2026-06-30,12.6,50.4,SYNTHETIC
Fairview Commons,EARLY,2026-07-01,19.5,43.1,SYNTHETIC
Fairview Commons,EARLY,2026-07-02,9.8,52.4,SYNTHETIC
Fairview Commons,EARLY,2026-07-03,13.5,50.6,SYNTHETIC
Fairview Commons,EARLY,2026-07-04,10.6,48.6,SYNTHETIC
Fairview Commons,EARLY,2026-07-06,20.3,44.3,SYNTHETIC
Fairview Commons,EARLY,2026-07-07,12.2,50.6,SYNTHETIC
Fairview Commons,EARLY,2026-07-08,9.0,53.9,SYNTHETIC
Fairview Commons,EARLY,2026-07-09,18.3,40.4,SYNTHETIC
Fairview Commons,EARLY,2026-07-10,19.6,47.3,SYNTHETIC
Fairview Commons,EARLY,2026-07-11,29.4,41.7,SYNTHETIC
Fairview Commons,EARLY,2026-07-13,10.1,47.8,SYNTHETIC
Fairview Commons,EARLY,2026-07-14,11.0,48.7,SYNTHETIC
Fairview Commons,EARLY,2026-07-15,9.7,51.8,SYNTHETIC
Fairview Commons,EARLY,2026-07-16,15.8,49.4,SYNTHETIC
Fairview Commons,EARLY,2026-07-17,12.2,47.0,SYNTHETIC
Fairview Commons,EARLY,2026-07-18,12.8,51.3,SYNTHETIC
Fairview Commons,EARLY,2026-07-20,12.9,47.4,SYNTHETIC
Fairview Commons,EARLY,2026-07-21,4.9,57.4,SYNTHETIC
Fairview Commons,EARLY,2026-07-22,13.6,52.3,SYNTHETIC
Fairview Commons,EARLY,2026-07-23,28.5,43.2,SYNTHETIC
Fairview Commons,EARLY,2026-07-24,8.4,53.9,SYNTHETIC
Fairview Commons,EARLY,2026-07-25,3.8,53.8,SYNTHETIC
Fairview Commons,EARLY,2026-07-27,7.6,51.7,SYNTHETIC
Fairview Commons,EARLY,2026-07-28,6.2,51.6,SYNTHETIC
Fairview Commons,EARLY,2026-07-29,9.6,45.5,SYNTHETIC
Fairview Commons,EARLY,2026-07-30,16.0,45.5,SYNTHETIC
Fairview Commons,EARLY,2026-07-31,13.4,48.1,SYNTHETIC
Fairview Commons,EVENING,2026-05-01,5.7,47.9,SYNTHETIC
Fairview Commons,EVENING,2026-05-04,8.9,54.1,SYNTHETIC
Fairview Commons,EVENING,2026-05-05,8.4,48.5,SYNTHETIC
Fairview Commons,EVENING,2026-05-06,5.6,53.4,SYNTHETIC
Fairview Commons,EVENING,2026-05-07,2.0,55.7,SYNTHETIC
Fairview Commons,EVENING,2026-05-08,22.6,47.8,SYNTHETIC
Fairview Commons,EVENING,2026-05-11,11.7,48.8,SYNTHETIC
Fairview Commons,EVENING,2026-05-12,17.6,48.6,SYNTHETIC
Fairview Commons,EVENING,2026-05-13,5.8,54.1,SYNTHETIC
Fairview Commons,EVENING,2026-05-14,13.9,46.0,SYNTHETIC
Fairview Commons,EVENING,2026-05-15,10.9,54.5,SYNTHETIC
Fairview Commons,EVENING,2026-05-18,24.8,44.7,SYNTHETIC
Fairview Commons,EVENING,2026-05-19,12.9,49.6,SYNTHETIC
Fairview Commons,EVENING,2026-05-20,5.0,55.3,SYNTHETIC
Fairview Commons,EVENING,2026-05-21,10.4,51.8,SYNTHETIC
Fairview Commons,EVENING,2026-05-22,22.2,42.7,SYNTHETIC
Fairview Commons,EVENING,2026-05-25,7.0,56.3,SYNTHETIC
Fairview Commons,EVENING,2026-05-26,19.7,44.5,SYNTHETIC
Fairview Commons,EVENING,2026-05-27,13.9,49.9,SYNTHETIC
Fairview Commons,EVENING,2026-05-28,0.0,55.6,SYNTHETIC
Fairview Commons,EVENING,2026-05-29,12.2,49.1,SYNTHETIC
Fairview Commons,EVENING,2026-05-30,8.5,53.0,SYNTHETIC
Fairview Commons,EVENING,2026-05-31,10.7,48.1,SYNTHETIC
Fairview Commons,EVENING,2026-06-01,6.9,49.2,SYNTHETIC
Fairview Commons,EVENING,2026-06-02,22.1,43.5,SYNTHETIC
Fairview Commons,EVENING,2026-06-03,8.7,55.5,SYNTHETIC
Fairview Commons,EVENING,2026-06-04,13.8,49.1,SYNTHETIC
Fairview Commons,EVENING,2026-06-05,11.5,51.9,SYNTHETIC
Fairview Commons,EVENING,2026-06-08,7.3,49.0,SYNTHETIC
Fairview Commons,EVENING,2026-06-09,12.6,54.5,SYNTHETIC
Fairview Commons,EVENING,2026-06-10,17.5,51.7,SYNTHETIC
Fairview Commons,EVENING,2026-06-11,10.9,49.5,SYNTHETIC
Fairview Commons,EVENING,2026-06-12,11.8,51.4,SYNTHETIC
Fairview Commons,EVENING,2026-06-15,11.0,50.1,SYNTHETIC
Fairview Commons,EVENING,2026-06-16,12.9,47.8,SYNTHETIC
Fairview Commons,EVENING,2026-06-17,10.0,43.3,SYNTHETIC
Fairview Commons,EVENING,2026-06-18,10.2,46.0,SYNTHETIC
Fairview Commons,EVENING,2026-06-19,6.1,53.8,SYNTHETIC
Fairview Commons,EVENING,2026-06-22,11.5,49.0,SYNTHETIC
Fairview Commons,EVENING,2026-06-23,10.2,54.2,SYNTHETIC
Fairview Commons,EVENING,2026-06-24,23.8,45.2,SYNTHETIC
Fairview Commons,EVENING,2026-06-25,6.8,50.4,SYNTHETIC
Fairview Commons,EVENING,2026-06-26,4.4,54.6,SYNTHETIC
Fairview Commons,EVENING,2026-06-29,3.1,54.9,SYNTHETIC
Fairview Commons,EVENING,2026-06-30,14.1,52.7,SYNTHETIC
Fairview Commons,EVENING,2026-07-01,20.7,44.0,SYNTHETIC
Fairview Commons,EVENING,2026-07-02,17.8,43.6,SYNTHETIC
Fairview Commons,EVENING,2026-07-03,9.3,57.0,SYNTHETIC
Fairview Commons,EVENING,2026-07-06,13.9,45.2,SYNTHETIC
Fairview Commons,EVENING,2026-07-07,15.4,53.1,SYNTHETIC
Fairview Commons,EVENING,2026-07-08,10.2,52.5,SYNTHETIC
Fairview Commons,EVENING,2026-07-09,12.4,48.1,SYNTHETIC
Fairview Commons,EVENING,2026-07-10,7.7,48.1,SYNTHETIC
Fairview Commons,EVENING,2026-07-13,19.0,45.2,SYNTHETIC
Fairview Commons,EVENING,2026-07-14,20.8,42.9,SYNTHETIC
Fairview Commons,EVENING,2026-07-15,10.3,51.7,SYNTHETIC
Fairview Commons,EVENING,2026-07-16,18.6,46.0,SYNTHETIC
Fairview Commons,EVENING,2026-07-17,17.1,53.2,SYNTHETIC
Fairview Commons,EVENING,2026-07-20,4.6,56.4,SYNTHETIC
Fairview Commons,EVENING,2026-07-21,11.2,51.8,SYNTHETIC
Fairview Commons,EVENING,2026-07-22,0.0,53.8,SYNTHETIC
Fairview Commons,EVENING,2026-07-23,19.5,47.9,SYNTHETIC
Fairview Commons,EVENING,2026-07-24,21.1,44.2,SYNTHETIC
Fairview Commons,EVENING,2026-07-27,10.7,50.4,SYNTHETIC
Fairview Commons,EVENING,2026-07-28,14.5,45.3,SYNTHETIC
Fairview Commons,EVENING,2026-07-29,11.2,49.5,SYNTHETIC
Fairview Commons,EVENING,2026-07-30,11.1,56.5,SYNTHETIC
Fairview Commons,EVENING,2026-07-31,3.6,51.0,SYNTHETIC
Fairview Commons,NIGHT,2026-05-01,15.1,46.3,SYNTHETIC
Fairview Commons,NIGHT,2026-05-02,15.8,44.2,SYNTHETIC
Fairview Commons,NIGHT,2026-05-04,3.2,46.1,SYNTHETIC
Fairview Commons,NIGHT,2026-05-05,8.5,49.6,SYNTHETIC
Fairview Commons,NIGHT,2026-05-06,21.1,45.3,SYNTHETIC
Fairview Commons,NIGHT,2026-05-07,3.6,52.7,SYNTHETIC
Fairview Commons,NIGHT,2026-05-08,8.8,50.7,SYNTHETIC
Fairview Commons,NIGHT,2026-05-09,5.5,52.6,SYNTHETIC
Fairview Commons,NIGHT,2026-05-11,12.2,49.7,SYNTHETIC
Fairview Commons,NIGHT,2026-05-12,22.4,43.0,SYNTHETIC
Fairview Commons,NIGHT,2026-05-13,15.7,48.8,SYNTHETIC
Fairview Commons,NIGHT,2026-05-14,6.3,55.4,SYNTHETIC
Fairview Commons,NIGHT,2026-05-15,8.9,53.9,SYNTHETIC
Fairview Commons,NIGHT,2026-05-16,17.4,45.3,SYNTHETIC
Fairview Commons,NIGHT,2026-05-18,9.9,51.9,SYNTHETIC
Fairview Commons,NIGHT,2026-05-19,15.9,52.2,SYNTHETIC
Fairview Commons,NIGHT,2026-05-20,6.9,50.1,SYNTHETIC
Fairview Commons,NIGHT,2026-05-21,15.2,52.4,SYNTHETIC
Fairview Commons,NIGHT,2026-05-22,8.1,53.2,SYNTHETIC
Fairview Commons,NIGHT,2026-05-23,19.0,52.2,SYNTHETIC
Fairview Commons,NIGHT,2026-05-25,6.2,53.8,SYNTHETIC
Fairview Commons,NIGHT,2026-05-26,16.2,43.0,SYNTHETIC
Fairview Commons,NIGHT,2026-05-27,8.4,45.1,SYNTHETIC
Fairview Commons,NIGHT,2026-05-28,8.8,49.4,SYNTHETIC
Fairview Commons,NIGHT,2026-05-29,12.9,52.3,SYNTHETIC
Fairview Commons,NIGHT,2026-05-30,21.8,47.9,SYNTHETIC
Fairview Commons,NIGHT,2026-06-01,11.1,47.8,SYNTHETIC
Fairview Commons,NIGHT,2026-06-02,18.6,47.6,SYNTHETIC
Fairview Commons,NIGHT,2026-06-03,21.1,43.6,SYNTHETIC
Fairview Commons,NIGHT,2026-06-04,14.7,51.0,SYNTHETIC
Fairview Commons,NIGHT,2026-06-05,16.9,43.4,SYNTHETIC
Fairview Commons,NIGHT,2026-06-06,1.5,50.7,SYNTHETIC
Fairview Commons,NIGHT,2026-06-08,9.7,48.9,SYNTHETIC
Fairview Commons,NIGHT,2026-06-09,16.4,50.5,SYNTHETIC
Fairview Commons,NIGHT,2026-06-10,10.8,49.4,SYNTHETIC
Fairview Commons,NIGHT,2026-06-11,3.6,48.6,SYNTHETIC
Fairview Commons,NIGHT,2026-06-12,6.8,55.1,SYNTHETIC
Fairview Commons,NIGHT,2026-06-13,11.3,49.1,SYNTHETIC
Fairview Commons,NIGHT,2026-06-15,6.5,48.1,SYNTHETIC
Fairview Commons,NIGHT,2026-06-16,8.1,55.3,SYNTHETIC
Fairview Commons,NIGHT,2026-06-17,17.4,46.2,SYNTHETIC
Fairview Commons,NIGHT,2026-06-18,7.7,51.4,SYNTHETIC
Fairview Commons,NIGHT,2026-06-19,7.8,53.1,SYNTHETIC
Fairview Commons,NIGHT,2026-06-20,4.1,54.0,SYNTHETIC
Fairview Commons,NIGHT,2026-06-22,11.3,51.2,SYNTHETIC
Fairview Commons,NIGHT,2026-06-23,9.5,48.9,SYNTHETIC
Fairview Commons,NIGHT,2026-06-24,3.8,53.1,SYNTHETIC
Fairview Commons,NIGHT,2026-06-25,0.1,54.3,SYNTHETIC
Fairview Commons,NIGHT,2026-06-26,7.3,55.8,SYNTHETIC
Fairview Commons,NIGHT,2026-06-27,5.7,52.6,SYNTHETIC
Fairview Commons,NIGHT,2026-06-28,8.2,53.8,SYNTHETIC
Fairview Commons,NIGHT,2026-06-29,13.2,51.1,SYNTHETIC
Fairview Commons,NIGHT,2026-06-30,3.3,52.3,SYNTHETIC
Fairview Commons,NIGHT,2026-07-01,13.1,49.3,SYNTHETIC
Fairview Commons,NIGHT,2026-07-02,13.6,49.6,SYNTHETIC
Fairview Commons,NIGHT,2026-07-03,12.9,42.5,SYNTHETIC
Fairview Commons,NIGHT,2026-07-04,9.2,47.7,SYNTHETIC
Fairview Commons,NIGHT,2026-07-05,19.2,51.0,SYNTHETIC
Fairview Commons,NIGHT,2026-07-06,12.4,47.7,SYNTHETIC
Fairview Commons,NIGHT,2026-07-07,16.0,44.9,SYNTHETIC
Fairview Commons,NIGHT,2026-07-08,14.0,47.2,SYNTHETIC
Fairview Commons,NIGHT,2026-07-09,13.1,54.0,SYNTHETIC
Fairview Commons,NIGHT,2026-07-10,15.2,48.4,SYNTHETIC
Fairview Commons,NIGHT,2026-07-11,12.6,53.7,SYNTHETIC
Fairview Commons,NIGHT,2026-07-12,11.5,50.5,SYNTHETIC
Fairview Commons,NIGHT,2026-07-13,11.5,56.0,SYNTHETIC
Fairview Commons,NIGHT,2026-07-14,10.5,49.8,SYNTHETIC
Fairview Commons,NIGHT,2026-07-15,1.1,52.2,SYNTHETIC
Fairview Commons,NIGHT,2026-07-16,12.8,53.9,SYNTHETIC
Fairview Commons,NIGHT,2026-07-17,21.5,47.2,SYNTHETIC
Fairview Commons,NIGHT,2026-07-18,8.1,52.4,SYNTHETIC
Fairview Commons,NIGHT,2026-07-19,3.0,55.3,SYNTHETIC
Fairview Commons,NIGHT,2026-07-20,16.4,47.8,SYNTHETIC
Fairview Commons,NIGHT,2026-07-21,3.8,57.0,SYNTHETIC
Fairview Commons,NIGHT,2026-07-22,13.7,47.6,SYNTHETIC
Fairview Commons,NIGHT,2026-07-23,3.2,43.8,SYNTHETIC
Fairview Commons,NIGHT,2026-07-24,12.5,53.3,SYNTHETIC
Fairview Commons,NIGHT,2026-07-25,7.9,45.7,SYNTHETIC
Fairview Commons,NIGHT,2026-07-26,14.3,52.4,SYNTHETIC
Fairview Commons,NIGHT,2026-07-27,11.7,55.9,SYNTHETIC
Fairview Commons,NIGHT,2026-07-28,19.1,49.9,SYNTHETIC
Fairview Commons,NIGHT,2026-07-29,11.2,54.0,SYNTHETIC
Fairview Commons,NIGHT,2026-07-30,19.6,42.5,SYNTHETIC
Fairview Commons,NIGHT,2026-07-31,9.1,45.9,SYNTHETIC
Kirkland Center,DAY,2026-05-12,78.6,16.7,SYNTHETIC
Kirkland Center,DAY,2026-07-15,5.3,52.2,SYNTHETIC
Kirkland Center,EVENING,2026-05-26,6.6,51.2,SYNTHETIC
Kirkland Center,EVENING,2026-06-03,13.2,55.9,SYNTHETIC
Lakeside Commons,DAY,2026-05-01,8.7,50.4,SYNTHETIC
Lakeside Commons,DAY,2026-05-04,4.7,57.1,SYNTHETIC
Lakeside Commons,DAY,2026-05-05,9.9,50.5,SYNTHETIC
Lakeside Commons,DAY,2026-05-06,25.1,42.5,SYNTHETIC
Lakeside Commons,DAY,2026-05-07,11.8,51.7,SYNTHETIC
Lakeside Commons,DAY,2026-05-08,25.8,43.1,SYNTHETIC
Lakeside Commons,DAY,2026-05-11,20.1,46.6,SYNTHETIC
Lakeside Commons,DAY,2026-05-12,13.8,48.6,SYNTHETIC
Lakeside Commons,DAY,2026-05-13,9.1,47.6,SYNTHETIC
Lakeside Commons,DAY,2026-05-14,11.2,46.7,SYNTHETIC
Lakeside Commons,DAY,2026-05-15,5.0,55.4,SYNTHETIC
Lakeside Commons,DAY,2026-05-18,17.5,50.0,SYNTHETIC
Lakeside Commons,DAY,2026-05-19,23.5,41.2,SYNTHETIC
Lakeside Commons,DAY,2026-05-20,14.7,50.2,SYNTHETIC
Lakeside Commons,DAY,2026-05-21,16.9,48.1,SYNTHETIC
Lakeside Commons,DAY,2026-05-22,18.1,50.1,SYNTHETIC
Lakeside Commons,DAY,2026-05-23,12.7,49.6,SYNTHETIC
Lakeside Commons,DAY,2026-05-25,15.8,54.8,SYNTHETIC
Lakeside Commons,DAY,2026-05-26,23.3,44.6,SYNTHETIC
Lakeside Commons,DAY,2026-05-27,13.7,49.6,SYNTHETIC
Lakeside Commons,DAY,2026-05-28,16.1,45.2,SYNTHETIC
Lakeside Commons,DAY,2026-05-29,10.6,53.1,SYNTHETIC
Lakeside Commons,DAY,2026-06-01,8.8,50.1,SYNTHETIC
Lakeside Commons,DAY,2026-06-02,25.0,52.1,SYNTHETIC
Lakeside Commons,DAY,2026-06-03,23.2,50.2,SYNTHETIC
Lakeside Commons,DAY,2026-06-04,31.7,41.4,SYNTHETIC
Lakeside Commons,DAY,2026-06-05,21.2,49.2,SYNTHETIC
Lakeside Commons,DAY,2026-06-08,31.9,41.0,SYNTHETIC
Lakeside Commons,DAY,2026-06-09,25.7,40.3,SYNTHETIC
Lakeside Commons,DAY,2026-06-10,10.3,51.3,SYNTHETIC
Lakeside Commons,DAY,2026-06-11,26.5,47.7,SYNTHETIC
Lakeside Commons,DAY,2026-06-12,1.3,55.4,SYNTHETIC
Lakeside Commons,DAY,2026-06-15,18.4,45.8,SYNTHETIC
Lakeside Commons,DAY,2026-06-16,22.6,44.2,SYNTHETIC
Lakeside Commons,DAY,2026-06-17,6.8,54.4,SYNTHETIC
Lakeside Commons,DAY,2026-06-18,19.0,44.0,SYNTHETIC
Lakeside Commons,DAY,2026-06-19,4.5,52.4,SYNTHETIC
Lakeside Commons,DAY,2026-06-22,19.1,42.4,SYNTHETIC
Lakeside Commons,DAY,2026-06-23,19.4,48.7,SYNTHETIC
Lakeside Commons,DAY,2026-06-24,21.7,44.4,SYNTHETIC
Lakeside Commons,DAY,2026-06-25,5.4,49.6,SYNTHETIC
Lakeside Commons,DAY,2026-06-26,21.9,43.0,SYNTHETIC
Lakeside Commons,DAY,2026-06-29,14.3,53.5,SYNTHETIC
Lakeside Commons,DAY,2026-06-30,14.3,47.5,SYNTHETIC
Lakeside Commons,DAY,2026-07-01,37.6,35.3,SYNTHETIC
Lakeside Commons,DAY,2026-07-02,9.8,52.5,SYNTHETIC
Lakeside Commons,DAY,2026-07-03,14.8,50.8,SYNTHETIC
Lakeside Commons,DAY,2026-07-06,26.0,40.9,SYNTHETIC
Lakeside Commons,DAY,2026-07-07,21.3,41.0,SYNTHETIC
Lakeside Commons,DAY,2026-07-08,26.8,46.3,SYNTHETIC
Lakeside Commons,DAY,2026-07-09,7.4,48.7,SYNTHETIC
Lakeside Commons,DAY,2026-07-10,14.3,51.5,SYNTHETIC
Lakeside Commons,DAY,2026-07-13,19.0,43.8,SYNTHETIC
Lakeside Commons,DAY,2026-07-14,18.8,49.3,SYNTHETIC
Lakeside Commons,DAY,2026-07-15,8.1,48.5,SYNTHETIC
Lakeside Commons,DAY,2026-07-16,18.5,46.8,SYNTHETIC
Lakeside Commons,DAY,2026-07-17,11.0,51.1,SYNTHETIC
Lakeside Commons,DAY,2026-07-20,15.4,45.9,SYNTHETIC
Lakeside Commons,DAY,2026-07-21,28.5,45.0,SYNTHETIC
Lakeside Commons,DAY,2026-07-22,22.7,37.6,SYNTHETIC
Lakeside Commons,DAY,2026-07-23,11.8,52.1,SYNTHETIC
Lakeside Commons,DAY,2026-07-24,10.5,50.8,SYNTHETIC
Lakeside Commons,DAY,2026-07-27,3.7,55.5,SYNTHETIC
Lakeside Commons,DAY,2026-07-28,13.5,48.1,SYNTHETIC
Lakeside Commons,DAY,2026-07-29,11.2,51.0,SYNTHETIC
Lakeside Commons,DAY,2026-07-30,25.8,48.2,SYNTHETIC
Lakeside Commons,DAY,2026-07-31,7.5,47.1,SYNTHETIC
Lakeside Commons,EARLY,2026-05-01,4.9,48.1,SYNTHETIC
Lakeside Commons,EARLY,2026-05-02,17.7,45.6,SYNTHETIC
Lakeside Commons,EARLY,2026-05-04,17.4,47.1,SYNTHETIC
Lakeside Commons,EARLY,2026-05-05,16.4,49.6,SYNTHETIC
Lakeside Commons,EARLY,2026-05-06,12.4,49.8,SYNTHETIC
Lakeside Commons,EARLY,2026-05-07,11.3,45.5,SYNTHETIC
Lakeside Commons,EARLY,2026-05-08,18.4,43.7,SYNTHETIC
Lakeside Commons,EARLY,2026-05-09,0.0,62.4,SYNTHETIC
Lakeside Commons,EARLY,2026-05-11,9.3,46.9,SYNTHETIC
Lakeside Commons,EARLY,2026-05-12,16.6,46.4,SYNTHETIC
Lakeside Commons,EARLY,2026-05-13,11.3,50.0,SYNTHETIC
Lakeside Commons,EARLY,2026-05-14,18.6,50.8,SYNTHETIC
Lakeside Commons,EARLY,2026-05-15,18.2,46.7,SYNTHETIC
Lakeside Commons,EARLY,2026-05-16,19.3,47.3,SYNTHETIC
Lakeside Commons,EARLY,2026-05-18,11.2,51.8,SYNTHETIC
Lakeside Commons,EARLY,2026-05-19,13.9,48.3,SYNTHETIC
Lakeside Commons,EARLY,2026-05-20,16.8,50.3,SYNTHETIC
Lakeside Commons,EARLY,2026-05-21,21.3,48.1,SYNTHETIC
Lakeside Commons,EARLY,2026-05-22,13.5,53.1,SYNTHETIC
Lakeside Commons,EARLY,2026-05-25,17.1,48.7,SYNTHETIC
Lakeside Commons,EARLY,2026-05-26,0.8,55.8,SYNTHETIC
Lakeside Commons,EARLY,2026-05-27,7.6,50.9,SYNTHETIC
Lakeside Commons,EARLY,2026-05-28,14.1,48.9,SYNTHETIC
Lakeside Commons,EARLY,2026-05-29,10.5,50.9,SYNTHETIC
Lakeside Commons,EARLY,2026-05-30,15.2,50.4,SYNTHETIC
Lakeside Commons,EARLY,2026-06-01,19.0,44.3,SYNTHETIC
Lakeside Commons,EARLY,2026-06-02,12.3,51.8,SYNTHETIC
Lakeside Commons,EARLY,2026-06-03,8.7,55.9,SYNTHETIC
Lakeside Commons,EARLY,2026-06-04,15.8,48.8,SYNTHETIC
Lakeside Commons,EARLY,2026-06-05,15.7,46.9,SYNTHETIC
Lakeside Commons,EARLY,2026-06-06,16.2,51.7,SYNTHETIC
Lakeside Commons,EARLY,2026-06-08,9.9,54.1,SYNTHETIC
Lakeside Commons,EARLY,2026-06-09,8.2,55.8,SYNTHETIC
Lakeside Commons,EARLY,2026-06-10,12.4,47.3,SYNTHETIC
Lakeside Commons,EARLY,2026-06-11,13.2,49.6,SYNTHETIC
Lakeside Commons,EARLY,2026-06-12,7.2,51.7,SYNTHETIC
Lakeside Commons,EARLY,2026-06-13,19.8,42.3,SYNTHETIC
Lakeside Commons,EARLY,2026-06-15,21.6,43.8,SYNTHETIC
Lakeside Commons,EARLY,2026-06-16,14.3,49.6,SYNTHETIC
Lakeside Commons,EARLY,2026-06-17,19.8,39.9,SYNTHETIC
Lakeside Commons,EARLY,2026-06-18,10.1,47.7,SYNTHETIC
Lakeside Commons,EARLY,2026-06-19,20.4,48.0,SYNTHETIC
Lakeside Commons,EARLY,2026-06-22,8.4,52.5,SYNTHETIC
Lakeside Commons,EARLY,2026-06-23,14.0,46.9,SYNTHETIC
Lakeside Commons,EARLY,2026-06-24,18.3,46.3,SYNTHETIC
Lakeside Commons,EARLY,2026-06-25,11.6,52.8,SYNTHETIC
Lakeside Commons,EARLY,2026-06-26,20.9,45.3,SYNTHETIC
Lakeside Commons,EARLY,2026-06-27,20.2,48.1,SYNTHETIC
Lakeside Commons,EARLY,2026-06-29,0.0,49.5,SYNTHETIC
Lakeside Commons,EARLY,2026-06-30,17.8,44.1,SYNTHETIC
Lakeside Commons,EARLY,2026-07-01,8.4,51.9,SYNTHETIC
Lakeside Commons,EARLY,2026-07-02,4.5,52.5,SYNTHETIC
Lakeside Commons,EARLY,2026-07-03,19.0,46.5,SYNTHETIC
Lakeside Commons,EARLY,2026-07-06,9.3,51.7,SYNTHETIC
Lakeside Commons,EARLY,2026-07-07,13.5,50.6,SYNTHETIC
Lakeside Commons,EARLY,2026-07-08,5.3,51.4,SYNTHETIC
Lakeside Commons,EARLY,2026-07-09,17.8,51.9,SYNTHETIC
Lakeside Commons,EARLY,2026-07-10,8.8,48.6,SYNTHETIC
Lakeside Commons,EARLY,2026-07-11,9.5,51.4,SYNTHETIC
Lakeside Commons,EARLY,2026-07-13,14.1,48.6,SYNTHETIC
Lakeside Commons,EARLY,2026-07-14,6.9,56.3,SYNTHETIC
Lakeside Commons,EARLY,2026-07-15,17.2,49.2,SYNTHETIC
Lakeside Commons,EARLY,2026-07-16,20.4,49.8,SYNTHETIC
Lakeside Commons,EARLY,2026-07-17,7.6,48.0,SYNTHETIC
Lakeside Commons,EARLY,2026-07-18,9.8,49.1,SYNTHETIC
Lakeside Commons,EARLY,2026-07-20,1.2,59.1,SYNTHETIC
Lakeside Commons,EARLY,2026-07-21,10.6,48.3,SYNTHETIC
Lakeside Commons,EARLY,2026-07-22,10.2,49.1,SYNTHETIC
Lakeside Commons,EARLY,2026-07-23,0.0,56.6,SYNTHETIC
Lakeside Commons,EARLY,2026-07-24,11.6,55.1,SYNTHETIC
Lakeside Commons,EARLY,2026-07-25,21.4,48.7,SYNTHETIC
Lakeside Commons,EARLY,2026-07-27,15.1,42.4,SYNTHETIC
Lakeside Commons,EARLY,2026-07-28,8.3,47.8,SYNTHETIC
Lakeside Commons,EARLY,2026-07-29,7.4,53.1,SYNTHETIC
Lakeside Commons,EARLY,2026-07-30,0.0,58.3,SYNTHETIC
Lakeside Commons,EARLY,2026-07-31,7.8,51.6,SYNTHETIC
Lakeside Commons,EVENING,2026-05-01,8.2,53.3,SYNTHETIC
Lakeside Commons,EVENING,2026-05-04,15.0,47.9,SYNTHETIC
Lakeside Commons,EVENING,2026-05-05,18.8,47.3,SYNTHETIC
Lakeside Commons,EVENING,2026-05-06,24.8,39.2,SYNTHETIC
Lakeside Commons,EVENING,2026-05-07,13.7,55.7,SYNTHETIC
Lakeside Commons,EVENING,2026-05-08,14.9,47.6,SYNTHETIC
Lakeside Commons,EVENING,2026-05-11,11.4,43.6,SYNTHETIC
Lakeside Commons,EVENING,2026-05-12,15.9,49.0,SYNTHETIC
Lakeside Commons,EVENING,2026-05-13,6.8,56.5,SYNTHETIC
Lakeside Commons,EVENING,2026-05-14,6.1,59.9,SYNTHETIC
Lakeside Commons,EVENING,2026-05-15,11.9,54.8,SYNTHETIC
Lakeside Commons,EVENING,2026-05-18,13.8,47.2,SYNTHETIC
Lakeside Commons,EVENING,2026-05-19,21.3,47.9,SYNTHETIC
Lakeside Commons,EVENING,2026-05-20,15.9,49.0,SYNTHETIC
Lakeside Commons,EVENING,2026-05-21,10.1,52.7,SYNTHETIC
Lakeside Commons,EVENING,2026-05-22,11.2,48.9,SYNTHETIC
Lakeside Commons,EVENING,2026-05-25,16.0,46.7,SYNTHETIC
Lakeside Commons,EVENING,2026-05-26,16.0,47.7,SYNTHETIC
Lakeside Commons,EVENING,2026-05-27,6.9,46.2,SYNTHETIC
Lakeside Commons,EVENING,2026-05-28,14.7,46.4,SYNTHETIC
Lakeside Commons,EVENING,2026-05-29,5.4,56.6,SYNTHETIC
Lakeside Commons,EVENING,2026-06-01,9.2,54.0,SYNTHETIC
Lakeside Commons,EVENING,2026-06-02,24.6,47.5,SYNTHETIC
Lakeside Commons,EVENING,2026-06-03,19.9,47.3,SYNTHETIC
Lakeside Commons,EVENING,2026-06-04,22.7,43.4,SYNTHETIC
Lakeside Commons,EVENING,2026-06-05,10.0,50.7,SYNTHETIC
Lakeside Commons,EVENING,2026-06-08,8.7,50.7,SYNTHETIC
Lakeside Commons,EVENING,2026-06-09,11.3,49.4,SYNTHETIC
Lakeside Commons,EVENING,2026-06-10,24.3,47.8,SYNTHETIC
Lakeside Commons,EVENING,2026-06-11,2.5,54.2,SYNTHETIC
Lakeside Commons,EVENING,2026-06-12,17.9,49.1,SYNTHETIC
Lakeside Commons,EVENING,2026-06-15,16.5,49.7,SYNTHETIC
Lakeside Commons,EVENING,2026-06-16,16.4,48.4,SYNTHETIC
Lakeside Commons,EVENING,2026-06-17,12.4,51.1,SYNTHETIC
Lakeside Commons,EVENING,2026-06-18,20.3,45.0,SYNTHETIC
Lakeside Commons,EVENING,2026-06-19,8.0,57.9,SYNTHETIC
Lakeside Commons,EVENING,2026-06-22,0.0,53.6,SYNTHETIC
Lakeside Commons,EVENING,2026-06-23,18.2,44.6,SYNTHETIC
Lakeside Commons,EVENING,2026-06-24,13.4,48.9,SYNTHETIC
Lakeside Commons,EVENING,2026-06-25,8.4,49.6,SYNTHETIC
Lakeside Commons,EVENING,2026-06-26,15.8,51.9,SYNTHETIC
Lakeside Commons,EVENING,2026-06-29,16.6,48.2,SYNTHETIC
Lakeside Commons,EVENING,2026-06-30,15.4,45.8,SYNTHETIC
Lakeside Commons,EVENING,2026-07-01,11.2,49.0,SYNTHETIC
Lakeside Commons,EVENING,2026-07-02,12.8,50.7,SYNTHETIC
Lakeside Commons,EVENING,2026-07-03,9.5,54.3,SYNTHETIC
Lakeside Commons,EVENING,2026-07-06,9.1,49.3,SYNTHETIC
Lakeside Commons,EVENING,2026-07-07,24.3,42.6,SYNTHETIC
Lakeside Commons,EVENING,2026-07-08,6.1,51.7,SYNTHETIC
Lakeside Commons,EVENING,2026-07-09,23.2,44.4,SYNTHETIC
Lakeside Commons,EVENING,2026-07-10,7.2,52.8,SYNTHETIC
Lakeside Commons,EVENING,2026-07-13,4.6,48.0,SYNTHETIC
Lakeside Commons,EVENING,2026-07-14,14.4,48.4,SYNTHETIC
Lakeside Commons,EVENING,2026-07-15,21.3,46.1,SYNTHETIC
Lakeside Commons,EVENING,2026-07-16,12.9,47.6,SYNTHETIC
Lakeside Commons,EVENING,2026-07-17,1.2,56.2,SYNTHETIC
Lakeside Commons,EVENING,2026-07-20,12.2,49.7,SYNTHETIC
Lakeside Commons,EVENING,2026-07-21,2.9,53.4,SYNTHETIC
Lakeside Commons,EVENING,2026-07-22,6.8,56.5,SYNTHETIC
Lakeside Commons,EVENING,2026-07-23,15.8,46.2,SYNTHETIC
Lakeside Commons,EVENING,2026-07-24,10.8,46.2,SYNTHETIC
Lakeside Commons,EVENING,2026-07-27,9.7,44.5,SYNTHETIC
Lakeside Commons,EVENING,2026-07-28,7.2,52.4,SYNTHETIC
Lakeside Commons,EVENING,2026-07-29,16.0,39.6,SYNTHETIC
Lakeside Commons,EVENING,2026-07-30,14.7,51.1,SYNTHETIC
Lakeside Commons,EVENING,2026-07-31,13.0,47.7,SYNTHETIC
Lakeside Commons,NIGHT,2026-05-01,17.7,49.8,SYNTHETIC
Lakeside Commons,NIGHT,2026-05-02,1.2,50.1,SYNTHETIC
Lakeside Commons,NIGHT,2026-05-04,16.3,43.1,SYNTHETIC
Lakeside Commons,NIGHT,2026-05-05,18.4,49.5,SYNTHETIC
Lakeside Commons,NIGHT,2026-05-06,22.6,41.5,SYNTHETIC
Lakeside Commons,NIGHT,2026-05-07,21.1,48.6,SYNTHETIC
Lakeside Commons,NIGHT,2026-05-08,20.2,42.7,SYNTHETIC
Lakeside Commons,NIGHT,2026-05-09,8.5,50.7,SYNTHETIC
Lakeside Commons,NIGHT,2026-05-11,0.7,52.4,SYNTHETIC
Lakeside Commons,NIGHT,2026-05-12,20.2,45.6,SYNTHETIC
Lakeside Commons,NIGHT,2026-05-13,9.0,49.3,SYNTHETIC
Lakeside Commons,NIGHT,2026-05-14,17.3,51.8,SYNTHETIC
Lakeside Commons,NIGHT,2026-05-15,15.2,47.6,SYNTHETIC
Lakeside Commons,NIGHT,2026-05-16,20.8,47.7,SYNTHETIC
Lakeside Commons,NIGHT,2026-05-18,13.3,52.0,SYNTHETIC
Lakeside Commons,NIGHT,2026-05-19,13.5,49.5,SYNTHETIC
Lakeside Commons,NIGHT,2026-05-20,9.1,49.1,SYNTHETIC
Lakeside Commons,NIGHT,2026-05-21,18.2,37.6,SYNTHETIC
Lakeside Commons,NIGHT,2026-05-22,2.6,53.0,SYNTHETIC
Lakeside Commons,NIGHT,2026-05-23,8.2,51.6,SYNTHETIC
Lakeside Commons,NIGHT,2026-05-24,7.8,52.9,SYNTHETIC
Lakeside Commons,NIGHT,2026-05-25,6.1,47.3,SYNTHETIC
Lakeside Commons,NIGHT,2026-05-26,8.1,49.2,SYNTHETIC
Lakeside Commons,NIGHT,2026-05-27,15.6,50.6,SYNTHETIC
Lakeside Commons,NIGHT,2026-05-28,0.0,54.8,SYNTHETIC
Lakeside Commons,NIGHT,2026-05-29,4.3,52.2,SYNTHETIC
Lakeside Commons,NIGHT,2026-05-30,12.7,52.9,SYNTHETIC
Lakeside Commons,NIGHT,2026-06-01,5.3,53.1,SYNTHETIC
Lakeside Commons,NIGHT,2026-06-02,16.5,44.3,SYNTHETIC
Lakeside Commons,NIGHT,2026-06-03,13.9,48.4,SYNTHETIC
Lakeside Commons,NIGHT,2026-06-04,18.9,51.5,SYNTHETIC
Lakeside Commons,NIGHT,2026-06-05,15.8,46.5,SYNTHETIC
Lakeside Commons,NIGHT,2026-06-06,4.9,56.1,SYNTHETIC
Lakeside Commons,NIGHT,2026-06-08,9.6,49.1,SYNTHETIC
Lakeside Commons,NIGHT,2026-06-09,19.8,47.0,SYNTHETIC
Lakeside Commons,NIGHT,2026-06-10,3.7,57.0,SYNTHETIC
Lakeside Commons,NIGHT,2026-06-11,11.9,50.7,SYNTHETIC
Lakeside Commons,NIGHT,2026-06-12,14.5,41.1,SYNTHETIC
Lakeside Commons,NIGHT,2026-06-13,10.0,54.1,SYNTHETIC
Lakeside Commons,NIGHT,2026-06-15,23.9,44.0,SYNTHETIC
Lakeside Commons,NIGHT,2026-06-16,6.8,53.1,SYNTHETIC
Lakeside Commons,NIGHT,2026-06-17,15.5,46.1,SYNTHETIC
Lakeside Commons,NIGHT,2026-06-18,10.6,50.0,SYNTHETIC
Lakeside Commons,NIGHT,2026-06-19,8.6,51.1,SYNTHETIC
Lakeside Commons,NIGHT,2026-06-20,10.8,50.9,SYNTHETIC
Lakeside Commons,NIGHT,2026-06-22,4.9,51.0,SYNTHETIC
Lakeside Commons,NIGHT,2026-06-23,12.4,49.7,SYNTHETIC
Lakeside Commons,NIGHT,2026-06-24,8.2,52.7,SYNTHETIC
Lakeside Commons,NIGHT,2026-06-25,15.6,50.0,SYNTHETIC
Lakeside Commons,NIGHT,2026-06-26,12.5,45.7,SYNTHETIC
Lakeside Commons,NIGHT,2026-06-27,5.9,50.4,SYNTHETIC
Lakeside Commons,NIGHT,2026-06-29,1.5,51.5,SYNTHETIC
Lakeside Commons,NIGHT,2026-06-30,13.3,45.6,SYNTHETIC
Lakeside Commons,NIGHT,2026-07-01,3.0,55.7,SYNTHETIC
Lakeside Commons,NIGHT,2026-07-02,18.6,46.8,SYNTHETIC
Lakeside Commons,NIGHT,2026-07-03,11.7,49.6,SYNTHETIC
Lakeside Commons,NIGHT,2026-07-04,7.4,52.9,SYNTHETIC
Lakeside Commons,NIGHT,2026-07-06,12.0,50.1,SYNTHETIC
Lakeside Commons,NIGHT,2026-07-07,8.3,48.3,SYNTHETIC
Lakeside Commons,NIGHT,2026-07-08,8.8,49.5,SYNTHETIC
Lakeside Commons,NIGHT,2026-07-09,8.8,56.1,SYNTHETIC
Lakeside Commons,NIGHT,2026-07-10,22.4,48.8,SYNTHETIC
Lakeside Commons,NIGHT,2026-07-11,9.0,51.6,SYNTHETIC
Lakeside Commons,NIGHT,2026-07-13,0.6,52.6,SYNTHETIC
Lakeside Commons,NIGHT,2026-07-14,21.2,48.7,SYNTHETIC
Lakeside Commons,NIGHT,2026-07-15,6.9,52.4,SYNTHETIC
Lakeside Commons,NIGHT,2026-07-16,6.6,48.9,SYNTHETIC
Lakeside Commons,NIGHT,2026-07-17,19.7,44.0,SYNTHETIC
Lakeside Commons,NIGHT,2026-07-18,1.8,53.7,SYNTHETIC
Lakeside Commons,NIGHT,2026-07-20,18.7,46.2,SYNTHETIC
Lakeside Commons,NIGHT,2026-07-21,19.9,46.8,SYNTHETIC
Lakeside Commons,NIGHT,2026-07-22,7.8,53.7,SYNTHETIC
Lakeside Commons,NIGHT,2026-07-23,11.7,51.3,SYNTHETIC
Lakeside Commons,NIGHT,2026-07-24,15.1,48.2,SYNTHETIC
Lakeside Commons,NIGHT,2026-07-25,7.3,44.7,SYNTHETIC
Lakeside Commons,NIGHT,2026-07-26,17.8,49.8,SYNTHETIC
Lakeside Commons,NIGHT,2026-07-27,6.6,47.4,SYNTHETIC
Lakeside Commons,NIGHT,2026-07-28,11.8,49.0,SYNTHETIC
Lakeside Commons,NIGHT,2026-07-29,19.7,43.0,SYNTHETIC
Lakeside Commons,NIGHT,2026-07-30,0.0,53.1,SYNTHETIC
Lakeside Commons,NIGHT,2026-07-31,9.9,53.4,SYNTHETIC
Northgate Campus,DAY,2026-05-04,20.1,41.9,SYNTHETIC
Northgate Campus,DAY,2026-05-05,17.3,45.2,SYNTHETIC
Northgate Campus,DAY,2026-05-06,13.8,51.0,SYNTHETIC
Northgate Campus,DAY,2026-05-07,13.4,49.2,SYNTHETIC
Northgate Campus,DAY,2026-05-08,13.2,42.8,SYNTHETIC
Northgate Campus,DAY,2026-05-11,16.7,45.3,SYNTHETIC
Northgate Campus,DAY,2026-05-12,0.2,53.3,SYNTHETIC
Northgate Campus,DAY,2026-05-13,21.0,41.8,SYNTHETIC
Northgate Campus,DAY,2026-05-14,13.5,44.0,SYNTHETIC
Northgate Campus,DAY,2026-05-15,2.8,53.3,SYNTHETIC
Northgate Campus,DAY,2026-05-18,9.5,51.3,SYNTHETIC
Northgate Campus,DAY,2026-05-19,13.4,45.0,SYNTHETIC
Northgate Campus,DAY,2026-05-20,25.8,48.7,SYNTHETIC
Northgate Campus,DAY,2026-05-21,12.5,50.1,SYNTHETIC
Northgate Campus,DAY,2026-05-22,12.4,47.3,SYNTHETIC
Northgate Campus,DAY,2026-05-25,6.3,53.5,SYNTHETIC
Northgate Campus,DAY,2026-05-26,10.8,50.2,SYNTHETIC
Northgate Campus,DAY,2026-05-27,7.5,50.1,SYNTHETIC
Northgate Campus,DAY,2026-05-29,3.4,57.1,SYNTHETIC
Northgate Campus,DAY,2026-06-01,20.8,47.4,SYNTHETIC
Northgate Campus,DAY,2026-06-02,2.0,52.5,SYNTHETIC
Northgate Campus,DAY,2026-06-03,18.7,49.6,SYNTHETIC
Northgate Campus,DAY,2026-06-04,6.4,55.7,SYNTHETIC
Northgate Campus,DAY,2026-06-05,12.1,48.5,SYNTHETIC
Northgate Campus,DAY,2026-06-08,15.6,47.4,SYNTHETIC
Northgate Campus,DAY,2026-06-09,22.0,44.7,SYNTHETIC
Northgate Campus,DAY,2026-06-10,23.7,43.8,SYNTHETIC
Northgate Campus,DAY,2026-06-11,24.3,45.1,SYNTHETIC
Northgate Campus,DAY,2026-06-12,5.2,54.5,SYNTHETIC
Northgate Campus,DAY,2026-06-15,15.6,48.9,SYNTHETIC
Northgate Campus,DAY,2026-06-16,14.7,49.7,SYNTHETIC
Northgate Campus,DAY,2026-06-17,14.3,45.6,SYNTHETIC
Northgate Campus,DAY,2026-06-18,19.2,44.4,SYNTHETIC
Northgate Campus,DAY,2026-06-19,15.5,45.9,SYNTHETIC
Northgate Campus,DAY,2026-06-22,26.8,41.7,SYNTHETIC
Northgate Campus,DAY,2026-06-23,15.3,47.8,SYNTHETIC
Northgate Campus,DAY,2026-06-24,12.2,42.6,SYNTHETIC
Northgate Campus,DAY,2026-06-25,15.7,47.8,SYNTHETIC
Northgate Campus,DAY,2026-06-26,4.5,56.6,SYNTHETIC
Northgate Campus,DAY,2026-06-29,17.6,45.9,SYNTHETIC
Northgate Campus,DAY,2026-06-30,17.5,46.9,SYNTHETIC
Northgate Campus,DAY,2026-07-01,20.6,47.7,SYNTHETIC
Northgate Campus,DAY,2026-07-02,9.6,54.0,SYNTHETIC
Northgate Campus,DAY,2026-07-03,7.3,50.9,SYNTHETIC
Northgate Campus,DAY,2026-07-06,9.1,53.4,SYNTHETIC
Northgate Campus,DAY,2026-07-07,21.3,42.5,SYNTHETIC
Northgate Campus,DAY,2026-07-08,13.8,49.5,SYNTHETIC
Northgate Campus,DAY,2026-07-09,18.9,42.0,SYNTHETIC
Northgate Campus,DAY,2026-07-10,10.9,51.7,SYNTHETIC
Northgate Campus,DAY,2026-07-13,12.5,52.2,SYNTHETIC
Northgate Campus,DAY,2026-07-14,8.3,51.6,SYNTHETIC
Northgate Campus,DAY,2026-07-15,15.4,46.9,SYNTHETIC
Northgate Campus,DAY,2026-07-16,14.1,49.6,SYNTHETIC
Northgate Campus,DAY,2026-07-17,8.5,51.1,SYNTHETIC
Northgate Campus,DAY,2026-07-20,14.2,51.3,SYNTHETIC
Northgate Campus,DAY,2026-07-21,22.3,46.2,SYNTHETIC
Northgate Campus,DAY,2026-07-22,5.9,48.7,SYNTHETIC
Northgate Campus,DAY,2026-07-23,9.1,53.0,SYNTHETIC
Northgate Campus,DAY,2026-07-24,6.9,54.0,SYNTHETIC
Northgate Campus,DAY,2026-07-27,18.5,50.2,SYNTHETIC
Northgate Campus,DAY,2026-07-28,11.0,45.8,SYNTHETIC
Northgate Campus,DAY,2026-07-29,6.9,50.5,SYNTHETIC
Northgate Campus,DAY,2026-07-30,21.8,45.7,SYNTHETIC
Northgate Campus,DAY,2026-07-31,19.4,54.4,SYNTHETIC
Northgate Campus,EVENING,2026-05-04,8.5,52.5,SYNTHETIC
Northgate Campus,EVENING,2026-05-05,16.3,48.6,SYNTHETIC
Northgate Campus,EVENING,2026-05-06,9.7,46.1,SYNTHETIC
Northgate Campus,EVENING,2026-05-07,19.5,45.6,SYNTHETIC
Northgate Campus,EVENING,2026-05-08,0.4,56.0,SYNTHETIC
Northgate Campus,EVENING,2026-05-11,8.9,51.2,SYNTHETIC
Northgate Campus,EVENING,2026-05-12,15.4,42.6,SYNTHETIC
Northgate Campus,EVENING,2026-05-13,14.0,48.0,SYNTHETIC
Northgate Campus,EVENING,2026-05-14,10.7,47.4,SYNTHETIC
Northgate Campus,EVENING,2026-05-15,14.1,53.3,SYNTHETIC
Northgate Campus,EVENING,2026-05-18,0.4,54.3,SYNTHETIC
Northgate Campus,EVENING,2026-05-19,6.7,50.8,SYNTHETIC
Northgate Campus,EVENING,2026-05-20,16.4,45.2,SYNTHETIC
Northgate Campus,EVENING,2026-05-21,13.9,45.6,SYNTHETIC
Northgate Campus,EVENING,2026-05-22,4.1,55.3,SYNTHETIC
Northgate Campus,EVENING,2026-05-25,8.9,47.6,SYNTHETIC
Northgate Campus,EVENING,2026-05-26,14.2,52.6,SYNTHETIC
Northgate Campus,EVENING,2026-05-27,17.5,45.3,SYNTHETIC
Northgate Campus,EVENING,2026-05-29,13.4,46.0,SYNTHETIC
Northgate Campus,EVENING,2026-06-01,10.3,52.4,SYNTHETIC
Northgate Campus,EVENING,2026-06-02,17.2,49.0,SYNTHETIC
Northgate Campus,EVENING,2026-06-04,12.1,55.4,SYNTHETIC
Northgate Campus,EVENING,2026-06-05,10.8,57.4,SYNTHETIC
Northgate Campus,EVENING,2026-06-08,2.6,48.8,SYNTHETIC
Northgate Campus,EVENING,2026-06-09,2.6,57.5,SYNTHETIC
Northgate Campus,EVENING,2026-06-11,13.9,51.2,SYNTHETIC
Northgate Campus,EVENING,2026-06-12,23.3,46.8,SYNTHETIC
Northgate Campus,EVENING,2026-06-15,12.6,47.3,SYNTHETIC
Northgate Campus,EVENING,2026-06-16,16.1,48.2,SYNTHETIC
Northgate Campus,EVENING,2026-06-17,5.3,56.1,SYNTHETIC
Northgate Campus,EVENING,2026-06-18,8.1,55.6,SYNTHETIC
Northgate Campus,EVENING,2026-06-19,4.9,52.3,SYNTHETIC
Northgate Campus,EVENING,2026-06-22,8.5,51.9,SYNTHETIC
Northgate Campus,EVENING,2026-06-23,17.3,52.1,SYNTHETIC
Northgate Campus,EVENING,2026-06-24,17.4,49.9,SYNTHETIC
Northgate Campus,EVENING,2026-06-25,12.6,43.6,SYNTHETIC
Northgate Campus,EVENING,2026-06-26,5.5,54.5,SYNTHETIC
Northgate Campus,EVENING,2026-06-29,7.6,52.3,SYNTHETIC
Northgate Campus,EVENING,2026-06-30,9.3,48.4,SYNTHETIC
Northgate Campus,EVENING,2026-07-01,12.2,48.0,SYNTHETIC
Northgate Campus,EVENING,2026-07-02,17.1,48.2,SYNTHETIC
Northgate Campus,EVENING,2026-07-03,5.8,52.8,SYNTHETIC
Northgate Campus,EVENING,2026-07-06,14.5,44.3,SYNTHETIC
Northgate Campus,EVENING,2026-07-07,9.0,55.3,SYNTHETIC
Northgate Campus,EVENING,2026-07-08,14.8,49.0,SYNTHETIC
Northgate Campus,EVENING,2026-07-09,12.6,53.9,SYNTHETIC
Northgate Campus,EVENING,2026-07-10,14.5,43.3,SYNTHETIC
Northgate Campus,EVENING,2026-07-13,10.9,50.4,SYNTHETIC
Northgate Campus,EVENING,2026-07-14,0.0,56.8,SYNTHETIC
Northgate Campus,EVENING,2026-07-15,11.6,52.5,SYNTHETIC
Northgate Campus,EVENING,2026-07-16,8.6,53.4,SYNTHETIC
Northgate Campus,EVENING,2026-07-17,4.7,53.7,SYNTHETIC
Northgate Campus,EVENING,2026-07-20,21.2,45.1,SYNTHETIC
Northgate Campus,EVENING,2026-07-21,2.5,57.6,SYNTHETIC
Northgate Campus,EVENING,2026-07-22,11.3,50.7,SYNTHETIC
Northgate Campus,EVENING,2026-07-23,10.7,50.4,SYNTHETIC
Northgate Campus,EVENING,2026-07-24,7.8,53.4,SYNTHETIC
Northgate Campus,EVENING,2026-07-27,8.7,50.0,SYNTHETIC
Northgate Campus,EVENING,2026-07-28,6.8,50.5,SYNTHETIC
Northgate Campus,EVENING,2026-07-29,13.9,48.4,SYNTHETIC
Northgate Campus,EVENING,2026-07-30,19.4,43.1,SYNTHETIC
Northgate Campus,EVENING,2026-07-31,6.6,50.2,SYNTHETIC
Oakmont Office,DAY,2026-05-04,6.4,52.9,SYNTHETIC
Oakmont Office,DAY,2026-05-05,16.0,52.0,SYNTHETIC
Oakmont Office,DAY,2026-05-06,11.4,47.5,SYNTHETIC
Oakmont Office,DAY,2026-05-07,8.8,46.3,SYNTHETIC
Oakmont Office,DAY,2026-05-08,11.1,54.5,SYNTHETIC
Oakmont Office,DAY,2026-05-11,12.9,55.5,SYNTHETIC
Oakmont Office,DAY,2026-05-12,21.0,47.7,SYNTHETIC
Oakmont Office,DAY,2026-05-13,14.3,45.9,SYNTHETIC
Oakmont Office,DAY,2026-05-14,0.1,49.4,SYNTHETIC
Oakmont Office,DAY,2026-05-15,11.6,44.0,SYNTHETIC
Oakmont Office,DAY,2026-05-18,15.4,50.7,SYNTHETIC
Oakmont Office,DAY,2026-05-19,7.2,54.4,SYNTHETIC
Oakmont Office,DAY,2026-05-20,10.6,58.5,SYNTHETIC
Oakmont Office,DAY,2026-05-21,17.9,53.8,SYNTHETIC
Oakmont Office,DAY,2026-05-22,18.6,44.0,SYNTHETIC
Oakmont Office,DAY,2026-05-25,8.1,52.6,SYNTHETIC
Oakmont Office,DAY,2026-05-26,8.1,47.3,SYNTHETIC
Oakmont Office,DAY,2026-05-27,20.9,49.5,SYNTHETIC
Oakmont Office,DAY,2026-05-29,23.4,41.7,SYNTHETIC
Oakmont Office,DAY,2026-05-30,6.2,52.8,SYNTHETIC
Oakmont Office,DAY,2026-06-01,16.4,45.6,SYNTHETIC
Oakmont Office,DAY,2026-06-02,19.4,44.9,SYNTHETIC
Oakmont Office,DAY,2026-06-03,8.3,52.5,SYNTHETIC
Oakmont Office,DAY,2026-06-04,15.9,51.4,SYNTHETIC
Oakmont Office,DAY,2026-06-05,24.0,46.8,SYNTHETIC
Oakmont Office,DAY,2026-06-06,17.3,51.0,SYNTHETIC
Oakmont Office,DAY,2026-06-08,12.7,48.9,SYNTHETIC
Oakmont Office,DAY,2026-06-09,17.3,50.2,SYNTHETIC
Oakmont Office,DAY,2026-06-10,19.5,43.5,SYNTHETIC
Oakmont Office,DAY,2026-06-11,8.7,52.8,SYNTHETIC
Oakmont Office,DAY,2026-06-12,10.2,53.8,SYNTHETIC
Oakmont Office,DAY,2026-06-13,15.7,50.4,SYNTHETIC
Oakmont Office,DAY,2026-06-15,4.7,54.2,SYNTHETIC
Oakmont Office,DAY,2026-06-16,0.0,56.7,SYNTHETIC
Oakmont Office,DAY,2026-06-17,8.0,54.8,SYNTHETIC
Oakmont Office,DAY,2026-06-18,7.2,48.6,SYNTHETIC
Oakmont Office,DAY,2026-06-19,3.5,55.9,SYNTHETIC
Oakmont Office,DAY,2026-06-22,19.4,51.4,SYNTHETIC
Oakmont Office,DAY,2026-06-23,22.3,38.7,SYNTHETIC
Oakmont Office,DAY,2026-06-24,14.8,51.3,SYNTHETIC
Oakmont Office,DAY,2026-06-25,9.7,53.8,SYNTHETIC
Oakmont Office,DAY,2026-06-26,10.4,47.5,SYNTHETIC
Oakmont Office,DAY,2026-06-29,18.8,48.2,SYNTHETIC
Oakmont Office,DAY,2026-06-30,15.0,49.1,SYNTHETIC
Oakmont Office,DAY,2026-07-01,13.7,50.4,SYNTHETIC
Oakmont Office,DAY,2026-07-02,22.2,43.4,SYNTHETIC
Oakmont Office,DAY,2026-07-03,6.2,52.3,SYNTHETIC
Oakmont Office,DAY,2026-07-06,10.9,43.4,SYNTHETIC
Oakmont Office,DAY,2026-07-07,16.1,45.5,SYNTHETIC
Oakmont Office,DAY,2026-07-08,16.5,41.1,SYNTHETIC
Oakmont Office,DAY,2026-07-09,16.0,47.5,SYNTHETIC
Oakmont Office,DAY,2026-07-10,14.9,51.9,SYNTHETIC
Oakmont Office,DAY,2026-07-13,9.8,51.0,SYNTHETIC
Oakmont Office,DAY,2026-07-14,18.3,45.5,SYNTHETIC
Oakmont Office,DAY,2026-07-15,21.3,48.3,SYNTHETIC
Oakmont Office,DAY,2026-07-16,19.4,50.4,SYNTHETIC
Oakmont Office,DAY,2026-07-17,10.0,49.1,SYNTHETIC
Oakmont Office,DAY,2026-07-20,17.9,44.2,SYNTHETIC
Oakmont Office,DAY,2026-07-21,10.7,51.1,SYNTHETIC
Oakmont Office,DAY,2026-07-22,8.8,52.9,SYNTHETIC
Oakmont Office,DAY,2026-07-23,10.6,47.5,SYNTHETIC
Oakmont Office,DAY,2026-07-24,16.7,47.9,SYNTHETIC
Oakmont Office,DAY,2026-07-27,14.0,43.4,SYNTHETIC
Oakmont Office,DAY,2026-07-28,18.1,41.7,SYNTHETIC
Oakmont Office,DAY,2026-07-29,1.6,57.3,SYNTHETIC
Oakmont Office,DAY,2026-07-30,15.3,41.7,SYNTHETIC
Oakmont Office,DAY,2026-07-31,12.3,51.7,SYNTHETIC
Oakmont Office,EARLY,2026-05-01,11.5,51.2,SYNTHETIC
Oakmont Office,EARLY,2026-05-02,13.0,52.1,SYNTHETIC
Oakmont Office,EARLY,2026-05-03,14.5,42.9,SYNTHETIC
Oakmont Office,EARLY,2026-05-04,14.5,54.2,SYNTHETIC
Oakmont Office,EARLY,2026-05-05,5.3,49.7,SYNTHETIC
Oakmont Office,EARLY,2026-05-06,15.4,48.4,SYNTHETIC
Oakmont Office,EARLY,2026-05-07,20.2,43.6,SYNTHETIC
Oakmont Office,EARLY,2026-05-08,9.7,51.0,SYNTHETIC
Oakmont Office,EARLY,2026-05-09,17.2,38.4,SYNTHETIC
Oakmont Office,EARLY,2026-05-10,9.2,59.9,SYNTHETIC
Oakmont Office,EARLY,2026-05-11,11.1,48.3,SYNTHETIC
Oakmont Office,EARLY,2026-05-12,11.5,49.2,SYNTHETIC
Oakmont Office,EARLY,2026-05-13,14.4,54.4,SYNTHETIC
Oakmont Office,EARLY,2026-05-14,12.0,53.1,SYNTHETIC
Oakmont Office,EARLY,2026-05-15,13.9,58.3,SYNTHETIC
Oakmont Office,EARLY,2026-05-16,10.7,47.2,SYNTHETIC
Oakmont Office,EARLY,2026-05-17,13.2,48.5,SYNTHETIC
Oakmont Office,EARLY,2026-05-18,11.2,50.7,SYNTHETIC
Oakmont Office,EARLY,2026-05-19,3.3,56.2,SYNTHETIC
Oakmont Office,EARLY,2026-05-20,8.7,50.2,SYNTHETIC
Oakmont Office,EARLY,2026-05-21,8.3,52.0,SYNTHETIC
Oakmont Office,EARLY,2026-05-22,14.5,49.4,SYNTHETIC
Oakmont Office,EARLY,2026-05-23,15.0,50.3,SYNTHETIC
Oakmont Office,EARLY,2026-05-24,12.0,51.2,SYNTHETIC
Oakmont Office,EARLY,2026-05-25,15.6,46.4,SYNTHETIC
Oakmont Office,EARLY,2026-05-26,23.3,45.2,SYNTHETIC
Oakmont Office,EARLY,2026-05-27,10.5,49.7,SYNTHETIC
Oakmont Office,EARLY,2026-05-28,15.9,44.2,SYNTHETIC
Oakmont Office,EARLY,2026-05-29,10.3,48.1,SYNTHETIC
Oakmont Office,EARLY,2026-05-30,12.6,49.0,SYNTHETIC
Oakmont Office,EARLY,2026-05-31,20.3,53.9,SYNTHETIC
Oakmont Office,EARLY,2026-06-01,18.1,44.7,SYNTHETIC
Oakmont Office,EARLY,2026-06-02,16.6,53.6,SYNTHETIC
Oakmont Office,EARLY,2026-06-03,17.1,46.6,SYNTHETIC
Oakmont Office,EARLY,2026-06-04,25.3,44.1,SYNTHETIC
Oakmont Office,EARLY,2026-06-05,0.0,52.5,SYNTHETIC
Oakmont Office,EARLY,2026-06-06,5.4,54.0,SYNTHETIC
Oakmont Office,EARLY,2026-06-07,6.3,47.5,SYNTHETIC
Oakmont Office,EARLY,2026-06-08,0.2,54.5,SYNTHETIC
Oakmont Office,EARLY,2026-06-09,9.6,43.7,SYNTHETIC
Oakmont Office,EARLY,2026-06-10,12.1,52.5,SYNTHETIC
Oakmont Office,EARLY,2026-06-11,26.4,38.1,SYNTHETIC
Oakmont Office,EARLY,2026-06-12,14.6,48.1,SYNTHETIC
Oakmont Office,EARLY,2026-06-13,14.2,45.3,SYNTHETIC
Oakmont Office,EARLY,2026-06-14,7.0,50.4,SYNTHETIC
Oakmont Office,EARLY,2026-06-15,8.8,47.0,SYNTHETIC
Oakmont Office,EARLY,2026-06-16,11.8,51.8,SYNTHETIC
Oakmont Office,EARLY,2026-06-17,8.1,43.8,SYNTHETIC
Oakmont Office,EARLY,2026-06-18,15.1,44.8,SYNTHETIC
Oakmont Office,EARLY,2026-06-19,19.0,50.2,SYNTHETIC
Oakmont Office,EARLY,2026-06-20,11.2,49.0,SYNTHETIC
Oakmont Office,EARLY,2026-06-21,10.8,53.6,SYNTHETIC
Oakmont Office,EARLY,2026-06-22,12.0,49.3,SYNTHETIC
Oakmont Office,EARLY,2026-06-23,8.0,48.0,SYNTHETIC
Oakmont Office,EARLY,2026-06-24,20.4,53.4,SYNTHETIC
Oakmont Office,EARLY,2026-06-25,13.7,51.3,SYNTHETIC
Oakmont Office,EARLY,2026-06-26,6.5,46.7,SYNTHETIC
Oakmont Office,EARLY,2026-06-27,2.8,49.6,SYNTHETIC
Oakmont Office,EARLY,2026-06-28,13.0,52.4,SYNTHETIC
Oakmont Office,EARLY,2026-06-29,13.6,49.0,SYNTHETIC
Oakmont Office,EARLY,2026-06-30,14.3,51.6,SYNTHETIC
Oakmont Office,EARLY,2026-07-01,7.4,49.9,SYNTHETIC
Oakmont Office,EARLY,2026-07-02,9.5,52.5,SYNTHETIC
Oakmont Office,EARLY,2026-07-03,12.6,45.1,SYNTHETIC
Oakmont Office,EARLY,2026-07-04,8.0,52.9,SYNTHETIC
Oakmont Office,EARLY,2026-07-05,19.3,42.4,SYNTHETIC
Oakmont Office,EARLY,2026-07-06,5.0,52.3,SYNTHETIC
Oakmont Office,EARLY,2026-07-07,21.7,44.5,SYNTHETIC
Oakmont Office,EARLY,2026-07-08,6.4,49.7,SYNTHETIC
Oakmont Office,EARLY,2026-07-09,10.8,45.6,SYNTHETIC
Oakmont Office,EARLY,2026-07-10,17.8,48.4,SYNTHETIC
Oakmont Office,EARLY,2026-07-11,20.4,46.0,SYNTHETIC
Oakmont Office,EARLY,2026-07-12,25.8,49.3,SYNTHETIC
Oakmont Office,EARLY,2026-07-13,5.0,49.8,SYNTHETIC
Oakmont Office,EARLY,2026-07-14,8.0,46.7,SYNTHETIC
Oakmont Office,EARLY,2026-07-15,14.1,50.4,SYNTHETIC
Oakmont Office,EARLY,2026-07-16,14.6,50.2,SYNTHETIC
Oakmont Office,EARLY,2026-07-17,12.0,49.2,SYNTHETIC
Oakmont Office,EARLY,2026-07-18,11.3,49.6,SYNTHETIC
Oakmont Office,EARLY,2026-07-19,8.4,53.6,SYNTHETIC
Oakmont Office,EARLY,2026-07-20,14.6,55.2,SYNTHETIC
Oakmont Office,EARLY,2026-07-21,8.2,52.5,SYNTHETIC
Oakmont Office,EARLY,2026-07-22,11.8,48.6,SYNTHETIC
Oakmont Office,EARLY,2026-07-23,6.1,53.7,SYNTHETIC
Oakmont Office,EARLY,2026-07-24,9.5,49.0,SYNTHETIC
Oakmont Office,EARLY,2026-07-25,11.1,49.7,SYNTHETIC
Oakmont Office,EARLY,2026-07-26,15.4,48.4,SYNTHETIC
Oakmont Office,EARLY,2026-07-27,9.4,57.8,SYNTHETIC
Oakmont Office,EARLY,2026-07-28,8.2,49.3,SYNTHETIC
Oakmont Office,EARLY,2026-07-29,3.5,52.9,SYNTHETIC
Oakmont Office,EARLY,2026-07-30,16.9,41.4,SYNTHETIC
Oakmont Office,EARLY,2026-07-31,12.9,50.5,SYNTHETIC
Oakmont Office,EVENING,2026-05-01,11.7,53.4,SYNTHETIC
Oakmont Office,EVENING,2026-05-02,15.9,46.7,SYNTHETIC
Oakmont Office,EVENING,2026-05-03,8.3,52.1,SYNTHETIC
Oakmont Office,EVENING,2026-05-04,18.2,47.7,SYNTHETIC
Oakmont Office,EVENING,2026-05-05,10.0,51.1,SYNTHETIC
Oakmont Office,EVENING,2026-05-06,10.8,45.9,SYNTHETIC
Oakmont Office,EVENING,2026-05-07,0.0,58.3,SYNTHETIC
Oakmont Office,EVENING,2026-05-08,17.5,48.6,SYNTHETIC
Oakmont Office,EVENING,2026-05-09,7.7,47.2,SYNTHETIC
Oakmont Office,EVENING,2026-05-10,10.5,53.3,SYNTHETIC
Oakmont Office,EVENING,2026-05-11,30.0,41.1,SYNTHETIC
Oakmont Office,EVENING,2026-05-12,21.5,45.8,SYNTHETIC
Oakmont Office,EVENING,2026-05-13,19.5,49.0,SYNTHETIC
Oakmont Office,EVENING,2026-05-14,6.8,53.7,SYNTHETIC
Oakmont Office,EVENING,2026-05-15,3.8,55.5,SYNTHETIC
Oakmont Office,EVENING,2026-05-16,17.7,51.8,SYNTHETIC
Oakmont Office,EVENING,2026-05-17,16.1,51.3,SYNTHETIC
Oakmont Office,EVENING,2026-05-18,17.4,43.3,SYNTHETIC
Oakmont Office,EVENING,2026-05-19,15.7,47.7,SYNTHETIC
Oakmont Office,EVENING,2026-05-20,10.7,51.4,SYNTHETIC
Oakmont Office,EVENING,2026-05-21,7.4,54.7,SYNTHETIC
Oakmont Office,EVENING,2026-05-22,17.5,48.7,SYNTHETIC
Oakmont Office,EVENING,2026-05-23,14.3,45.7,SYNTHETIC
Oakmont Office,EVENING,2026-05-24,0.0,49.7,SYNTHETIC
Oakmont Office,EVENING,2026-05-25,15.8,47.1,SYNTHETIC
Oakmont Office,EVENING,2026-05-26,13.2,47.3,SYNTHETIC
Oakmont Office,EVENING,2026-05-27,12.5,45.8,SYNTHETIC
Oakmont Office,EVENING,2026-05-28,10.0,47.1,SYNTHETIC
Oakmont Office,EVENING,2026-05-29,11.1,51.7,SYNTHETIC
Oakmont Office,EVENING,2026-05-30,22.0,44.3,SYNTHETIC
Oakmont Office,EVENING,2026-05-31,19.8,50.0,SYNTHETIC
Oakmont Office,EVENING,2026-06-01,22.9,46.9,SYNTHETIC
Oakmont Office,EVENING,2026-06-02,24.2,43.3,SYNTHETIC
Oakmont Office,EVENING,2026-06-03,13.8,42.9,SYNTHETIC
Oakmont Office,EVENING,2026-06-04,4.3,51.6,SYNTHETIC
Oakmont Office,EVENING,2026-06-05,13.9,46.8,SYNTHETIC
Oakmont Office,EVENING,2026-06-06,12.2,51.1,SYNTHETIC
Oakmont Office,EVENING,2026-06-07,14.3,51.2,SYNTHETIC
Oakmont Office,EVENING,2026-06-08,22.4,45.3,SYNTHETIC
Oakmont Office,EVENING,2026-06-09,11.1,53.5,SYNTHETIC
Oakmont Office,EVENING,2026-06-10,7.8,54.3,SYNTHETIC
Oakmont Office,EVENING,2026-06-11,7.9,52.2,SYNTHETIC
Oakmont Office,EVENING,2026-06-12,14.9,47.7,SYNTHETIC
Oakmont Office,EVENING,2026-06-13,10.4,48.0,SYNTHETIC
Oakmont Office,EVENING,2026-06-14,3.6,52.1,SYNTHETIC
Oakmont Office,EVENING,2026-06-15,29.3,46.2,SYNTHETIC
Oakmont Office,EVENING,2026-06-16,15.1,47.2,SYNTHETIC
Oakmont Office,EVENING,2026-06-17,15.0,46.0,SYNTHETIC
Oakmont Office,EVENING,2026-06-18,15.3,43.7,SYNTHETIC
Oakmont Office,EVENING,2026-06-19,4.1,53.2,SYNTHETIC
Oakmont Office,EVENING,2026-06-20,0.0,49.5,SYNTHETIC
Oakmont Office,EVENING,2026-06-21,7.6,48.9,SYNTHETIC
Oakmont Office,EVENING,2026-06-22,0.7,44.9,SYNTHETIC
Oakmont Office,EVENING,2026-06-23,18.7,48.9,SYNTHETIC
Oakmont Office,EVENING,2026-06-24,8.6,50.5,SYNTHETIC
Oakmont Office,EVENING,2026-06-25,14.4,46.4,SYNTHETIC
Oakmont Office,EVENING,2026-06-26,17.8,48.6,SYNTHETIC
Oakmont Office,EVENING,2026-06-27,15.8,45.7,SYNTHETIC
Oakmont Office,EVENING,2026-06-28,15.6,47.0,SYNTHETIC
Oakmont Office,EVENING,2026-06-29,9.1,54.6,SYNTHETIC
Oakmont Office,EVENING,2026-06-30,11.7,51.7,SYNTHETIC
Oakmont Office,EVENING,2026-07-01,6.2,55.1,SYNTHETIC
Oakmont Office,EVENING,2026-07-02,6.1,55.4,SYNTHETIC
Oakmont Office,EVENING,2026-07-03,17.3,49.6,SYNTHETIC
Oakmont Office,EVENING,2026-07-04,7.1,47.3,SYNTHETIC
Oakmont Office,EVENING,2026-07-05,26.2,40.1,SYNTHETIC
Oakmont Office,EVENING,2026-07-06,8.8,52.7,SYNTHETIC
Oakmont Office,EVENING,2026-07-07,12.1,56.1,SYNTHETIC
Oakmont Office,EVENING,2026-07-08,11.7,46.9,SYNTHETIC
Oakmont Office,EVENING,2026-07-09,0.0,53.6,SYNTHETIC
Oakmont Office,EVENING,2026-07-10,19.2,46.3,SYNTHETIC
Oakmont Office,EVENING,2026-07-11,8.9,55.1,SYNTHETIC
Oakmont Office,EVENING,2026-07-12,4.9,48.9,SYNTHETIC
Oakmont Office,EVENING,2026-07-13,15.6,48.6,SYNTHETIC
Oakmont Office,EVENING,2026-07-14,6.2,51.1,SYNTHETIC
Oakmont Office,EVENING,2026-07-15,17.9,51.6,SYNTHETIC
Oakmont Office,EVENING,2026-07-16,12.3,48.3,SYNTHETIC
Oakmont Office,EVENING,2026-07-17,7.8,49.8,SYNTHETIC
Oakmont Office,EVENING,2026-07-18,10.8,50.9,SYNTHETIC
Oakmont Office,EVENING,2026-07-19,2.5,53.7,SYNTHETIC
Oakmont Office,EVENING,2026-07-20,5.3,52.4,SYNTHETIC
Oakmont Office,EVENING,2026-07-21,8.3,51.3,SYNTHETIC
Oakmont Office,EVENING,2026-07-22,19.8,50.4,SYNTHETIC
Oakmont Office,EVENING,2026-07-23,8.4,55.6,SYNTHETIC
Oakmont Office,EVENING,2026-07-24,22.3,41.5,SYNTHETIC
Oakmont Office,EVENING,2026-07-25,8.1,51.7,SYNTHETIC
Oakmont Office,EVENING,2026-07-26,12.7,48.5,SYNTHETIC
Oakmont Office,EVENING,2026-07-27,10.5,52.0,SYNTHETIC
Oakmont Office,EVENING,2026-07-28,29.9,37.6,SYNTHETIC
Oakmont Office,EVENING,2026-07-29,11.6,51.1,SYNTHETIC
Oakmont Office,EVENING,2026-07-30,7.2,54.8,SYNTHETIC
Oakmont Office,EVENING,2026-07-31,4.3,54.3,SYNTHETIC
Oakmont Office,NIGHT,2026-05-01,12.5,45.9,SYNTHETIC
Oakmont Office,NIGHT,2026-05-02,10.1,48.4,SYNTHETIC
Oakmont Office,NIGHT,2026-05-03,14.3,46.7,SYNTHETIC
Oakmont Office,NIGHT,2026-05-04,8.2,51.2,SYNTHETIC
Oakmont Office,NIGHT,2026-05-05,13.7,44.8,SYNTHETIC
Oakmont Office,NIGHT,2026-05-06,13.8,46.6,SYNTHETIC
Oakmont Office,NIGHT,2026-05-07,13.3,53.9,SYNTHETIC
Oakmont Office,NIGHT,2026-05-08,10.3,50.5,SYNTHETIC
Oakmont Office,NIGHT,2026-05-09,6.5,55.3,SYNTHETIC
Oakmont Office,NIGHT,2026-05-10,5.3,53.9,SYNTHETIC
Oakmont Office,NIGHT,2026-05-11,7.5,52.7,SYNTHETIC
Oakmont Office,NIGHT,2026-05-12,20.1,48.1,SYNTHETIC
Oakmont Office,NIGHT,2026-05-13,8.3,50.4,SYNTHETIC
Oakmont Office,NIGHT,2026-05-14,11.7,49.6,SYNTHETIC
Oakmont Office,NIGHT,2026-05-15,18.6,49.6,SYNTHETIC
Oakmont Office,NIGHT,2026-05-16,16.2,49.0,SYNTHETIC
Oakmont Office,NIGHT,2026-05-17,4.5,51.6,SYNTHETIC
Oakmont Office,NIGHT,2026-05-18,1.4,50.2,SYNTHETIC
Oakmont Office,NIGHT,2026-05-19,12.5,49.9,SYNTHETIC
Oakmont Office,NIGHT,2026-05-20,17.5,49.7,SYNTHETIC
Oakmont Office,NIGHT,2026-05-21,1.6,53.2,SYNTHETIC
Oakmont Office,NIGHT,2026-05-22,6.1,51.8,SYNTHETIC
Oakmont Office,NIGHT,2026-05-23,17.1,51.5,SYNTHETIC
Oakmont Office,NIGHT,2026-05-24,13.9,43.7,SYNTHETIC
Oakmont Office,NIGHT,2026-05-25,6.6,54.8,SYNTHETIC
Oakmont Office,NIGHT,2026-05-26,15.5,45.0,SYNTHETIC
Oakmont Office,NIGHT,2026-05-27,11.9,53.4,SYNTHETIC
Oakmont Office,NIGHT,2026-05-28,6.5,52.7,SYNTHETIC
Oakmont Office,NIGHT,2026-05-29,12.1,52.1,SYNTHETIC
Oakmont Office,NIGHT,2026-05-30,10.0,48.3,SYNTHETIC
Oakmont Office,NIGHT,2026-05-31,7.1,53.8,SYNTHETIC
Oakmont Office,NIGHT,2026-06-01,5.6,47.5,SYNTHETIC
Oakmont Office,NIGHT,2026-06-02,12.9,49.6,SYNTHETIC
Oakmont Office,NIGHT,2026-06-03,8.7,48.5,SYNTHETIC
Oakmont Office,NIGHT,2026-06-04,10.7,52.0,SYNTHETIC
Oakmont Office,NIGHT,2026-06-05,16.9,45.9,SYNTHETIC
Oakmont Office,NIGHT,2026-06-06,22.7,43.0,SYNTHETIC
Oakmont Office,NIGHT,2026-06-07,3.9,55.7,SYNTHETIC
Oakmont Office,NIGHT,2026-06-08,12.5,48.9,SYNTHETIC
Oakmont Office,NIGHT,2026-06-09,19.8,45.7,SYNTHETIC
Oakmont Office,NIGHT,2026-06-10,14.0,45.5,SYNTHETIC
Oakmont Office,NIGHT,2026-06-11,14.0,46.2,SYNTHETIC
Oakmont Office,NIGHT,2026-06-12,8.3,47.3,SYNTHETIC
Oakmont Office,NIGHT,2026-06-13,15.9,49.5,SYNTHETIC
Oakmont Office,NIGHT,2026-06-14,14.0,50.5,SYNTHETIC
Oakmont Office,NIGHT,2026-06-15,1.1,54.9,SYNTHETIC
Oakmont Office,NIGHT,2026-06-16,16.3,46.5,SYNTHETIC
Oakmont Office,NIGHT,2026-06-17,14.3,46.9,SYNTHETIC
Oakmont Office,NIGHT,2026-06-18,0.0,55.4,SYNTHETIC
Oakmont Office,NIGHT,2026-06-19,23.6,43.6,SYNTHETIC
Oakmont Office,NIGHT,2026-06-20,21.4,44.4,SYNTHETIC
Oakmont Office,NIGHT,2026-06-21,16.0,54.3,SYNTHETIC
Oakmont Office,NIGHT,2026-06-22,19.6,48.2,SYNTHETIC
Oakmont Office,NIGHT,2026-06-23,4.3,54.0,SYNTHETIC
Oakmont Office,NIGHT,2026-06-24,10.2,49.3,SYNTHETIC
Oakmont Office,NIGHT,2026-06-25,10.4,47.0,SYNTHETIC
Oakmont Office,NIGHT,2026-06-26,12.9,52.3,SYNTHETIC
Oakmont Office,NIGHT,2026-06-27,9.6,49.1,SYNTHETIC
Oakmont Office,NIGHT,2026-06-28,4.4,52.5,SYNTHETIC
Oakmont Office,NIGHT,2026-06-29,15.9,43.9,SYNTHETIC
Oakmont Office,NIGHT,2026-06-30,10.4,49.4,SYNTHETIC
Oakmont Office,NIGHT,2026-07-01,20.7,47.0,SYNTHETIC
Oakmont Office,NIGHT,2026-07-02,12.3,48.3,SYNTHETIC
Oakmont Office,NIGHT,2026-07-03,12.1,50.9,SYNTHETIC
Oakmont Office,NIGHT,2026-07-04,17.8,45.6,SYNTHETIC
Oakmont Office,NIGHT,2026-07-05,8.6,53.2,SYNTHETIC
Oakmont Office,NIGHT,2026-07-06,15.0,51.3,SYNTHETIC
Oakmont Office,NIGHT,2026-07-07,4.6,51.2,SYNTHETIC
Oakmont Office,NIGHT,2026-07-08,8.3,52.4,SYNTHETIC
Oakmont Office,NIGHT,2026-07-09,16.2,45.7,SYNTHETIC
Oakmont Office,NIGHT,2026-07-10,13.6,50.6,SYNTHETIC
Oakmont Office,NIGHT,2026-07-11,14.9,52.4,SYNTHETIC
Oakmont Office,NIGHT,2026-07-12,14.4,54.9,SYNTHETIC
Oakmont Office,NIGHT,2026-07-13,17.5,47.8,SYNTHETIC
Oakmont Office,NIGHT,2026-07-14,16.8,47.0,SYNTHETIC
Oakmont Office,NIGHT,2026-07-15,13.0,53.7,SYNTHETIC
Oakmont Office,NIGHT,2026-07-16,7.3,55.9,SYNTHETIC
Oakmont Office,NIGHT,2026-07-17,1.9,56.9,SYNTHETIC
Oakmont Office,NIGHT,2026-07-18,8.9,50.9,SYNTHETIC
Oakmont Office,NIGHT,2026-07-19,1.7,52.7,SYNTHETIC
Oakmont Office,NIGHT,2026-07-20,12.6,49.5,SYNTHETIC
Oakmont Office,NIGHT,2026-07-21,9.4,51.3,SYNTHETIC
Oakmont Office,NIGHT,2026-07-22,11.2,54.1,SYNTHETIC
Oakmont Office,NIGHT,2026-07-23,11.3,52.2,SYNTHETIC
Oakmont Office,NIGHT,2026-07-24,11.2,53.7,SYNTHETIC
Oakmont Office,NIGHT,2026-07-25,12.9,50.1,SYNTHETIC
Oakmont Office,NIGHT,2026-07-26,7.8,48.9,SYNTHETIC
Oakmont Office,NIGHT,2026-07-27,10.0,49.0,SYNTHETIC
Oakmont Office,NIGHT,2026-07-28,11.0,51.4,SYNTHETIC
Oakmont Office,NIGHT,2026-07-29,12.8,51.3,SYNTHETIC
Oakmont Office,NIGHT,2026-07-30,9.1,50.3,SYNTHETIC
Oakmont Office,NIGHT,2026-07-31,15.9,49.7,SYNTHETIC
Pinecrest Office,EVENING,2026-07-08,7.7,48.3,SYNTHETIC
Redwood City Center,DAY,2026-05-02,14.3,53.0,SYNTHETIC
Redwood City Center,DAY,2026-05-03,11.7,49.7,SYNTHETIC
Redwood City Center,DAY,2026-05-04,22.9,42.9,SYNTHETIC
Redwood City Center,DAY,2026-05-05,7.9,50.5,SYNTHETIC
Redwood City Center,DAY,2026-05-06,33.0,44.0,SYNTHETIC
Redwood City Center,DAY,2026-05-07,11.5,51.4,SYNTHETIC
Redwood City Center,DAY,2026-05-08,15.9,46.5,SYNTHETIC
Redwood City Center,DAY,2026-05-09,20.7,46.1,SYNTHETIC
Redwood City Center,DAY,2026-05-10,15.5,42.7,SYNTHETIC
Redwood City Center,DAY,2026-05-11,31.5,40.1,SYNTHETIC
Redwood City Center,DAY,2026-05-12,10.7,47.1,SYNTHETIC
Redwood City Center,DAY,2026-05-13,16.4,46.1,SYNTHETIC
Redwood City Center,DAY,2026-05-14,7.5,54.7,SYNTHETIC
Redwood City Center,DAY,2026-05-15,10.3,51.4,SYNTHETIC
Redwood City Center,DAY,2026-05-16,13.3,44.6,SYNTHETIC
Redwood City Center,DAY,2026-05-18,30.3,46.1,SYNTHETIC
Redwood City Center,DAY,2026-05-19,0.0,55.1,SYNTHETIC
Redwood City Center,DAY,2026-05-20,8.5,51.6,SYNTHETIC
Redwood City Center,DAY,2026-05-21,14.7,51.8,SYNTHETIC
Redwood City Center,DAY,2026-05-22,14.9,46.1,SYNTHETIC
Redwood City Center,DAY,2026-05-23,2.2,52.9,SYNTHETIC
Redwood City Center,DAY,2026-05-24,3.3,55.3,SYNTHETIC
Redwood City Center,DAY,2026-05-25,24.7,44.0,SYNTHETIC
Redwood City Center,DAY,2026-05-26,26.6,39.6,SYNTHETIC
Redwood City Center,DAY,2026-05-27,0.0,51.4,SYNTHETIC
Redwood City Center,DAY,2026-05-29,12.6,50.3,SYNTHETIC
Redwood City Center,DAY,2026-05-30,9.1,48.0,SYNTHETIC
Redwood City Center,DAY,2026-05-31,3.5,55.1,SYNTHETIC
Redwood City Center,DAY,2026-06-01,8.7,52.3,SYNTHETIC
Redwood City Center,DAY,2026-06-02,18.7,48.8,SYNTHETIC
Redwood City Center,DAY,2026-06-03,19.3,48.4,SYNTHETIC
Redwood City Center,DAY,2026-06-04,8.6,47.6,SYNTHETIC
Redwood City Center,DAY,2026-06-05,1.0,55.6,SYNTHETIC
Redwood City Center,DAY,2026-06-06,19.5,48.7,SYNTHETIC
Redwood City Center,DAY,2026-06-07,21.5,44.4,SYNTHETIC
Redwood City Center,DAY,2026-06-08,4.5,53.1,SYNTHETIC
Redwood City Center,DAY,2026-06-09,5.3,45.9,SYNTHETIC
Redwood City Center,DAY,2026-06-10,21.7,42.6,SYNTHETIC
Redwood City Center,DAY,2026-06-11,13.7,50.0,SYNTHETIC
Redwood City Center,DAY,2026-06-12,19.3,51.6,SYNTHETIC
Redwood City Center,DAY,2026-06-13,25.5,44.6,SYNTHETIC
Redwood City Center,DAY,2026-06-14,15.8,52.1,SYNTHETIC
Redwood City Center,DAY,2026-06-15,7.9,50.6,SYNTHETIC
Redwood City Center,DAY,2026-06-16,16.9,48.2,SYNTHETIC
Redwood City Center,DAY,2026-06-17,15.7,40.2,SYNTHETIC
Redwood City Center,DAY,2026-06-18,7.4,57.8,SYNTHETIC
Redwood City Center,DAY,2026-06-19,5.3,52.2,SYNTHETIC
Redwood City Center,DAY,2026-06-20,11.1,47.9,SYNTHETIC
Redwood City Center,DAY,2026-06-22,20.5,45.1,SYNTHETIC
Redwood City Center,DAY,2026-06-23,10.2,50.9,SYNTHETIC
Redwood City Center,DAY,2026-06-24,26.5,45.7,SYNTHETIC
Redwood City Center,DAY,2026-06-25,9.3,48.9,SYNTHETIC
Redwood City Center,DAY,2026-06-26,22.1,42.9,SYNTHETIC
Redwood City Center,DAY,2026-06-27,13.5,46.4,SYNTHETIC
Redwood City Center,DAY,2026-06-29,11.9,47.2,SYNTHETIC
Redwood City Center,DAY,2026-06-30,11.9,51.3,SYNTHETIC
Redwood City Center,DAY,2026-07-01,12.1,49.6,SYNTHETIC
Redwood City Center,DAY,2026-07-02,26.4,46.1,SYNTHETIC
Redwood City Center,DAY,2026-07-03,16.5,48.2,SYNTHETIC
Redwood City Center,DAY,2026-07-04,3.0,49.0,SYNTHETIC
Redwood City Center,DAY,2026-07-06,19.9,45.2,SYNTHETIC
Redwood City Center,DAY,2026-07-07,25.0,41.2,SYNTHETIC
Redwood City Center,DAY,2026-07-08,33.8,43.4,SYNTHETIC
Redwood City Center,DAY,2026-07-09,12.6,47.7,SYNTHETIC
Redwood City Center,DAY,2026-07-10,1.9,55.9,SYNTHETIC
Redwood City Center,DAY,2026-07-11,11.1,49.1,SYNTHETIC
Redwood City Center,DAY,2026-07-12,0.6,52.5,SYNTHETIC
Redwood City Center,DAY,2026-07-13,12.3,50.0,SYNTHETIC
Redwood City Center,DAY,2026-07-14,8.0,53.3,SYNTHETIC
Redwood City Center,DAY,2026-07-15,3.6,51.6,SYNTHETIC
Redwood City Center,DAY,2026-07-16,9.2,50.4,SYNTHETIC
Redwood City Center,DAY,2026-07-17,13.8,45.7,SYNTHETIC
Redwood City Center,DAY,2026-07-18,39.2,41.9,SYNTHETIC
Redwood City Center,DAY,2026-07-19,10.5,50.0,SYNTHETIC
Redwood City Center,DAY,2026-07-20,9.3,52.9,SYNTHETIC
Redwood City Center,DAY,2026-07-21,20.9,45.0,SYNTHETIC
Redwood City Center,DAY,2026-07-22,7.7,55.1,SYNTHETIC
Redwood City Center,DAY,2026-07-23,13.8,52.2,SYNTHETIC
Redwood City Center,DAY,2026-07-24,15.1,41.8,SYNTHETIC
Redwood City Center,DAY,2026-07-25,46.3,35.3,SYNTHETIC
Redwood City Center,DAY,2026-07-27,21.5,51.6,SYNTHETIC
Redwood City Center,DAY,2026-07-28,16.1,49.1,SYNTHETIC
Redwood City Center,DAY,2026-07-29,5.0,55.7,SYNTHETIC
Redwood City Center,DAY,2026-07-30,8.4,51.7,SYNTHETIC
Redwood City Center,DAY,2026-07-31,25.9,48.7,SYNTHETIC
Redwood City Center,EARLY,2026-05-01,9.0,50.3,SYNTHETIC
Redwood City Center,EARLY,2026-05-02,6.2,57.5,SYNTHETIC
Redwood City Center,EARLY,2026-05-03,9.2,49.1,SYNTHETIC
Redwood City Center,EARLY,2026-05-04,14.7,49.5,SYNTHETIC
Redwood City Center,EARLY,2026-05-05,15.3,48.7,SYNTHETIC
Redwood City Center,EARLY,2026-05-06,0.0,55.7,SYNTHETIC
Redwood City Center,EARLY,2026-05-07,5.5,48.6,SYNTHETIC
Redwood City Center,EARLY,2026-05-08,10.4,52.5,SYNTHETIC
Redwood City Center,EARLY,2026-05-09,10.1,47.5,SYNTHETIC
Redwood City Center,EARLY,2026-05-10,12.5,48.6,SYNTHETIC
Redwood City Center,EARLY,2026-05-11,4.1,54.1,SYNTHETIC
Redwood City Center,EARLY,2026-05-12,10.4,46.2,SYNTHETIC
Redwood City Center,EARLY,2026-05-13,11.9,50.0,SYNTHETIC
Redwood City Center,EARLY,2026-05-14,11.6,54.0,SYNTHETIC
Redwood City Center,EARLY,2026-05-15,1.8,56.6,SYNTHETIC
Redwood City Center,EARLY,2026-05-16,15.9,51.4,SYNTHETIC
Redwood City Center,EARLY,2026-05-17,15.8,46.7,SYNTHETIC
Redwood City Center,EARLY,2026-05-18,20.5,43.3,SYNTHETIC
Redwood City Center,EARLY,2026-05-19,14.0,45.1,SYNTHETIC
Redwood City Center,EARLY,2026-05-20,14.6,49.5,SYNTHETIC
Redwood City Center,EARLY,2026-05-21,13.5,53.6,SYNTHETIC
Redwood City Center,EARLY,2026-05-22,13.8,51.2,SYNTHETIC
Redwood City Center,EARLY,2026-05-23,15.9,44.5,SYNTHETIC
Redwood City Center,EARLY,2026-05-24,11.1,48.9,SYNTHETIC
Redwood City Center,EARLY,2026-05-25,14.2,48.5,SYNTHETIC
Redwood City Center,EARLY,2026-05-26,17.3,44.2,SYNTHETIC
Redwood City Center,EARLY,2026-05-27,11.1,49.4,SYNTHETIC
Redwood City Center,EARLY,2026-05-28,13.0,53.2,SYNTHETIC
Redwood City Center,EARLY,2026-05-29,10.4,47.2,SYNTHETIC
Redwood City Center,EARLY,2026-05-30,13.1,43.3,SYNTHETIC
Redwood City Center,EARLY,2026-05-31,1.6,51.0,SYNTHETIC
Redwood City Center,EARLY,2026-06-01,12.1,48.6,SYNTHETIC
Redwood City Center,EARLY,2026-06-02,14.0,50.9,SYNTHETIC
Redwood City Center,EARLY,2026-06-03,4.1,53.6,SYNTHETIC
Redwood City Center,EARLY,2026-06-04,4.0,54.2,SYNTHETIC
Redwood City Center,EARLY,2026-06-05,3.5,52.5,SYNTHETIC
Redwood City Center,EARLY,2026-06-06,11.7,49.9,SYNTHETIC
Redwood City Center,EARLY,2026-06-07,2.4,50.2,SYNTHETIC
Redwood City Center,EARLY,2026-06-08,17.0,48.6,SYNTHETIC
Redwood City Center,EARLY,2026-06-09,13.8,47.1,SYNTHETIC
Redwood City Center,EARLY,2026-06-10,8.0,55.1,SYNTHETIC
Redwood City Center,EARLY,2026-06-11,14.2,48.4,SYNTHETIC
Redwood City Center,EARLY,2026-06-12,15.1,46.1,SYNTHETIC
Redwood City Center,EARLY,2026-06-13,0.0,55.1,SYNTHETIC
Redwood City Center,EARLY,2026-06-14,1.5,58.5,SYNTHETIC
Redwood City Center,EARLY,2026-06-15,9.0,50.6,SYNTHETIC
Redwood City Center,EARLY,2026-06-16,3.3,56.2,SYNTHETIC
Redwood City Center,EARLY,2026-06-17,0.0,52.3,SYNTHETIC
Redwood City Center,EARLY,2026-06-18,16.6,52.0,SYNTHETIC
Redwood City Center,EARLY,2026-06-19,9.0,48.4,SYNTHETIC
Redwood City Center,EARLY,2026-06-20,3.1,50.8,SYNTHETIC
Redwood City Center,EARLY,2026-06-22,9.4,52.2,SYNTHETIC
Redwood City Center,EARLY,2026-06-23,6.2,53.4,SYNTHETIC
Redwood City Center,EARLY,2026-06-24,11.5,51.5,SYNTHETIC
Redwood City Center,EARLY,2026-06-25,10.7,50.1,SYNTHETIC
Redwood City Center,EARLY,2026-06-26,0.0,52.5,SYNTHETIC
Redwood City Center,EARLY,2026-06-27,18.4,49.3,SYNTHETIC
Redwood City Center,EARLY,2026-06-28,23.4,48.1,SYNTHETIC
Redwood City Center,EARLY,2026-06-29,16.6,46.6,SYNTHETIC
Redwood City Center,EARLY,2026-06-30,14.5,46.0,SYNTHETIC
Redwood City Center,EARLY,2026-07-01,10.6,51.4,SYNTHETIC
Redwood City Center,EARLY,2026-07-02,5.1,53.9,SYNTHETIC
Redwood City Center,EARLY,2026-07-03,18.3,43.5,SYNTHETIC
Redwood City Center,EARLY,2026-07-04,8.6,48.4,SYNTHETIC
Redwood City Center,EARLY,2026-07-06,24.3,44.9,SYNTHETIC
Redwood City Center,EARLY,2026-07-07,10.9,47.5,SYNTHETIC
Redwood City Center,EARLY,2026-07-08,9.4,49.2,SYNTHETIC
Redwood City Center,EARLY,2026-07-09,13.5,53.1,SYNTHETIC
Redwood City Center,EARLY,2026-07-10,16.6,48.7,SYNTHETIC
Redwood City Center,EARLY,2026-07-11,12.0,52.8,SYNTHETIC
Redwood City Center,EARLY,2026-07-12,9.9,55.1,SYNTHETIC
Redwood City Center,EARLY,2026-07-13,12.0,50.8,SYNTHETIC
Redwood City Center,EARLY,2026-07-14,11.6,50.8,SYNTHETIC
Redwood City Center,EARLY,2026-07-15,3.0,54.1,SYNTHETIC
Redwood City Center,EARLY,2026-07-16,10.6,49.9,SYNTHETIC
Redwood City Center,EARLY,2026-07-17,10.4,53.4,SYNTHETIC
Redwood City Center,EARLY,2026-07-18,11.7,52.7,SYNTHETIC
Redwood City Center,EARLY,2026-07-19,11.6,45.8,SYNTHETIC
Redwood City Center,EARLY,2026-07-20,19.2,45.9,SYNTHETIC
Redwood City Center,EARLY,2026-07-21,13.3,47.5,SYNTHETIC
Redwood City Center,EARLY,2026-07-22,21.0,46.4,SYNTHETIC
Redwood City Center,EARLY,2026-07-23,13.9,50.5,SYNTHETIC
Redwood City Center,EARLY,2026-07-24,20.5,45.6,SYNTHETIC
Redwood City Center,EARLY,2026-07-25,2.6,50.0,SYNTHETIC
Redwood City Center,EARLY,2026-07-26,14.9,46.4,SYNTHETIC
Redwood City Center,EARLY,2026-07-27,28.6,41.9,SYNTHETIC
Redwood City Center,EARLY,2026-07-28,0.0,55.5,SYNTHETIC
Redwood City Center,EARLY,2026-07-29,22.1,47.9,SYNTHETIC
Redwood City Center,EARLY,2026-07-30,8.8,47.9,SYNTHETIC
Redwood City Center,EARLY,2026-07-31,16.1,47.3,SYNTHETIC
Redwood City Center,EVENING,2026-05-01,6.5,51.9,SYNTHETIC
Redwood City Center,EVENING,2026-05-02,1.9,52.7,SYNTHETIC
Redwood City Center,EVENING,2026-05-03,11.1,50.7,SYNTHETIC
Redwood City Center,EVENING,2026-05-04,20.2,46.8,SYNTHETIC
Redwood City Center,EVENING,2026-05-05,14.3,50.5,SYNTHETIC
Redwood City Center,EVENING,2026-05-06,9.0,50.3,SYNTHETIC
Redwood City Center,EVENING,2026-05-07,2.8,54.2,SYNTHETIC
Redwood City Center,EVENING,2026-05-08,16.3,48.9,SYNTHETIC
Redwood City Center,EVENING,2026-05-09,11.6,51.1,SYNTHETIC
Redwood City Center,EVENING,2026-05-11,6.2,58.3,SYNTHETIC
Redwood City Center,EVENING,2026-05-12,18.6,46.9,SYNTHETIC
Redwood City Center,EVENING,2026-05-13,7.4,48.6,SYNTHETIC
Redwood City Center,EVENING,2026-05-14,19.0,50.5,SYNTHETIC
Redwood City Center,EVENING,2026-05-15,11.2,50.5,SYNTHETIC
Redwood City Center,EVENING,2026-05-16,13.9,45.5,SYNTHETIC
Redwood City Center,EVENING,2026-05-18,14.4,51.2,SYNTHETIC
Redwood City Center,EVENING,2026-05-19,11.2,48.3,SYNTHETIC
Redwood City Center,EVENING,2026-05-20,9.3,47.5,SYNTHETIC
Redwood City Center,EVENING,2026-05-21,13.6,52.3,SYNTHETIC
Redwood City Center,EVENING,2026-05-22,5.6,52.7,SYNTHETIC
Redwood City Center,EVENING,2026-05-23,17.8,47.6,SYNTHETIC
Redwood City Center,EVENING,2026-05-24,9.1,52.7,SYNTHETIC
Redwood City Center,EVENING,2026-05-25,0.2,53.9,SYNTHETIC
Redwood City Center,EVENING,2026-05-26,18.0,46.5,SYNTHETIC
Redwood City Center,EVENING,2026-05-27,19.4,43.1,SYNTHETIC
Redwood City Center,EVENING,2026-05-28,11.2,46.7,SYNTHETIC
Redwood City Center,EVENING,2026-05-29,14.9,45.5,SYNTHETIC
Redwood City Center,EVENING,2026-05-30,9.8,54.0,SYNTHETIC
Redwood City Center,EVENING,2026-05-31,17.4,46.7,SYNTHETIC
Redwood City Center,EVENING,2026-06-01,10.1,48.0,SYNTHETIC
Redwood City Center,EVENING,2026-06-02,1.6,50.7,SYNTHETIC
Redwood City Center,EVENING,2026-06-03,0.0,49.1,SYNTHETIC
Redwood City Center,EVENING,2026-06-04,8.8,51.3,SYNTHETIC
Redwood City Center,EVENING,2026-06-05,8.8,48.7,SYNTHETIC
Redwood City Center,EVENING,2026-06-06,8.0,49.6,SYNTHETIC
Redwood City Center,EVENING,2026-06-07,21.7,41.6,SYNTHETIC
Redwood City Center,EVENING,2026-06-08,8.9,51.1,SYNTHETIC
Redwood City Center,EVENING,2026-06-09,16.3,48.2,SYNTHETIC
Redwood City Center,EVENING,2026-06-10,19.1,43.8,SYNTHETIC
Redwood City Center,EVENING,2026-06-11,11.4,47.6,SYNTHETIC
Redwood City Center,EVENING,2026-06-12,12.9,51.5,SYNTHETIC
Redwood City Center,EVENING,2026-06-13,6.2,49.3,SYNTHETIC
Redwood City Center,EVENING,2026-06-14,22.9,49.6,SYNTHETIC
Redwood City Center,EVENING,2026-06-15,14.8,49.1,SYNTHETIC
Redwood City Center,EVENING,2026-06-16,12.8,52.6,SYNTHETIC
Redwood City Center,EVENING,2026-06-17,17.4,49.1,SYNTHETIC
Redwood City Center,EVENING,2026-06-18,5.1,52.4,SYNTHETIC
Redwood City Center,EVENING,2026-06-19,11.8,55.9,SYNTHETIC
Redwood City Center,EVENING,2026-06-20,5.8,48.1,SYNTHETIC
Redwood City Center,EVENING,2026-06-22,7.7,53.8,SYNTHETIC
Redwood City Center,EVENING,2026-06-23,9.1,53.2,SYNTHETIC
Redwood City Center,EVENING,2026-06-24,17.4,45.7,SYNTHETIC
Redwood City Center,EVENING,2026-06-25,4.0,54.1,SYNTHETIC
Redwood City Center,EVENING,2026-06-26,1.2,49.6,SYNTHETIC
Redwood City Center,EVENING,2026-06-27,11.1,53.6,SYNTHETIC
Redwood City Center,EVENING,2026-06-29,22.4,45.1,SYNTHETIC
Redwood City Center,EVENING,2026-06-30,6.0,57.8,SYNTHETIC
Redwood City Center,EVENING,2026-07-01,15.3,50.4,SYNTHETIC
Redwood City Center,EVENING,2026-07-02,6.9,48.9,SYNTHETIC
Redwood City Center,EVENING,2026-07-03,9.1,47.3,SYNTHETIC
Redwood City Center,EVENING,2026-07-04,21.4,46.5,SYNTHETIC
Redwood City Center,EVENING,2026-07-06,12.3,46.6,SYNTHETIC
Redwood City Center,EVENING,2026-07-07,11.3,51.3,SYNTHETIC
Redwood City Center,EVENING,2026-07-08,10.1,49.6,SYNTHETIC
Redwood City Center,EVENING,2026-07-09,28.9,37.6,SYNTHETIC
Redwood City Center,EVENING,2026-07-10,12.2,48.3,SYNTHETIC
Redwood City Center,EVENING,2026-07-11,3.6,52.2,SYNTHETIC
Redwood City Center,EVENING,2026-07-12,4.0,57.8,SYNTHETIC
Redwood City Center,EVENING,2026-07-13,8.6,52.1,SYNTHETIC
Redwood City Center,EVENING,2026-07-14,11.4,48.6,SYNTHETIC
Redwood City Center,EVENING,2026-07-15,8.3,51.6,SYNTHETIC
Redwood City Center,EVENING,2026-07-16,4.8,50.4,SYNTHETIC
Redwood City Center,EVENING,2026-07-17,20.5,47.2,SYNTHETIC
Redwood City Center,EVENING,2026-07-18,15.5,43.9,SYNTHETIC
Redwood City Center,EVENING,2026-07-19,14.2,49.8,SYNTHETIC
Redwood City Center,EVENING,2026-07-20,6.8,57.0,SYNTHETIC
Redwood City Center,EVENING,2026-07-21,8.2,52.5,SYNTHETIC
Redwood City Center,EVENING,2026-07-22,12.2,46.9,SYNTHETIC
Redwood City Center,EVENING,2026-07-23,6.0,52.5,SYNTHETIC
Redwood City Center,EVENING,2026-07-24,22.6,44.0,SYNTHETIC
Redwood City Center,EVENING,2026-07-25,10.8,51.9,SYNTHETIC
Redwood City Center,EVENING,2026-07-27,14.2,49.0,SYNTHETIC
Redwood City Center,EVENING,2026-07-28,16.9,48.3,SYNTHETIC
Redwood City Center,EVENING,2026-07-29,18.5,46.4,SYNTHETIC
Redwood City Center,EVENING,2026-07-30,13.0,46.2,SYNTHETIC
Redwood City Center,EVENING,2026-07-31,8.2,50.4,SYNTHETIC
Redwood City Center,NIGHT,2026-05-01,9.1,48.3,SYNTHETIC
Redwood City Center,NIGHT,2026-05-02,21.6,48.7,SYNTHETIC
Redwood City Center,NIGHT,2026-05-03,9.8,49.9,SYNTHETIC
Redwood City Center,NIGHT,2026-05-04,10.6,50.2,SYNTHETIC
Redwood City Center,NIGHT,2026-05-05,6.8,52.9,SYNTHETIC
Redwood City Center,NIGHT,2026-05-06,3.3,50.5,SYNTHETIC
Redwood City Center,NIGHT,2026-05-07,4.9,53.0,SYNTHETIC
Redwood City Center,NIGHT,2026-05-08,7.0,49.8,SYNTHETIC
Redwood City Center,NIGHT,2026-05-09,15.3,47.2,SYNTHETIC
Redwood City Center,NIGHT,2026-05-10,8.6,50.1,SYNTHETIC
Redwood City Center,NIGHT,2026-05-11,7.8,51.6,SYNTHETIC
Redwood City Center,NIGHT,2026-05-12,19.6,43.0,SYNTHETIC
Redwood City Center,NIGHT,2026-05-13,9.5,52.3,SYNTHETIC
Redwood City Center,NIGHT,2026-05-14,4.0,56.7,SYNTHETIC
Redwood City Center,NIGHT,2026-05-15,14.3,47.0,SYNTHETIC
Redwood City Center,NIGHT,2026-05-16,16.1,47.1,SYNTHETIC
Redwood City Center,NIGHT,2026-05-17,3.6,53.4,SYNTHETIC
Redwood City Center,NIGHT,2026-05-18,12.1,46.7,SYNTHETIC
Redwood City Center,NIGHT,2026-05-19,6.1,49.9,SYNTHETIC
Redwood City Center,NIGHT,2026-05-20,4.6,54.5,SYNTHETIC
Redwood City Center,NIGHT,2026-05-21,19.9,47.4,SYNTHETIC
Redwood City Center,NIGHT,2026-05-22,15.4,47.7,SYNTHETIC
Redwood City Center,NIGHT,2026-05-23,11.4,46.2,SYNTHETIC
Redwood City Center,NIGHT,2026-05-24,6.0,53.0,SYNTHETIC
Redwood City Center,NIGHT,2026-05-25,4.7,52.1,SYNTHETIC
Redwood City Center,NIGHT,2026-05-26,21.3,43.1,SYNTHETIC
Redwood City Center,NIGHT,2026-05-27,9.4,52.3,SYNTHETIC
Redwood City Center,NIGHT,2026-05-28,11.0,49.8,SYNTHETIC
Redwood City Center,NIGHT,2026-05-29,16.0,47.4,SYNTHETIC
Redwood City Center,NIGHT,2026-05-30,27.5,41.5,SYNTHETIC
Redwood City Center,NIGHT,2026-05-31,12.7,43.4,SYNTHETIC
Redwood City Center,NIGHT,2026-06-01,14.1,48.3,SYNTHETIC
Redwood City Center,NIGHT,2026-06-02,1.3,58.2,SYNTHETIC
Redwood City Center,NIGHT,2026-06-03,7.8,47.7,SYNTHETIC
Redwood City Center,NIGHT,2026-06-04,14.2,52.4,SYNTHETIC
Redwood City Center,NIGHT,2026-06-05,9.1,50.3,SYNTHETIC
Redwood City Center,NIGHT,2026-06-06,13.9,46.0,SYNTHETIC
Redwood City Center,NIGHT,2026-06-08,12.6,47.2,SYNTHETIC
Redwood City Center,NIGHT,2026-06-09,15.0,51.2,SYNTHETIC
Redwood City Center,NIGHT,2026-06-10,2.0,57.9,SYNTHETIC
Redwood City Center,NIGHT,2026-06-11,11.1,48.8,SYNTHETIC
Redwood City Center,NIGHT,2026-06-12,12.6,53.0,SYNTHETIC
Redwood City Center,NIGHT,2026-06-13,12.2,50.3,SYNTHETIC
Redwood City Center,NIGHT,2026-06-15,14.5,46.6,SYNTHETIC
Redwood City Center,NIGHT,2026-06-16,11.5,53.9,SYNTHETIC
Redwood City Center,NIGHT,2026-06-17,11.0,51.5,SYNTHETIC
Redwood City Center,NIGHT,2026-06-18,3.4,50.4,SYNTHETIC
Redwood City Center,NIGHT,2026-06-19,17.7,49.2,SYNTHETIC
Redwood City Center,NIGHT,2026-06-20,6.5,54.8,SYNTHETIC
Redwood City Center,NIGHT,2026-06-22,8.5,55.6,SYNTHETIC
Redwood City Center,NIGHT,2026-06-23,18.0,44.6,SYNTHETIC
Redwood City Center,NIGHT,2026-06-24,11.7,46.0,SYNTHETIC
Redwood City Center,NIGHT,2026-06-25,8.5,49.8,SYNTHETIC
Redwood City Center,NIGHT,2026-06-26,6.1,55.7,SYNTHETIC
Redwood City Center,NIGHT,2026-06-27,18.5,49.5,SYNTHETIC
Redwood City Center,NIGHT,2026-06-28,19.5,46.2,SYNTHETIC
Redwood City Center,NIGHT,2026-06-29,13.1,49.4,SYNTHETIC
Redwood City Center,NIGHT,2026-06-30,11.9,46.3,SYNTHETIC
Redwood City Center,NIGHT,2026-07-01,8.5,52.5,SYNTHETIC
Redwood City Center,NIGHT,2026-07-02,20.7,39.9,SYNTHETIC
Redwood City Center,NIGHT,2026-07-03,7.9,52.3,SYNTHETIC
Redwood City Center,NIGHT,2026-07-04,4.8,50.9,SYNTHETIC
Redwood City Center,NIGHT,2026-07-05,10.1,54.9,SYNTHETIC
Redwood City Center,NIGHT,2026-07-06,22.8,51.6,SYNTHETIC
Redwood City Center,NIGHT,2026-07-07,5.7,51.7,SYNTHETIC
Redwood City Center,NIGHT,2026-07-08,6.4,46.2,SYNTHETIC
Redwood City Center,NIGHT,2026-07-09,14.7,52.8,SYNTHETIC
Redwood City Center,NIGHT,2026-07-10,11.6,45.7,SYNTHETIC
Redwood City Center,NIGHT,2026-07-11,16.8,47.8,SYNTHETIC
Redwood City Center,NIGHT,2026-07-12,19.6,42.6,SYNTHETIC
Redwood City Center,NIGHT,2026-07-13,8.1,49.1,SYNTHETIC
Redwood City Center,NIGHT,2026-07-14,14.3,54.7,SYNTHETIC
Redwood City Center,NIGHT,2026-07-15,10.9,47.4,SYNTHETIC
Redwood City Center,NIGHT,2026-07-16,4.4,55.2,SYNTHETIC
Redwood City Center,NIGHT,2026-07-17,12.9,47.1,SYNTHETIC
Redwood City Center,NIGHT,2026-07-18,19.0,47.8,SYNTHETIC
Redwood City Center,NIGHT,2026-07-20,5.4,52.2,SYNTHETIC
Redwood City Center,NIGHT,2026-07-21,15.9,47.5,SYNTHETIC
Redwood City Center,NIGHT,2026-07-22,7.8,48.4,SYNTHETIC
Redwood City Center,NIGHT,2026-07-23,6.0,51.3,SYNTHETIC
Redwood City Center,NIGHT,2026-07-24,9.5,48.0,SYNTHETIC
Redwood City Center,NIGHT,2026-07-25,14.1,49.4,SYNTHETIC
Redwood City Center,NIGHT,2026-07-27,16.4,51.1,SYNTHETIC
Redwood City Center,NIGHT,2026-07-28,14.0,45.6,SYNTHETIC
Redwood City Center,NIGHT,2026-07-29,5.6,57.1,SYNTHETIC
Redwood City Center,NIGHT,2026-07-30,8.8,50.9,SYNTHETIC
Redwood City Center,NIGHT,2026-07-31,11.3,47.4,SYNTHETIC
San Jose Commons,DAY,2026-05-19,11.9,47.8,SYNTHETIC
San Jose Commons,DAY,2026-05-27,11.1,51.5,SYNTHETIC
San Jose Commons,DAY,2026-06-02,14.1,46.0,SYNTHETIC
San Jose Commons,DAY,2026-06-10,23.2,43.5,SYNTHETIC
San Jose Commons,DAY,2026-06-15,17.1,44.5,SYNTHETIC
San Jose Commons,DAY,2026-06-22,15.7,50.4,SYNTHETIC
San Jose Commons,DAY,2026-06-23,3.8,55.2,SYNTHETIC
San Jose Commons,DAY,2026-06-25,20.6,51.3,SYNTHETIC
San Jose Commons,DAY,2026-06-29,13.4,46.8,SYNTHETIC
San Jose Commons,DAY,2026-06-30,10.4,48.1,SYNTHETIC
San Jose Commons,DAY,2026-07-02,14.6,51.5,SYNTHETIC
San Jose Commons,DAY,2026-07-06,3.8,54.1,SYNTHETIC
San Jose Commons,DAY,2026-07-14,0.0,54.2,SYNTHETIC
San Jose Commons,DAY,2026-07-15,17.2,44.0,SYNTHETIC
San Jose Commons,DAY,2026-07-17,20.4,48.5,SYNTHETIC
San Jose Commons,DAY,2026-07-21,21.3,50.9,SYNTHETIC
San Jose Commons,DAY,2026-07-30,26.1,44.6,SYNTHETIC
San Jose Commons,EVENING,2026-05-19,17.1,48.9,SYNTHETIC
San Jose Commons,EVENING,2026-06-23,17.8,49.5,SYNTHETIC
San Jose Commons,EVENING,2026-06-25,12.1,47.2,SYNTHETIC
San Jose Commons,EVENING,2026-06-29,3.4,56.7,SYNTHETIC
San Jose Commons,EVENING,2026-07-02,18.2,51.2,SYNTHETIC
San Jose Commons,EVENING,2026-07-06,13.5,50.4,SYNTHETIC
San Jose Commons,EVENING,2026-07-14,10.0,51.2,SYNTHETIC
San Jose Commons,EVENING,2026-07-15,16.3,48.2,SYNTHETIC
San Jose Commons,EVENING,2026-07-21,17.2,46.8,SYNTHETIC
San Jose Commons,EVENING,2026-07-30,16.6,44.1,SYNTHETIC
Santa Clara Office,DAY,2026-05-04,10.6,46.2,SYNTHETIC
Santa Clara Office,DAY,2026-05-05,12.8,50.9,SYNTHETIC
Santa Clara Office,DAY,2026-05-06,19.9,44.1,SYNTHETIC
Santa Clara Office,DAY,2026-05-07,8.7,49.8,SYNTHETIC
Santa Clara Office,DAY,2026-05-08,12.1,51.6,SYNTHETIC
Santa Clara Office,DAY,2026-05-11,23.7,44.9,SYNTHETIC
Santa Clara Office,DAY,2026-05-12,26.1,43.1,SYNTHETIC
Santa Clara Office,DAY,2026-05-13,13.2,50.7,SYNTHETIC
Santa Clara Office,DAY,2026-05-14,8.2,54.7,SYNTHETIC
Santa Clara Office,DAY,2026-05-15,16.0,46.9,SYNTHETIC
Santa Clara Office,DAY,2026-05-18,6.3,50.4,SYNTHETIC
Santa Clara Office,DAY,2026-05-19,23.8,44.0,SYNTHETIC
Santa Clara Office,DAY,2026-05-20,14.8,48.8,SYNTHETIC
Santa Clara Office,DAY,2026-05-21,14.4,46.9,SYNTHETIC
Santa Clara Office,DAY,2026-05-22,4.7,50.7,SYNTHETIC
Santa Clara Office,DAY,2026-05-25,23.1,49.8,SYNTHETIC
Santa Clara Office,DAY,2026-05-26,6.5,55.9,SYNTHETIC
Santa Clara Office,DAY,2026-05-27,18.9,53.7,SYNTHETIC
Santa Clara Office,DAY,2026-05-28,8.8,51.8,SYNTHETIC
Santa Clara Office,DAY,2026-05-29,8.0,51.3,SYNTHETIC
Santa Clara Office,DAY,2026-06-01,20.9,41.6,SYNTHETIC
Santa Clara Office,DAY,2026-06-02,24.8,40.7,SYNTHETIC
Santa Clara Office,DAY,2026-06-03,9.4,48.7,SYNTHETIC
Santa Clara Office,DAY,2026-06-04,5.5,52.2,SYNTHETIC
Santa Clara Office,DAY,2026-06-05,17.2,54.5,SYNTHETIC
Santa Clara Office,DAY,2026-06-08,9.2,52.9,SYNTHETIC
Santa Clara Office,DAY,2026-06-09,25.5,43.6,SYNTHETIC
Santa Clara Office,DAY,2026-06-10,6.6,52.2,SYNTHETIC
Santa Clara Office,DAY,2026-06-11,21.1,44.1,SYNTHETIC
Santa Clara Office,DAY,2026-06-12,19.2,47.6,SYNTHETIC
Santa Clara Office,DAY,2026-06-15,5.0,48.4,SYNTHETIC
Santa Clara Office,DAY,2026-06-16,17.7,43.9,SYNTHETIC
Santa Clara Office,DAY,2026-06-17,12.1,48.5,SYNTHETIC
Santa Clara Office,DAY,2026-06-18,13.8,51.9,SYNTHETIC
Santa Clara Office,DAY,2026-06-19,13.8,44.7,SYNTHETIC
Santa Clara Office,DAY,2026-06-22,15.1,50.9,SYNTHETIC
Santa Clara Office,DAY,2026-06-23,6.7,54.4,SYNTHETIC
Santa Clara Office,DAY,2026-06-24,10.0,50.8,SYNTHETIC
Santa Clara Office,DAY,2026-06-25,9.1,52.3,SYNTHETIC
Santa Clara Office,DAY,2026-06-26,11.1,47.8,SYNTHETIC
Santa Clara Office,DAY,2026-06-29,4.4,57.6,SYNTHETIC
Santa Clara Office,DAY,2026-06-30,9.4,51.6,SYNTHETIC
Santa Clara Office,DAY,2026-07-01,12.5,50.7,SYNTHETIC
Santa Clara Office,DAY,2026-07-02,12.3,50.9,SYNTHETIC
Santa Clara Office,DAY,2026-07-03,14.6,51.7,SYNTHETIC
Santa Clara Office,DAY,2026-07-06,11.0,51.2,SYNTHETIC
Santa Clara Office,DAY,2026-07-07,0.1,59.0,SYNTHETIC
Santa Clara Office,DAY,2026-07-08,18.8,47.3,SYNTHETIC
Santa Clara Office,DAY,2026-07-09,6.8,59.3,SYNTHETIC
Santa Clara Office,DAY,2026-07-10,10.0,49.8,SYNTHETIC
Santa Clara Office,DAY,2026-07-13,8.0,54.9,SYNTHETIC
Santa Clara Office,DAY,2026-07-14,8.0,51.9,SYNTHETIC
Santa Clara Office,DAY,2026-07-15,33.9,44.2,SYNTHETIC
Santa Clara Office,DAY,2026-07-16,17.8,46.9,SYNTHETIC
Santa Clara Office,DAY,2026-07-17,12.9,40.0,SYNTHETIC
Santa Clara Office,DAY,2026-07-20,24.4,42.5,SYNTHETIC
Santa Clara Office,DAY,2026-07-21,21.2,45.4,SYNTHETIC
Santa Clara Office,DAY,2026-07-22,19.0,46.6,SYNTHETIC
Santa Clara Office,DAY,2026-07-23,23.3,47.7,SYNTHETIC
Santa Clara Office,DAY,2026-07-24,8.8,51.0,SYNTHETIC
Santa Clara Office,DAY,2026-07-27,11.3,48.2,SYNTHETIC
Santa Clara Office,DAY,2026-07-28,17.2,44.8,SYNTHETIC
Santa Clara Office,DAY,2026-07-29,20.7,44.4,SYNTHETIC
Santa Clara Office,DAY,2026-07-30,18.3,48.7,SYNTHETIC
Santa Clara Office,DAY,2026-07-31,9.0,52.5,SYNTHETIC
Santa Clara Office,EARLY,2026-05-01,0.0,55.0,SYNTHETIC
Santa Clara Office,EARLY,2026-05-02,2.1,59.4,SYNTHETIC
Santa Clara Office,EARLY,2026-05-04,17.1,48.2,SYNTHETIC
Santa Clara Office,EARLY,2026-05-05,10.5,50.4,SYNTHETIC
Santa Clara Office,EARLY,2026-05-06,10.5,54.5,SYNTHETIC
Santa Clara Office,EARLY,2026-05-07,21.2,39.0,SYNTHETIC
Santa Clara Office,EARLY,2026-05-08,14.6,51.4,SYNTHETIC
Santa Clara Office,EARLY,2026-05-09,7.1,50.7,SYNTHETIC
Santa Clara Office,EARLY,2026-05-10,18.4,47.1,SYNTHETIC
Santa Clara Office,EARLY,2026-05-11,16.6,54.0,SYNTHETIC
Santa Clara Office,EARLY,2026-05-12,13.5,52.8,SYNTHETIC
Santa Clara Office,EARLY,2026-05-13,5.3,54.5,SYNTHETIC
Santa Clara Office,EARLY,2026-05-14,4.4,59.6,SYNTHETIC
Santa Clara Office,EARLY,2026-05-15,7.1,49.2,SYNTHETIC
Santa Clara Office,EARLY,2026-05-16,10.8,50.1,SYNTHETIC
Santa Clara Office,EARLY,2026-05-18,8.5,45.9,SYNTHETIC
Santa Clara Office,EARLY,2026-05-19,17.7,44.0,SYNTHETIC
Santa Clara Office,EARLY,2026-05-20,21.6,43.3,SYNTHETIC
Santa Clara Office,EARLY,2026-05-21,12.8,49.5,SYNTHETIC
Santa Clara Office,EARLY,2026-05-22,11.4,50.1,SYNTHETIC
Santa Clara Office,EARLY,2026-05-23,20.0,48.1,SYNTHETIC
Santa Clara Office,EARLY,2026-05-25,11.0,50.3,SYNTHETIC
Santa Clara Office,EARLY,2026-05-26,9.6,48.5,SYNTHETIC
Santa Clara Office,EARLY,2026-05-27,11.1,49.3,SYNTHETIC
Santa Clara Office,EARLY,2026-05-28,15.3,47.8,SYNTHETIC
Santa Clara Office,EARLY,2026-05-29,3.9,58.7,SYNTHETIC
Santa Clara Office,EARLY,2026-05-30,16.1,48.0,SYNTHETIC
Santa Clara Office,EARLY,2026-05-31,17.7,50.7,SYNTHETIC
Santa Clara Office,EARLY,2026-06-01,10.7,51.9,SYNTHETIC
Santa Clara Office,EARLY,2026-06-02,2.8,47.4,SYNTHETIC
Santa Clara Office,EARLY,2026-06-03,3.8,52.6,SYNTHETIC
Santa Clara Office,EARLY,2026-06-04,2.8,57.4,SYNTHETIC
Santa Clara Office,EARLY,2026-06-05,12.4,49.6,SYNTHETIC
Santa Clara Office,EARLY,2026-06-06,2.1,58.1,SYNTHETIC
Santa Clara Office,EARLY,2026-06-07,18.3,49.0,SYNTHETIC
Santa Clara Office,EARLY,2026-06-08,0.4,55.8,SYNTHETIC
Santa Clara Office,EARLY,2026-06-09,19.0,49.0,SYNTHETIC
Santa Clara Office,EARLY,2026-06-10,5.9,54.5,SYNTHETIC
Santa Clara Office,EARLY,2026-06-11,8.8,52.6,SYNTHETIC
Santa Clara Office,EARLY,2026-06-12,14.7,50.3,SYNTHETIC
Santa Clara Office,EARLY,2026-06-13,3.2,53.1,SYNTHETIC
Santa Clara Office,EARLY,2026-06-15,13.0,50.2,SYNTHETIC
Santa Clara Office,EARLY,2026-06-16,12.4,50.6,SYNTHETIC
Santa Clara Office,EARLY,2026-06-17,10.3,51.8,SYNTHETIC
Santa Clara Office,EARLY,2026-06-18,6.9,51.4,SYNTHETIC
Santa Clara Office,EARLY,2026-06-19,15.8,48.6,SYNTHETIC
Santa Clara Office,EARLY,2026-06-20,9.9,53.1,SYNTHETIC
Santa Clara Office,EARLY,2026-06-22,3.3,51.8,SYNTHETIC
Santa Clara Office,EARLY,2026-06-23,12.1,48.6,SYNTHETIC
Santa Clara Office,EARLY,2026-06-24,10.1,50.3,SYNTHETIC
Santa Clara Office,EARLY,2026-06-25,18.2,50.4,SYNTHETIC
Santa Clara Office,EARLY,2026-06-26,15.4,51.7,SYNTHETIC
Santa Clara Office,EARLY,2026-06-27,6.0,54.3,SYNTHETIC
Santa Clara Office,EARLY,2026-06-28,7.8,51.1,SYNTHETIC
Santa Clara Office,EARLY,2026-06-29,11.7,49.9,SYNTHETIC
Santa Clara Office,EARLY,2026-06-30,12.3,45.7,SYNTHETIC
Santa Clara Office,EARLY,2026-07-01,5.2,56.0,SYNTHETIC
Santa Clara Office,EARLY,2026-07-02,20.1,45.2,SYNTHETIC
Santa Clara Office,EARLY,2026-07-03,7.9,49.7,SYNTHETIC
Santa Clara Office,EARLY,2026-07-04,13.3,48.1,SYNTHETIC
Santa Clara Office,EARLY,2026-07-06,11.4,50.9,SYNTHETIC
Santa Clara Office,EARLY,2026-07-07,14.7,56.3,SYNTHETIC
Santa Clara Office,EARLY,2026-07-08,26.1,45.5,SYNTHETIC
Santa Clara Office,EARLY,2026-07-09,12.8,56.5,SYNTHETIC
Santa Clara Office,EARLY,2026-07-10,17.7,47.8,SYNTHETIC
Santa Clara Office,EARLY,2026-07-11,7.8,54.2,SYNTHETIC
Santa Clara Office,EARLY,2026-07-13,6.4,53.3,SYNTHETIC
Santa Clara Office,EARLY,2026-07-14,16.6,48.9,SYNTHETIC
Santa Clara Office,EARLY,2026-07-15,16.3,45.0,SYNTHETIC
Santa Clara Office,EARLY,2026-07-16,19.5,45.1,SYNTHETIC
Santa Clara Office,EARLY,2026-07-17,15.4,44.3,SYNTHETIC
Santa Clara Office,EARLY,2026-07-18,14.7,52.4,SYNTHETIC
Santa Clara Office,EARLY,2026-07-20,14.5,46.5,SYNTHETIC
Santa Clara Office,EARLY,2026-07-21,21.7,38.8,SYNTHETIC
Santa Clara Office,EARLY,2026-07-22,0.0,53.8,SYNTHETIC
Santa Clara Office,EARLY,2026-07-23,13.1,46.7,SYNTHETIC
Santa Clara Office,EARLY,2026-07-24,11.1,53.3,SYNTHETIC
Santa Clara Office,EARLY,2026-07-25,6.1,49.8,SYNTHETIC
Santa Clara Office,EARLY,2026-07-27,21.0,45.0,SYNTHETIC
Santa Clara Office,EARLY,2026-07-28,19.6,42.7,SYNTHETIC
Santa Clara Office,EARLY,2026-07-29,12.9,48.0,SYNTHETIC
Santa Clara Office,EARLY,2026-07-30,5.4,50.7,SYNTHETIC
Santa Clara Office,EARLY,2026-07-31,19.0,45.8,SYNTHETIC
Santa Clara Office,EVENING,2026-05-01,20.7,45.2,SYNTHETIC
Santa Clara Office,EVENING,2026-05-03,21.5,42.4,SYNTHETIC
Santa Clara Office,EVENING,2026-05-04,19.5,45.6,SYNTHETIC
Santa Clara Office,EVENING,2026-05-05,17.2,50.0,SYNTHETIC
Santa Clara Office,EVENING,2026-05-06,10.1,54.9,SYNTHETIC
Santa Clara Office,EVENING,2026-05-07,12.0,47.4,SYNTHETIC
Santa Clara Office,EVENING,2026-05-08,8.4,45.6,SYNTHETIC
Santa Clara Office,EVENING,2026-05-09,13.1,47.2,SYNTHETIC
Santa Clara Office,EVENING,2026-05-10,16.9,51.1,SYNTHETIC
Santa Clara Office,EVENING,2026-05-11,15.4,49.1,SYNTHETIC
Santa Clara Office,EVENING,2026-05-12,17.1,45.4,SYNTHETIC
Santa Clara Office,EVENING,2026-05-13,16.3,48.1,SYNTHETIC
Santa Clara Office,EVENING,2026-05-14,10.5,47.1,SYNTHETIC
Santa Clara Office,EVENING,2026-05-15,17.9,44.8,SYNTHETIC
Santa Clara Office,EVENING,2026-05-17,12.9,45.3,SYNTHETIC
Santa Clara Office,EVENING,2026-05-18,11.5,50.4,SYNTHETIC
Santa Clara Office,EVENING,2026-05-19,22.9,49.1,SYNTHETIC
Santa Clara Office,EVENING,2026-05-20,25.9,42.3,SYNTHETIC
Santa Clara Office,EVENING,2026-05-21,9.1,45.8,SYNTHETIC
Santa Clara Office,EVENING,2026-05-22,7.8,52.9,SYNTHETIC
Santa Clara Office,EVENING,2026-05-24,13.9,46.1,SYNTHETIC
Santa Clara Office,EVENING,2026-05-25,16.6,45.7,SYNTHETIC
Santa Clara Office,EVENING,2026-05-26,17.1,54.6,SYNTHETIC
Santa Clara Office,EVENING,2026-05-27,12.7,49.3,SYNTHETIC
Santa Clara Office,EVENING,2026-05-28,7.0,49.1,SYNTHETIC
Santa Clara Office,EVENING,2026-05-29,9.6,50.4,SYNTHETIC
Santa Clara Office,EVENING,2026-05-30,2.9,56.8,SYNTHETIC
Santa Clara Office,EVENING,2026-05-31,13.1,49.7,SYNTHETIC
Santa Clara Office,EVENING,2026-06-01,20.9,46.1,SYNTHETIC
Santa Clara Office,EVENING,2026-06-02,18.4,42.4,SYNTHETIC
Santa Clara Office,EVENING,2026-06-03,0.0,60.8,SYNTHETIC
Santa Clara Office,EVENING,2026-06-04,7.7,49.4,SYNTHETIC
Santa Clara Office,EVENING,2026-06-05,27.6,44.5,SYNTHETIC
Santa Clara Office,EVENING,2026-06-06,9.7,55.7,SYNTHETIC
Santa Clara Office,EVENING,2026-06-07,7.0,56.3,SYNTHETIC
Santa Clara Office,EVENING,2026-06-08,17.9,45.0,SYNTHETIC
Santa Clara Office,EVENING,2026-06-09,17.0,45.9,SYNTHETIC
Santa Clara Office,EVENING,2026-06-10,18.0,49.5,SYNTHETIC
Santa Clara Office,EVENING,2026-06-11,5.9,55.1,SYNTHETIC
Santa Clara Office,EVENING,2026-06-12,12.1,50.7,SYNTHETIC
Santa Clara Office,EVENING,2026-06-13,6.1,57.6,SYNTHETIC
Santa Clara Office,EVENING,2026-06-14,15.0,49.8,SYNTHETIC
Santa Clara Office,EVENING,2026-06-15,8.2,47.7,SYNTHETIC
Santa Clara Office,EVENING,2026-06-16,19.6,46.3,SYNTHETIC
Santa Clara Office,EVENING,2026-06-17,12.8,49.9,SYNTHETIC
Santa Clara Office,EVENING,2026-06-18,13.2,50.1,SYNTHETIC
Santa Clara Office,EVENING,2026-06-19,6.4,55.8,SYNTHETIC
Santa Clara Office,EVENING,2026-06-20,24.5,44.4,SYNTHETIC
Santa Clara Office,EVENING,2026-06-21,13.2,48.9,SYNTHETIC
Santa Clara Office,EVENING,2026-06-22,24.2,44.0,SYNTHETIC
Santa Clara Office,EVENING,2026-06-23,6.7,49.5,SYNTHETIC
Santa Clara Office,EVENING,2026-06-24,13.1,50.9,SYNTHETIC
Santa Clara Office,EVENING,2026-06-25,8.2,47.8,SYNTHETIC
Santa Clara Office,EVENING,2026-06-26,8.6,52.2,SYNTHETIC
Santa Clara Office,EVENING,2026-06-27,11.7,49.7,SYNTHETIC
Santa Clara Office,EVENING,2026-06-28,7.9,55.2,SYNTHETIC
Santa Clara Office,EVENING,2026-06-29,11.4,49.9,SYNTHETIC
Santa Clara Office,EVENING,2026-06-30,18.6,43.9,SYNTHETIC
Santa Clara Office,EVENING,2026-07-01,29.9,42.9,SYNTHETIC
Santa Clara Office,EVENING,2026-07-02,7.0,55.3,SYNTHETIC
Santa Clara Office,EVENING,2026-07-03,0.2,55.2,SYNTHETIC
Santa Clara Office,EVENING,2026-07-04,4.7,54.9,SYNTHETIC
Santa Clara Office,EVENING,2026-07-05,17.0,52.5,SYNTHETIC
Santa Clara Office,EVENING,2026-07-06,10.4,50.2,SYNTHETIC
Santa Clara Office,EVENING,2026-07-07,15.1,51.1,SYNTHETIC
Santa Clara Office,EVENING,2026-07-08,0.0,49.7,SYNTHETIC
Santa Clara Office,EVENING,2026-07-09,16.3,46.8,SYNTHETIC
Santa Clara Office,EVENING,2026-07-10,9.5,53.4,SYNTHETIC
Santa Clara Office,EVENING,2026-07-11,2.0,53.4,SYNTHETIC
Santa Clara Office,EVENING,2026-07-12,12.2,51.0,SYNTHETIC
Santa Clara Office,EVENING,2026-07-13,3.2,47.2,SYNTHETIC
Santa Clara Office,EVENING,2026-07-14,1.3,59.6,SYNTHETIC
Santa Clara Office,EVENING,2026-07-15,6.0,49.8,SYNTHETIC
Santa Clara Office,EVENING,2026-07-16,10.3,49.2,SYNTHETIC
Santa Clara Office,EVENING,2026-07-17,8.2,50.8,SYNTHETIC
Santa Clara Office,EVENING,2026-07-18,7.8,50.5,SYNTHETIC
Santa Clara Office,EVENING,2026-07-19,4.6,47.4,SYNTHETIC
Santa Clara Office,EVENING,2026-07-20,10.9,48.5,SYNTHETIC
Santa Clara Office,EVENING,2026-07-21,17.7,52.8,SYNTHETIC
Santa Clara Office,EVENING,2026-07-22,20.4,45.2,SYNTHETIC
Santa Clara Office,EVENING,2026-07-23,27.6,39.8,SYNTHETIC
Santa Clara Office,EVENING,2026-07-24,1.7,58.4,SYNTHETIC
Santa Clara Office,EVENING,2026-07-26,11.2,48.0,SYNTHETIC
Santa Clara Office,EVENING,2026-07-27,8.1,49.4,SYNTHETIC
Santa Clara Office,EVENING,2026-07-28,14.9,45.1,SYNTHETIC
Santa Clara Office,EVENING,2026-07-29,10.7,50.7,SYNTHETIC
Santa Clara Office,EVENING,2026-07-30,12.7,52.1,SYNTHETIC
Santa Clara Office,EVENING,2026-07-31,10.5,52.2,SYNTHETIC
Santa Clara Office,NIGHT,2026-05-01,0.0,54.2,SYNTHETIC
Santa Clara Office,NIGHT,2026-05-02,18.7,45.2,SYNTHETIC
Santa Clara Office,NIGHT,2026-05-04,10.3,45.4,SYNTHETIC
Santa Clara Office,NIGHT,2026-05-05,5.0,48.5,SYNTHETIC
Santa Clara Office,NIGHT,2026-05-06,14.2,46.4,SYNTHETIC
Santa Clara Office,NIGHT,2026-05-07,17.7,56.2,SYNTHETIC
Santa Clara Office,NIGHT,2026-05-08,0.6,51.6,SYNTHETIC
Santa Clara Office,NIGHT,2026-05-09,13.3,49.8,SYNTHETIC
Santa Clara Office,NIGHT,2026-05-11,10.2,53.2,SYNTHETIC
Santa Clara Office,NIGHT,2026-05-12,12.6,54.3,SYNTHETIC
Santa Clara Office,NIGHT,2026-05-13,10.4,51.3,SYNTHETIC
Santa Clara Office,NIGHT,2026-05-14,16.1,52.5,SYNTHETIC
Santa Clara Office,NIGHT,2026-05-15,11.8,46.9,SYNTHETIC
Santa Clara Office,NIGHT,2026-05-16,12.8,44.8,SYNTHETIC
Santa Clara Office,NIGHT,2026-05-18,18.2,46.0,SYNTHETIC
Santa Clara Office,NIGHT,2026-05-19,11.1,48.3,SYNTHETIC
Santa Clara Office,NIGHT,2026-05-20,16.4,49.5,SYNTHETIC
Santa Clara Office,NIGHT,2026-05-21,14.2,57.4,SYNTHETIC
Santa Clara Office,NIGHT,2026-05-22,12.2,46.1,SYNTHETIC
Santa Clara Office,NIGHT,2026-05-23,17.1,46.7,SYNTHETIC
Santa Clara Office,NIGHT,2026-05-25,18.1,45.9,SYNTHETIC
Santa Clara Office,NIGHT,2026-05-26,14.7,48.6,SYNTHETIC
Santa Clara Office,NIGHT,2026-05-27,20.1,49.4,SYNTHETIC
Santa Clara Office,NIGHT,2026-05-28,20.1,45.6,SYNTHETIC
Santa Clara Office,NIGHT,2026-05-29,0.0,60.1,SYNTHETIC
Santa Clara Office,NIGHT,2026-05-30,17.0,47.8,SYNTHETIC
Santa Clara Office,NIGHT,2026-06-01,17.3,43.2,SYNTHETIC
Santa Clara Office,NIGHT,2026-06-02,9.5,50.6,SYNTHETIC
Santa Clara Office,NIGHT,2026-06-03,11.3,52.3,SYNTHETIC
Santa Clara Office,NIGHT,2026-06-04,13.7,51.9,SYNTHETIC
Santa Clara Office,NIGHT,2026-06-05,12.5,52.8,SYNTHETIC
Santa Clara Office,NIGHT,2026-06-06,13.0,45.1,SYNTHETIC
Santa Clara Office,NIGHT,2026-06-08,9.6,50.0,SYNTHETIC
Santa Clara Office,NIGHT,2026-06-09,11.3,53.2,SYNTHETIC
Santa Clara Office,NIGHT,2026-06-10,13.7,52.7,SYNTHETIC
Santa Clara Office,NIGHT,2026-06-11,16.9,44.5,SYNTHETIC
Santa Clara Office,NIGHT,2026-06-12,10.9,50.7,SYNTHETIC
Santa Clara Office,NIGHT,2026-06-13,13.3,50.8,SYNTHETIC
Santa Clara Office,NIGHT,2026-06-15,14.2,45.5,SYNTHETIC
Santa Clara Office,NIGHT,2026-06-16,11.8,49.5,SYNTHETIC
Santa Clara Office,NIGHT,2026-06-17,11.8,53.5,SYNTHETIC
Santa Clara Office,NIGHT,2026-06-18,7.0,54.3,SYNTHETIC
Santa Clara Office,NIGHT,2026-06-19,14.5,48.3,SYNTHETIC
Santa Clara Office,NIGHT,2026-06-20,18.2,46.4,SYNTHETIC
Santa Clara Office,NIGHT,2026-06-22,20.0,44.4,SYNTHETIC
Santa Clara Office,NIGHT,2026-06-23,5.5,48.2,SYNTHETIC
Santa Clara Office,NIGHT,2026-06-24,4.1,53.0,SYNTHETIC
Santa Clara Office,NIGHT,2026-06-25,7.6,52.1,SYNTHETIC
Santa Clara Office,NIGHT,2026-06-26,12.0,48.3,SYNTHETIC
Santa Clara Office,NIGHT,2026-06-27,17.0,47.4,SYNTHETIC
Santa Clara Office,NIGHT,2026-06-29,5.0,52.7,SYNTHETIC
Santa Clara Office,NIGHT,2026-06-30,10.5,51.5,SYNTHETIC
Santa Clara Office,NIGHT,2026-07-01,17.0,50.0,SYNTHETIC
Santa Clara Office,NIGHT,2026-07-02,17.8,49.6,SYNTHETIC
Santa Clara Office,NIGHT,2026-07-03,17.7,52.2,SYNTHETIC
Santa Clara Office,NIGHT,2026-07-04,9.3,52.2,SYNTHETIC
Santa Clara Office,NIGHT,2026-07-06,23.3,45.9,SYNTHETIC
Santa Clara Office,NIGHT,2026-07-07,14.2,49.4,SYNTHETIC
Santa Clara Office,NIGHT,2026-07-08,17.1,44.7,SYNTHETIC
Santa Clara Office,NIGHT,2026-07-09,12.1,48.6,SYNTHETIC
Santa Clara Office,NIGHT,2026-07-10,13.4,52.6,SYNTHETIC
Santa Clara Office,NIGHT,2026-07-11,12.5,49.1,SYNTHETIC
Santa Clara Office,NIGHT,2026-07-13,16.0,43.5,SYNTHETIC
Santa Clara Office,NIGHT,2026-07-14,19.0,50.0,SYNTHETIC
Santa Clara Office,NIGHT,2026-07-15,4.8,61.4,SYNTHETIC
Santa Clara Office,NIGHT,2026-07-16,8.7,52.2,SYNTHETIC
Santa Clara Office,NIGHT,2026-07-17,17.8,44.7,SYNTHETIC
Santa Clara Office,NIGHT,2026-07-18,9.3,52.5,SYNTHETIC
Santa Clara Office,NIGHT,2026-07-20,10.1,48.3,SYNTHETIC
Santa Clara Office,NIGHT,2026-07-21,17.7,51.0,SYNTHETIC
Santa Clara Office,NIGHT,2026-07-22,9.5,53.4,SYNTHETIC
Santa Clara Office,NIGHT,2026-07-23,16.9,55.3,SYNTHETIC
Santa Clara Office,NIGHT,2026-07-24,18.0,41.4,SYNTHETIC
Santa Clara Office,NIGHT,2026-07-25,7.9,48.5,SYNTHETIC
Santa Clara Office,NIGHT,2026-07-27,27.5,44.2,SYNTHETIC
Santa Clara Office,NIGHT,2026-07-28,11.3,47.6,SYNTHETIC
Santa Clara Office,NIGHT,2026-07-29,5.6,51.4,SYNTHETIC
Santa Clara Office,NIGHT,2026-07-30,9.3,54.5,SYNTHETIC
Santa Clara Office,NIGHT,2026-07-31,9.5,49.8,SYNTHETIC
Willow Bend Campus,DAY,2026-05-01,18.9,43.1,SYNTHETIC
Willow Bend Campus,DAY,2026-05-04,12.5,54.0,SYNTHETIC
Willow Bend Campus,DAY,2026-05-05,14.8,49.2,SYNTHETIC
Willow Bend Campus,DAY,2026-05-06,7.7,48.5,SYNTHETIC
Willow Bend Campus,DAY,2026-05-07,1.7,53.3,SYNTHETIC
Willow Bend Campus,DAY,2026-05-08,24.4,45.8,SYNTHETIC
Willow Bend Campus,DAY,2026-05-11,5.4,56.3,SYNTHETIC
Willow Bend Campus,DAY,2026-05-12,18.2,52.2,SYNTHETIC
Willow Bend Campus,DAY,2026-05-13,7.5,51.1,SYNTHETIC
Willow Bend Campus,DAY,2026-05-14,6.0,51.1,SYNTHETIC
Willow Bend Campus,DAY,2026-05-15,21.5,42.8,SYNTHETIC
Willow Bend Campus,DAY,2026-05-18,19.2,42.9,SYNTHETIC
Willow Bend Campus,DAY,2026-05-19,16.3,50.3,SYNTHETIC
Willow Bend Campus,DAY,2026-05-20,8.6,54.7,SYNTHETIC
Willow Bend Campus,DAY,2026-05-21,17.4,50.0,SYNTHETIC
Willow Bend Campus,DAY,2026-05-22,11.1,48.5,SYNTHETIC
Willow Bend Campus,DAY,2026-05-25,8.2,47.6,SYNTHETIC
Willow Bend Campus,DAY,2026-05-26,21.8,45.5,SYNTHETIC
Willow Bend Campus,DAY,2026-05-27,22.9,42.3,SYNTHETIC
Willow Bend Campus,DAY,2026-05-28,11.7,47.4,SYNTHETIC
Willow Bend Campus,DAY,2026-05-29,17.0,48.9,SYNTHETIC
Willow Bend Campus,DAY,2026-06-01,17.0,52.3,SYNTHETIC
Willow Bend Campus,DAY,2026-06-02,26.8,39.5,SYNTHETIC
Willow Bend Campus,DAY,2026-06-03,13.5,50.3,SYNTHETIC
Willow Bend Campus,DAY,2026-06-04,11.6,51.7,SYNTHETIC
Willow Bend Campus,DAY,2026-06-05,11.3,49.0,SYNTHETIC
Willow Bend Campus,DAY,2026-06-08,11.0,52.7,SYNTHETIC
Willow Bend Campus,DAY,2026-06-09,10.9,56.3,SYNTHETIC
Willow Bend Campus,DAY,2026-06-10,15.2,43.6,SYNTHETIC
Willow Bend Campus,DAY,2026-06-11,10.4,47.0,SYNTHETIC
Willow Bend Campus,DAY,2026-06-12,19.8,49.1,SYNTHETIC
Willow Bend Campus,DAY,2026-06-15,11.3,54.8,SYNTHETIC
Willow Bend Campus,DAY,2026-06-16,11.7,47.4,SYNTHETIC
Willow Bend Campus,DAY,2026-06-17,14.8,49.8,SYNTHETIC
Willow Bend Campus,DAY,2026-06-18,13.1,49.9,SYNTHETIC
Willow Bend Campus,DAY,2026-06-19,15.3,44.8,SYNTHETIC
Willow Bend Campus,DAY,2026-06-21,6.9,50.9,SYNTHETIC
Willow Bend Campus,DAY,2026-06-22,10.8,54.0,SYNTHETIC
Willow Bend Campus,DAY,2026-06-23,12.3,53.0,SYNTHETIC
Willow Bend Campus,DAY,2026-06-24,13.2,53.0,SYNTHETIC
Willow Bend Campus,DAY,2026-06-25,14.8,53.3,SYNTHETIC
Willow Bend Campus,DAY,2026-06-26,11.2,46.9,SYNTHETIC
Willow Bend Campus,DAY,2026-06-29,16.8,47.5,SYNTHETIC
Willow Bend Campus,DAY,2026-06-30,5.0,52.0,SYNTHETIC
Willow Bend Campus,DAY,2026-07-01,5.7,57.3,SYNTHETIC
Willow Bend Campus,DAY,2026-07-02,0.0,55.1,SYNTHETIC
Willow Bend Campus,DAY,2026-07-03,8.3,49.2,SYNTHETIC
Willow Bend Campus,DAY,2026-07-04,11.1,53.4,SYNTHETIC
Willow Bend Campus,DAY,2026-07-06,17.4,47.0,SYNTHETIC
Willow Bend Campus,DAY,2026-07-07,6.5,56.7,SYNTHETIC
Willow Bend Campus,DAY,2026-07-08,13.0,49.5,SYNTHETIC
Willow Bend Campus,DAY,2026-07-09,18.4,45.3,SYNTHETIC
Willow Bend Campus,DAY,2026-07-10,5.5,53.9,SYNTHETIC
Willow Bend Campus,DAY,2026-07-13,6.3,56.2,SYNTHETIC
Willow Bend Campus,DAY,2026-07-14,6.4,52.1,SYNTHETIC
Willow Bend Campus,DAY,2026-07-15,5.6,56.3,SYNTHETIC
Willow Bend Campus,DAY,2026-07-16,16.6,48.9,SYNTHETIC
Willow Bend Campus,DAY,2026-07-17,13.6,51.2,SYNTHETIC
Willow Bend Campus,DAY,2026-07-20,12.2,49.7,SYNTHETIC
Willow Bend Campus,DAY,2026-07-21,17.3,46.0,SYNTHETIC
Willow Bend Campus,DAY,2026-07-22,7.5,53.2,SYNTHETIC
Willow Bend Campus,DAY,2026-07-23,14.4,51.6,SYNTHETIC
Willow Bend Campus,DAY,2026-07-24,12.1,46.5,SYNTHETIC
Willow Bend Campus,DAY,2026-07-25,19.9,46.7,SYNTHETIC
Willow Bend Campus,DAY,2026-07-27,21.6,41.7,SYNTHETIC
Willow Bend Campus,DAY,2026-07-28,11.0,47.6,SYNTHETIC
Willow Bend Campus,DAY,2026-07-29,12.7,48.8,SYNTHETIC
Willow Bend Campus,DAY,2026-07-30,20.3,45.4,SYNTHETIC
Willow Bend Campus,DAY,2026-07-31,0.6,59.6,SYNTHETIC
Willow Bend Campus,EARLY,2026-05-01,16.6,48.6,SYNTHETIC
Willow Bend Campus,EARLY,2026-05-02,8.8,52.2,SYNTHETIC
Willow Bend Campus,EARLY,2026-05-04,1.1,54.2,SYNTHETIC
Willow Bend Campus,EARLY,2026-05-05,16.8,49.5,SYNTHETIC
Willow Bend Campus,EARLY,2026-05-06,7.7,50.9,SYNTHETIC
Willow Bend Campus,EARLY,2026-05-07,10.0,51.8,SYNTHETIC
Willow Bend Campus,EARLY,2026-05-08,15.4,49.2,SYNTHETIC
Willow Bend Campus,EARLY,2026-05-09,16.1,50.4,SYNTHETIC
Willow Bend Campus,EARLY,2026-05-11,5.3,49.8,SYNTHETIC
Willow Bend Campus,EARLY,2026-05-12,11.2,50.2,SYNTHETIC
Willow Bend Campus,EARLY,2026-05-13,11.4,53.1,SYNTHETIC
Willow Bend Campus,EARLY,2026-05-14,13.9,47.9,SYNTHETIC
Willow Bend Campus,EARLY,2026-05-15,6.2,46.1,SYNTHETIC
Willow Bend Campus,EARLY,2026-05-16,24.0,44.3,SYNTHETIC
Willow Bend Campus,EARLY,2026-05-18,10.7,51.0,SYNTHETIC
Willow Bend Campus,EARLY,2026-05-19,8.9,50.8,SYNTHETIC
Willow Bend Campus,EARLY,2026-05-20,18.8,44.6,SYNTHETIC
Willow Bend Campus,EARLY,2026-05-21,7.0,57.8,SYNTHETIC
Willow Bend Campus,EARLY,2026-05-22,18.0,47.8,SYNTHETIC
Willow Bend Campus,EARLY,2026-05-23,15.3,52.8,SYNTHETIC
Willow Bend Campus,EARLY,2026-05-25,13.7,53.7,SYNTHETIC
Willow Bend Campus,EARLY,2026-05-26,13.4,48.7,SYNTHETIC
Willow Bend Campus,EARLY,2026-05-27,6.6,47.9,SYNTHETIC
Willow Bend Campus,EARLY,2026-05-28,0.1,54.9,SYNTHETIC
Willow Bend Campus,EARLY,2026-05-29,15.8,48.2,SYNTHETIC
Willow Bend Campus,EARLY,2026-05-30,12.1,54.0,SYNTHETIC
Willow Bend Campus,EARLY,2026-06-01,9.4,50.1,SYNTHETIC
Willow Bend Campus,EARLY,2026-06-02,19.3,44.3,SYNTHETIC
Willow Bend Campus,EARLY,2026-06-03,21.4,45.2,SYNTHETIC
Willow Bend Campus,EARLY,2026-06-04,9.5,53.4,SYNTHETIC
Willow Bend Campus,EARLY,2026-06-05,11.6,51.2,SYNTHETIC
Willow Bend Campus,EARLY,2026-06-06,8.6,49.4,SYNTHETIC
Willow Bend Campus,EARLY,2026-06-08,6.2,48.0,SYNTHETIC
Willow Bend Campus,EARLY,2026-06-09,2.4,53.9,SYNTHETIC
Willow Bend Campus,EARLY,2026-06-10,9.2,48.8,SYNTHETIC
Willow Bend Campus,EARLY,2026-06-11,8.4,51.3,SYNTHETIC
Willow Bend Campus,EARLY,2026-06-12,21.2,45.7,SYNTHETIC
Willow Bend Campus,EARLY,2026-06-13,11.4,47.7,SYNTHETIC
Willow Bend Campus,EARLY,2026-06-15,4.8,45.8,SYNTHETIC
Willow Bend Campus,EARLY,2026-06-16,9.9,46.9,SYNTHETIC
Willow Bend Campus,EARLY,2026-06-17,10.8,52.0,SYNTHETIC
Willow Bend Campus,EARLY,2026-06-18,0.9,56.6,SYNTHETIC
Willow Bend Campus,EARLY,2026-06-19,1.2,50.6,SYNTHETIC
Willow Bend Campus,EARLY,2026-06-20,14.3,46.6,SYNTHETIC
Willow Bend Campus,EARLY,2026-06-22,7.3,52.6,SYNTHETIC
Willow Bend Campus,EARLY,2026-06-23,12.0,49.5,SYNTHETIC
Willow Bend Campus,EARLY,2026-06-24,1.6,60.2,SYNTHETIC
Willow Bend Campus,EARLY,2026-06-25,8.5,53.3,SYNTHETIC
Willow Bend Campus,EARLY,2026-06-26,4.7,48.7,SYNTHETIC
Willow Bend Campus,EARLY,2026-06-27,13.5,51.8,SYNTHETIC
Willow Bend Campus,EARLY,2026-06-29,26.1,39.5,SYNTHETIC
Willow Bend Campus,EARLY,2026-06-30,9.8,50.4,SYNTHETIC
Willow Bend Campus,EARLY,2026-07-01,15.9,47.4,SYNTHETIC
Willow Bend Campus,EARLY,2026-07-02,11.4,47.3,SYNTHETIC
Willow Bend Campus,EARLY,2026-07-03,5.6,55.2,SYNTHETIC
Willow Bend Campus,EARLY,2026-07-04,14.2,47.8,SYNTHETIC
Willow Bend Campus,EARLY,2026-07-06,12.7,53.6,SYNTHETIC
Willow Bend Campus,EARLY,2026-07-07,10.8,51.3,SYNTHETIC
Willow Bend Campus,EARLY,2026-07-08,11.3,49.6,SYNTHETIC
Willow Bend Campus,EARLY,2026-07-09,24.2,37.7,SYNTHETIC
Willow Bend Campus,EARLY,2026-07-10,10.7,56.2,SYNTHETIC
Willow Bend Campus,EARLY,2026-07-11,13.3,53.0,SYNTHETIC
Willow Bend Campus,EARLY,2026-07-13,6.7,56.9,SYNTHETIC
Willow Bend Campus,EARLY,2026-07-14,10.2,47.2,SYNTHETIC
Willow Bend Campus,EARLY,2026-07-15,0.0,55.8,SYNTHETIC
Willow Bend Campus,EARLY,2026-07-16,10.5,49.4,SYNTHETIC
Willow Bend Campus,EARLY,2026-07-17,22.4,44.2,SYNTHETIC
Willow Bend Campus,EARLY,2026-07-18,13.0,49.4,SYNTHETIC
Willow Bend Campus,EARLY,2026-07-20,13.5,53.4,SYNTHETIC
Willow Bend Campus,EARLY,2026-07-21,18.2,51.0,SYNTHETIC
Willow Bend Campus,EARLY,2026-07-22,3.5,50.2,SYNTHETIC
Willow Bend Campus,EARLY,2026-07-23,24.8,43.8,SYNTHETIC
Willow Bend Campus,EARLY,2026-07-24,10.6,50.7,SYNTHETIC
Willow Bend Campus,EARLY,2026-07-25,9.7,52.2,SYNTHETIC
Willow Bend Campus,EARLY,2026-07-27,16.5,44.0,SYNTHETIC
Willow Bend Campus,EARLY,2026-07-28,9.0,55.4,SYNTHETIC
Willow Bend Campus,EARLY,2026-07-29,7.8,49.1,SYNTHETIC
Willow Bend Campus,EARLY,2026-07-30,6.2,54.4,SYNTHETIC
Willow Bend Campus,EARLY,2026-07-31,18.6,51.6,SYNTHETIC
Willow Bend Campus,EVENING,2026-05-04,6.6,52.2,SYNTHETIC
Willow Bend Campus,EVENING,2026-05-05,12.1,51.9,SYNTHETIC
Willow Bend Campus,EVENING,2026-05-06,19.2,47.5,SYNTHETIC
Willow Bend Campus,EVENING,2026-05-07,21.0,50.1,SYNTHETIC
Willow Bend Campus,EVENING,2026-05-08,27.0,47.7,SYNTHETIC
Willow Bend Campus,EVENING,2026-05-11,9.4,58.8,SYNTHETIC
Willow Bend Campus,EVENING,2026-05-12,12.2,43.2,SYNTHETIC
Willow Bend Campus,EVENING,2026-05-13,11.2,51.8,SYNTHETIC
Willow Bend Campus,EVENING,2026-05-14,13.5,47.4,SYNTHETIC
Willow Bend Campus,EVENING,2026-05-15,9.9,46.1,SYNTHETIC
Willow Bend Campus,EVENING,2026-05-18,24.2,45.9,SYNTHETIC
Willow Bend Campus,EVENING,2026-05-19,19.3,46.9,SYNTHETIC
Willow Bend Campus,EVENING,2026-05-20,9.0,52.1,SYNTHETIC
Willow Bend Campus,EVENING,2026-05-21,11.1,45.4,SYNTHETIC
Willow Bend Campus,EVENING,2026-05-22,11.7,47.8,SYNTHETIC
Willow Bend Campus,EVENING,2026-05-25,14.1,48.6,SYNTHETIC
Willow Bend Campus,EVENING,2026-05-26,13.5,46.7,SYNTHETIC
Willow Bend Campus,EVENING,2026-05-27,17.6,48.1,SYNTHETIC
Willow Bend Campus,EVENING,2026-05-28,24.8,45.1,SYNTHETIC
Willow Bend Campus,EVENING,2026-05-29,7.1,52.1,SYNTHETIC
Willow Bend Campus,EVENING,2026-06-01,18.2,46.0,SYNTHETIC
Willow Bend Campus,EVENING,2026-06-02,7.3,49.1,SYNTHETIC
Willow Bend Campus,EVENING,2026-06-03,15.5,48.6,SYNTHETIC
Willow Bend Campus,EVENING,2026-06-04,11.8,48.3,SYNTHETIC
Willow Bend Campus,EVENING,2026-06-05,10.9,45.2,SYNTHETIC
Willow Bend Campus,EVENING,2026-06-08,9.6,56.0,SYNTHETIC
Willow Bend Campus,EVENING,2026-06-09,10.2,48.0,SYNTHETIC
Willow Bend Campus,EVENING,2026-06-10,5.3,54.8,SYNTHETIC
Willow Bend Campus,EVENING,2026-06-11,7.1,49.8,SYNTHETIC
Willow Bend Campus,EVENING,2026-06-12,22.2,44.4,SYNTHETIC
Willow Bend Campus,EVENING,2026-06-15,16.1,50.4,SYNTHETIC
Willow Bend Campus,EVENING,2026-06-16,18.2,47.6,SYNTHETIC
Willow Bend Campus,EVENING,2026-06-17,4.1,56.2,SYNTHETIC
Willow Bend Campus,EVENING,2026-06-18,9.5,47.5,SYNTHETIC
Willow Bend Campus,EVENING,2026-06-19,10.7,53.1,SYNTHETIC
Willow Bend Campus,EVENING,2026-06-22,6.2,44.2,SYNTHETIC
Willow Bend Campus,EVENING,2026-06-23,15.7,50.0,SYNTHETIC
Willow Bend Campus,EVENING,2026-06-24,0.0,56.1,SYNTHETIC
Willow Bend Campus,EVENING,2026-06-25,5.3,52.0,SYNTHETIC
Willow Bend Campus,EVENING,2026-06-26,14.7,50.2,SYNTHETIC
Willow Bend Campus,EVENING,2026-06-29,20.6,48.5,SYNTHETIC
Willow Bend Campus,EVENING,2026-06-30,19.3,40.0,SYNTHETIC
Willow Bend Campus,EVENING,2026-07-01,4.5,46.5,SYNTHETIC
Willow Bend Campus,EVENING,2026-07-02,9.2,47.5,SYNTHETIC
Willow Bend Campus,EVENING,2026-07-03,13.4,52.0,SYNTHETIC
Willow Bend Campus,EVENING,2026-07-06,0.0,55.4,SYNTHETIC
Willow Bend Campus,EVENING,2026-07-07,19.0,48.8,SYNTHETIC
Willow Bend Campus,EVENING,2026-07-08,11.2,48.5,SYNTHETIC
Willow Bend Campus,EVENING,2026-07-09,14.9,47.5,SYNTHETIC
Willow Bend Campus,EVENING,2026-07-10,8.5,53.5,SYNTHETIC
Willow Bend Campus,EVENING,2026-07-13,4.4,55.9,SYNTHETIC
Willow Bend Campus,EVENING,2026-07-14,12.5,48.6,SYNTHETIC
Willow Bend Campus,EVENING,2026-07-15,9.3,47.2,SYNTHETIC
Willow Bend Campus,EVENING,2026-07-16,3.2,47.1,SYNTHETIC
Willow Bend Campus,EVENING,2026-07-17,17.4,48.6,SYNTHETIC
Willow Bend Campus,EVENING,2026-07-20,9.6,53.6,SYNTHETIC
Willow Bend Campus,EVENING,2026-07-21,17.1,40.8,SYNTHETIC
Willow Bend Campus,EVENING,2026-07-22,20.6,43.9,SYNTHETIC
Willow Bend Campus,EVENING,2026-07-23,11.5,45.0,SYNTHETIC
Willow Bend Campus,EVENING,2026-07-24,19.1,48.9,SYNTHETIC
Willow Bend Campus,EVENING,2026-07-25,9.1,51.2,SYNTHETIC
Willow Bend Campus,EVENING,2026-07-27,9.7,53.8,SYNTHETIC
Willow Bend Campus,EVENING,2026-07-28,9.1,54.9,SYNTHETIC
Willow Bend Campus,EVENING,2026-07-29,13.8,51.7,SYNTHETIC
Willow Bend Campus,EVENING,2026-07-30,17.9,51.1,SYNTHETIC
Willow Bend Campus,EVENING,2026-07-31,10.0,50.8,SYNTHETIC
Willow Bend Campus,NIGHT,2026-05-01,3.6,51.7,SYNTHETIC
Willow Bend Campus,NIGHT,2026-05-02,3.7,53.2,SYNTHETIC
Willow Bend Campus,NIGHT,2026-05-04,17.1,50.5,SYNTHETIC
Willow Bend Campus,NIGHT,2026-05-05,8.1,52.7,SYNTHETIC
Willow Bend Campus,NIGHT,2026-05-06,16.2,46.8,SYNTHETIC
Willow Bend Campus,NIGHT,2026-05-07,15.6,51.7,SYNTHETIC
Willow Bend Campus,NIGHT,2026-05-08,5.4,53.5,SYNTHETIC
Willow Bend Campus,NIGHT,2026-05-09,12.2,49.5,SYNTHETIC
Willow Bend Campus,NIGHT,2026-05-11,6.3,45.7,SYNTHETIC
Willow Bend Campus,NIGHT,2026-05-12,0.0,59.0,SYNTHETIC
Willow Bend Campus,NIGHT,2026-05-13,12.5,49.8,SYNTHETIC
Willow Bend Campus,NIGHT,2026-05-14,17.7,47.9,SYNTHETIC
Willow Bend Campus,NIGHT,2026-05-15,6.8,52.2,SYNTHETIC
Willow Bend Campus,NIGHT,2026-05-16,11.9,45.3,SYNTHETIC
Willow Bend Campus,NIGHT,2026-05-18,10.0,56.7,SYNTHETIC
Willow Bend Campus,NIGHT,2026-05-19,21.1,45.4,SYNTHETIC
Willow Bend Campus,NIGHT,2026-05-20,23.6,46.1,SYNTHETIC
Willow Bend Campus,NIGHT,2026-05-21,19.4,45.4,SYNTHETIC
Willow Bend Campus,NIGHT,2026-05-22,21.9,45.2,SYNTHETIC
Willow Bend Campus,NIGHT,2026-05-23,20.6,40.2,SYNTHETIC
Willow Bend Campus,NIGHT,2026-05-25,8.2,54.0,SYNTHETIC
Willow Bend Campus,NIGHT,2026-05-26,17.2,49.2,SYNTHETIC
Willow Bend Campus,NIGHT,2026-05-27,20.6,45.4,SYNTHETIC
Willow Bend Campus,NIGHT,2026-05-28,12.9,46.6,SYNTHETIC
Willow Bend Campus,NIGHT,2026-05-29,10.3,48.9,SYNTHETIC
Willow Bend Campus,NIGHT,2026-05-30,10.3,54.7,SYNTHETIC
Willow Bend Campus,NIGHT,2026-06-01,3.5,51.5,SYNTHETIC
Willow Bend Campus,NIGHT,2026-06-02,9.4,49.6,SYNTHETIC
Willow Bend Campus,NIGHT,2026-06-03,1.2,50.4,SYNTHETIC
Willow Bend Campus,NIGHT,2026-06-04,9.8,49.6,SYNTHETIC
Willow Bend Campus,NIGHT,2026-06-05,20.7,47.1,SYNTHETIC
Willow Bend Campus,NIGHT,2026-06-06,17.1,55.9,SYNTHETIC
Willow Bend Campus,NIGHT,2026-06-08,13.2,43.6,SYNTHETIC
Willow Bend Campus,NIGHT,2026-06-09,9.3,50.0,SYNTHETIC
Willow Bend Campus,NIGHT,2026-06-10,16.4,46.7,SYNTHETIC
Willow Bend Campus,NIGHT,2026-06-11,13.9,51.6,SYNTHETIC
Willow Bend Campus,NIGHT,2026-06-12,20.0,43.4,SYNTHETIC
Willow Bend Campus,NIGHT,2026-06-13,14.6,52.1,SYNTHETIC
Willow Bend Campus,NIGHT,2026-06-15,13.2,50.7,SYNTHETIC
Willow Bend Campus,NIGHT,2026-06-16,11.4,53.7,SYNTHETIC
Willow Bend Campus,NIGHT,2026-06-17,10.3,50.1,SYNTHETIC
Willow Bend Campus,NIGHT,2026-06-18,11.5,47.5,SYNTHETIC
Willow Bend Campus,NIGHT,2026-06-19,13.5,51.2,SYNTHETIC
Willow Bend Campus,NIGHT,2026-06-20,8.0,53.6,SYNTHETIC
Willow Bend Campus,NIGHT,2026-06-22,20.0,45.8,SYNTHETIC
Willow Bend Campus,NIGHT,2026-06-23,15.8,46.5,SYNTHETIC
Willow Bend Campus,NIGHT,2026-06-24,20.0,43.4,SYNTHETIC
Willow Bend Campus,NIGHT,2026-06-25,20.7,48.0,SYNTHETIC
Willow Bend Campus,NIGHT,2026-06-26,10.6,48.5,SYNTHETIC
Willow Bend Campus,NIGHT,2026-06-27,14.1,51.0,SYNTHETIC
Willow Bend Campus,NIGHT,2026-06-29,17.1,52.2,SYNTHETIC
Willow Bend Campus,NIGHT,2026-06-30,2.3,50.1,SYNTHETIC
Willow Bend Campus,NIGHT,2026-07-01,15.0,48.3,SYNTHETIC
Willow Bend Campus,NIGHT,2026-07-02,15.4,47.3,SYNTHETIC
Willow Bend Campus,NIGHT,2026-07-03,9.1,45.8,SYNTHETIC
Willow Bend Campus,NIGHT,2026-07-04,9.4,47.1,SYNTHETIC
Willow Bend Campus,NIGHT,2026-07-06,7.4,51.0,SYNTHETIC
Willow Bend Campus,NIGHT,2026-07-07,8.2,49.8,SYNTHETIC
Willow Bend Campus,NIGHT,2026-07-08,22.2,45.0,SYNTHETIC
Willow Bend Campus,NIGHT,2026-07-09,14.3,50.9,SYNTHETIC
Willow Bend Campus,NIGHT,2026-07-10,17.8,44.4,SYNTHETIC
Willow Bend Campus,NIGHT,2026-07-11,7.2,53.1,SYNTHETIC
Willow Bend Campus,NIGHT,2026-07-13,19.6,41.2,SYNTHETIC
Willow Bend Campus,NIGHT,2026-07-14,15.6,48.7,SYNTHETIC
Willow Bend Campus,NIGHT,2026-07-15,7.1,52.5,SYNTHETIC
Willow Bend Campus,NIGHT,2026-07-16,15.9,51.6,SYNTHETIC
Willow Bend Campus,NIGHT,2026-07-17,3.3,52.4,SYNTHETIC
Willow Bend Campus,NIGHT,2026-07-18,0.9,50.7,SYNTHETIC
Willow Bend Campus,NIGHT,2026-07-20,29.5,41.9,SYNTHETIC
Willow Bend Campus,NIGHT,2026-07-21,17.4,46.8,SYNTHETIC
Willow Bend Campus,NIGHT,2026-07-22,13.8,51.0,SYNTHETIC
Willow Bend Campus,NIGHT,2026-07-23,7.2,56.6,SYNTHETIC
Willow Bend Campus,NIGHT,2026-07-24,24.2,47.0,SYNTHETIC
Willow Bend Campus,NIGHT,2026-07-25,12.4,51.4,SYNTHETIC
Willow Bend Campus,NIGHT,2026-07-27,18.5,45.3,SYNTHETIC
Willow Bend Campus,NIGHT,2026-07-28,16.8,50.1,SYNTHETIC
Willow Bend Campus,NIGHT,2026-07-29,14.7,48.7,SYNTHETIC
Willow Bend Campus,NIGHT,2026-07-30,7.5,49.9,SYNTHETIC
Willow Bend Campus,NIGHT,2026-07-31,28.8,43.5,SYNTHETIC
