business_unit,office,vendor,cycle_start,cycle_end,trip_id,contract,slab_name,total_trip_km,trip_cost
orbit-Slc,Eastgate Office,Rohan Mikhailov Travel,"July 1, 2026, 12:00 AM","July 15, 2026, 12:00 AM",1335679,NPT_8_SEATER,NA,33.44,"1,581"
orbit-Slc,Eastgate Office,Rohan Mikhailov Travel,"July 1, 2026, 12:00 AM","July 15, 2026, 12:00 AM",1321565,NPT4_SEATER_EV,Slab 1,30.6,"1,342.5"
vanta-Aus,Cedar Ridge Office,Meera Pavlov Travel,"July 1, 2026, 12:00 AM","July 31, 2026, 12:00 AM",1210156,6S-EV-HTK,Short,0,"1,875"
orbit-Slc,Eastgate Office,Rohan Mikhailov Travel,"July 1, 2026, 12:00 AM","July 15, 2026, 12:00 AM",1334047,NPT_4_SEATER,Slab1,12,"1,873.5"
vanta-Aus,Cedar Ridge Office,Anjali Mikhailov Travel,"July 1, 2026, 12:00 AM","July 31, 2026, 12:00 AM",1251417,6S-HYD,Medium,0,"1,683.87"
orbit-Slc,Lakeside Commons,Anjali Mikhailov Travel,"July 16, 2026, 12:00 AM","July 31, 2026, 12:00 AM",1351635,4SEATER_BTT_2025,21-30,22.2,"1,665"
orbit-Slc,Lakeside Commons,Rahul Mikhailov Travel,"July 16, 2026, 12:00 AM","July 31, 2026, 12:00 AM",1348469,4Seater-LVT-July,0-20,16.77,885
orbit-Slc,Cedar Ridge Office,Rahul Mikhailov Travel,"July 16, 2026, 12:00 AM","July 31, 2026, 12:00 AM",1357718,4Seater-LVT-July,21-30,23.9,"1,522.5"
orbit-Slc,Lakeside Commons,Anjali Mikhailov Travel,"July 16, 2026, 12:00 AM","July 31, 2026, 12:00 AM",1366407,4SEATER_BTT_2025,0-20,10.8,960
orbit-Slc,Lakeside Commons,Rahul Mikhailov Travel,"July 16, 2026, 12:00 AM","July 31, 2026, 12:00 AM",1346266,8Seater-LVT-July,21-30,24.3,"1,372.5"
orbit-Slc,Eastgate Office,Rohan Mikhailov Travel,"July 16, 2026, 12:00 AM","July 31, 2026, 12:00 AM",1338269,NPT4_SEATER_EV,Slab 1,13.78,"1,170"
orbit-Slc,Lakeside Commons,Rahul Mikhailov Travel,"July 16, 2026, 12:00 AM","July 31, 2026, 12:00 AM",1365597,4Seater-LVT-July,21-30,25.2,"1,072.5"
vanta-Sea,Denver Office,Sanjay Mikhailov Travel,"June 1, 2026, 12:00 AM","June 30, 2026, 12:00 AM",4938391,4S-150ORRNEW,Long,0,"1,613.25"
vanta-Sea,Denver Office,Sanjay Mikhailov Travel,"June 1, 2026, 12:00 AM","June 30, 2026, 12:00 AM",4916707,4S-150ORRNEW,Medium,0,"1,365.5"
vanta-Sea,Denver Office,Sanjay Mikhailov Travel,"June 1, 2026, 12:00 AM","June 30, 2026, 12:00 AM",4938636,BUS-ORRNEW-TT,null,0,"2,077.32"
vanta-Sea,Denver Office,Anjali Mikhailov Travel,"June 1, 2026, 12:00 AM","June 30, 2026, 12:00 AM",4943423,4S-150ORRNEW,Medium,0,"1,365.5"
vanta-Sea,Denver Office,Aarav Mikhailov Travel,"June 1, 2026, 12:00 AM","June 30, 2026, 12:00 AM",4977542,4S-150ORRNEW,Long,0,"1,613.25"
vanta-Sea,Denver Office,Anjali Mikhailov Travel,"June 1, 2026, 12:00 AM","June 30, 2026, 12:00 AM",4964659,4S-150ORRNEW,Medium,0,"1,365.5"
vanta-Sea,Denver Office,Priya Mikhailov Travel,"May 1, 2026, 12:00 AM","May 31, 2026, 12:00 AM",4843967,4S-150ORRNEW,Long,0,"1,613.25"
vanta-Sea,Denver Office,Anjali Mikhailov Travel,"May 1, 2026, 12:00 AM","May 31, 2026, 12:00 AM",4872740,4S-150ORRNEW,Medium,0,"1,365.5"
vanta-Sea,Denver Office,Priya Mikhailov Travel,"May 1, 2026, 12:00 AM","May 31, 2026, 12:00 AM",4823839,4S-150ORRNEW,Long,0,"1,613.25"
vanta-Sea,Denver Office,Anjali Mikhailov Travel,"May 1, 2026, 12:00 AM","May 31, 2026, 12:00 AM",4873469,6S-150ORRNEW,Medium,0,"1,798.17"
vanta-Sea,Denver Office,Isha Mikhailov Travel,"May 1, 2026, 12:00 AM","May 31, 2026, 12:00 AM",4814188,4S-150ORRNEW,Medium,0,"1,365.5"
vanta-Sea,Denver Office,Priya Mikhailov Travel,"May 1, 2026, 12:00 AM","May 31, 2026, 12:00 AM",4853888,BUS-ORRNEW-SML,null,0,"2,463.49"
vanta-Sea,Denver Office,Anjali Mikhailov Travel,"June 1, 2026, 12:00 AM","June 30, 2026, 12:00 AM",5000523,4S-150ORRNEW,Long,0,"1,613.25"
vanta-Sea,Denver Office,Aarav Mikhailov Travel,"May 1, 2026, 12:00 AM","May 31, 2026, 12:00 AM",4858487,BUS-ORRNEW-SML,null,0,"2,523.49"
vanta-Sea,Denver Office,Sanjay Mikhailov Travel,"May 1, 2026, 12:00 AM","May 31, 2026, 12:00 AM",4883616,6S-150ORRNEW,Medium,0,"1,798.17"
vanta-Sea,Denver Office,Aarav Mikhailov Travel,"May 1, 2026, 12:00 AM","May 31, 2026, 12:00 AM",4849352,4S-150ORRNEW,Long,0,"1,613.25"
vanta-Sea,Denver Office,Anjali Mikhailov Travel,"May 1, 2026, 12:00 AM","May 31, 2026, 12:00 AM",4898577,4S-150ORRNEW,Medium,0,"1,365.5"
vanta-Sea,Denver Office,Priya Mikhailov Travel,"June 1, 2026, 12:00 AM","June 30, 2026, 12:00 AM",4937807,4S-EV-Z,Long,0,"1,275"
vanta-Sea,Denver Office,Priya Mikhailov Travel,"June 1, 2026, 12:00 AM","June 30, 2026, 12:00 AM",4950687,BUS-ORRNEW-TT,null,0,"2,529.75"
vanta-Sea,Denver Office,Sanjay Mikhailov Travel,"June 1, 2026, 12:00 AM","June 30, 2026, 12:00 AM",4923516,6S-150ORRNEW,Medium,0,"1,798.17"
vanta-Sea,Denver Office,Sanjay Mikhailov Travel,"May 1, 2026, 12:00 AM","May 31, 2026, 12:00 AM",4840885,4S-150ORRNEW,Long,0,"1,613.25"
vanta-Sea,Denver Office,Anjali Mikhailov Travel,"June 1, 2026, 12:00 AM","June 30, 2026, 12:00 AM",5001574,6S-EV-HTK,Long,22.2,"1,875"
vanta-Sea,Denver Office,Aarav Mikhailov Travel,"May 1, 2026, 12:00 AM","May 31, 2026, 12:00 AM",4880311,6S-150ORRNEW,Medium,0,"1,798.17"
vanta-Sea,Denver Office,Aarav Petrov Travel,"June 1, 2026, 12:00 AM","June 30, 2026, 12:00 AM",4926776,BUS-ORRNEW-SML,null,0,"2,089.99"
vanta-Sea,Denver Office,Priya Mikhailov Travel,"June 1, 2026, 12:00 AM","June 30, 2026, 12:00 AM",4906662,4S-150ORRNEW,Medium,0,"1,365.5"
vanta-Sea,Denver Office,Priya Mikhailov Travel,"June 1, 2026, 12:00 AM","June 30, 2026, 12:00 AM",4928506,4S-EV-Z,Medium,0,"1,275"
vanta-Sea,Denver Office,Anjali Mikhailov Travel,"May 1, 2026, 12:00 AM","May 31, 2026, 12:00 AM",4831884,4S-150ORRNEW,Medium,0,"1,365.5"
vanta-Sea,Denver Office,Sanjay Mikhailov Travel,"May 1, 2026, 12:00 AM","May 31, 2026, 12:00 AM",4835690,4S-150ORRNEW,Medium,0,"1,365.5"
vanta-Sea,Denver Office,Aarav Petrov Travel,"May 1, 2026, 12:00 AM","May 31, 2026, 12:00 AM",4869464,4S-150ORRNEW,Medium,0,"1,365.5"
vanta-Sea,Denver Office,Aarav Petrov Travel,"June 1, 2026, 12:00 AM","June 30, 2026, 12:00 AM",4973607,6S-150ORRNEW,Medium,0,"1,798.17"
vanta-Sea,Denver Office,Sanjay Mikhailov Travel,"June 1, 2026, 12:00 AM","June 30, 2026, 12:00 AM",4915680,6S-150ORRNEW,Long,0,"2,116.01"
vanta-Sea,Denver Office,Priya Mikhailov Travel,"May 1, 2026, 12:00 AM","May 31, 2026, 12:00 AM",4895001,6S-150ORRNEW,Medium,0,"1,798.17"
vanta-Sea,Denver Office,Isha Mikhailov Travel,"June 1, 2026, 12:00 AM","June 30, 2026, 12:00 AM",4993635,4S-150ORRNEW,Medium,0,"1,365.5"
vanta-Sea,Denver Office,Aarav Mikhailov Travel,"May 1, 2026, 12:00 AM","May 31, 2026, 12:00 AM",4875596,4S-150ORRNEW,Long,0,"1,613.25"
vanta-Sea,Denver Office,Aarav Petrov Travel,"May 1, 2026, 12:00 AM","May 31, 2026, 12:00 AM",4866176,4S-150ORRNEW,Medium,0,"1,365.5"
vanta-Sea,Denver Office,Sanjay Mikhailov Travel,"May 1, 2026, 12:00 AM","May 31, 2026, 12:00 AM",4891528,6S-150ORRNEW,Medium,0,"1,798.17"
vanta-Sea,Denver Office,Isha Mikhailov Travel,"June 1, 2026, 12:00 AM","June 30, 2026, 12:00 AM",4921306,4S-150ORRNEW,Short,0,"1,057.75"
vanta-Sea,Denver Office,Anjali Mikhailov Travel,"May 1, 2026, 12:00 AM","May 31, 2026, 12:00 AM",4837379,6S-150ORRNEW,Short,0,"1,390.34"
vanta-Sea,Denver Office,Priya Mikhailov Travel,"May 1, 2026, 12:00 AM","May 31, 2026, 12:00 AM",4862766,4S-150ORRNEW,Long,0,"1,613.25"
vanta-Sea,Denver Office,Aarav Mikhailov Travel,"July 1, 2026, 12:00 AM","July 31, 2026, 12:00 AM",5031876,4S-150ORRNEW,Short,0,"1,077.27"
vanta-Sea,Denver Office,Karan Mikhailov Travel,"July 1, 2026, 12:00 AM","July 31, 2026, 12:00 AM",5059104,4S-WOW150ORRNEW,null,0,"1,952.49"
vanta-Sea,Denver Office,Sanjay Mikhailov Travel,"July 1, 2026, 12:00 AM","July 31, 2026, 12:00 AM",5058821,4S-EV-Z,Medium,0,"1,275"
vanta-Sea,Denver Office,Priya Mikhailov Travel,"July 1, 2026, 12:00 AM","July 31, 2026, 12:00 AM",5103380,BUS-ORRNEW-SML,null,0,"2,823.88"
vanta-Sea,Denver Office,Anjali Mikhailov Travel,"July 1, 2026, 12:00 AM","July 31, 2026, 12:00 AM",5064297,6S-150ORRNEW,Short,0,"1,416.36"
vanta-Sea,Denver Office,Anjali Mikhailov Travel,"July 1, 2026, 12:00 AM","July 31, 2026, 12:00 AM",5030960,BUS-ORRNEW-SML,null,0,"2,914.02"
vanta-Sea,Denver Office,Priya Mikhailov Travel,"July 1, 2026, 12:00 AM","July 31, 2026, 12:00 AM",5030621,BUS-ORRNEW-TT,null,0,935.7
vanta-Sea,Denver Office,Sanjay Mikhailov Travel,"July 1, 2026, 12:00 AM","July 31, 2026, 12:00 AM",5051220,4S-150ORRNEW,Short,0,"1,077.27"
vanta-Sea,Denver Office,Priya Mikhailov Travel,"July 1, 2026, 12:00 AM","July 31, 2026, 12:00 AM",5051523,6S-150ORRNEW,Long,0,"2,194.1"
vanta-Sea,Denver Office,Priya Mikhailov Travel,"July 1, 2026, 12:00 AM","July 31, 2026, 12:00 AM",5012614,BUS-ORRNEW-TT,null,0,985.17
vanta-Sea,Denver Office,Anjali Mikhailov Travel,"July 1, 2026, 12:00 AM","July 31, 2026, 12:00 AM",5009394,6S-EV-HTK,Medium,14.9,"1,875"
vanta-Sea,Denver Office,Aarav Mikhailov Travel,"July 1, 2026, 12:00 AM","July 31, 2026, 12:00 AM",5026951,6S-EV-HTK,Medium,15.46,"1,875"
vanta-Sea,Denver Office,Sanjay Mikhailov Travel,"July 1, 2026, 12:00 AM","July 31, 2026, 12:00 AM",5046423,4S-EV-Z,Long,0,"1,275"
vanta-Sea,Denver Office,Aarav Mikhailov Travel,"July 1, 2026, 12:00 AM","July 31, 2026, 12:00 AM",5008263,BUS-ORRNEW-TT,null,0,"1,925.32"
vanta-Sea,Denver Office,Isha Mikhailov Travel,"July 1, 2026, 12:00 AM","July 31, 2026, 12:00 AM",5045835,4S-150ORRNEW,Medium,0,"1,404.56"
vanta-Sea,Denver Office,Aarav Petrov Travel,"July 1, 2026, 12:00 AM","July 31, 2026, 12:00 AM",5006087,4S-150ORRNEW,Short,0,"1,077.27"
vanta-Sea,Denver Office,Aarav Petrov Travel,"July 1, 2026, 12:00 AM","July 31, 2026, 12:00 AM",5028639,4S-150ORRNEW,Long,0,"1,671.82"
vanta-Sea,Denver Office,Isha Mikhailov Travel,"July 1, 2026, 12:00 AM","July 31, 2026, 12:00 AM",5095530,4S-150ORRNEW,Medium,0,"1,404.56"
vanta-Sea,Denver Office,Aarav Petrov Travel,"July 1, 2026, 12:00 AM","July 31, 2026, 12:00 AM",5017015,4S-150ORRNEW,Short,0,"1,077.27"
vanta-Sea,Denver Office,Sanjay Mikhailov Travel,"July 1, 2026, 12:00 AM","July 31, 2026, 12:00 AM",5017698,BUS-ORRNEW-SML,null,0,"2,208.01"
vanta-Sea,Denver Office,Anjali Mikhailov Travel,"July 1, 2026, 12:00 AM","July 31, 2026, 12:00 AM",5077606,4S-150ORRNEW,Short,0,"1,077.27"
vanta-Sea,Denver Office,Sanjay Mikhailov Travel,"July 1, 2026, 12:00 AM","July 31, 2026, 12:00 AM",5097525,4S-EV-Z,Medium,0,"1,275"
vanta-Sea,Denver Office,Isha Mikhailov Travel,"July 1, 2026, 12:00 AM","July 31, 2026, 12:00 AM",5024767,6S-150ORRNEW,Short,0,"1,416.36"
vanta-Sea,Denver Office,Aarav Mikhailov Travel,"July 1, 2026, 12:00 AM","July 31, 2026, 12:00 AM",5021407,4S-150ORRNEW,Long,0,"1,671.82"
vanta-Sea,Denver Office,Isha Mikhailov Travel,"July 1, 2026, 12:00 AM","July 31, 2026, 12:00 AM",5094247,BUS-ORRNEW-SML,null,0,"2,824.02"
vanta-Sea,Denver Office,Sanjay Mikhailov Travel,"July 1, 2026, 12:00 AM","July 31, 2026, 12:00 AM",5069922,6S-150ORRNEW,Long,0,"2,194.1"
vanta-Sea,Denver Office,Aarav Mikhailov Travel,"July 1, 2026, 12:00 AM","July 31, 2026, 12:00 AM",5080183,6S-150ORRNEW,Long,0,"2,194.1"
vanta-Sea,Denver Office,Aarav Petrov Travel,"July 1, 2026, 12:00 AM","July 31, 2026, 12:00 AM",5055793,4S-EV-Z,Medium,0,"1,275"
pinnacle-Slc,Willow Bend Campus,Amit Volkov Travel,"May 1, 2026, 12:00 AM","May 31, 2026, 12:00 AM",3091948,4Seater,Slab2,14.88,"1,020"
pinnacle-Slc,Oakmont Office,Pooja Mikhailov Travel,"May 1, 2026, 12:00 AM","May 31, 2026, 12:00 AM",3111009,4Seater,Slab2,14.72,"1,530"
pinnacle-Slc,Clearwater Campus,Rahul Mikhailov Travel,"May 1, 2026, 12:00 AM","May 31, 2026, 12:00 AM",3096063,4Seater,Slab2,16.1,"1,020"
pinnacle-Slc,Oakmont Office,Karan Mikhailov Travel,"May 1, 2026, 12:00 AM","May 31, 2026, 12:00 AM",3056236,4Seater,Slab2,12.18,"1,020"
pinnacle-Slc,Willow Bend Campus,Karan Mikhailov Travel,"May 1, 2026, 12:00 AM","May 31, 2026, 12:00 AM",3154763,6Seater,Slab2,11.29,"1,297.5"
pinnacle-Slc,Willow Bend Campus,Rahul Mikhailov Travel,"May 1, 2026, 12:00 AM","May 31, 2026, 12:00 AM",3144693,4Seater,Slab1,9.1,915
pinnacle-Slc,Oakmont Office,Divya Mikhailov Travel,"May 1, 2026, 12:00 AM","May 31, 2026, 12:00 AM",3051774,6Seater,Slab1,8.7,"1,140"
pinnacle-Slc,Clearwater Campus,Divya Sokolov Travel,"May 1, 2026, 12:00 AM","May 31, 2026, 12:00 AM",3163029,4Seater,Slab1,6.3,915
pinnacle-Slc,Willow Bend Campus,Karan Mikhailov Travel,"May 1, 2026, 12:00 AM","May 31, 2026, 12:00 AM",3138499,4Seater,Slab2,11.49,"1,020"
pinnacle-Slc,Willow Bend Campus,Rahul Mikhailov Travel,"May 1, 2026, 12:00 AM","May 31, 2026, 12:00 AM",3079716,4Seater,Slab1,1.6,915
pinnacle-Slc,Oakmont Office,Karan Mikhailov Travel,"May 1, 2026, 12:00 AM","May 31, 2026, 12:00 AM",3104125,4Seater,Slab1,8.8,915
pinnacle-Slc,Clearwater Campus,Pooja Mikhailov Travel,"May 1, 2026, 12:00 AM","May 31, 2026, 12:00 AM",3108269,4Seater,Slab1,6.13,915
pinnacle-Slc,Willow Bend Campus,Rohan Mikhailov Travel,"May 1, 2026, 12:00 AM","May 31, 2026, 12:00 AM",3143369,4Seater,Slab2,16.9,"1,020"
pinnacle-Slc,Willow Bend Campus,Amit Mikhailov Travel,"May 1, 2026, 12:00 AM","May 31, 2026, 12:00 AM",3074638,4Seater,Slab2,18.4,"1,020"
pinnacle-Slc,Clearwater Campus,Rohan Mikhailov Travel,"May 1, 2026, 12:00 AM","May 31, 2026, 12:00 AM",3103436,4Seater,Slab1,7.5,915
pinnacle-Slc,Oakmont Office,Sanjay Mikhailov Travel,"May 1, 2026, 12:00 AM","May 31, 2026, 12:00 AM",3137496,4Seater,Slab2,17.9,"1,530"
pinnacle-Slc,Clearwater Campus,Amit Volkov Travel,"May 1, 2026, 12:00 AM","May 31, 2026, 12:00 AM",3132590,6Seater,Slab2,16.33,"1,297.5"
pinnacle-Slc,Oakmont Office,Sanjay Mikhailov Travel,"May 1, 2026, 12:00 AM","May 31, 2026, 12:00 AM",3063879,4Seater,Slab1,2.4,915
pinnacle-Slc,Clearwater Campus,Karan Mikhailov Travel,"May 1, 2026, 12:00 AM","May 31, 2026, 12:00 AM",3126143,4Seater,Slab1,8.83,915
pinnacle-Slc,Willow Bend Campus,Aarav Mikhailov Travel,"May 1, 2026, 12:00 AM","May 31, 2026, 12:00 AM",3136073,DV_Package,null,15.68,"1,526.31"
pinnacle-Slc,Clearwater Campus,Rahul Orlov Travel,"June 1, 2026, 12:00 AM","June 30, 2026, 12:00 AM",3255676,DV_Package,null,8.38,"1,318.18"
pinnacle-Slc,Oakmont Office,Sanjay Mikhailov Travel,"June 1, 2026, 12:00 AM","June 30, 2026, 12:00 AM",3257448,4Seater,Slab3,23.63,"1,162.5"
pinnacle-Slc,Willow Bend Campus,Karan Mikhailov Travel,"June 1, 2026, 12:00 AM","June 30, 2026, 12:00 AM",3186806,4Seater,Slab1,4.4,915
pinnacle-Slc,Clearwater Campus,Karan Mikhailov Travel,"June 1, 2026, 12:00 AM","June 30, 2026, 12:00 AM",3222940,4Seater,Slab1,7.38,915
pinnacle-Slc,Willow Bend Campus,Aarav Mikhailov Travel,"June 1, 2026, 12:00 AM","June 30, 2026, 12:00 AM",3235832,DV_Package,null,6,"1,318.18"
catalyst-Sac,Santa Clara Office,Vikram Mikhailov Travel,"July 1, 2026, 12:00 AM","July 31, 2026, 12:00 AM",1547215,3S_Jan2024_CNG_AC,Zone_B,11.97,"1,867.5"
vanta-Aus,Cedar Ridge Office,Sneha Mikhailov Travel,"July 1, 2026, 12:00 AM","July 31, 2026, 12:00 AM",1231741,6S-HYD,Medium,0,"1,683.87"
vanta-Aus,Cedar Ridge Office,Meera Pavlov Travel,"July 1, 2026, 12:00 AM","July 31, 2026, 12:00 AM",1253492,6S-HYD,Short,0,"1,254.43"
orbit-Slc,Lakeside Commons,Anjali Mikhailov Travel,"June 16, 2026, 12:00 AM","June 30, 2026, 12:00 AM",1302568,8SEATER_BTT_2025,31-above,39.87,"1,560"
vanta-Aus,Cedar Ridge Office,Sanjay Mikhailov Travel,"July 1, 2026, 12:00 AM","July 31, 2026, 12:00 AM",1241643,6S-HYD,Short,0,"1,254.43"
catalyst-Sac,Santa Clara Office,Rohan Mikhailov Travel,"July 1, 2026, 12:00 AM","July 31, 2026, 12:00 AM",1556012,3S_Jan2024_CNG_AC,Zone_B,20.18,"1,867.5"
catalyst-Sac,Santa Clara Office,Divya Mikhailov Travel,"July 1, 2026, 12:00 AM","July 31, 2026, 12:00 AM",1519576,5S_Jan2024_CNG_AC,Zone_B,28.98,"2,308.5"
vanta-Aus,Cedar Ridge Office,Sneha Mikhailov Travel,"July 1, 2026, 12:00 AM","July 31, 2026, 12:00 AM",1257611,6S-EV-HTK,Short,0,"1,875"
orbit-Slc,Cedar Ridge Office,Rahul Mikhailov Travel,"June 16, 2026, 12:00 AM","June 30, 2026, 12:00 AM",1301865,4Seater-LVT-July,21-30,26.23,"1,072.5"
vanta-Aus,Cedar Ridge Office,Priya Mikhailov Travel,"July 1, 2026, 12:00 AM","July 31, 2026, 12:00 AM",1257253,4S-EV-Z,Medium,0,"1,200"
catalyst-Sac,Santa Clara Office,Rohan Mikhailov Travel,"July 1, 2026, 12:00 AM","July 31, 2026, 12:00 AM",1551623,3S_Jan2024_CNG_AC,Zone_A,11.23,"1,440"
vanta-Aus,Cedar Ridge Office,Meera Pavlov Travel,"July 1, 2026, 12:00 AM","July 31, 2026, 12:00 AM",1239540,6S-HYD,Long,0,"1,882.3"
vanta-Aus,Cedar Ridge Office,Sanjay Mikhailov Travel,"July 1, 2026, 12:00 AM","July 31, 2026, 12:00 AM",1252013,6S-EV-HTK,Short,0,"1,875"
catalyst-Sac,Santa Clara Office,Priya Mikhailov Travel,"July 1, 2026, 12:00 AM","July 31, 2026, 12:00 AM",1528247,3S_Jan2024_CNG_AC,Zone_B,37.59,"1,867.5"
orbit-Slc,Cedar Ridge Office,Rahul Mikhailov Travel,"July 1, 2026, 12:00 AM","July 15, 2026, 12:00 AM",1314192,4Seater-LVT-July,0-20,12.5,885
vanta-Aus,Cedar Ridge Office,Meera Pavlov Travel,"July 1, 2026, 12:00 AM","July 31, 2026, 12:00 AM",1219024,4S-HYD,Medium,0,"1,181.14"
pinnacle-Slc,Clearwater Campus,Rahul Orlov Travel,"July 1, 2026, 12:00 AM","July 31, 2026, 12:00 AM",3393689,DV_Package,null,25.38,"1,260.87"
pinnacle-Slc,Clearwater Campus,Rohan Mikhailov Travel,"July 1, 2026, 12:00 AM","July 31, 2026, 12:00 AM",3476311,4Seater,Slab2,17.7,"1,020"
pinnacle-Slc,Oakmont Office,Rahul Mikhailov Travel,"July 1, 2026, 12:00 AM","July 31, 2026, 12:00 AM",3417985,4Seater,Slab1,8,915
pinnacle-Slc,Clearwater Campus,Rahul Morozov Travel,"July 1, 2026, 12:00 AM","July 31, 2026, 12:00 AM",3481491,4Seater,Slab1,7.4,915
pinnacle-Slc,Oakmont Office,Rahul Mikhailov Travel,"July 1, 2026, 12:00 AM","July 31, 2026, 12:00 AM",3397942,4Seater,Slab2,12.03,"1,530"
pinnacle-Slc,Willow Bend Campus,Rahul Orlov Travel,"July 1, 2026, 12:00 AM","July 31, 2026, 12:00 AM",3377285,DV_Package,null,30.2,"1,260.88"
pinnacle-Slc,Willow Bend Campus,Aarav Mikhailov Travel,"July 1, 2026, 12:00 AM","July 31, 2026, 12:00 AM",3417224,DV_Package,null,13.8,"1,260.87"
pinnacle-Slc,Clearwater Campus,Amit Mikhailov Travel,"July 1, 2026, 12:00 AM","July 31, 2026, 12:00 AM",3387548,DV_Package,null,3.7,"1,260.87"
pinnacle-Slc,Clearwater Campus,Aarav Mikhailov Travel,"July 1, 2026, 12:00 AM","July 31, 2026, 12:00 AM",3461453,4Seater,Slab3,28.1,"1,260"
pinnacle-Slc,Oakmont Office,Karan Mikhailov Travel,"July 1, 2026, 12:00 AM","July 31, 2026, 12:00 AM",3416961,4Seater,Slab2,13.06,"1,020"
pinnacle-Slc,Clearwater Campus,Rahul Morozov Travel,"July 1, 2026, 12:00 AM","July 31, 2026, 12:00 AM",3426627,6Seater,Slab1,5.3,"1,140"
pinnacle-Slc,Clearwater Campus,Aarav Mikhailov Travel,"July 1, 2026, 12:00 AM","July 31, 2026, 12:00 AM",3402595,DV_Package,null,4.21,"1,260.87"
pinnacle-Slc,Clearwater Campus,Arjun Mikhailov Travel,"July 1, 2026, 12:00 AM","July 31, 2026, 12:00 AM",3421712,4Seater,Slab1,5.15,915
pinnacle-Slc,Willow Bend Campus,Arjun Mikhailov Travel,"July 1, 2026, 12:00 AM","July 31, 2026, 12:00 AM",3451197,4Seater,Slab1,1.3,915
pinnacle-Slc,Clearwater Campus,Divya Mikhailov Travel,"July 1, 2026, 12:00 AM","July 31, 2026, 12:00 AM",3337792,DV_Package,null,7.7,"1,260.87"
pinnacle-Slc,Oakmont Office,Rohan Mikhailov Travel,"July 1, 2026, 12:00 AM","July 31, 2026, 12:00 AM",3376283,6Seater,Slab2,11.58,"1,297.5"
pinnacle-Slc,Clearwater Campus,Arjun Mikhailov Travel,"July 1, 2026, 12:00 AM","July 31, 2026, 12:00 AM",3327892,4Seater,Slab3,21.78,"1,162.5"
pinnacle-Slc,Clearwater Campus,Karan Mikhailov Travel,"July 1, 2026, 12:00 AM","July 31, 2026, 12:00 AM",3386385,4Seater,Slab2,13.2,"1,020"
pinnacle-Slc,Oakmont Office,Aarav Mikhailov Travel,"July 1, 2026, 12:00 AM","July 31, 2026, 12:00 AM",3445618,4Seater,Slab2,11.81,"1,530"
pinnacle-Slc,Clearwater Campus,Rahul Orlov Travel,"July 1, 2026, 12:00 AM","July 31, 2026, 12:00 AM",3366630,DV_Package,null,15.7,"1,260.87"
vanta-Aus,Cedar Ridge Office,Meera Pavlov Travel,"May 1, 2026, 12:00 AM","May 31, 2026, 12:00 AM",1121320,6S-HYD,Short,0,"1,227"
vanta-Aus,Cedar Ridge Office,Anjali Mikhailov Travel,"May 1, 2026, 12:00 AM","May 31, 2026, 12:00 AM",1135748,6S-HYD,Medium,0,"1,629"
vanta-Aus,Cedar Ridge Office,Priya Mikhailov Travel,"May 1, 2026, 12:00 AM","May 31, 2026, 12:00 AM",1101494,4S-EV-Z,Medium,0,"1,200"
vanta-Aus,Cedar Ridge Office,Priya Mikhailov Travel,"May 1, 2026, 12:00 AM","May 31, 2026, 12:00 AM",1127208,4S-EV-Z,Medium,0,"1,200"
vanta-Aus,Cedar Ridge Office,Sanjay Mikhailov Travel,"May 1, 2026, 12:00 AM","May 31, 2026, 12:00 AM",1120466,6S-HYD,Short,0,"1,227"
vanta-Aus,Cedar Ridge Office,Meera Pavlov Travel,"May 1, 2026, 12:00 AM","May 31, 2026, 12:00 AM",1097843,4S-HYD,Long,0,"1,354.5"
catalyst-Sac,Santa Clara Office,Rohan Mikhailov Travel,"May 1, 2026, 12:00 AM","May 31, 2026, 12:00 AM",1459657,3S_Jan2024_CNG_AC,Zone_A,9.66,946.88
vanta-Aus,Cedar Ridge Office,Priya Mikhailov Travel,"May 1, 2026, 12:00 AM","May 31, 2026, 12:00 AM",1099901,4S-EV-Z,Medium,0,"1,200"
catalyst-Sac,Fairview Commons,Arjun Mikhailov Travel,"May 1, 2026, 12:00 AM","May 31, 2026, 12:00 AM",1472158,3S_Jan2024_AC,Zone_C,28.3,"2,162.82"
vanta-Aus,Cedar Ridge Office,Meera Pavlov Travel,"May 1, 2026, 12:00 AM","May 31, 2026, 12:00 AM",1109301,6S-HYD,Short,0,"1,227"
catalyst-Sac,Santa Clara Office,Vikram Mikhailov Travel,"May 1, 2026, 12:00 AM","May 31, 2026, 12:00 AM",1448446,3S_Jan2024_CNG_AC,Zone_B,13.44,"1,828.13"
vanta-Aus,Cedar Ridge Office,Sneha Mikhailov Travel,"May 1, 2026, 12:00 AM","May 31, 2026, 12:00 AM",1136686,4S-HYD,Short,0,948
catalyst-Sac,Santa Clara Office,Divya Mikhailov Travel,"May 1, 2026, 12:00 AM","May 31, 2026, 12:00 AM",1451423,3S_Jan2024_CNG_AC,Zone_B,17.4,"1,828.13"
catalyst-Sac,Santa Clara Office,Vikram Mikhailov Travel,"May 1, 2026, 12:00 AM","May 31, 2026, 12:00 AM",1450101,3S_Jan2024_CNG_AC,Zone_B,14.06,"1,218.75"
orbit-Slc,Lakeside Commons,Anjali Mikhailov Travel,"May 1, 2026, 12:00 AM","May 15, 2026, 12:00 AM",1231741,4SEATER_BTT_2025,21-30,29.5,"1,665"
catalyst-Sac,Santa Clara Office,Rohan Mikhailov Travel,"May 1, 2026, 12:00 AM","May 31, 2026, 12:00 AM",1466669,3S_Jan2024_CNG_AC,Zone_C,31.2,"2,168.45"
orbit-Slc,Lakeside Commons,Anjali Mikhailov Travel,"May 16, 2026, 12:00 AM","May 31, 2026, 12:00 AM",1252013,4SEATER_BTT_2025,0-20,11.4,"1,440"
orbit-Slc,Cedar Ridge Office,Rahul Mikhailov Travel,"May 16, 2026, 12:00 AM","May 31, 2026, 12:00 AM",1253492,LVT_4_SEATER_EV,Slab-31-above,35.3,"1,297.5"
vanta-Aus,Cedar Ridge Office,Sneha Mikhailov Travel,"June 1, 2026, 12:00 AM","June 30, 2026, 12:00 AM",1162897,4S-HYD,XLong,0,"1,543.5"
vanta-Aus,Cedar Ridge Office,Sanjay Mikhailov Travel,"June 1, 2026, 12:00 AM","June 30, 2026, 12:00 AM",1186809,4S-HYD,Medium,0,"1,140"
pinnacle-Slc,Clearwater Campus,Divya Sokolov Travel,"June 1, 2026, 12:00 AM","June 30, 2026, 12:00 AM",3218321,4Seater,Slab1,8.54,915
pinnacle-Slc,Clearwater Campus,Divya Sokolov Travel,"June 1, 2026, 12:00 AM","June 30, 2026, 12:00 AM",3282974,4Seater,Slab3,23.6,"1,162.5"
pinnacle-Slc,Clearwater Campus,Sanjay Mikhailov Travel,"June 1, 2026, 12:00 AM","June 30, 2026, 12:00 AM",3321847,4Seater,Slab1,1.2,915
pinnacle-Slc,Clearwater Campus,Aarav Mikhailov Travel,"June 1, 2026, 12:00 AM","June 30, 2026, 12:00 AM",3261974,4Seater,Slab2,19.6,"1,020"
pinnacle-Slc,Clearwater Campus,Arjun Mikhailov Travel,"June 1, 2026, 12:00 AM","June 30, 2026, 12:00 AM",3209896,DV_Package,null,9.2,988.63
pinnacle-Slc,Willow Bend Campus,Rohan Mikhailov Travel,"June 1, 2026, 12:00 AM","June 30, 2026, 12:00 AM",3195068,4Seater,Slab3,25.74,"1,162.5"
pinnacle-Slc,Oakmont Office,Pooja Mikhailov Travel,"June 1, 2026, 12:00 AM","June 30, 2026, 12:00 AM",3209066,4Seater,Slab1,8.8,915
pinnacle-Slc,Oakmont Office,Divya Mikhailov Travel,"June 1, 2026, 12:00 AM","June 30, 2026, 12:00 AM",3309161,DV_Package,null,7.1,988.63
pinnacle-Slc,Oakmont Office,Aarav Mikhailov Travel,"June 1, 2026, 12:00 AM","June 30, 2026, 12:00 AM",3282220,4Seater,Slab3,27.27,"1,162.5"
pinnacle-Slc,Clearwater Campus,Rahul Orlov Travel,"June 1, 2026, 12:00 AM","June 30, 2026, 12:00 AM",3296856,DV_Package,null,23.63,988.63
pinnacle-Slc,Clearwater Campus,Rahul Morozov Travel,"June 1, 2026, 12:00 AM","June 30, 2026, 12:00 AM",3320026,DV_Package,null,9,988.63
pinnacle-Slc,Willow Bend Campus,Aarav Mikhailov Travel,"June 1, 2026, 12:00 AM","June 30, 2026, 12:00 AM",3256973,4Seater,Slab1,3.38,915
pinnacle-Slc,Oakmont Office,Rohan Mikhailov Travel,"June 1, 2026, 12:00 AM","June 30, 2026, 12:00 AM",3226562,4Seater,Slab1,9.5,915
pinnacle-Slc,Clearwater Campus,Amit Volkov Travel,"June 1, 2026, 12:00 AM","June 30, 2026, 12:00 AM",3283429,DV_Package,null,4.4,"1,318.18"
pinnacle-Slc,Clearwater Campus,Rohan Mikhailov Travel,"June 1, 2026, 12:00 AM","June 30, 2026, 12:00 AM",3283665,4Seater,Slab1,7.58,915
pinnacle-Slc,Oakmont Office,Karan Mikhailov Travel,"June 1, 2026, 12:00 AM","June 30, 2026, 12:00 AM",3235257,DV_Package,null,19.14,"1,318.18"
pinnacle-Slc,Clearwater Campus,Rohan Mikhailov Travel,"June 1, 2026, 12:00 AM","June 30, 2026, 12:00 AM",3246799,4Seater,Slab1,7.2,915
pinnacle-Slc,Willow Bend Campus,Aarav Mikhailov Travel,"June 1, 2026, 12:00 AM","June 30, 2026, 12:00 AM",3173463,4Seater,Slab2,12.5,"1,020"
pinnacle-Slc,Clearwater Campus,Divya Mikhailov Travel,"June 1, 2026, 12:00 AM","June 30, 2026, 12:00 AM",3271879,4Seater,Slab2,12.9,"1,020"
catalyst-Sac,Fairview Commons,Amit Mikhailov Travel,"June 1, 2026, 12:00 AM","June 30, 2026, 12:00 AM",1504458,3S_Jan2024_CNG_AC,Zone_C,29.4,"1,473.75"
catalyst-Sac,Santa Clara Office,Rohan Mikhailov Travel,"June 1, 2026, 12:00 AM","June 30, 2026, 12:00 AM",1507960,3S_Jan2024_CNG_AC,Zone_D,43,"2,430"
catalyst-Sac,Crestwood Campus,Vikram Mikhailov Travel,"June 1, 2026, 12:00 AM","June 30, 2026, 12:00 AM",1506837,3S_Jan2024_CNG_AC,Zone_C,28.2,"1,473.75"
orbit-Slc,Lakeside Commons,Rahul Mikhailov Travel,"May 16, 2026, 12:00 AM","May 31, 2026, 12:00 AM",1252243,4Seater-LVT-July,21-30,28.5,"1,072.5"
vanta-Aus,Cedar Ridge Office,Sneha Mikhailov Travel,"June 1, 2026, 12:00 AM","June 30, 2026, 12:00 AM",1154394,4S-HYD,XLong,0,"1,543.5"
vanta-Aus,Cedar Ridge Office,Anjali Mikhailov Travel,"May 1, 2026, 12:00 AM","May 31, 2026, 12:00 AM",1106312,4S-EV-Z,Medium,0,"1,200"
vanta-Aus,Cedar Ridge Office,Sneha Mikhailov Travel,"May 1, 2026, 12:00 AM","May 31, 2026, 12:00 AM",1131173,4S-HYD,Medium,0,"1,140"
vanta-Aus,Cedar Ridge Office,Meera Pavlov Travel,"June 1, 2026, 12:00 AM","June 30, 2026, 12:00 AM",1195725,4S-EV-Z,Long,0,"1,200"
catalyst-Sac,Santa Clara Office,Vikram Mikhailov Travel,"June 1, 2026, 12:00 AM","June 30, 2026, 12:00 AM",1498926,3S_Jan2024_CNG_AC,Zone_B,23.5,"1,856.25"
catalyst-Sac,Santa Clara Office,Vikram Mikhailov Travel,"June 1, 2026, 12:00 AM","June 30, 2026, 12:00 AM",1509781,3S_Jan2024_CNG_AC,Zone_A,7.4,"1,434.38"
orbit-Slc,Cedar Ridge Office,Rahul Mikhailov Travel,"May 16, 2026, 12:00 AM","May 31, 2026, 12:00 AM",1241643,LVT_4_SEATER_EV,Slab-21-30,24.07,"1,072.5"
orbit-Slc,Eastgate Office,Rohan Mikhailov Travel,"June 1, 2026, 12:00 AM","June 15, 2026, 12:00 AM",1261606,NPT_4_SEATER,Slab1,16.89,"1,170"
orbit-Slc,Lakeside Commons,Anjali Mikhailov Travel,"June 1, 2026, 12:00 AM","June 15, 2026, 12:00 AM",1280145,8SEATER_BTT_2025,31-above,38.4,"1,560"
catalyst-Sac,Santa Clara Office,Vikram Mikhailov Travel,"June 1, 2026, 12:00 AM","June 30, 2026, 12:00 AM",1495800,3S_Jan2024_CNG_AC,Zone_B,22.89,"1,237.5"
catalyst-Sac,Santa Clara Office,Vikram Mikhailov Travel,"June 1, 2026, 12:00 AM","June 30, 2026, 12:00 AM",1488618,3S_Jan2024_CNG_AC,Zone_C,24.3,"1,473.75"
orbit-Slc,Cedar Ridge Office,Rahul Mikhailov Travel,"June 1, 2026, 12:00 AM","June 15, 2026, 12:00 AM",1257611,LVT_4_SEATER_EV,Slab-0-20,13,885
catalyst-Sac,Santa Clara Office,Vikram Mikhailov Travel,"June 1, 2026, 12:00 AM","June 30, 2026, 12:00 AM",1512218,3S_Jan2024_CNG_AC,Zone_C,25.2,"1,473.75"
orbit-Slc,Eastgate Office,Rohan Mikhailov Travel,"June 1, 2026, 12:00 AM","June 15, 2026, 12:00 AM",1275334,NPT_4_SEATER,Slab1,37.11,"1,170"
catalyst-Sac,Fairview Commons,Arjun Mikhailov Travel,"June 1, 2026, 12:00 AM","June 30, 2026, 12:00 AM",1477176,3S_Jan2024_CNG_AC,Zone_C,41.42,"1,473.75"
vanta-Aus,Cedar Ridge Office,Sanjay Mikhailov Travel,"June 1, 2026, 12:00 AM","June 30, 2026, 12:00 AM",1155541,4S-HYD,Short,0,948
catalyst-Sac,Santa Clara Office,Divya Mikhailov Travel,"June 1, 2026, 12:00 AM","June 30, 2026, 12:00 AM",1501341,3S_Jan2024_CNG_AC,Zone_B,28.5,"1,856.25"
catalyst-Sac,Crestwood Campus,Vikram Mikhailov Travel,"June 1, 2026, 12:00 AM","June 30, 2026, 12:00 AM",1502604,3S_Jan2024_AC,Zone_C,34.9,"2,230.32"
orbit-Slc,Eastgate Office,Rohan Mikhailov Travel,"June 1, 2026, 12:00 AM","June 15, 2026, 12:00 AM",1257253,NPT_4_SEATER,Slab1,14.1,"1,170"
pinnacle-Slc,Willow Bend Campus,Rahul Orlov Travel,"June 1, 2026, 12:00 AM","June 30, 2026, 12:00 AM",3306900,DV_Package,null,17.7,"1,318.18"
pinnacle-Slc,Oakmont Office,Rahul Mikhailov Travel,"June 1, 2026, 12:00 AM","June 30, 2026, 12:00 AM",3207747,4Seater,Slab2,16.8,"1,020"
pinnacle-Slc,Clearwater Campus,Divya Kozlov Travel,"June 1, 2026, 12:00 AM","June 30, 2026, 12:00 AM",3188744,4Seater,Slab3,28.5,"1,162.5"
pinnacle-Slc,Clearwater Campus,Arjun Mikhailov Travel,"July 1, 2026, 12:00 AM","July 31, 2026, 12:00 AM",3375498,4Seater,Slab1,7.03,915
pinnacle-Slc,Willow Bend Campus,Karan Mikhailov Travel,"July 1, 2026, 12:00 AM","July 31, 2026, 12:00 AM",3332997,4Seater,Slab2,11.3,"1,530"
pinnacle-Slc,Oakmont Office,Amit Volkov Travel,"July 1, 2026, 12:00 AM","July 31, 2026, 12:00 AM",3450950,DV_Package,null,8.65,"1,260.87"
pinnacle-Slc,Clearwater Campus,Rahul Orlov Travel,"July 1, 2026, 12:00 AM","July 31, 2026, 12:00 AM",3409722,DV_Package,null,3.3,"1,260.87"
pinnacle-Slc,Oakmont Office,Amit Volkov Travel,"July 1, 2026, 12:00 AM","July 31, 2026, 12:00 AM",3351864,4Seater,Slab1,6.4,915
pinnacle-Slc,Clearwater Campus,Divya Sokolov Travel,"July 1, 2026, 12:00 AM","July 31, 2026, 12:00 AM",3458980,4Seater,Slab1,3.33,915
pinnacle-Slc,Oakmont Office,Rohan Mikhailov Travel,"July 1, 2026, 12:00 AM","July 31, 2026, 12:00 AM",3473238,4Seater,Slab2,11.6,"1,020"
pinnacle-Slc,Clearwater Campus,Karan Mikhailov Travel,"July 1, 2026, 12:00 AM","July 31, 2026, 12:00 AM",3375257,4Seater,Slab1,6.14,915
pinnacle-Slc,Clearwater Campus,Divya Sokolov Travel,"July 1, 2026, 12:00 AM","July 31, 2026, 12:00 AM",3428694,4Seater,Slab2,11.51,"1,020"
pinnacle-Slc,Willow Bend Campus,Aarav Mikhailov Travel,"July 1, 2026, 12:00 AM","July 31, 2026, 12:00 AM",3331137,4Seater,Slab2,15.7,"1,530"
pinnacle-Slc,Clearwater Campus,Pooja Mikhailov Travel,"July 1, 2026, 12:00 AM","July 31, 2026, 12:00 AM",3389002,4Seater,Slab1,6.3,"1,372.5"
pinnacle-Slc,Oakmont Office,Amit Mikhailov Travel,"July 1, 2026, 12:00 AM","July 31, 2026, 12:00 AM",3331367,DV_Package,null,11.96,"1,260.87"
pinnacle-Slc,Willow Bend Campus,Aarav Mikhailov Travel,"July 1, 2026, 12:00 AM","July 31, 2026, 12:00 AM",3467127,4Seater,Slab1,1.1,915
pinnacle-Slc,Willow Bend Campus,Karan Mikhailov Travel,"July 1, 2026, 12:00 AM","July 31, 2026, 12:00 AM",3418510,DV_Package,null,18.7,"1,260.87"
pinnacle-Slc,Clearwater Campus,Sanjay Mikhailov Travel,"July 1, 2026, 12:00 AM","July 31, 2026, 12:00 AM",3433023,4Seater,Slab2,14.04,"1,020"
pinnacle-Slc,Oakmont Office,Karan Mikhailov Travel,"July 1, 2026, 12:00 AM","July 31, 2026, 12:00 AM",3472762,4Seater,Slab3,23,"1,162.5"
vanta-Aus,Cedar Ridge Office,Sneha Mikhailov Travel,"July 1, 2026, 12:00 AM","July 31, 2026, 12:00 AM",1212643,4S-HYD,Long,0,"1,416.22"
vanta-Aus,Cedar Ridge Office,Sneha Mikhailov Travel,"July 1, 2026, 12:00 AM","July 31, 2026, 12:00 AM",1231993,4S-HYD,Short,0,968.58
orbit-Slc,Lakeside Commons,Rahul Mikhailov Travel,"July 16, 2026, 12:00 AM","July 31, 2026, 12:00 AM",1354150,8Seater-LVT-July,31-above,37,"2,482.5"
orbit-Slc,Lakeside Commons,Anjali Mikhailov Travel,"July 16, 2026, 12:00 AM","July 31, 2026, 12:00 AM",1345500,4SEATER_BTT_2025_EV,0 - 20,8.5,960
vanta-Sea,Denver Office,Sanjay Mikhailov Travel,"June 1, 2026, 12:00 AM","June 30, 2026, 12:00 AM",4955926,BUS-ORRNEW-TT,null,0,"2,649.75"
vanta-Sea,Denver Office,Anjali Mikhailov Travel,"May 1, 2026, 12:00 AM","May 31, 2026, 12:00 AM",4872980,BUS-ORRNEW-SML,null,0,"3,204.66"
vanta-Sea,Denver Office,Aarav Mikhailov Travel,"May 1, 2026, 12:00 AM","May 31, 2026, 12:00 AM",4814957,4S-150ORRNEW,Medium,0,"1,365.5"
vanta-Sea,Denver Office,Sanjay Mikhailov Travel,"May 1, 2026, 12:00 AM","May 31, 2026, 12:00 AM",4853406,BUS-ORRNEW-SML,null,0,"2,403.49"
vanta-Sea,Denver Office,Priya Mikhailov Travel,"May 1, 2026, 12:00 AM","May 31, 2026, 12:00 AM",4853647,BUS-ORRNEW-TT,null,0,902.76
vanta-Sea,Denver Office,Priya Mikhailov Travel,"May 1, 2026, 12:00 AM","May 31, 2026, 12:00 AM",4830413,BUS-ORRNEW-SML,null,0,"3,534.66"
vanta-Sea,Denver Office,Isha Mikhailov Travel,"May 1, 2026, 12:00 AM","May 31, 2026, 12:00 AM",4820830,BUS-ORRNEW-TT,null,0,"3,059.2"
vanta-Sea,Denver Office,Priya Mikhailov Travel,"June 1, 2026, 12:00 AM","June 30, 2026, 12:00 AM",4945339,BUS-ORRNEW-TT,null,0,"2,649.75"
vanta-Sea,Denver Office,Priya Mikhailov Travel,"June 1, 2026, 12:00 AM","June 30, 2026, 12:00 AM",4925756,4S-150ORRNEW,Long,0,"1,613.25"
vanta-Sea,Denver Office,Aarav Petrov Travel,"June 1, 2026, 12:00 AM","June 30, 2026, 12:00 AM",4959704,4S-150ORRNEW,Medium,0,"1,365.5"
vanta-Sea,Denver Office,Sanjay Mikhailov Travel,"June 1, 2026, 12:00 AM","June 30, 2026, 12:00 AM",4920099,4S-EV-Z,Short,0,"1,275"
vanta-Sea,Denver Office,Isha Mikhailov Travel,"June 1, 2026, 12:00 AM","June 30, 2026, 12:00 AM",4990483,4S-150ORRNEW,Medium,0,"1,365.5"
vanta-Sea,Denver Office,Anjali Mikhailov Travel,"May 1, 2026, 12:00 AM","May 31, 2026, 12:00 AM",4870225,4S-150ORRNEW,Long,0,"1,613.25"
vanta-Sea,Denver Office,Aarav Mikhailov Travel,"June 1, 2026, 12:00 AM","June 30, 2026, 12:00 AM",4932488,6S-150ORRNEW,Medium,0,"1,798.17"
vanta-Sea,Denver Office,Isha Mikhailov Travel,"June 1, 2026, 12:00 AM","June 30, 2026, 12:00 AM",4948433,BUS-ORRNEW-TT,null,0,"2,949.75"
vanta-Sea,Denver Office,Isha Mikhailov Travel,"June 1, 2026, 12:00 AM","June 30, 2026, 12:00 AM",4985991,4S-150ORRNEW,Long,0,"1,613.25"
vanta-Sea,Denver Office,Aarav Mikhailov Travel,"May 1, 2026, 12:00 AM","May 31, 2026, 12:00 AM",4870676,4S-150ORRNEW,Medium,0,"1,365.5"
vanta-Sea,Denver Office,Sanjay Mikhailov Travel,"June 1, 2026, 12:00 AM","June 30, 2026, 12:00 AM",4920793,6S-150ORRNEW,Long,0,"2,116.01"
vanta-Sea,Denver Office,Anjali Mikhailov Travel,"May 1, 2026, 12:00 AM","May 31, 2026, 12:00 AM",4891278,4S-EV-Z,Long,0,"1,275"
vanta-Sea,Denver Office,Sanjay Mikhailov Travel,"May 1, 2026, 12:00 AM","May 31, 2026, 12:00 AM",4866625,4S-EV-Z,Short,0,"1,275"
vanta-Sea,Denver Office,Anjali Mikhailov Travel,"June 1, 2026, 12:00 AM","June 30, 2026, 12:00 AM",4935808,4S-150ORRNEW,Medium,0,"1,365.5"
vanta-Sea,Denver Office,Aarav Mikhailov Travel,"May 1, 2026, 12:00 AM","May 31, 2026, 12:00 AM",4871497,4S-150ORRNEW,Long,0,"1,613.25"
vanta-Sea,Denver Office,Anjali Mikhailov Travel,"May 1, 2026, 12:00 AM","May 31, 2026, 12:00 AM",4822544,BUS-ORRNEW-SML,null,0,"3,234.66"
vanta-Sea,Denver Office,Sanjay Mikhailov Travel,"May 1, 2026, 12:00 AM","May 31, 2026, 12:00 AM",4895893,6S-150ORRNEW,Long,0,"2,116.01"
vanta-Sea,Denver Office,Sanjay Mikhailov Travel,"May 1, 2026, 12:00 AM","May 31, 2026, 12:00 AM",4862352,BUS-ORRNEW-SML,null,0,"2,583.49"
vanta-Sea,Denver Office,Anjali Mikhailov Travel,"May 1, 2026, 12:00 AM","May 31, 2026, 12:00 AM",4823303,4S-EV-Z,Medium,0,"1,275"
vanta-Sea,Denver Office,Isha Mikhailov Travel,"July 1, 2026, 12:00 AM","July 31, 2026, 12:00 AM",5050503,4S-150ORRNEW,Long,0,"1,671.82"
vanta-Sea,Denver Office,Priya Mikhailov Travel,"July 1, 2026, 12:00 AM","July 31, 2026, 12:00 AM",5084619,6S-EV-HTK,Long,22.4,"1,875"
vanta-Sea,Denver Office,Aarav Mikhailov Travel,"July 1, 2026, 12:00 AM","July 31, 2026, 12:00 AM",5103141,BUS-ORRNEW-SML,null,0,"2,237.91"
vanta-Sea,Denver Office,Aarav Petrov Travel,"July 1, 2026, 12:00 AM","July 31, 2026, 12:00 AM",5052249,4S-150ORRNEW,Medium,0,"1,404.56"
vanta-Sea,Denver Office,Aarav Petrov Travel,"July 1, 2026, 12:00 AM","July 31, 2026, 12:00 AM",5066700,4S-EV-Z,Medium,0,"1,275"
vanta-Sea,Denver Office,Aarav Mikhailov Travel,"July 1, 2026, 12:00 AM","July 31, 2026, 12:00 AM",5005645,6S-150ORRNEW,Short,0,"1,416.36"
vanta-Sea,Denver Office,Aarav Petrov Travel,"July 1, 2026, 12:00 AM","July 31, 2026, 12:00 AM",5026340,4S-150ORRNEW,Medium,0,"1,404.56"
vanta-Sea,Denver Office,Anjali Mikhailov Travel,"July 1, 2026, 12:00 AM","July 31, 2026, 12:00 AM",5099162,4S-150ORRNEW,Medium,0,"1,404.56"
vanta-Sea,Denver Office,Anjali Mikhailov Travel,"July 1, 2026, 12:00 AM","July 31, 2026, 12:00 AM",5104509,4S-150ORRNEW,Medium,0,"1,404.56"
vanta-Sea,Denver Office,Priya Mikhailov Travel,"July 1, 2026, 12:00 AM","July 31, 2026, 12:00 AM",5092836,6S-150ORRNEW,Long,0,"2,194.1"
vanta-Sea,Denver Office,Isha Mikhailov Travel,"July 1, 2026, 12:00 AM","July 31, 2026, 12:00 AM",5037874,4S-150ORRNEW,Medium,0,"1,404.56"
vanta-Sea,Denver Office,Anjali Mikhailov Travel,"July 1, 2026, 12:00 AM","July 31, 2026, 12:00 AM",5020104,6S-150ORRNEW,Short,0,"1,416.36"
vanta-Sea,Denver Office,Priya Mikhailov Travel,"July 1, 2026, 12:00 AM","July 31, 2026, 12:00 AM",5034676,BUS-ORRNEW-SML,null,0,"2,178.01"
vanta-Sea,Denver Office,Isha Mikhailov Travel,"July 1, 2026, 12:00 AM","July 31, 2026, 12:00 AM",5068450,4S-150ORRNEW,Long,0,"1,671.82"
vanta-Sea,Denver Office,Sanjay Mikhailov Travel,"July 1, 2026, 12:00 AM","July 31, 2026, 12:00 AM",5042334,4S-150ORRNEW,Long,0,"1,671.82"
vanta-Sea,Denver Office,Priya Mikhailov Travel,"July 1, 2026, 12:00 AM","July 31, 2026, 12:00 AM",5022061,4S-EV-Z,Short,0,"1,275"
vanta-Sea,Denver Office,Aarav Petrov Travel,"July 1, 2026, 12:00 AM","July 31, 2026, 12:00 AM",5080491,4S-150ORRNEW,Short,0,"1,077.27"
vanta-Sea,Denver Office,Anjali Mikhailov Travel,"July 1, 2026, 12:00 AM","July 31, 2026, 12:00 AM",5041623,6S-150ORRNEW,Long,0,"2,194.1"
vanta-Sea,Denver Office,Aarav Petrov Travel,"July 1, 2026, 12:00 AM","July 31, 2026, 12:00 AM",5041251,4S-EV-Z,Medium,0,"1,275"
pinnacle-Slc,Oakmont Office,Divya Mikhailov Travel,"May 1, 2026, 12:00 AM","May 31, 2026, 12:00 AM",3149993,DV_Package,null,16.37,"1,526.31"
pinnacle-Slc,Willow Bend Campus,Rahul Mikhailov Travel,"May 1, 2026, 12:00 AM","May 31, 2026, 12:00 AM",3169052,4Seater,Slab3,21.41,"1,162.5"
pinnacle-Slc,Willow Bend Campus,Rohan Mikhailov Travel,"May 1, 2026, 12:00 AM","May 31, 2026, 12:00 AM",3149457,4Seater,Slab2,18.58,"1,020"
pinnacle-Slc,Oakmont Office,Rahul Mikhailov Travel,"May 1, 2026, 12:00 AM","May 31, 2026, 12:00 AM",3120731,4Seater,Slab2,14.01,"1,020"
pinnacle-Slc,Oakmont Office,Aarav Mikhailov Travel,"May 1, 2026, 12:00 AM","May 31, 2026, 12:00 AM",3066475,4Seater,Slab1,7.45,915
pinnacle-Slc,Oakmont Office,Rohan Mikhailov Travel,"May 1, 2026, 12:00 AM","May 31, 2026, 12:00 AM",3056744,4Seater,Slab3,22.88,"1,162.5"
pinnacle-Slc,Oakmont Office,Rahul Mikhailov Travel,"May 1, 2026, 12:00 AM","May 31, 2026, 12:00 AM",3105874,6Seater,Slab3,22,"1,500"
pinnacle-Slc,Clearwater Campus,Rahul Mikhailov Travel,"May 1, 2026, 12:00 AM","May 31, 2026, 12:00 AM",3120150,4Seater,Slab1,1.8,915
pinnacle-Slc,Willow Bend Campus,Sanjay Mikhailov Travel,"May 1, 2026, 12:00 AM","May 31, 2026, 12:00 AM",3109950,4Seater,Slab2,18.57,"1,020"
pinnacle-Slc,Willow Bend Campus,Rohan Mikhailov Travel,"May 1, 2026, 12:00 AM","May 31, 2026, 12:00 AM",3061847,DV_Package,null,12.95,"1,144.74"
pinnacle-Slc,Willow Bend Campus,Aarav Mikhailov Travel,"May 1, 2026, 12:00 AM","May 31, 2026, 12:00 AM",3104828,DV_Package,null,16.34,"1,526.31"
pinnacle-Slc,Clearwater Campus,Divya Sokolov Travel,"May 1, 2026, 12:00 AM","May 31, 2026, 12:00 AM",3089039,4Seater,Slab2,14.19,"1,020"
pinnacle-Slc,Oakmont Office,Aarav Mikhailov Travel,"May 1, 2026, 12:00 AM","May 31, 2026, 12:00 AM",3080267,DV_Package,null,15.16,"1,526.31"
pinnacle-Slc,Oakmont Office,Divya Sokolov Travel,"May 1, 2026, 12:00 AM","May 31, 2026, 12:00 AM",3098259,4Seater,Slab1,9,915
pinnacle-Slc,Oakmont Office,Aarav Mikhailov Travel,"May 1, 2026, 12:00 AM","May 31, 2026, 12:00 AM",3118619,4Seater,Slab2,10.9,"1,530"
pinnacle-Slc,Willow Bend Campus,Divya Mikhailov Travel,"May 1, 2026, 12:00 AM","May 31, 2026, 12:00 AM",3118868,4Seater,Slab2,18.93,"1,020"
pinnacle-Slc,Oakmont Office,Aarav Mikhailov Travel,"May 1, 2026, 12:00 AM","May 31, 2026, 12:00 AM",3137745,4Seater,Slab4,33.17,"1,290"
pinnacle-Slc,Clearwater Campus,Rahul Mikhailov Travel,"May 1, 2026, 12:00 AM","May 31, 2026, 12:00 AM",3152806,4Seater,Slab3,23.5,"1,162.5"
pinnacle-Slc,Clearwater Campus,Pooja Mikhailov Travel,"May 1, 2026, 12:00 AM","May 31, 2026, 12:00 AM",3152125,DV_Package,null,9.05,"1,526.31"
pinnacle-Slc,Willow Bend Campus,Arjun Mikhailov Travel,"May 1, 2026, 12:00 AM","May 31, 2026, 12:00 AM",3087025,DV_Package,null,28.31,"1,526.31"
pinnacle-Slc,Clearwater Campus,Sanjay Mikhailov Travel,"May 1, 2026, 12:00 AM","May 31, 2026, 12:00 AM",3122982,DV_Package,null,17.99,"1,526.31"
pinnacle-Slc,Willow Bend Campus,Rahul Mikhailov Travel,"May 1, 2026, 12:00 AM","May 31, 2026, 12:00 AM",3073174,4Seater,Slab3,21.65,"1,162.5"
pinnacle-Slc,Oakmont Office,Pooja Mikhailov Travel,"May 1, 2026, 12:00 AM","May 31, 2026, 12:00 AM",3092633,4Seater,Slab3,21.33,"1,743.75"
pinnacle-Slc,Clearwater Campus,Aarav Mikhailov Travel,"June 1, 2026, 12:00 AM","June 30, 2026, 12:00 AM",3206044,4Seater,Slab3,27.02,"1,162.5"
pinnacle-Slc,Clearwater Campus,Aarav Mikhailov Travel,"June 1, 2026, 12:00 AM","June 30, 2026, 12:00 AM",3279141,4Seater,Slab1,5.3,"1,372.5"
vanta-Aus,Cedar Ridge Office,Meera Pavlov Travel,"June 1, 2026, 12:00 AM","June 30, 2026, 12:00 AM",1202058,4S-HYD,Short,0,948
vanta-Aus,Cedar Ridge Office,Sneha Mikhailov Travel,"July 1, 2026, 12:00 AM","July 31, 2026, 12:00 AM",1204573,4S-EV-Z,Medium,0,"1,200"
orbit-Slc,Eastgate Office,Rohan Mikhailov Travel,"June 16, 2026, 12:00 AM","June 30, 2026, 12:00 AM",1289035,NPT_4_SEATER,Slab1,22.4,"1,170"
vanta-Aus,Cedar Ridge Office,Sneha Mikhailov Travel,"July 1, 2026, 12:00 AM","July 31, 2026, 12:00 AM",1243817,4S-EV-Z,Short,0,"1,200"
vanta-Aus,Cedar Ridge Office,Anjali Mikhailov Travel,"July 1, 2026, 12:00 AM","July 31, 2026, 12:00 AM",1245724,4S-HYD,Long,0,"1,416.22"
vanta-Aus,Cedar Ridge Office,Sanjay Mikhailov Travel,"July 1, 2026, 12:00 AM","July 31, 2026, 12:00 AM",1218116,6S-EV-HTK,Short,0,"1,875"
vanta-Aus,Cedar Ridge Office,Sanjay Mikhailov Travel,"July 1, 2026, 12:00 AM","July 31, 2026, 12:00 AM",1208444,6S-EV-HTK,Medium,0,"1,875"
orbit-Slc,Eastgate Office,Rohan Mikhailov Travel,"June 16, 2026, 12:00 AM","June 30, 2026, 12:00 AM",1295417,NPT_8_SEATER,NA,30.9,"1,506"
vanta-Aus,Cedar Ridge Office,Meera Pavlov Travel,"July 1, 2026, 12:00 AM","July 31, 2026, 12:00 AM",1249843,6S-HYD,Short,0,"1,254.43"
vanta-Aus,Cedar Ridge Office,Priya Mikhailov Travel,"July 1, 2026, 12:00 AM","July 31, 2026, 12:00 AM",1237833,4S-HYD,Long,0,"1,416.22"
vanta-Aus,Cedar Ridge Office,Sneha Mikhailov Travel,"July 1, 2026, 12:00 AM","July 31, 2026, 12:00 AM",1252856,4S-HYD,Medium,0,"1,181.14"
vanta-Aus,Cedar Ridge Office,Anjali Mikhailov Travel,"July 1, 2026, 12:00 AM","July 31, 2026, 12:00 AM",1227511,6S-HYD,Short,0,"1,254.43"
vanta-Aus,Cedar Ridge Office,Meera Pavlov Travel,"July 1, 2026, 12:00 AM","July 31, 2026, 12:00 AM",1242657,6S-HYD,Long,0,"1,882.3"
catalyst-Sac,Crestwood Campus,Rohan Mikhailov Travel,"July 1, 2026, 12:00 AM","July 31, 2026, 12:00 AM",1530648,3S_Jan2024_CNG_AC,Zone_B,31.25,"1,245"
catalyst-Sac,Santa Clara Office,Rohan Mikhailov Travel,"July 1, 2026, 12:00 AM","July 31, 2026, 12:00 AM",1518993,3S_Jan2024_CNG_AC,Zone_B,16.8,"1,245"
vanta-Aus,Cedar Ridge Office,Sneha Mikhailov Travel,"July 1, 2026, 12:00 AM","July 31, 2026, 12:00 AM",1254048,6S-HYD,Short,0,"1,254.43"
vanta-Aus,Cedar Ridge Office,Meera Pavlov Travel,"July 1, 2026, 12:00 AM","July 31, 2026, 12:00 AM",1207739,4S-HYD,Medium,0,"1,181.14"
orbit-Slc,Lakeside Commons,Anjali Mikhailov Travel,"July 1, 2026, 12:00 AM","July 15, 2026, 12:00 AM",1316641,4SEATER_BTT_2025,0-20,16.7,960
vanta-Aus,Cedar Ridge Office,Sanjay Mikhailov Travel,"July 1, 2026, 12:00 AM","July 31, 2026, 12:00 AM",1210758,4S-HYD,Medium,0,"1,181.14"
vanta-Aus,Cedar Ridge Office,Priya Mikhailov Travel,"July 1, 2026, 12:00 AM","July 31, 2026, 12:00 AM",1256125,6S-HYD,Medium,0,"1,683.87"
pinnacle-Slc,Willow Bend Campus,Arjun Mikhailov Travel,"July 1, 2026, 12:00 AM","July 31, 2026, 12:00 AM",3339265,4Seater,Slab1,6.21,915
pinnacle-Slc,Clearwater Campus,Rahul Morozov Travel,"July 1, 2026, 12:00 AM","July 31, 2026, 12:00 AM",3452711,6Seater,Slab1,7.83,"1,140"
pinnacle-Slc,Oakmont Office,Rahul Morozov Travel,"July 1, 2026, 12:00 AM","July 31, 2026, 12:00 AM",3437914,4Seater,Slab3,23.45,"1,162.5"
pinnacle-Slc,Clearwater Campus,Arjun Mikhailov Travel,"July 1, 2026, 12:00 AM","July 31, 2026, 12:00 AM",3476067,DV_Package,null,32,"1,260.87"
pinnacle-Slc,Oakmont Office,Amit Mikhailov Travel,"July 1, 2026, 12:00 AM","July 31, 2026, 12:00 AM",3417725,4Seater,Slab1,1.1,915
pinnacle-Slc,Clearwater Campus,Aarav Mikhailov Travel,"July 1, 2026, 12:00 AM","July 31, 2026, 12:00 AM",3475823,4Seater,Slab2,19.3,"1,020"
pinnacle-Slc,Oakmont Office,Sanjay Mikhailov Travel,"July 1, 2026, 12:00 AM","July 31, 2026, 12:00 AM",3471579,4Seater,Slab2,11.07,"1,020"
pinnacle-Slc,Willow Bend Campus,Amit Mikhailov Travel,"July 1, 2026, 12:00 AM","July 31, 2026, 12:00 AM",3412510,4Seater,Slab2,15.57,"1,020"
pinnacle-Slc,Oakmont Office,Sanjay Mikhailov Travel,"July 1, 2026, 12:00 AM","July 31, 2026, 12:00 AM",3337432,DV_Package,null,4.35,945.66
pinnacle-Slc,Oakmont Office,Arjun Mikhailov Travel,"July 1, 2026, 12:00 AM","July 31, 2026, 12:00 AM",3465763,4Seater,Slab2,16.97,"1,020"
pinnacle-Slc,Willow Bend Campus,Rohan Mikhailov Travel,"July 1, 2026, 12:00 AM","July 31, 2026, 12:00 AM",3431481,DV_Package,null,26.88,"1,260.87"
pinnacle-Slc,Willow Bend Campus,Sanjay Mikhailov Travel,"July 1, 2026, 12:00 AM","July 31, 2026, 12:00 AM",3406455,4Seater,Slab2,15.7,"1,020"
pinnacle-Slc,Clearwater Campus,Aarav Mikhailov Travel,"July 1, 2026, 12:00 AM","July 31, 2026, 12:00 AM",3435275,4Seater,Slab2,17.51,"1,020"
pinnacle-Slc,Clearwater Campus,Rohan Mikhailov Travel,"July 1, 2026, 12:00 AM","July 31, 2026, 12:00 AM",3460424,4Seater,Slab1,5.31,915
pinnacle-Slc,Willow Bend Campus,Amit Mikhailov Travel,"July 1, 2026, 12:00 AM","July 31, 2026, 12:00 AM",3445069,4Seater,Slab2,15.73,"1,020"
pinnacle-Slc,Oakmont Office,Sanjay Mikhailov Travel,"July 1, 2026, 12:00 AM","July 31, 2026, 12:00 AM",3411910,4Seater,Slab1,1.9,915
pinnacle-Slc,Willow Bend Campus,Amit Volkov Travel,"July 1, 2026, 12:00 AM","July 31, 2026, 12:00 AM",3372205,4Seater,Slab3,24.4,"1,162.5"
pinnacle-Slc,Willow Bend Campus,Aarav Mikhailov Travel,"July 1, 2026, 12:00 AM","July 31, 2026, 12:00 AM",3336934,DV_Package,null,10.3,"1,260.87"
vanta-Aus,Cedar Ridge Office,Priya Mikhailov Travel,"May 1, 2026, 12:00 AM","May 31, 2026, 12:00 AM",1139763,4S-HYD,Medium,0,"1,140"
vanta-Aus,Cedar Ridge Office,Sneha Mikhailov Travel,"May 1, 2026, 12:00 AM","May 31, 2026, 12:00 AM",1149058,6S-HYD,Short,0,"1,227"
vanta-Aus,Cedar Ridge Office,Priya Mikhailov Travel,"May 1, 2026, 12:00 AM","May 31, 2026, 12:00 AM",1107216,4S-EV-Z,Long,0,"1,200"
catalyst-Sac,Redwood City Center,Sanjay Mikhailov Travel,"May 1, 2026, 12:00 AM","May 31, 2026, 12:00 AM",1474891,3S_Jan2024_CNG_AC,Zone_B,9.98,"1,218.75"
catalyst-Sac,Santa Clara Office,Rohan Mikhailov Travel,"May 1, 2026, 12:00 AM","May 31, 2026, 12:00 AM",1461512,3S_Jan2024_CNG_AC,Zone_B,13.38,"1,218.75"
vanta-Aus,Cedar Ridge Office,Sneha Mikhailov Travel,"May 1, 2026, 12:00 AM","May 31, 2026, 12:00 AM",1124863,6S-HYD,Long,0,"1,800"
orbit-Slc,Eastgate Office,Rohan Mikhailov Travel,"May 1, 2026, 12:00 AM","May 15, 2026, 12:00 AM",1228362,NPT_4_SEATER,Slab1,24,"1,873.5"
vanta-Aus,Cedar Ridge Office,Sneha Mikhailov Travel,"May 1, 2026, 12:00 AM","May 31, 2026, 12:00 AM",1110041,4S-EV-Z,Short,0,"1,200"
orbit-Slc,Lakeside Commons,Rahul Mikhailov Travel,"May 1, 2026, 12:00 AM","May 15, 2026, 12:00 AM",1212643,8Seater-LVT-July,31-above,36.6,"1,695"
vanta-Aus,Cedar Ridge Office,Meera Pavlov Travel,"May 1, 2026, 12:00 AM","May 31, 2026, 12:00 AM",1126335,4S-HYD,Medium,0,"1,140"
orbit-Slc,Lakeside Commons,Rahul Mikhailov Travel,"May 1, 2026, 12:00 AM","May 15, 2026, 12:00 AM",1220894,4Seater-LVT-July,31-above,35.2,"1,297.5"
catalyst-Sac,Santa Clara Office,Vikram Mikhailov Travel,"May 1, 2026, 12:00 AM","May 31, 2026, 12:00 AM",1443898,3S_Jan2024_CNG_AC,Zone_B,12.92,"1,218.75"
vanta-Aus,Cedar Ridge Office,Meera Pavlov Travel,"May 1, 2026, 12:00 AM","May 31, 2026, 12:00 AM",1106613,4S-EV-Z,Long,0,"1,200"
orbit-Slc,Lakeside Commons,Anjali Mikhailov Travel,"May 1, 2026, 12:00 AM","May 15, 2026, 12:00 AM",1228609,4SEATER_BTT_2025_EV,0 - 20,18.7,960
orbit-Slc,Lakeside Commons,Anjali Mikhailov Travel,"May 16, 2026, 12:00 AM","May 31, 2026, 12:00 AM",1231993,8SEATER_BTT_2025,21-30,26.9,"1,410"
vanta-Aus,Cedar Ridge Office,Meera Pavlov Travel,"June 1, 2026, 12:00 AM","June 30, 2026, 12:00 AM",1169463,6S-HYD,Medium,0,"1,629"
orbit-Slc,Lakeside Commons,Rahul Mikhailov Travel,"May 16, 2026, 12:00 AM","May 31, 2026, 12:00 AM",1243817,8Seater-LVT-July,31-above,31.82,"1,695"
pinnacle-Slc,Willow Bend Campus,Rahul Mikhailov Travel,"June 1, 2026, 12:00 AM","June 30, 2026, 12:00 AM",3302060,4Seater,Slab1,7.91,915
pinnacle-Slc,Oakmont Office,Rahul Morozov Travel,"June 1, 2026, 12:00 AM","June 30, 2026, 12:00 AM",3288838,4Seater,Slab1,9.1,915
pinnacle-Slc,Oakmont Office,Karan Mikhailov Travel,"June 1, 2026, 12:00 AM","June 30, 2026, 12:00 AM",3257930,4Seater,Slab2,16.85,"1,020"
pinnacle-Slc,Clearwater Campus,Karan Mikhailov Travel,"June 1, 2026, 12:00 AM","June 30, 2026, 12:00 AM",3218546,DV_Package,null,20.61,"1,318.18"
pinnacle-Slc,Willow Bend Campus,Karan Mikhailov Travel,"June 1, 2026, 12:00 AM","June 30, 2026, 12:00 AM",3259535,DV_Package,null,16,"1,318.18"
pinnacle-Slc,Clearwater Campus,Divya Sokolov Travel,"June 1, 2026, 12:00 AM","June 30, 2026, 12:00 AM",3318610,6Seater,Slab1,5.3,"1,140"
pinnacle-Slc,Clearwater Campus,Amit Mikhailov Travel,"June 1, 2026, 12:00 AM","June 30, 2026, 12:00 AM",3198166,4Seater,Slab3,24.15,"1,162.5"
pinnacle-Slc,Oakmont Office,Pooja Mikhailov Travel,"June 1, 2026, 12:00 AM","June 30, 2026, 12:00 AM",3250298,4Seater,Slab2,13.5,"1,020"
pinnacle-Slc,Clearwater Campus,Aarav Mikhailov Travel,"June 1, 2026, 12:00 AM","June 30, 2026, 12:00 AM",3178321,4Seater,Slab2,16.6,"1,020"
pinnacle-Slc,Clearwater Campus,Rahul Mikhailov Travel,"June 1, 2026, 12:00 AM","June 30, 2026, 12:00 AM",3276915,4Seater,Slab1,6.7,915
pinnacle-Slc,Clearwater Campus,Sanjay Mikhailov Travel,"June 1, 2026, 12:00 AM","June 30, 2026, 12:00 AM",3253902,DV_Package,null,8.7,"1,318.18"
pinnacle-Slc,Willow Bend Campus,Amit Volkov Travel,"June 1, 2026, 12:00 AM","June 30, 2026, 12:00 AM",3273033,DV_Package,null,5.4,"1,318.18"
pinnacle-Slc,Clearwater Campus,Sanjay Mikhailov Travel,"June 1, 2026, 12:00 AM","June 30, 2026, 12:00 AM",3212326,DV_Package,null,9.08,"1,318.18"
pinnacle-Slc,Clearwater Campus,Rahul Morozov Travel,"June 1, 2026, 12:00 AM","June 30, 2026, 12:00 AM",3185083,4Seater,Slab1,7.11,915
pinnacle-Slc,Clearwater Campus,Pooja Mikhailov Travel,"June 1, 2026, 12:00 AM","June 30, 2026, 12:00 AM",3322510,DV_Package,null,6,"1,318.14"
pinnacle-Slc,Willow Bend Campus,Amit Mikhailov Travel,"June 1, 2026, 12:00 AM","June 30, 2026, 12:00 AM",3297379,DV_Package,null,24.1,"1,318.18"
pinnacle-Slc,Oakmont Office,Aarav Mikhailov Travel,"June 1, 2026, 12:00 AM","June 30, 2026, 12:00 AM",3235571,DV_Package,null,6.5,"1,318.18"
pinnacle-Slc,Clearwater Campus,Amit Mikhailov Travel,"June 1, 2026, 12:00 AM","June 30, 2026, 12:00 AM",3260832,4Seater,Slab1,9.6,915
pinnacle-Slc,Clearwater Campus,Rohan Mikhailov Travel,"June 1, 2026, 12:00 AM","June 30, 2026, 12:00 AM",3185534,4Seater,Slab1,7.1,915
pinnacle-Slc,Willow Bend Campus,Rahul Mikhailov Travel,"June 1, 2026, 12:00 AM","June 30, 2026, 12:00 AM",3312267,4Seater,Slab1,8.1,915
pinnacle-Slc,Clearwater Campus,Amit Volkov Travel,"June 1, 2026, 12:00 AM","June 30, 2026, 12:00 AM",3232426,DV_Package,null,14.66,"1,318.18"
pinnacle-Slc,Oakmont Office,Divya Sokolov Travel,"June 1, 2026, 12:00 AM","June 30, 2026, 12:00 AM",3219462,4Seater,Slab1,8.33,915
pinnacle-Slc,Clearwater Campus,Divya Mikhailov Travel,"June 1, 2026, 12:00 AM","June 30, 2026, 12:00 AM",3253690,4Seater,Slab1,5.5,"1,372.5"
pinnacle-Slc,Willow Bend Campus,Divya Mikhailov Travel,"June 1, 2026, 12:00 AM","June 30, 2026, 12:00 AM",3215289,4Seater,Slab1,8.8,915
catalyst-Sac,Santa Clara Office,Rohan Mikhailov Travel,"June 1, 2026, 12:00 AM","June 30, 2026, 12:00 AM",1480131,3S_Jan2024_CNG_AC,Zone_B,25.84,"1,856.25"
vanta-Aus,Cedar Ridge Office,Meera Pavlov Travel,"June 1, 2026, 12:00 AM","June 30, 2026, 12:00 AM",1171469,4S-HYD,Medium,0,"1,140"
vanta-Aus,Cedar Ridge Office,Meera Pavlov Travel,"May 1, 2026, 12:00 AM","May 31, 2026, 12:00 AM",1108459,4S-HYD,Medium,0,"1,140"
catalyst-Sac,Redwood City Center,Priya Mikhailov Travel,"June 1, 2026, 12:00 AM","June 30, 2026, 12:00 AM",1484362,3S_Jan2024_CNG_AC,Zone_A,8.9,956.25
vanta-Aus,Cedar Ridge Office,Priya Mikhailov Travel,"June 1, 2026, 12:00 AM","June 30, 2026, 12:00 AM",1189733,4S-EV-Z,Medium,0,"1,200"
vanta-Aus,Cedar Ridge Office,Sanjay Mikhailov Travel,"June 1, 2026, 12:00 AM","June 30, 2026, 12:00 AM",1175510,6S-EV-HTK,Long,0,"1,875"
catalyst-Sac,Crestwood Campus,Priya Mikhailov Travel,"June 1, 2026, 12:00 AM","June 30, 2026, 12:00 AM",1487612,3S_Jan2024_CNG_AC,Zone_B,20.3,"1,856.25"
orbit-Slc,Eastgate Office,Rohan Mikhailov Travel,"June 1, 2026, 12:00 AM","June 15, 2026, 12:00 AM",1279582,NPT_4_SEATER,Slab1,32.75,"1,873.5"
orbit-Slc,Lakeside Commons,Anjali Mikhailov Travel,"June 1, 2026, 12:00 AM","June 15, 2026, 12:00 AM",1274963,4SEATER_BTT_2025_EV,31 - above,34.7,"1,260"
catalyst-Sac,Santa Clara Office,Vikram Mikhailov Travel,"June 1, 2026, 12:00 AM","June 30, 2026, 12:00 AM",1511774,3S_Jan2024_CNG_AC,Zone_B,25.65,"1,856.25"
catalyst-Sac,Santa Clara Office,Vikram Mikhailov Travel,"June 1, 2026, 12:00 AM","June 30, 2026, 12:00 AM",1501705,3S_Jan2024_CNG_AC,Zone_B,24.7,"1,856.25"
catalyst-Sac,Santa Clara Office,Vikram Mikhailov Travel,"June 1, 2026, 12:00 AM","June 30, 2026, 12:00 AM",1479799,3S_Jan2024_CNG_AC,Zone_C,30.21,"1,473.75"
orbit-Slc,Eastgate Office,Rohan Mikhailov Travel,"June 1, 2026, 12:00 AM","June 15, 2026, 12:00 AM",1256125,NPT_4_SEATER,Slab1,10.9,"1,170"
orbit-Slc,Lakeside Commons,Rahul Mikhailov Travel,"June 1, 2026, 12:00 AM","June 15, 2026, 12:00 AM",1268161,8Seater-LVT-July,21-30,28.1,"1,372.5"
vanta-Aus,Cedar Ridge Office,Sneha Mikhailov Travel,"June 1, 2026, 12:00 AM","June 30, 2026, 12:00 AM",1187046,4S-HYD,Short,0,948
vanta-Aus,Cedar Ridge Office,Sneha Mikhailov Travel,"June 1, 2026, 12:00 AM","June 30, 2026, 12:00 AM",1202400,4S-EV-Z,Short,0,"1,200"
vanta-Aus,Cedar Ridge Office,Sneha Mikhailov Travel,"June 1, 2026, 12:00 AM","June 30, 2026, 12:00 AM",1153162,4S-HYD,Long,0,"1,354.5"
pinnacle-Slc,Oakmont Office,Rahul Mikhailov Travel,"July 1, 2026, 12:00 AM","July 31, 2026, 12:00 AM",3391306,4Seater,Slab1,3.8,"1,372.5"
pinnacle-Slc,Clearwater Campus,Amit Volkov Travel,"July 1, 2026, 12:00 AM","July 31, 2026, 12:00 AM",3366397,4Seater,Slab3,25.4,"1,162.5"
pinnacle-Slc,Willow Bend Campus,Karan Mikhailov Travel,"July 1, 2026, 12:00 AM","July 31, 2026, 12:00 AM",3371175,4Seater,Slab3,24.4,"1,162.5"
pinnacle-Slc,Oakmont Office,Karan Mikhailov Travel,"July 1, 2026, 12:00 AM","July 31, 2026, 12:00 AM",3478771,4Seater,Slab2,17.14,"1,020"
pinnacle-Slc,Clearwater Campus,Divya Mikhailov Travel,"July 1, 2026, 12:00 AM","July 31, 2026, 12:00 AM",3409949,EV_Package,null,7.51,"1,597.83"
pinnacle-Slc,Willow Bend Campus,Rohan Mikhailov Travel,"July 1, 2026, 12:00 AM","July 31, 2026, 12:00 AM",3385320,4Seater,Slab1,6.68,915
pinnacle-Slc,Oakmont Office,Rohan Mikhailov Travel,"July 1, 2026, 12:00 AM","July 31, 2026, 12:00 AM",3478492,4Seater,Slab1,4.1,915
pinnacle-Slc,Clearwater Campus,Arjun Mikhailov Travel,"July 1, 2026, 12:00 AM","July 31, 2026, 12:00 AM",3419220,4Seater,Slab1,3.87,915
pinnacle-Slc,Willow Bend Campus,Amit Volkov Travel,"July 1, 2026, 12:00 AM","July 31, 2026, 12:00 AM",3346776,DV_Package,null,3.04,"1,260.87"
pinnacle-Slc,Willow Bend Campus,Rahul Orlov Travel,"July 1, 2026, 12:00 AM","July 31, 2026, 12:00 AM",3365348,DV_Package,null,9.86,945.66
pinnacle-Slc,Clearwater Campus,Pooja Mikhailov Travel,"July 1, 2026, 12:00 AM","July 31, 2026, 12:00 AM",3433776,4Seater,Slab1,6,915
pinnacle-Slc,Clearwater Campus,Divya Mikhailov Travel,"July 1, 2026, 12:00 AM","July 31, 2026, 12:00 AM",3335513,DV_Package,null,4,"1,260.87"
pinnacle-Slc,Oakmont Office,Pooja Mikhailov Travel,"July 1, 2026, 12:00 AM","July 31, 2026, 12:00 AM",3398988,4Seater,Slab3,25.2,"1,743.75"
pinnacle-Slc,Willow Bend Campus,Divya Mikhailov Travel,"July 1, 2026, 12:00 AM","July 31, 2026, 12:00 AM",3443480,DV_Package,null,21.61,"1,260.87"
pinnacle-Slc,Clearwater Campus,Amit Volkov Travel,"July 1, 2026, 12:00 AM","July 31, 2026, 12:00 AM",3345068,DV_Package,null,9.1,"1,260.87"
pinnacle-Slc,Oakmont Office,Rohan Mikhailov Travel,"July 1, 2026, 12:00 AM","July 31, 2026, 12:00 AM",3384804,4Seater,Slab1,9.3,"1,372.5"
pinnacle-Slc,Willow Bend Campus,Divya Sokolov Travel,"July 1, 2026, 12:00 AM","July 31, 2026, 12:00 AM",3350539,6Seater,Slab1,8.53,"1,140"
pinnacle-Slc,Oakmont Office,Pooja Mikhailov Travel,"July 1, 2026, 12:00 AM","July 31, 2026, 12:00 AM",3466675,4Seater,Slab1,9.93,"1,372.5"
pinnacle-Slc,Willow Bend Campus,Rahul Orlov Travel,"July 1, 2026, 12:00 AM","July 31, 2026, 12:00 AM",3330667,DV_Package,null,13.33,"1,260.87"
vanta-Aus,Cedar Ridge Office,Anjali Mikhailov Travel,"July 1, 2026, 12:00 AM","July 31, 2026, 12:00 AM",1214703,6S-HYD,Short,0,"1,254.43"
orbit-Slc,Cedar Ridge Office,Rahul Mikhailov Travel,"July 16, 2026, 12:00 AM","July 31, 2026, 12:00 AM",1362427,LVT_4_SEATER_EV,Slab-31-above,33.76,"1,297.5"
orbit-Slc,Cedar Ridge Office,Rahul Mikhailov Travel,"July 16, 2026, 12:00 AM","July 31, 2026, 12:00 AM",1339198,LVT_4_SEATER_EV,Slab-0-20,15.9,885
orbit-Slc,Lakeside Commons,Rahul Mikhailov Travel,"July 16, 2026, 12:00 AM","July 31, 2026, 12:00 AM",1344152,4Seater-LVT-July,0-20,8.8,885
orbit-Slc,Lakeside Commons,Rahul Mikhailov Travel,"July 16, 2026, 12:00 AM","July 31, 2026, 12:00 AM",1367623,4Seater-LVT-July,0-20,5.6,885
vanta-Sea,Denver Office,Sanjay Mikhailov Travel,"June 1, 2026, 12:00 AM","June 30, 2026, 12:00 AM",4958606,6S-150ORRNEW,Medium,0,"1,798.17"
vanta-Sea,Denver Office,Priya Mikhailov Travel,"June 1, 2026, 12:00 AM","June 30, 2026, 12:00 AM",4922820,4S-150ORRNEW,Medium,0,"1,365.5"
vanta-Sea,Denver Office,Isha Mikhailov Travel,"June 1, 2026, 12:00 AM","June 30, 2026, 12:00 AM",4910873,BUS-ORRNEW-TT,null,0,827.91
vanta-Sea,Denver Office,Isha Mikhailov Travel,"June 1, 2026, 12:00 AM","June 30, 2026, 12:00 AM",4956296,4S-150ORRNEW,Medium,0,"1,365.5"
vanta-Sea,Denver Office,Isha Mikhailov Travel,"June 1, 2026, 12:00 AM","June 30, 2026, 12:00 AM",4902989,6S-150ORRNEW,Medium,0,"1,798.17"
vanta-Sea,Denver Office,Sanjay Mikhailov Travel,"May 1, 2026, 12:00 AM","May 31, 2026, 12:00 AM",4867689,4S-150ORRNEW,Long,0,"1,613.25"
vanta-Sea,Denver Office,Aarav Mikhailov Travel,"June 1, 2026, 12:00 AM","June 30, 2026, 12:00 AM",4924686,6S-150ORRNEW,Short,0,"1,390.34"
vanta-Sea,Denver Office,Karan Mikhailov Travel,"June 1, 2026, 12:00 AM","June 30, 2026, 12:00 AM",4976290,4S-WOW150ORRNEW,null,0,"1,915.88"
vanta-Sea,Denver Office,Sanjay Mikhailov Travel,"June 1, 2026, 12:00 AM","June 30, 2026, 12:00 AM",4925269,4S-150ORRNEW,Long,0,"1,613.25"
vanta-Sea,Denver Office,Aarav Mikhailov Travel,"May 1, 2026, 12:00 AM","May 31, 2026, 12:00 AM",4877241,4S-150ORRNEW,Long,0,"1,613.25"
vanta-Sea,Denver Office,Sanjay Mikhailov Travel,"May 1, 2026, 12:00 AM","May 31, 2026, 12:00 AM",4824774,4S-EV-Z,Short,0,"1,275"
vanta-Sea,Denver Office,Sanjay Mikhailov Travel,"May 1, 2026, 12:00 AM","May 31, 2026, 12:00 AM",4887138,6S-150ORRNEW,Long,0,"2,116.01"
vanta-Sea,Denver Office,Sanjay Mikhailov Travel,"May 1, 2026, 12:00 AM","May 31, 2026, 12:00 AM",4838465,BUS-ORRNEW-SML,null,0,"2,523.49"
vanta-Sea,Denver Office,Isha Mikhailov Travel,"June 1, 2026, 12:00 AM","June 30, 2026, 12:00 AM",4919821,4S-150ORRNEW,Long,0,"1,613.25"
vanta-Sea,Denver Office,Priya Mikhailov Travel,"May 1, 2026, 12:00 AM","May 31, 2026, 12:00 AM",4829115,4S-150ORRNEW,Long,0,"1,613.25"
vanta-Sea,Denver Office,Sanjay Mikhailov Travel,"May 1, 2026, 12:00 AM","May 31, 2026, 12:00 AM",4854639,4S-EV-Z,Long,0,"1,275"
vanta-Sea,Denver Office,Sanjay Mikhailov Travel,"May 1, 2026, 12:00 AM","May 31, 2026, 12:00 AM",4834662,4S-150ORRNEW,Long,0,"1,613.25"
vanta-Sea,Denver Office,Isha Mikhailov Travel,"May 1, 2026, 12:00 AM","May 31, 2026, 12:00 AM",4874307,BUS-ORRNEW-TT,null,0,"1,009.74"
vanta-Sea,Denver Office,Anjali Mikhailov Travel,"June 1, 2026, 12:00 AM","June 30, 2026, 12:00 AM",4998578,BUS-ORRNEW-TT,null,0,"2,047.14"
vanta-Sea,Denver Office,Aarav Petrov Travel,"May 1, 2026, 12:00 AM","May 31, 2026, 12:00 AM",4849836,4S-150ORRNEW,Short,0,"1,057.75"
vanta-Sea,Denver Office,Aarav Petrov Travel,"May 1, 2026, 12:00 AM","May 31, 2026, 12:00 AM",4884308,4S-150ORRNEW,Long,0,"1,613.25"
vanta-Sea,Denver Office,Aarav Mikhailov Travel,"May 1, 2026, 12:00 AM","May 31, 2026, 12:00 AM",4864159,4S-150ORRNEW,Medium,0,"1,365.5"
vanta-Sea,Denver Office,Anjali Mikhailov Travel,"May 1, 2026, 12:00 AM","May 31, 2026, 12:00 AM",4888244,BUS-ORRNEW-TT,null,0,"2,211.91"
vanta-Sea,Denver Office,Priya Mikhailov Travel,"May 1, 2026, 12:00 AM","May 31, 2026, 12:00 AM",4864465,BUS-ORRNEW-TT,null,0,932.76
vanta-Sea,Denver Office,Sanjay Mikhailov Travel,"June 1, 2026, 12:00 AM","June 30, 2026, 12:00 AM",4959431,BUS-ORRNEW-TT,null,0,"1,384.88"
vanta-Sea,Denver Office,Sanjay Mikhailov Travel,"June 1, 2026, 12:00 AM","June 30, 2026, 12:00 AM",4911461,6S-150ORRNEW,Long,0,"2,116.01"
vanta-Sea,Denver Office,Priya Mikhailov Travel,"May 1, 2026, 12:00 AM","May 31, 2026, 12:00 AM",4849113,6S-150ORRNEW,Short,0,"1,390.34"
vanta-Sea,Denver Office,Aarav Mikhailov Travel,"June 1, 2026, 12:00 AM","June 30, 2026, 12:00 AM",4999788,4S-150ORRNEW,Medium,0,"1,365.5"
vanta-Sea,Denver Office,Isha Mikhailov Travel,"May 1, 2026, 12:00 AM","May 31, 2026, 12:00 AM",4831429,4S-150ORRNEW,Long,0,"1,613.25"
vanta-Sea,Denver Office,Aarav Mikhailov Travel,"May 1, 2026, 12:00 AM","May 31, 2026, 12:00 AM",4841095,BUS-ORRNEW-TT,null,0,856.15
vanta-Sea,Denver Office,Aarav Mikhailov Travel,"May 1, 2026, 12:00 AM","May 31, 2026, 12:00 AM",4841304,4S-150ORRNEW,Medium,0,"1,365.5"
vanta-Sea,Denver Office,Anjali Mikhailov Travel,"June 1, 2026, 12:00 AM","June 30, 2026, 12:00 AM",4973989,6S-150ORRNEW,Short,0,"1,390.34"
vanta-Sea,Denver Office,Isha Mikhailov Travel,"May 1, 2026, 12:00 AM","May 31, 2026, 12:00 AM",4861147,4S-150ORRNEW,Long,0,"1,613.25"
vanta-Sea,Denver Office,Isha Mikhailov Travel,"June 1, 2026, 12:00 AM","June 30, 2026, 12:00 AM",4901132,4S-150ORRNEW,Medium,0,"1,365.5"
vanta-Sea,Denver Office,Rohan Mikhailov Travel,"June 1, 2026, 12:00 AM","June 30, 2026, 12:00 AM",4932890,BUS-ORRNEW-TT,null,0,"2,529.76"
vanta-Sea,Denver Office,Aarav Petrov Travel,"June 1, 2026, 12:00 AM","June 30, 2026, 12:00 AM",4901373,4S-150ORRNEW,Medium,0,"1,365.5"
vanta-Sea,Denver Office,Priya Mikhailov Travel,"May 1, 2026, 12:00 AM","May 31, 2026, 12:00 AM",4865947,4S-EV-Z,Short,0,"1,275"
vanta-Sea,Denver Office,Sanjay Mikhailov Travel,"May 1, 2026, 12:00 AM","May 31, 2026, 12:00 AM",4817085,6S-150ORRNEW,Medium,0,"1,798.17"
vanta-Sea,Denver Office,Anjali Mikhailov Travel,"June 1, 2026, 12:00 AM","June 30, 2026, 12:00 AM",4960785,4S-150ORRNEW,Medium,0,"1,365.5"
vanta-Sea,Denver Office,Isha Mikhailov Travel,"June 1, 2026, 12:00 AM","June 30, 2026, 12:00 AM",4933743,4S-150ORRNEW,Long,0,"1,613.25"
vanta-Sea,Denver Office,Anjali Mikhailov Travel,"June 1, 2026, 12:00 AM","June 30, 2026, 12:00 AM",4969593,4S-150ORRNEW,Short,0,"1,057.75"
vanta-Sea,Denver Office,Anjali Mikhailov Travel,"June 1, 2026, 12:00 AM","June 30, 2026, 12:00 AM",4914064,4S-150ORRNEW,Long,0,"1,613.25"
vanta-Sea,Denver Office,Sanjay Mikhailov Travel,"July 1, 2026, 12:00 AM","July 31, 2026, 12:00 AM",5098092,4S-150ORRNEW,Medium,0,"1,404.56"
vanta-Sea,Denver Office,Aarav Petrov Travel,"July 1, 2026, 12:00 AM","July 31, 2026, 12:00 AM",5098671,BUS-ORRNEW-TT,null,0,"1,348.55"
vanta-Sea,Denver Office,Sanjay Mikhailov Travel,"July 1, 2026, 12:00 AM","July 31, 2026, 12:00 AM",5052002,BUS-ORRNEW-SML,null,0,"2,208.01"
vanta-Sea,Denver Office,Isha Mikhailov Travel,"July 1, 2026, 12:00 AM","July 31, 2026, 12:00 AM",5064060,4S-150ORRNEW,Medium,0,"1,404.56"
vanta-Sea,Denver Office,Priya Mikhailov Travel,"July 1, 2026, 12:00 AM","July 31, 2026, 12:00 AM",5073073,4S-150ORRNEW,Medium,0,"1,404.56"
vanta-Sea,Denver Office,Priya Mikhailov Travel,"July 1, 2026, 12:00 AM","July 31, 2026, 12:00 AM",5105214,BUS-ORRNEW-TT,null,0,875.76
vanta-Sea,Denver Office,Aarav Petrov Travel,"July 1, 2026, 12:00 AM","July 31, 2026, 12:00 AM",5067648,4S-150ORRNEW,Long,0,"1,671.82"
vanta-Sea,Denver Office,Sanjay Mikhailov Travel,"July 1, 2026, 12:00 AM","July 31, 2026, 12:00 AM",5092592,6S-EV-HTK,Long,23.8,"1,875"
vanta-Sea,Denver Office,Aarav Mikhailov Travel,"July 1, 2026, 12:00 AM","July 31, 2026, 12:00 AM",5020992,4S-EV-Z,Short,0,"1,275"
vanta-Sea,Denver Office,Aarav Petrov Travel,"July 1, 2026, 12:00 AM","July 31, 2026, 12:00 AM",5063360,4S-150ORRNEW,Medium,0,"1,404.56"
vanta-Sea,Denver Office,Aarav Petrov Travel,"July 1, 2026, 12:00 AM","July 31, 2026, 12:00 AM",5100868,6S-150ORRNEW,Medium,0,"1,850.24"
vanta-Sea,Denver Office,Aarav Mikhailov Travel,"July 1, 2026, 12:00 AM","July 31, 2026, 12:00 AM",5100597,4S-150ORRNEW,Long,0,"1,671.82"
vanta-Sea,Denver Office,Sanjay Mikhailov Travel,"July 1, 2026, 12:00 AM","July 31, 2026, 12:00 AM",5002146,4S-EV-Z,Medium,0,"1,275"
vanta-Sea,Denver Office,Aarav Mikhailov Travel,"July 1, 2026, 12:00 AM","July 31, 2026, 12:00 AM",5057321,4S-150ORRNEW,Medium,0,"1,404.56"
vanta-Sea,Denver Office,Isha Mikhailov Travel,"July 1, 2026, 12:00 AM","July 31, 2026, 12:00 AM",5043176,4S-150ORRNEW,Medium,0,"1,404.56"
pinnacle-Slc,Clearwater Campus,Pooja Mikhailov Travel,"May 1, 2026, 12:00 AM","May 31, 2026, 12:00 AM",3160345,4Seater,Slab1,1.4,915
pinnacle-Slc,Clearwater Campus,Rahul Mikhailov Travel,"May 1, 2026, 12:00 AM","May 31, 2026, 12:00 AM",3101024,4Seater,Slab1,4.6,915
pinnacle-Slc,Willow Bend Campus,Rohan Mikhailov Travel,"May 1, 2026, 12:00 AM","May 31, 2026, 12:00 AM",3124038,6Seater,Slab2,10.6,"1,297.5"
pinnacle-Slc,Oakmont Office,Rohan Mikhailov Travel,"May 1, 2026, 12:00 AM","May 31, 2026, 12:00 AM",3163654,4Seater,Slab1,5.46,915
pinnacle-Slc,Willow Bend Campus,Rohan Mikhailov Travel,"May 1, 2026, 12:00 AM","May 31, 2026, 12:00 AM",3055513,DV_Package,null,32.13,"1,144.74"
pinnacle-Slc,Oakmont Office,Sanjay Mikhailov Travel,"May 1, 2026, 12:00 AM","May 31, 2026, 12:00 AM",3104599,4Seater,Slab3,21.9,"1,162.5"
pinnacle-Slc,Clearwater Campus,Rohan Mikhailov Travel,"May 1, 2026, 12:00 AM","May 31, 2026, 12:00 AM",3108979,4Seater,Slab1,1.6,"1,372.5"
pinnacle-Slc,Willow Bend Campus,Arjun Mikhailov Travel,"May 1, 2026, 12:00 AM","May 31, 2026, 12:00 AM",3063112,DV_Package,null,6.7,"1,526.31"
pinnacle-Slc,Clearwater Campus,Arjun Mikhailov Travel,"May 1, 2026, 12:00 AM","May 31, 2026, 12:00 AM",3112714,DV_Package,null,18.86,"1,526.31"
pinnacle-Slc,Willow Bend Campus,Rohan Mikhailov Travel,"May 1, 2026, 12:00 AM","May 31, 2026, 12:00 AM",3097317,4Seater,Slab1,4.82,915
pinnacle-Slc,Clearwater Campus,Divya Mikhailov Travel,"May 1, 2026, 12:00 AM","May 31, 2026, 12:00 AM",3151185,4Seater,Slab2,16.72,"1,020"
pinnacle-Slc,Clearwater Campus,Amit Mikhailov Travel,"May 1, 2026, 12:00 AM","May 31, 2026, 12:00 AM",3126354,DV_Package,null,8.88,"1,526.31"
pinnacle-Slc,Clearwater Campus,Divya Mikhailov Travel,"May 1, 2026, 12:00 AM","May 31, 2026, 12:00 AM",3141599,DV_Package,null,6.2,"1,526.31"
pinnacle-Slc,Clearwater Campus,Rahul Morozov Travel,"May 1, 2026, 12:00 AM","May 31, 2026, 12:00 AM",3126798,4Seater,Slab1,7.44,915
pinnacle-Slc,Clearwater Campus,Rahul Orlov Travel,"May 1, 2026, 12:00 AM","May 31, 2026, 12:00 AM",3057297,DV_Package,null,19.03,"1,526.31"
pinnacle-Slc,Willow Bend Campus,Sanjay Mikhailov Travel,"May 1, 2026, 12:00 AM","May 31, 2026, 12:00 AM",3131418,4Seater,Slab1,7.14,915
pinnacle-Slc,Oakmont Office,Pooja Mikhailov Travel,"May 1, 2026, 12:00 AM","May 31, 2026, 12:00 AM",3067931,DV_Package,null,23.47,"1,144.74"
pinnacle-Slc,Clearwater Campus,Rahul Mikhailov Travel,"May 1, 2026, 12:00 AM","May 31, 2026, 12:00 AM",3102603,4Seater,Slab1,1.51,915
pinnacle-Slc,Oakmont Office,Divya Mikhailov Travel,"May 1, 2026, 12:00 AM","May 31, 2026, 12:00 AM",3057030,4Seater,Slab2,18,"1,020"
pinnacle-Slc,Clearwater Campus,Divya Mikhailov Travel,"June 1, 2026, 12:00 AM","June 30, 2026, 12:00 AM",3255907,DV_Package,null,9.61,988.63
pinnacle-Slc,Oakmont Office,Rahul Mikhailov Travel,"June 1, 2026, 12:00 AM","June 30, 2026, 12:00 AM",3324400,4Seater,Slab1,0.6,915
pinnacle-Slc,Oakmont Office,Aarav Mikhailov Travel,"June 1, 2026, 12:00 AM","June 30, 2026, 12:00 AM",3290775,4Seater,Slab1,6.1,915
pinnacle-Slc,Clearwater Campus,Rohan Mikhailov Travel,"June 1, 2026, 12:00 AM","June 30, 2026, 12:00 AM",3238020,DV_Package,null,27.8,"1,318.18"
pinnacle-Slc,Clearwater Campus,Sanjay Mikhailov Travel,"June 1, 2026, 12:00 AM","June 30, 2026, 12:00 AM",3318836,DV_Package,null,9.72,"1,318.18"
pinnacle-Slc,Willow Bend Campus,Aarav Mikhailov Travel,"June 1, 2026, 12:00 AM","June 30, 2026, 12:00 AM",3221567,4Seater,Slab1,0.9,915
pinnacle-Slc,Clearwater Campus,Divya Mikhailov Travel,"June 1, 2026, 12:00 AM","June 30, 2026, 12:00 AM",3245404,DV_Package,null,10.15,"1,318.18"
orbit-Slc,Cedar Ridge Office,Anjali Mikhailov Travel,"June 16, 2026, 12:00 AM","June 30, 2026, 12:00 AM",1297766,4SEATER_BTT_2025,21-30,23.2,"1,110"
catalyst-Sac,Crestwood Campus,Divya Mikhailov Travel,"July 1, 2026, 12:00 AM","July 31, 2026, 12:00 AM",1547516,3S_Jan2024_CNG_AC,Zone_C,26.88,"1,485"
catalyst-Sac,Fairview Commons,Arjun Mikhailov Travel,"July 1, 2026, 12:00 AM","July 31, 2026, 12:00 AM",1552687,3S_Jan2024_CNG_AC,Zone_A,3.9,960
vanta-Aus,Cedar Ridge Office,Meera Pavlov Travel,"July 1, 2026, 12:00 AM","July 31, 2026, 12:00 AM",1206572,4S-EV-Z,Long,0,"1,200"
orbit-Slc,Lakeside Commons,Anjali Mikhailov Travel,"June 16, 2026, 12:00 AM","June 30, 2026, 12:00 AM",1298341,8SEATER_BTT_2025,21-30,29.3,"2,115"
vanta-Aus,Cedar Ridge Office,Anjali Mikhailov Travel,"July 1, 2026, 12:00 AM","July 31, 2026, 12:00 AM",1235817,6S-HYD,Medium,0,"1,683.87"
orbit-Slc,Cedar Ridge Office,Anjali Mikhailov Travel,"June 16, 2026, 12:00 AM","June 30, 2026, 12:00 AM",1300528,4SEATER_BTT_2025,0-20,14.5,960
vanta-Aus,Cedar Ridge Office,Sneha Mikhailov Travel,"July 1, 2026, 12:00 AM","July 31, 2026, 12:00 AM",1211666,4S-HYD,Short,0,968.58
vanta-Aus,Cedar Ridge Office,Priya Mikhailov Travel,"July 1, 2026, 12:00 AM","July 31, 2026, 12:00 AM",1223544,4S-EV-Z,Long,0,"1,200"
vanta-Aus,Cedar Ridge Office,Sneha Mikhailov Travel,"July 1, 2026, 12:00 AM","July 31, 2026, 12:00 AM",1249528,4S-HYD,Medium,0,"1,181.14"
catalyst-Sac,Santa Clara Office,Vikram Mikhailov Travel,"July 1, 2026, 12:00 AM","July 31, 2026, 12:00 AM",1538264,3S_Jan2024_CNG_AC,Zone_B,23.3,"1,867.5"
catalyst-Sac,Santa Clara Office,Divya Mikhailov Travel,"July 1, 2026, 12:00 AM","July 31, 2026, 12:00 AM",1528742,3S_Jan2024_CNG_AC,Zone_B,14.18,"1,245"
catalyst-Sac,Santa Clara Office,Divya Mikhailov Travel,"July 1, 2026, 12:00 AM","July 31, 2026, 12:00 AM",1555374,3S_Jan2024_CNG_AC,Zone_B,13.5,"1,867.5"
vanta-Aus,Cedar Ridge Office,Meera Pavlov Travel,"July 1, 2026, 12:00 AM","July 31, 2026, 12:00 AM",1256339,4S-HYD,Long,0,"1,416.22"
orbit-Slc,Eastgate Office,Rohan Mikhailov Travel,"July 1, 2026, 12:00 AM","July 15, 2026, 12:00 AM",1309282,NPT4_SEATER_EV,Slab 1,25.5,"1,170"
pinnacle-Slc,Willow Bend Campus,Rahul Mikhailov Travel,"July 1, 2026, 12:00 AM","July 31, 2026, 12:00 AM",3423085,4Seater,Slab1,3.9,915
pinnacle-Slc,Oakmont Office,Pooja Mikhailov Travel,"July 1, 2026, 12:00 AM","July 31, 2026, 12:00 AM",3383322,4Seater,Slab1,9.1,915
pinnacle-Slc,Clearwater Campus,Rahul Mikhailov Travel,"July 1, 2026, 12:00 AM","July 31, 2026, 12:00 AM",3402826,4Seater,Slab1,1.2,915
pinnacle-Slc,Oakmont Office,Sanjay Mikhailov Travel,"July 1, 2026, 12:00 AM","July 31, 2026, 12:00 AM",3471808,4Seater,Slab4,30.66,"1,290"
pinnacle-Slc,Clearwater Campus,Pooja Mikhailov Travel,"July 1, 2026, 12:00 AM","July 31, 2026, 12:00 AM",3387091,DV_Package,null,9.5,"1,260.87"
pinnacle-Slc,Clearwater Campus,Rahul Orlov Travel,"July 1, 2026, 12:00 AM","July 31, 2026, 12:00 AM",3387324,DV_Package,null,25.01,945.66
pinnacle-Slc,Willow Bend Campus,Divya Mikhailov Travel,"July 1, 2026, 12:00 AM","July 31, 2026, 12:00 AM",3392292,4Seater,Slab1,7.7,915
pinnacle-Slc,Clearwater Campus,Karan Mikhailov Travel,"July 1, 2026, 12:00 AM","July 31, 2026, 12:00 AM",3372790,4Seater,Slab1,8.7,915
pinnacle-Slc,Oakmont Office,Rohan Mikhailov Travel,"July 1, 2026, 12:00 AM","July 31, 2026, 12:00 AM",3356874,DV_Package,null,5.03,945.66
pinnacle-Slc,Willow Bend Campus,Sanjay Mikhailov Travel,"July 1, 2026, 12:00 AM","July 31, 2026, 12:00 AM",3336707,4Seater,Slab4,33.4,"1,290"
vanta-Aus,Cedar Ridge Office,Meera Pavlov Travel,"May 1, 2026, 12:00 AM","May 31, 2026, 12:00 AM",1121048,4S-HYD,XLong,0,"1,543.5"
vanta-Aus,Cedar Ridge Office,Priya Mikhailov Travel,"May 1, 2026, 12:00 AM","May 31, 2026, 12:00 AM",1147188,4S-EV-Z,Short,0,"1,200"
vanta-Aus,Cedar Ridge Office,Sneha Mikhailov Travel,"May 1, 2026, 12:00 AM","May 31, 2026, 12:00 AM",1113695,4S-HYD,Medium,0,"1,140"
vanta-Aus,Cedar Ridge Office,Priya Mikhailov Travel,"May 1, 2026, 12:00 AM","May 31, 2026, 12:00 AM",1142854,4S-EV-Z,Long,0,"1,200"
catalyst-Sac,Fairview Commons,Arjun Mikhailov Travel,"May 1, 2026, 12:00 AM","May 31, 2026, 12:00 AM",1470051,3S_Jan2024_CNG_AC,Zone_C,35.71,"1,445.63"
catalyst-Sac,Fairview Commons,Sanjay Mikhailov Travel,"May 1, 2026, 12:00 AM","May 31, 2026, 12:00 AM",1461847,3S_Jan2024_CNG_AC,Zone_C,31.1,"1,445.63"
catalyst-Sac,Redwood City Center,Aarav Mikhailov Travel,"May 1, 2026, 12:00 AM","May 31, 2026, 12:00 AM",1463799,3S_Jan2024_AC,Zone_B,13.9,"1,853.85"
catalyst-Sac,Redwood City Center,Sanjay Mikhailov Travel,"May 1, 2026, 12:00 AM","May 31, 2026, 12:00 AM",1448146,3S_Jan2024_CNG_AC,Zone_B,18.3,"1,218.75"
catalyst-Sac,Santa Clara Office,Vikram Mikhailov Travel,"May 1, 2026, 12:00 AM","May 31, 2026, 12:00 AM",1451725,3S_Jan2024_CNG_AC,Zone_A,11.4,946.88
catalyst-Sac,Redwood City Center,Sanjay Mikhailov Travel,"May 1, 2026, 12:00 AM","May 31, 2026, 12:00 AM",1464982,3S_Jan2024_CNG_AC,Zone_B,23.9,"1,828.13"
catalyst-Sac,Santa Clara Office,Divya Mikhailov Travel,"May 1, 2026, 12:00 AM","May 31, 2026, 12:00 AM",1464550,3S_Jan2024_CNG_AC,Zone_A,6.3,"1,420.32"
catalyst-Sac,Santa Clara Office,Vikram Mikhailov Travel,"May 1, 2026, 12:00 AM","May 31, 2026, 12:00 AM",1441314,3S_Jan2024_CNG_AC,Zone_B,21.66,"1,218.75"
orbit-Slc,Eastgate Office,Rohan Mikhailov Travel,"May 1, 2026, 12:00 AM","May 15, 2026, 12:00 AM",1213552,NPT_4_SEATER,Slab1,17.24,"1,170"
orbit-Slc,Lakeside Commons,Rahul Mikhailov Travel,"May 1, 2026, 12:00 AM","May 15, 2026, 12:00 AM",1214703,LVT_4_SEATER_EV,Slab-31-above,39.39,"1,297.5"
orbit-Slc,Eastgate Office,Rohan Mikhailov Travel,"May 1, 2026, 12:00 AM","May 15, 2026, 12:00 AM",1230871,NPT4_SEATER_EV,Slab 1,22.56,"1,170"
orbit-Slc,Eastgate Office,Rohan Mikhailov Travel,"May 16, 2026, 12:00 AM","May 31, 2026, 12:00 AM",1236770,NPT_4_SEATER,Slab1,20.69,"1,170"
orbit-Slc,Eastgate Office,Rohan Mikhailov Travel,"May 16, 2026, 12:00 AM","May 31, 2026, 12:00 AM",1249528,NPT4_SEATER_EV,Slab 1,20.09,"1,170"
pinnacle-Slc,Clearwater Campus,Sanjay Mikhailov Travel,"June 1, 2026, 12:00 AM","June 30, 2026, 12:00 AM",3197717,4Seater,Slab1,3.96,915
pinnacle-Slc,Clearwater Campus,Divya Mikhailov Travel,"June 1, 2026, 12:00 AM","June 30, 2026, 12:00 AM",3215616,4Seater,Slab1,4.76,915
pinnacle-Slc,Clearwater Campus,Amit Mikhailov Travel,"June 1, 2026, 12:00 AM","June 30, 2026, 12:00 AM",3211426,4Seater,Slab2,10.7,"1,020"
pinnacle-Slc,Clearwater Campus,Sanjay Mikhailov Travel,"June 1, 2026, 12:00 AM","June 30, 2026, 12:00 AM",3293143,4Seater,Slab1,8.8,915
pinnacle-Slc,Clearwater Campus,Rahul Mikhailov Travel,"June 1, 2026, 12:00 AM","June 30, 2026, 12:00 AM",3248731,4Seater,Slab1,10.3,915
pinnacle-Slc,Willow Bend Campus,Rohan Mikhailov Travel,"June 1, 2026, 12:00 AM","June 30, 2026, 12:00 AM",3275453,4Seater,Slab1,5.86,915
pinnacle-Slc,Clearwater Campus,Rohan Mikhailov Travel,"June 1, 2026, 12:00 AM","June 30, 2026, 12:00 AM",3307712,DV_Package,null,4.29,"1,318.18"
pinnacle-Slc,Willow Bend Campus,Amit Volkov Travel,"June 1, 2026, 12:00 AM","June 30, 2026, 12:00 AM",3214780,6Seater,Slab1,3.11,"1,140"
pinnacle-Slc,Willow Bend Campus,Rahul Orlov Travel,"June 1, 2026, 12:00 AM","June 30, 2026, 12:00 AM",3226816,DV_Package,null,22.62,"1,415.68"
pinnacle-Slc,Clearwater Campus,Rahul Mikhailov Travel,"June 1, 2026, 12:00 AM","June 30, 2026, 12:00 AM",3286676,4Seater,Slab1,5.5,915
pinnacle-Slc,Ashford Commons,Karan Mikhailov Travel,"June 1, 2026, 12:00 AM","June 30, 2026, 12:00 AM",3239050,4Seater,Slab1,6.9,"1,372.5"
pinnacle-Slc,Oakmont Office,Rohan Mikhailov Travel,"June 1, 2026, 12:00 AM","June 30, 2026, 12:00 AM",3199945,DV_Package,null,7.74,"1,318.18"
pinnacle-Slc,Willow Bend Campus,Divya Mikhailov Travel,"June 1, 2026, 12:00 AM","June 30, 2026, 12:00 AM",3252471,4Seater,Slab1,10.03,915
pinnacle-Slc,Willow Bend Campus,Divya Kozlov Travel,"June 1, 2026, 12:00 AM","June 30, 2026, 12:00 AM",3207053,4Seater,Slab3,27.44,"1,162.5"
pinnacle-Slc,Oakmont Office,Sanjay Mikhailov Travel,"June 1, 2026, 12:00 AM","June 30, 2026, 12:00 AM",3244370,DV_Package,null,8.7,"1,318.18"
pinnacle-Slc,Oakmont Office,Aarav Mikhailov Travel,"June 1, 2026, 12:00 AM","June 30, 2026, 12:00 AM",3173690,4Seater,Slab2,14.68,"1,020"
pinnacle-Slc,Oakmont Office,Rohan Mikhailov Travel,"June 1, 2026, 12:00 AM","June 30, 2026, 12:00 AM",3207513,DV_Package,null,11.54,"1,318.18"
catalyst-Sac,Fairview Commons,Sanjay Mikhailov Travel,"June 1, 2026, 12:00 AM","June 30, 2026, 12:00 AM",1494606,3S_Jan2024_CNG_AC,Zone_C,29.7,"1,473.75"
vanta-Aus,Cedar Ridge Office,Priya Mikhailov Travel,"June 1, 2026, 12:00 AM","June 30, 2026, 12:00 AM",1188221,4S-EV-Z,Long,0,"1,200"
vanta-Aus,Cedar Ridge Office,Anjali Mikhailov Travel,"June 1, 2026, 12:00 AM","June 30, 2026, 12:00 AM",1181916,6S-HYD,Long,0,"1,800"
vanta-Aus,Cedar Ridge Office,Priya Mikhailov Travel,"June 1, 2026, 12:00 AM","June 30, 2026, 12:00 AM",1183935,4S-EV-Z,Short,0,"1,200"
vanta-Aus,Cedar Ridge Office,Sneha Mikhailov Travel,"June 1, 2026, 12:00 AM","June 30, 2026, 12:00 AM",1173977,4S-HYD,Short,0,948
vanta-Aus,Cedar Ridge Office,Meera Pavlov Travel,"June 1, 2026, 12:00 AM","June 30, 2026, 12:00 AM",1199602,4S-EV-Z,Medium,0,"1,200"
vanta-Aus,Cedar Ridge Office,Meera Pavlov Travel,"June 1, 2026, 12:00 AM","June 30, 2026, 12:00 AM",1200614,4S-HYD,Long,0,"1,354.5"
orbit-Slc,Cedar Ridge Office,Anjali Mikhailov Travel,"June 1, 2026, 12:00 AM","June 15, 2026, 12:00 AM",1273295,4SEATER_BTT_2025,21-30,26.2,"1,110"
catalyst-Sac,Fairview Commons,Vikram Mikhailov Travel,"June 1, 2026, 12:00 AM","June 30, 2026, 12:00 AM",1476774,3S_Jan2024_CNG_AC,Zone_C,33.8,"1,473.75"
catalyst-Sac,Santa Clara Office,Vikram Mikhailov Travel,"June 1, 2026, 12:00 AM","June 30, 2026, 12:00 AM",1511506,3S_Jan2024_CNG_AC,Zone_A,9.69,956.25
vanta-Aus,Cedar Ridge Office,Priya Mikhailov Travel,"June 1, 2026, 12:00 AM","June 30, 2026, 12:00 AM",1165083,4S-EV-Z,Long,0,"1,200"
catalyst-Sac,Santa Clara Office,Vikram Mikhailov Travel,"June 1, 2026, 12:00 AM","June 30, 2026, 12:00 AM",1492963,3S_Jan2024_AC,Zone_B,15.32,"1,265.89"
catalyst-Sac,Fairview Commons,Arjun Mikhailov Travel,"June 1, 2026, 12:00 AM","June 30, 2026, 12:00 AM",1503973,3S_Jan2024_CNG_AC,Zone_B,26.91,"1,237.5"
catalyst-Sac,Santa Clara Office,Divya Mikhailov Travel,"June 1, 2026, 12:00 AM","June 30, 2026, 12:00 AM",1503578,5S_Jan2024_CNG_AC,Zone_B,20.42,"1,530"
orbit-Slc,Eastgate Office,Rohan Mikhailov Travel,"June 16, 2026, 12:00 AM","June 30, 2026, 12:00 AM",1280802,NPT_4_SEATER,Slab1,17.6,"1,170"
pinnacle-Slc,Oakmont Office,Rahul Morozov Travel,"June 1, 2026, 12:00 AM","June 30, 2026, 12:00 AM",3208808,DV_Package,null,12.88,"1,318.18"
pinnacle-Slc,Willow Bend Campus,Rohan Mikhailov Travel,"June 1, 2026, 12:00 AM","June 30, 2026, 12:00 AM",3187032,DV_Package,null,6.2,"1,318.18"
pinnacle-Slc,Oakmont Office,Amit Mikhailov Travel,"June 1, 2026, 12:00 AM","June 30, 2026, 12:00 AM",3273551,4Seater,Slab1,9.79,915
pinnacle-Slc,Willow Bend Campus,Divya Mikhailov Travel,"June 1, 2026, 12:00 AM","June 30, 2026, 12:00 AM",3228888,4Seater,Slab1,6.79,915
pinnacle-Slc,Willow Bend Campus,Rohan Mikhailov Travel,"July 1, 2026, 12:00 AM","July 31, 2026, 12:00 AM",3425196,DV_Package,null,14.9,"1,260.87"
pinnacle-Slc,Clearwater Campus,Arjun Mikhailov Travel,"July 1, 2026, 12:00 AM","July 31, 2026, 12:00 AM",3464418,4Seater,Slab1,9.62,915
pinnacle-Slc,Oakmont Office,Amit Mikhailov Travel,"July 1, 2026, 12:00 AM","July 31, 2026, 12:00 AM",3369828,DV_Package,null,17.7,"1,260.87"
pinnacle-Slc,Pinecrest Office,Pooja Sokolov Travel,"July 1, 2026, 12:00 AM","July 31, 2026, 12:00 AM",3428312,ECO_stand_DB_Airport1,AirportPD,5.95,"2,775"
pinnacle-Slc,Pinecrest Office,Pooja Sokolov Travel,"July 1, 2026, 12:00 AM","July 31, 2026, 12:00 AM",3467795,ECO_stand_DB_Airport1,AirportPD,42.55,"2,775"
pinnacle-Slc,Clearwater Campus,Rohan Mikhailov Travel,"July 1, 2026, 12:00 AM","July 31, 2026, 12:00 AM",3394366,DV_Package,null,32.2,"1,260.87"
pinnacle-Slc,Willow Bend Campus,Sanjay Mikhailov Travel,"July 1, 2026, 12:00 AM","July 31, 2026, 12:00 AM",3482035,4Seater,Slab1,6.2,915
pinnacle-Slc,Oakmont Office,Aarav Mikhailov Travel,"July 1, 2026, 12:00 AM","July 31, 2026, 12:00 AM",3339820,4Seater,Slab1,7.19,915
vanta-Aus,Cedar Ridge Office,Sneha Mikhailov Travel,"July 1, 2026, 12:00 AM","July 31, 2026, 12:00 AM",1214912,6S-HYD,Long,0,"1,882.3"
orbit-Slc,Eastgate Office,Rohan Mikhailov Travel,"July 1, 2026, 12:00 AM","July 15, 2026, 12:00 AM",1331090,NPT_8_SEATER,NA,19.3,"1,506"
vanta-Aus,Cedar Ridge Office,Sneha Mikhailov Travel,"July 1, 2026, 12:00 AM","July 31, 2026, 12:00 AM",1224367,4S-EV-Z,Medium,0,"1,200"
vanta-Aus,Cedar Ridge Office,Sneha Mikhailov Travel,"July 1, 2026, 12:00 AM","July 31, 2026, 12:00 AM",1214479,4S-EV-Z,Short,0,"1,200"
orbit-Slc,Lakeside Commons,Rahul Mikhailov Travel,"July 16, 2026, 12:00 AM","July 31, 2026, 12:00 AM",1339665,4Seater-LVT-July,21-30,24.2,"1,072.5"
orbit-Slc,Cedar Ridge Office,Anjali Mikhailov Travel,"July 16, 2026, 12:00 AM","July 31, 2026, 12:00 AM",1341323,4SEATER_BTT_2025,0-20,17.02,"1,440"
orbit-Slc,Eastgate Office,Rohan Mikhailov Travel,"July 16, 2026, 12:00 AM","July 31, 2026, 12:00 AM",1336734,NPT_4_SEATER,Slab1,18.9,"1,873.5"
vanta-Sea,Denver Office,Sanjay Mikhailov Travel,"June 1, 2026, 12:00 AM","June 30, 2026, 12:00 AM",4975216,6S-EV-HTK,Medium,14.9,"1,875"
vanta-Sea,Denver Office,Sanjay Mikhailov Travel,"June 1, 2026, 12:00 AM","June 30, 2026, 12:00 AM",5001004,BUS-ORRNEW-TT,null,0,"2,589.69"
vanta-Sea,Denver Office,Aarav Petrov Travel,"June 1, 2026, 12:00 AM","June 30, 2026, 12:00 AM",4983947,6S-150ORRNEW,Short,0,"1,390.34"
vanta-Sea,Denver Office,Rohan Mikhailov Travel,"June 1, 2026, 12:00 AM","June 30, 2026, 12:00 AM",4919577,BUS-ORRNEW-TT,null,0,"2,017.32"
vanta-Sea,Denver Office,Anjali Mikhailov Travel,"June 1, 2026, 12:00 AM","June 30, 2026, 12:00 AM",4903500,4S-EV-Z,Long,0,"1,275"
vanta-Sea,Denver Office,Aarav Mikhailov Travel,"May 1, 2026, 12:00 AM","May 31, 2026, 12:00 AM",4843730,6S-150ORRNEW,Long,0,"2,116.01"
vanta-Sea,Denver Office,Karan Mikhailov Travel,"May 1, 2026, 12:00 AM","May 31, 2026, 12:00 AM",4824110,4S-WOW150ORRNEW,null,0,"1,915.88"
vanta-Sea,Denver Office,Isha Mikhailov Travel,"June 1, 2026, 12:00 AM","June 30, 2026, 12:00 AM",4905335,6S-150ORRNEW,Short,0,"1,390.34"
vanta-Sea,Denver Office,Sanjay Mikhailov Travel,"May 1, 2026, 12:00 AM","May 31, 2026, 12:00 AM",4830144,BUS-ORRNEW-TT,null,0,"3,119.2"
vanta-Sea,Denver Office,Isha Mikhailov Travel,"May 1, 2026, 12:00 AM","May 31, 2026, 12:00 AM",4868982,4S-150ORRNEW,Medium,0,"1,365.5"
vanta-Sea,Denver Office,Sanjay Mikhailov Travel,"May 1, 2026, 12:00 AM","May 31, 2026, 12:00 AM",4883408,BUS-ORRNEW-SML,null,0,"2,553.49"
vanta-Sea,Denver Office,Priya Mikhailov Travel,"June 1, 2026, 12:00 AM","June 30, 2026, 12:00 AM",4905571,BUS-ORRNEW-TT,null,0,"1,109.89"
vanta-Sea,Denver Office,Sanjay Mikhailov Travel,"May 1, 2026, 12:00 AM","May 31, 2026, 12:00 AM",4888002,4S-150ORRNEW,Medium,0,"1,365.5"
vanta-Sea,Denver Office,Sanjay Mikhailov Travel,"June 1, 2026, 12:00 AM","June 30, 2026, 12:00 AM",4970447,BUS-ORRNEW-TT,null,0,818.93
vanta-Sea,Denver Office,Aarav Mikhailov Travel,"May 1, 2026, 12:00 AM","May 31, 2026, 12:00 AM",4820103,6S-150ORRNEW,Short,0,"1,390.34"
vanta-Sea,Denver Office,Priya Mikhailov Travel,"June 1, 2026, 12:00 AM","June 30, 2026, 12:00 AM",4923061,BUS-ORRNEW-TT,null,0,"1,109.89"
vanta-Sea,Denver Office,Sanjay Mikhailov Travel,"June 1, 2026, 12:00 AM","June 30, 2026, 12:00 AM",4996313,BUS-ORRNEW-TT,null,0,"2,559.75"
vanta-Sea,Denver Office,Aarav Petrov Travel,"June 1, 2026, 12:00 AM","June 30, 2026, 12:00 AM",4938076,4S-150ORRNEW,Long,0,"1,613.25"
vanta-Sea,Denver Office,Priya Mikhailov Travel,"June 1, 2026, 12:00 AM","June 30, 2026, 12:00 AM",4945094,BUS-ORRNEW-TT,null,0,909.91
vanta-Sea,Denver Office,Aarav Mikhailov Travel,"May 1, 2026, 12:00 AM","May 31, 2026, 12:00 AM",4894785,6S-150ORRNEW,Medium,0,"1,798.17"
vanta-Sea,Denver Office,Sanjay Mikhailov Travel,"May 1, 2026, 12:00 AM","May 31, 2026, 12:00 AM",4855460,4S-EV-Z,Medium,0,"1,275"
vanta-Sea,Denver Office,Aarav Mikhailov Travel,"June 1, 2026, 12:00 AM","June 30, 2026, 12:00 AM",4979511,BUS-ORRNEW-TT,null,0,"2,559.75"
vanta-Sea,Denver Office,Isha Mikhailov Travel,"June 1, 2026, 12:00 AM","June 30, 2026, 12:00 AM",4979717,BUS-ORRNEW-TT,null,0,893.25
vanta-Sea,Denver Office,Aarav Petrov Travel,"May 1, 2026, 12:00 AM","May 31, 2026, 12:00 AM",4865187,4S-150ORRNEW,Medium,0,"1,365.5"
vanta-Sea,Denver Office,Priya Mikhailov Travel,"June 1, 2026, 12:00 AM","June 30, 2026, 12:00 AM",4934531,6S-150ORRNEW,Medium,0,"1,798.17"
vanta-Sea,Denver Office,Karan Mikhailov Travel,"June 1, 2026, 12:00 AM","June 30, 2026, 12:00 AM",4971982,4S-WOW150ORRNEW,null,0,"1,915.88"
vanta-Sea,Denver Office,Anjali Mikhailov Travel,"June 1, 2026, 12:00 AM","June 30, 2026, 12:00 AM",4985323,BUS-ORRNEW-SML,null,0,"2,876.65"
vanta-Sea,Denver Office,Priya Mikhailov Travel,"June 1, 2026, 12:00 AM","June 30, 2026, 12:00 AM",4948709,4S-150ORRNEW,Long,0,"1,613.25"
vanta-Sea,Denver Office,Sanjay Mikhailov Travel,"May 1, 2026, 12:00 AM","May 31, 2026, 12:00 AM",4845724,4S-EV-Z,Short,0,"1,275"
vanta-Sea,Denver Office,Sanjay Mikhailov Travel,"June 1, 2026, 12:00 AM","June 30, 2026, 12:00 AM",4952620,4S-150ORRNEW,Long,0,"1,613.25"
vanta-Sea,Denver Office,Sanjay Mikhailov Travel,"May 1, 2026, 12:00 AM","May 31, 2026, 12:00 AM",4875941,6S-150ORRNEW,Long,0,"2,116.01"
vanta-Sea,Denver Office,Anjali Mikhailov Travel,"June 1, 2026, 12:00 AM","June 30, 2026, 12:00 AM",4952929,6S-150ORRNEW,Medium,0,"1,798.17"
vanta-Sea,Denver Office,Isha Mikhailov Travel,"May 1, 2026, 12:00 AM","May 31, 2026, 12:00 AM",4885313,BUS-ORRNEW-TT,null,0,856.15
vanta-Sea,Denver Office,Anjali Mikhailov Travel,"May 1, 2026, 12:00 AM","May 31, 2026, 12:00 AM",4865705,4S-150ORRNEW,Medium,0,"1,365.5"
vanta-Sea,Denver Office,Priya Mikhailov Travel,"May 1, 2026, 12:00 AM","May 31, 2026, 12:00 AM",4841772,6S-150ORRNEW,Medium,0,"1,798.17"
vanta-Sea,Denver Office,Aarav Mikhailov Travel,"June 1, 2026, 12:00 AM","June 30, 2026, 12:00 AM",4933980,6S-150ORRNEW,Medium,0,"1,798.17"
vanta-Sea,Denver Office,Priya Mikhailov Travel,"May 1, 2026, 12:00 AM","May 31, 2026, 12:00 AM",4846713,4S-150ORRNEW,Medium,0,"1,365.5"
vanta-Sea,Denver Office,Anjali Mikhailov Travel,"May 1, 2026, 12:00 AM","May 31, 2026, 12:00 AM",4813329,4S-150ORRNEW,Short,0,"1,057.75"
vanta-Sea,Denver Office,Isha Mikhailov Travel,"June 1, 2026, 12:00 AM","June 30, 2026, 12:00 AM",4987145,4S-150ORRNEW,Long,0,"1,613.25"
vanta-Sea,Denver Office,Anjali Mikhailov Travel,"June 1, 2026, 12:00 AM","June 30, 2026, 12:00 AM",4953745,4S-150ORRNEW,Medium,0,"1,365.5"
vanta-Sea,Denver Office,Sanjay Mikhailov Travel,"June 1, 2026, 12:00 AM","June 30, 2026, 12:00 AM",4935283,4S-150ORRNEW,Long,0,"1,613.25"
vanta-Sea,Denver Office,Isha Mikhailov Travel,"July 1, 2026, 12:00 AM","July 31, 2026, 12:00 AM",5032404,4S-150ORRNEW,Long,0,"1,671.82"
vanta-Sea,Denver Office,Sanjay Mikhailov Travel,"July 1, 2026, 12:00 AM","July 31, 2026, 12:00 AM",5028848,4S-EV-Z,Short,0,"1,275"
vanta-Sea,Denver Office,Priya Mikhailov Travel,"July 1, 2026, 12:00 AM","July 31, 2026, 12:00 AM",5034209,BUS-ORRNEW-TT,null,0,935.7
vanta-Sea,Denver Office,Priya Mikhailov Travel,"July 1, 2026, 12:00 AM","July 31, 2026, 12:00 AM",5092325,6S-150ORRNEW,Long,0,"2,194.1"
vanta-Sea,Denver Office,Priya Mikhailov Travel,"July 1, 2026, 12:00 AM","July 31, 2026, 12:00 AM",5088813,4S-150ORRNEW,Long,0,"1,671.82"
vanta-Sea,Denver Office,Aarav Mikhailov Travel,"July 1, 2026, 12:00 AM","July 31, 2026, 12:00 AM",5076766,6S-150ORRNEW,Long,0,"2,194.1"
vanta-Sea,Denver Office,Anjali Mikhailov Travel,"July 1, 2026, 12:00 AM","July 31, 2026, 12:00 AM",5035718,4S-150ORRNEW,Medium,0,"1,404.56"
vanta-Sea,Denver Office,Priya Mikhailov Travel,"July 1, 2026, 12:00 AM","July 31, 2026, 12:00 AM",5021198,4S-EV-Z,Short,0,"1,275"
vanta-Sea,Denver Office,Isha Mikhailov Travel,"July 1, 2026, 12:00 AM","July 31, 2026, 12:00 AM",5068986,6S-EV-HTK,Medium,17.1,"1,875"
vanta-Sea,Denver Office,Isha Mikhailov Travel,"July 1, 2026, 12:00 AM","July 31, 2026, 12:00 AM",5101170,6S-EV-HTK,Long,21.2,"1,875"
vanta-Sea,Denver Office,Anjali Mikhailov Travel,"July 1, 2026, 12:00 AM","July 31, 2026, 12:00 AM",5042545,6S-150ORRNEW,Medium,0,"1,850.24"
vanta-Sea,Denver Office,Isha Mikhailov Travel,"July 1, 2026, 12:00 AM","July 31, 2026, 12:00 AM",5077884,4S-EV-Z,Medium,0,"1,275"
vanta-Sea,Denver Office,Sanjay Mikhailov Travel,"July 1, 2026, 12:00 AM","July 31, 2026, 12:00 AM",5063021,4S-150ORRNEW,Long,0,"1,671.82"
vanta-Sea,Denver Office,Isha Mikhailov Travel,"July 1, 2026, 12:00 AM","July 31, 2026, 12:00 AM",5063823,BUS-ORRNEW-SML,null,0,"2,944.02"
vanta-Sea,Denver Office,Priya Mikhailov Travel,"July 1, 2026, 12:00 AM","July 31, 2026, 12:00 AM",5060984,6S-150ORRNEW,Short,0,"1,416.36"
vanta-Sea,Denver Office,Aarav Petrov Travel,"July 1, 2026, 12:00 AM","July 31, 2026, 12:00 AM",5057875,4S-EV-Z,Short,0,"1,275"
pinnacle-Slc,Oakmont Office,Rahul Morozov Travel,"May 1, 2026, 12:00 AM","May 31, 2026, 12:00 AM",3121373,4Seater,Slab1,5.6,915
pinnacle-Slc,Willow Bend Campus,Aarav Mikhailov Travel,"May 1, 2026, 12:00 AM","May 31, 2026, 12:00 AM",3169674,4Seater,Slab1,4.8,915
pinnacle-Slc,Clearwater Campus,Divya Mikhailov Travel,"May 1, 2026, 12:00 AM","May 31, 2026, 12:00 AM",3145731,4Seater,Slab3,24.5,"1,162.5"
pinnacle-Slc,Clearwater Campus,Rahul Orlov Travel,"May 1, 2026, 12:00 AM","May 31, 2026, 12:00 AM",3150964,DV_Package,null,9.38,"1,526.31"
pinnacle-Slc,Willow Bend Campus,Aarav Mikhailov Travel,"May 1, 2026, 12:00 AM","May 31, 2026, 12:00 AM",3056490,DV_Package,null,26.93,"1,144.74"
pinnacle-Slc,Clearwater Campus,Divya Mikhailov Travel,"May 1, 2026, 12:00 AM","May 31, 2026, 12:00 AM",3139554,4Seater,Slab1,8.26,915
pinnacle-Slc,Clearwater Campus,Rohan Mikhailov Travel,"May 1, 2026, 12:00 AM","May 31, 2026, 12:00 AM",3139782,DV_Package,null,1.9,"1,526.31"
pinnacle-Slc,Clearwater Campus,Rohan Mikhailov Travel,"May 1, 2026, 12:00 AM","May 31, 2026, 12:00 AM",3081704,DV_Package,null,8.6,"1,526.31"
pinnacle-Slc,Pinecrest Office,Pooja Mikhailov Travel,"May 1, 2026, 12:00 AM","May 31, 2026, 12:00 AM",3115197,4Seater,Slab4,50.56,"1,290"
pinnacle-Slc,Oakmont Office,Rohan Mikhailov Travel,"May 1, 2026, 12:00 AM","May 31, 2026, 12:00 AM",3105622,DV_Package,null,10.91,"1,526.31"
pinnacle-Slc,Oakmont Office,Amit Mikhailov Travel,"May 1, 2026, 12:00 AM","May 31, 2026, 12:00 AM",3099183,DV_Package,null,17.8,"1,526.31"
pinnacle-Slc,Willow Bend Campus,Sanjay Mikhailov Travel,"May 1, 2026, 12:00 AM","May 31, 2026, 12:00 AM",3124281,4Seater,Slab2,14.4,"1,020"
pinnacle-Slc,Willow Bend Campus,Arjun Mikhailov Travel,"May 1, 2026, 12:00 AM","May 31, 2026, 12:00 AM",3163921,4Seater,Slab1,8.1,915
pinnacle-Slc,Clearwater Campus,Divya Sokolov Travel,"May 1, 2026, 12:00 AM","May 31, 2026, 12:00 AM",3094765,4Seater,Slab1,8.87,915
pinnacle-Slc,Clearwater Campus,Amit Mikhailov Travel,"May 1, 2026, 12:00 AM","May 31, 2026, 12:00 AM",3158363,6Seater,Slab1,8.41,"1,140"
pinnacle-Slc,Clearwater Campus,Rahul Morozov Travel,"May 1, 2026, 12:00 AM","May 31, 2026, 12:00 AM",3080804,EV_Package,null,30.9,"1,934.2"
pinnacle-Slc,Oakmont Office,Rohan Mikhailov Travel,"May 1, 2026, 12:00 AM","May 31, 2026, 12:00 AM",3055746,4Seater,Slab2,14.8,"1,020"
pinnacle-Slc,Clearwater Campus,Karan Mikhailov Travel,"May 1, 2026, 12:00 AM","May 31, 2026, 12:00 AM",3133480,4Seater,Slab2,16.46,"1,020"
pinnacle-Slc,Willow Bend Campus,Rohan Mikhailov Travel,"May 1, 2026, 12:00 AM","May 31, 2026, 12:00 AM",3161235,DV_Package,null,16.6,"1,526.32"
pinnacle-Slc,Clearwater Campus,Arjun Mikhailov Travel,"May 1, 2026, 12:00 AM","May 31, 2026, 12:00 AM",3151625,4Seater,Slab1,7.3,915
pinnacle-Slc,Oakmont Office,Rohan Mikhailov Travel,"May 1, 2026, 12:00 AM","May 31, 2026, 12:00 AM",3092178,4Seater,Slab1,9,915
pinnacle-Slc,Clearwater Campus,Amit Mikhailov Travel,"May 1, 2026, 12:00 AM","May 31, 2026, 12:00 AM",3155892,DV_Package,null,7.28,"1,526.37"
pinnacle-Slc,Willow Bend Campus,Rohan Mikhailov Travel,"June 1, 2026, 12:00 AM","June 30, 2026, 12:00 AM",3242399,DV_Package,null,16.36,"1,318.18"
pinnacle-Slc,Willow Bend Campus,Anjali Mikhailov Travel,"June 1, 2026, 12:00 AM","June 30, 2026, 12:00 AM",3243625,4Seater,Slab4,31.4,"1,290"
pinnacle-Slc,Clearwater Campus,Rohan Mikhailov Travel,"June 1, 2026, 12:00 AM","June 30, 2026, 12:00 AM",3260126,4Seater,Slab2,13.7,"1,020"
pinnacle-Slc,Clearwater Campus,Rohan Mikhailov Travel,"June 1, 2026, 12:00 AM","June 30, 2026, 12:00 AM",3176583,6Seater,Slab1,8,"1,140"
catalyst-Sac,Fairview Commons,Arjun Mikhailov Travel,"July 1, 2026, 12:00 AM","July 31, 2026, 12:00 AM",1542206,3S_Jan2024_CNG_AC,Zone_A,10.9,960
orbit-Slc,Eastgate Office,Rohan Mikhailov Travel,"June 16, 2026, 12:00 AM","June 30, 2026, 12:00 AM",1281526,NPT_4_SEATER,Slab1,43.38,"1,170"
orbit-Slc,Eastgate Office,Rohan Mikhailov Travel,"June 16, 2026, 12:00 AM","June 30, 2026, 12:00 AM",1291894,NPT_8_SEATER,NA,21.36,"1,506"
vanta-Aus,Cedar Ridge Office,Anjali Mikhailov Travel,"July 1, 2026, 12:00 AM","July 31, 2026, 12:00 AM",1235605,6S-HYD,Medium,0,"1,683.87"
catalyst-Sac,Santa Clara Office,Vikram Mikhailov Travel,"July 1, 2026, 12:00 AM","July 31, 2026, 12:00 AM",1524212,3S_Jan2024_CNG_AC,Zone_B,15.31,"1,867.5"
vanta-Aus,Cedar Ridge Office,Priya Mikhailov Travel,"July 1, 2026, 12:00 AM","July 31, 2026, 12:00 AM",1225171,4S-EV-Z,Medium,0,"1,200"
catalyst-Sac,Santa Clara Office,Rohan Mikhailov Travel,"July 1, 2026, 12:00 AM","July 31, 2026, 12:00 AM",1526136,3S_Jan2024_CNG_AC,Zone_B,25.93,"1,245"
catalyst-Sac,Santa Clara Office,Rohan Mikhailov Travel,"July 1, 2026, 12:00 AM","July 31, 2026, 12:00 AM",1551195,3S_Jan2024_CNG_AC,Zone_B,29.94,"1,867.5"
vanta-Aus,Cedar Ridge Office,Sneha Mikhailov Travel,"July 1, 2026, 12:00 AM","July 31, 2026, 12:00 AM",1227173,6S-HYD,Short,0,"1,254.43"
vanta-Aus,Cedar Ridge Office,Anjali Mikhailov Travel,"July 1, 2026, 12:00 AM","July 31, 2026, 12:00 AM",1230509,6S-EV-HTK,Short,0,"1,875"
vanta-Aus,Cedar Ridge Office,Sneha Mikhailov Travel,"July 1, 2026, 12:00 AM","July 31, 2026, 12:00 AM",1229584,6S-HYD,Short,0,"1,254.43"
catalyst-Sac,Redwood City Center,Sanjay Mikhailov Travel,"July 1, 2026, 12:00 AM","July 31, 2026, 12:00 AM",1553152,3S_Jan2024_CNG_AC,Zone_A,13.96,"1,440"
vanta-Aus,Cedar Ridge Office,Sanjay Mikhailov Travel,"July 1, 2026, 12:00 AM","July 31, 2026, 12:00 AM",1220558,4S-EV-Z,Medium,0,"1,200"
catalyst-Sac,Crestwood Campus,Vikram Mikhailov Travel,"July 1, 2026, 12:00 AM","July 31, 2026, 12:00 AM",1531347,3S_Jan2024_CNG_AC,Zone_C,28.98,"1,485"
orbit-Slc,Cedar Ridge Office,Anjali Mikhailov Travel,"July 1, 2026, 12:00 AM","July 15, 2026, 12:00 AM",1315357,4SEATER_BTT_2025,0-20,16.6,960
vanta-Aus,Cedar Ridge Office,Sneha Mikhailov Travel,"July 1, 2026, 12:00 AM","July 31, 2026, 12:00 AM",1246979,4S-HYD,Short,0,968.58
orbit-Slc,Eastgate Office,Rohan Mikhailov Travel,"July 1, 2026, 12:00 AM","July 15, 2026, 12:00 AM",1331978,NPT_4_SEATER,Slab1,22.7,"1,170"
pinnacle-Slc,Willow Bend Campus,Sanjay Mikhailov Travel,"July 1, 2026, 12:00 AM","July 31, 2026, 12:00 AM",3466238,4Seater,Slab1,9,915
pinnacle-Slc,Willow Bend Campus,Rohan Mikhailov Travel,"July 1, 2026, 12:00 AM","July 31, 2026, 12:00 AM",3378271,DV_Package,null,19.78,"1,260.87"
pinnacle-Slc,Willow Bend Campus,Rohan Mikhailov Travel,"July 1, 2026, 12:00 AM","July 31, 2026, 12:00 AM",3417464,4Seater,Slab1,8.32,915
pinnacle-Slc,Willow Bend Campus,Amit Volkov Travel,"July 1, 2026, 12:00 AM","July 31, 2026, 12:00 AM",3363321,4Seater,Slab2,13.45,"1,020"
pinnacle-Slc,Willow Bend Campus,Rahul Morozov Travel,"July 1, 2026, 12:00 AM","July 31, 2026, 12:00 AM",3357560,4Seater,Slab2,16.13,"1,020"
pinnacle-Slc,Clearwater Campus,Sanjay Mikhailov Travel,"July 1, 2026, 12:00 AM","July 31, 2026, 12:00 AM",3446878,DV_Package,null,18.46,"1,260.87"
pinnacle-Slc,Clearwater Campus,Divya Kozlov Travel,"July 1, 2026, 12:00 AM","July 31, 2026, 12:00 AM",3435764,4Seater,Slab1,3.58,915
pinnacle-Slc,Willow Bend Campus,Amit Mikhailov Travel,"July 1, 2026, 12:00 AM","July 31, 2026, 12:00 AM",3465043,6Seater,Slab2,18.3,"1,297.5"
pinnacle-Slc,Oakmont Office,Rahul Morozov Travel,"July 1, 2026, 12:00 AM","July 31, 2026, 12:00 AM",3431731,DV_Package,null,5.92,945.66
pinnacle-Slc,Clearwater Campus,Sanjay Mikhailov Travel,"July 1, 2026, 12:00 AM","July 31, 2026, 12:00 AM",3440171,DV_Package,null,22.1,"1,313.37"
pinnacle-Slc,Clearwater Campus,Rahul Orlov Travel,"July 1, 2026, 12:00 AM","July 31, 2026, 12:00 AM",3395972,4Seater,Slab1,8.12,915
pinnacle-Slc,Oakmont Office,Divya Mikhailov Travel,"July 1, 2026, 12:00 AM","July 31, 2026, 12:00 AM",3429839,DV_Package,null,18.79,"1,260.87"
pinnacle-Slc,Oakmont Office,Divya Mikhailov Travel,"July 1, 2026, 12:00 AM","July 31, 2026, 12:00 AM",3356642,DV_Package,null,13.86,945.66
pinnacle-Slc,Clearwater Campus,Sanjay Mikhailov Travel,"July 1, 2026, 12:00 AM","July 31, 2026, 12:00 AM",3439923,6Seater,Slab1,6.1,"1,140"
pinnacle-Slc,Oakmont Office,Aarav Mikhailov Travel,"July 1, 2026, 12:00 AM","July 31, 2026, 12:00 AM",3391789,4Seater,Slab1,4.2,"1,372.5"
vanta-Aus,Cedar Ridge Office,Meera Pavlov Travel,"May 1, 2026, 12:00 AM","May 31, 2026, 12:00 AM",1117246,4S-HYD,Long,0,"1,354.5"
vanta-Aus,Cedar Ridge Office,Meera Pavlov Travel,"May 1, 2026, 12:00 AM","May 31, 2026, 12:00 AM",1130531,4S-HYD,Medium,0,"1,140"
catalyst-Sac,Santa Clara Office,Rohan Mikhailov Travel,"May 1, 2026, 12:00 AM","May 31, 2026, 12:00 AM",1445399,3S_Jan2024_CNG_AC,Zone_A,16.69,"1,420.32"
vanta-Aus,Cedar Ridge Office,Meera Pavlov Travel,"May 1, 2026, 12:00 AM","May 31, 2026, 12:00 AM",1120739,4S-EV-Z,Long,0,"1,200"
vanta-Aus,Cedar Ridge Office,Anjali Mikhailov Travel,"May 1, 2026, 12:00 AM","May 31, 2026, 12:00 AM",1122703,6S-HYD,Short,0,"1,227"
catalyst-Sac,Redwood City Center,Priya Mikhailov Travel,"May 1, 2026, 12:00 AM","May 31, 2026, 12:00 AM",1446396,3S_Jan2024_CNG_AC,Zone_B,20.2,"1,828.13"
catalyst-Sac,Fairview Commons,Arjun Mikhailov Travel,"May 1, 2026, 12:00 AM","May 31, 2026, 12:00 AM",1471532,3S_Jan2024_CNG_AC,Zone_C,36.4,"1,445.63"
vanta-Aus,Cedar Ridge Office,Priya Mikhailov Travel,"May 1, 2026, 12:00 AM","May 31, 2026, 12:00 AM",1142057,4S-EV-Z,Medium,0,"1,200"
catalyst-Sac,Santa Clara Office,Vikram Mikhailov Travel,"May 1, 2026, 12:00 AM","May 31, 2026, 12:00 AM",1462655,3S_Jan2024_CNG_AC,Zone_A,7.35,"1,420.32"
catalyst-Sac,Santa Clara Office,Rohan Mikhailov Travel,"May 1, 2026, 12:00 AM","May 31, 2026, 12:00 AM",1449665,3S_Jan2024_CNG_AC,Zone_B,27.5,"1,828.13"
vanta-Aus,Cedar Ridge Office,Anjali Mikhailov Travel,"May 1, 2026, 12:00 AM","May 31, 2026, 12:00 AM",1124456,6S-HYD,Long,0,"1,800"
vanta-Aus,Cedar Ridge Office,Meera Pavlov Travel,"May 1, 2026, 12:00 AM","May 31, 2026, 12:00 AM",1126673,6S-HYD,Short,0,"1,227"
catalyst-Sac,Santa Clara Office,Vikram Mikhailov Travel,"May 1, 2026, 12:00 AM","May 31, 2026, 12:00 AM",1452358,3S_Jan2024_CNG_AC,Zone_B,23.66,"1,218.75"
vanta-Aus,Cedar Ridge Office,Meera Pavlov Travel,"May 1, 2026, 12:00 AM","May 31, 2026, 12:00 AM",1138846,6S-HYD,Medium,0,"1,629"
orbit-Slc,Lakeside Commons,Anjali Mikhailov Travel,"May 1, 2026, 12:00 AM","May 15, 2026, 12:00 AM",1214912,4SEATER_BTT_2025,0-20,15.3,960
orbit-Slc,Lakeside Commons,Anjali Mikhailov Travel,"May 1, 2026, 12:00 AM","May 15, 2026, 12:00 AM",1224367,8SEATER_BTT_2025,31-above,38.54,"1,560"
orbit-Slc,Lakeside Commons,Anjali Mikhailov Travel,"May 1, 2026, 12:00 AM","May 15, 2026, 12:00 AM",1220558,4SEATER_BTT_2025_EV,21 - 30,27.2,"1,110"
orbit-Slc,Lakeside Commons,Rahul Mikhailov Travel,"May 1, 2026, 12:00 AM","May 15, 2026, 12:00 AM",1214479,12SEATER_LVT,21-30,29.9,"2,820"
orbit-Slc,Eastgate Office,Rohan Mikhailov Travel,"May 1, 2026, 12:00 AM","May 15, 2026, 12:00 AM",1225171,NPT_4_SEATER,Slab1,14.08,"1,170"
catalyst-Sac,Santa Clara Office,Rohan Mikhailov Travel,"May 1, 2026, 12:00 AM","May 31, 2026, 12:00 AM",1471858,3S_Jan2024_CNG_AC,Zone_A,7.5,"1,420.32"
catalyst-Sac,Redwood City Center,Aarav Mikhailov Travel,"May 1, 2026, 12:00 AM","May 31, 2026, 12:00 AM",1458856,3S_Jan2024_AC,Zone_A,12.64,916.53
orbit-Slc,Cedar Ridge Office,Rahul Mikhailov Travel,"May 16, 2026, 12:00 AM","May 31, 2026, 12:00 AM",1235605,4Seater-LVT-July,0-20,19.43,"1,335"
orbit-Slc,Lakeside Commons,Anjali Mikhailov Travel,"May 16, 2026, 12:00 AM","May 31, 2026, 12:00 AM",1237272,4SEATER_BTT_2025,0-20,13.9,960
orbit-Slc,Lakeside Commons,Rahul Mikhailov Travel,"May 16, 2026, 12:00 AM","May 31, 2026, 12:00 AM",1250449,LVT_4_SEATER_EV,Slab-31-above,35.3,"1,972.5"
orbit-Slc,Cedar Ridge Office,Rahul Mikhailov Travel,"May 16, 2026, 12:00 AM","May 31, 2026, 12:00 AM",1246979,LVT_4_SEATER_EV,Slab-21-30,28.4,"1,072.5"
pinnacle-Slc,Oakmont Office,Pooja Mikhailov Travel,"June 1, 2026, 12:00 AM","June 30, 2026, 12:00 AM",3315408,4Seater,Slab1,1.6,915
pinnacle-Slc,Clearwater Campus,Rohan Mikhailov Travel,"June 1, 2026, 12:00 AM","June 30, 2026, 12:00 AM",3197941,DV_Package,null,8.33,"1,318.18"
pinnacle-Slc,Clearwater Campus,Rohan Mikhailov Travel,"June 1, 2026, 12:00 AM","June 30, 2026, 12:00 AM",3176104,DV_Package,null,8.42,988.63
pinnacle-Slc,Oakmont Office,Karan Mikhailov Travel,"June 1, 2026, 12:00 AM","June 30, 2026, 12:00 AM",3316854,4Seater,Slab1,4.4,915
pinnacle-Slc,Willow Bend Campus,Rahul Mikhailov Travel,"June 1, 2026, 12:00 AM","June 30, 2026, 12:00 AM",3215034,4Seater,Slab1,8.37,915
pinnacle-Slc,Clearwater Campus,Rahul Morozov Travel,"June 1, 2026, 12:00 AM","June 30, 2026, 12:00 AM",3178991,DV_Package,null,11.82,988.63
pinnacle-Slc,Willow Bend Campus,Karan Mikhailov Travel,"June 1, 2026, 12:00 AM","June 30, 2026, 12:00 AM",3220163,4Seater,Slab2,16.1,"1,020"
pinnacle-Slc,Clearwater Campus,Rohan Mikhailov Travel,"June 1, 2026, 12:00 AM","June 30, 2026, 12:00 AM",3191358,4Seater,Slab1,8.9,915
pinnacle-Slc,Willow Bend Campus,Rahul Mikhailov Travel,"June 1, 2026, 12:00 AM","June 30, 2026, 12:00 AM",3200974,4Seater,Slab2,16.9,"1,020"
pinnacle-Slc,Clearwater Campus,Rahul Orlov Travel,"June 1, 2026, 12:00 AM","June 30, 2026, 12:00 AM",3175441,DV_Package,null,8.04,988.63
pinnacle-Slc,Oakmont Office,Rahul Mikhailov Travel,"June 1, 2026, 12:00 AM","June 30, 2026, 12:00 AM",3275778,4Seater,Slab1,9.8,915
pinnacle-Slc,Clearwater Campus,Karan Mikhailov Travel,"June 1, 2026, 12:00 AM","June 30, 2026, 12:00 AM",3178760,4Seater,Slab3,22.67,"1,162.5"
pinnacle-Slc,Oakmont Office,Rahul Morozov Travel,"June 1, 2026, 12:00 AM","June 30, 2026, 12:00 AM",3281947,DV_Package,null,19.6,"1,318.18"
pinnacle-Slc,Willow Bend Campus,Sanjay Mikhailov Travel,"June 1, 2026, 12:00 AM","June 30, 2026, 12:00 AM",3213241,4Seater,Slab1,8,915
pinnacle-Slc,Willow Bend Campus,Divya Sokolov Travel,"June 1, 2026, 12:00 AM","June 30, 2026, 12:00 AM",3192997,4Seater,Slab2,15.1,"1,020"
pinnacle-Slc,Clearwater Campus,Rahul Mikhailov Travel,"June 1, 2026, 12:00 AM","June 30, 2026, 12:00 AM",3188023,4Seater,Slab1,4.44,915
pinnacle-Slc,Oakmont Office,Rahul Mikhailov Travel,"June 1, 2026, 12:00 AM","June 30, 2026, 12:00 AM",3193703,4Seater,Slab1,4.8,915
pinnacle-Slc,Willow Bend Campus,Rahul Morozov Travel,"June 1, 2026, 12:00 AM","June 30, 2026, 12:00 AM",3280937,4Seater,Slab1,5.77,915
pinnacle-Slc,Clearwater Campus,Rahul Mikhailov Travel,"June 1, 2026, 12:00 AM","June 30, 2026, 12:00 AM",3210359,4Seater,Slab1,7.9,915
pinnacle-Slc,Clearwater Campus,Aarav Mikhailov Travel,"June 1, 2026, 12:00 AM","June 30, 2026, 12:00 AM",3216328,4Seater,Slab2,16.1,"1,020"
pinnacle-Slc,Willow Bend Campus,Rahul Morozov Travel,"June 1, 2026, 12:00 AM","June 30, 2026, 12:00 AM",3273287,DV_Package,null,20.3,988.63
pinnacle-Slc,Oakmont Office,Rahul Mikhailov Travel,"June 1, 2026, 12:00 AM","June 30, 2026, 12:00 AM",3199701,4Seater,Slab2,14.76,"1,020"
pinnacle-Slc,Willow Bend Campus,Rahul Orlov Travel,"June 1, 2026, 12:00 AM","June 30, 2026, 12:00 AM",3179533,DV_Package,null,16.6,"1,318.18"
pinnacle-Slc,Willow Bend Campus,Karan Mikhailov Travel,"June 1, 2026, 12:00 AM","June 30, 2026, 12:00 AM",3190013,4Seater,Slab2,11.9,"1,530"
pinnacle-Slc,Oakmont Office,Karan Mikhailov Travel,"June 1, 2026, 12:00 AM","June 30, 2026, 12:00 AM",3280466,6Seater,Slab1,9.4,"1,140"
pinnacle-Slc,Willow Bend Campus,Sanjay Mikhailov Travel,"June 1, 2026, 12:00 AM","June 30, 2026, 12:00 AM",3249808,6Seater,Slab1,4.52,"1,140"
pinnacle-Slc,Willow Bend Campus,Sanjay Mikhailov Travel,"June 1, 2026, 12:00 AM","June 30, 2026, 12:00 AM",3258994,4Seater,Slab2,14.11,"1,020"
pinnacle-Slc,Willow Bend Campus,Divya Sokolov Travel,"June 1, 2026, 12:00 AM","June 30, 2026, 12:00 AM",3288372,DV_Package,null,18.91,"1,318.18"
vanta-Aus,Cedar Ridge Office,Sanjay Mikhailov Travel,"May 1, 2026, 12:00 AM","May 31, 2026, 12:00 AM",1118762,6S-HYD,Short,0,"1,227"
catalyst-Sac,Santa Clara Office,Rohan Mikhailov Travel,"June 1, 2026, 12:00 AM","June 30, 2026, 12:00 AM",1483336,3S_Jan2024_CNG_AC,Zone_B,23.3,"1,237.5"
catalyst-Sac,Crestwood Campus,Vikram Mikhailov Travel,"June 1, 2026, 12:00 AM","June 30, 2026, 12:00 AM",1497840,3S_Jan2024_CNG_AC,Zone_C,35.2,"1,473.75"
orbit-Slc,Eastgate Office,Rohan Mikhailov Travel,"May 16, 2026, 12:00 AM","May 31, 2026, 12:00 AM",1239305,NPT_4_SEATER,Slab1,10.5,"1,170"
vanta-Aus,Cedar Ridge Office,Meera Pavlov Travel,"May 1, 2026, 12:00 AM","May 31, 2026, 12:00 AM",1145906,6S-HYD,Medium,0,"1,629"
vanta-Aus,Cedar Ridge Office,Meera Pavlov Travel,"June 1, 2026, 12:00 AM","June 30, 2026, 12:00 AM",1166525,6S-EV-HTK,Short,0,"1,875"
vanta-Aus,Cedar Ridge Office,Sanjay Mikhailov Travel,"June 1, 2026, 12:00 AM","June 30, 2026, 12:00 AM",1161551,4S-HYD,Medium,0,"1,140"
catalyst-Sac,Redwood City Center,Sanjay Mikhailov Travel,"June 1, 2026, 12:00 AM","June 30, 2026, 12:00 AM",1497247,3S_Jan2024_CNG_AC,Zone_B,14.8,"1,237.5"
catalyst-Sac,Santa Clara Office,Vikram Mikhailov Travel,"June 1, 2026, 12:00 AM","June 30, 2026, 12:00 AM",1496132,3S_Jan2024_CNG_AC,Zone_C,26.5,"2,210.63"
catalyst-Sac,Santa Clara Office,Vikram Mikhailov Travel,"June 1, 2026, 12:00 AM","June 30, 2026, 12:00 AM",1506018,3S_Jan2024_CNG_AC,Zone_C,36.9,"2,210.63"
orbit-Slc,Lakeside Commons,Rahul Mikhailov Travel,"June 1, 2026, 12:00 AM","June 15, 2026, 12:00 AM",1256876,4Seater-LVT-July,21-30,29.5,"1,072.5"
catalyst-Sac,Fairview Commons,Arjun Mikhailov Travel,"June 1, 2026, 12:00 AM","June 30, 2026, 12:00 AM",1509481,3S_Jan2024_CNG_AC,Zone_B,20.8,"1,856.25"
orbit-Slc,Lakeside Commons,Rahul Mikhailov Travel,"June 1, 2026, 12:00 AM","June 15, 2026, 12:00 AM",1260386,4Seater-LVT-July,21-30,22.01,"1,072.5"
orbit-Slc,Eastgate Office,Rohan Mikhailov Travel,"June 1, 2026, 12:00 AM","June 15, 2026, 12:00 AM",1267152,NPT_8_SEATER,NA,19.2,"1,506"
orbit-Slc,Lakeside Commons,Anjali Mikhailov Travel,"June 1, 2026, 12:00 AM","June 15, 2026, 12:00 AM",1270826,8SEATER_BTT_2025,21-30,23.14,"1,410"
catalyst-Sac,Crestwood Campus,Divya Mikhailov Travel,"June 1, 2026, 12:00 AM","June 30, 2026, 12:00 AM",1512646,3S_Jan2024_CNG_AC,Zone_B,36.67,"1,237.5"
catalyst-Sac,Fairview Commons,Arjun Mikhailov Travel,"June 1, 2026, 12:00 AM","June 30, 2026, 12:00 AM",1490605,3S_Jan2024_CNG_AC,Zone_B,28.02,"1,237.5"
orbit-Slc,Lakeside Commons,Rahul Mikhailov Travel,"June 1, 2026, 12:00 AM","June 15, 2026, 12:00 AM",1277531,8Seater-LVT-July,21-30,29.42,"1,372.5"
catalyst-Sac,Santa Clara Office,Rohan Mikhailov Travel,"June 1, 2026, 12:00 AM","June 30, 2026, 12:00 AM",1479563,3S_Jan2024_CNG_AC,Zone_C,26.2,"1,473.75"
vanta-Aus,Cedar Ridge Office,Anjali Mikhailov Travel,"June 1, 2026, 12:00 AM","June 30, 2026, 12:00 AM",1192604,4S-HYD,Medium,0,"1,140"
catalyst-Sac,Redwood City Center,Priya Mikhailov Travel,"June 1, 2026, 12:00 AM","June 30, 2026, 12:00 AM",1479328,3S_Jan2024_CNG_AC,Zone_A,5.61,"1,434.38"
catalyst-Sac,Santa Clara Office,Divya Mikhailov Travel,"June 1, 2026, 12:00 AM","June 30, 2026, 12:00 AM",1493569,3S_Jan2024_CNG_AC,Zone_B,26.1,"1,237.5"
orbit-Slc,Lakeside Commons,Anjali Mikhailov Travel,"June 16, 2026, 12:00 AM","June 30, 2026, 12:00 AM",1296329,8SEATER_BTT_2025,0-20,12.8,"1,260"
pinnacle-Slc,Willow Bend Campus,Divya Mikhailov Travel,"June 1, 2026, 12:00 AM","June 30, 2026, 12:00 AM",3195296,4Seater,Slab1,3.3,915
pinnacle-Slc,Clearwater Campus,Divya Sokolov Travel,"June 1, 2026, 12:00 AM","June 30, 2026, 12:00 AM",3246055,4Seater,Slab1,9.25,915
pinnacle-Slc,Willow Bend Campus,Rahul Orlov Travel,"June 1, 2026, 12:00 AM","June 30, 2026, 12:00 AM",3208274,DV_Package,null,10.3,"1,318.18"
pinnacle-Slc,Willow Bend Campus,Rahul Orlov Travel,"July 1, 2026, 12:00 AM","July 31, 2026, 12:00 AM",3411310,4Seater,Slab2,16.4,"1,020"
pinnacle-Slc,Willow Bend Campus,Rahul Morozov Travel,"July 1, 2026, 12:00 AM","July 31, 2026, 12:00 AM",3430520,DV_Package,null,17.95,945.66
pinnacle-Slc,Clearwater Campus,Arjun Mikhailov Travel,"July 1, 2026, 12:00 AM","July 31, 2026, 12:00 AM",3448587,6Seater,Slab1,4.68,"1,140"
pinnacle-Slc,Oakmont Office,Arjun Mikhailov Travel,"July 1, 2026, 12:00 AM","July 31, 2026, 12:00 AM",3351040,4Seater,Slab2,18.53,"1,020"
pinnacle-Slc,Clearwater Campus,Karan Mikhailov Travel,"July 1, 2026, 12:00 AM","July 31, 2026, 12:00 AM",3394127,4Seater,Slab3,21.67,"1,162.5"
pinnacle-Slc,Clearwater Campus,Arjun Mikhailov Travel,"July 1, 2026, 12:00 AM","July 31, 2026, 12:00 AM",3329521,DV_Package,null,27,"1,260.87"
vanta-Aus,Cedar Ridge Office,Sanjay Mikhailov Travel,"July 1, 2026, 12:00 AM","July 31, 2026, 12:00 AM",1228907,4S-HYD,Long,0,"1,416.22"
orbit-Slc,Lakeside Commons,Rahul Mikhailov Travel,"July 16, 2026, 12:00 AM","July 31, 2026, 12:00 AM",1338760,4Seater-LVT-July,0-20,8.63,885
orbit-Slc,Lakeside Commons,Rahul Mikhailov Travel,"July 16, 2026, 12:00 AM","July 31, 2026, 12:00 AM",1349599,LVT_4_SEATER_EV,Slab-0-20,18.2,885
orbit-Slc,Lakeside Commons,Anjali Mikhailov Travel,"July 16, 2026, 12:00 AM","July 31, 2026, 12:00 AM",1358520,4SEATER_BTT_2025,21-30,25.71,"1,110"
orbit-Slc,Lakeside Commons,Anjali Mikhailov Travel,"July 16, 2026, 12:00 AM","July 31, 2026, 12:00 AM",1352218,12SEATER_BTT_2025,31-above,35.9,"2,325"
vanta-Sea,Denver Office,Sanjay Mikhailov Travel,"June 1, 2026, 12:00 AM","June 30, 2026, 12:00 AM",4950481,BUS-ORRNEW-SML,null,0,"2,299.99"
vanta-Sea,Denver Office,Aarav Mikhailov Travel,"May 1, 2026, 12:00 AM","May 31, 2026, 12:00 AM",4896905,BUS-ORRNEW-SML,null,0,"2,403.51"
vanta-Sea,Denver Office,Isha Mikhailov Travel,"May 1, 2026, 12:00 AM","May 31, 2026, 12:00 AM",4882472,4S-150ORRNEW,Medium,0,"1,365.5"
vanta-Sea,Denver Office,Anjali Mikhailov Travel,"May 1, 2026, 12:00 AM","May 31, 2026, 12:00 AM",4867064,4S-150ORRNEW,Medium,0,"1,365.5"
vanta-Sea,Denver Office,Priya Mikhailov Travel,"May 1, 2026, 12:00 AM","May 31, 2026, 12:00 AM",4882710,6S-150ORRNEW,Medium,0,"1,798.17"
vanta-Sea,Denver Office,Isha Mikhailov Travel,"May 1, 2026, 12:00 AM","May 31, 2026, 12:00 AM",4876731,6S-150ORRNEW,Medium,0,"1,798.17"
vanta-Sea,Denver Office,Sanjay Mikhailov Travel,"May 1, 2026, 12:00 AM","May 31, 2026, 12:00 AM",4887345,4S-150ORRNEW,Short,0,"1,057.75"
vanta-Sea,Denver Office,Sanjay Mikhailov Travel,"June 1, 2026, 12:00 AM","June 30, 2026, 12:00 AM",4930235,4S-150ORRNEW,Medium,0,"1,365.5"
vanta-Sea,Denver Office,Anjali Mikhailov Travel,"May 1, 2026, 12:00 AM","May 31, 2026, 12:00 AM",4868743,4S-150ORRNEW,Short,0,"1,057.75"
vanta-Sea,Denver Office,Aarav Petrov Travel,"June 1, 2026, 12:00 AM","June 30, 2026, 12:00 AM",4905784,4S-150ORRNEW,Short,0,"1,057.75"
vanta-Sea,Denver Office,Isha Mikhailov Travel,"June 1, 2026, 12:00 AM","June 30, 2026, 12:00 AM",4982578,4S-150ORRNEW,Medium,0,"1,365.5"
vanta-Sea,Denver Office,Isha Mikhailov Travel,"May 1, 2026, 12:00 AM","May 31, 2026, 12:00 AM",4839924,4S-150ORRNEW,Long,0,"1,613.25"
vanta-Sea,Denver Office,Priya Mikhailov Travel,"June 1, 2026, 12:00 AM","June 30, 2026, 12:00 AM",4996042,4S-150ORRNEW,Medium,0,"1,365.5"
vanta-Sea,Denver Office,Priya Mikhailov Travel,"May 1, 2026, 12:00 AM","May 31, 2026, 12:00 AM",4825048,4S-150ORRNEW,Short,0,"1,057.75"
vanta-Sea,Denver Office,Aarav Mikhailov Travel,"May 1, 2026, 12:00 AM","May 31, 2026, 12:00 AM",4850074,4S-150ORRNEW,Medium,0,"1,365.5"
vanta-Sea,Denver Office,Karan Mikhailov Travel,"June 1, 2026, 12:00 AM","June 30, 2026, 12:00 AM",4926302,4S-WOW150ORRNEW,null,0,"1,915.88"
vanta-Sea,Denver Office,Aarav Petrov Travel,"May 1, 2026, 12:00 AM","May 31, 2026, 12:00 AM",4879649,4S-150ORRNEW,Medium,0,"1,365.5"
vanta-Sea,Denver Office,Aarav Mikhailov Travel,"June 1, 2026, 12:00 AM","June 30, 2026, 12:00 AM",4920342,4S-EV-Z,Long,0,"1,275"
vanta-Sea,Denver Office,Aarav Petrov Travel,"June 1, 2026, 12:00 AM","June 30, 2026, 12:00 AM",4987925,BUS-ORRNEW-TT,null,0,"1,169.89"
vanta-Sea,Denver Office,Priya Mikhailov Travel,"June 1, 2026, 12:00 AM","June 30, 2026, 12:00 AM",4912573,6S-150ORRNEW,Medium,0,"1,798.17"
vanta-Sea,Denver Office,Anjali Mikhailov Travel,"June 1, 2026, 12:00 AM","June 30, 2026, 12:00 AM",4900892,4S-150ORRNEW,Medium,0,"1,365.5"
vanta-Sea,Denver Office,Isha Mikhailov Travel,"June 1, 2026, 12:00 AM","June 30, 2026, 12:00 AM",4971214,4S-150ORRNEW,Long,0,"1,613.25"
vanta-Sea,Denver Office,Anjali Mikhailov Travel,"June 1, 2026, 12:00 AM","June 30, 2026, 12:00 AM",4915440,4S-150ORRNEW,Short,0,"1,057.75"
vanta-Sea,Denver Office,Aarav Mikhailov Travel,"June 1, 2026, 12:00 AM","June 30, 2026, 12:00 AM",4966104,BUS-ORRNEW-TT,null,0,848.93
vanta-Sea,Denver Office,Isha Mikhailov Travel,"June 1, 2026, 12:00 AM","June 30, 2026, 12:00 AM",4929115,4S-150ORRNEW,Medium,0,"1,365.5"
vanta-Sea,Denver Office,Priya Mikhailov Travel,"June 1, 2026, 12:00 AM","June 30, 2026, 12:00 AM",4966440,4S-150ORRNEW,Long,0,"1,613.25"
vanta-Sea,Denver Office,Isha Mikhailov Travel,"May 1, 2026, 12:00 AM","May 31, 2026, 12:00 AM",4816867,4S-150ORRNEW,Medium,0,"1,365.5"
vanta-Sea,Denver Office,Aarav Petrov Travel,"June 1, 2026, 12:00 AM","June 30, 2026, 12:00 AM",4954360,4S-150ORRNEW,Long,0,"1,613.25"
vanta-Sea,Denver Office,Aarav Petrov Travel,"June 1, 2026, 12:00 AM","June 30, 2026, 12:00 AM",4993883,BUS-ORRNEW-TT,null,0,"1,897.32"
vanta-Sea,Denver Office,Sanjay Mikhailov Travel,"June 1, 2026, 12:00 AM","June 30, 2026, 12:00 AM",4986533,4S-EV-Z,Short,0,"1,275"
vanta-Sea,Denver Office,Aarav Petrov Travel,"May 1, 2026, 12:00 AM","May 31, 2026, 12:00 AM",4813546,4S-EV-Z,Medium,0,"1,275"
vanta-Sea,Denver Office,Aarav Petrov Travel,"May 1, 2026, 12:00 AM","May 31, 2026, 12:00 AM",4823061,4S-150ORRNEW,Long,0,"1,613.25"
vanta-Sea,Denver Office,Aarav Mikhailov Travel,"July 1, 2026, 12:00 AM","July 31, 2026, 12:00 AM",5065469,4S-150ORRNEW,Medium,0,"1,404.56"
vanta-Sea,Denver Office,Priya Mikhailov Travel,"May 1, 2026, 12:00 AM","May 31, 2026, 12:00 AM",4852883,4S-150ORRNEW,Long,0,"1,613.25"
vanta-Sea,Denver Office,Aarav Mikhailov Travel,"July 1, 2026, 12:00 AM","July 31, 2026, 12:00 AM",5025183,BUS-ORRNEW-TT,null,0,"2,135.32"
vanta-Sea,Denver Office,Priya Mikhailov Travel,"July 1, 2026, 12:00 AM","July 31, 2026, 12:00 AM",5050203,4S-150ORRNEW,Long,0,"1,671.82"
vanta-Sea,Denver Office,Anjali Mikhailov Travel,"July 1, 2026, 12:00 AM","July 31, 2026, 12:00 AM",5019528,6S-150ORRNEW,Medium,0,"1,850.24"
vanta-Sea,Denver Office,Aarav Mikhailov Travel,"July 1, 2026, 12:00 AM","July 31, 2026, 12:00 AM",5039206,4S-150ORRNEW,Medium,0,"1,404.56"
vanta-Sea,Denver Office,Anjali Mikhailov Travel,"July 1, 2026, 12:00 AM","July 31, 2026, 12:00 AM",5051795,BUS-ORRNEW-SML,null,0,"4,236.03"
vanta-Sea,Denver Office,Isha Mikhailov Travel,"July 1, 2026, 12:00 AM","July 31, 2026, 12:00 AM",5071405,4S-150ORRNEW,Medium,0,"1,404.56"
vanta-Sea,Denver Office,Sanjay Mikhailov Travel,"July 1, 2026, 12:00 AM","July 31, 2026, 12:00 AM",5045441,6S-150ORRNEW,Medium,0,"1,850.24"
vanta-Sea,Denver Office,Anjali Mikhailov Travel,"July 1, 2026, 12:00 AM","July 31, 2026, 12:00 AM",5072859,4S-150ORRNEW,Short,0,"1,077.27"
vanta-Sea,Denver Office,Priya Mikhailov Travel,"July 1, 2026, 12:00 AM","July 31, 2026, 12:00 AM",5092021,4S-150ORRNEW,Long,0,"1,671.82"
vanta-Sea,Denver Office,Aarav Mikhailov Travel,"July 1, 2026, 12:00 AM","July 31, 2026, 12:00 AM",5006392,4S-150ORRNEW,Short,0,"1,077.27"
vanta-Sea,Denver Office,Anjali Mikhailov Travel,"July 1, 2026, 12:00 AM","July 31, 2026, 12:00 AM",5090107,BUS-ORRNEW-TT,null,0,"2,135.32"
vanta-Sea,Denver Office,Sanjay Mikhailov Travel,"July 1, 2026, 12:00 AM","July 31, 2026, 12:00 AM",5031540,6S-150ORRNEW,Short,0,"1,416.36"
vanta-Sea,Denver Office,Priya Mikhailov Travel,"July 1, 2026, 12:00 AM","July 31, 2026, 12:00 AM",5049935,BUS-ORRNEW-SML,null,0,"2,824.02"
vanta-Sea,Denver Office,Isha Mikhailov Travel,"July 1, 2026, 12:00 AM","July 31, 2026, 12:00 AM",5023003,BUS-ORRNEW-SML,null,0,"2,824.02"
vanta-Sea,Denver Office,Priya Mikhailov Travel,"July 1, 2026, 12:00 AM","July 31, 2026, 12:00 AM",5068215,6S-150ORRNEW,Short,0,"1,416.36"
vanta-Sea,Denver Office,Sanjay Mikhailov Travel,"July 1, 2026, 12:00 AM","July 31, 2026, 12:00 AM",5088200,4S-150ORRNEW,Short,0,"1,077.27"
vanta-Sea,Denver Office,Aarav Mikhailov Travel,"July 1, 2026, 12:00 AM","July 31, 2026, 12:00 AM",5054947,6S-150ORRNEW,Medium,0,"1,850.24"
vanta-Sea,Denver Office,Aarav Petrov Travel,"July 1, 2026, 12:00 AM","July 31, 2026, 12:00 AM",5017977,4S-EV-Z,Long,0,"1,275"
vanta-Sea,Denver Office,Priya Mikhailov Travel,"July 1, 2026, 12:00 AM","July 31, 2026, 12:00 AM",5038323,4S-150ORRNEW,Long,0,"1,671.82"
vanta-Sea,Denver Office,Isha Mikhailov Travel,"July 1, 2026, 12:00 AM","July 31, 2026, 12:00 AM",5038779,4S-150ORRNEW,Long,0,"1,671.82"
vanta-Sea,Denver Office,Aarav Mikhailov Travel,"July 1, 2026, 12:00 AM","July 31, 2026, 12:00 AM",5089800,6S-150ORRNEW,Medium,0,"1,850.24"
vanta-Sea,Denver Office,Aarav Mikhailov Travel,"July 1, 2026, 12:00 AM","July 31, 2026, 12:00 AM",5057600,6S-150ORRNEW,Long,0,"2,194.1"
vanta-Sea,Denver Office,Priya Mikhailov Travel,"July 1, 2026, 12:00 AM","July 31, 2026, 12:00 AM",5004364,4S-150ORRNEW,Medium,0,"1,404.56"
pinnacle-Slc,Willow Bend Campus,Rohan Mikhailov Travel,"May 1, 2026, 12:00 AM","May 31, 2026, 12:00 AM",3086277,DV_Package,null,16.8,"1,526.31"
pinnacle-Slc,Clearwater Campus,Rahul Orlov Travel,"May 1, 2026, 12:00 AM","May 31, 2026, 12:00 AM",3155243,DV_Package,null,18.1,"1,144.74"
pinnacle-Slc,Willow Bend Campus,Sanjay Mikhailov Travel,"May 1, 2026, 12:00 AM","May 31, 2026, 12:00 AM",3150505,DV_Package,null,6.8,"1,526.31"
pinnacle-Slc,Clearwater Campus,Divya Kozlov Travel,"May 1, 2026, 12:00 AM","May 31, 2026, 12:00 AM",3160121,4Seater,Slab2,15.92,"1,020"
pinnacle-Slc,Clearwater Campus,Aarav Mikhailov Travel,"May 1, 2026, 12:00 AM","May 31, 2026, 12:00 AM",3140012,4Seater,Slab1,3.2,915
pinnacle-Slc,Oakmont Office,Pooja Mikhailov Travel,"May 1, 2026, 12:00 AM","May 31, 2026, 12:00 AM",3075157,DV_Package,null,9,"1,526.31"
pinnacle-Slc,Oakmont Office,Rohan Mikhailov Travel,"May 1, 2026, 12:00 AM","May 31, 2026, 12:00 AM",3144223,4Seater,Slab2,18.5,"1,020"
pinnacle-Slc,Clearwater Campus,Divya Sokolov Travel,"May 1, 2026, 12:00 AM","May 31, 2026, 12:00 AM",3090422,4Seater,Slab1,6.5,915
pinnacle-Slc,Clearwater Campus,Aarav Mikhailov Travel,"May 1, 2026, 12:00 AM","May 31, 2026, 12:00 AM",3100785,DV_Package,null,3.64,"1,526.31"
pinnacle-Slc,Oakmont Office,Rohan Mikhailov Travel,"May 1, 2026, 12:00 AM","May 31, 2026, 12:00 AM",3109459,6Seater,Slab1,3.8,"1,140"
pinnacle-Slc,Clearwater Campus,Pooja Mikhailov Travel,"May 1, 2026, 12:00 AM","May 31, 2026, 12:00 AM",3070521,DV_Package,null,5.53,"1,144.74"
pinnacle-Slc,Willow Bend Campus,Rohan Mikhailov Travel,"May 1, 2026, 12:00 AM","May 31, 2026, 12:00 AM",3138244,DV_Package,null,6.65,"1,144.74"
pinnacle-Slc,Oakmont Office,Rahul Mikhailov Travel,"May 1, 2026, 12:00 AM","May 31, 2026, 12:00 AM",3098021,4Seater,Slab3,29.7,"1,162.5"
pinnacle-Slc,Clearwater Campus,Aarav Mikhailov Travel,"May 1, 2026, 12:00 AM","May 31, 2026, 12:00 AM",3088360,6Seater,Slab1,4.07,"1,140"
pinnacle-Slc,Clearwater Campus,Karan Mikhailov Travel,"May 1, 2026, 12:00 AM","May 31, 2026, 12:00 AM",3152586,DV_Package,null,18.2,"1,526.31"
pinnacle-Slc,Clearwater Campus,Rahul Mikhailov Travel,"May 1, 2026, 12:00 AM","May 31, 2026, 12:00 AM",3054184,4Seater,Slab1,4.6,915
pinnacle-Slc,Willow Bend Campus,Pooja Mikhailov Travel,"May 1, 2026, 12:00 AM","May 31, 2026, 12:00 AM",3087525,6Seater,Slab2,12.42,"1,297.5"
pinnacle-Slc,Willow Bend Campus,Divya Mikhailov Travel,"May 1, 2026, 12:00 AM","May 31, 2026, 12:00 AM",3063356,DV_Package,null,29.12,"1,526.31"
pinnacle-Slc,Clearwater Campus,Karan Mikhailov Travel,"May 1, 2026, 12:00 AM","May 31, 2026, 12:00 AM",3112227,4Seater,Slab2,13.2,"1,020"
pinnacle-Slc,Oakmont Office,Sanjay Mikhailov Travel,"May 1, 2026, 12:00 AM","May 31, 2026, 12:00 AM",3073658,DV_Package,null,2.7,"1,526.31"
pinnacle-Slc,Oakmont Office,Rahul Morozov Travel,"May 1, 2026, 12:00 AM","May 31, 2026, 12:00 AM",3136520,4Seater,Slab1,4.16,915
pinnacle-Slc,Clearwater Campus,Aarav Mikhailov Travel,"May 1, 2026, 12:00 AM","May 31, 2026, 12:00 AM",3116751,4Seater,Slab3,22.18,"1,162.5"
pinnacle-Slc,Clearwater Campus,Amit Volkov Travel,"May 1, 2026, 12:00 AM","May 31, 2026, 12:00 AM",3141821,DV_Package,null,2.55,"1,526.31"
pinnacle-Slc,Clearwater Campus,Rahul Mikhailov Travel,"May 1, 2026, 12:00 AM","May 31, 2026, 12:00 AM",3096954,4Seater,Slab1,6.32,915
pinnacle-Slc,Clearwater Campus,Rahul Mikhailov Travel,"June 1, 2026, 12:00 AM","June 30, 2026, 12:00 AM",3184869,4Seater,Slab1,5.1,915
pinnacle-Slc,Willow Bend Campus,Amit Mikhailov Travel,"June 1, 2026, 12:00 AM","June 30, 2026, 12:00 AM",3302536,DV_Package,null,14.9,"1,318.18"
catalyst-Sac,Santa Clara Office,Divya Mikhailov Travel,"July 1, 2026, 12:00 AM","July 31, 2026, 12:00 AM",1557171,3S_Jan2024_CNG_AC,Zone_B,22.42,"1,245"
catalyst-Sac,Crestwood Campus,Arjun Mikhailov Travel,"July 1, 2026, 12:00 AM","July 31, 2026, 12:00 AM",1523778,3S_Jan2024_CNG_AC,Zone_A,14.3,"1,440"
catalyst-Sac,Santa Clara Office,Vikram Mikhailov Travel,"July 1, 2026, 12:00 AM","July 31, 2026, 12:00 AM",1523446,3S_Jan2024_CNG_AC,Zone_A,13.6,960
catalyst-Sac,Santa Clara Office,Rohan Mikhailov Travel,"July 1, 2026, 12:00 AM","July 31, 2026, 12:00 AM",1535275,5S_Jan2024_CNG_AC,Zone_B,21.8,"2,308.5"
catalyst-Sac,Crestwood Campus,Vikram Mikhailov Travel,"July 1, 2026, 12:00 AM","July 31, 2026, 12:00 AM",1559233,3S_Jan2024_CNG_AC,Zone_B,15.54,"1,245"
vanta-Aus,Cedar Ridge Office,Anjali Mikhailov Travel,"July 1, 2026, 12:00 AM","July 31, 2026, 12:00 AM",1255503,6S-HYD,Short,0,"1,254.43"
vanta-Aus,Cedar Ridge Office,Meera Pavlov Travel,"July 1, 2026, 12:00 AM","July 31, 2026, 12:00 AM",1208785,4S-EV-Z,Long,0,"1,200"
catalyst-Sac,Santa Clara Office,Vikram Mikhailov Travel,"July 1, 2026, 12:00 AM","July 31, 2026, 12:00 AM",1520345,5S_Jan2024_CNG_AC,Zone_B,30.1,"2,308.5"
orbit-Slc,Lakeside Commons,Rahul Mikhailov Travel,"June 16, 2026, 12:00 AM","June 30, 2026, 12:00 AM",1308005,4Seater-LVT-July,21-30,25.1,"1,072.5"
catalyst-Sac,Fairview Commons,Arjun Mikhailov Travel,"July 1, 2026, 12:00 AM","July 31, 2026, 12:00 AM",1519261,3S_Jan2024_CNG_AC,Zone_C,27.91,"2,227.5"
catalyst-Sac,Crestwood Campus,Rohan Mikhailov Travel,"July 1, 2026, 12:00 AM","July 31, 2026, 12:00 AM",1544025,3S_Jan2024_CNG_AC,Zone_B,24.32,"1,245"
vanta-Aus,Cedar Ridge Office,Sanjay Mikhailov Travel,"July 1, 2026, 12:00 AM","July 31, 2026, 12:00 AM",1233441,6S-EV-HTK,Long,0,"1,875"
catalyst-Sac,Santa Clara Office,Sanjay Mikhailov Travel,"July 1, 2026, 12:00 AM","July 31, 2026, 12:00 AM",1558498,3S_Jan2024_CNG_AC,Zone_B,26.9,"1,245"
vanta-Aus,Cedar Ridge Office,Priya Mikhailov Travel,"July 1, 2026, 12:00 AM","July 31, 2026, 12:00 AM",1225615,4S-EV-Z,Medium,0,"1,200"
vanta-Aus,Cedar Ridge Office,Sanjay Mikhailov Travel,"July 1, 2026, 12:00 AM","July 31, 2026, 12:00 AM",1227721,4S-EV-Z,Medium,0,"1,200"
orbit-Slc,Eastgate Office,Rohan Mikhailov Travel,"July 1, 2026, 12:00 AM","July 15, 2026, 12:00 AM",1320627,NPT4_SEATER_EV,Slab 1,29.32,"1,170"
vanta-Aus,Cedar Ridge Office,Meera Pavlov Travel,"July 1, 2026, 12:00 AM","July 31, 2026, 12:00 AM",1244027,6S-HYD,Short,0,"1,254.43"
orbit-Slc,Lakeside Commons,Rahul Mikhailov Travel,"July 1, 2026, 12:00 AM","July 15, 2026, 12:00 AM",1322879,4Seater-LVT-July,0-20,13.5,885
pinnacle-Slc,Clearwater Campus,Karan Mikhailov Travel,"July 1, 2026, 12:00 AM","July 31, 2026, 12:00 AM",3407577,4Seater,Slab2,11.39,"1,020"
pinnacle-Slc,Willow Bend Campus,Divya Sokolov Travel,"July 1, 2026, 12:00 AM","July 31, 2026, 12:00 AM",3358871,4Seater,Slab1,7.5,915
pinnacle-Slc,Willow Bend Campus,Amit Mikhailov Travel,"July 1, 2026, 12:00 AM","July 31, 2026, 12:00 AM",3344232,4Seater,Slab3,22.01,"1,162.5"
pinnacle-Slc,Clearwater Campus,Karan Mikhailov Travel,"July 1, 2026, 12:00 AM","July 31, 2026, 12:00 AM",3481115,DV_Package,null,24.03,"1,260.8"
pinnacle-Slc,Oakmont Office,Rahul Mikhailov Travel,"July 1, 2026, 12:00 AM","July 31, 2026, 12:00 AM",3471345,4Seater,Slab1,5,915
pinnacle-Slc,Clearwater Campus,Rahul Orlov Travel,"July 1, 2026, 12:00 AM","July 31, 2026, 12:00 AM",3480624,DV_Package,null,19.56,"1,260.86"
pinnacle-Slc,Oakmont Office,Divya Mikhailov Travel,"July 1, 2026, 12:00 AM","July 31, 2026, 12:00 AM",3337191,4Seater,Slab2,10.6,"1,020"
pinnacle-Slc,Willow Bend Campus,Rahul Mikhailov Travel,"July 1, 2026, 12:00 AM","July 31, 2026, 12:00 AM",3465531,4Seater,Slab2,12.9,"1,530"
pinnacle-Slc,Clearwater Campus,Rahul Morozov Travel,"July 1, 2026, 12:00 AM","July 31, 2026, 12:00 AM",3342691,DV_Package,null,4.21,945.66
pinnacle-Slc,Clearwater Campus,Arjun Mikhailov Travel,"July 1, 2026, 12:00 AM","July 31, 2026, 12:00 AM",3342937,6Seater,Slab1,7.2,"1,140"
pinnacle-Slc,Oakmont Office,Divya Mikhailov Travel,"July 1, 2026, 12:00 AM","July 31, 2026, 12:00 AM",3449722,EV_Package,null,10.03,"1,198.34"
pinnacle-Slc,Oakmont Office,Aarav Mikhailov Travel,"July 1, 2026, 12:00 AM","July 31, 2026, 12:00 AM",3411634,4Seater,Slab1,10,915
pinnacle-Slc,Oakmont Office,Arjun Mikhailov Travel,"July 1, 2026, 12:00 AM","July 31, 2026, 12:00 AM",3411053,DV_Package,null,21.9,"1,260.87"
vanta-Aus,Cedar Ridge Office,Priya Mikhailov Travel,"May 1, 2026, 12:00 AM","May 31, 2026, 12:00 AM",1147974,4S-EV-Z,XLong,0,"1,200"
vanta-Aus,Cedar Ridge Office,Meera Pavlov Travel,"May 1, 2026, 12:00 AM","May 31, 2026, 12:00 AM",1125106,4S-HYD,Medium,0,"1,140"
vanta-Aus,Cedar Ridge Office,Sneha Mikhailov Travel,"May 1, 2026, 12:00 AM","May 31, 2026, 12:00 AM",1105362,4S-HYD,Short,0,948
catalyst-Sac,Santa Clara Office,Vikram Mikhailov Travel,"May 1, 2026, 12:00 AM","May 31, 2026, 12:00 AM",1449307,3S_Jan2024_CNG_AC,Zone_B,22.7,"1,218.75"
catalyst-Sac,Santa Clara Office,Divya Mikhailov Travel,"May 1, 2026, 12:00 AM","May 31, 2026, 12:00 AM",1454882,3S_Jan2024_CNG_AC,Zone_A,6,"1,420.32"
orbit-Slc,Lakeside Commons,Anjali Mikhailov Travel,"May 1, 2026, 12:00 AM","May 15, 2026, 12:00 AM",1217331,4SEATER_BTT_2025,21-30,27.1,"1,665"
vanta-Aus,Cedar Ridge Office,Anjali Mikhailov Travel,"May 1, 2026, 12:00 AM","May 31, 2026, 12:00 AM",1102236,6S-HYD,Medium,0,"1,629"
vanta-Aus,Cedar Ridge Office,Sanjay Mikhailov Travel,"May 1, 2026, 12:00 AM","May 31, 2026, 12:00 AM",1114440,6S-EV-HTK,Short,0,"1,875"
orbit-Slc,Lakeside Commons,Rahul Mikhailov Travel,"May 1, 2026, 12:00 AM","May 15, 2026, 12:00 AM",1227721,8Seater-LVT-July,31-above,43.19,"1,695"
orbit-Slc,Cedar Ridge Office,Anjali Mikhailov Travel,"May 1, 2026, 12:00 AM","May 15, 2026, 12:00 AM",1219229,4SEATER_BTT_2025,0-20,16.75,"1,440"
catalyst-Sac,Santa Clara Office,Divya Mikhailov Travel,"May 1, 2026, 12:00 AM","May 31, 2026, 12:00 AM",1457643,3S_Jan2024_CNG_AC,Zone_B,29.7,"1,218.75"
orbit-Slc,Eastgate Office,Rohan Mikhailov Travel,"May 1, 2026, 12:00 AM","May 15, 2026, 12:00 AM",1222764,NPT_4_SEATER,Slab1,21.3,"1,170"
orbit-Slc,Eastgate Office,Rohan Mikhailov Travel,"May 1, 2026, 12:00 AM","May 15, 2026, 12:00 AM",1228907,NPT4_SEATER_EV,Slab 1,28.46,"1,170"
vanta-Aus,Cedar Ridge Office,Meera Pavlov Travel,"June 1, 2026, 12:00 AM","June 30, 2026, 12:00 AM",1192366,6S-HYD,Short,0,"1,227"
pinnacle-Slc,Oakmont Office,Amit Volkov Travel,"June 1, 2026, 12:00 AM","June 30, 2026, 12:00 AM",3201248,4Seater,Slab2,16.9,"1,020"
pinnacle-Slc,Oakmont Office,Karan Mikhailov Travel,"June 1, 2026, 12:00 AM","June 30, 2026, 12:00 AM",3250754,4Seater,Slab4,30.9,"1,935"
pinnacle-Slc,Clearwater Campus,Rahul Orlov Travel,"June 1, 2026, 12:00 AM","June 30, 2026, 12:00 AM",3284317,DV_Package,null,10.54,"1,318.18"
pinnacle-Slc,Clearwater Campus,Aarav Mikhailov Travel,"June 1, 2026, 12:00 AM","June 30, 2026, 12:00 AM",3222226,DV_Package,null,7.5,"1,318.18"
pinnacle-Slc,Clearwater Campus,Rahul Mikhailov Travel,"June 1, 2026, 12:00 AM","June 30, 2026, 12:00 AM",3211864,4Seater,Slab1,2.53,915
pinnacle-Slc,Clearwater Campus,Rahul Mikhailov Travel,"June 1, 2026, 12:00 AM","June 30, 2026, 12:00 AM",3296625,4Seater,Slab1,4.05,915
pinnacle-Slc,Clearwater Campus,Sanjay Mikhailov Travel,"June 1, 2026, 12:00 AM","June 30, 2026, 12:00 AM",3264908,4Seater,Slab1,3.8,915
pinnacle-Slc,Clearwater Campus,Rahul Orlov Travel,"June 1, 2026, 12:00 AM","June 30, 2026, 12:00 AM",3191575,DV_Package,null,14.48,"1,318.18"
pinnacle-Slc,Oakmont Office,Sanjay Mikhailov Travel,"June 1, 2026, 12:00 AM","June 30, 2026, 12:00 AM",3298487,4Seater,Slab3,21.94,"1,743.75"
pinnacle-Slc,Clearwater Campus,Arjun Mikhailov Travel,"June 1, 2026, 12:00 AM","June 30, 2026, 12:00 AM",3203880,DV_Package,null,2.37,"1,318.18"
pinnacle-Slc,Clearwater Campus,Karan Mikhailov Travel,"June 1, 2026, 12:00 AM","June 30, 2026, 12:00 AM",3244952,4Seater,Slab2,10.9,"1,020"
pinnacle-Slc,Clearwater Campus,Sanjay Mikhailov Travel,"June 1, 2026, 12:00 AM","June 30, 2026, 12:00 AM",3212099,DV_Package,null,7.07,"1,318.18"
pinnacle-Slc,Willow Bend Campus,Arjun Mikhailov Travel,"June 1, 2026, 12:00 AM","June 30, 2026, 12:00 AM",3297681,4Seater,Slab2,19.09,"1,020"
pinnacle-Slc,Clearwater Campus,Divya Mikhailov Travel,"June 1, 2026, 12:00 AM","June 30, 2026, 12:00 AM",3299870,EV_Package,null,4.99,"1,670.46"
pinnacle-Slc,Clearwater Campus,Amit Mikhailov Travel,"June 1, 2026, 12:00 AM","June 30, 2026, 12:00 AM",3286463,4Seater,Slab2,15.6,"1,020"
pinnacle-Slc,Clearwater Campus,Rohan Mikhailov Travel,"June 1, 2026, 12:00 AM","June 30, 2026, 12:00 AM",3269356,4Seater,Slab4,31.73,"1,290"
pinnacle-Slc,Willow Bend Campus,Aarav Mikhailov Travel,"June 1, 2026, 12:00 AM","June 30, 2026, 12:00 AM",3221835,4Seater,Slab1,9,915
pinnacle-Slc,Clearwater Campus,Karan Mikhailov Travel,"June 1, 2026, 12:00 AM","June 30, 2026, 12:00 AM",3269832,4Seater,Slab1,9.62,915
pinnacle-Slc,Oakmont Office,Rahul Mikhailov Travel,"June 1, 2026, 12:00 AM","June 30, 2026, 12:00 AM",3311093,4Seater,Slab2,12.85,"1,530"
orbit-Slc,Cedar Ridge Office,Rahul Mikhailov Travel,"May 16, 2026, 12:00 AM","May 31, 2026, 12:00 AM",1244027,4Seater-LVT-July,21-30,30.2,"1,072.5"
vanta-Aus,Cedar Ridge Office,Anjali Mikhailov Travel,"May 1, 2026, 12:00 AM","May 31, 2026, 12:00 AM",1104258,6S-HYD,Long,0,"1,800"
vanta-Aus,Cedar Ridge Office,Meera Pavlov Travel,"June 1, 2026, 12:00 AM","June 30, 2026, 12:00 AM",1181516,4S-HYD,Short,0,948
catalyst-Sac,Santa Clara Office,Vikram Mikhailov Travel,"June 1, 2026, 12:00 AM","June 30, 2026, 12:00 AM",1494000,3S_Jan2024_CNG_AC,Zone_B,23.75,"1,237.5"
vanta-Aus,Cedar Ridge Office,Anjali Mikhailov Travel,"June 1, 2026, 12:00 AM","June 30, 2026, 12:00 AM",1193007,6S-HYD,Short,0,"1,227"
vanta-Aus,Cedar Ridge Office,Sneha Mikhailov Travel,"May 1, 2026, 12:00 AM","May 31, 2026, 12:00 AM",1118457,4S-HYD,Long,0,"1,354.5"
vanta-Aus,Cedar Ridge Office,Priya Mikhailov Travel,"June 1, 2026, 12:00 AM","June 30, 2026, 12:00 AM",1153961,6S-HYD,Medium,0,"1,629"
vanta-Aus,Cedar Ridge Office,Sneha Mikhailov Travel,"June 1, 2026, 12:00 AM","June 30, 2026, 12:00 AM",1165356,4S-EV-Z,Short,0,"1,200"
catalyst-Sac,Redwood City Center,Sanjay Mikhailov Travel,"June 1, 2026, 12:00 AM","June 30, 2026, 12:00 AM",1508198,3S_Jan2024_CNG_AC,Zone_B,21.86,"1,237.5"
catalyst-Sac,Santa Clara Office,Divya Mikhailov Travel,"June 1, 2026, 12:00 AM","June 30, 2026, 12:00 AM",1486270,3S_Jan2024_CNG_AC,Zone_B,25.7,"1,856.25"
vanta-Aus,Cedar Ridge Office,Sneha Mikhailov Travel,"June 1, 2026, 12:00 AM","June 30, 2026, 12:00 AM",1165636,4S-HYD,XLong,0,"1,543.5"
orbit-Slc,Lakeside Commons,Rahul Mikhailov Travel,"June 1, 2026, 12:00 AM","June 15, 2026, 12:00 AM",1256543,8Seater-LVT-July,31-above,32.04,"1,695"
vanta-Aus,Cedar Ridge Office,Sneha Mikhailov Travel,"June 1, 2026, 12:00 AM","June 30, 2026, 12:00 AM",1167331,4S-EV-Z,Long,0,"1,200"
orbit-Slc,Eastgate Office,Rohan Mikhailov Travel,"June 1, 2026, 12:00 AM","June 15, 2026, 12:00 AM",1276915,NPT4_SEATER_EV,Slab 1,20.67,"1,170"
catalyst-Sac,Santa Clara Office,Vikram Mikhailov Travel,"June 1, 2026, 12:00 AM","June 30, 2026, 12:00 AM",1513934,3S_Jan2024_CNG_AC,Zone_B,24,"1,856.25"
catalyst-Sac,Santa Clara Office,Vikram Mikhailov Travel,"June 1, 2026, 12:00 AM","June 30, 2026, 12:00 AM",1500105,3S_Jan2024_AC,Zone_B,20.79,"1,898.85"
catalyst-Sac,Santa Clara Office,Vikram Mikhailov Travel,"June 1, 2026, 12:00 AM","June 30, 2026, 12:00 AM",1476076,3S_Jan2024_CNG_AC,Zone_B,16.1,"1,237.5"
catalyst-Sac,Fairview Commons,Arjun Mikhailov Travel,"June 1, 2026, 12:00 AM","June 30, 2026, 12:00 AM",1480496,3S_Jan2024_CNG_AC,Zone_A,9.3,"1,434.38"
vanta-Aus,Cedar Ridge Office,Meera Pavlov Travel,"June 1, 2026, 12:00 AM","June 30, 2026, 12:00 AM",1194838,4S-HYD,Medium,0,"1,140"
catalyst-Sac,Santa Clara Office,Divya Mikhailov Travel,"June 1, 2026, 12:00 AM","June 30, 2026, 12:00 AM",1492188,3S_Jan2024_CNG_AC,Zone_A,3.7,"1,434.38"
pinnacle-Slc,Oakmont Office,Arjun Mikhailov Travel,"June 1, 2026, 12:00 AM","June 30, 2026, 12:00 AM",3173933,6Seater,Slab1,8.7,"1,140"
pinnacle-Slc,Clearwater Campus,Sanjay Mikhailov Travel,"June 1, 2026, 12:00 AM","June 30, 2026, 12:00 AM",3303371,4Seater,Slab1,4.4,915
pinnacle-Slc,Oakmont Office,Rohan Mikhailov Travel,"June 1, 2026, 12:00 AM","June 30, 2026, 12:00 AM",3273815,DV_Package,null,7.5,"1,318.18"
pinnacle-Slc,Clearwater Campus,Rohan Mikhailov Travel,"June 1, 2026, 12:00 AM","June 30, 2026, 12:00 AM",3319790,4Seater,Slab1,8.7,915
pinnacle-Slc,Willow Bend Campus,Rahul Morozov Travel,"June 1, 2026, 12:00 AM","June 30, 2026, 12:00 AM",3305186,4Seater,Slab2,11.23,"1,020"
pinnacle-Slc,Clearwater Campus,Amit Mikhailov Travel,"June 1, 2026, 12:00 AM","June 30, 2026, 12:00 AM",3303628,DV_Package,null,2,988.63
pinnacle-Slc,Oakmont Office,Amit Mikhailov Travel,"June 1, 2026, 12:00 AM","June 30, 2026, 12:00 AM",3226337,4Seater,Slab2,16.3,"1,020"
pinnacle-Slc,Clearwater Campus,Divya Mikhailov Travel,"July 1, 2026, 12:00 AM","July 31, 2026, 12:00 AM",3356163,DV_Package,null,10,945.66
pinnacle-Slc,Clearwater Campus,Rohan Mikhailov Travel,"July 1, 2026, 12:00 AM","July 31, 2026, 12:00 AM",3464655,DV_Package,null,18.63,"1,260.87"
pinnacle-Slc,Oakmont Office,Rahul Mikhailov Travel,"July 1, 2026, 12:00 AM","July 31, 2026, 12:00 AM",3444529,4Seater,Slab1,6.3,"1,372.5"
pinnacle-Slc,Willow Bend Campus,Rohan Mikhailov Travel,"July 1, 2026, 12:00 AM","July 31, 2026, 12:00 AM",3410558,4Seater,Slab2,12.1,"1,020"
pinnacle-Slc,Clearwater Campus,Aarav Mikhailov Travel,"July 1, 2026, 12:00 AM","July 31, 2026, 12:00 AM",3399829,6Seater,Slab1,4.2,"1,710"
pinnacle-Slc,Willow Bend Campus,Divya Mikhailov Travel,"July 1, 2026, 12:00 AM","July 31, 2026, 12:00 AM",3390188,4Seater,Slab2,12.13,"1,020"
pinnacle-Slc,Clearwater Campus,Karan Mikhailov Travel,"July 1, 2026, 12:00 AM","July 31, 2026, 12:00 AM",3394576,4Seater,Slab1,10,915
pinnacle-Slc,Clearwater Campus,Aarav Mikhailov Travel,"July 1, 2026, 12:00 AM","July 31, 2026, 12:00 AM",3414510,DV_Package,null,5.5,"1,260.87"
pinnacle-Slc,Clearwater Campus,Rahul Morozov Travel,"July 1, 2026, 12:00 AM","July 31, 2026, 12:00 AM",3360629,4Seater,Slab1,1.5,915
pinnacle-Slc,Willow Bend Campus,Rahul Mikhailov Travel,"July 1, 2026, 12:00 AM","July 31, 2026, 12:00 AM",3457728,4Seater,Slab2,19.1,"1,020"
pinnacle-Slc,Clearwater Campus,Rohan Mikhailov Travel,"July 1, 2026, 12:00 AM","July 31, 2026, 12:00 AM",3345321,4Seater,Slab3,29.8,"1,162.5"
pinnacle-Slc,Oakmont Office,Divya Kozlov Travel,"July 1, 2026, 12:00 AM","July 31, 2026, 12:00 AM",3364870,DV_Package,null,25.47,"1,260.87"
pinnacle-Slc,Clearwater Campus,Divya Kozlov Travel,"July 1, 2026, 12:00 AM","July 31, 2026, 12:00 AM",3354502,DV_Package,null,7.4,"1,260.87"
pinnacle-Slc,Willow Bend Campus,Rahul Orlov Travel,"July 1, 2026, 12:00 AM","July 31, 2026, 12:00 AM",3384014,DV_Package,null,17.22,"1,260.87"
pinnacle-Slc,Willow Bend Campus,Aarav Mikhailov Travel,"July 1, 2026, 12:00 AM","July 31, 2026, 12:00 AM",3437328,DV_Package,null,16.58,"1,260.87"
vanta-Aus,Cedar Ridge Office,Meera Pavlov Travel,"July 1, 2026, 12:00 AM","July 31, 2026, 12:00 AM",1251150,6S-HYD,Long,0,"1,882.3"
vanta-Aus,Cedar Ridge Office,Anjali Mikhailov Travel,"July 1, 2026, 12:00 AM","July 31, 2026, 12:00 AM",1241362,6S-HYD,Long,0,"1,882.3"
orbit-Slc,Cedar Ridge Office,Anjali Mikhailov Travel,"July 16, 2026, 12:00 AM","July 31, 2026, 12:00 AM",1353640,4SEATER_BTT_2025,0-20,9.96,960
orbit-Slc,Eastgate Office,Rohan Mikhailov Travel,"July 16, 2026, 12:00 AM","July 31, 2026, 12:00 AM",1350116,NPT_4_SEATER,Slab1,12.33,"1,170"
orbit-Slc,Cedar Ridge Office,Rahul Mikhailov Travel,"July 16, 2026, 12:00 AM","July 31, 2026, 12:00 AM",1344898,LVT_4_SEATER_EV,Slab-0-20,19.38,885
vanta-Sea,Denver Office,Anjali Mikhailov Travel,"June 1, 2026, 12:00 AM","June 30, 2026, 12:00 AM",4989842,4S-150ORRNEW,Medium,0,"1,365.5"
vanta-Sea,Denver Office,Sanjay Mikhailov Travel,"June 1, 2026, 12:00 AM","June 30, 2026, 12:00 AM",4963926,4S-EV-Z,Long,0,"1,275"
vanta-Sea,Denver Office,Aarav Mikhailov Travel,"June 1, 2026, 12:00 AM","June 30, 2026, 12:00 AM",4995299,6S-150ORRNEW,Long,0,"2,116.01"
vanta-Sea,Denver Office,Isha Mikhailov Travel,"June 1, 2026, 12:00 AM","June 30, 2026, 12:00 AM",4958024,6S-150ORRNEW,Medium,0,"1,798.17"
vanta-Sea,Denver Office,Priya Mikhailov Travel,"June 1, 2026, 12:00 AM","June 30, 2026, 12:00 AM",4956872,BUS-ORRNEW-SML,null,0,"2,786.65"
vanta-Sea,Denver Office,Sanjay Mikhailov Travel,"June 1, 2026, 12:00 AM","June 30, 2026, 12:00 AM",4998308,6S-150ORRNEW,Short,0,"1,390.34"
vanta-Sea,Denver Office,Priya Mikhailov Travel,"June 1, 2026, 12:00 AM","June 30, 2026, 12:00 AM",4917334,4S-150ORRNEW,Medium,0,"1,365.5"
vanta-Sea,Denver Office,Sanjay Mikhailov Travel,"May 1, 2026, 12:00 AM","May 31, 2026, 12:00 AM",4843150,4S-EV-Z,Short,0,"1,275"
vanta-Sea,Denver Office,Aarav Mikhailov Travel,"May 1, 2026, 12:00 AM","May 31, 2026, 12:00 AM",4834206,BUS-ORRNEW-TT,null,0,"2,181.91"
vanta-Sea,Denver Office,Aarav Petrov Travel,"May 1, 2026, 12:00 AM","May 31, 2026, 12:00 AM",4883199,BUS-ORRNEW-TT,null,0,"1,147.2"
vanta-Sea,Denver Office,Sanjay Mikhailov Travel,"May 1, 2026, 12:00 AM","May 31, 2026, 12:00 AM",4878092,4S-150ORRNEW,Medium,0,"1,365.5"
vanta-Sea,Denver Office,Anjali Mikhailov Travel,"May 1, 2026, 12:00 AM","May 31, 2026, 12:00 AM",4868503,4S-EV-Z,Short,0,"1,275"
vanta-Sea,Denver Office,Anjali Mikhailov Travel,"June 1, 2026, 12:00 AM","June 30, 2026, 12:00 AM",4942721,4S-150ORRNEW,Short,0,"1,057.75"
vanta-Sea,Denver Office,Priya Mikhailov Travel,"May 1, 2026, 12:00 AM","May 31, 2026, 12:00 AM",4858693,BUS-ORRNEW-SML,null,0,"3,204.66"
vanta-Sea,Denver Office,Isha Mikhailov Travel,"June 1, 2026, 12:00 AM","June 30, 2026, 12:00 AM",4931023,4S-150ORRNEW,Long,0,"1,613.25"
vanta-Sea,Denver Office,Priya Mikhailov Travel,"May 1, 2026, 12:00 AM","May 31, 2026, 12:00 AM",4850315,4S-EV-Z,Medium,0,"1,275"
vanta-Sea,Denver Office,Priya Mikhailov Travel,"May 1, 2026, 12:00 AM","May 31, 2026, 12:00 AM",4893241,4S-EV-Z,Medium,0,"1,275"
vanta-Sea,Denver Office,Sanjay Mikhailov Travel,"June 1, 2026, 12:00 AM","June 30, 2026, 12:00 AM",4937564,BUS-ORRNEW-SML,null,0,"2,299.99"
vanta-Sea,Denver Office,Aarav Mikhailov Travel,"May 1, 2026, 12:00 AM","May 31, 2026, 12:00 AM",4859147,BUS-ORRNEW-TT,null,0,834.32
vanta-Sea,Denver Office,Priya Mikhailov Travel,"May 1, 2026, 12:00 AM","May 31, 2026, 12:00 AM",4840131,6S-150ORRNEW,Long,0,"2,116.01"
vanta-Sea,Denver Office,Anjali Mikhailov Travel,"May 1, 2026, 12:00 AM","May 31, 2026, 12:00 AM",4815568,4S-150ORRNEW,Long,0,"1,613.25"
vanta-Sea,Denver Office,Sanjay Mikhailov Travel,"June 1, 2026, 12:00 AM","June 30, 2026, 12:00 AM",4928258,BUS-ORRNEW-SML,null,0,"2,299.99"
vanta-Sea,Denver Office,Sanjay Mikhailov Travel,"June 1, 2026, 12:00 AM","June 30, 2026, 12:00 AM",4931508,BUS-ORRNEW-SML,null,0,"2,359.99"
vanta-Sea,Denver Office,Sanjay Mikhailov Travel,"May 1, 2026, 12:00 AM","May 31, 2026, 12:00 AM",4860628,BUS-ORRNEW-TT,null,0,"3,089.2"
vanta-Sea,Denver Office,Priya Mikhailov Travel,"June 1, 2026, 12:00 AM","June 30, 2026, 12:00 AM",4973262,BUS-ORRNEW-TT,null,0,818.93
vanta-Sea,Denver Office,Sanjay Mikhailov Travel,"May 1, 2026, 12:00 AM","May 31, 2026, 12:00 AM",4899669,4S-150ORRNEW,Long,0,"1,613.25"
vanta-Sea,Denver Office,Priya Mikhailov Travel,"June 1, 2026, 12:00 AM","June 30, 2026, 12:00 AM",4974261,4S-EV-Z,Short,0,"1,275"
vanta-Sea,Denver Office,Anjali Mikhailov Travel,"May 1, 2026, 12:00 AM","May 31, 2026, 12:00 AM",4846175,6S-150ORRNEW,Medium,0,"1,798.17"
vanta-Sea,Denver Office,Aarav Petrov Travel,"May 1, 2026, 12:00 AM","May 31, 2026, 12:00 AM",4889496,4S-EV-Z,Long,0,"1,275"
vanta-Sea,Denver Office,Anjali Mikhailov Travel,"June 1, 2026, 12:00 AM","June 30, 2026, 12:00 AM",4991850,6S-150ORRNEW,Medium,0,"1,798.17"
vanta-Sea,Denver Office,Anjali Mikhailov Travel,"June 1, 2026, 12:00 AM","June 30, 2026, 12:00 AM",4908690,BUS-ORRNEW-SML,null,0,"2,936.65"
vanta-Sea,Denver Office,Aarav Mikhailov Travel,"May 1, 2026, 12:00 AM","May 31, 2026, 12:00 AM",4856466,4S-150ORRNEW,Medium,0,"1,365.5"
vanta-Sea,Denver Office,Anjali Mikhailov Travel,"May 1, 2026, 12:00 AM","May 31, 2026, 12:00 AM",4847486,BUS-ORRNEW-SML,null,0,"3,354.66"
vanta-Sea,Denver Office,Sanjay Mikhailov Travel,"May 1, 2026, 12:00 AM","May 31, 2026, 12:00 AM",4827359,4S-EV-Z,Long,0,"1,275"
vanta-Sea,Denver Office,Aarav Mikhailov Travel,"July 1, 2026, 12:00 AM","July 31, 2026, 12:00 AM",5086849,6S-150ORRNEW,Long,0,"2,194.1"
vanta-Sea,Denver Office,Isha Mikhailov Travel,"July 1, 2026, 12:00 AM","July 31, 2026, 12:00 AM",5032091,4S-150ORRNEW,Medium,0,"1,404.56"
vanta-Sea,Denver Office,Sanjay Mikhailov Travel,"July 1, 2026, 12:00 AM","July 31, 2026, 12:00 AM",5046933,BUS-ORRNEW-SML,null,0,"2,268.01"
vanta-Sea,Denver Office,Priya Mikhailov Travel,"July 1, 2026, 12:00 AM","July 31, 2026, 12:00 AM",5091185,6S-150ORRNEW,Long,0,"2,194.1"
vanta-Sea,Denver Office,Sanjay Mikhailov Travel,"July 1, 2026, 12:00 AM","July 31, 2026, 12:00 AM",5087898,4S-EV-Z,Medium,0,"1,275"
vanta-Sea,Denver Office,Aarav Mikhailov Travel,"July 1, 2026, 12:00 AM","July 31, 2026, 12:00 AM",5070656,6S-150ORRNEW,Short,0,"1,416.36"
vanta-Sea,Denver Office,Aarav Mikhailov Travel,"July 1, 2026, 12:00 AM","July 31, 2026, 12:00 AM",5053627,4S-EV-Z,Short,0,"1,275"
vanta-Sea,Denver Office,Isha Mikhailov Travel,"July 1, 2026, 12:00 AM","July 31, 2026, 12:00 AM",5062066,4S-150ORRNEW,Long,0,"1,671.82"
vanta-Sea,Denver Office,Priya Mikhailov Travel,"July 1, 2026, 12:00 AM","July 31, 2026, 12:00 AM",5029270,4S-150ORRNEW,Long,0,"1,671.82"
vanta-Sea,Denver Office,Rohan Mikhailov Travel,"July 1, 2026, 12:00 AM","July 31, 2026, 12:00 AM",5003230,BUS-ORRNEW-SML,null,0,"4,236.03"
vanta-Sea,Denver Office,Sanjay Mikhailov Travel,"July 1, 2026, 12:00 AM","July 31, 2026, 12:00 AM",5010205,6S-EV-HTK,Long,29,"1,875"
pinnacle-Slc,Willow Bend Campus,Sanjay Mikhailov Travel,"May 1, 2026, 12:00 AM","May 31, 2026, 12:00 AM",3062072,4Seater,Slab3,24.2,"1,162.5"
pinnacle-Slc,Willow Bend Campus,Rohan Mikhailov Travel,"May 1, 2026, 12:00 AM","May 31, 2026, 12:00 AM",3160994,DV_Package,null,15.78,"1,144.74"
pinnacle-Slc,Willow Bend Campus,Amit Mikhailov Travel,"May 1, 2026, 12:00 AM","May 31, 2026, 12:00 AM",3129949,4Seater,Slab1,7.1,915
pinnacle-Slc,Willow Bend Campus,Rahul Morozov Travel,"May 1, 2026, 12:00 AM","May 31, 2026, 12:00 AM",3168758,DV_Package,null,3,"1,526.37"
pinnacle-Slc,Oakmont Office,Divya Mikhailov Travel,"May 1, 2026, 12:00 AM","May 31, 2026, 12:00 AM",3110758,4Seater,Slab2,11.52,"1,020"
pinnacle-Slc,Willow Bend Campus,Karan Mikhailov Travel,"May 1, 2026, 12:00 AM","May 31, 2026, 12:00 AM",3144456,4Seater,Slab1,4.9,915
pinnacle-Slc,Clearwater Campus,Divya Mikhailov Travel,"May 1, 2026, 12:00 AM","May 31, 2026, 12:00 AM",3071004,4Seater,Slab1,5.4,915
pinnacle-Slc,Oakmont Office,Rahul Morozov Travel,"May 1, 2026, 12:00 AM","May 31, 2026, 12:00 AM",3085579,EV_Package,null,10,"1,934.2"
pinnacle-Slc,Clearwater Campus,Aarav Mikhailov Travel,"May 1, 2026, 12:00 AM","May 31, 2026, 12:00 AM",3158125,4Seater,Slab1,2.53,915
pinnacle-Slc,Willow Bend Campus,Rohan Mikhailov Travel,"May 1, 2026, 12:00 AM","May 31, 2026, 12:00 AM",3110459,4Seater,Slab1,7.6,"1,372.5"
pinnacle-Slc,Clearwater Campus,Karan Mikhailov Travel,"May 1, 2026, 12:00 AM","May 31, 2026, 12:00 AM",3108734,4Seater,Slab1,5.18,915
pinnacle-Slc,Willow Bend Campus,Divya Kozlov Travel,"May 1, 2026, 12:00 AM","May 31, 2026, 12:00 AM",3117901,4Seater,Slab1,3.5,915
pinnacle-Slc,Clearwater Campus,Aarav Mikhailov Travel,"May 1, 2026, 12:00 AM","May 31, 2026, 12:00 AM",3108035,4Seater,Slab2,11.4,"1,020"
pinnacle-Slc,Clearwater Campus,Divya Mikhailov Travel,"May 1, 2026, 12:00 AM","May 31, 2026, 12:00 AM",3054411,4Seater,Slab1,7.26,915
pinnacle-Slc,Clearwater Campus,Divya Sokolov Travel,"May 1, 2026, 12:00 AM","May 31, 2026, 12:00 AM",3117421,4Seater,Slab3,21.9,"1,162.5"
pinnacle-Slc,Clearwater Campus,Rohan Mikhailov Travel,"May 1, 2026, 12:00 AM","May 31, 2026, 12:00 AM",3112961,DV_Package,null,19.88,"1,526.31"
pinnacle-Slc,Clearwater Campus,Divya Sokolov Travel,"May 1, 2026, 12:00 AM","May 31, 2026, 12:00 AM",3151407,4Seater,Slab1,10.41,915
pinnacle-Slc,Clearwater Campus,Divya Kozlov Travel,"May 1, 2026, 12:00 AM","May 31, 2026, 12:00 AM",3057519,4Seater,Slab2,12.4,"1,020"
pinnacle-Slc,Clearwater Campus,Arjun Mikhailov Travel,"May 1, 2026, 12:00 AM","May 31, 2026, 12:00 AM",3067719,6Seater,Slab1,6.67,"1,140"
pinnacle-Slc,Oakmont Office,Rohan Mikhailov Travel,"May 1, 2026, 12:00 AM","May 31, 2026, 12:00 AM",3062296,DV_Package,null,13.36,"1,144.74"
pinnacle-Slc,Clearwater Campus,Amit Volkov Travel,"June 1, 2026, 12:00 AM","June 30, 2026, 12:00 AM",3300306,DV_Package,null,5.8,"1,318.18"
pinnacle-Slc,Clearwater Campus,Rahul Morozov Travel,"June 1, 2026, 12:00 AM","June 30, 2026, 12:00 AM",3300536,DV_Package,null,7.22,988.63
pinnacle-Slc,Clearwater Campus,Rahul Morozov Travel,"June 1, 2026, 12:00 AM","June 30, 2026, 12:00 AM",3222696,4Seater,Slab1,8.3,915
pinnacle-Slc,Willow Bend Campus,Sanjay Mikhailov Travel,"June 1, 2026, 12:00 AM","June 30, 2026, 12:00 AM",3304681,4Seater,Slab1,9.1,915
catalyst-Sac,Santa Clara Office,Vikram Mikhailov Travel,"July 1, 2026, 12:00 AM","July 31, 2026, 12:00 AM",1537526,3S_Jan2024_CNG_AC,Zone_B,14.3,"1,245"
catalyst-Sac,Fairview Commons,Vikram Mikhailov Travel,"July 1, 2026, 12:00 AM","July 31, 2026, 12:00 AM",1527920,3S_Jan2024_CNG_AC,Zone_C,28.3,"2,227.5"
vanta-Aus,Cedar Ridge Office,Sneha Mikhailov Travel,"June 1, 2026, 12:00 AM","June 30, 2026, 12:00 AM",1179330,4S-HYD,Long,0,"1,354.5"
orbit-Slc,Eastgate Office,Rohan Mikhailov Travel,"June 16, 2026, 12:00 AM","June 30, 2026, 12:00 AM",1284195,NPT_4_SEATER,Slab1,18.3,"1,170"
vanta-Aus,Cedar Ridge Office,Anjali Mikhailov Travel,"July 1, 2026, 12:00 AM","July 31, 2026, 12:00 AM",1206853,6S-HYD,Medium,0,"1,683.87"
vanta-Aus,Cedar Ridge Office,Sneha Mikhailov Travel,"July 1, 2026, 12:00 AM","July 31, 2026, 12:00 AM",1206327,4S-HYD,Medium,0,"1,181.14"
catalyst-Sac,Santa Clara Office,Vikram Mikhailov Travel,"July 1, 2026, 12:00 AM","July 31, 2026, 12:00 AM",1519998,3S_Jan2024_CNG_AC,Zone_B,13.5,"1,867.5"
orbit-Slc,Cedar Ridge Office,Rahul Mikhailov Travel,"June 16, 2026, 12:00 AM","June 30, 2026, 12:00 AM",1303049,4Seater-LVT-July,0-20,10.3,885
vanta-Aus,Cedar Ridge Office,Anjali Mikhailov Travel,"July 1, 2026, 12:00 AM","July 31, 2026, 12:00 AM",1243074,6S-HYD,Medium,0,"1,683.87"
orbit-Slc,Lakeside Commons,Anjali Mikhailov Travel,"June 16, 2026, 12:00 AM","June 30, 2026, 12:00 AM",1306672,8SEATER_BTT_2025,31-above,35.45,"2,340"
orbit-Slc,Eastgate Office,Rohan Mikhailov Travel,"June 16, 2026, 12:00 AM","June 30, 2026, 12:00 AM",1284894,NPT_12_SEATER,NA,28.88,"3,619.5"
catalyst-Sac,Santa Clara Office,Vikram Mikhailov Travel,"July 1, 2026, 12:00 AM","July 31, 2026, 12:00 AM",1536733,3S_Jan2024_CNG_AC,Zone_B,16.3,"1,867.5"
orbit-Slc,Lakeside Commons,Rahul Mikhailov Travel,"July 1, 2026, 12:00 AM","July 15, 2026, 12:00 AM",1329338,8Seater-LVT-July,21-30,29.2,"1,372.5"
orbit-Slc,Eastgate Office,Rohan Mikhailov Travel,"July 1, 2026, 12:00 AM","July 15, 2026, 12:00 AM",1313316,NPT_4_SEATER,Slab1,29.7,"1,170"
vanta-Aus,Cedar Ridge Office,Meera Pavlov Travel,"July 1, 2026, 12:00 AM","July 31, 2026, 12:00 AM",1242080,6S-HYD,Medium,0,"1,683.87"
vanta-Aus,Cedar Ridge Office,Sneha Mikhailov Travel,"July 1, 2026, 12:00 AM","July 31, 2026, 12:00 AM",1217115,4S-EV-Z,Medium,0,"1,200"
catalyst-Sac,Santa Clara Office,Vikram Mikhailov Travel,"July 1, 2026, 12:00 AM","July 31, 2026, 12:00 AM",1518584,3S_Jan2024_CNG_AC,Zone_C,33.2,"2,227.5"
orbit-Slc,Lakeside Commons,Rahul Mikhailov Travel,"July 1, 2026, 12:00 AM","July 15, 2026, 12:00 AM",1310457,4Seater-LVT-July,31-above,32.9,"1,297.5"
pinnacle-Slc,Clearwater Campus,Rohan Mikhailov Travel,"July 1, 2026, 12:00 AM","July 31, 2026, 12:00 AM",3452483,DV_Package,null,14.4,"1,260.87"
pinnacle-Slc,Clearwater Campus,Amit Volkov Travel,"July 1, 2026, 12:00 AM","July 31, 2026, 12:00 AM",3354240,4Seater,Slab1,8.95,915
pinnacle-Slc,Clearwater Campus,Pooja Mikhailov Travel,"July 1, 2026, 12:00 AM","July 31, 2026, 12:00 AM",3338728,DV_Package,null,7.71,"1,260.87"
pinnacle-Slc,Willow Bend Campus,Rahul Mikhailov Travel,"July 1, 2026, 12:00 AM","July 31, 2026, 12:00 AM",3397008,4Seater,Slab2,16.15,"1,020"
pinnacle-Slc,Oakmont Office,Rohan Mikhailov Travel,"July 1, 2026, 12:00 AM","July 31, 2026, 12:00 AM",3436382,DV_Package,null,17.58,"1,260.87"
pinnacle-Slc,Clearwater Campus,Rahul Morozov Travel,"July 1, 2026, 12:00 AM","July 31, 2026, 12:00 AM",3459218,4Seater,Slab1,1.7,915
pinnacle-Slc,Clearwater Campus,Rohan Mikhailov Travel,"July 1, 2026, 12:00 AM","July 31, 2026, 12:00 AM",3402139,DV_Package,null,21.39,"1,358.37"
pinnacle-Slc,Willow Bend Campus,Pooja Mikhailov Travel,"July 1, 2026, 12:00 AM","July 31, 2026, 12:00 AM",3343456,DV_Package,null,4.9,"1,260.87"
pinnacle-Slc,Clearwater Campus,Rohan Mikhailov Travel,"July 1, 2026, 12:00 AM","July 31, 2026, 12:00 AM",3362080,4Seater,Slab1,8.41,915
pinnacle-Slc,Clearwater Campus,Divya Mikhailov Travel,"July 1, 2026, 12:00 AM","July 31, 2026, 12:00 AM",3435517,EV_Package,null,5.46,"1,198.37"
pinnacle-Slc,Clearwater Campus,Rohan Mikhailov Travel,"July 1, 2026, 12:00 AM","July 31, 2026, 12:00 AM",3362518,4Seater,Slab1,4.21,915
pinnacle-Slc,Clearwater Campus,Rahul Morozov Travel,"July 1, 2026, 12:00 AM","July 31, 2026, 12:00 AM",3342463,DV_Package,null,6.7,"1,260.87"
pinnacle-Slc,Willow Bend Campus,Rahul Orlov Travel,"July 1, 2026, 12:00 AM","July 31, 2026, 12:00 AM",3479269,DV_Package,null,4.2,"1,260.86"
pinnacle-Slc,Willow Bend Campus,Rohan Mikhailov Travel,"July 1, 2026, 12:00 AM","July 31, 2026, 12:00 AM",3347080,4Seater,Slab1,4.7,915
pinnacle-Slc,Clearwater Campus,Pooja Mikhailov Travel,"July 1, 2026, 12:00 AM","July 31, 2026, 12:00 AM",3395531,4Seater,Slab1,8.62,915
vanta-Aus,Cedar Ridge Office,Meera Pavlov Travel,"May 1, 2026, 12:00 AM","May 31, 2026, 12:00 AM",1137955,4S-EV-Z,Long,0,"1,200"
vanta-Aus,Cedar Ridge Office,Meera Pavlov Travel,"May 1, 2026, 12:00 AM","May 31, 2026, 12:00 AM",1139117,6S-HYD,Medium,0,"1,629"
catalyst-Sac,Santa Clara Office,Vikram Mikhailov Travel,"May 1, 2026, 12:00 AM","May 31, 2026, 12:00 AM",1458157,3S_Jan2024_CNG_AC,Zone_B,22.24,"1,828.13"
catalyst-Sac,Santa Clara Office,Vikram Mikhailov Travel,"May 1, 2026, 12:00 AM","May 31, 2026, 12:00 AM",1450936,3S_Jan2024_CNG_AC,Zone_D,35.6,"1,582.5"
vanta-Aus,Cedar Ridge Office,Sneha Mikhailov Travel,"May 1, 2026, 12:00 AM","May 31, 2026, 12:00 AM",1112676,6S-HYD,Long,0,"1,800"
catalyst-Sac,Santa Clara Office,Rohan Mikhailov Travel,"May 1, 2026, 12:00 AM","May 31, 2026, 12:00 AM",1467865,3S_Jan2024_CNG_AC,Zone_B,15.9,"1,828.13"
catalyst-Sac,Redwood City Center,Aarav Mikhailov Travel,"May 1, 2026, 12:00 AM","May 31, 2026, 12:00 AM",1443559,3S_Jan2024_AC,Zone_B,23.4,"1,235.89"
orbit-Slc,Cedar Ridge Office,Rahul Mikhailov Travel,"May 1, 2026, 12:00 AM","May 15, 2026, 12:00 AM",1217115,4Seater-LVT-July,31-above,33.92,"1,972.5"
catalyst-Sac,Santa Clara Office,Divya Mikhailov Travel,"May 1, 2026, 12:00 AM","May 31, 2026, 12:00 AM",1469716,3S_Jan2024_AC,Zone_A,7.1,916.53
orbit-Slc,Cedar Ridge Office,Rahul Mikhailov Travel,"May 1, 2026, 12:00 AM","May 15, 2026, 12:00 AM",1221437,4Seater-LVT-July,21-30,21.81,"1,072.5"
orbit-Slc,Eastgate Office,Rohan Mikhailov Travel,"May 16, 2026, 12:00 AM","May 31, 2026, 12:00 AM",1241362,NPT_4_SEATER,Slab1,19.63,"1,873.5"
vanta-Aus,Cedar Ridge Office,Sneha Mikhailov Travel,"June 1, 2026, 12:00 AM","June 30, 2026, 12:00 AM",1196982,4S-EV-Z,Long,0,"1,200"
orbit-Slc,Cedar Ridge Office,Rahul Mikhailov Travel,"May 16, 2026, 12:00 AM","May 31, 2026, 12:00 AM",1248045,4Seater-LVT-July,21-30,26.6,"1,072.5"
pinnacle-Slc,Clearwater Campus,Amit Mikhailov Travel,"June 1, 2026, 12:00 AM","June 30, 2026, 12:00 AM",3223157,4Seater,Slab1,8.02,915
pinnacle-Slc,Clearwater Campus,Sanjay Mikhailov Travel,"June 1, 2026, 12:00 AM","June 30, 2026, 12:00 AM",3202582,DV_Package,null,5.2,"1,318.18"
pinnacle-Slc,Willow Bend Campus,Sanjay Mikhailov Travel,"June 1, 2026, 12:00 AM","June 30, 2026, 12:00 AM",3323938,DV_Package,null,8.8,"1,318.17"
pinnacle-Slc,Clearwater Campus,Amit Volkov Travel,"June 1, 2026, 12:00 AM","June 30, 2026, 12:00 AM",3322974,DV_Package,null,4.2,"1,318.17"
pinnacle-Slc,Oakmont Office,Aarav Mikhailov Travel,"June 1, 2026, 12:00 AM","June 30, 2026, 12:00 AM",3182205,4Seater,Slab3,23.8,"1,162.5"
pinnacle-Slc,Oakmont Office,Rohan Mikhailov Travel,"June 1, 2026, 12:00 AM","June 30, 2026, 12:00 AM",3297955,4Seater,Slab3,26.78,"1,162.5"
pinnacle-Slc,Willow Bend Campus,Pooja Mikhailov Travel,"June 1, 2026, 12:00 AM","June 30, 2026, 12:00 AM",3294602,4Seater,Slab1,4.8,915
pinnacle-Slc,Clearwater Campus,Karan Mikhailov Travel,"June 1, 2026, 12:00 AM","June 30, 2026, 12:00 AM",3255458,4Seater,Slab1,1.9,915
pinnacle-Slc,Oakmont Office,Sanjay Mikhailov Travel,"June 1, 2026, 12:00 AM","June 30, 2026, 12:00 AM",3244103,6Seater,Slab3,26.05,"1,500"
pinnacle-Slc,Oakmont Office,Rahul Mikhailov Travel,"June 1, 2026, 12:00 AM","June 30, 2026, 12:00 AM",3325761,4Seater,Slab3,23,"1,743.75"
pinnacle-Slc,Willow Bend Campus,Divya Mikhailov Travel,"June 1, 2026, 12:00 AM","June 30, 2026, 12:00 AM",3221315,4Seater,Slab1,7.82,915
pinnacle-Slc,Willow Bend Campus,Rahul Orlov Travel,"June 1, 2026, 12:00 AM","June 30, 2026, 12:00 AM",3317830,DV_Package,null,10.3,"1,318.18"
pinnacle-Slc,Willow Bend Campus,Divya Sokolov Travel,"June 1, 2026, 12:00 AM","June 30, 2026, 12:00 AM",3288141,4Seater,Slab1,4.2,915
pinnacle-Slc,Clearwater Campus,Rahul Orlov Travel,"June 1, 2026, 12:00 AM","June 30, 2026, 12:00 AM",3232677,DV_Package,null,18.8,"1,318.18"
catalyst-Sac,Crestwood Campus,Rohan Mikhailov Travel,"June 1, 2026, 12:00 AM","June 30, 2026, 12:00 AM",1505588,3S_Jan2024_CNG_AC,Zone_B,16.2,"1,237.5"
orbit-Slc,Eastgate Office,Rohan Mikhailov Travel,"May 16, 2026, 12:00 AM","May 31, 2026, 12:00 AM",1245424,NPT_8_SEATER,NA,17.53,"1,506"
vanta-Aus,Cedar Ridge Office,Meera Pavlov Travel,"May 1, 2026, 12:00 AM","May 31, 2026, 12:00 AM",1141169,4S-HYD,Long,0,"1,354.5"
vanta-Aus,Cedar Ridge Office,Priya Mikhailov Travel,"June 1, 2026, 12:00 AM","June 30, 2026, 12:00 AM",1158766,4S-EV-Z,Short,0,"1,200"
catalyst-Sac,Crestwood Campus,Vikram Mikhailov Travel,"June 1, 2026, 12:00 AM","June 30, 2026, 12:00 AM",1484761,3S_Jan2024_CNG_AC,Zone_B,21.74,"1,856.25"
orbit-Slc,Eastgate Office,Rohan Mikhailov Travel,"June 1, 2026, 12:00 AM","June 15, 2026, 12:00 AM",1278632,NPT_4_SEATER,Slab1,14,"1,873.5"
vanta-Aus,Cedar Ridge Office,Sanjay Mikhailov Travel,"June 1, 2026, 12:00 AM","June 30, 2026, 12:00 AM",1179636,4S-HYD,Long,0,"1,354.5"
catalyst-Sac,Redwood City Center,Amit Mikhailov Travel,"June 1, 2026, 12:00 AM","June 30, 2026, 12:00 AM",1513568,3S_Jan2024_CNG_AC,Zone_A,7.6,956.25
orbit-Slc,Eastgate Office,Rohan Mikhailov Travel,"June 1, 2026, 12:00 AM","June 15, 2026, 12:00 AM",1270410,NPT_8_SEATER,NA,30.4,"1,506"
orbit-Slc,Eastgate Office,Rohan Mikhailov Travel,"June 16, 2026, 12:00 AM","June 30, 2026, 12:00 AM",1288070,NPT4_SEATER_EV,Slab 1,37.25,"1,873.5"
vanta-Aus,Cedar Ridge Office,Sneha Mikhailov Travel,"June 1, 2026, 12:00 AM","June 30, 2026, 12:00 AM",1169735,4S-HYD,Short,0,948
orbit-Slc,Lakeside Commons,Anjali Mikhailov Travel,"June 16, 2026, 12:00 AM","June 30, 2026, 12:00 AM",1290274,4SEATER_BTT_2025,21-30,28.9,"1,110"
pinnacle-Slc,Oakmont Office,Rahul Mikhailov Travel,"June 1, 2026, 12:00 AM","June 30, 2026, 12:00 AM",3266183,4Seater,Slab1,1.7,915
pinnacle-Slc,Oakmont Office,Karan Mikhailov Travel,"July 1, 2026, 12:00 AM","July 31, 2026, 12:00 AM",3346233,DV_Package,null,19.38,"1,260.87"
pinnacle-Slc,Clearwater Campus,Amit Mikhailov Travel,"July 1, 2026, 12:00 AM","July 31, 2026, 12:00 AM",3419686,4Seater,Slab1,9.9,915
pinnacle-Slc,Oakmont Office,Rohan Mikhailov Travel,"July 1, 2026, 12:00 AM","July 31, 2026, 12:00 AM",3332000,4Seater,Slab1,9.3,915
pinnacle-Slc,Clearwater Campus,Amit Mikhailov Travel,"July 1, 2026, 12:00 AM","July 31, 2026, 12:00 AM",3389708,4Seater,Slab1,4.4,915
pinnacle-Slc,Clearwater Campus,Karan Mikhailov Travel,"July 1, 2026, 12:00 AM","July 31, 2026, 12:00 AM",3414058,4Seater,Slab1,7.3,915
pinnacle-Slc,Oakmont Office,Divya Sokolov Travel,"July 1, 2026, 12:00 AM","July 31, 2026, 12:00 AM",3404417,4Seater,Slab1,7.62,915
pinnacle-Slc,Clearwater Campus,Amit Volkov Travel,"July 1, 2026, 12:00 AM","July 31, 2026, 12:00 AM",3428918,6Seater,Slab1,9.6,"1,140"
pinnacle-Slc,Clearwater Campus,Rahul Morozov Travel,"July 1, 2026, 12:00 AM","July 31, 2026, 12:00 AM",3380376,6Seater,Slab4,38.35,"1,687.5"
pinnacle-Slc,Clearwater Campus,Divya Kozlov Travel,"July 1, 2026, 12:00 AM","July 31, 2026, 12:00 AM",3380611,6Seater,Slab3,21.42,"1,500"
pinnacle-Slc,Willow Bend Campus,Aarav Mikhailov Travel,"July 1, 2026, 12:00 AM","July 31, 2026, 12:00 AM",3418259,DV_Package,null,20.83,"1,260.87"
pinnacle-Slc,Clearwater Campus,Rahul Morozov Travel,"July 1, 2026, 12:00 AM","July 31, 2026, 12:00 AM",3408422,4Seater,Slab1,4.3,915
pinnacle-Slc,Willow Bend Campus,Karan Mikhailov Travel,"July 1, 2026, 12:00 AM","July 31, 2026, 12:00 AM",3404151,4Seater,Slab2,11.56,"1,020"
pinnacle-Slc,Clearwater Campus,Amit Volkov Travel,"July 1, 2026, 12:00 AM","July 31, 2026, 12:00 AM",3427148,DV_Package,null,11.23,945.66
pinnacle-Slc,Oakmont Office,Amit Volkov Travel,"July 1, 2026, 12:00 AM","July 31, 2026, 12:00 AM",3378572,DV_Package,null,10.3,"1,260.87"
vanta-Aus,Cedar Ridge Office,Anjali Mikhailov Travel,"July 1, 2026, 12:00 AM","July 31, 2026, 12:00 AM",1224792,6S-HYD,Medium,0,"1,683.87"
vanta-Aus,Cedar Ridge Office,Meera Pavlov Travel,"July 1, 2026, 12:00 AM","July 31, 2026, 12:00 AM",1248486,4S-EV-Z,Medium,0,"1,200"
vanta-Aus,Cedar Ridge Office,Meera Pavlov Travel,"July 1, 2026, 12:00 AM","July 31, 2026, 12:00 AM",1214165,6S-HYD,Short,0,"1,254.43"
orbit-Slc,Eastgate Office,Rohan Mikhailov Travel,"July 16, 2026, 12:00 AM","July 31, 2026, 12:00 AM",1340704,NPT4_SEATER_EV,Slab 1,19.5,"1,170"
orbit-Slc,Eastgate Office,Rohan Mikhailov Travel,"July 16, 2026, 12:00 AM","July 31, 2026, 12:00 AM",1364131,NPT_4_SEATER,Slab1,28.04,"1,282.5"
vanta-Sea,Denver Office,Anjali Mikhailov Travel,"June 1, 2026, 12:00 AM","June 30, 2026, 12:00 AM",4910631,6S-150ORRNEW,Medium,0,"1,798.17"
vanta-Sea,Denver Office,Priya Mikhailov Travel,"June 1, 2026, 12:00 AM","June 30, 2026, 12:00 AM",4944178,4S-150ORRNEW,Medium,0,"1,365.5"
vanta-Sea,Denver Office,Isha Mikhailov Travel,"June 1, 2026, 12:00 AM","June 30, 2026, 12:00 AM",4936955,4S-150ORRNEW,Short,0,"1,057.75"
vanta-Sea,Denver Office,Priya Mikhailov Travel,"June 1, 2026, 12:00 AM","June 30, 2026, 12:00 AM",4997701,4S-150ORRNEW,Long,0,"1,613.25"
vanta-Sea,Denver Office,Sanjay Mikhailov Travel,"June 1, 2026, 12:00 AM","June 30, 2026, 12:00 AM",4937255,4S-150ORRNEW,Long,0,"1,613.25"
vanta-Sea,Denver Office,Isha Mikhailov Travel,"June 1, 2026, 12:00 AM","June 30, 2026, 12:00 AM",4998003,BUS-ORRNEW-TT,null,0,923.21
vanta-Sea,Denver Office,Isha Mikhailov Travel,"June 1, 2026, 12:00 AM","June 30, 2026, 12:00 AM",4950025,6S-150ORRNEW,Medium,0,"1,798.17"
vanta-Sea,Denver Office,Isha Mikhailov Travel,"June 1, 2026, 12:00 AM","June 30, 2026, 12:00 AM",5000154,4S-EV-Z,Medium,0,"1,275"
vanta-Sea,Denver Office,Priya Mikhailov Travel,"May 1, 2026, 12:00 AM","May 31, 2026, 12:00 AM",4897485,6S-150ORRNEW,Short,0,"1,390.34"
vanta-Sea,Denver Office,Anjali Mikhailov Travel,"May 1, 2026, 12:00 AM","May 31, 2026, 12:00 AM",4824567,BUS-ORRNEW-TT,null,0,"2,241.91"
vanta-Sea,Denver Office,Anjali Mikhailov Travel,"May 1, 2026, 12:00 AM","May 31, 2026, 12:00 AM",4887553,6S-150ORRNEW,Short,0,"1,390.34"
vanta-Sea,Denver Office,Priya Mikhailov Travel,"May 1, 2026, 12:00 AM","May 31, 2026, 12:00 AM",4819022,BUS-ORRNEW-TT,null,0,"1,019.73"
vanta-Sea,Denver Office,Aarav Petrov Travel,"May 1, 2026, 12:00 AM","May 31, 2026, 12:00 AM",4858934,BUS-ORRNEW-TT,null,0,"1,272.51"
vanta-Sea,Denver Office,Anjali Mikhailov Travel,"June 1, 2026, 12:00 AM","June 30, 2026, 12:00 AM",4945859,6S-EV-HTK,Short,4,"1,875"
vanta-Sea,Denver Office,Priya Mikhailov Travel,"June 1, 2026, 12:00 AM","June 30, 2026, 12:00 AM",4970930,4S-150ORRNEW,Long,0,"1,613.25"
vanta-Sea,Denver Office,Aarav Mikhailov Travel,"June 1, 2026, 12:00 AM","June 30, 2026, 12:00 AM",4979307,BUS-ORRNEW-TT,null,0,"2,859.75"
vanta-Sea,Denver Office,Aarav Mikhailov Travel,"May 1, 2026, 12:00 AM","May 31, 2026, 12:00 AM",4859364,4S-150ORRNEW,Long,0,"1,613.25"
vanta-Sea,Denver Office,Anjali Mikhailov Travel,"June 1, 2026, 12:00 AM","June 30, 2026, 12:00 AM",4962916,4S-150ORRNEW,Medium,0,"1,365.5"
vanta-Sea,Denver Office,Isha Mikhailov Travel,"May 1, 2026, 12:00 AM","May 31, 2026, 12:00 AM",4829871,BUS-ORRNEW-TT,null,0,856.15
vanta-Sea,Denver Office,Isha Mikhailov Travel,"May 1, 2026, 12:00 AM","May 31, 2026, 12:00 AM",4839703,4S-150ORRNEW,Short,0,"1,057.75"
vanta-Sea,Denver Office,Priya Mikhailov Travel,"May 1, 2026, 12:00 AM","May 31, 2026, 12:00 AM",4874061,4S-150ORRNEW,Medium,0,"1,365.5"
vanta-Sea,Denver Office,Isha Mikhailov Travel,"June 1, 2026, 12:00 AM","June 30, 2026, 12:00 AM",4914310,4S-150ORRNEW,Long,0,"1,613.25"
vanta-Sea,Denver Office,Aarav Mikhailov Travel,"May 1, 2026, 12:00 AM","May 31, 2026, 12:00 AM",4870944,4S-EV-Z,Short,0,"1,275"
vanta-Sea,Denver Office,Isha Mikhailov Travel,"May 1, 2026, 12:00 AM","May 31, 2026, 12:00 AM",4879860,BUS-ORRNEW-TT,null,0,847.96
vanta-Sea,Denver Office,Priya Mikhailov Travel,"May 1, 2026, 12:00 AM","May 31, 2026, 12:00 AM",4890338,BUS-ORRNEW-TT,null,0,"1,019.78"
vanta-Sea,Denver Office,Sanjay Mikhailov Travel,"June 1, 2026, 12:00 AM","June 30, 2026, 12:00 AM",4907050,4S-150ORRNEW,Short,0,"1,057.75"
vanta-Sea,Denver Office,Isha Mikhailov Travel,"June 1, 2026, 12:00 AM","June 30, 2026, 12:00 AM",4907477,BUS-ORRNEW-SML,null,0,"2,906.65"
vanta-Sea,Denver Office,Isha Mikhailov Travel,"June 1, 2026, 12:00 AM","June 30, 2026, 12:00 AM",4914847,6S-EV-HTK,Medium,16.2,"1,875"
vanta-Sea,Denver Office,Sanjay Mikhailov Travel,"June 1, 2026, 12:00 AM","June 30, 2026, 12:00 AM",4985721,BUS-ORRNEW-TT,null,0,"2,619.75"
vanta-Sea,Denver Office,Aarav Petrov Travel,"May 1, 2026, 12:00 AM","May 31, 2026, 12:00 AM",4880104,BUS-ORRNEW-TT,null,0,"2,909.2"
vanta-Sea,Denver Office,Aarav Mikhailov Travel,"May 1, 2026, 12:00 AM","May 31, 2026, 12:00 AM",4831159,6S-150ORRNEW,Short,0,"1,390.34"
vanta-Sea,Denver Office,Aarav Mikhailov Travel,"June 1, 2026, 12:00 AM","June 30, 2026, 12:00 AM",4927469,6S-150ORRNEW,Short,0,"1,390.34"
vanta-Sea,Denver Office,Isha Mikhailov Travel,"June 1, 2026, 12:00 AM","June 30, 2026, 12:00 AM",4929962,4S-150ORRNEW,Long,0,"1,613.25"
vanta-Sea,Denver Office,Priya Mikhailov Travel,"May 1, 2026, 12:00 AM","May 31, 2026, 12:00 AM",4885009,BUS-ORRNEW-SML,null,0,"3,204.66"
vanta-Sea,Denver Office,Priya Mikhailov Travel,"May 1, 2026, 12:00 AM","May 31, 2026, 12:00 AM",4871154,4S-150ORRNEW,Medium,0,"1,365.5"
vanta-Sea,Denver Office,Priya Mikhailov Travel,"June 1, 2026, 12:00 AM","June 30, 2026, 12:00 AM",4949351,4S-150ORRNEW,Medium,0,"1,365.5"
vanta-Sea,Denver Office,Sanjay Mikhailov Travel,"June 1, 2026, 12:00 AM","June 30, 2026, 12:00 AM",4929387,6S-150ORRNEW,Short,0,"1,390.34"
vanta-Sea,Denver Office,Anjali Mikhailov Travel,"May 1, 2026, 12:00 AM","May 31, 2026, 12:00 AM",4826574,6S-150ORRNEW,Medium,0,"1,798.17"
vanta-Sea,Denver Office,Isha Mikhailov Travel,"June 1, 2026, 12:00 AM","June 30, 2026, 12:00 AM",4947826,4S-EV-Z,Short,0,"1,275"
vanta-Sea,Denver Office,Priya Mikhailov Travel,"June 1, 2026, 12:00 AM","June 30, 2026, 12:00 AM",4908205,4S-150ORRNEW,Long,0,"1,613.25"
vanta-Sea,Denver Office,Priya Mikhailov Travel,"June 1, 2026, 12:00 AM","June 30, 2026, 12:00 AM",4974773,BUS-ORRNEW-TT,null,0,"2,649.75"
vanta-Sea,Denver Office,Aarav Mikhailov Travel,"May 1, 2026, 12:00 AM","May 31, 2026, 12:00 AM",4896100,4S-150ORRNEW,Medium,0,"1,365.5"
vanta-Sea,Denver Office,Priya Mikhailov Travel,"May 1, 2026, 12:00 AM","May 31, 2026, 12:00 AM",4837835,4S-150ORRNEW,Long,0,"1,613.25"
vanta-Sea,Denver Office,Anjali Mikhailov Travel,"May 1, 2026, 12:00 AM","May 31, 2026, 12:00 AM",4891974,BUS-ORRNEW-SML,null,0,"3,294.66"
vanta-Sea,Denver Office,Anjali Mikhailov Travel,"May 1, 2026, 12:00 AM","May 31, 2026, 12:00 AM",4813120,6S-150ORRNEW,Long,0,"2,116.01"
vanta-Sea,Denver Office,Sanjay Mikhailov Travel,"May 1, 2026, 12:00 AM","May 31, 2026, 12:00 AM",4892183,6S-150ORRNEW,Medium,0,"1,798.17"
vanta-Sea,Denver Office,Isha Mikhailov Travel,"July 1, 2026, 12:00 AM","July 31, 2026, 12:00 AM",5059673,4S-150ORRNEW,Short,0,"1,077.27"
vanta-Sea,Denver Office,Sanjay Mikhailov Travel,"July 1, 2026, 12:00 AM","July 31, 2026, 12:00 AM",5013651,4S-150ORRNEW,Medium,0,"1,404.56"
vanta-Sea,Denver Office,Karan Mikhailov Travel,"July 1, 2026, 12:00 AM","July 31, 2026, 12:00 AM",5010607,4S-WOW150ORRNEW,null,0,"1,952.49"
vanta-Sea,Denver Office,Sanjay Mikhailov Travel,"July 1, 2026, 12:00 AM","July 31, 2026, 12:00 AM",5105518,6S-EV-HTK,Medium,20,"1,875"
vanta-Sea,Denver Office,Sanjay Mikhailov Travel,"July 1, 2026, 12:00 AM","July 31, 2026, 12:00 AM",5007660,BUS-ORRNEW-TT,null,0,"2,165.32"
vanta-Sea,Denver Office,Aarav Petrov Travel,"July 1, 2026, 12:00 AM","July 31, 2026, 12:00 AM",5005370,4S-150ORRNEW,Short,0,"1,077.27"
vanta-Sea,Denver Office,Aarav Petrov Travel,"July 1, 2026, 12:00 AM","July 31, 2026, 12:00 AM",5078366,6S-150ORRNEW,Long,0,"2,194.1"
vanta-Sea,Denver Office,Aarav Mikhailov Travel,"July 1, 2026, 12:00 AM","July 31, 2026, 12:00 AM",5103620,BUS-ORRNEW-TT,null,0,"2,627.02"
vanta-Sea,Denver Office,Anjali Mikhailov Travel,"July 1, 2026, 12:00 AM","July 31, 2026, 12:00 AM",5090653,4S-EV-Z,Long,0,"1,275"
vanta-Sea,Denver Office,Aarav Petrov Travel,"July 1, 2026, 12:00 AM","July 31, 2026, 12:00 AM",5071030,BUS-ORRNEW-TT,null,0,"1,125.9"
vanta-Sea,Denver Office,Sanjay Mikhailov Travel,"July 1, 2026, 12:00 AM","July 31, 2026, 12:00 AM",5084873,BUS-ORRNEW-TT,null,0,"1,576.26"
vanta-Sea,Denver Office,Isha Mikhailov Travel,"July 1, 2026, 12:00 AM","July 31, 2026, 12:00 AM",5033904,BUS-ORRNEW-TT,null,0,"2,567.1"
vanta-Sea,Denver Office,Anjali Mikhailov Travel,"July 1, 2026, 12:00 AM","July 31, 2026, 12:00 AM",5031262,4S-150ORRNEW,Short,0,"1,077.27"
vanta-Sea,Denver Office,Aarav Petrov Travel,"July 1, 2026, 12:00 AM","July 31, 2026, 12:00 AM",5060338,4S-150ORRNEW,Medium,0,"1,404.56"
vanta-Sea,Denver Office,Sanjay Mikhailov Travel,"July 1, 2026, 12:00 AM","July 31, 2026, 12:00 AM",5056376,4S-150ORRNEW,Short,0,"1,077.27"
vanta-Sea,Denver Office,Aarav Mikhailov Travel,"July 1, 2026, 12:00 AM","July 31, 2026, 12:00 AM",5081491,4S-150ORRNEW,Long,0,"1,671.82"
vanta-Sea,Denver Office,Isha Mikhailov Travel,"July 1, 2026, 12:00 AM","July 31, 2026, 12:00 AM",5023842,4S-EV-Z,Short,0,"1,275"
vanta-Sea,Denver Office,Priya Mikhailov Travel,"July 1, 2026, 12:00 AM","July 31, 2026, 12:00 AM",5102250,4S-150ORRNEW,Long,0,"1,671.82"
vanta-Sea,Denver Office,Isha Mikhailov Travel,"July 1, 2026, 12:00 AM","July 31, 2026, 12:00 AM",5069682,4S-EV-Z,Medium,0,"1,275"
vanta-Sea,Denver Office,Anjali Mikhailov Travel,"July 1, 2026, 12:00 AM","July 31, 2026, 12:00 AM",5018749,BUS-ORRNEW-SML,null,0,"2,824.02"
vanta-Sea,Denver Office,Aarav Petrov Travel,"July 1, 2026, 12:00 AM","July 31, 2026, 12:00 AM",5055575,BUS-ORRNEW-TT,null,0,"1,215.9"
pinnacle-Slc,Clearwater Campus,Pooja Mikhailov Travel,"May 1, 2026, 12:00 AM","May 31, 2026, 12:00 AM",3170313,4Seater,Slab1,5.72,915
pinnacle-Slc,Clearwater Campus,Karan Mikhailov Travel,"May 1, 2026, 12:00 AM","May 31, 2026, 12:00 AM",3145984,4Seater,Slab1,6.28,915
pinnacle-Slc,Clearwater Campus,Rohan Mikhailov Travel,"May 1, 2026, 12:00 AM","May 31, 2026, 12:00 AM",3096287,4Seater,Slab2,13.07,"1,020"
pinnacle-Slc,Clearwater Campus,Pooja Mikhailov Travel,"May 1, 2026, 12:00 AM","May 31, 2026, 12:00 AM",3072286,4Seater,Slab1,3.63,915
pinnacle-Slc,Oakmont Office,Rahul Morozov Travel,"May 1, 2026, 12:00 AM","May 31, 2026, 12:00 AM",3086776,DV_Package,null,10.1,"1,526.31"
pinnacle-Slc,Oakmont Office,Rahul Mikhailov Travel,"May 1, 2026, 12:00 AM","May 31, 2026, 12:00 AM",3129498,4Seater,Slab1,6.8,915
pinnacle-Slc,Oakmont Office,Rohan Mikhailov Travel,"May 1, 2026, 12:00 AM","May 31, 2026, 12:00 AM",3144975,4Seater,Slab2,13.4,"1,530"
pinnacle-Slc,Willow Bend Campus,Amit Mikhailov Travel,"May 1, 2026, 12:00 AM","May 31, 2026, 12:00 AM",3130647,4Seater,Slab2,12.75,"1,020"
pinnacle-Slc,Clearwater Campus,Pooja Mikhailov Travel,"May 1, 2026, 12:00 AM","May 31, 2026, 12:00 AM",3090635,6Seater,Slab1,4,"1,140"
pinnacle-Slc,Willow Bend Campus,Rahul Mikhailov Travel,"May 1, 2026, 12:00 AM","May 31, 2026, 12:00 AM",3105097,4Seater,Slab1,9.16,915
pinnacle-Slc,Clearwater Campus,Arjun Mikhailov Travel,"May 1, 2026, 12:00 AM","May 31, 2026, 12:00 AM",3094230,4Seater,Slab2,13.6,"1,020"
pinnacle-Slc,Willow Bend Campus,Rohan Mikhailov Travel,"May 1, 2026, 12:00 AM","May 31, 2026, 12:00 AM",3079183,DV_Package,null,9.2,"1,526.31"
pinnacle-Slc,Oakmont Office,Divya Kozlov Travel,"May 1, 2026, 12:00 AM","May 31, 2026, 12:00 AM",3118381,4Seater,Slab3,27.17,"1,162.5"
pinnacle-Slc,Clearwater Campus,Rahul Orlov Travel,"May 1, 2026, 12:00 AM","May 31, 2026, 12:00 AM",3133259,DV_Package,null,7.72,"1,144.74"
pinnacle-Slc,Oakmont Office,Rahul Mikhailov Travel,"May 1, 2026, 12:00 AM","May 31, 2026, 12:00 AM",3078697,4Seater,Slab1,2.9,"1,372.5"
pinnacle-Slc,Oakmont Office,Amit Mikhailov Travel,"May 1, 2026, 12:00 AM","May 31, 2026, 12:00 AM",3078437,6Seater,Slab1,7.71,"1,140"
pinnacle-Slc,Willow Bend Campus,Rohan Mikhailov Travel,"May 1, 2026, 12:00 AM","May 31, 2026, 12:00 AM",3068896,4Seater,Slab1,8.4,915
pinnacle-Slc,Oakmont Office,Pooja Mikhailov Travel,"May 1, 2026, 12:00 AM","May 31, 2026, 12:00 AM",3156387,4Seater,Slab3,23.98,"1,162.5"
pinnacle-Slc,Oakmont Office,Rohan Mikhailov Travel,"May 1, 2026, 12:00 AM","May 31, 2026, 12:00 AM",3161470,4Seater,Slab1,9.1,915
pinnacle-Slc,Clearwater Campus,Sanjay Mikhailov Travel,"May 1, 2026, 12:00 AM","May 31, 2026, 12:00 AM",3096511,6Seater,Slab1,4.1,"1,140"
pinnacle-Slc,Clearwater Campus,Arjun Mikhailov Travel,"May 1, 2026, 12:00 AM","May 31, 2026, 12:00 AM",3155671,DV_Package,null,9.81,"1,526.31"
pinnacle-Slc,Clearwater Campus,Divya Mikhailov Travel,"June 1, 2026, 12:00 AM","June 30, 2026, 12:00 AM",3276152,DV_Package,null,5.6,988.63
pinnacle-Slc,Oakmont Office,Rohan Mikhailov Travel,"June 1, 2026, 12:00 AM","June 30, 2026, 12:00 AM",3304401,4Seater,Slab1,6,915
pinnacle-Slc,Oakmont Office,Rahul Morozov Travel,"June 1, 2026, 12:00 AM","June 30, 2026, 12:00 AM",3282487,4Seater,Slab2,15.3,"1,020"
pinnacle-Slc,Clearwater Campus,Amit Volkov Travel,"June 1, 2026, 12:00 AM","June 30, 2026, 12:00 AM",3201800,4Seater,Slab3,21.1,"1,162.5"
pinnacle-Slc,Oakmont Office,Divya Mikhailov Travel,"June 1, 2026, 12:00 AM","June 30, 2026, 12:00 AM",3221090,4Seater,Slab1,10.4,"1,372.5"
pinnacle-Slc,Clearwater Campus,Amit Mikhailov Travel,"June 1, 2026, 12:00 AM","June 30, 2026, 12:00 AM",3183043,4Seater,Slab2,10.9,"1,020"
catalyst-Sac,Santa Clara Office,Rohan Mikhailov Travel,"July 1, 2026, 12:00 AM","July 31, 2026, 12:00 AM",1517548,5S_Jan2024_CNG_AC,Zone_B,15.23,"1,539"
orbit-Slc,Eastgate Office,Rohan Mikhailov Travel,"June 16, 2026, 12:00 AM","June 30, 2026, 12:00 AM",1307201,NPT_8_SEATER,NA,27,"1,506"
catalyst-Sac,Santa Clara Office,Rohan Mikhailov Travel,"July 1, 2026, 12:00 AM","July 31, 2026, 12:00 AM",1546907,3S_Jan2024_CNG_AC,Zone_B,16.1,"1,867.5"
catalyst-Sac,Crestwood Campus,Vikram Mikhailov Travel,"July 1, 2026, 12:00 AM","July 31, 2026, 12:00 AM",1517912,3S_Jan2024_CNG_AC,Zone_C,31.73,"1,485"
catalyst-Sac,Santa Clara Office,Vikram Mikhailov Travel,"July 1, 2026, 12:00 AM","July 31, 2026, 12:00 AM",1552324,3S_Jan2024_CNG_AC,Zone_B,30.24,"1,867.5"
orbit-Slc,Lakeside Commons,Anjali Mikhailov Travel,"June 16, 2026, 12:00 AM","June 30, 2026, 12:00 AM",1306096,4SEATER_BTT_2025,21-30,28.22,"1,110"
vanta-Aus,Cedar Ridge Office,Anjali Mikhailov Travel,"July 1, 2026, 12:00 AM","July 31, 2026, 12:00 AM",1253214,6S-HYD,Short,0,"1,254.43"
vanta-Aus,Cedar Ridge Office,Sneha Mikhailov Travel,"July 1, 2026, 12:00 AM","July 31, 2026, 12:00 AM",1231485,4S-EV-Z,Medium,0,"1,200"
vanta-Aus,Cedar Ridge Office,Meera Pavlov Travel,"July 1, 2026, 12:00 AM","July 31, 2026, 12:00 AM",1204027,6S-HYD,Long,0,"1,882.3"
catalyst-Sac,Santa Clara Office,Divya Mikhailov Travel,"July 1, 2026, 12:00 AM","July 31, 2026, 12:00 AM",1544737,5S_Jan2024_CNG_AC,Zone_B,16.75,"2,308.5"
orbit-Slc,Cedar Ridge Office,Rahul Mikhailov Travel,"June 16, 2026, 12:00 AM","June 30, 2026, 12:00 AM",1296707,LVT_4_SEATER_EV,Slab-31-above,33.79,"1,297.5"
catalyst-Sac,Santa Clara Office,Vikram Mikhailov Travel,"July 1, 2026, 12:00 AM","July 31, 2026, 12:00 AM",1548401,3S_Jan2024_CNG_AC,Zone_B,12.8,"1,245"
catalyst-Sac,Santa Clara Office,Rohan Mikhailov Travel,"July 1, 2026, 12:00 AM","July 31, 2026, 12:00 AM",1538941,3S_Jan2024_CNG_AC,Zone_A,8.5,"1,440"
vanta-Aus,Cedar Ridge Office,Sneha Mikhailov Travel,"July 1, 2026, 12:00 AM","July 31, 2026, 12:00 AM",1239959,4S-HYD,Medium,0,"1,181.14"
orbit-Slc,Lakeside Commons,Rahul Mikhailov Travel,"July 1, 2026, 12:00 AM","July 15, 2026, 12:00 AM",1319920,LVT_4_SEATER_EV,Slab-31-above,39.4,"1,297.5"
catalyst-Sac,Santa Clara Office,Vikram Mikhailov Travel,"July 1, 2026, 12:00 AM","July 31, 2026, 12:00 AM",1526461,3S_Jan2024_CNG_AC,Zone_B,15.7,"1,867.5"
catalyst-Sac,Santa Clara Office,Divya Mikhailov Travel,"July 1, 2026, 12:00 AM","July 31, 2026, 12:00 AM",1541892,3S_Jan2024_CNG_AC,Zone_B,23.1,"1,245"
orbit-Slc,Cedar Ridge Office,Rahul Mikhailov Travel,"July 1, 2026, 12:00 AM","July 15, 2026, 12:00 AM",1319445,4Seater-LVT-July,31-above,41.43,"1,972.5"
catalyst-Sac,Santa Clara Office,Vikram Mikhailov Travel,"July 1, 2026, 12:00 AM","July 31, 2026, 12:00 AM",1533870,3S_Jan2024_CNG_AC,Zone_B,17.01,"1,867.5"
pinnacle-Slc,Oakmont Office,Rohan Mikhailov Travel,"July 1, 2026, 12:00 AM","July 31, 2026, 12:00 AM",3364256,DV_Package,null,24.24,"1,260.87"
pinnacle-Slc,Clearwater Campus,Rahul Morozov Travel,"July 1, 2026, 12:00 AM","July 31, 2026, 12:00 AM",3476558,4Seater,Slab3,23.96,"1,162.5"
pinnacle-Slc,Oakmont Office,Karan Mikhailov Travel,"July 1, 2026, 12:00 AM","July 31, 2026, 12:00 AM",3436846,4Seater,Slab2,15.83,"1,020"
pinnacle-Slc,Oakmont Office,Sanjay Mikhailov Travel,"July 1, 2026, 12:00 AM","July 31, 2026, 12:00 AM",3357110,4Seater,Slab1,5.2,915
pinnacle-Slc,Willow Bend Campus,Pooja Mikhailov Travel,"July 1, 2026, 12:00 AM","July 31, 2026, 12:00 AM",3392040,4Seater,Slab4,35.76,"1,290"
pinnacle-Slc,Clearwater Campus,Karan Mikhailov Travel,"July 1, 2026, 12:00 AM","July 31, 2026, 12:00 AM",3426369,4Seater,Slab4,31.8,"1,290"
pinnacle-Slc,Oakmont Office,Pooja Mikhailov Travel,"July 1, 2026, 12:00 AM","July 31, 2026, 12:00 AM",3376546,4Seater,Slab3,25.1,"1,162.5"
pinnacle-Slc,Oakmont Office,Pooja Mikhailov Travel,"July 1, 2026, 12:00 AM","July 31, 2026, 12:00 AM",3459727,4Seater,Slab1,6.1,"1,372.5"
pinnacle-Slc,Clearwater Campus,Divya Mikhailov Travel,"July 1, 2026, 12:00 AM","July 31, 2026, 12:00 AM",3342228,EV_Package,null,32.1,"1,597.83"
pinnacle-Slc,Willow Bend Campus,Sanjay Mikhailov Travel,"July 1, 2026, 12:00 AM","July 31, 2026, 12:00 AM",3450423,4Seater,Slab2,11.8,"1,020"
pinnacle-Slc,Clearwater Campus,Rohan Mikhailov Travel,"July 1, 2026, 12:00 AM","July 31, 2026, 12:00 AM",3429393,DV_Package,null,9,945.66
pinnacle-Slc,Clearwater Campus,Rahul Mikhailov Travel,"July 1, 2026, 12:00 AM","July 31, 2026, 12:00 AM",3454276,4Seater,Slab1,7.82,915
vanta-Aus,Cedar Ridge Office,Sanjay Mikhailov Travel,"May 1, 2026, 12:00 AM","May 31, 2026, 12:00 AM",1145563,4S-HYD,Medium,0,"1,140"
vanta-Aus,Cedar Ridge Office,Priya Mikhailov Travel,"May 1, 2026, 12:00 AM","May 31, 2026, 12:00 AM",1125937,4S-EV-Z,Short,0,"1,200"
vanta-Aus,Cedar Ridge Office,Priya Mikhailov Travel,"May 1, 2026, 12:00 AM","May 31, 2026, 12:00 AM",1130868,6S-HYD,Medium,0,"1,629"
catalyst-Sac,Fairview Commons,Priya Mikhailov Travel,"May 1, 2026, 12:00 AM","May 31, 2026, 12:00 AM",1457118,3S_Jan2024_CNG_AC,Zone_A,22.16,"1,420.32"
catalyst-Sac,Santa Clara Office,Vikram Mikhailov Travel,"May 1, 2026, 12:00 AM","May 31, 2026, 12:00 AM",1462937,3S_Jan2024_CNG_AC,Zone_B,20.3,"1,218.75"
catalyst-Sac,Santa Clara Office,Divya Mikhailov Travel,"May 1, 2026, 12:00 AM","May 31, 2026, 12:00 AM",1474245,3S_Jan2024_AC,Zone_A,11.55,"1,374.8"
orbit-Slc,Eastgate Office,Rohan Mikhailov Travel,"May 1, 2026, 12:00 AM","May 15, 2026, 12:00 AM",1224792,NPT_4_SEATER,Slab1,23.61,"1,170"
vanta-Aus,Cedar Ridge Office,Priya Mikhailov Travel,"May 1, 2026, 12:00 AM","May 31, 2026, 12:00 AM",1128438,4S-EV-Z,Medium,0,"1,200"
vanta-Aus,Cedar Ridge Office,Meera Pavlov Travel,"May 1, 2026, 12:00 AM","May 31, 2026, 12:00 AM",1116059,4S-HYD,Long,0,"1,354.5"
catalyst-Sac,Fairview Commons,Vikram Mikhailov Travel,"May 1, 2026, 12:00 AM","May 31, 2026, 12:00 AM",1468599,3S_Jan2024_CNG_AC,Zone_B,28.03,"1,828.13"
catalyst-Sac,Redwood City Center,Aarav Mikhailov Travel,"May 1, 2026, 12:00 AM","May 31, 2026, 12:00 AM",1446846,3S_Jan2024_AC,Zone_B,13.23,"1,853.85"
vanta-Aus,Cedar Ridge Office,Sneha Mikhailov Travel,"June 1, 2026, 12:00 AM","June 30, 2026, 12:00 AM",1160978,6S-HYD,Long,0,"1,800"
orbit-Slc,Cedar Ridge Office,Rahul Mikhailov Travel,"May 16, 2026, 12:00 AM","May 31, 2026, 12:00 AM",1248486,LVT_4_SEATER_EV,Slab-0-20,15.63,"1,335"
vanta-Aus,Cedar Ridge Office,Sneha Mikhailov Travel,"June 1, 2026, 12:00 AM","June 30, 2026, 12:00 AM",1184269,6S-HYD,Short,0,"1,227"
orbit-Slc,Eastgate Office,Rohan Mikhailov Travel,"May 16, 2026, 12:00 AM","May 31, 2026, 12:00 AM",1234913,NPT_4_SEATER,Slab1,23.56,"1,873.5"
pinnacle-Slc,Clearwater Campus,Amit Mikhailov Travel,"June 1, 2026, 12:00 AM","June 30, 2026, 12:00 AM",3215851,DV_Package,null,25.99,"1,318.18"
pinnacle-Slc,Oakmont Office,Aarav Mikhailov Travel,"June 1, 2026, 12:00 AM","June 30, 2026, 12:00 AM",3201562,4Seater,Slab3,28.45,"1,743.75"
pinnacle-Slc,Clearwater Campus,Divya Mikhailov Travel,"June 1, 2026, 12:00 AM","June 30, 2026, 12:00 AM",3293831,4Seater,Slab1,9.4,915
pinnacle-Slc,Clearwater Campus,Karan Mikhailov Travel,"June 1, 2026, 12:00 AM","June 30, 2026, 12:00 AM",3195539,4Seater,Slab1,8.52,915
pinnacle-Slc,Clearwater Campus,Rohan Mikhailov Travel,"June 1, 2026, 12:00 AM","June 30, 2026, 12:00 AM",3296102,DV_Package,null,21.66,988.63
pinnacle-Slc,Clearwater Campus,Rahul Orlov Travel,"June 1, 2026, 12:00 AM","June 30, 2026, 12:00 AM",3240446,DV_Package,null,29.02,"1,318.18"
pinnacle-Slc,Clearwater Campus,Rahul Mikhailov Travel,"June 1, 2026, 12:00 AM","June 30, 2026, 12:00 AM",3211643,4Seater,Slab2,17.45,"1,020"
pinnacle-Slc,Clearwater Campus,Sanjay Mikhailov Travel,"June 1, 2026, 12:00 AM","June 30, 2026, 12:00 AM",3202330,DV_Package,null,17.16,"1,318.18"
pinnacle-Slc,Clearwater Campus,Amit Mikhailov Travel,"June 1, 2026, 12:00 AM","June 30, 2026, 12:00 AM",3300771,6Seater,Slab3,29.59,"1,500"
pinnacle-Slc,Clearwater Campus,Aarav Mikhailov Travel,"June 1, 2026, 12:00 AM","June 30, 2026, 12:00 AM",3276670,DV_Package,null,19.7,"1,318.18"
pinnacle-Slc,Clearwater Campus,Aarav Mikhailov Travel,"June 1, 2026, 12:00 AM","June 30, 2026, 12:00 AM",3178536,DV_Package,null,6.99,988.63
pinnacle-Slc,Clearwater Campus,Rohan Mikhailov Travel,"June 1, 2026, 12:00 AM","June 30, 2026, 12:00 AM",3252970,DV_Package,null,19.37,988.63
pinnacle-Slc,Oakmont Office,Rohan Mikhailov Travel,"June 1, 2026, 12:00 AM","June 30, 2026, 12:00 AM",3213469,DV_Package,null,9.1,"1,318.18"
pinnacle-Slc,Oakmont Office,Amit Mikhailov Travel,"June 1, 2026, 12:00 AM","June 30, 2026, 12:00 AM",3194305,4Seater,Slab2,13.3,"1,020"
pinnacle-Slc,Willow Bend Campus,Pooja Mikhailov Travel,"June 1, 2026, 12:00 AM","June 30, 2026, 12:00 AM",3325991,DV_Package,null,12.34,988.59
pinnacle-Slc,Willow Bend Campus,Karan Mikhailov Travel,"June 1, 2026, 12:00 AM","June 30, 2026, 12:00 AM",3207285,DV_Package,null,18.66,988.63
pinnacle-Slc,Willow Bend Campus,Sanjay Mikhailov Travel,"June 1, 2026, 12:00 AM","June 30, 2026, 12:00 AM",3181165,DV_Package,null,16.2,"1,318.18"
vanta-Aus,Cedar Ridge Office,Priya Mikhailov Travel,"June 1, 2026, 12:00 AM","June 30, 2026, 12:00 AM",1154979,4S-EV-Z,Medium,0,"1,200"
catalyst-Sac,Santa Clara Office,Divya Mikhailov Travel,"June 1, 2026, 12:00 AM","June 30, 2026, 12:00 AM",1505257,3S_Jan2024_AC,Zone_B,31.9,"1,265.89"
orbit-Slc,Cedar Ridge Office,Anjali Mikhailov Travel,"May 16, 2026, 12:00 AM","May 31, 2026, 12:00 AM",1240248,8SEATER_BTT_2025,0-20,18,"1,260"
vanta-Aus,Cedar Ridge Office,Priya Mikhailov Travel,"June 1, 2026, 12:00 AM","June 30, 2026, 12:00 AM",1176034,6S-HYD,Short,0,"1,227"
vanta-Aus,Cedar Ridge Office,Anjali Mikhailov Travel,"June 1, 2026, 12:00 AM","June 30, 2026, 12:00 AM",1191204,6S-HYD,Short,0,"1,227"
vanta-Aus,Cedar Ridge Office,Sanjay Mikhailov Travel,"June 1, 2026, 12:00 AM","June 30, 2026, 12:00 AM",1191418,4S-HYD,Medium,0,"1,140"
vanta-Aus,Cedar Ridge Office,Meera Pavlov Travel,"June 1, 2026, 12:00 AM","June 30, 2026, 12:00 AM",1156395,4S-HYD,Medium,0,"1,140"
catalyst-Sac,Santa Clara Office,Rohan Mikhailov Travel,"June 1, 2026, 12:00 AM","June 30, 2026, 12:00 AM",1483029,3S_Jan2024_CNG_AC,Zone_B,15.9,"1,237.5"
orbit-Slc,Lakeside Commons,Anjali Mikhailov Travel,"June 1, 2026, 12:00 AM","June 15, 2026, 12:00 AM",1264052,4SEATER_BTT_2025_EV,0 - 20,13.7,960
vanta-Aus,Cedar Ridge Office,Priya Mikhailov Travel,"June 1, 2026, 12:00 AM","June 30, 2026, 12:00 AM",1173730,4S-EV-Z,XLong,0,"1,200"
vanta-Aus,Cedar Ridge Office,Priya Mikhailov Travel,"June 1, 2026, 12:00 AM","June 30, 2026, 12:00 AM",1190902,4S-EV-Z,Medium,0,"1,200"
catalyst-Sac,Santa Clara Office,Vikram Mikhailov Travel,"June 1, 2026, 12:00 AM","June 30, 2026, 12:00 AM",1510126,3S_Jan2024_CNG_AC,Zone_A,3.26,"1,434.38"
orbit-Slc,Lakeside Commons,Rahul Mikhailov Travel,"June 1, 2026, 12:00 AM","June 15, 2026, 12:00 AM",1269989,LVT_4_SEATER_EV,Slab-0-20,15.91,"1,335"
catalyst-Sac,Santa Clara Office,Rohan Mikhailov Travel,"June 1, 2026, 12:00 AM","June 30, 2026, 12:00 AM",1487233,3S_Jan2024_CNG_AC,Zone_B,25.2,"1,856.25"
catalyst-Sac,Santa Clara Office,Rohan Mikhailov Travel,"June 1, 2026, 12:00 AM","June 30, 2026, 12:00 AM",1500534,3S_Jan2024_CNG_AC,Zone_B,17.1,"1,856.25"
orbit-Slc,Lakeside Commons,Rahul Mikhailov Travel,"June 1, 2026, 12:00 AM","June 15, 2026, 12:00 AM",1262397,8Seater-LVT-July,31-above,39.85,"2,482.5"
catalyst-Sac,Fairview Commons,Priya Mikhailov Travel,"June 1, 2026, 12:00 AM","June 30, 2026, 12:00 AM",1514727,3S_Jan2024_CNG_AC,Zone_C,33.1,"1,473.75"
catalyst-Sac,Fairview Commons,Arjun Mikhailov Travel,"June 1, 2026, 12:00 AM","June 30, 2026, 12:00 AM",1515080,3S_Jan2024_CNG_AC,Zone_A,8.8,"1,434.38"
vanta-Aus,Cedar Ridge Office,Priya Mikhailov Travel,"June 1, 2026, 12:00 AM","June 30, 2026, 12:00 AM",1177196,4S-EV-Z,Long,0,"1,200"
orbit-Slc,Lakeside Commons,Rahul Mikhailov Travel,"June 16, 2026, 12:00 AM","June 30, 2026, 12:00 AM",1285910,8Seater-LVT-July,21-30,29.65,"1,372.5"
catalyst-Sac,Santa Clara Office,Rohan Mikhailov Travel,"June 1, 2026, 12:00 AM","June 30, 2026, 12:00 AM",1481716,3S_Jan2024_CNG_AC,Zone_A,8.07,"1,434.38"
catalyst-Sac,Santa Clara Office,Vikram Mikhailov Travel,"June 1, 2026, 12:00 AM","June 30, 2026, 12:00 AM",1481415,3S_Jan2024_CNG_AC,Zone_B,26.89,"1,856.25"
pinnacle-Slc,Willow Bend Campus,Rahul Morozov Travel,"June 1, 2026, 12:00 AM","June 30, 2026, 12:00 AM",3174664,EV_Package,null,10.3,"1,670.46"
pinnacle-Slc,Willow Bend Campus,Aarav Mikhailov Travel,"June 1, 2026, 12:00 AM","June 30, 2026, 12:00 AM",3187277,DV_Package,null,23.9,"1,318.18"
pinnacle-Slc,Clearwater Campus,Divya Sokolov Travel,"June 1, 2026, 12:00 AM","June 30, 2026, 12:00 AM",3246293,4Seater,Slab1,7.7,915
pinnacle-Slc,Clearwater Campus,Karan Mikhailov Travel,"June 1, 2026, 12:00 AM","June 30, 2026, 12:00 AM",3307981,4Seater,Slab3,21.8,"1,743.75"
pinnacle-Slc,Oakmont Office,Rahul Mikhailov Travel,"June 1, 2026, 12:00 AM","June 30, 2026, 12:00 AM",3312815,4Seater,Slab3,24.3,"1,743.75"
pinnacle-Slc,Willow Bend Campus,Rahul Morozov Travel,"July 1, 2026, 12:00 AM","July 31, 2026, 12:00 AM",3352370,4Seater,Slab2,18.8,"1,020"
pinnacle-Slc,Clearwater Campus,Divya Sokolov Travel,"July 1, 2026, 12:00 AM","July 31, 2026, 12:00 AM",3409488,6Seater,Slab1,4.5,"1,140"
pinnacle-Slc,Willow Bend Campus,Rohan Mikhailov Travel,"July 1, 2026, 12:00 AM","July 31, 2026, 12:00 AM",3385053,4Seater,Slab1,9.9,915
pinnacle-Slc,Clearwater Campus,Divya Sokolov Travel,"July 1, 2026, 12:00 AM","July 31, 2026, 12:00 AM",3463926,4Seater,Slab3,25.7,"1,260"
pinnacle-Slc,Willow Bend Campus,Sanjay Mikhailov Travel,"July 1, 2026, 12:00 AM","July 31, 2026, 12:00 AM",3370500,4Seater,Slab3,20.51,"1,162.5"
pinnacle-Slc,Oakmont Office,Karan Mikhailov Travel,"July 1, 2026, 12:00 AM","July 31, 2026, 12:00 AM",3472524,4Seater,Slab1,8.2,915
pinnacle-Slc,Clearwater Campus,Karan Mikhailov Travel,"July 1, 2026, 12:00 AM","July 31, 2026, 12:00 AM",3335066,4Seater,Slab2,10.81,"1,020"
pinnacle-Slc,Oakmont Office,Rahul Morozov Travel,"July 1, 2026, 12:00 AM","July 31, 2026, 12:00 AM",3472993,4Seater,Slab2,16.21,"1,020"
pinnacle-Slc,Willow Bend Campus,Karan Mikhailov Travel,"July 1, 2026, 12:00 AM","July 31, 2026, 12:00 AM",3472057,4Seater,Slab1,7.72,915
pinnacle-Slc,Willow Bend Campus,Arjun Mikhailov Travel,"July 1, 2026, 12:00 AM","July 31, 2026, 12:00 AM",3472285,DV_Package,null,8.9,"1,260.87"
pinnacle-Slc,Willow Bend Campus,Divya Sokolov Travel,"July 1, 2026, 12:00 AM","July 31, 2026, 12:00 AM",3482304,DV_Package,null,33.4,"1,260.84"
vanta-Aus,Cedar Ridge Office,Meera Pavlov Travel,"July 1, 2026, 12:00 AM","July 31, 2026, 12:00 AM",1234137,6S-HYD,Medium,0,"1,683.87"
orbit-Slc,Cedar Ridge Office,Anjali Mikhailov Travel,"July 1, 2026, 12:00 AM","July 15, 2026, 12:00 AM",1324633,4SEATER_BTT_2025,21-30,27,"1,110"
orbit-Slc,Cedar Ridge Office,Anjali Mikhailov Travel,"July 16, 2026, 12:00 AM","July 31, 2026, 12:00 AM",1363649,4SEATER_BTT_2025,0-20,16.6,960
orbit-Slc,Eastgate Office,Rohan Mikhailov Travel,"July 16, 2026, 12:00 AM","July 31, 2026, 12:00 AM",1361435,NPT4_SEATER_EV,Slab 1,26.33,"1,342.5"
orbit-Slc,Eastgate Office,Rohan Mikhailov Travel,"July 16, 2026, 12:00 AM","July 31, 2026, 12:00 AM",1347834,NPT_4_SEATER,Slab1,24.13,"1,170"
orbit-Slc,Lakeside Commons,Rahul Mikhailov Travel,"July 16, 2026, 12:00 AM","July 31, 2026, 12:00 AM",1360415,4Seater-LVT-July,0-20,16.64,885
vanta-Sea,Denver Office,Anjali Mikhailov Travel,"June 1, 2026, 12:00 AM","June 30, 2026, 12:00 AM",4975009,6S-EV-HTK,Medium,20.7,"1,875"
vanta-Sea,Denver Office,Aarav Mikhailov Travel,"June 1, 2026, 12:00 AM","June 30, 2026, 12:00 AM",4955355,BUS-ORRNEW-SML,null,0,"2,089.99"
vanta-Sea,Denver Office,Isha Mikhailov Travel,"June 1, 2026, 12:00 AM","June 30, 2026, 12:00 AM",4977272,6S-150ORRNEW,Medium,0,"1,798.17"
vanta-Sea,Denver Office,Anjali Mikhailov Travel,"June 1, 2026, 12:00 AM","June 30, 2026, 12:00 AM",4995705,6S-150ORRNEW,Medium,0,"1,798.17"
vanta-Sea,Denver Office,Priya Mikhailov Travel,"June 1, 2026, 12:00 AM","June 30, 2026, 12:00 AM",4997462,4S-150ORRNEW,Long,0,"1,613.25"
vanta-Sea,Denver Office,Anjali Mikhailov Travel,"June 1, 2026, 12:00 AM","June 30, 2026, 12:00 AM",4976691,4S-EV-Z,Short,0,"1,275"
vanta-Sea,Denver Office,Isha Mikhailov Travel,"May 1, 2026, 12:00 AM","May 31, 2026, 12:00 AM",4833589,6S-150ORRNEW,Medium,0,"1,798.17"
vanta-Sea,Denver Office,Sanjay Mikhailov Travel,"May 1, 2026, 12:00 AM","May 31, 2026, 12:00 AM",4877483,4S-EV-Z,Medium,0,"1,275"
vanta-Sea,Denver Office,Sanjay Mikhailov Travel,"May 1, 2026, 12:00 AM","May 31, 2026, 12:00 AM",4863216,4S-EV-Z,Medium,0,"1,275"
vanta-Sea,Denver Office,Priya Mikhailov Travel,"June 1, 2026, 12:00 AM","June 30, 2026, 12:00 AM",4917580,4S-EV-Z,Long,0,"1,275"
vanta-Sea,Denver Office,Sanjay Mikhailov Travel,"May 1, 2026, 12:00 AM","May 31, 2026, 12:00 AM",4819867,4S-EV-Z,Medium,0,"1,275"
vanta-Sea,Denver Office,Anjali Mikhailov Travel,"June 1, 2026, 12:00 AM","June 30, 2026, 12:00 AM",4903258,4S-150ORRNEW,Medium,0,"1,365.5"
vanta-Sea,Denver Office,Isha Mikhailov Travel,"June 1, 2026, 12:00 AM","June 30, 2026, 12:00 AM",4978726,4S-EV-Z,Short,0,"1,275"
vanta-Sea,Denver Office,Aarav Petrov Travel,"June 1, 2026, 12:00 AM","June 30, 2026, 12:00 AM",4970204,BUS-ORRNEW-TT,null,0,"2,077.32"
vanta-Sea,Denver Office,Aarav Petrov Travel,"June 1, 2026, 12:00 AM","June 30, 2026, 12:00 AM",4982887,4S-150ORRNEW,Medium,0,"1,365.5"
vanta-Sea,Denver Office,Isha Mikhailov Travel,"May 1, 2026, 12:00 AM","May 31, 2026, 12:00 AM",4825321,BUS-ORRNEW-TT,null,0,902.76
vanta-Sea,Denver Office,Anjali Mikhailov Travel,"May 1, 2026, 12:00 AM","May 31, 2026, 12:00 AM",4874551,BUS-ORRNEW-SML,null,0,"3,234.66"
vanta-Sea,Denver Office,Priya Mikhailov Travel,"June 1, 2026, 12:00 AM","June 30, 2026, 12:00 AM",4925512,4S-150ORRNEW,Medium,0,"1,365.5"
vanta-Sea,Denver Office,Priya Mikhailov Travel,"May 1, 2026, 12:00 AM","May 31, 2026, 12:00 AM",4825862,4S-150ORRNEW,Long,0,"1,613.25"
vanta-Sea,Denver Office,Aarav Mikhailov Travel,"May 1, 2026, 12:00 AM","May 31, 2026, 12:00 AM",4874760,4S-150ORRNEW,Medium,0,"1,365.5"
vanta-Sea,Denver Office,Priya Mikhailov Travel,"June 1, 2026, 12:00 AM","June 30, 2026, 12:00 AM",4959153,4S-EV-Z,Medium,0,"1,275"
vanta-Sea,Denver Office,Isha Mikhailov Travel,"May 1, 2026, 12:00 AM","May 31, 2026, 12:00 AM",4839392,4S-150ORRNEW,Long,0,"1,613.25"
vanta-Sea,Denver Office,Anjali Mikhailov Travel,"June 1, 2026, 12:00 AM","June 30, 2026, 12:00 AM",4951247,4S-150ORRNEW,Medium,0,"1,365.5"
vanta-Sea,Denver Office,Isha Mikhailov Travel,"June 1, 2026, 12:00 AM","June 30, 2026, 12:00 AM",4987622,4S-150ORRNEW,Medium,0,"1,365.5"
vanta-Sea,Denver Office,Aarav Mikhailov Travel,"May 1, 2026, 12:00 AM","May 31, 2026, 12:00 AM",4831671,4S-EV-Z,Medium,0,"1,275"
vanta-Sea,Denver Office,Sanjay Mikhailov Travel,"June 1, 2026, 12:00 AM","June 30, 2026, 12:00 AM",4953203,6S-150ORRNEW,Long,0,"2,116.01"
vanta-Sea,Denver Office,Priya Mikhailov Travel,"May 1, 2026, 12:00 AM","May 31, 2026, 12:00 AM",4855735,4S-150ORRNEW,Short,0,"1,057.75"
vanta-Sea,Denver Office,Aarav Petrov Travel,"June 1, 2026, 12:00 AM","June 30, 2026, 12:00 AM",4979992,4S-EV-Z,Medium,0,"1,275"
vanta-Sea,Denver Office,Sanjay Mikhailov Travel,"May 1, 2026, 12:00 AM","May 31, 2026, 12:00 AM",4870016,4S-150ORRNEW,Long,0,"1,613.25"
vanta-Sea,Denver Office,Priya Mikhailov Travel,"June 1, 2026, 12:00 AM","June 30, 2026, 12:00 AM",4993335,4S-150ORRNEW,Short,0,"1,057.75"
vanta-Sea,Denver Office,Aarav Petrov Travel,"May 1, 2026, 12:00 AM","May 31, 2026, 12:00 AM",4845450,4S-150ORRNEW,Long,0,"1,613.25"
vanta-Sea,Denver Office,Anjali Mikhailov Travel,"May 1, 2026, 12:00 AM","May 31, 2026, 12:00 AM",4851104,6S-150ORRNEW,Medium,0,"1,798.17"
vanta-Sea,Denver Office,Isha Mikhailov Travel,"June 1, 2026, 12:00 AM","June 30, 2026, 12:00 AM",4929656,4S-150ORRNEW,Short,0,"1,057.75"
vanta-Sea,Denver Office,Sanjay Mikhailov Travel,"May 1, 2026, 12:00 AM","May 31, 2026, 12:00 AM",4817299,BUS-ORRNEW-TT,null,0,941.76
vanta-Sea,Denver Office,Priya Mikhailov Travel,"May 1, 2026, 12:00 AM","May 31, 2026, 12:00 AM",4842401,6S-150ORRNEW,Long,0,"2,116.01"
vanta-Sea,Denver Office,Priya Mikhailov Travel,"June 1, 2026, 12:00 AM","June 30, 2026, 12:00 AM",4972993,BUS-ORRNEW-TT,null,0,"2,529.75"
vanta-Sea,Denver Office,Sanjay Mikhailov Travel,"June 1, 2026, 12:00 AM","June 30, 2026, 12:00 AM",4921883,4S-150ORRNEW,Short,0,"1,057.75"
vanta-Sea,Denver Office,Aarav Mikhailov Travel,"May 1, 2026, 12:00 AM","May 31, 2026, 12:00 AM",4822791,4S-EV-Z,Medium,0,"1,275"
vanta-Sea,Denver Office,Aarav Mikhailov Travel,"June 1, 2026, 12:00 AM","June 30, 2026, 12:00 AM",4901587,BUS-ORRNEW-TT,null,0,"1,444.88"
vanta-Sea,Denver Office,Sanjay Mikhailov Travel,"June 1, 2026, 12:00 AM","June 30, 2026, 12:00 AM",4974534,6S-150ORRNEW,Long,0,"2,116.01"
vanta-Sea,Denver Office,Aarav Mikhailov Travel,"May 1, 2026, 12:00 AM","May 31, 2026, 12:00 AM",4872494,4S-150ORRNEW,Medium,0,"1,365.5"
vanta-Sea,Denver Office,Priya Mikhailov Travel,"June 1, 2026, 12:00 AM","June 30, 2026, 12:00 AM",4987382,6S-150ORRNEW,Long,0,"2,116.01"
vanta-Sea,Denver Office,Isha Mikhailov Travel,"July 1, 2026, 12:00 AM","July 31, 2026, 12:00 AM",5006942,4S-150ORRNEW,Short,0,"1,077.27"
vanta-Sea,Denver Office,Isha Mikhailov Travel,"May 1, 2026, 12:00 AM","May 31, 2026, 12:00 AM",4867310,6S-150ORRNEW,Long,0,"2,116.01"
vanta-Sea,Denver Office,Aarav Mikhailov Travel,"July 1, 2026, 12:00 AM","July 31, 2026, 12:00 AM",5098426,6S-150ORRNEW,Short,0,"1,416.36"
vanta-Sea,Pinecrest Office,Meera Lebedev Travel,"July 1, 2026, 12:00 AM","July 31, 2026, 12:00 AM",5086347,6S-PREMIUMNEW,null,47.3,"1,450.57"
vanta-Sea,Denver Office,Aarav Petrov Travel,"July 1, 2026, 12:00 AM","July 31, 2026, 12:00 AM",5010819,4S-150ORRNEW,Short,0,"1,077.27"
vanta-Sea,Denver Office,Aarav Petrov Travel,"July 1, 2026, 12:00 AM","July 31, 2026, 12:00 AM",5032827,6S-150ORRNEW,Long,0,"2,194.1"
vanta-Sea,Denver Office,Sanjay Mikhailov Travel,"July 1, 2026, 12:00 AM","July 31, 2026, 12:00 AM",5027218,4S-150ORRNEW,Medium,0,"1,404.56"
vanta-Sea,Denver Office,Sanjay Mikhailov Travel,"July 1, 2026, 12:00 AM","July 31, 2026, 12:00 AM",5085596,6S-150ORRNEW,Medium,0,"1,850.24"
vanta-Sea,Denver Office,Priya Mikhailov Travel,"July 1, 2026, 12:00 AM","July 31, 2026, 12:00 AM",5073789,4S-150ORRNEW,Medium,0,"1,404.56"
vanta-Sea,Denver Office,Sanjay Mikhailov Travel,"July 1, 2026, 12:00 AM","July 31, 2026, 12:00 AM",5033524,4S-EV-Z,Long,0,"1,275"
vanta-Sea,Denver Office,Priya Mikhailov Travel,"July 1, 2026, 12:00 AM","July 31, 2026, 12:00 AM",5094006,6S-150ORRNEW,Short,0,"1,416.36"
vanta-Sea,Denver Office,Sanjay Mikhailov Travel,"July 1, 2026, 12:00 AM","July 31, 2026, 12:00 AM",5096680,4S-EV-Z,Short,0,"1,275"
vanta-Sea,Denver Office,Aarav Petrov Travel,"July 1, 2026, 12:00 AM","July 31, 2026, 12:00 AM",5093439,4S-EV-Z,Medium,0,"1,275"
vanta-Sea,Denver Office,Karan Mikhailov Travel,"July 1, 2026, 12:00 AM","July 31, 2026, 12:00 AM",5042753,4S-WOW150ORRNEW,null,0,"2,603.31"
vanta-Sea,Denver Office,Sanjay Mikhailov Travel,"July 1, 2026, 12:00 AM","July 31, 2026, 12:00 AM",5029953,6S-150ORRNEW,Long,0,"2,194.1"
vanta-Sea,Denver Office,Priya Mikhailov Travel,"July 1, 2026, 12:00 AM","July 31, 2026, 12:00 AM",5097249,4S-150ORRNEW,Medium,0,"1,404.56"
vanta-Sea,Denver Office,Priya Mikhailov Travel,"July 1, 2026, 12:00 AM","July 31, 2026, 12:00 AM",5097874,4S-150ORRNEW,Short,0,"1,077.27"
vanta-Sea,Denver Office,Aarav Mikhailov Travel,"July 1, 2026, 12:00 AM","July 31, 2026, 12:00 AM",5069445,4S-EV-Z,Short,0,"1,275"
vanta-Sea,Denver Office,Priya Mikhailov Travel,"July 1, 2026, 12:00 AM","July 31, 2026, 12:00 AM",5094487,BUS-ORRNEW-SML,null,0,"2,208.01"
vanta-Sea,Denver Office,Anjali Mikhailov Travel,"July 1, 2026, 12:00 AM","July 31, 2026, 12:00 AM",5021617,4S-EV-Z,Short,0,"1,275"
vanta-Sea,Denver Office,Aarav Mikhailov Travel,"July 1, 2026, 12:00 AM","July 31, 2026, 12:00 AM",5018191,4S-150ORRNEW,Medium,0,"1,404.56"
vanta-Sea,Denver Office,Isha Mikhailov Travel,"July 1, 2026, 12:00 AM","July 31, 2026, 12:00 AM",5089557,4S-150ORRNEW,Medium,0,"1,404.56"
pinnacle-Slc,Clearwater Campus,Divya Sokolov Travel,"May 1, 2026, 12:00 AM","May 31, 2026, 12:00 AM",3076440,4Seater,Slab1,5,915
pinnacle-Slc,Oakmont Office,Rohan Mikhailov Travel,"May 1, 2026, 12:00 AM","May 31, 2026, 12:00 AM",3062530,4Seater,Slab2,10.61,"1,020"
pinnacle-Slc,Willow Bend Campus,Rahul Orlov Travel,"May 1, 2026, 12:00 AM","May 31, 2026, 12:00 AM",3164396,DV_Package,null,7.2,"1,144.74"
pinnacle-Slc,Clearwater Campus,Rohan Mikhailov Travel,"May 1, 2026, 12:00 AM","May 31, 2026, 12:00 AM",3081037,4Seater,Slab1,2.7,915
pinnacle-Slc,Willow Bend Campus,Rahul Morozov Travel,"May 1, 2026, 12:00 AM","May 31, 2026, 12:00 AM",3091493,4Seater,Slab1,6.53,915
pinnacle-Slc,Oakmont Office,Arjun Mikhailov Travel,"May 1, 2026, 12:00 AM","May 31, 2026, 12:00 AM",3066235,4Seater,Slab2,15.1,"1,020"
pinnacle-Slc,Clearwater Campus,Divya Sokolov Travel,"May 1, 2026, 12:00 AM","May 31, 2026, 12:00 AM",3140240,6Seater,Slab4,33,"1,687.5"
pinnacle-Slc,Willow Bend Campus,Karan Mikhailov Travel,"May 1, 2026, 12:00 AM","May 31, 2026, 12:00 AM",3066009,DV_Package,null,16.6,"1,526.31"
pinnacle-Slc,Oakmont Office,Sanjay Mikhailov Travel,"May 1, 2026, 12:00 AM","May 31, 2026, 12:00 AM",3168484,4Seater,Slab1,7.9,915
pinnacle-Slc,Willow Bend Campus,Rahul Mikhailov Travel,"May 1, 2026, 12:00 AM","May 31, 2026, 12:00 AM",3124522,4Seater,Slab3,22,"1,162.5"
pinnacle-Slc,Oakmont Office,Pooja Mikhailov Travel,"May 1, 2026, 12:00 AM","May 31, 2026, 12:00 AM",3153676,4Seater,Slab2,20.37,"1,530"
pinnacle-Slc,Clearwater Campus,Divya Sokolov Travel,"May 1, 2026, 12:00 AM","May 31, 2026, 12:00 AM",3167562,4Seater,Slab3,24.14,"1,162.5"
pinnacle-Slc,Clearwater Campus,Divya Mikhailov Travel,"May 1, 2026, 12:00 AM","May 31, 2026, 12:00 AM",3059680,DV_Package,null,6,"1,526.31"
pinnacle-Slc,Willow Bend Campus,Karan Mikhailov Travel,"May 1, 2026, 12:00 AM","May 31, 2026, 12:00 AM",3055277,4Seater,Slab1,3.8,915
pinnacle-Slc,Clearwater Campus,Rohan Mikhailov Travel,"May 1, 2026, 12:00 AM","May 31, 2026, 12:00 AM",3128592,6Seater,Slab1,6.1,"1,140"
pinnacle-Slc,Willow Bend Campus,Divya Mikhailov Travel,"May 1, 2026, 12:00 AM","May 31, 2026, 12:00 AM",3157353,4Seater,Slab2,12.6,"1,020"
pinnacle-Slc,Willow Bend Campus,Sanjay Mikhailov Travel,"May 1, 2026, 12:00 AM","May 31, 2026, 12:00 AM",3079439,DV_Package,null,18.3,"1,526.31"
pinnacle-Slc,Willow Bend Campus,Karan Mikhailov Travel,"May 1, 2026, 12:00 AM","May 31, 2026, 12:00 AM",3078932,DV_Package,null,19.3,"1,526.31"
pinnacle-Slc,Oakmont Office,Rahul Morozov Travel,"May 1, 2026, 12:00 AM","May 31, 2026, 12:00 AM",3098491,4Seater,Slab2,10.6,"1,530"
pinnacle-Slc,Oakmont Office,Divya Mikhailov Travel,"May 1, 2026, 12:00 AM","May 31, 2026, 12:00 AM",3068434,4Seater,Slab1,8.9,915
pinnacle-Slc,Willow Bend Campus,Karan Mikhailov Travel,"May 1, 2026, 12:00 AM","May 31, 2026, 12:00 AM",3093278,4Seater,Slab2,20.15,"1,020"
pinnacle-Slc,Clearwater Campus,Sanjay Mikhailov Travel,"May 1, 2026, 12:00 AM","May 31, 2026, 12:00 AM",3127946,4Seater,Slab2,18.74,"1,020"
pinnacle-Slc,Clearwater Campus,Divya Sokolov Travel,"May 1, 2026, 12:00 AM","May 31, 2026, 12:00 AM",3122554,4Seater,Slab4,31.69,"1,290"
pinnacle-Slc,Clearwater Campus,Rohan Mikhailov Travel,"May 1, 2026, 12:00 AM","May 31, 2026, 12:00 AM",3122766,6Seater,Slab3,22.56,"1,500"
pinnacle-Slc,Willow Bend Campus,Aarav Mikhailov Travel,"May 1, 2026, 12:00 AM","May 31, 2026, 12:00 AM",3097539,4Seater,Slab1,7.8,915
pinnacle-Slc,Clearwater Campus,Amit Volkov Travel,"May 1, 2026, 12:00 AM","May 31, 2026, 12:00 AM",3057748,DV_Package,null,5.6,"1,144.74"
pinnacle-Slc,Clearwater Campus,Karan Mikhailov Travel,"May 1, 2026, 12:00 AM","May 31, 2026, 12:00 AM",3102388,DV_Package,null,12.3,"1,526.31"
pinnacle-Slc,Clearwater Campus,Divya Mikhailov Travel,"May 1, 2026, 12:00 AM","May 31, 2026, 12:00 AM",3102819,4Seater,Slab2,12.61,"1,020"
pinnacle-Slc,Willow Bend Campus,Karan Mikhailov Travel,"May 1, 2026, 12:00 AM","May 31, 2026, 12:00 AM",3131924,4Seater,Slab2,20.4,"1,530"
pinnacle-Slc,Oakmont Office,Divya Sokolov Travel,"June 1, 2026, 12:00 AM","June 30, 2026, 12:00 AM",3218979,4Seater,Slab1,5.81,915
pinnacle-Slc,Clearwater Campus,Pooja Mikhailov Travel,"June 1, 2026, 12:00 AM","June 30, 2026, 12:00 AM",3289691,4Seater,Slab2,12,"1,020"
pinnacle-Slc,Clearwater Campus,Amit Volkov Travel,"June 1, 2026, 12:00 AM","June 30, 2026, 12:00 AM",3269598,4Seater,Slab1,10.3,915
pinnacle-Slc,Willow Bend Campus,Arjun Mikhailov Travel,"June 1, 2026, 12:00 AM","June 30, 2026, 12:00 AM",3281177,4Seater,Slab2,16.45,"1,020"
vanta-Aus,Cedar Ridge Office,Meera Pavlov Travel,"June 1, 2026, 12:00 AM","June 30, 2026, 12:00 AM",1182856,4S-EV-Z,Medium,0,"1,200"
catalyst-Sac,Santa Clara Office,Vikram Mikhailov Travel,"July 1, 2026, 12:00 AM","July 31, 2026, 12:00 AM",1546329,3S_Jan2024_CNG_AC,Zone_A,5.23,"1,440"
catalyst-Sac,Redwood City Center,Aarav Mikhailov Travel,"July 1, 2026, 12:00 AM","July 31, 2026, 12:00 AM",1558833,3S_Jan2024_CNG_AC,Zone_C,28.4,"1,485"
catalyst-Sac,Santa Clara Office,Vikram Mikhailov Travel,"July 1, 2026, 12:00 AM","July 31, 2026, 12:00 AM",1548800,3S_Jan2024_CNG_AC,Zone_B,26,"1,867.5"
vanta-Aus,Cedar Ridge Office,Sneha Mikhailov Travel,"July 1, 2026, 12:00 AM","July 31, 2026, 12:00 AM",1237612,6S-HYD,Medium,0,"1,683.87"
orbit-Slc,Cedar Ridge Office,Anjali Mikhailov Travel,"July 1, 2026, 12:00 AM","July 15, 2026, 12:00 AM",1324387,4SEATER_BTT_2025,21-30,21.6,"1,110"
vanta-Aus,Cedar Ridge Office,Anjali Mikhailov Travel,"July 1, 2026, 12:00 AM","July 31, 2026, 12:00 AM",1250116,6S-HYD,Short,0,"1,254.43"
vanta-Aus,Cedar Ridge Office,Sneha Mikhailov Travel,"July 1, 2026, 12:00 AM","July 31, 2026, 12:00 AM",1205925,4S-HYD,Short,0,968.58
vanta-Aus,Cedar Ridge Office,Anjali Mikhailov Travel,"July 1, 2026, 12:00 AM","July 31, 2026, 12:00 AM",1229794,4S-HYD,Medium,0,"1,181.14"
orbit-Slc,Eastgate Office,Rohan Mikhailov Travel,"July 1, 2026, 12:00 AM","July 15, 2026, 12:00 AM",1318490,NPT_4_SEATER,Slab1,25.9,"1,170"
vanta-Aus,Cedar Ridge Office,Priya Mikhailov Travel,"July 1, 2026, 12:00 AM","July 31, 2026, 12:00 AM",1244691,4S-HYD,Long,0,"1,416.22"
catalyst-Sac,Santa Clara Office,Vikram Mikhailov Travel,"July 1, 2026, 12:00 AM","July 31, 2026, 12:00 AM",1557794,5S_Jan2024_CNG_AC,Zone_C,29.7,"1,813.5"
catalyst-Sac,Santa Clara Office,Divya Mikhailov Travel,"July 1, 2026, 12:00 AM","July 31, 2026, 12:00 AM",1555075,3S_Jan2024_CNG_AC,Zone_B,24.13,"1,867.5"
vanta-Aus,Cedar Ridge Office,Priya Mikhailov Travel,"July 1, 2026, 12:00 AM","July 31, 2026, 12:00 AM",1210451,4S-HYD,Short,0,968.58
pinnacle-Slc,Clearwater Campus,Rahul Mikhailov Travel,"July 1, 2026, 12:00 AM","July 31, 2026, 12:00 AM",3354006,4Seater,Slab2,17.8,"1,020"
pinnacle-Slc,Clearwater Campus,Rohan Mikhailov Travel,"July 1, 2026, 12:00 AM","July 31, 2026, 12:00 AM",3368638,DV_Package,null,11.79,"1,260.87"
pinnacle-Slc,Oakmont Office,Rohan Mikhailov Travel,"July 1, 2026, 12:00 AM","July 31, 2026, 12:00 AM",3466458,4Seater,Slab1,8.1,"1,372.5"
pinnacle-Slc,Willow Bend Campus,Amit Volkov Travel,"July 1, 2026, 12:00 AM","July 31, 2026, 12:00 AM",3363538,4Seater,Slab1,5.84,915
pinnacle-Slc,Clearwater Campus,Karan Mikhailov Travel,"July 1, 2026, 12:00 AM","July 31, 2026, 12:00 AM",3330251,4Seater,Slab1,8.59,915
pinnacle-Slc,Clearwater Campus,Aarav Mikhailov Travel,"July 1, 2026, 12:00 AM","July 31, 2026, 12:00 AM",3422642,4Seater,Slab3,21,"1,162.5"
pinnacle-Slc,Oakmont Office,Karan Mikhailov Travel,"July 1, 2026, 12:00 AM","July 31, 2026, 12:00 AM",3383558,DV_Package,null,8.7,945.66
pinnacle-Slc,Clearwater Campus,Sanjay Mikhailov Travel,"July 1, 2026, 12:00 AM","July 31, 2026, 12:00 AM",3436025,4Seater,Slab3,25.1,"1,162.5"
pinnacle-Slc,Clearwater Campus,Pooja Mikhailov Travel,"July 1, 2026, 12:00 AM","July 31, 2026, 12:00 AM",3338260,DV_Package,null,5.82,"1,260.87"
pinnacle-Slc,Clearwater Campus,Rohan Mikhailov Travel,"July 1, 2026, 12:00 AM","July 31, 2026, 12:00 AM",3366885,DV_Package,null,5.1,"1,260.87"
pinnacle-Slc,Willow Bend Campus,Karan Mikhailov Travel,"July 1, 2026, 12:00 AM","July 31, 2026, 12:00 AM",3396793,4Seater,Slab3,22.8,"1,162.5"
pinnacle-Slc,Clearwater Campus,Karan Mikhailov Travel,"July 1, 2026, 12:00 AM","July 31, 2026, 12:00 AM",3367362,4Seater,Slab2,11.6,"1,020"
pinnacle-Slc,Willow Bend Campus,Rahul Orlov Travel,"July 1, 2026, 12:00 AM","July 31, 2026, 12:00 AM",3474174,DV_Package,null,30.91,"1,260.87"
pinnacle-Slc,Willow Bend Campus,Rohan Mikhailov Travel,"July 1, 2026, 12:00 AM","July 31, 2026, 12:00 AM",3459953,4Seater,Slab1,7.27,915
pinnacle-Slc,Willow Bend Campus,Sanjay Mikhailov Travel,"July 1, 2026, 12:00 AM","July 31, 2026, 12:00 AM",3425676,DV_Package,null,11.89,"1,260.87"
vanta-Aus,Cedar Ridge Office,Sneha Mikhailov Travel,"May 1, 2026, 12:00 AM","May 31, 2026, 12:00 AM",1133309,4S-HYD,XLong,0,"1,543.5"
vanta-Aus,Cedar Ridge Office,Priya Mikhailov Travel,"May 1, 2026, 12:00 AM","May 31, 2026, 12:00 AM",1108158,4S-EV-Z,Medium,0,"1,200"
vanta-Aus,Cedar Ridge Office,Priya Mikhailov Travel,"May 1, 2026, 12:00 AM","May 31, 2026, 12:00 AM",1139973,4S-EV-Z,Medium,0,"1,200"
vanta-Aus,Cedar Ridge Office,Sanjay Mikhailov Travel,"May 1, 2026, 12:00 AM","May 31, 2026, 12:00 AM",1132975,6S-HYD,Medium,0,"1,629"
catalyst-Sac,Santa Clara Office,Vikram Mikhailov Travel,"May 1, 2026, 12:00 AM","May 31, 2026, 12:00 AM",1458525,3S_Jan2024_CNG_AC,Zone_A,16.4,"1,420.32"
catalyst-Sac,Oakmont Office,Aarav Mikhailov Travel,"May 1, 2026, 12:00 AM","May 31, 2026, 12:00 AM",1460021,3S_Jan2024_CNG_AC,Zone_C,27.3,"2,168.45"
catalyst-Sac,Santa Clara Office,Divya Mikhailov Travel,"May 1, 2026, 12:00 AM","May 31, 2026, 12:00 AM",1474591,5S_Jan2024_CNG_AC,Zone_A,4.09,"1,187.25"
vanta-Aus,Cedar Ridge Office,Sanjay Mikhailov Travel,"May 1, 2026, 12:00 AM","May 31, 2026, 12:00 AM",1133959,6S-EV-HTK,Short,0,"1,875"
catalyst-Sac,Santa Clara Office,Rohan Mikhailov Travel,"May 1, 2026, 12:00 AM","May 31, 2026, 12:00 AM",1461042,5S_Jan2024_CNG_AC,Zone_B,20.48,"1,507.5"
vanta-Aus,Cedar Ridge Office,Priya Mikhailov Travel,"May 1, 2026, 12:00 AM","May 31, 2026, 12:00 AM",1110446,4S-EV-Z,Medium,0,"1,200"
orbit-Slc,Lakeside Commons,Anjali Mikhailov Travel,"May 1, 2026, 12:00 AM","May 15, 2026, 12:00 AM",1229794,4SEATER_BTT_2025_EV,31 - above,33.3,"1,260"
catalyst-Sac,Santa Clara Office,Rohan Mikhailov Travel,"May 1, 2026, 12:00 AM","May 31, 2026, 12:00 AM",1453506,3S_Jan2024_CNG_AC,Zone_B,20.3,"1,828.13"
catalyst-Sac,Santa Clara Office,Vikram Mikhailov Travel,"May 1, 2026, 12:00 AM","May 31, 2026, 12:00 AM",1453203,3S_Jan2024_CNG_AC,Zone_A,7.34,946.88
catalyst-Sac,Santa Clara Office,Vikram Mikhailov Travel,"May 1, 2026, 12:00 AM","May 31, 2026, 12:00 AM",1441079,3S_Jan2024_CNG_AC,Zone_B,13.2,"1,218.75"
orbit-Slc,Lakeside Commons,Anjali Mikhailov Travel,"May 1, 2026, 12:00 AM","May 15, 2026, 12:00 AM",1210451,8SEATER_BTT_2025,21-30,22.42,"1,410"
vanta-Aus,Cedar Ridge Office,Sneha Mikhailov Travel,"June 1, 2026, 12:00 AM","June 30, 2026, 12:00 AM",1172240,4S-HYD,Short,0,948
pinnacle-Slc,Northgate Campus,Sanjay Mikhailov Travel,"June 1, 2026, 12:00 AM","June 30, 2026, 12:00 AM",3217162,12S_packagebased,Slab 1,8.99,"1,515"
pinnacle-Slc,Willow Bend Campus,Rahul Mikhailov Travel,"June 1, 2026, 12:00 AM","June 30, 2026, 12:00 AM",3268067,4Seater,Slab2,14.4,"1,020"
pinnacle-Slc,Oakmont Office,Rohan Mikhailov Travel,"June 1, 2026, 12:00 AM","June 30, 2026, 12:00 AM",3268368,DV_Package,null,3.33,988.63
pinnacle-Slc,Willow Bend Campus,Rahul Mikhailov Travel,"June 1, 2026, 12:00 AM","June 30, 2026, 12:00 AM",3257211,4Seater,Slab1,9.64,915
pinnacle-Slc,Oakmont Office,Rahul Orlov Travel,"June 1, 2026, 12:00 AM","June 30, 2026, 12:00 AM",3234205,DV_Package,null,12.2,"1,318.18"
pinnacle-Slc,Oakmont Office,Amit Volkov Travel,"June 1, 2026, 12:00 AM","June 30, 2026, 12:00 AM",3180574,DV_Package,null,9.09,988.63
pinnacle-Slc,Oakmont Office,Pooja Mikhailov Travel,"June 1, 2026, 12:00 AM","June 30, 2026, 12:00 AM",3193935,4Seater,Slab2,16.1,"1,020"
pinnacle-Slc,Oakmont Office,Divya Mikhailov Travel,"June 1, 2026, 12:00 AM","June 30, 2026, 12:00 AM",3227870,4Seater,Slab1,10.19,915
pinnacle-Slc,Clearwater Campus,Aarav Mikhailov Travel,"June 1, 2026, 12:00 AM","June 30, 2026, 12:00 AM",3210137,4Seater,Slab2,18.6,"1,020"
pinnacle-Slc,Willow Bend Campus,Divya Mikhailov Travel,"June 1, 2026, 12:00 AM","June 30, 2026, 12:00 AM",3311971,DV_Package,null,35.52,988.63
pinnacle-Slc,Willow Bend Campus,Rahul Morozov Travel,"June 1, 2026, 12:00 AM","June 30, 2026, 12:00 AM",3199456,4Seater,Slab1,7.91,915
pinnacle-Slc,Willow Bend Campus,Rohan Mikhailov Travel,"June 1, 2026, 12:00 AM","June 30, 2026, 12:00 AM",3325240,6Seater,Slab1,10.2,"1,140"
pinnacle-Slc,Willow Bend Campus,Rohan Mikhailov Travel,"June 1, 2026, 12:00 AM","June 30, 2026, 12:00 AM",3291363,4Seater,Slab2,20.4,"1,530"
pinnacle-Slc,Clearwater Campus,Amit Mikhailov Travel,"June 1, 2026, 12:00 AM","June 30, 2026, 12:00 AM",3322074,4Seater,Slab4,43.5,"1,290"
pinnacle-Slc,Clearwater Campus,Rohan Mikhailov Travel,"June 1, 2026, 12:00 AM","June 30, 2026, 12:00 AM",3196014,4Seater,Slab2,13.63,"1,020"
pinnacle-Slc,Willow Bend Campus,Karan Mikhailov Travel,"June 1, 2026, 12:00 AM","June 30, 2026, 12:00 AM",3227288,4Seater,Slab2,15.74,"1,530"
pinnacle-Slc,Oakmont Office,Karan Mikhailov Travel,"June 1, 2026, 12:00 AM","June 30, 2026, 12:00 AM",3258746,4Seater,Slab1,8.01,"1,372.5"
pinnacle-Slc,Clearwater Campus,Amit Volkov Travel,"June 1, 2026, 12:00 AM","June 30, 2026, 12:00 AM",3322744,4Seater,Slab2,16.1,"1,020"
pinnacle-Slc,Willow Bend Campus,Rohan Mikhailov Travel,"June 1, 2026, 12:00 AM","June 30, 2026, 12:00 AM",3267801,4Seater,Slab4,30.8,"1,290"
pinnacle-Slc,Clearwater Campus,Aarav Mikhailov Travel,"June 1, 2026, 12:00 AM","June 30, 2026, 12:00 AM",3271650,6Seater,Slab1,7.8,"1,140"
vanta-Aus,Cedar Ridge Office,Sneha Mikhailov Travel,"June 1, 2026, 12:00 AM","June 30, 2026, 12:00 AM",1149594,6S-HYD,Medium,0,"1,629"
vanta-Aus,Cedar Ridge Office,Sanjay Mikhailov Travel,"June 1, 2026, 12:00 AM","June 30, 2026, 12:00 AM",1152576,4S-EV-Z,Medium,0,"1,200"
catalyst-Sac,Crestwood Campus,Priya Mikhailov Travel,"June 1, 2026, 12:00 AM","June 30, 2026, 12:00 AM",1479005,3S_Jan2024_CNG_AC,Zone_B,27.17,"1,237.5"
catalyst-Sac,Santa Clara Office,Divya Mikhailov Travel,"June 1, 2026, 12:00 AM","June 30, 2026, 12:00 AM",1496847,3S_Jan2024_CNG_AC,Zone_B,23.1,"1,856.25"
vanta-Aus,Cedar Ridge Office,Anjali Mikhailov Travel,"June 1, 2026, 12:00 AM","June 30, 2026, 12:00 AM",1168512,4S-HYD,Long,0,"1,354.5"
vanta-Aus,Cedar Ridge Office,Priya Mikhailov Travel,"June 1, 2026, 12:00 AM","June 30, 2026, 12:00 AM",1156674,4S-EV-Z,Long,0,"1,200"
catalyst-Sac,Crestwood Campus,Vikram Mikhailov Travel,"June 1, 2026, 12:00 AM","June 30, 2026, 12:00 AM",1497515,3S_Jan2024_AC,Zone_C,34.65,"1,486.88"
vanta-Aus,Cedar Ridge Office,Priya Mikhailov Travel,"June 1, 2026, 12:00 AM","June 30, 2026, 12:00 AM",1193254,4S-EV-Z,Short,0,"1,200"
vanta-Aus,Cedar Ridge Office,Priya Mikhailov Travel,"May 1, 2026, 12:00 AM","May 31, 2026, 12:00 AM",1118179,4S-EV-Z,Medium,0,"1,200"
vanta-Aus,Cedar Ridge Office,Anjali Mikhailov Travel,"June 1, 2026, 12:00 AM","June 30, 2026, 12:00 AM",1161247,6S-HYD,Short,0,"1,227"
orbit-Slc,Lakeside Commons,Anjali Mikhailov Travel,"June 1, 2026, 12:00 AM","June 15, 2026, 12:00 AM",1267743,8SEATER_BTT_2025,31-above,32.8,"1,560"
catalyst-Sac,Santa Clara Office,Vikram Mikhailov Travel,"June 1, 2026, 12:00 AM","June 30, 2026, 12:00 AM",1488950,3S_Jan2024_CNG_AC,Zone_B,17.86,"1,237.5"
orbit-Slc,Lakeside Commons,Rahul Mikhailov Travel,"June 1, 2026, 12:00 AM","June 15, 2026, 12:00 AM",1261087,12SEATER_LVT,31-50,39.2,"2,265"
orbit-Slc,Eastgate Office,Rohan Mikhailov Travel,"June 1, 2026, 12:00 AM","June 15, 2026, 12:00 AM",1263442,NPT_8_SEATER,NA,21.6,"1,506"
vanta-Aus,Cedar Ridge Office,Sanjay Mikhailov Travel,"June 1, 2026, 12:00 AM","June 30, 2026, 12:00 AM",1190196,6S-EV-HTK,Medium,0,"1,875"
catalyst-Sac,Santa Clara Office,Rohan Mikhailov Travel,"June 1, 2026, 12:00 AM","June 30, 2026, 12:00 AM",1504953,3S_Jan2024_CNG_AC,Zone_C,30.8,"2,210.63"
pinnacle-Slc,Oakmont Office,Rahul Morozov Travel,"June 1, 2026, 12:00 AM","June 30, 2026, 12:00 AM",3234939,4Seater,Slab1,3.04,915
pinnacle-Slc,Oakmont Office,Divya Sokolov Travel,"June 1, 2026, 12:00 AM","June 30, 2026, 12:00 AM",3233927,4Seater,Slab2,15.47,"1,020"
pinnacle-Slc,Clearwater Campus,Divya Sokolov Travel,"June 1, 2026, 12:00 AM","June 30, 2026, 12:00 AM",3209435,4Seater,Slab2,18.1,"1,020"
pinnacle-Slc,Clearwater Campus,Rahul Orlov Travel,"June 1, 2026, 12:00 AM","June 30, 2026, 12:00 AM",3230201,DV_Package,null,16.6,988.63
pinnacle-Slc,Oakmont Office,Pooja Mikhailov Travel,"June 1, 2026, 12:00 AM","June 30, 2026, 12:00 AM",3214232,6Seater,Slab2,12.3,"1,297.5"
pinnacle-Slc,Oakmont Office,Aarav Mikhailov Travel,"June 1, 2026, 12:00 AM","June 30, 2026, 12:00 AM",3214479,4Seater,Slab1,9,"1,372.5"
pinnacle-Slc,Clearwater Campus,Amit Mikhailov Travel,"June 1, 2026, 12:00 AM","June 30, 2026, 12:00 AM",3247833,6Seater,Slab2,20.17,"1,297.5"
pinnacle-Slc,Oakmont Office,Rahul Mikhailov Travel,"July 1, 2026, 12:00 AM","July 31, 2026, 12:00 AM",3332260,4Seater,Slab2,15.5,"1,020"
pinnacle-Slc,Willow Bend Campus,Amit Mikhailov Travel,"July 1, 2026, 12:00 AM","July 31, 2026, 12:00 AM",3336471,4Seater,Slab3,25.89,"1,162.5"
pinnacle-Slc,Clearwater Campus,Aarav Mikhailov Travel,"July 1, 2026, 12:00 AM","July 31, 2026, 12:00 AM",3458716,4Seater,Slab2,19.8,"1,020"
pinnacle-Slc,Oakmont Office,Arjun Mikhailov Travel,"July 1, 2026, 12:00 AM","July 31, 2026, 12:00 AM",3410802,4Seater,Slab1,3.6,915
pinnacle-Slc,Oakmont Office,Rahul Mikhailov Travel,"July 1, 2026, 12:00 AM","July 31, 2026, 12:00 AM",3430303,4Seater,Slab3,28.17,"1,162.5"
pinnacle-Slc,Oakmont Office,Rahul Morozov Travel,"July 1, 2026, 12:00 AM","July 31, 2026, 12:00 AM",3371442,DV_Package,null,8.7,945.66
pinnacle-Slc,Clearwater Campus,Amit Mikhailov Travel,"July 1, 2026, 12:00 AM","July 31, 2026, 12:00 AM",3389469,4Seater,Slab2,16.92,"1,020"
pinnacle-Slc,Oakmont Office,Rohan Mikhailov Travel,"July 1, 2026, 12:00 AM","July 31, 2026, 12:00 AM",3352124,4Seater,Slab1,4.51,"1,372.5"
pinnacle-Slc,Willow Bend Campus,Rohan Mikhailov Travel,"July 1, 2026, 12:00 AM","July 31, 2026, 12:00 AM",3371715,4Seater,Slab2,14.4,"1,020"
pinnacle-Slc,Clearwater Campus,Rohan Mikhailov Travel,"July 1, 2026, 12:00 AM","July 31, 2026, 12:00 AM",3473695,DV_Package,null,6.2,"1,260.82"
pinnacle-Slc,Oakmont Office,Rohan Mikhailov Travel,"July 1, 2026, 12:00 AM","July 31, 2026, 12:00 AM",3369594,DV_Package,null,5.69,"1,260.87"
pinnacle-Slc,Clearwater Campus,Divya Sokolov Travel,"July 1, 2026, 12:00 AM","July 31, 2026, 12:00 AM",3453772,4Seater,Slab1,7.95,915
pinnacle-Slc,Clearwater Campus,Aarav Mikhailov Travel,"July 1, 2026, 12:00 AM","July 31, 2026, 12:00 AM",3355496,4Seater,Slab1,6.33,915
pinnacle-Slc,Clearwater Campus,Sanjay Mikhailov Travel,"July 1, 2026, 12:00 AM","July 31, 2026, 12:00 AM",3345842,4Seater,Slab2,13.3,"1,020"
pinnacle-Slc,Clearwater Campus,Aarav Mikhailov Travel,"July 1, 2026, 12:00 AM","July 31, 2026, 12:00 AM",3433526,4Seater,Slab3,22.4,"1,162.5"
pinnacle-Slc,Clearwater Campus,Rahul Orlov Travel,"July 1, 2026, 12:00 AM","July 31, 2026, 12:00 AM",3452031,4Seater,Slab3,25.5,"1,162.5"
pinnacle-Slc,Clearwater Campus,Divya Sokolov Travel,"July 1, 2026, 12:00 AM","July 31, 2026, 12:00 AM",3368420,4Seater,Slab3,27.47,"1,162.5"
vanta-Aus,Cedar Ridge Office,Sneha Mikhailov Travel,"July 1, 2026, 12:00 AM","July 31, 2026, 12:00 AM",1258325,4S-HYD,XLong,0,"1,625.8"
orbit-Slc,Cedar Ridge Office,Anjali Mikhailov Travel,"July 1, 2026, 12:00 AM","July 15, 2026, 12:00 AM",1334961,4SEATER_BTT_2025,0-20,16.58,960
vanta-Aus,Cedar Ridge Office,Sneha Mikhailov Travel,"July 1, 2026, 12:00 AM","July 31, 2026, 12:00 AM",1258101,6S-HYD,Medium,0,"1,683.87"
orbit-Slc,Eastgate Office,Rohan Mikhailov Travel,"July 16, 2026, 12:00 AM","July 31, 2026, 12:00 AM",1346703,NPT_8_SEATER,NA,12.5,"1,506"
orbit-Slc,Lakeside Commons,Rahul Mikhailov Travel,"July 16, 2026, 12:00 AM","July 31, 2026, 12:00 AM",1347351,4Seater-LVT-July,31-above,31.1,"1,297.5"
orbit-Slc,Eastgate Office,Rohan Mikhailov Travel,"July 16, 2026, 12:00 AM","July 31, 2026, 12:00 AM",1356977,NPT_8_SEATER,NA,21.13,"2,409"
vanta-Sea,Denver Office,Priya Mikhailov Travel,"June 1, 2026, 12:00 AM","June 30, 2026, 12:00 AM",4975775,4S-150ORRNEW,Medium,0,"1,365.5"
vanta-Sea,Denver Office,Sanjay Mikhailov Travel,"June 1, 2026, 12:00 AM","June 30, 2026, 12:00 AM",4964384,4S-150ORRNEW,Long,0,"1,613.25"
vanta-Sea,Denver Office,Sanjay Mikhailov Travel,"June 1, 2026, 12:00 AM","June 30, 2026, 12:00 AM",4976966,4S-150ORRNEW,Long,0,"1,613.25"
vanta-Sea,Denver Office,Sanjay Mikhailov Travel,"May 1, 2026, 12:00 AM","May 31, 2026, 12:00 AM",4828320,4S-EV-Z,Long,0,"1,275"
vanta-Sea,Denver Office,Sanjay Mikhailov Travel,"May 1, 2026, 12:00 AM","May 31, 2026, 12:00 AM",4892997,BUS-ORRNEW-SML,null,0,"2,493.49"
vanta-Sea,Denver Office,Aarav Mikhailov Travel,"May 1, 2026, 12:00 AM","May 31, 2026, 12:00 AM",4833131,4S-150ORRNEW,Medium,0,"1,365.5"
vanta-Sea,Denver Office,Isha Mikhailov Travel,"May 1, 2026, 12:00 AM","May 31, 2026, 12:00 AM",4838253,4S-150ORRNEW,Medium,0,"1,365.5"
vanta-Sea,Denver Office,Isha Mikhailov Travel,"May 1, 2026, 12:00 AM","May 31, 2026, 12:00 AM",4828740,4S-150ORRNEW,Medium,0,"1,365.5"
vanta-Sea,Denver Office,Sanjay Mikhailov Travel,"May 1, 2026, 12:00 AM","May 31, 2026, 12:00 AM",4844901,4S-150ORRNEW,Medium,0,"1,365.5"
vanta-Sea,Denver Office,Isha Mikhailov Travel,"May 1, 2026, 12:00 AM","May 31, 2026, 12:00 AM",4893751,4S-150ORRNEW,Long,0,"1,613.25"
vanta-Sea,Denver Office,Sanjay Mikhailov Travel,"June 1, 2026, 12:00 AM","June 30, 2026, 12:00 AM",4930785,BUS-ORRNEW-TT,null,0,"2,589.75"
vanta-Sea,Denver Office,Sanjay Mikhailov Travel,"June 1, 2026, 12:00 AM","June 30, 2026, 12:00 AM",4957176,4S-150ORRNEW,Medium,0,"1,365.5"
vanta-Sea,Denver Office,Sanjay Mikhailov Travel,"June 1, 2026, 12:00 AM","June 30, 2026, 12:00 AM",4996854,4S-150ORRNEW,Long,0,"1,613.25"
vanta-Sea,Denver Office,Isha Mikhailov Travel,"June 1, 2026, 12:00 AM","June 30, 2026, 12:00 AM",4970689,BUS-ORRNEW-TT,null,0,"2,529.75"
vanta-Sea,Denver Office,Priya Mikhailov Travel,"June 1, 2026, 12:00 AM","June 30, 2026, 12:00 AM",4931265,BUS-ORRNEW-TT,null,0,794.91
vanta-Sea,Denver Office,Isha Mikhailov Travel,"June 1, 2026, 12:00 AM","June 30, 2026, 12:00 AM",4984185,4S-150ORRNEW,Long,0,"1,613.25"
vanta-Sea,Denver Office,Sanjay Mikhailov Travel,"May 1, 2026, 12:00 AM","May 31, 2026, 12:00 AM",4840376,6S-150ORRNEW,Short,0,"1,390.34"
vanta-Sea,Denver Office,Anjali Mikhailov Travel,"May 1, 2026, 12:00 AM","May 31, 2026, 12:00 AM",4840645,4S-150ORRNEW,Medium,0,"1,365.5"
vanta-Sea,Denver Office,Anjali Mikhailov Travel,"June 1, 2026, 12:00 AM","June 30, 2026, 12:00 AM",4977821,4S-150ORRNEW,Medium,0,"1,365.5"
vanta-Sea,Denver Office,Anjali Mikhailov Travel,"May 1, 2026, 12:00 AM","May 31, 2026, 12:00 AM",4855980,4S-EV-Z,Medium,0,"1,275"
vanta-Sea,Denver Office,Priya Mikhailov Travel,"June 1, 2026, 12:00 AM","June 30, 2026, 12:00 AM",4912814,4S-EV-Z,Short,0,"1,275"
vanta-Sea,Denver Office,Anjali Mikhailov Travel,"May 1, 2026, 12:00 AM","May 31, 2026, 12:00 AM",4821525,4S-150ORRNEW,Medium,0,"1,365.5"
vanta-Sea,Denver Office,Isha Mikhailov Travel,"June 1, 2026, 12:00 AM","June 30, 2026, 12:00 AM",4946364,4S-150ORRNEW,Long,0,"1,613.25"
vanta-Sea,Denver Office,Aarav Petrov Travel,"May 1, 2026, 12:00 AM","May 31, 2026, 12:00 AM",4836261,4S-EV-Z,Long,0,"1,275"
vanta-Sea,Denver Office,Sanjay Mikhailov Travel,"June 1, 2026, 12:00 AM","June 30, 2026, 12:00 AM",4940646,BUS-ORRNEW-TT,null,0,"1,329.88"
vanta-Sea,Denver Office,Priya Mikhailov Travel,"June 1, 2026, 12:00 AM","June 30, 2026, 12:00 AM",4913368,4S-150ORRNEW,Short,0,"1,057.75"
vanta-Sea,Denver Office,Sanjay Mikhailov Travel,"June 1, 2026, 12:00 AM","June 30, 2026, 12:00 AM",4966719,BUS-ORRNEW-SML,null,0,"3,206.65"
vanta-Sea,Denver Office,Sanjay Mikhailov Travel,"May 1, 2026, 12:00 AM","May 31, 2026, 12:00 AM",4832551,4S-150ORRNEW,Short,0,"1,057.75"
vanta-Sea,Denver Office,Isha Mikhailov Travel,"May 1, 2026, 12:00 AM","May 31, 2026, 12:00 AM",4885972,4S-EV-Z,Medium,0,"1,275"
vanta-Sea,Denver Office,Anjali Mikhailov Travel,"June 1, 2026, 12:00 AM","June 30, 2026, 12:00 AM",4967057,4S-150ORRNEW,Long,0,"1,613.25"
vanta-Sea,Denver Office,Anjali Mikhailov Travel,"May 1, 2026, 12:00 AM","May 31, 2026, 12:00 AM",4832124,6S-150ORRNEW,Long,0,"2,116.01"
vanta-Sea,Denver Office,Anjali Mikhailov Travel,"May 1, 2026, 12:00 AM","May 31, 2026, 12:00 AM",4895471,6S-150ORRNEW,Short,0,"1,390.34"
vanta-Sea,Denver Office,Sanjay Mikhailov Travel,"May 1, 2026, 12:00 AM","May 31, 2026, 12:00 AM",4886487,4S-150ORRNEW,Long,0,"1,613.25"
vanta-Sea,Denver Office,Sanjay Mikhailov Travel,"May 1, 2026, 12:00 AM","May 31, 2026, 12:00 AM",4872252,4S-EV-Z,Short,0,"1,275"
vanta-Sea,Denver Office,Isha Mikhailov Travel,"June 1, 2026, 12:00 AM","June 30, 2026, 12:00 AM",4928846,BUS-ORRNEW-SML,null,0,"2,876.65"
vanta-Sea,Denver Office,Aarav Mikhailov Travel,"July 1, 2026, 12:00 AM","July 31, 2026, 12:00 AM",5064533,4S-150ORRNEW,Medium,0,"1,404.56"
vanta-Sea,Denver Office,Aarav Mikhailov Travel,"May 1, 2026, 12:00 AM","May 31, 2026, 12:00 AM",4827597,4S-150ORRNEW,Short,0,"1,057.75"
vanta-Sea,Denver Office,Sanjay Mikhailov Travel,"May 1, 2026, 12:00 AM","May 31, 2026, 12:00 AM",4852639,4S-EV-Z,Short,0,"1,275"
vanta-Sea,Denver Office,Anjali Mikhailov Travel,"May 1, 2026, 12:00 AM","May 31, 2026, 12:00 AM",4833865,4S-150ORRNEW,Medium,0,"1,365.5"
vanta-Sea,Denver Office,Sanjay Mikhailov Travel,"May 1, 2026, 12:00 AM","May 31, 2026, 12:00 AM",4837100,4S-150ORRNEW,Long,0,"1,613.25"
vanta-Sea,Denver Office,Sanjay Mikhailov Travel,"July 1, 2026, 12:00 AM","July 31, 2026, 12:00 AM",5013381,4S-EV-Z,Medium,0,"1,275"
vanta-Sea,Denver Office,Isha Mikhailov Travel,"July 1, 2026, 12:00 AM","July 31, 2026, 12:00 AM",5011162,BUS-ORRNEW-TT,null,0,"1,134.48"
vanta-Sea,Pinecrest Office,Meera Lebedev Travel,"July 1, 2026, 12:00 AM","July 31, 2026, 12:00 AM",5047386,6S-PREMIUMNEW,null,1.1,"1,160.46"
vanta-Sea,Denver Office,Sanjay Mikhailov Travel,"July 1, 2026, 12:00 AM","July 31, 2026, 12:00 AM",5044321,4S-EV-Z,Medium,0,"1,275"
vanta-Sea,Denver Office,Isha Mikhailov Travel,"July 1, 2026, 12:00 AM","July 31, 2026, 12:00 AM",5085324,6S-150ORRNEW,Long,0,"2,194.1"
vanta-Sea,Denver Office,Isha Mikhailov Travel,"July 1, 2026, 12:00 AM","July 31, 2026, 12:00 AM",5104139,4S-EV-Z,Long,0,"1,275"
vanta-Sea,Denver Office,Priya Mikhailov Travel,"July 1, 2026, 12:00 AM","July 31, 2026, 12:00 AM",5067312,4S-150ORRNEW,Short,0,"1,077.27"
vanta-Sea,Denver Office,Sanjay Mikhailov Travel,"July 1, 2026, 12:00 AM","July 31, 2026, 12:00 AM",5089314,BUS-ORRNEW-SML,null,0,"2,208.01"
vanta-Sea,Denver Office,Aarav Mikhailov Travel,"July 1, 2026, 12:00 AM","July 31, 2026, 12:00 AM",5040501,6S-150ORRNEW,Short,0,"1,416.36"
vanta-Sea,Denver Office,Aarav Mikhailov Travel,"July 1, 2026, 12:00 AM","July 31, 2026, 12:00 AM",5049398,4S-EV-Z,Medium,0,"1,275"
vanta-Sea,Denver Office,Anjali Mikhailov Travel,"July 1, 2026, 12:00 AM","July 31, 2026, 12:00 AM",5023272,BUS-ORRNEW-TT,null,0,"1,985.32"
vanta-Sea,Denver Office,Isha Mikhailov Travel,"July 1, 2026, 12:00 AM","July 31, 2026, 12:00 AM",5056103,4S-150ORRNEW,Medium,0,"1,404.56"
vanta-Sea,Denver Office,Sanjay Mikhailov Travel,"July 1, 2026, 12:00 AM","July 31, 2026, 12:00 AM",5093669,4S-EV-Z,Medium,0,"1,275"
vanta-Sea,Denver Office,Aarav Mikhailov Travel,"July 1, 2026, 12:00 AM","July 31, 2026, 12:00 AM",5042965,4S-150ORRNEW,Medium,0,"1,404.56"
vanta-Sea,Denver Office,Isha Mikhailov Travel,"July 1, 2026, 12:00 AM","July 31, 2026, 12:00 AM",5054609,4S-150ORRNEW,Short,0,"1,077.27"
vanta-Sea,Denver Office,Anjali Mikhailov Travel,"July 1, 2026, 12:00 AM","July 31, 2026, 12:00 AM",5024113,4S-150ORRNEW,Short,0,"1,077.27"
vanta-Sea,Denver Office,Aarav Mikhailov Travel,"July 1, 2026, 12:00 AM","July 31, 2026, 12:00 AM",5069200,4S-EV-Z,Short,0,"1,275"
pinnacle-Slc,Oakmont Office,Rohan Mikhailov Travel,"May 1, 2026, 12:00 AM","May 31, 2026, 12:00 AM",3121587,4Seater,Slab2,16.7,"1,020"
pinnacle-Slc,Oakmont Office,Amit Mikhailov Travel,"May 1, 2026, 12:00 AM","May 31, 2026, 12:00 AM",3062755,6Seater,Slab2,12.04,"1,297.5"
pinnacle-Slc,Clearwater Campus,Sanjay Mikhailov Travel,"May 1, 2026, 12:00 AM","May 31, 2026, 12:00 AM",3135750,DV_Package,null,4.9,"1,526.31"
pinnacle-Slc,Willow Bend Campus,Sanjay Mikhailov Travel,"May 1, 2026, 12:00 AM","May 31, 2026, 12:00 AM",3154998,4Seater,Slab1,9.39,915
pinnacle-Slc,Clearwater Campus,Rahul Mikhailov Travel,"May 1, 2026, 12:00 AM","May 31, 2026, 12:00 AM",3071972,4Seater,Slab1,7.5,915
pinnacle-Slc,Clearwater Campus,Rahul Mikhailov Travel,"May 1, 2026, 12:00 AM","May 31, 2026, 12:00 AM",3071755,4Seater,Slab2,16.8,"1,020"
pinnacle-Slc,Willow Bend Campus,Divya Mikhailov Travel,"May 1, 2026, 12:00 AM","May 31, 2026, 12:00 AM",3149220,DV_Package,null,5.1,"1,526.31"
pinnacle-Slc,Oakmont Office,Pooja Mikhailov Travel,"May 1, 2026, 12:00 AM","May 31, 2026, 12:00 AM",3154325,DV_Package,null,21.9,"1,144.74"
pinnacle-Slc,Clearwater Campus,Pooja Mikhailov Travel,"May 1, 2026, 12:00 AM","May 31, 2026, 12:00 AM",3141376,4Seater,Slab2,19.36,"1,020"
pinnacle-Slc,Willow Bend Campus,Amit Volkov Travel,"May 1, 2026, 12:00 AM","May 31, 2026, 12:00 AM",3075406,4Seater,Slab2,11.32,"1,020"
pinnacle-Slc,Clearwater Campus,Divya Mikhailov Travel,"May 1, 2026, 12:00 AM","May 31, 2026, 12:00 AM",3057989,4Seater,Slab1,8.8,915
pinnacle-Slc,Willow Bend Campus,Aarav Mikhailov Travel,"May 1, 2026, 12:00 AM","May 31, 2026, 12:00 AM",3061626,4Seater,Slab2,12,"1,020"
pinnacle-Slc,Pinecrest Office,Pooja Mikhailov Travel,"May 1, 2026, 12:00 AM","May 31, 2026, 12:00 AM",3082992,4Seater,Slab4,80,"1,290"
pinnacle-Slc,Clearwater Campus,Divya Kozlov Travel,"May 1, 2026, 12:00 AM","May 31, 2026, 12:00 AM",3128160,6Seater,Slab1,7.54,"1,140"
pinnacle-Slc,Clearwater Campus,Sanjay Mikhailov Travel,"May 1, 2026, 12:00 AM","May 31, 2026, 12:00 AM",3070801,DV_Package,null,11.59,"1,526.31"
pinnacle-Slc,Willow Bend Campus,Rahul Orlov Travel,"May 1, 2026, 12:00 AM","May 31, 2026, 12:00 AM",3103899,DV_Package,null,11.3,"1,526.31"
pinnacle-Slc,Oakmont Office,Karan Mikhailov Travel,"May 1, 2026, 12:00 AM","May 31, 2026, 12:00 AM",3137225,4Seater,Slab2,13.99,"1,530"
pinnacle-Slc,Oakmont Office,Sanjay Mikhailov Travel,"May 1, 2026, 12:00 AM","May 31, 2026, 12:00 AM",3073895,4Seater,Slab2,14.69,"1,020"
pinnacle-Slc,Willow Bend Campus,Divya Kozlov Travel,"May 1, 2026, 12:00 AM","May 31, 2026, 12:00 AM",3156870,4Seater,Slab1,6.6,915
pinnacle-Slc,Willow Bend Campus,Amit Volkov Travel,"May 1, 2026, 12:00 AM","May 31, 2026, 12:00 AM",3117672,DV_Package,null,12.2,"1,144.74"
pinnacle-Slc,Oakmont Office,Rahul Mikhailov Travel,"May 1, 2026, 12:00 AM","May 31, 2026, 12:00 AM",3156643,4Seater,Slab2,12.48,"1,530"
pinnacle-Slc,Clearwater Campus,Rahul Morozov Travel,"May 1, 2026, 12:00 AM","May 31, 2026, 12:00 AM",3072506,DV_Package,null,7.48,"1,526.31"
pinnacle-Slc,Clearwater Campus,Pooja Mikhailov Travel,"May 1, 2026, 12:00 AM","May 31, 2026, 12:00 AM",3096730,DV_Package,null,8.5,"1,526.31"
pinnacle-Slc,Clearwater Campus,Rohan Mikhailov Travel,"May 1, 2026, 12:00 AM","May 31, 2026, 12:00 AM",3155452,4Seater,Slab1,1.4,915
pinnacle-Slc,Willow Bend Campus,Karan Mikhailov Travel,"May 1, 2026, 12:00 AM","May 31, 2026, 12:00 AM",3160777,4Seater,Slab2,14.92,"1,020"
pinnacle-Slc,Oakmont Office,Rahul Morozov Travel,"June 1, 2026, 12:00 AM","June 30, 2026, 12:00 AM",3324161,DV_Package,null,18.5,"1,318.17"
pinnacle-Slc,Willow Bend Campus,Sanjay Mikhailov Travel,"June 1, 2026, 12:00 AM","June 30, 2026, 12:00 AM",3308630,4Seater,Slab2,14.9,"1,020"
pinnacle-Slc,Oakmont Office,Rahul Mikhailov Travel,"June 1, 2026, 12:00 AM","June 30, 2026, 12:00 AM",3308894,4Seater,Slab1,5.9,915
catalyst-Sac,Santa Clara Office,Divya Mikhailov Travel,"July 1, 2026, 12:00 AM","July 31, 2026, 12:00 AM",1560363,3S_Jan2024_CNG_AC,Zone_C,42.7,"1,485"
catalyst-Sac,Santa Clara Office,Vikram Mikhailov Travel,"July 1, 2026, 12:00 AM","July 31, 2026, 12:00 AM",1529317,3S_Jan2024_CNG_AC,Zone_B,21.25,"1,245"
orbit-Slc,Cedar Ridge Office,Anjali Mikhailov Travel,"June 16, 2026, 12:00 AM","June 30, 2026, 12:00 AM",1293429,8SEATER_BTT_2025,21-30,28.7,"1,410"
vanta-Aus,Cedar Ridge Office,Priya Mikhailov Travel,"July 1, 2026, 12:00 AM","July 31, 2026, 12:00 AM",1221197,4S-EV-Z,Short,0,"1,200"
catalyst-Sac,Santa Clara Office,Vikram Mikhailov Travel,"July 1, 2026, 12:00 AM","July 31, 2026, 12:00 AM",1544325,3S_Jan2024_CNG_AC,Zone_B,22.37,"1,867.5"
vanta-Aus,Cedar Ridge Office,Priya Mikhailov Travel,"July 1, 2026, 12:00 AM","July 31, 2026, 12:00 AM",1259889,6S-HYD,Long,0,"1,882.3"
vanta-Aus,Cedar Ridge Office,Sneha Mikhailov Travel,"July 1, 2026, 12:00 AM","July 31, 2026, 12:00 AM",1213868,6S-EV-HTK,Long,0,"1,875"
orbit-Slc,Eastgate Office,Rohan Mikhailov Travel,"July 1, 2026, 12:00 AM","July 15, 2026, 12:00 AM",1313664,NPT_8_SEATER,NA,18.7,"1,506"
catalyst-Sac,Santa Clara Office,Vikram Mikhailov Travel,"July 1, 2026, 12:00 AM","July 31, 2026, 12:00 AM",1559564,3S_Jan2024_CNG_AC,Zone_B,13.5,"1,867.5"
catalyst-Sac,Oakmont Office,Priya Mikhailov Travel,"July 1, 2026, 12:00 AM","July 31, 2026, 12:00 AM",1529809,3S_Jan2024_CNG_AC,Zone_B,24.7,"1,867.5"
catalyst-Sac,Santa Clara Office,Rohan Mikhailov Travel,"July 1, 2026, 12:00 AM","July 31, 2026, 12:00 AM",1553765,3S_Jan2024_CNG_AC,Zone_A,8.1,960
catalyst-Sac,Redwood City Center,Priya Mikhailov Travel,"July 1, 2026, 12:00 AM","July 31, 2026, 12:00 AM",1541550,3S_Jan2024_CNG_AC,Zone_B,25,"1,867.5"
vanta-Aus,Cedar Ridge Office,Anjali Mikhailov Travel,"July 1, 2026, 12:00 AM","July 31, 2026, 12:00 AM",1254266,4S-HYD,Short,0,968.58
vanta-Aus,Cedar Ridge Office,Priya Mikhailov Travel,"July 1, 2026, 12:00 AM","July 31, 2026, 12:00 AM",1229316,4S-EV-Z,Medium,0,"1,200"
catalyst-Sac,Santa Clara Office,Vikram Mikhailov Travel,"July 1, 2026, 12:00 AM","July 31, 2026, 12:00 AM",1555744,3S_Jan2024_CNG_AC,Zone_B,16.1,"1,245"
catalyst-Sac,Santa Clara Office,Rohan Mikhailov Travel,"July 1, 2026, 12:00 AM","July 31, 2026, 12:00 AM",1531774,5S_Jan2024_CNG_AC,Zone_A,15.86,"1,203"
catalyst-Sac,Redwood City Center,Arjun Mikhailov Travel,"July 1, 2026, 12:00 AM","July 31, 2026, 12:00 AM",1518315,3S_Jan2024_CNG_AC,Zone_A,14.6,"1,440"
vanta-Aus,Cedar Ridge Office,Priya Mikhailov Travel,"July 1, 2026, 12:00 AM","July 31, 2026, 12:00 AM",1209770,4S-EV-Z,Short,0,"1,200"
pinnacle-Slc,Clearwater Campus,Divya Sokolov Travel,"July 1, 2026, 12:00 AM","July 31, 2026, 12:00 AM",3393911,DV_Package,null,14.9,"1,260.87"
pinnacle-Slc,Willow Bend Campus,Amit Volkov Travel,"July 1, 2026, 12:00 AM","July 31, 2026, 12:00 AM",3423311,4Seater,Slab1,2.1,915
pinnacle-Slc,Willow Bend Campus,Karan Mikhailov Travel,"July 1, 2026, 12:00 AM","July 31, 2026, 12:00 AM",3437098,4Seater,Slab1,2.2,915
pinnacle-Slc,Willow Bend Campus,Rohan Mikhailov Travel,"July 1, 2026, 12:00 AM","July 31, 2026, 12:00 AM",3383790,4Seater,Slab2,11.87,"1,020"
pinnacle-Slc,Clearwater Campus,Divya Mikhailov Travel,"July 1, 2026, 12:00 AM","July 31, 2026, 12:00 AM",3441684,DV_Package,null,21.87,"1,260.87"
pinnacle-Slc,Clearwater Campus,Pooja Mikhailov Travel,"July 1, 2026, 12:00 AM","July 31, 2026, 12:00 AM",3328562,DV_Package,null,6.76,945.66
pinnacle-Slc,Oakmont Office,Arjun Mikhailov Travel,"July 1, 2026, 12:00 AM","July 31, 2026, 12:00 AM",3343709,4Seater,Slab1,5.4,915
pinnacle-Slc,Willow Bend Campus,Rahul Morozov Travel,"July 1, 2026, 12:00 AM","July 31, 2026, 12:00 AM",3376787,DV_Package,null,9.07,"1,260.87"
pinnacle-Slc,Clearwater Campus,Aarav Mikhailov Travel,"July 1, 2026, 12:00 AM","July 31, 2026, 12:00 AM",3328112,4Seater,Slab1,6.9,915
pinnacle-Slc,Willow Bend Campus,Aarav Mikhailov Travel,"July 1, 2026, 12:00 AM","July 31, 2026, 12:00 AM",3392534,4Seater,Slab2,19.3,"1,020"
pinnacle-Slc,Oakmont Office,Sanjay Mikhailov Travel,"July 1, 2026, 12:00 AM","July 31, 2026, 12:00 AM",3406221,4Seater,Slab1,7.9,"1,372.5"
pinnacle-Slc,Willow Bend Campus,Karan Mikhailov Travel,"July 1, 2026, 12:00 AM","July 31, 2026, 12:00 AM",3465292,4Seater,Slab3,20.65,"1,743.75"
pinnacle-Slc,Clearwater Campus,Arjun Mikhailov Travel,"July 1, 2026, 12:00 AM","July 31, 2026, 12:00 AM",3420479,DV_Package,null,4.1,"1,260.87"
pinnacle-Slc,Clearwater Campus,Aarav Mikhailov Travel,"July 1, 2026, 12:00 AM","July 31, 2026, 12:00 AM",3454029,DV_Package,null,10.4,"1,260.87"
pinnacle-Slc,Oakmont Office,Karan Mikhailov Travel,"July 1, 2026, 12:00 AM","July 31, 2026, 12:00 AM",3391547,4Seater,Slab2,16.9,"1,020"
pinnacle-Slc,Willow Bend Campus,Divya Mikhailov Travel,"July 1, 2026, 12:00 AM","July 31, 2026, 12:00 AM",3450661,DV_Package,null,19,945.66
vanta-Aus,Cedar Ridge Office,Sneha Mikhailov Travel,"May 1, 2026, 12:00 AM","May 31, 2026, 12:00 AM",1098744,4S-EV-Z,Medium,0,"1,200"
vanta-Aus,Cedar Ridge Office,Meera Pavlov Travel,"May 1, 2026, 12:00 AM","May 31, 2026, 12:00 AM",1147522,6S-HYD,Short,0,"1,227"
vanta-Aus,Cedar Ridge Office,Sneha Mikhailov Travel,"May 1, 2026, 12:00 AM","May 31, 2026, 12:00 AM",1137492,4S-HYD,Short,0,948
vanta-Aus,Cedar Ridge Office,Meera Pavlov Travel,"May 1, 2026, 12:00 AM","May 31, 2026, 12:00 AM",1140865,6S-HYD,Short,0,"1,227"
catalyst-Sac,Santa Clara Office,Divya Mikhailov Travel,"May 1, 2026, 12:00 AM","May 31, 2026, 12:00 AM",1447779,3S_Jan2024_AC,Zone_B,21.47,"1,235.89"
catalyst-Sac,Fairview Commons,Priya Mikhailov Travel,"May 1, 2026, 12:00 AM","May 31, 2026, 12:00 AM",1447544,3S_Jan2024_CNG_AC,Zone_A,9.6,946.88
vanta-Aus,Cedar Ridge Office,Sneha Mikhailov Travel,"May 1, 2026, 12:00 AM","May 31, 2026, 12:00 AM",1107427,4S-HYD,Long,0,"1,354.5"
vanta-Aus,Cedar Ridge Office,Priya Mikhailov Travel,"May 1, 2026, 12:00 AM","May 31, 2026, 12:00 AM",1119341,4S-HYD,Medium,0,"1,140"
catalyst-Sac,Santa Clara Office,Vikram Mikhailov Travel,"May 1, 2026, 12:00 AM","May 31, 2026, 12:00 AM",1475744,3S_Jan2024_AC,Zone_A,9.8,"1,374.8"
vanta-Aus,Cedar Ridge Office,Meera Pavlov Travel,"May 1, 2026, 12:00 AM","May 31, 2026, 12:00 AM",1122401,6S-HYD,Medium,0,"1,629"
orbit-Slc,Cedar Ridge Office,Rahul Mikhailov Travel,"May 1, 2026, 12:00 AM","May 15, 2026, 12:00 AM",1217816,4Seater-LVT-July,31-above,37.37,"1,297.5"
vanta-Aus,Cedar Ridge Office,Meera Pavlov Travel,"May 1, 2026, 12:00 AM","May 31, 2026, 12:00 AM",1126959,4S-HYD,Medium,0,"1,140"
vanta-Aus,Cedar Ridge Office,Meera Pavlov Travel,"May 1, 2026, 12:00 AM","May 31, 2026, 12:00 AM",1141846,6S-HYD,Short,0,"1,227"
orbit-Slc,Lakeside Commons,Rahul Mikhailov Travel,"May 1, 2026, 12:00 AM","May 15, 2026, 12:00 AM",1224043,4Seater-LVT-July,31-above,35.4,"1,297.5"
vanta-Aus,Cedar Ridge Office,Sneha Mikhailov Travel,"May 1, 2026, 12:00 AM","May 31, 2026, 12:00 AM",1116798,4S-HYD,Long,0,"1,354.5"
catalyst-Sac,Fairview Commons,Sanjay Mikhailov Travel,"May 1, 2026, 12:00 AM","May 31, 2026, 12:00 AM",1456817,3S_Jan2024_CNG_AC,Zone_C,28.1,"1,445.63"
orbit-Slc,Eastgate Office,Rohan Mikhailov Travel,"May 1, 2026, 12:00 AM","May 15, 2026, 12:00 AM",1219443,NPT_4_SEATER,Slab1,16.3,"1,170"
vanta-Aus,Cedar Ridge Office,Priya Mikhailov Travel,"May 1, 2026, 12:00 AM","May 31, 2026, 12:00 AM",1131761,4S-EV-Z,Short,0,"1,200"
vanta-Aus,Cedar Ridge Office,Sneha Mikhailov Travel,"May 1, 2026, 12:00 AM","May 31, 2026, 12:00 AM",1114166,4S-HYD,Medium,0,"1,140"
orbit-Slc,Cedar Ridge Office,Anjali Mikhailov Travel,"May 1, 2026, 12:00 AM","May 15, 2026, 12:00 AM",1221197,4SEATER_BTT_2025,21-30,26.05,"1,665"
vanta-Aus,Cedar Ridge Office,Sneha Mikhailov Travel,"June 1, 2026, 12:00 AM","June 30, 2026, 12:00 AM",1170686,4S-HYD,Short,0,948
vanta-Aus,Cedar Ridge Office,Priya Mikhailov Travel,"June 1, 2026, 12:00 AM","June 30, 2026, 12:00 AM",1160183,4S-EV-Z,Medium,0,"1,200"
vanta-Aus,Cedar Ridge Office,Sanjay Mikhailov Travel,"June 1, 2026, 12:00 AM","June 30, 2026, 12:00 AM",1150912,4S-EV-Z,XLong,0,"1,200"
vanta-Aus,Cedar Ridge Office,Sneha Mikhailov Travel,"June 1, 2026, 12:00 AM","June 30, 2026, 12:00 AM",1150605,4S-HYD,Short,0,948
pinnacle-Slc,Oakmont Office,Aarav Mikhailov Travel,"June 1, 2026, 12:00 AM","June 30, 2026, 12:00 AM",3304941,4Seater,Slab1,4.8,"1,372.5"
pinnacle-Slc,Willow Bend Campus,Aarav Mikhailov Travel,"June 1, 2026, 12:00 AM","June 30, 2026, 12:00 AM",3206821,4Seater,Slab1,9.56,915
pinnacle-Slc,Oakmont Office,Rahul Orlov Travel,"June 1, 2026, 12:00 AM","June 30, 2026, 12:00 AM",3274595,DV_Package,null,5.9,"1,318.18"
pinnacle-Slc,Clearwater Campus,Arjun Mikhailov Travel,"June 1, 2026, 12:00 AM","June 30, 2026, 12:00 AM",3333329,4Seater,Slab1,4.7,915
pinnacle-Slc,Clearwater Campus,Karan Mikhailov Travel,"June 1, 2026, 12:00 AM","June 30, 2026, 12:00 AM",3321620,4Seater,Slab1,6.13,915
pinnacle-Slc,Clearwater Campus,Rahul Mikhailov Travel,"June 1, 2026, 12:00 AM","June 30, 2026, 12:00 AM",3222463,4Seater,Slab1,7.2,915
pinnacle-Slc,Oakmont Office,Pooja Mikhailov Travel,"June 1, 2026, 12:00 AM","June 30, 2026, 12:00 AM",3220552,DV_Package,null,26.3,988.63
pinnacle-Slc,Oakmont Office,Rahul Morozov Travel,"June 1, 2026, 12:00 AM","June 30, 2026, 12:00 AM",3186339,EV_Package,null,19.5,"1,670.46"
pinnacle-Slc,Oakmont Office,Amit Mikhailov Travel,"June 1, 2026, 12:00 AM","June 30, 2026, 12:00 AM",3220826,4Seater,Slab3,26.28,"1,162.5"
pinnacle-Slc,Clearwater Campus,Pooja Mikhailov Travel,"June 1, 2026, 12:00 AM","June 30, 2026, 12:00 AM",3245184,4Seater,Slab2,19.1,"1,020"
pinnacle-Slc,Oakmont Office,Sanjay Mikhailov Travel,"June 1, 2026, 12:00 AM","June 30, 2026, 12:00 AM",3275168,4Seater,Slab1,10.2,915
pinnacle-Slc,Clearwater Campus,Rahul Morozov Travel,"June 1, 2026, 12:00 AM","June 30, 2026, 12:00 AM",3198409,4Seater,Slab1,7.2,915
pinnacle-Slc,Oakmont Office,Aarav Mikhailov Travel,"June 1, 2026, 12:00 AM","June 30, 2026, 12:00 AM",3298235,DV_Package,null,25.85,"1,318.18"
pinnacle-Slc,Clearwater Campus,Arjun Mikhailov Travel,"June 1, 2026, 12:00 AM","June 30, 2026, 12:00 AM",3178102,4Seater,Slab3,21.8,"1,162.5"
pinnacle-Slc,Clearwater Campus,Karan Mikhailov Travel,"June 1, 2026, 12:00 AM","June 30, 2026, 12:00 AM",3309582,DV_Package,null,14,"1,318.18"
pinnacle-Slc,Willow Bend Campus,Aarav Mikhailov Travel,"June 1, 2026, 12:00 AM","June 30, 2026, 12:00 AM",3219925,DV_Package,null,18.76,"1,318.18"
pinnacle-Slc,Clearwater Campus,Divya Mikhailov Travel,"June 1, 2026, 12:00 AM","June 30, 2026, 12:00 AM",3321398,4Seater,Slab3,21.92,"1,162.5"
pinnacle-Slc,Willow Bend Campus,Karan Mikhailov Travel,"June 1, 2026, 12:00 AM","June 30, 2026, 12:00 AM",3199224,4Seater,Slab1,5.7,915
pinnacle-Slc,Clearwater Campus,Arjun Mikhailov Travel,"June 1, 2026, 12:00 AM","June 30, 2026, 12:00 AM",3255023,4Seater,Slab1,8.4,915
pinnacle-Slc,Willow Bend Campus,Divya Mikhailov Travel,"June 1, 2026, 12:00 AM","June 30, 2026, 12:00 AM",3179765,4Seater,Slab2,18.5,"1,020"
pinnacle-Slc,Clearwater Campus,Rahul Morozov Travel,"June 1, 2026, 12:00 AM","June 30, 2026, 12:00 AM",3185306,DV_Package,null,5.1,"1,318.18"
pinnacle-Slc,Willow Bend Campus,Pooja Mikhailov Travel,"June 1, 2026, 12:00 AM","June 30, 2026, 12:00 AM",3274892,4Seater,Slab3,25.7,"1,162.5"
pinnacle-Slc,Clearwater Campus,Sanjay Mikhailov Travel,"June 1, 2026, 12:00 AM","June 30, 2026, 12:00 AM",3303130,DV_Package,null,8.46,"1,318.18"
pinnacle-Slc,Clearwater Campus,Pooja Mikhailov Travel,"June 1, 2026, 12:00 AM","June 30, 2026, 12:00 AM",3232190,DV_Package,null,18,"1,318.18"
vanta-Aus,Cedar Ridge Office,Sanjay Mikhailov Travel,"June 1, 2026, 12:00 AM","June 30, 2026, 12:00 AM",1188522,6S-EV-HTK,Short,0,"1,875"
vanta-Aus,Cedar Ridge Office,Meera Pavlov Travel,"May 1, 2026, 12:00 AM","May 31, 2026, 12:00 AM",1106980,4S-EV-Z,Medium,0,"1,200"
catalyst-Sac,Fairview Commons,Arjun Mikhailov Travel,"June 1, 2026, 12:00 AM","June 30, 2026, 12:00 AM",1495465,3S_Jan2024_CNG_AC,Zone_C,24.5,"1,473.75"
catalyst-Sac,Santa Clara Office,Divya Mikhailov Travel,"June 1, 2026, 12:00 AM","June 30, 2026, 12:00 AM",1495133,3S_Jan2024_CNG_AC,Zone_A,3.6,956.25
vanta-Aus,Cedar Ridge Office,Sanjay Mikhailov Travel,"June 1, 2026, 12:00 AM","June 30, 2026, 12:00 AM",1203619,4S-EV-Z,Long,0,"1,200"
orbit-Slc,Eastgate Office,Rohan Mikhailov Travel,"June 1, 2026, 12:00 AM","June 15, 2026, 12:00 AM",1259889,NPT4_SEATER_EV,Slab 1,13.31,"1,170"
catalyst-Sac,Santa Clara Office,Vikram Mikhailov Travel,"June 1, 2026, 12:00 AM","June 30, 2026, 12:00 AM",1498481,3S_Jan2024_CNG_AC,Zone_B,16,"1,856.25"
vanta-Aus,Cedar Ridge Office,Sneha Mikhailov Travel,"June 1, 2026, 12:00 AM","June 30, 2026, 12:00 AM",1190564,6S-HYD,Short,0,"1,227"
catalyst-Sac,Fairview Commons,Priya Mikhailov Travel,"June 1, 2026, 12:00 AM","June 30, 2026, 12:00 AM",1491787,3S_Jan2024_CNG_AC,Zone_C,26.4,"2,210.63"
catalyst-Sac,Santa Clara Office,Rohan Mikhailov Travel,"June 1, 2026, 12:00 AM","June 30, 2026, 12:00 AM",1478703,3S_Jan2024_CNG_AC,Zone_B,23.1,"1,856.25"
orbit-Slc,Lakeside Commons,Anjali Mikhailov Travel,"June 16, 2026, 12:00 AM","June 30, 2026, 12:00 AM",1292984,8SEATER_BTT_2025,0-20,12.71,"1,890"
vanta-Aus,Cedar Ridge Office,Sneha Mikhailov Travel,"June 1, 2026, 12:00 AM","June 30, 2026, 12:00 AM",1167783,4S-HYD,XLong,0,"1,543.5"
catalyst-Sac,Fairview Commons,Arjun Mikhailov Travel,"June 1, 2026, 12:00 AM","June 30, 2026, 12:00 AM",1502165,3S_Jan2024_CNG_AC,Zone_B,21.7,"1,856.25"
catalyst-Sac,Crestwood Campus,Vikram Mikhailov Travel,"June 1, 2026, 12:00 AM","June 30, 2026, 12:00 AM",1503117,3S_Jan2024_CNG_AC,Zone_B,28.3,"1,237.5"
pinnacle-Slc,Willow Bend Campus,Pooja Mikhailov Travel,"June 1, 2026, 12:00 AM","June 30, 2026, 12:00 AM",3291090,DV_Package,null,8.3,988.63
pinnacle-Slc,Willow Bend Campus,Rohan Mikhailov Travel,"June 1, 2026, 12:00 AM","June 30, 2026, 12:00 AM",3233396,4Seater,Slab3,26.5,"1,162.5"
pinnacle-Slc,Oakmont Office,Karan Mikhailov Travel,"June 1, 2026, 12:00 AM","June 30, 2026, 12:00 AM",3213708,4Seater,Slab3,28.4,"1,162.5"
pinnacle-Slc,Oakmont Office,Rahul Orlov Travel,"June 1, 2026, 12:00 AM","June 30, 2026, 12:00 AM",3174176,DV_Package,null,16.76,"1,318.18"
pinnacle-Slc,Clearwater Campus,Rohan Mikhailov Travel,"July 1, 2026, 12:00 AM","July 31, 2026, 12:00 AM",3484468,DV_Package,null,5.32,"1,260.84"
pinnacle-Slc,Oakmont Office,Sanjay Mikhailov Travel,"July 1, 2026, 12:00 AM","July 31, 2026, 12:00 AM",3459499,4Seater,Slab3,22.58,"1,162.5"
pinnacle-Slc,Clearwater Campus,Sanjay Mikhailov Travel,"July 1, 2026, 12:00 AM","July 31, 2026, 12:00 AM",3375742,4Seater,Slab1,8.16,915
pinnacle-Slc,Clearwater Campus,Divya Kozlov Travel,"July 1, 2026, 12:00 AM","July 31, 2026, 12:00 AM",3458249,4Seater,Slab2,11.11,"1,020"
pinnacle-Slc,Clearwater Campus,Arjun Mikhailov Travel,"July 1, 2026, 12:00 AM","July 31, 2026, 12:00 AM",3385937,DV_Package,null,25.56,945.66
pinnacle-Slc,Clearwater Campus,Rohan Mikhailov Travel,"July 1, 2026, 12:00 AM","July 31, 2026, 12:00 AM",3483938,4Seater,Slab1,9.4,915
pinnacle-Slc,Oakmont Office,Rahul Orlov Travel,"July 1, 2026, 12:00 AM","July 31, 2026, 12:00 AM",3424379,DV_Package,null,24.51,"1,260.87"
pinnacle-Slc,Willow Bend Campus,Rohan Mikhailov Travel,"July 1, 2026, 12:00 AM","July 31, 2026, 12:00 AM",3365882,4Seater,Slab1,6.3,915
pinnacle-Slc,Clearwater Campus,Sanjay Mikhailov Travel,"July 1, 2026, 12:00 AM","July 31, 2026, 12:00 AM",3453534,4Seater,Slab2,15.6,"1,020"
pinnacle-Slc,Clearwater Campus,Amit Mikhailov Travel,"July 1, 2026, 12:00 AM","July 31, 2026, 12:00 AM",3414290,4Seater,Slab1,3.2,915
pinnacle-Slc,Clearwater Campus,Aarav Mikhailov Travel,"July 1, 2026, 12:00 AM","July 31, 2026, 12:00 AM",3360391,4Seater,Slab1,4.56,915
pinnacle-Slc,Ashford Commons,Aarav Mikhailov Travel,"July 1, 2026, 12:00 AM","July 31, 2026, 12:00 AM",3463539,6Seater,Slab1,5.83,"1,140"
pinnacle-Slc,Clearwater Campus,Sanjay Mikhailov Travel,"July 1, 2026, 12:00 AM","July 31, 2026, 12:00 AM",3433275,DV_Package,null,6.48,945.66
pinnacle-Slc,Oakmont Office,Karan Mikhailov Travel,"July 1, 2026, 12:00 AM","July 31, 2026, 12:00 AM",3466892,4Seater,Slab2,20.2,"1,020"
catalyst-Sac,Crestwood Campus,Rohan Mikhailov Travel,"July 1, 2026, 12:00 AM","July 31, 2026, 12:00 AM",1533571,3S_Jan2024_CNG_AC,Zone_B,20.4,"1,867.5"
orbit-Slc,Lakeside Commons,Rahul Mikhailov Travel,"July 1, 2026, 12:00 AM","July 15, 2026, 12:00 AM",1311608,4Seater-LVT-July,31-above,37.8,"1,297.5"
vanta-Aus,Cedar Ridge Office,Priya Mikhailov Travel,"July 1, 2026, 12:00 AM","July 31, 2026, 12:00 AM",1216847,4S-HYD,Medium,0,"1,181.14"
orbit-Slc,Eastgate Office,Rohan Mikhailov Travel,"July 16, 2026, 12:00 AM","July 31, 2026, 12:00 AM",1342973,NPT_4_SEATER,Slab1,6.2,"1,170"
vanta-Sea,Denver Office,Sanjay Mikhailov Travel,"June 1, 2026, 12:00 AM","June 30, 2026, 12:00 AM",4918584,6S-150ORRNEW,Medium,0,"1,798.17"
vanta-Sea,Denver Office,Isha Mikhailov Travel,"June 1, 2026, 12:00 AM","June 30, 2026, 12:00 AM",4980728,4S-150ORRNEW,Long,0,"1,613.25"
vanta-Sea,Denver Office,Priya Mikhailov Travel,"June 1, 2026, 12:00 AM","June 30, 2026, 12:00 AM",4916167,6S-150ORRNEW,Medium,0,"1,798.17"
vanta-Sea,Denver Office,Sanjay Mikhailov Travel,"June 1, 2026, 12:00 AM","June 30, 2026, 12:00 AM",4941256,4S-150ORRNEW,Medium,0,"1,365.5"
vanta-Sea,Denver Office,Isha Mikhailov Travel,"June 1, 2026, 12:00 AM","June 30, 2026, 12:00 AM",4983676,6S-150ORRNEW,Medium,0,"1,798.17"
vanta-Sea,Denver Office,Priya Mikhailov Travel,"June 1, 2026, 12:00 AM","June 30, 2026, 12:00 AM",4956632,BUS-ORRNEW-TT,null,0,923.25
vanta-Sea,Denver Office,Priya Mikhailov Travel,"June 1, 2026, 12:00 AM","June 30, 2026, 12:00 AM",4961315,BUS-ORRNEW-TT,null,0,"1,008.66"
vanta-Sea,Denver Office,Isha Mikhailov Travel,"May 1, 2026, 12:00 AM","May 31, 2026, 12:00 AM",4818384,4S-150ORRNEW,Medium,0,"1,365.5"
vanta-Sea,Denver Office,Anjali Mikhailov Travel,"June 1, 2026, 12:00 AM","June 30, 2026, 12:00 AM",4910295,6S-150ORRNEW,Long,0,"2,116.01"
vanta-Sea,Denver Office,Sanjay Mikhailov Travel,"June 1, 2026, 12:00 AM","June 30, 2026, 12:00 AM",4962189,BUS-ORRNEW-SML,null,0,"3,866.65"
vanta-Sea,Denver Office,Priya Mikhailov Travel,"June 1, 2026, 12:00 AM","June 30, 2026, 12:00 AM",4939662,6S-150ORRNEW,Medium,0,"1,798.17"
vanta-Sea,Denver Office,Aarav Mikhailov Travel,"June 1, 2026, 12:00 AM","June 30, 2026, 12:00 AM",4981751,BUS-ORRNEW-TT,null,0,"2,529.75"
vanta-Sea,Denver Office,Aarav Mikhailov Travel,"May 1, 2026, 12:00 AM","May 31, 2026, 12:00 AM",4847760,6S-150ORRNEW,Medium,0,"1,798.17"
vanta-Sea,Denver Office,Aarav Petrov Travel,"May 1, 2026, 12:00 AM","May 31, 2026, 12:00 AM",4857044,4S-150ORRNEW,Long,0,"1,613.25"
vanta-Sea,Denver Office,Anjali Mikhailov Travel,"May 1, 2026, 12:00 AM","May 31, 2026, 12:00 AM",4863823,BUS-ORRNEW-TT,null,0,"2,939.2"
vanta-Sea,Denver Office,Aarav Petrov Travel,"June 1, 2026, 12:00 AM","June 30, 2026, 12:00 AM",4930511,BUS-ORRNEW-TT,null,0,"1,038.66"
vanta-Sea,Denver Office,Aarav Mikhailov Travel,"June 1, 2026, 12:00 AM","June 30, 2026, 12:00 AM",4964168,4S-150ORRNEW,Medium,0,"1,365.5"
vanta-Sea,Denver Office,Anjali Mikhailov Travel,"June 1, 2026, 12:00 AM","June 30, 2026, 12:00 AM",4957415,6S-150ORRNEW,Medium,0,"1,798.17"
vanta-Sea,Denver Office,Anjali Mikhailov Travel,"May 1, 2026, 12:00 AM","May 31, 2026, 12:00 AM",4864948,BUS-ORRNEW-TT,null,0,989.73
vanta-Sea,Denver Office,Sanjay Mikhailov Travel,"May 1, 2026, 12:00 AM","May 31, 2026, 12:00 AM",4854948,BUS-ORRNEW-TT,null,0,"1,090.95"
vanta-Sea,Denver Office,Sanjay Mikhailov Travel,"June 1, 2026, 12:00 AM","June 30, 2026, 12:00 AM",4926026,4S-150ORRNEW,Short,0,"1,057.75"
vanta-Sea,Denver Office,Isha Mikhailov Travel,"May 1, 2026, 12:00 AM","May 31, 2026, 12:00 AM",4845934,4S-150ORRNEW,Long,0,"1,613.25"
vanta-Sea,Pinecrest Office,Meera Lebedev Travel,"June 1, 2026, 12:00 AM","June 30, 2026, 12:00 AM",4967682,6S-PREMIUMNEW,null,28.5,"2,901.13"
vanta-Sea,Denver Office,Isha Mikhailov Travel,"June 1, 2026, 12:00 AM","June 30, 2026, 12:00 AM",4953476,4S-150ORRNEW,Medium,0,"1,365.5"
vanta-Sea,Denver Office,Isha Mikhailov Travel,"June 1, 2026, 12:00 AM","June 30, 2026, 12:00 AM",4934775,4S-EV-Z,Short,0,"1,275"
vanta-Sea,Denver Office,Aarav Petrov Travel,"June 1, 2026, 12:00 AM","June 30, 2026, 12:00 AM",4932115,4S-150ORRNEW,Long,0,"1,613.25"
vanta-Sea,Denver Office,Aarav Mikhailov Travel,"June 1, 2026, 12:00 AM","June 30, 2026, 12:00 AM",4909170,BUS-ORRNEW-SML,null,0,"2,209.99"
vanta-Sea,Denver Office,Priya Mikhailov Travel,"June 1, 2026, 12:00 AM","June 30, 2026, 12:00 AM",4934285,4S-150ORRNEW,Short,0,"1,057.75"
vanta-Sea,Denver Office,Priya Mikhailov Travel,"June 1, 2026, 12:00 AM","June 30, 2026, 12:00 AM",4949078,6S-150ORRNEW,Medium,0,"1,798.17"
vanta-Sea,Denver Office,Sanjay Mikhailov Travel,"May 1, 2026, 12:00 AM","May 31, 2026, 12:00 AM",4889832,BUS-ORRNEW-TT,null,0,944.76
vanta-Sea,Denver Office,Priya Mikhailov Travel,"June 1, 2026, 12:00 AM","June 30, 2026, 12:00 AM",4927227,6S-150ORRNEW,Long,0,"2,116.01"
vanta-Sea,Denver Office,Aarav Petrov Travel,"June 1, 2026, 12:00 AM","June 30, 2026, 12:00 AM",4954632,BUS-ORRNEW-SML,null,0,"2,149.99"
vanta-Sea,Denver Office,Anjali Mikhailov Travel,"June 1, 2026, 12:00 AM","June 30, 2026, 12:00 AM",4954840,6S-150ORRNEW,Medium,0,"1,798.17"
vanta-Sea,Denver Office,Aarav Petrov Travel,"June 1, 2026, 12:00 AM","June 30, 2026, 12:00 AM",4933469,6S-150ORRNEW,Medium,0,"1,798.17"
vanta-Sea,Denver Office,Anjali Mikhailov Travel,"May 1, 2026, 12:00 AM","May 31, 2026, 12:00 AM",4895681,6S-150ORRNEW,Medium,0,"1,798.17"
vanta-Sea,Denver Office,Sanjay Mikhailov Travel,"June 1, 2026, 12:00 AM","June 30, 2026, 12:00 AM",4972418,4S-150ORRNEW,Medium,0,"1,365.5"
vanta-Sea,Denver Office,Sanjay Mikhailov Travel,"May 1, 2026, 12:00 AM","May 31, 2026, 12:00 AM",4847217,6S-150ORRNEW,Medium,0,"1,798.17"
vanta-Sea,Denver Office,Aarav Petrov Travel,"May 1, 2026, 12:00 AM","May 31, 2026, 12:00 AM",4891734,6S-150ORRNEW,Long,0,"2,116.01"
vanta-Sea,Denver Office,Anjali Mikhailov Travel,"May 1, 2026, 12:00 AM","May 31, 2026, 12:00 AM",4827899,4S-150ORRNEW,Long,0,"1,613.25"
vanta-Sea,Denver Office,Aarav Mikhailov Travel,"July 1, 2026, 12:00 AM","July 31, 2026, 12:00 AM",5039892,4S-150ORRNEW,Long,0,"1,671.82"
vanta-Sea,Denver Office,Sanjay Mikhailov Travel,"July 1, 2026, 12:00 AM","July 31, 2026, 12:00 AM",5047138,6S-150ORRNEW,Short,0,"1,416.36"
vanta-Sea,Denver Office,Isha Mikhailov Travel,"July 1, 2026, 12:00 AM","July 31, 2026, 12:00 AM",5058553,BUS-ORRNEW-TT,null,0,935.75
vanta-Sea,Denver Office,Anjali Mikhailov Travel,"July 1, 2026, 12:00 AM","July 31, 2026, 12:00 AM",5071752,BUS-ORRNEW-SML,null,0,"2,974.02"
vanta-Sea,Denver Office,Isha Mikhailov Travel,"July 1, 2026, 12:00 AM","July 31, 2026, 12:00 AM",5007418,6S-150ORRNEW,Short,0,"1,416.36"
vanta-Sea,Denver Office,Sanjay Mikhailov Travel,"July 1, 2026, 12:00 AM","July 31, 2026, 12:00 AM",5087294,4S-EV-Z,Long,0,"1,275"
vanta-Sea,Denver Office,Priya Mikhailov Travel,"July 1, 2026, 12:00 AM","July 31, 2026, 12:00 AM",5014436,4S-150ORRNEW,Medium,0,"1,404.56"
vanta-Sea,Denver Office,Anjali Mikhailov Travel,"July 1, 2026, 12:00 AM","July 31, 2026, 12:00 AM",5012983,4S-EV-Z,Long,0,"1,275"
vanta-Sea,Denver Office,Sanjay Mikhailov Travel,"July 1, 2026, 12:00 AM","July 31, 2026, 12:00 AM",5065011,4S-150ORRNEW,Long,0,"1,671.82"
vanta-Sea,Denver Office,Isha Mikhailov Travel,"July 1, 2026, 12:00 AM","July 31, 2026, 12:00 AM",5080879,4S-150ORRNEW,Long,0,"1,671.82"
vanta-Sea,Denver Office,Priya Mikhailov Travel,"July 1, 2026, 12:00 AM","July 31, 2026, 12:00 AM",5074772,4S-150ORRNEW,Short,0,"1,077.27"
vanta-Sea,Denver Office,Isha Mikhailov Travel,"July 1, 2026, 12:00 AM","July 31, 2026, 12:00 AM",5096371,4S-150ORRNEW,Long,0,"1,671.82"
vanta-Sea,Denver Office,Sanjay Mikhailov Travel,"July 1, 2026, 12:00 AM","July 31, 2026, 12:00 AM",5020763,BUS-ORRNEW-TT,null,0,"1,443.57"
vanta-Sea,Denver Office,Anjali Mikhailov Travel,"July 1, 2026, 12:00 AM","July 31, 2026, 12:00 AM",5043981,6S-150ORRNEW,Medium,0,"1,850.24"
vanta-Sea,Denver Office,Sanjay Mikhailov Travel,"July 1, 2026, 12:00 AM","July 31, 2026, 12:00 AM",5040198,BUS-ORRNEW-TT,null,0,"2,687.1"
vanta-Sea,Denver Office,Priya Mikhailov Travel,"July 1, 2026, 12:00 AM","July 31, 2026, 12:00 AM",5075113,4S-150ORRNEW,Long,0,"1,671.82"
vanta-Sea,Denver Office,Priya Mikhailov Travel,"July 1, 2026, 12:00 AM","July 31, 2026, 12:00 AM",5096980,6S-150ORRNEW,Medium,0,"1,850.24"
pinnacle-Slc,Oakmont Office,Divya Mikhailov Travel,"May 1, 2026, 12:00 AM","May 31, 2026, 12:00 AM",3131167,4Seater,Slab1,5,"1,372.5"
pinnacle-Slc,Clearwater Campus,Pooja Mikhailov Travel,"May 1, 2026, 12:00 AM","May 31, 2026, 12:00 AM",3159690,4Seater,Slab1,8.16,915
pinnacle-Slc,Willow Bend Campus,Amit Mikhailov Travel,"May 1, 2026, 12:00 AM","May 31, 2026, 12:00 AM",3150249,DV_Package,null,3.1,"1,526.31"
pinnacle-Slc,Willow Bend Campus,Divya Mikhailov Travel,"May 1, 2026, 12:00 AM","May 31, 2026, 12:00 AM",3105356,6Seater,Slab2,12.21,"1,297.5"
pinnacle-Slc,Clearwater Campus,Divya Sokolov Travel,"May 1, 2026, 12:00 AM","May 31, 2026, 12:00 AM",3168161,4Seater,Slab2,14.9,"1,020"
pinnacle-Slc,Oakmont Office,Aarav Mikhailov Travel,"May 1, 2026, 12:00 AM","May 31, 2026, 12:00 AM",3099440,4Seater,Slab1,9.9,"1,372.5"
pinnacle-Slc,Willow Bend Campus,Rahul Mikhailov Travel,"May 1, 2026, 12:00 AM","May 31, 2026, 12:00 AM",3119121,4Seater,Slab2,15.68,"1,020"
pinnacle-Slc,Clearwater Campus,Amit Volkov Travel,"May 1, 2026, 12:00 AM","May 31, 2026, 12:00 AM",3100550,4Seater,Slab1,7.8,915
pinnacle-Slc,Clearwater Campus,Divya Sokolov Travel,"May 1, 2026, 12:00 AM","May 31, 2026, 12:00 AM",3061180,6Seater,Slab1,5.3,"1,140"
pinnacle-Slc,Oakmont Office,Rohan Mikhailov Travel,"May 1, 2026, 12:00 AM","May 31, 2026, 12:00 AM",3094019,4Seater,Slab1,9.3,915
pinnacle-Slc,Clearwater Campus,Amit Mikhailov Travel,"May 1, 2026, 12:00 AM","May 31, 2026, 12:00 AM",3089257,DV_Package,null,23.15,"2,289.48"
pinnacle-Slc,Oakmont Office,Aarav Mikhailov Travel,"May 1, 2026, 12:00 AM","May 31, 2026, 12:00 AM",3080514,4Seater,Slab3,23.3,"1,743.75"
pinnacle-Slc,Clearwater Campus,Arjun Mikhailov Travel,"May 1, 2026, 12:00 AM","May 31, 2026, 12:00 AM",3167865,6Seater,Slab1,8.4,"1,140"
pinnacle-Slc,Willow Bend Campus,Rohan Mikhailov Travel,"May 1, 2026, 12:00 AM","May 31, 2026, 12:00 AM",3143612,4Seater,Slab2,15.8,"1,020"
pinnacle-Slc,Clearwater Campus,Sanjay Mikhailov Travel,"May 1, 2026, 12:00 AM","May 31, 2026, 12:00 AM",3123194,DV_Package,null,8.1,"1,144.74"
pinnacle-Slc,Clearwater Campus,Divya Sokolov Travel,"May 1, 2026, 12:00 AM","May 31, 2026, 12:00 AM",3060335,4Seater,Slab1,10.05,915
pinnacle-Slc,Clearwater Campus,Sanjay Mikhailov Travel,"May 1, 2026, 12:00 AM","May 31, 2026, 12:00 AM",3162321,6Seater,Slab2,17.9,"1,297.5"
pinnacle-Slc,Clearwater Campus,Karan Mikhailov Travel,"May 1, 2026, 12:00 AM","May 31, 2026, 12:00 AM",3132819,4Seater,Slab1,4.95,915
pinnacle-Slc,Clearwater Campus,Rohan Mikhailov Travel,"May 1, 2026, 12:00 AM","May 31, 2026, 12:00 AM",3107025,DV_Package,null,6.9,"1,526.31"
pinnacle-Slc,Clearwater Campus,Divya Mikhailov Travel,"May 1, 2026, 12:00 AM","May 31, 2026, 12:00 AM",3053967,6Seater,Slab1,4.26,"1,140"
pinnacle-Slc,Clearwater Campus,Arjun Mikhailov Travel,"May 1, 2026, 12:00 AM","May 31, 2026, 12:00 AM",3107253,4Seater,Slab1,9.79,915
pinnacle-Slc,Clearwater Campus,Amit Volkov Travel,"May 1, 2026, 12:00 AM","May 31, 2026, 12:00 AM",3151892,DV_Package,null,7.7,"1,526.31"
pinnacle-Slc,Clearwater Campus,Rahul Mikhailov Travel,"May 1, 2026, 12:00 AM","May 31, 2026, 12:00 AM",3112472,4Seater,Slab1,2.8,915
pinnacle-Slc,Clearwater Campus,Aarav Mikhailov Travel,"May 1, 2026, 12:00 AM","May 31, 2026, 12:00 AM",3142050,4Seater,Slab2,15.67,"1,020"
pinnacle-Slc,Clearwater Campus,Rohan Mikhailov Travel,"May 1, 2026, 12:00 AM","May 31, 2026, 12:00 AM",3087935,DV_Package,null,13.1,"1,526.31"
pinnacle-Slc,Clearwater Campus,Rohan Mikhailov Travel,"May 1, 2026, 12:00 AM","May 31, 2026, 12:00 AM",3146208,DV_Package,null,11.62,"1,526.31"
pinnacle-Slc,Oakmont Office,Divya Sokolov Travel,"May 1, 2026, 12:00 AM","May 31, 2026, 12:00 AM",3161957,4Seater,Slab3,24.7,"1,162.5"
pinnacle-Slc,Clearwater Campus,Rahul Mikhailov Travel,"May 1, 2026, 12:00 AM","May 31, 2026, 12:00 AM",3106566,4Seater,Slab3,24.5,"1,162.5"
pinnacle-Slc,Willow Bend Campus,Aarav Mikhailov Travel,"May 1, 2026, 12:00 AM","May 31, 2026, 12:00 AM",3131673,4Seater,Slab1,10.3,915
pinnacle-Slc,Clearwater Campus,Rahul Morozov Travel,"May 1, 2026, 12:00 AM","May 31, 2026, 12:00 AM",3067512,DV_Package,null,14.7,"1,526.31"
pinnacle-Slc,Willow Bend Campus,Rohan Mikhailov Travel,"May 1, 2026, 12:00 AM","May 31, 2026, 12:00 AM",3165534,4Seater,Slab1,1.5,"1,372.5"
pinnacle-Slc,Clearwater Campus,Divya Mikhailov Travel,"June 1, 2026, 12:00 AM","June 30, 2026, 12:00 AM",3265129,4Seater,Slab2,14.55,"1,020"
pinnacle-Slc,Willow Bend Campus,Rohan Mikhailov Travel,"June 1, 2026, 12:00 AM","June 30, 2026, 12:00 AM",3251955,4Seater,Slab1,7.8,915
pinnacle-Slc,Clearwater Campus,Pooja Mikhailov Travel,"June 1, 2026, 12:00 AM","June 30, 2026, 12:00 AM",3265355,DV_Package,null,4.31,"1,318.18"
pinnacle-Slc,Oakmont Office,Rahul Mikhailov Travel,"June 1, 2026, 12:00 AM","June 30, 2026, 12:00 AM",3186575,4Seater,Slab1,7.65,915
pinnacle-Slc,Oakmont Office,Aarav Mikhailov Travel,"June 1, 2026, 12:00 AM","June 30, 2026, 12:00 AM",3316383,DV_Package,null,5.2,"1,318.18"
pinnacle-Slc,Clearwater Campus,Rohan Mikhailov Travel,"June 1, 2026, 12:00 AM","June 30, 2026, 12:00 AM",3218079,DV_Package,null,35.56,988.63
vanta-Aus,Cedar Ridge Office,Anjali Mikhailov Travel,"July 1, 2026, 12:00 AM","July 31, 2026, 12:00 AM",1216183,6S-HYD,Medium,0,"1,683.87"
orbit-Slc,Lakeside Commons,Rahul Mikhailov Travel,"June 16, 2026, 12:00 AM","June 30, 2026, 12:00 AM",1293902,8Seater-LVT-July,0-20,17,"1,200"
catalyst-Sac,Crestwood Campus,Divya Mikhailov Travel,"July 1, 2026, 12:00 AM","July 31, 2026, 12:00 AM",1527254,3S_Jan2024_CNG_AC,Zone_A,7.6,960
catalyst-Sac,Santa Clara Office,Divya Mikhailov Travel,"July 1, 2026, 12:00 AM","July 31, 2026, 12:00 AM",1550322,5S_Jan2024_CNG_AC,Zone_B,25.63,"2,308.5"
catalyst-Sac,Santa Clara Office,Vikram Mikhailov Travel,"July 1, 2026, 12:00 AM","July 31, 2026, 12:00 AM",1545037,3S_Jan2024_CNG_AC,Zone_C,29.19,"1,485"
vanta-Aus,Cedar Ridge Office,Sanjay Mikhailov Travel,"July 1, 2026, 12:00 AM","July 31, 2026, 12:00 AM",1243347,4S-HYD,Short,0,968.58
vanta-Aus,Cedar Ridge Office,Meera Pavlov Travel,"July 1, 2026, 12:00 AM","July 31, 2026, 12:00 AM",1257891,4S-HYD,Short,0,968.58
catalyst-Sac,Crestwood Campus,Vikram Mikhailov Travel,"July 1, 2026, 12:00 AM","July 31, 2026, 12:00 AM",1522520,3S_Jan2024_CNG_AC,Zone_C,39.99,"1,485"
orbit-Slc,Lakeside Commons,Anjali Mikhailov Travel,"June 16, 2026, 12:00 AM","June 30, 2026, 12:00 AM",1305501,8SEATER_BTT_2025,0-20,12.9,"1,260"
orbit-Slc,Eastgate Office,Rohan Mikhailov Travel,"June 16, 2026, 12:00 AM","June 30, 2026, 12:00 AM",1287283,NPT_4_SEATER,Slab1,20.92,"1,170"
vanta-Aus,Cedar Ridge Office,Anjali Mikhailov Travel,"July 1, 2026, 12:00 AM","July 31, 2026, 12:00 AM",1208107,6S-HYD,Short,0,"1,254.43"
vanta-Aus,Cedar Ridge Office,Sanjay Mikhailov Travel,"July 1, 2026, 12:00 AM","July 31, 2026, 12:00 AM",1245070,6S-EV-HTK,Medium,0,"1,875"
vanta-Aus,Cedar Ridge Office,Anjali Mikhailov Travel,"July 1, 2026, 12:00 AM","July 31, 2026, 12:00 AM",1233195,4S-HYD,Medium,0,"1,181.14"
catalyst-Sac,Fairview Commons,Priya Mikhailov Travel,"July 1, 2026, 12:00 AM","July 31, 2026, 12:00 AM",1522036,3S_Jan2024_CNG_AC,Zone_C,32.45,"1,485"
vanta-Aus,Cedar Ridge Office,Priya Mikhailov Travel,"July 1, 2026, 12:00 AM","July 31, 2026, 12:00 AM",1259491,6S-HYD,Medium,0,"1,683.87"
catalyst-Sac,Santa Clara Office,Vikram Mikhailov Travel,"July 1, 2026, 12:00 AM","July 31, 2026, 12:00 AM",1534305,3S_Jan2024_CNG_AC,Zone_B,25.3,"1,867.5"
orbit-Slc,Cedar Ridge Office,Rahul Mikhailov Travel,"July 1, 2026, 12:00 AM","July 15, 2026, 12:00 AM",1336342,4Seater-LVT-July,31-above,30.8,"1,297.5"
catalyst-Sac,Santa Clara Office,Rohan Mikhailov Travel,"July 1, 2026, 12:00 AM","July 31, 2026, 12:00 AM",1558097,3S_Jan2024_CNG_AC,Zone_C,31.56,"1,485"
catalyst-Sac,Santa Clara Office,Rohan Mikhailov Travel,"July 1, 2026, 12:00 AM","July 31, 2026, 12:00 AM",1524583,3S_Jan2024_CNG_AC,Zone_B,26.2,"1,867.5"
catalyst-Sac,Santa Clara Office,Divya Mikhailov Travel,"July 1, 2026, 12:00 AM","July 31, 2026, 12:00 AM",1526815,3S_Jan2024_CNG_AC,Zone_B,21.5,"1,245"
catalyst-Sac,Santa Clara Office,Rohan Mikhailov Travel,"July 1, 2026, 12:00 AM","July 31, 2026, 12:00 AM",1538641,3S_Jan2024_CNG_AC,Zone_B,25.73,"1,867.5"
vanta-Aus,Cedar Ridge Office,Priya Mikhailov Travel,"July 1, 2026, 12:00 AM","July 31, 2026, 12:00 AM",1239749,4S-EV-Z,Medium,0,"1,200"
catalyst-Sac,Santa Clara Office,Vikram Mikhailov Travel,"July 1, 2026, 12:00 AM","July 31, 2026, 12:00 AM",1543311,3S_Jan2024_CNG_AC,Zone_C,27.77,"2,227.5"
pinnacle-Slc,Oakmont Office,Karan Mikhailov Travel,"July 1, 2026, 12:00 AM","July 31, 2026, 12:00 AM",3378848,6Seater,Slab3,24.7,"1,500"
pinnacle-Slc,Clearwater Campus,Amit Mikhailov Travel,"July 1, 2026, 12:00 AM","July 31, 2026, 12:00 AM",3373885,4Seater,Slab3,28.41,"1,162.5"
pinnacle-Slc,Willow Bend Campus,Rahul Orlov Travel,"July 1, 2026, 12:00 AM","July 31, 2026, 12:00 AM",3377959,DV_Package,null,23.8,"1,358.37"
pinnacle-Slc,Ashford Commons,Rohan Mikhailov Travel,"July 1, 2026, 12:00 AM","July 31, 2026, 12:00 AM",3416406,4Seater,Slab1,2.5,"1,372.5"
pinnacle-Slc,Clearwater Campus,Rohan Mikhailov Travel,"July 1, 2026, 12:00 AM","July 31, 2026, 12:00 AM",3373408,4Seater,Slab2,16.53,"1,020"
pinnacle-Slc,Oakmont Office,Aarav Mikhailov Travel,"July 1, 2026, 12:00 AM","July 31, 2026, 12:00 AM",3431958,4Seater,Slab1,6.86,915
pinnacle-Slc,Clearwater Campus,Rahul Mikhailov Travel,"July 1, 2026, 12:00 AM","July 31, 2026, 12:00 AM",3352974,4Seater,Slab2,16.49,"1,020"
pinnacle-Slc,Willow Bend Campus,Sanjay Mikhailov Travel,"July 1, 2026, 12:00 AM","July 31, 2026, 12:00 AM",3381800,4Seater,Slab2,10.81,"1,020"
pinnacle-Slc,Clearwater Campus,Aarav Mikhailov Travel,"July 1, 2026, 12:00 AM","July 31, 2026, 12:00 AM",3361858,4Seater,Slab4,31.89,"1,290"
pinnacle-Slc,Clearwater Campus,Pooja Mikhailov Travel,"July 1, 2026, 12:00 AM","July 31, 2026, 12:00 AM",3468879,DV_Package,null,4.7,"1,260.87"
vanta-Aus,Cedar Ridge Office,Priya Mikhailov Travel,"May 1, 2026, 12:00 AM","May 31, 2026, 12:00 AM",1137733,6S-HYD,Short,0,"1,227"
vanta-Aus,Cedar Ridge Office,Sneha Mikhailov Travel,"May 1, 2026, 12:00 AM","May 31, 2026, 12:00 AM",1103986,6S-HYD,Long,0,"1,800"
vanta-Aus,Cedar Ridge Office,Sneha Mikhailov Travel,"May 1, 2026, 12:00 AM","May 31, 2026, 12:00 AM",1129185,6S-HYD,Medium,0,"1,629"
vanta-Aus,Cedar Ridge Office,Anjali Mikhailov Travel,"May 1, 2026, 12:00 AM","May 31, 2026, 12:00 AM",1120036,6S-HYD,Medium,0,"1,629"
orbit-Slc,Eastgate Office,Rohan Mikhailov Travel,"May 1, 2026, 12:00 AM","May 15, 2026, 12:00 AM",1216183,NPT_4_SEATER,Slab1,21,"1,873.5"
vanta-Aus,Cedar Ridge Office,Anjali Mikhailov Travel,"May 1, 2026, 12:00 AM","May 31, 2026, 12:00 AM",1114747,4S-EV-Z,Medium,0,"1,200"
catalyst-Sac,Redwood City Center,Priya Mikhailov Travel,"May 1, 2026, 12:00 AM","May 31, 2026, 12:00 AM",1466296,3S_Jan2024_CNG_AC,Zone_B,25,"1,218.75"
catalyst-Sac,Santa Clara Office,Rohan Mikhailov Travel,"May 1, 2026, 12:00 AM","May 31, 2026, 12:00 AM",1455495,3S_Jan2024_CNG_AC,Zone_A,8.4,"1,420.32"
vanta-Aus,Cedar Ridge Office,Sneha Mikhailov Travel,"May 1, 2026, 12:00 AM","May 31, 2026, 12:00 AM",1104736,6S-HYD,Long,0,"1,800"
catalyst-Sac,Crestwood Campus,Amit Mikhailov Travel,"May 1, 2026, 12:00 AM","May 31, 2026, 12:00 AM",1467064,3S_Jan2024_CNG_AC,Zone_C,29.4,"1,445.63"
catalyst-Sac,Santa Clara Office,Vikram Mikhailov Travel,"May 1, 2026, 12:00 AM","May 31, 2026, 12:00 AM",1470875,5S_Jan2024_CNG_AC,Zone_B,33.06,"1,507.5"
orbit-Slc,Cedar Ridge Office,Rahul Mikhailov Travel,"May 1, 2026, 12:00 AM","May 15, 2026, 12:00 AM",1216847,4Seater-LVT-July,0-20,13.5,885
catalyst-Sac,Santa Clara Office,Vikram Mikhailov Travel,"May 1, 2026, 12:00 AM","May 31, 2026, 12:00 AM",1470479,3S_Jan2024_CNG_AC,Zone_C,30.8,"2,168.45"
orbit-Slc,Lakeside Commons,Anjali Mikhailov Travel,"May 16, 2026, 12:00 AM","May 31, 2026, 12:00 AM",1246252,8SEATER_BTT_2025,21-30,29.6,"2,115"
vanta-Aus,Cedar Ridge Office,Sneha Mikhailov Travel,"June 1, 2026, 12:00 AM","June 30, 2026, 12:00 AM",1182548,6S-HYD,Short,0,"1,227"
vanta-Aus,Cedar Ridge Office,Sneha Mikhailov Travel,"June 1, 2026, 12:00 AM","June 30, 2026, 12:00 AM",1184658,4S-EV-Z,Medium,0,"1,200"
vanta-Aus,Cedar Ridge Office,Meera Pavlov Travel,"June 1, 2026, 12:00 AM","June 30, 2026, 12:00 AM",1174878,4S-EV-Z,Medium,0,"1,200"
orbit-Slc,Eastgate Office,Rohan Mikhailov Travel,"May 16, 2026, 12:00 AM","May 31, 2026, 12:00 AM",1245980,NPT_4_SEATER,Slab1,30.3,"1,170"
vanta-Aus,Cedar Ridge Office,Sanjay Mikhailov Travel,"June 1, 2026, 12:00 AM","June 30, 2026, 12:00 AM",1149865,6S-HYD,Medium,0,"1,629"
orbit-Slc,Eastgate Office,Rohan Mikhailov Travel,"May 16, 2026, 12:00 AM","May 31, 2026, 12:00 AM",1236262,NPT_4_SEATER,Slab1,16.8,"1,170"
pinnacle-Slc,Clearwater Campus,Divya Mikhailov Travel,"June 1, 2026, 12:00 AM","June 30, 2026, 12:00 AM",3183275,DV_Package,null,17.13,"1,318.18"
pinnacle-Slc,Oakmont Office,Aarav Mikhailov Travel,"June 1, 2026, 12:00 AM","June 30, 2026, 12:00 AM",3243173,4Seater,Slab2,10.71,"1,020"
pinnacle-Slc,Willow Bend Campus,Rahul Morozov Travel,"June 1, 2026, 12:00 AM","June 30, 2026, 12:00 AM",3259256,DV_Package,null,8.47,988.63
pinnacle-Slc,Willow Bend Campus,Arjun Mikhailov Travel,"June 1, 2026, 12:00 AM","June 30, 2026, 12:00 AM",3304128,DV_Package,null,7.58,"1,318.18"
pinnacle-Slc,Willow Bend Campus,Amit Mikhailov Travel,"June 1, 2026, 12:00 AM","June 30, 2026, 12:00 AM",3189749,4Seater,Slab3,24.68,"1,162.5"
pinnacle-Slc,Clearwater Campus,Sanjay Mikhailov Travel,"June 1, 2026, 12:00 AM","June 30, 2026, 12:00 AM",3248506,4Seater,Slab2,13.1,"1,020"
pinnacle-Slc,Clearwater Campus,Karan Mikhailov Travel,"June 1, 2026, 12:00 AM","June 30, 2026, 12:00 AM",3225015,4Seater,Slab2,14,"1,020"
pinnacle-Slc,Clearwater Campus,Divya Mikhailov Travel,"June 1, 2026, 12:00 AM","June 30, 2026, 12:00 AM",3225466,4Seater,Slab2,14.74,"1,020"
pinnacle-Slc,Clearwater Campus,Amit Mikhailov Travel,"June 1, 2026, 12:00 AM","June 30, 2026, 12:00 AM",3191800,6Seater,Slab1,3.3,"1,140"
pinnacle-Slc,Clearwater Campus,Karan Mikhailov Travel,"June 1, 2026, 12:00 AM","June 30, 2026, 12:00 AM",3310409,4Seater,Slab3,21.79,"1,162.5"
pinnacle-Slc,Clearwater Campus,Arjun Mikhailov Travel,"June 1, 2026, 12:00 AM","June 30, 2026, 12:00 AM",3319057,6Seater,Slab1,3.5,"1,140"
pinnacle-Slc,Clearwater Campus,Amit Volkov Travel,"June 1, 2026, 12:00 AM","June 30, 2026, 12:00 AM",3188240,4Seater,Slab2,15.4,"1,020"
pinnacle-Slc,Oakmont Office,Amit Volkov Travel,"June 1, 2026, 12:00 AM","June 30, 2026, 12:00 AM",3258482,4Seater,Slab2,14.39,"1,020"
pinnacle-Slc,Willow Bend Campus,Arjun Mikhailov Travel,"June 1, 2026, 12:00 AM","June 30, 2026, 12:00 AM",3266431,4Seater,Slab1,4.5,915
pinnacle-Slc,Willow Bend Campus,Pooja Mikhailov Travel,"June 1, 2026, 12:00 AM","June 30, 2026, 12:00 AM",3266683,DV_Package,null,8.87,988.63
pinnacle-Slc,Oakmont Office,Arjun Mikhailov Travel,"June 1, 2026, 12:00 AM","June 30, 2026, 12:00 AM",3219212,4Seater,Slab2,10.8,"1,020"
pinnacle-Slc,Willow Bend Campus,Arjun Mikhailov Travel,"June 1, 2026, 12:00 AM","June 30, 2026, 12:00 AM",3173230,4Seater,Slab2,16.11,"1,020"
pinnacle-Slc,Clearwater Campus,Amit Mikhailov Travel,"June 1, 2026, 12:00 AM","June 30, 2026, 12:00 AM",3253438,4Seater,Slab2,16.72,"1,020"
pinnacle-Slc,Oakmont Office,Divya Sokolov Travel,"June 1, 2026, 12:00 AM","June 30, 2026, 12:00 AM",3194579,4Seater,Slab3,28.17,"1,162.5"
pinnacle-Slc,Clearwater Campus,Karan Mikhailov Travel,"June 1, 2026, 12:00 AM","June 30, 2026, 12:00 AM",3195770,4Seater,Slab1,10.03,915
orbit-Slc,Lakeside Commons,Rahul Mikhailov Travel,"May 16, 2026, 12:00 AM","May 31, 2026, 12:00 AM",1246646,4Seater-LVT-July,0-20,10.2,885
vanta-Aus,Cedar Ridge Office,Sneha Mikhailov Travel,"June 1, 2026, 12:00 AM","June 30, 2026, 12:00 AM",1201382,4S-HYD,Short,0,948
catalyst-Sac,Santa Clara Office,Rohan Mikhailov Travel,"June 1, 2026, 12:00 AM","June 30, 2026, 12:00 AM",1485513,3S_Jan2024_CNG_AC,Zone_B,20.7,"1,856.25"
catalyst-Sac,Santa Clara Office,Vikram Mikhailov Travel,"June 1, 2026, 12:00 AM","June 30, 2026, 12:00 AM",1507297,3S_Jan2024_CNG_AC,Zone_B,25,"1,237.5"
catalyst-Sac,Santa Clara Office,Vikram Mikhailov Travel,"June 1, 2026, 12:00 AM","June 30, 2026, 12:00 AM",1485133,3S_Jan2024_CNG_AC,Zone_B,12.8,"1,856.25"
catalyst-Sac,Santa Clara Office,Divya Mikhailov Travel,"June 1, 2026, 12:00 AM","June 30, 2026, 12:00 AM",1499776,3S_Jan2024_CNG_AC,Zone_B,17.75,"1,856.25"
vanta-Aus,Cedar Ridge Office,Priya Mikhailov Travel,"June 1, 2026, 12:00 AM","June 30, 2026, 12:00 AM",1173352,4S-EV-Z,Long,0,"1,200"
vanta-Aus,Cedar Ridge Office,Meera Pavlov Travel,"June 1, 2026, 12:00 AM","June 30, 2026, 12:00 AM",1163138,4S-HYD,Medium,0,"1,140"
orbit-Slc,Cedar Ridge Office,Rahul Mikhailov Travel,"June 1, 2026, 12:00 AM","June 15, 2026, 12:00 AM",1275769,4Seater-LVT-July,0-20,15.2,885
orbit-Slc,Eastgate Office,Rohan Mikhailov Travel,"June 1, 2026, 12:00 AM","June 15, 2026, 12:00 AM",1257891,NPT_4_SEATER,Slab1,12.25,"1,873.5"
catalyst-Sac,Santa Clara Office,Vikram Mikhailov Travel,"June 1, 2026, 12:00 AM","June 30, 2026, 12:00 AM",1477475,3S_Jan2024_CNG_AC,Zone_B,17.1,"1,856.25"
vanta-Aus,Cedar Ridge Office,Anjali Mikhailov Travel,"June 1, 2026, 12:00 AM","June 30, 2026, 12:00 AM",1180290,6S-HYD,Medium,0,"1,629"
catalyst-Sac,Santa Clara Office,Vikram Mikhailov Travel,"June 1, 2026, 12:00 AM","June 30, 2026, 12:00 AM",1491323,3S_Jan2024_CNG_AC,Zone_A,12.81,"1,434.38"
pinnacle-Slc,Willow Bend Campus,Rahul Morozov Travel,"June 1, 2026, 12:00 AM","June 30, 2026, 12:00 AM",3233661,DV_Package,null,19.37,988.63
pinnacle-Slc,Willow Bend Campus,Rohan Mikhailov Travel,"June 1, 2026, 12:00 AM","June 30, 2026, 12:00 AM",3174927,4Seater,Slab1,2.36,915
pinnacle-Slc,Clearwater Campus,Karan Mikhailov Travel,"June 1, 2026, 12:00 AM","June 30, 2026, 12:00 AM",3293593,6Seater,Slab1,8.52,"1,140"
pinnacle-Slc,Clearwater Campus,Amit Mikhailov Travel,"June 1, 2026, 12:00 AM","June 30, 2026, 12:00 AM",3272113,DV_Package,null,5.38,"1,318.18"
pinnacle-Slc,Clearwater Campus,Divya Sokolov Travel,"June 1, 2026, 12:00 AM","June 30, 2026, 12:00 AM",3307468,4Seater,Slab2,12.95,"1,020"
pinnacle-Slc,Clearwater Campus,Rahul Morozov Travel,"June 1, 2026, 12:00 AM","June 30, 2026, 12:00 AM",3233028,6Seater,Slab1,6,"1,140"
pinnacle-Slc,Clearwater Campus,Rohan Mikhailov Travel,"June 1, 2026, 12:00 AM","June 30, 2026, 12:00 AM",3188981,DV_Package,null,15.39,"1,318.18"
pinnacle-Slc,Oakmont Office,Pooja Mikhailov Travel,"June 1, 2026, 12:00 AM","June 30, 2026, 12:00 AM",3324630,4Seater,Slab2,16,"1,530"
pinnacle-Slc,Clearwater Campus,Sanjay Mikhailov Travel,"June 1, 2026, 12:00 AM","June 30, 2026, 12:00 AM",3248266,4Seater,Slab2,19.53,"1,020"
pinnacle-Slc,Willow Bend Campus,Rahul Morozov Travel,"June 1, 2026, 12:00 AM","June 30, 2026, 12:00 AM",3265959,DV_Package,null,22.43,"1,318.18"
pinnacle-Slc,Willow Bend Campus,Aarav Mikhailov Travel,"July 1, 2026, 12:00 AM","July 31, 2026, 12:00 AM",3450188,4Seater,Slab1,4.4,915
pinnacle-Slc,Clearwater Campus,Amit Mikhailov Travel,"July 1, 2026, 12:00 AM","July 31, 2026, 12:00 AM",3419451,4Seater,Slab1,9.08,915
pinnacle-Slc,Oakmont Office,Rohan Mikhailov Travel,"July 1, 2026, 12:00 AM","July 31, 2026, 12:00 AM",3430072,4Seater,Slab1,1,915
pinnacle-Slc,Oakmont Office,Aarav Mikhailov Travel,"July 1, 2026, 12:00 AM","July 31, 2026, 12:00 AM",3332486,4Seater,Slab3,21.2,"1,162.5"
pinnacle-Slc,Oakmont Office,Karan Mikhailov Travel,"July 1, 2026, 12:00 AM","July 31, 2026, 12:00 AM",3346484,4Seater,Slab2,10.68,"1,530"
pinnacle-Slc,Willow Bend Campus,Rahul Orlov Travel,"July 1, 2026, 12:00 AM","July 31, 2026, 12:00 AM",3332719,DV_Package,null,2.5,945.66
pinnacle-Slc,Willow Bend Campus,Divya Sokolov Travel,"July 1, 2026, 12:00 AM","July 31, 2026, 12:00 AM",3390638,4Seater,Slab1,4.1,915
pinnacle-Slc,Oakmont Office,Amit Mikhailov Travel,"July 1, 2026, 12:00 AM","July 31, 2026, 12:00 AM",3390862,4Seater,Slab1,5.14,915
pinnacle-Slc,Oakmont Office,Divya Mikhailov Travel,"July 1, 2026, 12:00 AM","July 31, 2026, 12:00 AM",3404659,EV_Package,null,17.7,"1,597.83"
pinnacle-Slc,Clearwater Campus,Karan Mikhailov Travel,"July 1, 2026, 12:00 AM","July 31, 2026, 12:00 AM",3413843,4Seater,Slab2,17.33,"1,020"
pinnacle-Slc,Willow Bend Campus,Divya Sokolov Travel,"July 1, 2026, 12:00 AM","July 31, 2026, 12:00 AM",3359121,6Seater,Slab1,7.04,"1,140"
pinnacle-Slc,Clearwater Campus,Aarav Mikhailov Travel,"July 1, 2026, 12:00 AM","July 31, 2026, 12:00 AM",3334833,DV_Package,null,13.14,"1,260.87"
vanta-Aus,Cedar Ridge Office,Anjali Mikhailov Travel,"July 1, 2026, 12:00 AM","July 31, 2026, 12:00 AM",1234378,6S-EV-HTK,XLong,0,"1,875"
vanta-Aus,Cedar Ridge Office,Priya Mikhailov Travel,"July 1, 2026, 12:00 AM","July 31, 2026, 12:00 AM",1253776,4S-EV-Z,XLong,0,"1,200"
orbit-Slc,Lakeside Commons,Rahul Mikhailov Travel,"July 16, 2026, 12:00 AM","July 31, 2026, 12:00 AM",1349113,8Seater-LVT-July,0-20,18.2,"1,687.5"
orbit-Slc,Cedar Ridge Office,Rahul Mikhailov Travel,"July 16, 2026, 12:00 AM","July 31, 2026, 12:00 AM",1358272,8Seater-LVT-July,0-20,16.77,"1,200"
orbit-Slc,Eastgate Office,Rohan Mikhailov Travel,"July 16, 2026, 12:00 AM","July 31, 2026, 12:00 AM",1364878,NPT4_SEATER_EV,Slab 1,26.65,"1,342.5"
vanta-Sea,Denver Office,Aarav Mikhailov Travel,"June 1, 2026, 12:00 AM","June 30, 2026, 12:00 AM",4904863,6S-150ORRNEW,Short,0,"1,390.34"
vanta-Sea,Denver Office,Anjali Mikhailov Travel,"June 1, 2026, 12:00 AM","June 30, 2026, 12:00 AM",4997154,4S-150ORRNEW,Long,0,"1,613.25"
vanta-Sea,Denver Office,Priya Mikhailov Travel,"June 1, 2026, 12:00 AM","June 30, 2026, 12:00 AM",4902684,6S-150ORRNEW,Short,0,"1,390.34"
vanta-Sea,Denver Office,Isha Mikhailov Travel,"June 1, 2026, 12:00 AM","June 30, 2026, 12:00 AM",4981483,4S-150ORRNEW,Short,0,"1,057.75"
vanta-Sea,Denver Office,Sanjay Mikhailov Travel,"June 1, 2026, 12:00 AM","June 30, 2026, 12:00 AM",4983158,4S-150ORRNEW,Long,0,"1,613.25"
vanta-Sea,Denver Office,Aarav Petrov Travel,"June 1, 2026, 12:00 AM","June 30, 2026, 12:00 AM",4962492,6S-150ORRNEW,Medium,0,"1,798.17"
vanta-Sea,Denver Office,Priya Mikhailov Travel,"May 1, 2026, 12:00 AM","May 31, 2026, 12:00 AM",4818755,BUS-ORRNEW-SML,null,0,"3,324.66"
vanta-Sea,Denver Office,Priya Mikhailov Travel,"May 1, 2026, 12:00 AM","May 31, 2026, 12:00 AM",4897216,BUS-ORRNEW-TT,null,0,941.79
vanta-Sea,Denver Office,Priya Mikhailov Travel,"May 1, 2026, 12:00 AM","May 31, 2026, 12:00 AM",4824358,4S-150ORRNEW,Medium,0,"1,365.5"
vanta-Sea,Denver Office,Priya Mikhailov Travel,"May 1, 2026, 12:00 AM","May 31, 2026, 12:00 AM",4828535,4S-150ORRNEW,Medium,0,"1,365.5"
vanta-Sea,Denver Office,Sanjay Mikhailov Travel,"May 1, 2026, 12:00 AM","May 31, 2026, 12:00 AM",4819598,6S-150ORRNEW,Medium,0,"1,798.17"
vanta-Sea,Denver Office,Sanjay Mikhailov Travel,"June 1, 2026, 12:00 AM","June 30, 2026, 12:00 AM",4978249,4S-150ORRNEW,Long,0,"1,613.25"
vanta-Sea,Denver Office,Anjali Mikhailov Travel,"May 1, 2026, 12:00 AM","May 31, 2026, 12:00 AM",4814604,4S-EV-Z,Long,0,"1,275"
vanta-Sea,Denver Office,Priya Mikhailov Travel,"June 1, 2026, 12:00 AM","June 30, 2026, 12:00 AM",4917819,4S-150ORRNEW,Long,0,"1,613.25"
vanta-Sea,Denver Office,Aarav Mikhailov Travel,"May 1, 2026, 12:00 AM","May 31, 2026, 12:00 AM",4868229,BUS-ORRNEW-TT,null,0,932.76
vanta-Sea,Denver Office,Anjali Mikhailov Travel,"June 1, 2026, 12:00 AM","June 30, 2026, 12:00 AM",4950959,6S-150ORRNEW,Medium,0,"1,798.17"
vanta-Sea,Denver Office,Priya Mikhailov Travel,"June 1, 2026, 12:00 AM","June 30, 2026, 12:00 AM",4999419,4S-150ORRNEW,Short,0,"1,057.75"
vanta-Sea,Denver Office,Anjali Mikhailov Travel,"June 1, 2026, 12:00 AM","June 30, 2026, 12:00 AM",4926538,4S-EV-Z,Short,0,"1,275"
vanta-Sea,Denver Office,Priya Mikhailov Travel,"June 1, 2026, 12:00 AM","June 30, 2026, 12:00 AM",4967371,4S-150ORRNEW,Long,0,"1,613.25"
vanta-Sea,Denver Office,Anjali Mikhailov Travel,"May 1, 2026, 12:00 AM","May 31, 2026, 12:00 AM",4889190,6S-150ORRNEW,Medium,0,"1,798.17"
vanta-Sea,Denver Office,Anjali Mikhailov Travel,"May 1, 2026, 12:00 AM","May 31, 2026, 12:00 AM",4894237,6S-150ORRNEW,Short,0,"1,390.34"
vanta-Sea,Denver Office,Priya Mikhailov Travel,"June 1, 2026, 12:00 AM","June 30, 2026, 12:00 AM",4900653,6S-150ORRNEW,Short,0,"1,390.34"
vanta-Sea,Denver Office,Anjali Mikhailov Travel,"May 1, 2026, 12:00 AM","May 31, 2026, 12:00 AM",4869743,4S-150ORRNEW,Long,0,"1,613.25"
vanta-Sea,Denver Office,Priya Mikhailov Travel,"June 1, 2026, 12:00 AM","June 30, 2026, 12:00 AM",4988433,6S-150ORRNEW,Medium,0,"1,798.17"
vanta-Sea,Pinecrest Office,Meera Lebedev Travel,"May 1, 2026, 12:00 AM","May 31, 2026, 12:00 AM",4822204,6S-PREMIUMNEW,null,10.5,"3,407.37"
vanta-Sea,Denver Office,Anjali Mikhailov Travel,"June 1, 2026, 12:00 AM","June 30, 2026, 12:00 AM",4991097,6S-150ORRNEW,Medium,0,"1,798.17"
vanta-Sea,Denver Office,Isha Mikhailov Travel,"May 1, 2026, 12:00 AM","May 31, 2026, 12:00 AM",4890911,6S-150ORRNEW,Short,0,"1,390.34"
vanta-Sea,Denver Office,Rohan Mikhailov Travel,"May 1, 2026, 12:00 AM","May 31, 2026, 12:00 AM",4842195,BUS-ORRNEW-SML,null,0,"3,204.66"
vanta-Sea,Denver Office,Isha Mikhailov Travel,"June 1, 2026, 12:00 AM","June 30, 2026, 12:00 AM",4915134,6S-150ORRNEW,Long,0,"2,116.01"
vanta-Sea,Denver Office,Anjali Mikhailov Travel,"June 1, 2026, 12:00 AM","June 30, 2026, 12:00 AM",4994153,BUS-ORRNEW-SML,null,0,"2,846.65"
vanta-Sea,Denver Office,Anjali Mikhailov Travel,"May 1, 2026, 12:00 AM","May 31, 2026, 12:00 AM",4846435,4S-150ORRNEW,Long,0,"1,613.25"
vanta-Sea,Denver Office,Sanjay Mikhailov Travel,"June 1, 2026, 12:00 AM","June 30, 2026, 12:00 AM",4947180,6S-150ORRNEW,Medium,0,"1,798.17"
vanta-Sea,Denver Office,Aarav Petrov Travel,"July 1, 2026, 12:00 AM","July 31, 2026, 12:00 AM",5013996,4S-150ORRNEW,Short,0,"1,077.27"
vanta-Sea,Denver Office,Aarav Mikhailov Travel,"July 1, 2026, 12:00 AM","July 31, 2026, 12:00 AM",5005097,4S-150ORRNEW,Long,0,"1,671.82"
vanta-Sea,Denver Office,Isha Mikhailov Travel,"July 1, 2026, 12:00 AM","July 31, 2026, 12:00 AM",5105858,4S-150ORRNEW,Short,0,"1,077.27"
vanta-Sea,Denver Office,Priya Mikhailov Travel,"July 1, 2026, 12:00 AM","July 31, 2026, 12:00 AM",5053998,4S-EV-Z,Medium,0,"1,275"
vanta-Sea,Denver Office,Priya Mikhailov Travel,"July 1, 2026, 12:00 AM","July 31, 2026, 12:00 AM",5087598,4S-150ORRNEW,Medium,0,"1,404.56"
vanta-Sea,Denver Office,Isha Mikhailov Travel,"July 1, 2026, 12:00 AM","July 31, 2026, 12:00 AM",5073311,4S-150ORRNEW,Medium,0,"1,404.56"
vanta-Sea,Denver Office,Sanjay Mikhailov Travel,"July 1, 2026, 12:00 AM","July 31, 2026, 12:00 AM",5008693,4S-150ORRNEW,Long,0,"1,671.82"
vanta-Sea,Denver Office,Aarav Mikhailov Travel,"July 1, 2026, 12:00 AM","July 31, 2026, 12:00 AM",5040945,4S-EV-Z,Long,0,"1,275"
vanta-Sea,Denver Office,Isha Mikhailov Travel,"July 1, 2026, 12:00 AM","July 31, 2026, 12:00 AM",5068720,4S-150ORRNEW,Long,0,"1,671.82"
vanta-Sea,Denver Office,Aarav Mikhailov Travel,"July 1, 2026, 12:00 AM","July 31, 2026, 12:00 AM",5101472,4S-150ORRNEW,Long,0,"1,671.82"
vanta-Sea,Denver Office,Aarav Petrov Travel,"July 1, 2026, 12:00 AM","July 31, 2026, 12:00 AM",5004762,BUS-ORRNEW-TT,null,0,"2,105.32"
vanta-Sea,Denver Office,Priya Mikhailov Travel,"July 1, 2026, 12:00 AM","July 31, 2026, 12:00 AM",5075626,4S-150ORRNEW,Medium,0,"1,404.56"
vanta-Sea,Denver Office,Priya Mikhailov Travel,"July 1, 2026, 12:00 AM","July 31, 2026, 12:00 AM",5038990,4S-150ORRNEW,Long,0,"1,671.82"
vanta-Sea,Denver Office,Sanjay Mikhailov Travel,"July 1, 2026, 12:00 AM","July 31, 2026, 12:00 AM",5094695,BUS-ORRNEW-SML,null,0,"2,118.01"
vanta-Sea,Denver Office,Anjali Mikhailov Travel,"July 1, 2026, 12:00 AM","July 31, 2026, 12:00 AM",5102596,4S-150ORRNEW,Long,0,"1,671.82"
pinnacle-Slc,Oakmont Office,Aarav Mikhailov Travel,"May 1, 2026, 12:00 AM","May 31, 2026, 12:00 AM",3116326,4Seater,Slab1,6.6,915
pinnacle-Slc,Willow Bend Campus,Divya Mikhailov Travel,"May 1, 2026, 12:00 AM","May 31, 2026, 12:00 AM",3086525,4Seater,Slab2,13.4,"1,020"
pinnacle-Slc,Oakmont Office,Aarav Mikhailov Travel,"May 1, 2026, 12:00 AM","May 31, 2026, 12:00 AM",3130904,4Seater,Slab1,9.83,915
pinnacle-Slc,Oakmont Office,Amit Mikhailov Travel,"May 1, 2026, 12:00 AM","May 31, 2026, 12:00 AM",3154097,4Seater,Slab2,18.4,"1,020"
pinnacle-Slc,Willow Bend Campus,Pooja Mikhailov Travel,"May 1, 2026, 12:00 AM","May 31, 2026, 12:00 AM",3154546,4Seater,Slab2,20.4,"1,020"
pinnacle-Slc,Willow Bend Campus,Divya Mikhailov Travel,"May 1, 2026, 12:00 AM","May 31, 2026, 12:00 AM",3130421,4Seater,Slab2,16.63,"1,020"
pinnacle-Slc,Clearwater Campus,Amit Mikhailov Travel,"May 1, 2026, 12:00 AM","May 31, 2026, 12:00 AM",3091077,4Seater,Slab2,12.55,"1,020"
pinnacle-Slc,Clearwater Campus,Divya Sokolov Travel,"May 1, 2026, 12:00 AM","May 31, 2026, 12:00 AM",3158919,4Seater,Slab1,3.83,915
pinnacle-Slc,Oakmont Office,Divya Sokolov Travel,"May 1, 2026, 12:00 AM","May 31, 2026, 12:00 AM",3148514,4Seater,Slab2,14,"1,020"
pinnacle-Slc,Clearwater Campus,Rohan Mikhailov Travel,"May 1, 2026, 12:00 AM","May 31, 2026, 12:00 AM",3075993,4Seater,Slab1,3.9,915
pinnacle-Slc,Clearwater Campus,Rahul Orlov Travel,"May 1, 2026, 12:00 AM","May 31, 2026, 12:00 AM",3094546,DV_Package,null,37.16,"1,526.31"
pinnacle-Slc,Willow Bend Campus,Rohan Mikhailov Travel,"May 1, 2026, 12:00 AM","May 31, 2026, 12:00 AM",3055978,DV_Package,null,10.9,"1,144.74"
pinnacle-Slc,Clearwater Campus,Rahul Orlov Travel,"May 1, 2026, 12:00 AM","May 31, 2026, 12:00 AM",3059899,DV_Package,null,7.91,"1,526.31"
pinnacle-Slc,Clearwater Campus,Rohan Mikhailov Travel,"May 1, 2026, 12:00 AM","May 31, 2026, 12:00 AM",3157668,6Seater,Slab1,3.9,"1,140"
pinnacle-Slc,Willow Bend Campus,Rahul Morozov Travel,"May 1, 2026, 12:00 AM","May 31, 2026, 12:00 AM",3143094,4Seater,Slab1,8.1,915
pinnacle-Slc,Clearwater Campus,Pooja Mikhailov Travel,"May 1, 2026, 12:00 AM","May 31, 2026, 12:00 AM",3162553,6Seater,Slab1,8.68,"1,140"
pinnacle-Slc,Willow Bend Campus,Arjun Mikhailov Travel,"May 1, 2026, 12:00 AM","May 31, 2026, 12:00 AM",3074379,DV_Package,null,6,"1,144.74"
pinnacle-Slc,Clearwater Campus,Arjun Mikhailov Travel,"May 1, 2026, 12:00 AM","May 31, 2026, 12:00 AM",3117189,4Seater,Slab1,5.5,915
pinnacle-Slc,Oakmont Office,Divya Mikhailov Travel,"May 1, 2026, 12:00 AM","May 31, 2026, 12:00 AM",3078174,EV_Package,null,21,"1,934.2"
pinnacle-Slc,Oakmont Office,Amit Mikhailov Travel,"May 1, 2026, 12:00 AM","May 31, 2026, 12:00 AM",3142783,DV_Package,null,25.8,"1,526.31"
pinnacle-Slc,Clearwater Campus,Divya Kozlov Travel,"May 1, 2026, 12:00 AM","May 31, 2026, 12:00 AM",3156115,6Seater,Slab1,8.6,"1,140"
pinnacle-Slc,Oakmont Office,Divya Sokolov Travel,"May 1, 2026, 12:00 AM","May 31, 2026, 12:00 AM",3073423,4Seater,Slab4,42.3,"1,290"
pinnacle-Slc,Oakmont Office,Rahul Mikhailov Travel,"May 1, 2026, 12:00 AM","May 31, 2026, 12:00 AM",3136293,4Seater,Slab1,5.9,915
pinnacle-Slc,Oakmont Office,Rohan Mikhailov Travel,"May 1, 2026, 12:00 AM","May 31, 2026, 12:00 AM",3161717,DV_Package,null,16.6,"1,526.31"
pinnacle-Slc,Clearwater Campus,Aarav Mikhailov Travel,"May 1, 2026, 12:00 AM","May 31, 2026, 12:00 AM",3082512,6Seater,Slab2,19.3,"1,297.5"
pinnacle-Slc,Clearwater Campus,Aarav Mikhailov Travel,"May 1, 2026, 12:00 AM","May 31, 2026, 12:00 AM",3106789,DV_Package,null,7.13,915.79
pinnacle-Slc,Clearwater Campus,Aarav Mikhailov Travel,"June 1, 2026, 12:00 AM","June 30, 2026, 12:00 AM",3255236,4Seater,Slab2,11.2,"1,020"
pinnacle-Slc,Oakmont Office,Divya Mikhailov Travel,"June 1, 2026, 12:00 AM","June 30, 2026, 12:00 AM",3257698,DV_Package,null,15.2,"1,318.18"
catalyst-Sac,Crestwood Campus,Sanjay Mikhailov Travel,"July 1, 2026, 12:00 AM","July 31, 2026, 12:00 AM",1545400,3S_Jan2024_CNG_AC,Zone_B,15.8,"1,867.5"
catalyst-Sac,Fairview Commons,Arjun Mikhailov Travel,"July 1, 2026, 12:00 AM","July 31, 2026, 12:00 AM",1537939,3S_Jan2024_CNG_AC,Zone_A,5.4,"1,440"
catalyst-Sac,Santa Clara Office,Divya Mikhailov Travel,"July 1, 2026, 12:00 AM","July 31, 2026, 12:00 AM",1521141,3S_Jan2024_CNG_AC,Zone_B,17.6,"1,867.5"
catalyst-Sac,Santa Clara Office,Vikram Mikhailov Travel,"July 1, 2026, 12:00 AM","July 31, 2026, 12:00 AM",1549924,3S_Jan2024_CNG_AC,Zone_C,32.6,"1,485"
catalyst-Sac,Santa Clara Office,Vikram Mikhailov Travel,"July 1, 2026, 12:00 AM","July 31, 2026, 12:00 AM",1542978,3S_Jan2024_CNG_AC,Zone_B,15.31,"1,867.5"
catalyst-Sac,Crestwood Campus,Rohan Mikhailov Travel,"July 1, 2026, 12:00 AM","July 31, 2026, 12:00 AM",1525644,3S_Jan2024_CNG_AC,Zone_B,23.8,"1,245"
catalyst-Sac,Fairview Commons,Sanjay Mikhailov Travel,"July 1, 2026, 12:00 AM","July 31, 2026, 12:00 AM",1549624,3S_Jan2024_CNG_AC,Zone_A,4.6,960
catalyst-Sac,Crestwood Campus,Divya Mikhailov Travel,"July 1, 2026, 12:00 AM","July 31, 2026, 12:00 AM",1540813,3S_Jan2024_CNG_AC,Zone_A,13.3,"1,440"
vanta-Aus,Cedar Ridge Office,Priya Mikhailov Travel,"July 1, 2026, 12:00 AM","July 31, 2026, 12:00 AM",1247248,4S-EV-Z,XLong,0,"1,200"
catalyst-Sac,Santa Clara Office,Rohan Mikhailov Travel,"July 1, 2026, 12:00 AM","July 31, 2026, 12:00 AM",1535575,5S_Jan2024_CNG_AC,Zone_B,24.1,"2,308.5"
orbit-Slc,Lakeside Commons,Rahul Mikhailov Travel,"July 1, 2026, 12:00 AM","July 15, 2026, 12:00 AM",1311104,4Seater-LVT-July,31-above,38.63,"1,972.5"
catalyst-Sac,Santa Clara Office,Divya Mikhailov Travel,"July 1, 2026, 12:00 AM","July 31, 2026, 12:00 AM",1553419,3S_Jan2024_CNG_AC,Zone_B,19.1,"1,245"
catalyst-Sac,Santa Clara Office,Vikram Mikhailov Travel,"July 1, 2026, 12:00 AM","July 31, 2026, 12:00 AM",1543757,3S_Jan2024_CNG_AC,Zone_B,23.44,"1,867.5"
pinnacle-Slc,Willow Bend Campus,Rahul Orlov Travel,"July 1, 2026, 12:00 AM","July 31, 2026, 12:00 AM",3330916,DV_Package,null,16.84,"1,260.87"
pinnacle-Slc,Clearwater Campus,Divya Kozlov Travel,"July 1, 2026, 12:00 AM","July 31, 2026, 12:00 AM",3368858,4Seater,Slab3,22.2,"1,162.5"
pinnacle-Slc,Clearwater Campus,Arjun Mikhailov Travel,"July 1, 2026, 12:00 AM","July 31, 2026, 12:00 AM",3330023,4Seater,Slab3,22.8,"1,162.5"
pinnacle-Slc,Clearwater Campus,Rohan Mikhailov Travel,"July 1, 2026, 12:00 AM","July 31, 2026, 12:00 AM",3461953,DV_Package,null,13.68,"1,260.87"
pinnacle-Slc,Clearwater Campus,Rohan Mikhailov Travel,"July 1, 2026, 12:00 AM","July 31, 2026, 12:00 AM",3462188,DV_Package,null,24.18,"1,260.87"
pinnacle-Slc,Oakmont Office,Rahul Orlov Travel,"July 1, 2026, 12:00 AM","July 31, 2026, 12:00 AM",3481769,DV_Package,null,11,"1,260.74"
pinnacle-Slc,Willow Bend Campus,Pooja Mikhailov Travel,"July 1, 2026, 12:00 AM","July 31, 2026, 12:00 AM",3358610,DV_Package,null,5.4,"1,260.87"
pinnacle-Slc,Clearwater Campus,Aarav Mikhailov Travel,"July 1, 2026, 12:00 AM","July 31, 2026, 12:00 AM",3387786,4Seater,Slab1,5.9,915
pinnacle-Slc,Clearwater Campus,Sanjay Mikhailov Travel,"July 1, 2026, 12:00 AM","July 31, 2026, 12:00 AM",3422182,4Seater,Slab2,11.1,"1,020"
pinnacle-Slc,Willow Bend Campus,Rahul Morozov Travel,"July 1, 2026, 12:00 AM","July 31, 2026, 12:00 AM",3357783,4Seater,Slab2,13.8,"1,020"
pinnacle-Slc,Clearwater Campus,Rohan Mikhailov Travel,"July 1, 2026, 12:00 AM","July 31, 2026, 12:00 AM",3328335,4Seater,Slab1,8.8,915
pinnacle-Slc,Willow Bend Campus,Rahul Morozov Travel,"July 1, 2026, 12:00 AM","July 31, 2026, 12:00 AM",3377031,EV_Package,null,8.02,"1,597.83"
pinnacle-Slc,Clearwater Campus,Amit Volkov Travel,"July 1, 2026, 12:00 AM","July 31, 2026, 12:00 AM",3396201,4Seater,Slab1,4.3,915
vanta-Aus,Cedar Ridge Office,Meera Pavlov Travel,"May 1, 2026, 12:00 AM","May 31, 2026, 12:00 AM",1133649,6S-HYD,Long,0,"1,800"
vanta-Aus,Cedar Ridge Office,Priya Mikhailov Travel,"May 1, 2026, 12:00 AM","May 31, 2026, 12:00 AM",1127452,4S-EV-Z,Short,0,"1,200"
vanta-Aus,Cedar Ridge Office,Meera Pavlov Travel,"May 1, 2026, 12:00 AM","May 31, 2026, 12:00 AM",1129396,4S-EV-Z,Long,0,"1,200"
vanta-Aus,Cedar Ridge Office,Priya Mikhailov Travel,"May 1, 2026, 12:00 AM","May 31, 2026, 12:00 AM",1115019,4S-EV-Z,Medium,0,"1,200"
catalyst-Sac,Crestwood Campus,Vikram Mikhailov Travel,"May 1, 2026, 12:00 AM","May 31, 2026, 12:00 AM",1469413,3S_Jan2024_CNG_AC,Zone_B,19.5,"1,828.13"
catalyst-Sac,Santa Clara Office,Divya Mikhailov Travel,"May 1, 2026, 12:00 AM","May 31, 2026, 12:00 AM",1448967,3S_Jan2024_CNG_AC,Zone_B,17.7,"1,218.75"
catalyst-Sac,Santa Clara Office,Rohan Mikhailov Travel,"May 1, 2026, 12:00 AM","May 31, 2026, 12:00 AM",1447277,3S_Jan2024_CNG_AC,Zone_A,3.52,946.88
catalyst-Sac,Santa Clara Office,Vikram Mikhailov Travel,"May 1, 2026, 12:00 AM","May 31, 2026, 12:00 AM",1473340,3S_Jan2024_CNG_AC,Zone_C,37.7,"2,168.45"
catalyst-Sac,Santa Clara Office,Vikram Mikhailov Travel,"May 1, 2026, 12:00 AM","May 31, 2026, 12:00 AM",1450471,3S_Jan2024_CNG_AC,Zone_B,14.91,"1,828.13"
catalyst-Sac,Santa Clara Office,Rohan Mikhailov Travel,"May 1, 2026, 12:00 AM","May 31, 2026, 12:00 AM",1465586,3S_Jan2024_CNG_AC,Zone_B,19.85,"1,218.75"
catalyst-Sac,Santa Clara Office,Rohan Mikhailov Travel,"May 1, 2026, 12:00 AM","May 31, 2026, 12:00 AM",1442414,3S_Jan2024_CNG_AC,Zone_A,6.6,"1,420.32"
catalyst-Sac,Santa Clara Office,Vikram Mikhailov Travel,"May 1, 2026, 12:00 AM","May 31, 2026, 12:00 AM",1454550,5S_Jan2024_CNG_AC,Zone_A,13.11,"1,187.25"
orbit-Slc,Eastgate Office,Rohan Mikhailov Travel,"May 1, 2026, 12:00 AM","May 15, 2026, 12:00 AM",1230042,NPT_4_SEATER,Slab1,24.42,"1,873.5"
vanta-Aus,Cedar Ridge Office,Sneha Mikhailov Travel,"May 1, 2026, 12:00 AM","May 31, 2026, 12:00 AM",1128744,4S-HYD,Long,0,"1,354.5"
catalyst-Sac,Santa Clara Office,Divya Mikhailov Travel,"May 1, 2026, 12:00 AM","May 31, 2026, 12:00 AM",1456202,3S_Jan2024_CNG_AC,Zone_B,26.2,"1,828.13"
orbit-Slc,Lakeside Commons,Anjali Mikhailov Travel,"May 16, 2026, 12:00 AM","May 31, 2026, 12:00 AM",1234378,8SEATER_BTT_2025,0-20,19.1,"1,260"
vanta-Aus,Cedar Ridge Office,Sneha Mikhailov Travel,"June 1, 2026, 12:00 AM","June 30, 2026, 12:00 AM",1157541,6S-HYD,Long,0,"1,800"
pinnacle-Slc,Willow Bend Campus,Rahul Morozov Travel,"June 1, 2026, 12:00 AM","June 30, 2026, 12:00 AM",3281664,4Seater,Slab1,5.1,915
pinnacle-Slc,Clearwater Campus,Divya Mikhailov Travel,"June 1, 2026, 12:00 AM","June 30, 2026, 12:00 AM",3318166,4Seater,Slab1,5.11,915
pinnacle-Slc,Clearwater Campus,Arjun Mikhailov Travel,"June 1, 2026, 12:00 AM","June 30, 2026, 12:00 AM",3296352,6Seater,Slab1,4.16,"1,140"
pinnacle-Slc,Clearwater Campus,Rohan Mikhailov Travel,"June 1, 2026, 12:00 AM","June 30, 2026, 12:00 AM",3289955,4Seater,Slab2,17.09,"1,020"
pinnacle-Slc,Clearwater Campus,Rahul Orlov Travel,"June 1, 2026, 12:00 AM","June 30, 2026, 12:00 AM",3225241,DV_Package,null,10.17,988.63
pinnacle-Slc,Clearwater Campus,Divya Mikhailov Travel,"June 1, 2026, 12:00 AM","June 30, 2026, 12:00 AM",3177031,4Seater,Slab2,16.8,"1,020"
pinnacle-Slc,Oakmont Office,Divya Sokolov Travel,"June 1, 2026, 12:00 AM","June 30, 2026, 12:00 AM",3189529,4Seater,Slab2,12,"1,530"
pinnacle-Slc,Clearwater Campus,Pooja Mikhailov Travel,"June 1, 2026, 12:00 AM","June 30, 2026, 12:00 AM",3175655,4Seater,Slab2,13.31,"1,020"
pinnacle-Slc,Oakmont Office,Rohan Mikhailov Travel,"June 1, 2026, 12:00 AM","June 30, 2026, 12:00 AM",3180798,4Seater,Slab2,19.02,"1,020"
pinnacle-Slc,Oakmont Office,Rohan Mikhailov Travel,"June 1, 2026, 12:00 AM","June 30, 2026, 12:00 AM",3189244,DV_Package,null,16.93,988.63
pinnacle-Slc,Willow Bend Campus,Rahul Mikhailov Travel,"June 1, 2026, 12:00 AM","June 30, 2026, 12:00 AM",3213002,4Seater,Slab1,5.5,915
pinnacle-Slc,Oakmont Office,Rohan Mikhailov Travel,"June 1, 2026, 12:00 AM","June 30, 2026, 12:00 AM",3251470,4Seater,Slab1,9.79,"1,372.5"
pinnacle-Slc,Willow Bend Campus,Aarav Mikhailov Travel,"June 1, 2026, 12:00 AM","June 30, 2026, 12:00 AM",3193229,DV_Package,null,24.83,"1,318.18"
pinnacle-Slc,Willow Bend Campus,Arjun Mikhailov Travel,"June 1, 2026, 12:00 AM","June 30, 2026, 12:00 AM",3252223,DV_Package,null,10.22,988.63
vanta-Aus,Cedar Ridge Office,Sanjay Mikhailov Travel,"June 1, 2026, 12:00 AM","June 30, 2026, 12:00 AM",1154677,6S-HYD,Medium,0,"1,629"
vanta-Aus,Cedar Ridge Office,Sneha Mikhailov Travel,"June 1, 2026, 12:00 AM","June 30, 2026, 12:00 AM",1164410,6S-HYD,Long,0,"1,800"
vanta-Aus,Cedar Ridge Office,Meera Pavlov Travel,"June 1, 2026, 12:00 AM","June 30, 2026, 12:00 AM",1201784,4S-HYD,XLong,0,"1,543.5"
catalyst-Sac,Santa Clara Office,Divya Mikhailov Travel,"June 1, 2026, 12:00 AM","June 30, 2026, 12:00 AM",1494241,3S_Jan2024_AC,Zone_B,24.7,"1,898.85"
vanta-Aus,Cedar Ridge Office,Sneha Mikhailov Travel,"June 1, 2026, 12:00 AM","June 30, 2026, 12:00 AM",1201080,6S-HYD,Medium,0,"1,629"
vanta-Aus,Cedar Ridge Office,Sneha Mikhailov Travel,"May 1, 2026, 12:00 AM","May 31, 2026, 12:00 AM",1143843,4S-HYD,XLong,0,"1,543.5"
vanta-Aus,Cedar Ridge Office,Anjali Mikhailov Travel,"May 1, 2026, 12:00 AM","May 31, 2026, 12:00 AM",1131491,4S-HYD,Medium,0,"1,140"
vanta-Aus,Cedar Ridge Office,Sneha Mikhailov Travel,"June 1, 2026, 12:00 AM","June 30, 2026, 12:00 AM",1197416,4S-HYD,Medium,0,"1,140"
vanta-Aus,Cedar Ridge Office,Meera Pavlov Travel,"June 1, 2026, 12:00 AM","June 30, 2026, 12:00 AM",1151549,4S-HYD,Medium,0,"1,140"
catalyst-Sac,Santa Clara Office,Vikram Mikhailov Travel,"June 1, 2026, 12:00 AM","June 30, 2026, 12:00 AM",1477902,3S_Jan2024_CNG_AC,Zone_B,17.67,"1,237.5"
catalyst-Sac,Santa Clara Office,Rohan Mikhailov Travel,"June 1, 2026, 12:00 AM","June 30, 2026, 12:00 AM",1486537,3S_Jan2024_CNG_AC,Zone_A,8.51,"1,434.38"
catalyst-Sac,Santa Clara Office,Vikram Mikhailov Travel,"June 1, 2026, 12:00 AM","June 30, 2026, 12:00 AM",1509053,3S_Jan2024_CNG_AC,Zone_B,16.69,"1,856.25"
catalyst-Sac,Fairview Commons,Arjun Mikhailov Travel,"June 1, 2026, 12:00 AM","June 30, 2026, 12:00 AM",1486002,3S_Jan2024_CNG_AC,Zone_C,33,"2,210.63"
orbit-Slc,Lakeside Commons,Anjali Mikhailov Travel,"June 1, 2026, 12:00 AM","June 15, 2026, 12:00 AM",1262674,4SEATER_BTT_2025_EV,0 - 20,17.1,960
orbit-Slc,Lakeside Commons,Anjali Mikhailov Travel,"June 1, 2026, 12:00 AM","June 15, 2026, 12:00 AM",1264763,4SEATER_BTT_2025_EV,0 - 20,12.6,960
orbit-Slc,Cedar Ridge Office,Rahul Mikhailov Travel,"June 1, 2026, 12:00 AM","June 15, 2026, 12:00 AM",1269332,4Seater-LVT-July,0-20,13.19,885
vanta-Aus,Cedar Ridge Office,Meera Pavlov Travel,"June 1, 2026, 12:00 AM","June 30, 2026, 12:00 AM",1177538,6S-HYD,Short,0,"1,227"
pinnacle-Slc,Clearwater Campus,Amit Volkov Travel,"June 1, 2026, 12:00 AM","June 30, 2026, 12:00 AM",3286908,6Seater,Slab1,3.92,"1,140"
pinnacle-Slc,Clearwater Campus,Arjun Mikhailov Travel,"June 1, 2026, 12:00 AM","June 30, 2026, 12:00 AM",3244730,DV_Package,null,0.0095,988.63
pinnacle-Slc,Oakmont Office,Arjun Mikhailov Travel,"June 1, 2026, 12:00 AM","June 30, 2026, 12:00 AM",3180342,4Seater,Slab3,25.6,"1,162.5"
pinnacle-Slc,Willow Bend Campus,Sanjay Mikhailov Travel,"July 1, 2026, 12:00 AM","July 31, 2026, 12:00 AM",3444795,DV_Package,null,1.66,945.66
pinnacle-Slc,Clearwater Campus,Aarav Mikhailov Travel,"July 1, 2026, 12:00 AM","July 31, 2026, 12:00 AM",3389243,4Seater,Slab1,9.1,915
pinnacle-Slc,Oakmont Office,Rahul Morozov Travel,"July 1, 2026, 12:00 AM","July 31, 2026, 12:00 AM",3405985,DV_Package,null,27.16,"1,260.87"
pinnacle-Slc,Clearwater Campus,Aarav Mikhailov Travel,"July 1, 2026, 12:00 AM","July 31, 2026, 12:00 AM",3419923,DV_Package,null,17.25,"1,260.87"
pinnacle-Slc,Willow Bend Campus,Aarav Mikhailov Travel,"July 1, 2026, 12:00 AM","July 31, 2026, 12:00 AM",3390407,4Seater,Slab3,22.72,"1,162.5"
pinnacle-Slc,Clearwater Campus,Rahul Morozov Travel,"July 1, 2026, 12:00 AM","July 31, 2026, 12:00 AM",3400659,4Seater,Slab1,5,915
pinnacle-Slc,Clearwater Campus,Aarav Mikhailov Travel,"July 1, 2026, 12:00 AM","July 31, 2026, 12:00 AM",3483111,4Seater,Slab2,16.38,"1,020"
pinnacle-Slc,Oakmont Office,Aarav Mikhailov Travel,"July 1, 2026, 12:00 AM","July 31, 2026, 12:00 AM",3351279,4Seater,Slab3,28.21,"1,162.5"
pinnacle-Slc,Willow Bend Campus,Rohan Mikhailov Travel,"July 1, 2026, 12:00 AM","July 31, 2026, 12:00 AM",3443970,4Seater,Slab2,19.1,"1,020"
pinnacle-Slc,Oakmont Office,Rahul Mikhailov Travel,"July 1, 2026, 12:00 AM","July 31, 2026, 12:00 AM",3379163,4Seater,Slab1,3.7,"1,372.5"
pinnacle-Slc,Oakmont Office,Aarav Mikhailov Travel,"July 1, 2026, 12:00 AM","July 31, 2026, 12:00 AM",3438397,6Seater,Slab3,23.71,"1,500"
pinnacle-Slc,Oakmont Office,Rohan Mikhailov Travel,"July 1, 2026, 12:00 AM","July 31, 2026, 12:00 AM",3443213,4Seater,Slab2,18.35,"1,020"
pinnacle-Slc,Oakmont Office,Divya Sokolov Travel,"July 1, 2026, 12:00 AM","July 31, 2026, 12:00 AM",3384541,4Seater,Slab2,13.6,"1,020"
pinnacle-Slc,Willow Bend Campus,Rohan Mikhailov Travel,"July 1, 2026, 12:00 AM","July 31, 2026, 12:00 AM",3403921,DV_Package,null,3.5,"1,260.87"
vanta-Aus,Cedar Ridge Office,Anjali Mikhailov Travel,"July 1, 2026, 12:00 AM","July 31, 2026, 12:00 AM",1238950,4S-HYD,Short,0,968.58
vanta-Aus,Cedar Ridge Office,Sanjay Mikhailov Travel,"July 1, 2026, 12:00 AM","July 31, 2026, 12:00 AM",1241871,6S-HYD,Short,0,"1,254.43"
orbit-Slc,Cedar Ridge Office,Anjali Mikhailov Travel,"July 16, 2026, 12:00 AM","July 31, 2026, 12:00 AM",1344614,8SEATER_BTT_2025,21-30,28.7,"1,410"
vanta-Sea,Denver Office,Anjali Mikhailov Travel,"June 1, 2026, 12:00 AM","June 30, 2026, 12:00 AM",4941659,4S-150ORRNEW,Long,0,"1,613.25"
vanta-Sea,Denver Office,Priya Mikhailov Travel,"June 1, 2026, 12:00 AM","June 30, 2026, 12:00 AM",4904196,BUS-ORRNEW-TT,null,0,"1,038.66"
vanta-Sea,Denver Office,Isha Mikhailov Travel,"June 1, 2026, 12:00 AM","June 30, 2026, 12:00 AM",4983402,4S-EV-Z,Short,0,"1,275"
vanta-Sea,Denver Office,Priya Mikhailov Travel,"June 1, 2026, 12:00 AM","June 30, 2026, 12:00 AM",4981084,4S-EV-Z,Long,0,"1,275"
vanta-Sea,Denver Office,Sanjay Mikhailov Travel,"June 1, 2026, 12:00 AM","June 30, 2026, 12:00 AM",4958880,4S-150ORRNEW,Long,0,"1,613.25"
vanta-Sea,Denver Office,Priya Mikhailov Travel,"June 1, 2026, 12:00 AM","June 30, 2026, 12:00 AM",4938873,6S-150ORRNEW,Short,0,"1,390.34"
vanta-Sea,Denver Office,Priya Mikhailov Travel,"May 1, 2026, 12:00 AM","May 31, 2026, 12:00 AM",4843493,6S-150ORRNEW,Long,0,"2,116.01"
vanta-Sea,Denver Office,Priya Mikhailov Travel,"May 1, 2026, 12:00 AM","May 31, 2026, 12:00 AM",4828110,6S-EV-HTK,Long,28.1,"1,875"
vanta-Sea,Denver Office,Isha Mikhailov Travel,"June 1, 2026, 12:00 AM","June 30, 2026, 12:00 AM",4978965,4S-EV-Z,Medium,0,"1,275"
vanta-Sea,Denver Office,Aarav Mikhailov Travel,"June 1, 2026, 12:00 AM","June 30, 2026, 12:00 AM",4903738,4S-150ORRNEW,Medium,0,"1,365.5"
vanta-Sea,Denver Office,Rohan Mikhailov Travel,"May 1, 2026, 12:00 AM","May 31, 2026, 12:00 AM",4882233,BUS-ORRNEW-TT,null,0,"2,301.91"
vanta-Sea,Denver Office,Sanjay Mikhailov Travel,"May 1, 2026, 12:00 AM","May 31, 2026, 12:00 AM",4857680,4S-150ORRNEW,Long,0,"1,613.25"
vanta-Sea,Denver Office,Aarav Mikhailov Travel,"May 1, 2026, 12:00 AM","May 31, 2026, 12:00 AM",4848741,4S-EV-Z,Short,0,"1,275"
vanta-Sea,Denver Office,Aarav Petrov Travel,"May 1, 2026, 12:00 AM","May 31, 2026, 12:00 AM",4858154,4S-150ORRNEW,Long,0,"1,613.25"
vanta-Sea,Denver Office,Aarav Mikhailov Travel,"May 1, 2026, 12:00 AM","May 31, 2026, 12:00 AM",4844666,4S-150ORRNEW,Medium,0,"1,365.5"
vanta-Sea,Denver Office,Sanjay Mikhailov Travel,"May 1, 2026, 12:00 AM","May 31, 2026, 12:00 AM",4878669,4S-150ORRNEW,Short,0,"1,057.75"
vanta-Sea,Denver Office,Aarav Mikhailov Travel,"May 1, 2026, 12:00 AM","May 31, 2026, 12:00 AM",4893995,4S-EV-Z,Long,0,"1,275"
vanta-Sea,Denver Office,Priya Mikhailov Travel,"June 1, 2026, 12:00 AM","June 30, 2026, 12:00 AM",4918038,4S-EV-Z,Medium,0,"1,275"
vanta-Sea,Denver Office,Isha Mikhailov Travel,"June 1, 2026, 12:00 AM","June 30, 2026, 12:00 AM",4957685,4S-150ORRNEW,Long,0,"1,613.25"
vanta-Sea,Denver Office,Priya Mikhailov Travel,"May 1, 2026, 12:00 AM","May 31, 2026, 12:00 AM",4884062,6S-150ORRNEW,Medium,0,"1,798.17"
vanta-Sea,Denver Office,Priya Mikhailov Travel,"May 1, 2026, 12:00 AM","May 31, 2026, 12:00 AM",4862146,4S-150ORRNEW,Medium,0,"1,365.5"
vanta-Sea,Denver Office,Isha Mikhailov Travel,"May 1, 2026, 12:00 AM","May 31, 2026, 12:00 AM",4860033,BUS-ORRNEW-SML,null,0,"3,324.66"
vanta-Sea,Denver Office,Priya Mikhailov Travel,"May 1, 2026, 12:00 AM","May 31, 2026, 12:00 AM",4830889,4S-EV-Z,Long,0,"1,275"
vanta-Sea,Denver Office,Sanjay Mikhailov Travel,"June 1, 2026, 12:00 AM","June 30, 2026, 12:00 AM",4996581,6S-150ORRNEW,Medium,0,"1,798.17"
vanta-Sea,Denver Office,Anjali Mikhailov Travel,"June 1, 2026, 12:00 AM","June 30, 2026, 12:00 AM",4923732,6S-EV-HTK,Medium,12.2,"1,875"
vanta-Sea,Denver Office,Sanjay Mikhailov Travel,"May 1, 2026, 12:00 AM","May 31, 2026, 12:00 AM",4898000,BUS-ORRNEW-TT,null,0,"3,089.31"
vanta-Sea,Denver Office,Aarav Mikhailov Travel,"June 1, 2026, 12:00 AM","June 30, 2026, 12:00 AM",4904620,6S-150ORRNEW,Short,0,"1,390.34"
vanta-Sea,Denver Office,Anjali Mikhailov Travel,"June 1, 2026, 12:00 AM","June 30, 2026, 12:00 AM",4948096,BUS-ORRNEW-TT,null,0,"2,047.32"
vanta-Sea,Denver Office,Aarav Petrov Travel,"May 1, 2026, 12:00 AM","May 31, 2026, 12:00 AM",4855218,4S-150ORRNEW,Long,0,"1,613.25"
vanta-Sea,Denver Office,Aarav Petrov Travel,"June 1, 2026, 12:00 AM","June 30, 2026, 12:00 AM",4992446,4S-150ORRNEW,Long,0,"1,613.25"
vanta-Sea,Denver Office,Sanjay Mikhailov Travel,"May 1, 2026, 12:00 AM","May 31, 2026, 12:00 AM",4816267,4S-EV-Z,Medium,0,"1,275"
vanta-Sea,Denver Office,Priya Mikhailov Travel,"June 1, 2026, 12:00 AM","June 30, 2026, 12:00 AM",4946676,6S-150ORRNEW,Medium,0,"1,798.17"
vanta-Sea,Denver Office,Priya Mikhailov Travel,"May 1, 2026, 12:00 AM","May 31, 2026, 12:00 AM",4821251,4S-150ORRNEW,Medium,0,"1,365.5"
vanta-Sea,Denver Office,Priya Mikhailov Travel,"May 1, 2026, 12:00 AM","May 31, 2026, 12:00 AM",4869222,4S-150ORRNEW,Long,0,"1,613.25"
vanta-Sea,Denver Office,Aarav Mikhailov Travel,"May 1, 2026, 12:00 AM","May 31, 2026, 12:00 AM",4845205,4S-150ORRNEW,Medium,0,"1,365.5"
vanta-Sea,Denver Office,Anjali Mikhailov Travel,"June 1, 2026, 12:00 AM","June 30, 2026, 12:00 AM",4912230,4S-150ORRNEW,Medium,0,"1,365.5"
vanta-Sea,Denver Office,Priya Mikhailov Travel,"June 1, 2026, 12:00 AM","June 30, 2026, 12:00 AM",4951909,4S-150ORRNEW,Medium,0,"1,365.5"
vanta-Sea,Denver Office,Aarav Mikhailov Travel,"June 1, 2026, 12:00 AM","June 30, 2026, 12:00 AM",4940984,BUS-ORRNEW-TT,null,0,"2,679.75"
vanta-Sea,Denver Office,Priya Mikhailov Travel,"May 1, 2026, 12:00 AM","May 31, 2026, 12:00 AM",4866417,BUS-ORRNEW-TT,null,0,"2,525.52"
vanta-Sea,Denver Office,Isha Mikhailov Travel,"May 1, 2026, 12:00 AM","May 31, 2026, 12:00 AM",4861903,4S-150ORRNEW,Short,0,"1,057.75"
vanta-Sea,Denver Office,Sanjay Mikhailov Travel,"June 1, 2026, 12:00 AM","June 30, 2026, 12:00 AM",4913854,6S-150ORRNEW,Medium,0,"1,798.17"
vanta-Sea,Denver Office,Sanjay Mikhailov Travel,"May 1, 2026, 12:00 AM","May 31, 2026, 12:00 AM",4872007,4S-EV-Z,Long,0,"1,275"
vanta-Sea,Denver Office,Aarav Petrov Travel,"May 1, 2026, 12:00 AM","May 31, 2026, 12:00 AM",4852328,4S-EV-Z,Medium,0,"1,275"
vanta-Sea,Denver Office,Aarav Mikhailov Travel,"July 1, 2026, 12:00 AM","July 31, 2026, 12:00 AM",5027787,6S-150ORRNEW,Medium,0,"1,850.24"
vanta-Sea,Denver Office,Anjali Mikhailov Travel,"July 1, 2026, 12:00 AM","July 31, 2026, 12:00 AM",5050936,4S-150ORRNEW,Long,0,"1,671.82"
vanta-Sea,Denver Office,Sanjay Mikhailov Travel,"July 1, 2026, 12:00 AM","July 31, 2026, 12:00 AM",5033039,BUS-ORRNEW-SML,null,0,"2,328.01"
vanta-Sea,Denver Office,Aarav Mikhailov Travel,"July 1, 2026, 12:00 AM","July 31, 2026, 12:00 AM",5047691,BUS-ORRNEW-SML,null,0,"2,208.01"
vanta-Sea,Denver Office,Isha Mikhailov Travel,"July 1, 2026, 12:00 AM","July 31, 2026, 12:00 AM",5032614,4S-150ORRNEW,null,34.01,0
vanta-Sea,Denver Office,Isha Mikhailov Travel,"July 1, 2026, 12:00 AM","July 31, 2026, 12:00 AM",5085870,4S-150ORRNEW,Long,0,"1,671.82"
vanta-Sea,Denver Office,Aarav Mikhailov Travel,"July 1, 2026, 12:00 AM","July 31, 2026, 12:00 AM",5067012,6S-150ORRNEW,Medium,0,"1,850.24"
vanta-Sea,Denver Office,Priya Mikhailov Travel,"July 1, 2026, 12:00 AM","July 31, 2026, 12:00 AM",5053193,4S-EV-Z,Medium,0,"1,275"
vanta-Sea,Denver Office,Priya Mikhailov Travel,"July 1, 2026, 12:00 AM","July 31, 2026, 12:00 AM",5028294,4S-150ORRNEW,Medium,0,"1,404.56"
vanta-Sea,Denver Office,Rohan Mikhailov Travel,"July 1, 2026, 12:00 AM","July 31, 2026, 12:00 AM",5067915,BUS-ORRNEW-TT,null,0,"2,075.32"
vanta-Sea,Denver Office,Isha Mikhailov Travel,"July 1, 2026, 12:00 AM","July 31, 2026, 12:00 AM",5100195,6S-150ORRNEW,Short,0,"1,416.36"
vanta-Sea,Pinecrest Office,Meera Lebedev Travel,"July 1, 2026, 12:00 AM","July 31, 2026, 12:00 AM",5074052,6S-PREMIUMNEW,null,8.1,"2,901.13"
vanta-Sea,Denver Office,Isha Mikhailov Travel,"July 1, 2026, 12:00 AM","July 31, 2026, 12:00 AM",5081184,6S-150ORRNEW,Medium,0,"1,850.24"
vanta-Sea,Denver Office,Sanjay Mikhailov Travel,"July 1, 2026, 12:00 AM","July 31, 2026, 12:00 AM",5022636,6S-150ORRNEW,Long,0,"2,194.1"
vanta-Sea,Denver Office,Aarav Petrov Travel,"July 1, 2026, 12:00 AM","July 31, 2026, 12:00 AM",5056650,4S-EV-Z,Medium,0,"1,275"
vanta-Sea,Denver Office,Anjali Mikhailov Travel,"July 1, 2026, 12:00 AM","July 31, 2026, 12:00 AM",5081778,6S-150ORRNEW,Long,0,"2,194.1"
vanta-Sea,Denver Office,Priya Mikhailov Travel,"July 1, 2026, 12:00 AM","July 31, 2026, 12:00 AM",5076281,BUS-ORRNEW-SML,null,0,"2,328.01"
vanta-Sea,Denver Office,Isha Mikhailov Travel,"July 1, 2026, 12:00 AM","July 31, 2026, 12:00 AM",5024549,6S-150ORRNEW,Medium,0,"1,850.24"
vanta-Sea,Denver Office,Priya Mikhailov Travel,"July 1, 2026, 12:00 AM","July 31, 2026, 12:00 AM",5061610,4S-150ORRNEW,Long,0,"1,671.82"
vanta-Sea,Denver Office,Aarav Mikhailov Travel,"July 1, 2026, 12:00 AM","July 31, 2026, 12:00 AM",5002989,6S-150ORRNEW,Long,0,"2,194.1"
vanta-Sea,Denver Office,Aarav Petrov Travel,"July 1, 2026, 12:00 AM","July 31, 2026, 12:00 AM",5058179,4S-150ORRNEW,Long,0,"1,671.82"
vanta-Sea,Denver Office,Anjali Mikhailov Travel,"July 1, 2026, 12:00 AM","July 31, 2026, 12:00 AM",5077034,6S-150ORRNEW,Long,0,"2,194.1"
vanta-Sea,Denver Office,Anjali Mikhailov Travel,"July 1, 2026, 12:00 AM","July 31, 2026, 12:00 AM",5016696,4S-150ORRNEW,Medium,0,"1,404.56"
pinnacle-Slc,Oakmont Office,Rohan Mikhailov Travel,"May 1, 2026, 12:00 AM","May 31, 2026, 12:00 AM",3169379,4Seater,Slab1,6.5,915
pinnacle-Slc,Clearwater Campus,Rohan Mikhailov Travel,"May 1, 2026, 12:00 AM","May 31, 2026, 12:00 AM",3101260,DV_Package,null,15.18,"1,526.31"
pinnacle-Slc,Clearwater Campus,Rahul Orlov Travel,"May 1, 2026, 12:00 AM","May 31, 2026, 12:00 AM",3094993,DV_Package,null,14.04,"1,144.74"
pinnacle-Slc,Willow Bend Campus,Amit Mikhailov Travel,"May 1, 2026, 12:00 AM","May 31, 2026, 12:00 AM",3137984,4Seater,Slab1,5.6,915
pinnacle-Slc,Oakmont Office,Sanjay Mikhailov Travel,"May 1, 2026, 12:00 AM","May 31, 2026, 12:00 AM",3113964,4Seater,Slab1,9.9,"1,372.5"
pinnacle-Slc,Willow Bend Campus,Karan Mikhailov Travel,"May 1, 2026, 12:00 AM","May 31, 2026, 12:00 AM",3147328,4Seater,Slab3,28.13,"1,162.5"
pinnacle-Slc,Willow Bend Campus,Amit Mikhailov Travel,"May 1, 2026, 12:00 AM","May 31, 2026, 12:00 AM",3103665,4Seater,Slab2,18.79,"1,020"
pinnacle-Slc,Clearwater Campus,Pooja Mikhailov Travel,"May 1, 2026, 12:00 AM","May 31, 2026, 12:00 AM",3152344,4Seater,Slab3,24.46,"1,162.5"
pinnacle-Slc,Oakmont Office,Rahul Mikhailov Travel,"May 1, 2026, 12:00 AM","May 31, 2026, 12:00 AM",3087283,4Seater,Slab1,10,915
pinnacle-Slc,Clearwater Campus,Rohan Mikhailov Travel,"May 1, 2026, 12:00 AM","May 31, 2026, 12:00 AM",3116541,4Seater,Slab3,23.71,"1,162.5"
pinnacle-Slc,Oakmont Office,Amit Mikhailov Travel,"May 1, 2026, 12:00 AM","May 31, 2026, 12:00 AM",3136999,DV_Package,null,32.6,"1,526.31"
pinnacle-Slc,Willow Bend Campus,Rahul Mikhailov Travel,"May 1, 2026, 12:00 AM","May 31, 2026, 12:00 AM",3072729,4Seater,Slab1,4.73,915
pinnacle-Slc,Clearwater Campus,Sanjay Mikhailov Travel,"May 1, 2026, 12:00 AM","May 31, 2026, 12:00 AM",3082269,4Seater,Slab2,15.26,"1,020"
pinnacle-Slc,Clearwater Campus,Amit Mikhailov Travel,"May 1, 2026, 12:00 AM","May 31, 2026, 12:00 AM",3082023,4Seater,Slab1,7.3,915
pinnacle-Slc,Clearwater Campus,Sanjay Mikhailov Travel,"June 1, 2026, 12:00 AM","June 30, 2026, 12:00 AM",3231947,DV_Package,null,28.64,"1,318.18"
pinnacle-Slc,Clearwater Campus,Rohan Mikhailov Travel,"June 1, 2026, 12:00 AM","June 30, 2026, 12:00 AM",3216085,4Seater,Slab2,11.6,"1,020"
pinnacle-Slc,Oakmont Office,Rohan Mikhailov Travel,"June 1, 2026, 12:00 AM","June 30, 2026, 12:00 AM",3242934,4Seater,Slab2,16.7,"1,020"
pinnacle-Slc,Clearwater Campus,Amit Mikhailov Travel,"June 1, 2026, 12:00 AM","June 30, 2026, 12:00 AM",3289449,DV_Package,null,21.5,"1,318.18"
pinnacle-Slc,Clearwater Campus,Rahul Mikhailov Travel,"June 1, 2026, 12:00 AM","June 30, 2026, 12:00 AM",3270316,4Seater,Slab3,22.77,"1,162.5"
pinnacle-Slc,Clearwater Campus,Karan Mikhailov Travel,"June 1, 2026, 12:00 AM","June 30, 2026, 12:00 AM",3245639,4Seater,Slab2,18.21,"1,020"
catalyst-Sac,Santa Clara Office,Vikram Mikhailov Travel,"July 1, 2026, 12:00 AM","July 31, 2026, 12:00 AM",1533107,5S_Jan2024_CNG_AC,Zone_B,18.8,"1,539"
catalyst-Sac,Santa Clara Office,Rohan Mikhailov Travel,"July 1, 2026, 12:00 AM","July 31, 2026, 12:00 AM",1556346,5S_Jan2024_CNG_AC,Zone_A,14,"1,203"
catalyst-Sac,Crestwood Campus,Divya Mikhailov Travel,"July 1, 2026, 12:00 AM","July 31, 2026, 12:00 AM",1537195,3S_Jan2024_CNG_AC,Zone_C,39.1,"1,485"
vanta-Aus,Cedar Ridge Office,Sneha Mikhailov Travel,"July 1, 2026, 12:00 AM","July 31, 2026, 12:00 AM",1204295,4S-HYD,Long,0,"1,416.22"
catalyst-Sac,Fairview Commons,Arjun Mikhailov Travel,"July 1, 2026, 12:00 AM","July 31, 2026, 12:00 AM",1554363,3S_Jan2024_CNG_AC,Zone_B,20.4,"1,867.5"
catalyst-Sac,Santa Clara Office,Vikram Mikhailov Travel,"July 1, 2026, 12:00 AM","July 31, 2026, 12:00 AM",1520869,3S_Jan2024_CNG_AC,Zone_A,5.7,"1,440"
catalyst-Sac,Redwood City Center,Amit Mikhailov Travel,"July 1, 2026, 12:00 AM","July 31, 2026, 12:00 AM",1554096,3S_Jan2024_CNG_AC,Zone_C,35.23,"1,485"
vanta-Aus,Cedar Ridge Office,Anjali Mikhailov Travel,"July 1, 2026, 12:00 AM","July 31, 2026, 12:00 AM",1255091,6S-HYD,Long,0,"1,882.3"
catalyst-Sac,Fairview Commons,Arjun Mikhailov Travel,"July 1, 2026, 12:00 AM","July 31, 2026, 12:00 AM",1529049,3S_Jan2024_CNG_AC,Zone_C,28.2,"2,227.5"
catalyst-Sac,Santa Clara Office,Vikram Mikhailov Travel,"July 1, 2026, 12:00 AM","July 31, 2026, 12:00 AM",1549195,3S_Jan2024_CNG_AC,Zone_B,16.12,"1,867.5"
orbit-Slc,Lakeside Commons,Rahul Mikhailov Travel,"June 16, 2026, 12:00 AM","June 30, 2026, 12:00 AM",1282346,8Seater-LVT-July,0-20,19.6,"1,200"
catalyst-Sac,Crestwood Campus,Vikram Mikhailov Travel,"July 1, 2026, 12:00 AM","July 31, 2026, 12:00 AM",1534548,3S_Jan2024_CNG_AC,Zone_B,25.5,"1,245"
catalyst-Sac,Santa Clara Office,Vikram Mikhailov Travel,"July 1, 2026, 12:00 AM","July 31, 2026, 12:00 AM",1540443,3S_Jan2024_CNG_AC,Zone_B,18.9,"1,245"
vanta-Aus,Cedar Ridge Office,Meera Pavlov Travel,"July 1, 2026, 12:00 AM","July 31, 2026, 12:00 AM",1225403,4S-EV-Z,Short,0,"1,200"
orbit-Slc,Eastgate Office,Rohan Mikhailov Travel,"July 1, 2026, 12:00 AM","July 15, 2026, 12:00 AM",1333448,NPT_4_SEATER,Slab1,30.57,"1,170"
catalyst-Sac,Crestwood Campus,Rohan Mikhailov Travel,"July 1, 2026, 12:00 AM","July 31, 2026, 12:00 AM",1541218,3S_Jan2024_CNG_AC,Zone_B,23.7,"1,867.5"
orbit-Slc,Eastgate Office,Rohan Mikhailov Travel,"July 1, 2026, 12:00 AM","July 15, 2026, 12:00 AM",1334466,NPT_12_SEATER,NA,13.2,"2,506.5"
vanta-Aus,Cedar Ridge Office,Sneha Mikhailov Travel,"July 1, 2026, 12:00 AM","July 31, 2026, 12:00 AM",1220250,6S-HYD,Long,0,"1,882.3"
orbit-Slc,Eastgate Office,Rohan Mikhailov Travel,"July 1, 2026, 12:00 AM","July 15, 2026, 12:00 AM",1326089,NPT_4_SEATER,Slab1,3.5,"1,873.5"
orbit-Slc,Eastgate Office,Rohan Mikhailov Travel,"July 1, 2026, 12:00 AM","July 15, 2026, 12:00 AM",1328670,NPT_4_SEATER,Slab1,23.63,"1,170"
catalyst-Sac,Redwood City Center,Priya Mikhailov Travel,"July 1, 2026, 12:00 AM","July 31, 2026, 12:00 AM",1535971,3S_Jan2024_CNG_AC,Zone_B,20,"1,867.5"
vanta-Aus,Cedar Ridge Office,Meera Pavlov Travel,"July 1, 2026, 12:00 AM","July 31, 2026, 12:00 AM",1258532,6S-EV-HTK,Short,0,"1,875"
pinnacle-Slc,Clearwater Campus,Karan Mikhailov Travel,"July 1, 2026, 12:00 AM","July 31, 2026, 12:00 AM",3329239,4Seater,Slab1,7.12,915
pinnacle-Slc,Clearwater Campus,Amit Volkov Travel,"July 1, 2026, 12:00 AM","July 31, 2026, 12:00 AM",3373660,DV_Package,null,11.05,"1,260.87"
pinnacle-Slc,Willow Bend Campus,Amit Volkov Travel,"July 1, 2026, 12:00 AM","July 31, 2026, 12:00 AM",3344484,6Seater,Slab1,10.4,"1,140"
pinnacle-Slc,Oakmont Office,Rohan Mikhailov Travel,"July 1, 2026, 12:00 AM","July 31, 2026, 12:00 AM",3442955,4Seater,Slab1,9.4,915
pinnacle-Slc,Clearwater Campus,Karan Mikhailov Travel,"July 1, 2026, 12:00 AM","July 31, 2026, 12:00 AM",3368196,DV_Package,null,25.3,"1,260.87"
pinnacle-Slc,Clearwater Campus,Karan Mikhailov Travel,"July 1, 2026, 12:00 AM","July 31, 2026, 12:00 AM",3338497,4Seater,Slab2,13.31,"1,020"
pinnacle-Slc,Willow Bend Campus,Amit Mikhailov Travel,"July 1, 2026, 12:00 AM","July 31, 2026, 12:00 AM",3363769,DV_Package,null,14.3,"1,260.87"
pinnacle-Slc,Oakmont Office,Amit Volkov Travel,"July 1, 2026, 12:00 AM","July 31, 2026, 12:00 AM",3343955,4Seater,Slab1,5.6,915
pinnacle-Slc,Clearwater Campus,Aarav Mikhailov Travel,"July 1, 2026, 12:00 AM","July 31, 2026, 12:00 AM",3338024,6Seater,Slab3,27.05,"1,500"
pinnacle-Slc,Clearwater Campus,Divya Mikhailov Travel,"July 1, 2026, 12:00 AM","July 31, 2026, 12:00 AM",3407032,4Seater,Slab1,8.5,915
pinnacle-Slc,Clearwater Campus,Rahul Morozov Travel,"July 1, 2026, 12:00 AM","July 31, 2026, 12:00 AM",3407309,4Seater,Slab1,5.32,915
pinnacle-Slc,Northgate Campus,Sanjay Mikhailov Travel,"July 1, 2026, 12:00 AM","July 31, 2026, 12:00 AM",3455106,Contract_12S_Trip,0 to 10 kms,8.4,"1,515"
pinnacle-Slc,Clearwater Campus,Rahul Morozov Travel,"July 1, 2026, 12:00 AM","July 31, 2026, 12:00 AM",3353769,DV_Package,null,25.54,"1,260.87"
pinnacle-Slc,Oakmont Office,Rohan Mikhailov Travel,"July 1, 2026, 12:00 AM","July 31, 2026, 12:00 AM",3449959,4Seater,Slab1,7.76,915
pinnacle-Slc,Clearwater Campus,Rohan Mikhailov Travel,"July 1, 2026, 12:00 AM","July 31, 2026, 12:00 AM",3468595,4Seater,Slab1,10.4,915
pinnacle-Slc,Willow Bend Campus,Arjun Mikhailov Travel,"July 1, 2026, 12:00 AM","July 31, 2026, 12:00 AM",3479020,4Seater,Slab2,12.15,"1,020"
pinnacle-Slc,Willow Bend Campus,Sanjay Mikhailov Travel,"July 1, 2026, 12:00 AM","July 31, 2026, 12:00 AM",3425446,4Seater,Slab2,11.2,"1,020"
vanta-Aus,Cedar Ridge Office,Sneha Mikhailov Travel,"May 1, 2026, 12:00 AM","May 31, 2026, 12:00 AM",1111804,4S-EV-Z,Medium,0,"1,200"
vanta-Aus,Cedar Ridge Office,Sanjay Mikhailov Travel,"May 1, 2026, 12:00 AM","May 31, 2026, 12:00 AM",1115236,4S-EV-Z,Medium,0,"1,200"
vanta-Aus,Cedar Ridge Office,Sneha Mikhailov Travel,"May 1, 2026, 12:00 AM","May 31, 2026, 12:00 AM",1129635,4S-HYD,Short,0,948
vanta-Aus,Cedar Ridge Office,Sneha Mikhailov Travel,"May 1, 2026, 12:00 AM","May 31, 2026, 12:00 AM",1117038,6S-HYD,Medium,0,"1,629"
vanta-Aus,Cedar Ridge Office,Priya Mikhailov Travel,"May 1, 2026, 12:00 AM","May 31, 2026, 12:00 AM",1134943,6S-HYD,Short,0,"1,227"
catalyst-Sac,Santa Clara Office,Vikram Mikhailov Travel,"May 1, 2026, 12:00 AM","May 31, 2026, 12:00 AM",1446000,3S_Jan2024_CNG_AC,Zone_A,4.8,"1,420.32"
catalyst-Sac,Fairview Commons,Sanjay Mikhailov Travel,"May 1, 2026, 12:00 AM","May 31, 2026, 12:00 AM",1459191,3S_Jan2024_CNG_AC,Zone_B,21.9,"1,828.13"
vanta-Aus,Cedar Ridge Office,Anjali Mikhailov Travel,"May 1, 2026, 12:00 AM","May 31, 2026, 12:00 AM",1100508,6S-HYD,Short,0,"1,227"
vanta-Aus,Cedar Ridge Office,Meera Pavlov Travel,"May 1, 2026, 12:00 AM","May 31, 2026, 12:00 AM",1100718,4S-HYD,Medium,0,"1,140"
orbit-Slc,Eastgate Office,Rohan Mikhailov Travel,"May 1, 2026, 12:00 AM","May 15, 2026, 12:00 AM",1227992,NPT_4_SEATER,Slab1,31.13,"1,170"
catalyst-Sac,Santa Clara Office,Rohan Mikhailov Travel,"May 1, 2026, 12:00 AM","May 31, 2026, 12:00 AM",1443300,3S_Jan2024_CNG_AC,Zone_B,23.9,"1,218.75"
catalyst-Sac,Santa Clara Office,Vikram Mikhailov Travel,"May 1, 2026, 12:00 AM","May 31, 2026, 12:00 AM",1467495,3S_Jan2024_CNG_AC,Zone_B,21.2,"1,828.13"
catalyst-Sac,Santa Clara Office,Divya Mikhailov Travel,"May 1, 2026, 12:00 AM","May 31, 2026, 12:00 AM",1444661,3S_Jan2024_CNG_AC,Zone_B,21.9,"1,828.13"
orbit-Slc,Eastgate Office,Rohan Mikhailov Travel,"May 1, 2026, 12:00 AM","May 15, 2026, 12:00 AM",1220250,NPT_4_SEATER,Slab1,13.1,"1,170"
catalyst-Sac,Santa Clara Office,Vikram Mikhailov Travel,"May 1, 2026, 12:00 AM","May 31, 2026, 12:00 AM",1456484,3S_Jan2024_CNG_AC,Zone_B,20.9,"1,218.75"
orbit-Slc,Eastgate Office,Rohan Mikhailov Travel,"May 16, 2026, 12:00 AM","May 31, 2026, 12:00 AM",1247616,NPT_8_SEATER,NA,31.93,"1,506"
orbit-Slc,Eastgate Office,Rohan Mikhailov Travel,"May 16, 2026, 12:00 AM","May 31, 2026, 12:00 AM",1248764,NPT_8_SEATER,NA,25.93,"1,506"
orbit-Slc,Cedar Ridge Office,Anjali Mikhailov Travel,"May 16, 2026, 12:00 AM","May 31, 2026, 12:00 AM",1238950,4SEATER_BTT_2025,0-20,5.1,960
orbit-Slc,Lakeside Commons,Anjali Mikhailov Travel,"May 16, 2026, 12:00 AM","May 31, 2026, 12:00 AM",1238087,8SEATER_BTT_2025,31-above,31.1,"2,340"
vanta-Aus,Cedar Ridge Office,Meera Pavlov Travel,"June 1, 2026, 12:00 AM","June 30, 2026, 12:00 AM",1198594,4S-HYD,Medium,0,"1,140"
pinnacle-Slc,Willow Bend Campus,Rohan Mikhailov Travel,"June 1, 2026, 12:00 AM","June 30, 2026, 12:00 AM",3249587,4Seater,Slab2,13.03,"1,020"
pinnacle-Slc,Willow Bend Campus,Pooja Mikhailov Travel,"June 1, 2026, 12:00 AM","June 30, 2026, 12:00 AM",3308376,DV_Package,null,9.55,"1,318.18"
pinnacle-Slc,Oakmont Office,Aarav Mikhailov Travel,"June 1, 2026, 12:00 AM","June 30, 2026, 12:00 AM",3302294,4Seater,Slab1,2.2,"1,372.5"
pinnacle-Slc,Oakmont Office,Rohan Mikhailov Travel,"June 1, 2026, 12:00 AM","June 30, 2026, 12:00 AM",3243401,4Seater,Slab2,13.55,"1,020"
pinnacle-Slc,Willow Bend Campus,Pooja Mikhailov Travel,"June 1, 2026, 12:00 AM","June 30, 2026, 12:00 AM",3295081,4Seater,Slab1,3.7,915
pinnacle-Slc,Willow Bend Campus,Rahul Morozov Travel,"June 1, 2026, 12:00 AM","June 30, 2026, 12:00 AM",3181429,DV_Package,null,17.63,"1,318.18"
pinnacle-Slc,Willow Bend Campus,Amit Mikhailov Travel,"June 1, 2026, 12:00 AM","June 30, 2026, 12:00 AM",3323481,4Seater,Slab3,22.66,"1,162.5"
pinnacle-Slc,Oakmont Office,Rohan Mikhailov Travel,"June 1, 2026, 12:00 AM","June 30, 2026, 12:00 AM",3250529,DV_Package,null,6.15,"1,318.18"
pinnacle-Slc,Clearwater Campus,Divya Kozlov Travel,"June 1, 2026, 12:00 AM","June 30, 2026, 12:00 AM",3303866,6Seater,Slab1,6.9,"1,140"
pinnacle-Slc,Clearwater Campus,Karan Mikhailov Travel,"June 1, 2026, 12:00 AM","June 30, 2026, 12:00 AM",3287355,DV_Package,null,13.83,"1,318.18"
pinnacle-Slc,Clearwater Campus,Amit Mikhailov Travel,"June 1, 2026, 12:00 AM","June 30, 2026, 12:00 AM",3224788,4Seater,Slab1,3.4,915
pinnacle-Slc,Clearwater Campus,Rohan Mikhailov Travel,"June 1, 2026, 12:00 AM","June 30, 2026, 12:00 AM",3283204,6Seater,Slab1,3.8,"1,140"
pinnacle-Slc,Clearwater Campus,Rahul Morozov Travel,"June 1, 2026, 12:00 AM","June 30, 2026, 12:00 AM",3205820,DV_Package,null,1.7,988.63
pinnacle-Slc,Oakmont Office,Sanjay Mikhailov Travel,"June 1, 2026, 12:00 AM","June 30, 2026, 12:00 AM",3200219,4Seater,Slab2,16.12,"1,020"
pinnacle-Slc,Oakmont Office,Divya Sokolov Travel,"June 1, 2026, 12:00 AM","June 30, 2026, 12:00 AM",3325493,4Seater,Slab1,8.63,915
pinnacle-Slc,Clearwater Campus,Karan Mikhailov Travel,"June 1, 2026, 12:00 AM","June 30, 2026, 12:00 AM",3238300,4Seater,Slab2,15.51,"1,020"
pinnacle-Slc,Clearwater Campus,Karan Mikhailov Travel,"June 1, 2026, 12:00 AM","June 30, 2026, 12:00 AM",3238554,6Seater,Slab2,17.16,"1,297.5"
pinnacle-Slc,Willow Bend Campus,Amit Volkov Travel,"June 1, 2026, 12:00 AM","June 30, 2026, 12:00 AM",3190285,4Seater,Slab3,21.75,"1,162.5"
orbit-Slc,Lakeside Commons,Rahul Mikhailov Travel,"May 16, 2026, 12:00 AM","May 31, 2026, 12:00 AM",1241871,12SEATER_LVT,31-50,31.62,"2,265"
vanta-Aus,Cedar Ridge Office,Sanjay Mikhailov Travel,"June 1, 2026, 12:00 AM","June 30, 2026, 12:00 AM",1178862,4S-HYD,Medium,0,"1,140"
vanta-Aus,Cedar Ridge Office,Anjali Mikhailov Travel,"June 1, 2026, 12:00 AM","June 30, 2026, 12:00 AM",1168847,6S-HYD,Long,0,"1,800"
catalyst-Sac,Fairview Commons,Arjun Mikhailov Travel,"June 1, 2026, 12:00 AM","June 30, 2026, 12:00 AM",1516172,5S_Jan2024_CNG_AC,Zone_A,9.88,"1,198.5"
vanta-Aus,Cedar Ridge Office,Sanjay Mikhailov Travel,"June 1, 2026, 12:00 AM","June 30, 2026, 12:00 AM",1203346,6S-HYD,Short,0,"1,227"
vanta-Aus,Cedar Ridge Office,Sneha Mikhailov Travel,"May 1, 2026, 12:00 AM","May 31, 2026, 12:00 AM",1143256,6S-EV-HTK,Medium,0,"1,875"
catalyst-Sac,Santa Clara Office,Vikram Mikhailov Travel,"June 1, 2026, 12:00 AM","June 30, 2026, 12:00 AM",1506471,3S_Jan2024_AC,Zone_C,42.3,"2,230.32"
vanta-Aus,Cedar Ridge Office,Sneha Mikhailov Travel,"June 1, 2026, 12:00 AM","June 30, 2026, 12:00 AM",1195511,4S-HYD,Long,0,"1,354.5"
vanta-Aus,Cedar Ridge Office,Anjali Mikhailov Travel,"June 1, 2026, 12:00 AM","June 30, 2026, 12:00 AM",1199942,4S-HYD,Long,0,"1,354.5"
catalyst-Sac,Santa Clara Office,Vikram Mikhailov Travel,"June 1, 2026, 12:00 AM","June 30, 2026, 12:00 AM",1486933,3S_Jan2024_CNG_AC,Zone_A,10.6,"1,434.38"
catalyst-Sac,Santa Clara Office,Vikram Mikhailov Travel,"June 1, 2026, 12:00 AM","June 30, 2026, 12:00 AM",1489992,3S_Jan2024_CNG_AC,Zone_B,14,"1,237.5"
catalyst-Sac,Oakmont Office,Amit Mikhailov Travel,"June 1, 2026, 12:00 AM","June 30, 2026, 12:00 AM",1490946,3S_Jan2024_CNG_AC,Zone_A,7.6,"1,434.38"
orbit-Slc,Cedar Ridge Office,Rahul Mikhailov Travel,"June 1, 2026, 12:00 AM","June 15, 2026, 12:00 AM",1268498,4Seater-LVT-July,21-30,22.2,"1,072.5"
orbit-Slc,Eastgate Office,Rohan Mikhailov Travel,"June 1, 2026, 12:00 AM","June 15, 2026, 12:00 AM",1255091,NPT_4_SEATER,Slab1,12.5,"1,170"
catalyst-Sac,Santa Clara Office,Divya Mikhailov Travel,"June 1, 2026, 12:00 AM","June 30, 2026, 12:00 AM",1476378,3S_Jan2024_CNG_AC,Zone_B,18.9,"1,856.25"
catalyst-Sac,Crestwood Campus,Vikram Mikhailov Travel,"June 1, 2026, 12:00 AM","June 30, 2026, 12:00 AM",1490242,3S_Jan2024_CNG_AC,Zone_B,22.08,"1,237.5"
catalyst-Sac,Fairview Commons,Sanjay Mikhailov Travel,"June 1, 2026, 12:00 AM","June 30, 2026, 12:00 AM",1480847,3S_Jan2024_CNG_AC,Zone_C,30.9,"2,210.63"
vanta-Aus,Cedar Ridge Office,Meera Pavlov Travel,"June 1, 2026, 12:00 AM","June 30, 2026, 12:00 AM",1189128,4S-HYD,Short,0,948
catalyst-Sac,Santa Clara Office,Vikram Mikhailov Travel,"June 1, 2026, 12:00 AM","June 30, 2026, 12:00 AM",1514234,3S_Jan2024_CNG_AC,Zone_B,22.02,"1,237.5"
catalyst-Sac,Santa Clara Office,Vikram Mikhailov Travel,"June 1, 2026, 12:00 AM","June 30, 2026, 12:00 AM",1515475,3S_Jan2024_CNG_AC,Zone_A,12.39,"1,434.38"
pinnacle-Slc,Clearwater Campus,Amit Mikhailov Travel,"June 1, 2026, 12:00 AM","June 30, 2026, 12:00 AM",3307235,6Seater,Slab2,18.3,"1,297.5"
pinnacle-Slc,Willow Bend Campus,Rahul Morozov Travel,"June 1, 2026, 12:00 AM","June 30, 2026, 12:00 AM",3212777,4Seater,Slab2,15,"1,020"
pinnacle-Slc,Willow Bend Campus,Amit Mikhailov Travel,"June 1, 2026, 12:00 AM","June 30, 2026, 12:00 AM",3219693,6Seater,Slab1,8.4,"1,140"
pinnacle-Slc,Clearwater Campus,Rahul Morozov Travel,"June 1, 2026, 12:00 AM","June 30, 2026, 12:00 AM",3246550,6Seater,Slab2,11.4,"1,297.5"
pinnacle-Slc,Clearwater Campus,Rahul Morozov Travel,"July 1, 2026, 12:00 AM","July 31, 2026, 12:00 AM",3400904,4Seater,Slab2,15.95,"1,020"
pinnacle-Slc,Willow Bend Campus,Rohan Mikhailov Travel,"July 1, 2026, 12:00 AM","July 31, 2026, 12:00 AM",3399498,4Seater,Slab2,16.19,"1,530"
pinnacle-Slc,Clearwater Campus,Karan Mikhailov Travel,"July 1, 2026, 12:00 AM","July 31, 2026, 12:00 AM",3385712,4Seater,Slab2,19.5,"1,020"
pinnacle-Slc,Clearwater Campus,Karan Mikhailov Travel,"July 1, 2026, 12:00 AM","July 31, 2026, 12:00 AM",3464173,DV_Package,null,10.35,945.66
pinnacle-Slc,Clearwater Campus,Aarav Mikhailov Travel,"July 1, 2026, 12:00 AM","July 31, 2026, 12:00 AM",3468349,4Seater,Slab2,16.3,"1,020"
pinnacle-Slc,Oakmont Office,Divya Kozlov Travel,"July 1, 2026, 12:00 AM","July 31, 2026, 12:00 AM",3405748,6Seater,Slab1,6.58,"1,140"
pinnacle-Slc,Oakmont Office,Rohan Mikhailov Travel,"July 1, 2026, 12:00 AM","July 31, 2026, 12:00 AM",3444285,DV_Package,null,10.43,"1,260.87"
pinnacle-Slc,Oakmont Office,Divya Kozlov Travel,"July 1, 2026, 12:00 AM","July 31, 2026, 12:00 AM",3424002,6Seater,Slab3,23.8,"1,500"
pinnacle-Slc,Clearwater Campus,Arjun Mikhailov Travel,"July 1, 2026, 12:00 AM","July 31, 2026, 12:00 AM",3400423,DV_Package,null,12.01,"1,260.87"
pinnacle-Slc,Willow Bend Campus,Rahul Mikhailov Travel,"July 1, 2026, 12:00 AM","July 31, 2026, 12:00 AM",3399232,4Seater,Slab1,5.3,915
pinnacle-Slc,Clearwater Campus,Amit Volkov Travel,"July 1, 2026, 12:00 AM","July 31, 2026, 12:00 AM",3355718,4Seater,Slab1,6.53,915
pinnacle-Slc,Clearwater Campus,Rohan Mikhailov Travel,"July 1, 2026, 12:00 AM","July 31, 2026, 12:00 AM",3335740,4Seater,Slab2,13.27,"1,020"
pinnacle-Slc,Willow Bend Campus,Rahul Orlov Travel,"July 1, 2026, 12:00 AM","July 31, 2026, 12:00 AM",3369268,DV_Package,null,10,"1,891.3"
pinnacle-Slc,Willow Bend Campus,Sanjay Mikhailov Travel,"July 1, 2026, 12:00 AM","July 31, 2026, 12:00 AM",3457950,DV_Package,null,8.48,"1,260.87"
pinnacle-Slc,Willow Bend Campus,Rohan Mikhailov Travel,"July 1, 2026, 12:00 AM","July 31, 2026, 12:00 AM",3423531,4Seater,Slab3,24.21,"1,162.5"
pinnacle-Slc,Willow Bend Campus,Karan Mikhailov Travel,"July 1, 2026, 12:00 AM","July 31, 2026, 12:00 AM",3350322,4Seater,Slab1,5.7,915
pinnacle-Slc,Oakmont Office,Rahul Morozov Travel,"July 1, 2026, 12:00 AM","July 31, 2026, 12:00 AM",3398505,EV_Package,null,26.24,"1,695.33"
pinnacle-Slc,Oakmont Office,Rahul Orlov Travel,"July 1, 2026, 12:00 AM","July 31, 2026, 12:00 AM",3457504,4Seater,Slab4,36.5,"1,290"
orbit-Slc,Cedar Ridge Office,Rahul Mikhailov Travel,"July 1, 2026, 12:00 AM","July 15, 2026, 12:00 AM",1309626,4Seater-LVT-July,31-above,32.5,"1,297.5"
vanta-Sea,Denver Office,Anjali Mikhailov Travel,"June 1, 2026, 12:00 AM","June 30, 2026, 12:00 AM",4902443,6S-150ORRNEW,Short,0,"1,390.34"
vanta-Sea,Denver Office,Isha Mikhailov Travel,"June 1, 2026, 12:00 AM","June 30, 2026, 12:00 AM",4989102,4S-150ORRNEW,Short,0,"1,057.75"
vanta-Sea,Denver Office,Aarav Mikhailov Travel,"June 1, 2026, 12:00 AM","June 30, 2026, 12:00 AM",4989539,BUS-ORRNEW-TT,null,0,"1,038.66"
vanta-Sea,Denver Office,Sanjay Mikhailov Travel,"June 1, 2026, 12:00 AM","June 30, 2026, 12:00 AM",4936314,4S-EV-Z,Medium,0,"1,275"
vanta-Sea,Denver Office,Aarav Mikhailov Travel,"May 1, 2026, 12:00 AM","May 31, 2026, 12:00 AM",4820623,BUS-ORRNEW-SML,null,0,"2,673.49"
vanta-Sea,Denver Office,Priya Mikhailov Travel,"May 1, 2026, 12:00 AM","May 31, 2026, 12:00 AM",4830650,BUS-ORRNEW-SML,null,0,"3,534.66"
vanta-Sea,Denver Office,Isha Mikhailov Travel,"May 1, 2026, 12:00 AM","May 31, 2026, 12:00 AM",4839020,4S-150ORRNEW,Long,0,"1,613.25"
vanta-Sea,Denver Office,Sanjay Mikhailov Travel,"May 1, 2026, 12:00 AM","May 31, 2026, 12:00 AM",4829399,4S-150ORRNEW,Short,0,"1,057.75"
vanta-Sea,Denver Office,Aarav Mikhailov Travel,"May 1, 2026, 12:00 AM","May 31, 2026, 12:00 AM",4834425,BUS-ORRNEW-TT,null,0,"3,119.2"
vanta-Sea,Denver Office,Isha Mikhailov Travel,"May 1, 2026, 12:00 AM","May 31, 2026, 12:00 AM",4898306,4S-150ORRNEW,Long,0,"1,613.25"
vanta-Sea,Denver Office,Aarav Petrov Travel,"May 1, 2026, 12:00 AM","May 31, 2026, 12:00 AM",4820379,4S-EV-Z,Short,0,"1,275"
vanta-Sea,Denver Office,Priya Mikhailov Travel,"June 1, 2026, 12:00 AM","June 30, 2026, 12:00 AM",4906390,BUS-ORRNEW-SML,null,0,"3,106.65"
vanta-Sea,Denver Office,Isha Mikhailov Travel,"June 1, 2026, 12:00 AM","June 30, 2026, 12:00 AM",4998820,4S-150ORRNEW,Medium,0,"1,365.5"
vanta-Sea,Denver Office,Aarav Mikhailov Travel,"June 1, 2026, 12:00 AM","June 30, 2026, 12:00 AM",4911207,BUS-ORRNEW-SML,null,0,"2,179.99"
vanta-Sea,Denver Office,Sanjay Mikhailov Travel,"June 1, 2026, 12:00 AM","June 30, 2026, 12:00 AM",4963223,6S-150ORRNEW,Medium,0,"1,798.17"
vanta-Sea,Denver Office,Anjali Mikhailov Travel,"May 1, 2026, 12:00 AM","May 31, 2026, 12:00 AM",4890133,4S-EV-Z,Short,0,"1,275"
vanta-Sea,Denver Office,Priya Mikhailov Travel,"June 1, 2026, 12:00 AM","June 30, 2026, 12:00 AM",4968613,4S-150ORRNEW,Medium,0,"1,365.5"
vanta-Sea,Denver Office,Priya Mikhailov Travel,"June 1, 2026, 12:00 AM","June 30, 2026, 12:00 AM",4909385,4S-150ORRNEW,Medium,0,"1,365.5"
vanta-Sea,Denver Office,Sanjay Mikhailov Travel,"May 1, 2026, 12:00 AM","May 31, 2026, 12:00 AM",4851846,6S-150ORRNEW,Short,0,"1,390.34"
vanta-Sea,Denver Office,Isha Mikhailov Travel,"May 1, 2026, 12:00 AM","May 31, 2026, 12:00 AM",4865462,4S-150ORRNEW,Short,0,"1,057.75"
vanta-Sea,Denver Office,Sanjay Mikhailov Travel,"May 1, 2026, 12:00 AM","May 31, 2026, 12:00 AM",4851373,4S-EV-Z,Medium,0,"1,275"
vanta-Sea,Denver Office,Anjali Mikhailov Travel,"May 1, 2026, 12:00 AM","May 31, 2026, 12:00 AM",4881961,6S-150ORRNEW,Medium,0,"1,798.17"
vanta-Sea,Denver Office,Aarav Mikhailov Travel,"June 1, 2026, 12:00 AM","June 30, 2026, 12:00 AM",4969931,4S-150ORRNEW,Long,0,"1,613.25"
vanta-Sea,Denver Office,Priya Mikhailov Travel,"June 1, 2026, 12:00 AM","June 30, 2026, 12:00 AM",4947523,4S-150ORRNEW,Short,0,"1,057.75"
vanta-Sea,Denver Office,Priya Mikhailov Travel,"May 1, 2026, 12:00 AM","May 31, 2026, 12:00 AM",4856252,4S-150ORRNEW,Long,0,"1,613.25"
vanta-Sea,Denver Office,Sanjay Mikhailov Travel,"May 1, 2026, 12:00 AM","May 31, 2026, 12:00 AM",4881258,BUS-ORRNEW-SML,null,0,"2,463.49"
vanta-Sea,Denver Office,Sanjay Mikhailov Travel,"May 1, 2026, 12:00 AM","May 31, 2026, 12:00 AM",4876971,4S-150ORRNEW,Long,0,"1,613.25"
vanta-Sea,Denver Office,Isha Mikhailov Travel,"May 1, 2026, 12:00 AM","May 31, 2026, 12:00 AM",4886833,4S-150ORRNEW,Long,0,"1,613.25"
vanta-Sea,Denver Office,Aarav Mikhailov Travel,"May 1, 2026, 12:00 AM","May 31, 2026, 12:00 AM",4837591,4S-150ORRNEW,Short,0,"1,057.75"
vanta-Sea,Denver Office,Anjali Mikhailov Travel,"May 1, 2026, 12:00 AM","May 31, 2026, 12:00 AM",4862559,BUS-ORRNEW-TT,null,0,989.73
vanta-Sea,Denver Office,Sanjay Mikhailov Travel,"July 1, 2026, 12:00 AM","July 31, 2026, 12:00 AM",5039684,4S-EV-Z,Medium,0,"1,275"
vanta-Sea,Denver Office,Sanjay Mikhailov Travel,"May 1, 2026, 12:00 AM","May 31, 2026, 12:00 AM",4876217,BUS-ORRNEW-TT,null,0,"3,089.2"
vanta-Sea,Denver Office,Sanjay Mikhailov Travel,"July 1, 2026, 12:00 AM","July 31, 2026, 12:00 AM",5072352,6S-150ORRNEW,Medium,0,"1,850.24"
vanta-Sea,Denver Office,Isha Mikhailov Travel,"July 1, 2026, 12:00 AM","July 31, 2026, 12:00 AM",5019287,4S-150ORRNEW,Short,0,"1,077.27"
vanta-Sea,Denver Office,Anjali Mikhailov Travel,"July 1, 2026, 12:00 AM","July 31, 2026, 12:00 AM",5072589,6S-150ORRNEW,Long,0,"2,194.1"
vanta-Sea,Denver Office,Anjali Mikhailov Travel,"July 1, 2026, 12:00 AM","July 31, 2026, 12:00 AM",5007180,4S-150ORRNEW,Medium,0,"1,404.56"
vanta-Sea,Denver Office,Priya Mikhailov Travel,"July 1, 2026, 12:00 AM","July 31, 2026, 12:00 AM",5044593,4S-150ORRNEW,Long,0,"1,671.82"
vanta-Sea,Denver Office,Aarav Petrov Travel,"July 1, 2026, 12:00 AM","July 31, 2026, 12:00 AM",5044866,4S-EV-Z,Long,0,"1,275"
vanta-Sea,Denver Office,Priya Mikhailov Travel,"July 1, 2026, 12:00 AM","July 31, 2026, 12:00 AM",5091721,6S-150ORRNEW,Medium,0,"1,850.24"
vanta-Sea,Denver Office,Anjali Mikhailov Travel,"July 1, 2026, 12:00 AM","July 31, 2026, 12:00 AM",5104908,4S-EV-Z,Short,0,"1,275"
vanta-Sea,Denver Office,Aarav Petrov Travel,"July 1, 2026, 12:00 AM","July 31, 2026, 12:00 AM",5018987,BUS-ORRNEW-TT,null,0,905.7
vanta-Sea,Denver Office,Sanjay Mikhailov Travel,"July 1, 2026, 12:00 AM","July 31, 2026, 12:00 AM",5029058,BUS-ORRNEW-SML,null,0,"2,974.02"
vanta-Sea,Denver Office,Aarav Mikhailov Travel,"July 1, 2026, 12:00 AM","July 31, 2026, 12:00 AM",5042059,6S-150ORRNEW,Medium,0,"1,850.24"
vanta-Sea,Denver Office,Sanjay Mikhailov Travel,"July 1, 2026, 12:00 AM","July 31, 2026, 12:00 AM",5054303,6S-150ORRNEW,Medium,0,"1,850.24"
vanta-Sea,Denver Office,Aarav Petrov Travel,"July 1, 2026, 12:00 AM","July 31, 2026, 12:00 AM",5017457,6S-150ORRNEW,null,19.26,0
vanta-Sea,Denver Office,Aarav Petrov Travel,"July 1, 2026, 12:00 AM","July 31, 2026, 12:00 AM",5029679,4S-EV-Z,Medium,0,"1,275"
vanta-Sea,Denver Office,Anjali Mikhailov Travel,"July 1, 2026, 12:00 AM","July 31, 2026, 12:00 AM",5083449,4S-150ORRNEW,Medium,0,"1,404.56"
vanta-Sea,Denver Office,Sanjay Mikhailov Travel,"July 1, 2026, 12:00 AM","July 31, 2026, 12:00 AM",5043739,4S-150ORRNEW,Short,0,"1,077.27"
pinnacle-Slc,Oakmont Office,Rohan Mikhailov Travel,"May 1, 2026, 12:00 AM","May 31, 2026, 12:00 AM",3086045,4Seater,Slab2,13.74,"1,530"
pinnacle-Slc,Clearwater Campus,Rohan Mikhailov Travel,"May 1, 2026, 12:00 AM","May 31, 2026, 12:00 AM",3076211,4Seater,Slab1,8.8,915
pinnacle-Slc,Clearwater Campus,Rohan Mikhailov Travel,"May 1, 2026, 12:00 AM","May 31, 2026, 12:00 AM",3135084,4Seater,Slab2,18.6,"1,020"
pinnacle-Slc,Willow Bend Campus,Arjun Mikhailov Travel,"May 1, 2026, 12:00 AM","May 31, 2026, 12:00 AM",3111307,DV_Package,null,2.1,"1,526.31"
pinnacle-Slc,Clearwater Campus,Rahul Mikhailov Travel,"May 1, 2026, 12:00 AM","May 31, 2026, 12:00 AM",3135307,4Seater,Slab1,8.1,915
pinnacle-Slc,Oakmont Office,Rohan Mikhailov Travel,"May 1, 2026, 12:00 AM","May 31, 2026, 12:00 AM",3125100,4Seater,Slab2,13.3,"1,530"
pinnacle-Slc,Willow Bend Campus,Rohan Mikhailov Travel,"May 1, 2026, 12:00 AM","May 31, 2026, 12:00 AM",3130200,4Seater,Slab1,5.9,915
pinnacle-Slc,Clearwater Campus,Karan Mikhailov Travel,"May 1, 2026, 12:00 AM","May 31, 2026, 12:00 AM",3089700,4Seater,Slab1,5.7,915
pinnacle-Slc,Clearwater Campus,Rohan Mikhailov Travel,"May 1, 2026, 12:00 AM","May 31, 2026, 12:00 AM",3120372,4Seater,Slab1,9.65,915
pinnacle-Slc,Clearwater Campus,Karan Mikhailov Travel,"May 1, 2026, 12:00 AM","May 31, 2026, 12:00 AM",3065472,4Seater,Slab2,11.9,"1,020"
pinnacle-Slc,Clearwater Campus,Divya Mikhailov Travel,"May 1, 2026, 12:00 AM","May 31, 2026, 12:00 AM",3119699,4Seater,Slab1,7.3,915
pinnacle-Slc,Clearwater Campus,Rohan Mikhailov Travel,"May 1, 2026, 12:00 AM","May 31, 2026, 12:00 AM",3075766,4Seater,Slab1,8,915
pinnacle-Slc,Willow Bend Campus,Divya Mikhailov Travel,"May 1, 2026, 12:00 AM","May 31, 2026, 12:00 AM",3148995,4Seater,Slab1,1.4,915
pinnacle-Slc,Willow Bend Campus,Rahul Orlov Travel,"May 1, 2026, 12:00 AM","May 31, 2026, 12:00 AM",3110193,DV_Package,null,11.6,"1,526.31"
pinnacle-Slc,Clearwater Campus,Divya Mikhailov Travel,"May 1, 2026, 12:00 AM","May 31, 2026, 12:00 AM",3060721,4Seater,Slab1,5.06,915
pinnacle-Slc,Oakmont Office,Arjun Mikhailov Travel,"May 1, 2026, 12:00 AM","May 31, 2026, 12:00 AM",3163395,6Seater,Slab2,14.6,"1,297.5"
pinnacle-Slc,Oakmont Office,Rohan Mikhailov Travel,"May 1, 2026, 12:00 AM","May 31, 2026, 12:00 AM",3118140,4Seater,Slab1,3.2,915
pinnacle-Slc,Clearwater Campus,Rohan Mikhailov Travel,"May 1, 2026, 12:00 AM","May 31, 2026, 12:00 AM",3157895,6Seater,Slab1,5.47,"1,140"
pinnacle-Slc,Oakmont Office,Karan Mikhailov Travel,"May 1, 2026, 12:00 AM","May 31, 2026, 12:00 AM",3064122,4Seater,Slab1,3.2,"1,372.5"
pinnacle-Slc,Clearwater Campus,Rohan Mikhailov Travel,"May 1, 2026, 12:00 AM","May 31, 2026, 12:00 AM",3108510,DV_Package,null,19.2,"1,526.31"
pinnacle-Slc,Oakmont Office,Rahul Mikhailov Travel,"May 1, 2026, 12:00 AM","May 31, 2026, 12:00 AM",3074906,4Seater,Slab1,7.35,915
pinnacle-Slc,Clearwater Campus,Rahul Mikhailov Travel,"May 1, 2026, 12:00 AM","May 31, 2026, 12:00 AM",3133039,4Seater,Slab1,6.5,915
pinnacle-Slc,Willow Bend Campus,Divya Mikhailov Travel,"May 1, 2026, 12:00 AM","May 31, 2026, 12:00 AM",3093022,4Seater,Slab3,23.7,"1,162.5"
pinnacle-Slc,Clearwater Campus,Rohan Mikhailov Travel,"May 1, 2026, 12:00 AM","May 31, 2026, 12:00 AM",3103035,DV_Package,null,9.73,"1,144.74"
pinnacle-Slc,Clearwater Campus,Amit Mikhailov Travel,"May 1, 2026, 12:00 AM","May 31, 2026, 12:00 AM",3067099,DV_Package,null,14.5,"1,526.31"
pinnacle-Slc,Oakmont Office,Rohan Mikhailov Travel,"May 1, 2026, 12:00 AM","May 31, 2026, 12:00 AM",3092411,DV_Package,null,9.84,"1,526.31"
pinnacle-Slc,Clearwater Campus,Rohan Mikhailov Travel,"May 1, 2026, 12:00 AM","May 31, 2026, 12:00 AM",3067306,DV_Package,null,8.11,"1,526.31"
pinnacle-Slc,Clearwater Campus,Rahul Morozov Travel,"June 1, 2026, 12:00 AM","June 30, 2026, 12:00 AM",3290179,DV_Package,null,2.8,988.63
pinnacle-Slc,Clearwater Campus,Rohan Mikhailov Travel,"June 1, 2026, 12:00 AM","June 30, 2026, 12:00 AM",3300085,4Seater,Slab2,19.8,"1,020"
pinnacle-Slc,Clearwater Campus,Rohan Mikhailov Travel,"June 1, 2026, 12:00 AM","June 30, 2026, 12:00 AM",3192029,4Seater,Slab1,3.95,915
pinnacle-Slc,Clearwater Campus,Divya Mikhailov Travel,"June 1, 2026, 12:00 AM","June 30, 2026, 12:00 AM",3192256,4Seater,Slab1,9.98,915
pinnacle-Slc,Clearwater Campus,Karan Mikhailov Travel,"June 1, 2026, 12:00 AM","June 30, 2026, 12:00 AM",3217867,4Seater,Slab2,12.8,"1,020"
pinnacle-Slc,Clearwater Campus,Arjun Mikhailov Travel,"June 1, 2026, 12:00 AM","June 30, 2026, 12:00 AM",3198749,DV_Package,null,4.74,"1,318.18"
catalyst-Sac,Santa Clara Office,Divya Mikhailov Travel,"July 1, 2026, 12:00 AM","July 31, 2026, 12:00 AM",1523049,3S_Jan2024_CNG_AC,Zone_D,45.9,"2,452.5"
catalyst-Sac,Santa Clara Office,Rohan Mikhailov Travel,"July 1, 2026, 12:00 AM","July 31, 2026, 12:00 AM",1540012,3S_Jan2024_CNG_AC,Zone_B,16.8,"1,867.5"
catalyst-Sac,Crestwood Campus,Priya Mikhailov Travel,"July 1, 2026, 12:00 AM","July 31, 2026, 12:00 AM",1550691,3S_Jan2024_CNG_AC,Zone_A,7.2,"1,440"
catalyst-Sac,Santa Clara Office,Vikram Mikhailov Travel,"July 1, 2026, 12:00 AM","July 31, 2026, 12:00 AM",1532216,3S_Jan2024_CNG_AC,Zone_C,27.7,"2,227.5"
catalyst-Sac,Fairview Commons,Arjun Mikhailov Travel,"July 1, 2026, 12:00 AM","July 31, 2026, 12:00 AM",1525248,12S_Jan2024_AC_CNG,ZONE A,14,"1,411.5"
vanta-Aus,Cedar Ridge Office,Priya Mikhailov Travel,"July 1, 2026, 12:00 AM","July 31, 2026, 12:00 AM",1231152,4S-EV-Z,Medium,0,"1,200"
orbit-Slc,Eastgate Office,Rohan Mikhailov Travel,"June 16, 2026, 12:00 AM","June 30, 2026, 12:00 AM",1294524,NPT_4_SEATER,Slab1,9.8,"1,170"
orbit-Slc,Eastgate Office,Rohan Mikhailov Travel,"June 16, 2026, 12:00 AM","June 30, 2026, 12:00 AM",1299482,NPT_8_SEATER,NA,13.6,"1,506"
orbit-Slc,Lakeside Commons,Rahul Mikhailov Travel,"June 16, 2026, 12:00 AM","June 30, 2026, 12:00 AM",1283493,4Seater-LVT-July,31-above,34.8,"1,297.5"
catalyst-Sac,Crestwood Campus,Rohan Mikhailov Travel,"July 1, 2026, 12:00 AM","July 31, 2026, 12:00 AM",1546030,3S_Jan2024_CNG_AC,Zone_B,27,"1,245"
catalyst-Sac,Santa Clara Office,Vikram Mikhailov Travel,"July 1, 2026, 12:00 AM","July 31, 2026, 12:00 AM",1524916,3S_Jan2024_CNG_AC,Zone_B,28.7,"1,245"
vanta-Aus,Cedar Ridge Office,Priya Mikhailov Travel,"July 1, 2026, 12:00 AM","July 31, 2026, 12:00 AM",1235242,4S-EV-Z,Medium,0,"1,200"
catalyst-Sac,Crestwood Campus,Divya Mikhailov Travel,"July 1, 2026, 12:00 AM","July 31, 2026, 12:00 AM",1530981,3S_Jan2024_CNG_AC,Zone_B,13.7,"1,867.5"
vanta-Aus,Cedar Ridge Office,Sanjay Mikhailov Travel,"July 1, 2026, 12:00 AM","July 31, 2026, 12:00 AM",1215918,6S-HYD,Short,0,"1,254.43"
orbit-Slc,Eastgate Office,Rohan Mikhailov Travel,"July 1, 2026, 12:00 AM","July 15, 2026, 12:00 AM",1312379,NPT_4_SEATER,Slab1,12.06,"1,170"
orbit-Slc,Lakeside Commons,Rahul Mikhailov Travel,"July 1, 2026, 12:00 AM","July 15, 2026, 12:00 AM",1331625,LVT_4_SEATER_EV,Slab-0-20,11.3,885
catalyst-Sac,Crestwood Campus,Rohan Mikhailov Travel,"July 1, 2026, 12:00 AM","July 31, 2026, 12:00 AM",1548101,3S_Jan2024_CNG_AC,Zone_A,8.61,"1,440"
vanta-Aus,Cedar Ridge Office,Sanjay Mikhailov Travel,"July 1, 2026, 12:00 AM","July 31, 2026, 12:00 AM",1240778,6S-EV-HTK,Medium,0,"1,875"
catalyst-Sac,Santa Clara Office,Vikram Mikhailov Travel,"July 1, 2026, 12:00 AM","July 31, 2026, 12:00 AM",1516814,3S_Jan2024_CNG_AC,Zone_B,13.7,"1,245"
catalyst-Sac,Santa Clara Office,Vikram Mikhailov Travel,"July 1, 2026, 12:00 AM","July 31, 2026, 12:00 AM",1545763,3S_Jan2024_CNG_AC,Zone_C,31.92,"1,485"
pinnacle-Slc,Oakmont Office,Divya Sokolov Travel,"July 1, 2026, 12:00 AM","July 31, 2026, 12:00 AM",3364486,4Seater,Slab2,13.5,"1,020"
pinnacle-Slc,Oakmont Office,Amit Volkov Travel,"July 1, 2026, 12:00 AM","July 31, 2026, 12:00 AM",3436610,4Seater,Slab3,28.4,"1,162.5"
pinnacle-Slc,Clearwater Campus,Divya Mikhailov Travel,"July 1, 2026, 12:00 AM","July 31, 2026, 12:00 AM",3373173,4Seater,Slab1,4.2,915
pinnacle-Slc,Clearwater Campus,Pooja Mikhailov Travel,"July 1, 2026, 12:00 AM","July 31, 2026, 12:00 AM",3353197,4Seater,Slab2,19.51,"1,020"
pinnacle-Slc,Clearwater Campus,Aarav Mikhailov Travel,"July 1, 2026, 12:00 AM","July 31, 2026, 12:00 AM",3426892,4Seater,Slab1,6.4,915
pinnacle-Slc,Clearwater Campus,Rohan Mikhailov Travel,"July 1, 2026, 12:00 AM","July 31, 2026, 12:00 AM",3367114,4Seater,Slab1,10.06,915
pinnacle-Slc,Clearwater Campus,Amit Volkov Travel,"July 1, 2026, 12:00 AM","July 31, 2026, 12:00 AM",3362294,6Seater,Slab2,12.33,"1,297.5"
pinnacle-Slc,Clearwater Campus,Pooja Mikhailov Travel,"July 1, 2026, 12:00 AM","July 31, 2026, 12:00 AM",3469132,4Seater,Slab3,21.6,"1,162.5"
pinnacle-Slc,Clearwater Campus,Rohan Mikhailov Travel,"July 1, 2026, 12:00 AM","July 31, 2026, 12:00 AM",3479680,4Seater,Slab1,3.85,915
pinnacle-Slc,Clearwater Campus,Pooja Mikhailov Travel,"July 1, 2026, 12:00 AM","July 31, 2026, 12:00 AM",3347791,4Seater,Slab2,12.8,"1,020"
vanta-Aus,Cedar Ridge Office,Meera Pavlov Travel,"May 1, 2026, 12:00 AM","May 31, 2026, 12:00 AM",1121636,4S-HYD,Medium,0,"1,140"
vanta-Aus,Cedar Ridge Office,Sneha Mikhailov Travel,"May 1, 2026, 12:00 AM","May 31, 2026, 12:00 AM",1145289,4S-HYD,Short,0,948
vanta-Aus,Cedar Ridge Office,Anjali Mikhailov Travel,"May 1, 2026, 12:00 AM","May 31, 2026, 12:00 AM",1101864,4S-EV-Z,Short,0,"1,200"
catalyst-Sac,Fairview Commons,Arjun Mikhailov Travel,"May 1, 2026, 12:00 AM","May 31, 2026, 12:00 AM",1472547,3S_Jan2024_CNG_AC,Zone_C,28.45,"2,168.45"
catalyst-Sac,Santa Clara Office,Vikram Mikhailov Travel,"May 1, 2026, 12:00 AM","May 31, 2026, 12:00 AM",1460354,3S_Jan2024_CNG_AC,Zone_B,17.9,"1,828.13"
vanta-Aus,Cedar Ridge Office,Meera Pavlov Travel,"May 1, 2026, 12:00 AM","May 31, 2026, 12:00 AM",1146554,6S-HYD,Short,0,"1,227"
vanta-Aus,Cedar Ridge Office,Sneha Mikhailov Travel,"May 1, 2026, 12:00 AM","May 31, 2026, 12:00 AM",1134173,4S-HYD,Medium,0,"1,140"
catalyst-Sac,Fairview Commons,Priya Mikhailov Travel,"May 1, 2026, 12:00 AM","May 31, 2026, 12:00 AM",1462150,3S_Jan2024_CNG_AC,Zone_C,26.47,"1,445.63"
orbit-Slc,Eastgate Office,Rohan Mikhailov Travel,"May 1, 2026, 12:00 AM","May 15, 2026, 12:00 AM",1222282,NPT4_SEATER_EV,Slab 1,19.4,"1,170"
catalyst-Sac,Santa Clara Office,Divya Mikhailov Travel,"May 1, 2026, 12:00 AM","May 31, 2026, 12:00 AM",1475258,3S_Jan2024_AC,Zone_B,23.5,"1,853.85"
catalyst-Sac,Santa Clara Office,Rohan Mikhailov Travel,"May 1, 2026, 12:00 AM","May 31, 2026, 12:00 AM",1453839,3S_Jan2024_CNG_AC,Zone_B,25.7,"1,828.13"
catalyst-Sac,Santa Clara Office,Vikram Mikhailov Travel,"May 1, 2026, 12:00 AM","May 31, 2026, 12:00 AM",1464134,3S_Jan2024_CNG_AC,Zone_B,16.7,"1,828.13"
orbit-Slc,Cedar Ridge Office,Anjali Mikhailov Travel,"May 1, 2026, 12:00 AM","May 15, 2026, 12:00 AM",1213066,4SEATER_BTT_2025,31-above,34.9,"1,260"
orbit-Slc,Eastgate Office,Rohan Mikhailov Travel,"May 16, 2026, 12:00 AM","May 31, 2026, 12:00 AM",1250751,NPT4_SEATER_EV,Slab 1,23.9,"1,170"
vanta-Aus,Cedar Ridge Office,Anjali Mikhailov Travel,"June 1, 2026, 12:00 AM","June 30, 2026, 12:00 AM",1157298,6S-HYD,Short,0,"1,227"
vanta-Aus,Cedar Ridge Office,Sneha Mikhailov Travel,"June 1, 2026, 12:00 AM","June 30, 2026, 12:00 AM",1182261,4S-EV-Z,Long,0,"1,200"
orbit-Slc,Lakeside Commons,Rahul Mikhailov Travel,"May 16, 2026, 12:00 AM","May 31, 2026, 12:00 AM",1249037,4Seater-LVT-July,21-30,21,"1,072.5"
pinnacle-Slc,Clearwater Campus,Divya Kozlov Travel,"June 1, 2026, 12:00 AM","June 30, 2026, 12:00 AM",3293368,4Seater,Slab1,1.7,915
pinnacle-Slc,Clearwater Campus,Aarav Mikhailov Travel,"June 1, 2026, 12:00 AM","June 30, 2026, 12:00 AM",3284795,4Seater,Slab1,6,915
pinnacle-Slc,Willow Bend Campus,Arjun Mikhailov Travel,"June 1, 2026, 12:00 AM","June 30, 2026, 12:00 AM",3250045,4Seater,Slab3,24.1,"1,162.5"
pinnacle-Slc,Clearwater Campus,Aarav Mikhailov Travel,"June 1, 2026, 12:00 AM","June 30, 2026, 12:00 AM",3309853,DV_Package,null,6.9,"1,318.18"
pinnacle-Slc,Clearwater Campus,Arjun Mikhailov Travel,"June 1, 2026, 12:00 AM","June 30, 2026, 12:00 AM",3205595,4Seater,Slab2,14.52,"1,020"
pinnacle-Slc,Clearwater Campus,Sanjay Mikhailov Travel,"June 1, 2026, 12:00 AM","June 30, 2026, 12:00 AM",3248056,DV_Package,null,33.6,"1,318.18"
pinnacle-Slc,Clearwater Campus,Rahul Morozov Travel,"June 1, 2026, 12:00 AM","June 30, 2026, 12:00 AM",3289223,DV_Package,null,10.6,988.63
pinnacle-Slc,Oakmont Office,Karan Mikhailov Travel,"June 1, 2026, 12:00 AM","June 30, 2026, 12:00 AM",3207963,4Seater,Slab4,34.1,"1,290"
pinnacle-Slc,Clearwater Campus,Rohan Mikhailov Travel,"June 1, 2026, 12:00 AM","June 30, 2026, 12:00 AM",3202069,DV_Package,null,18.83,"1,318.18"
pinnacle-Slc,Clearwater Campus,Amit Volkov Travel,"June 1, 2026, 12:00 AM","June 30, 2026, 12:00 AM",3323226,DV_Package,null,12.45,"1,318.14"
pinnacle-Slc,Willow Bend Campus,Rohan Mikhailov Travel,"June 1, 2026, 12:00 AM","June 30, 2026, 12:00 AM",3291621,4Seater,Slab1,6.52,915
pinnacle-Slc,Oakmont Office,Arjun Mikhailov Travel,"June 1, 2026, 12:00 AM","June 30, 2026, 12:00 AM",3228127,DV_Package,null,5.9,"1,318.18"
pinnacle-Slc,Clearwater Campus,Divya Kozlov Travel,"June 1, 2026, 12:00 AM","June 30, 2026, 12:00 AM",3260587,6Seater,Slab1,6,"1,140"
pinnacle-Slc,Clearwater Campus,Amit Volkov Travel,"June 1, 2026, 12:00 AM","June 30, 2026, 12:00 AM",3175883,4Seater,Slab1,7.7,915
vanta-Aus,Cedar Ridge Office,Priya Mikhailov Travel,"June 1, 2026, 12:00 AM","June 30, 2026, 12:00 AM",1162590,6S-HYD,Long,0,"1,800"
vanta-Aus,Cedar Ridge Office,Meera Pavlov Travel,"June 1, 2026, 12:00 AM","June 30, 2026, 12:00 AM",1176858,4S-HYD,Short,0,948
catalyst-Sac,Santa Clara Office,Rohan Mikhailov Travel,"June 1, 2026, 12:00 AM","June 30, 2026, 12:00 AM",1482203,3S_Jan2024_AC,Zone_B,22.6,"1,898.85"
vanta-Aus,Cedar Ridge Office,Priya Mikhailov Travel,"June 1, 2026, 12:00 AM","June 30, 2026, 12:00 AM",1185986,4S-EV-Z,Short,0,"1,200"
vanta-Aus,Cedar Ridge Office,Sneha Mikhailov Travel,"June 1, 2026, 12:00 AM","June 30, 2026, 12:00 AM",1151281,6S-HYD,XLong,0,"1,875"
catalyst-Sac,Santa Clara Office,Vikram Mikhailov Travel,"June 1, 2026, 12:00 AM","June 30, 2026, 12:00 AM",1498149,3S_Jan2024_CNG_AC,Zone_B,21.81,"1,237.5"
catalyst-Sac,Santa Clara Office,Vikram Mikhailov Travel,"June 1, 2026, 12:00 AM","June 30, 2026, 12:00 AM",1489281,5S_Jan2024_CNG_AC,Zone_B,20.36,"1,530"
vanta-Aus,Cedar Ridge Office,Sneha Mikhailov Travel,"June 1, 2026, 12:00 AM","June 30, 2026, 12:00 AM",1155255,4S-HYD,Short,0,948
catalyst-Sac,Santa Clara Office,Divya Mikhailov Travel,"June 1, 2026, 12:00 AM","June 30, 2026, 12:00 AM",1482697,3S_Jan2024_CNG_AC,Zone_C,36.01,"2,210.63"
catalyst-Sac,Oakmont Office,Amit Mikhailov Travel,"June 1, 2026, 12:00 AM","June 30, 2026, 12:00 AM",1481148,3S_Jan2024_CNG_AC,Zone_A,6.7,956.25
catalyst-Sac,Santa Clara Office,Divya Mikhailov Travel,"June 1, 2026, 12:00 AM","June 30, 2026, 12:00 AM",1483947,3S_Jan2024_CNG_AC,Zone_C,35.5,"2,210.63"
pinnacle-Slc,Willow Bend Campus,Rahul Morozov Travel,"June 1, 2026, 12:00 AM","June 30, 2026, 12:00 AM",3327583,DV_Package,null,17.7,988.62
pinnacle-Slc,Clearwater Campus,Divya Mikhailov Travel,"June 1, 2026, 12:00 AM","June 30, 2026, 12:00 AM",3185755,DV_Package,null,7.99,"1,318.18"
pinnacle-Slc,Clearwater Campus,Rohan Mikhailov Travel,"June 1, 2026, 12:00 AM","June 30, 2026, 12:00 AM",3271413,4Seater,Slab3,24.37,"1,162.5"
pinnacle-Slc,Willow Bend Campus,Rahul Mikhailov Travel,"June 1, 2026, 12:00 AM","June 30, 2026, 12:00 AM",3272807,4Seater,Slab1,8,915
pinnacle-Slc,Willow Bend Campus,Rohan Mikhailov Travel,"June 1, 2026, 12:00 AM","June 30, 2026, 12:00 AM",3287899,4Seater,Slab1,7.2,915
pinnacle-Slc,Oakmont Office,Rahul Morozov Travel,"July 1, 2026, 12:00 AM","July 31, 2026, 12:00 AM",3391082,6Seater,Slab3,27.79,"1,500"
pinnacle-Slc,Willow Bend Campus,Sanjay Mikhailov Travel,"July 1, 2026, 12:00 AM","July 31, 2026, 12:00 AM",3473943,4Seater,Slab2,14.9,"1,020"
pinnacle-Slc,Oakmont Office,Rahul Orlov Travel,"July 1, 2026, 12:00 AM","July 31, 2026, 12:00 AM",3361442,DV_Package,null,0.6,"3,782.61"
pinnacle-Slc,Willow Bend Campus,Amit Mikhailov Travel,"July 1, 2026, 12:00 AM","July 31, 2026, 12:00 AM",3430963,4Seater,Slab2,17.06,"1,020"
pinnacle-Slc,Oakmont Office,Amit Volkov Travel,"July 1, 2026, 12:00 AM","July 31, 2026, 12:00 AM",3405492,DV_Package,null,18.91,"1,260.87"
pinnacle-Slc,Clearwater Campus,Karan Mikhailov Travel,"July 1, 2026, 12:00 AM","July 31, 2026, 12:00 AM",3473455,4Seater,Slab1,5.25,915
pinnacle-Slc,Clearwater Campus,Arjun Mikhailov Travel,"July 1, 2026, 12:00 AM","July 31, 2026, 12:00 AM",3380135,6Seater,Slab3,27,"1,500"
pinnacle-Slc,Clearwater Campus,Divya Kozlov Travel,"July 1, 2026, 12:00 AM","July 31, 2026, 12:00 AM",3345578,4Seater,Slab3,20.87,"1,162.5"
pinnacle-Slc,Willow Bend Campus,Sanjay Mikhailov Travel,"July 1, 2026, 12:00 AM","July 31, 2026, 12:00 AM",3370271,4Seater,Slab2,12.28,"1,020"
pinnacle-Slc,Willow Bend Campus,Divya Sokolov Travel,"July 1, 2026, 12:00 AM","July 31, 2026, 12:00 AM",3350780,4Seater,Slab1,2.8,915
pinnacle-Slc,Willow Bend Campus,Rahul Morozov Travel,"July 1, 2026, 12:00 AM","July 31, 2026, 12:00 AM",3384250,4Seater,Slab3,22.04,"1,162.5"
pinnacle-Slc,Willow Bend Campus,Amit Volkov Travel,"July 1, 2026, 12:00 AM","July 31, 2026, 12:00 AM",3339011,DV_Package,null,18.03,"1,260.87"
catalyst-Sac,Santa Clara Office,Divya Mikhailov Travel,"July 1, 2026, 12:00 AM","July 31, 2026, 12:00 AM",1557504,3S_Jan2024_CNG_AC,Zone_C,38.54,"1,485"
vanta-Aus,Cedar Ridge Office,Priya Mikhailov Travel,"July 1, 2026, 12:00 AM","July 31, 2026, 12:00 AM",1209067,4S-HYD,Medium,0,"1,181.14"
orbit-Slc,Lakeside Commons,Anjali Mikhailov Travel,"July 1, 2026, 12:00 AM","July 15, 2026, 12:00 AM",1328233,4SEATER_BTT_2025_EV,0 - 20,20.4,960
vanta-Aus,Cedar Ridge Office,Anjali Mikhailov Travel,"July 1, 2026, 12:00 AM","July 31, 2026, 12:00 AM",1226863,6S-HYD,Medium,0,"1,683.87"
vanta-Aus,Cedar Ridge Office,Priya Mikhailov Travel,"July 1, 2026, 12:00 AM","July 31, 2026, 12:00 AM",1251773,4S-HYD,Long,0,"1,416.22"
orbit-Slc,Lakeside Commons,Anjali Mikhailov Travel,"July 1, 2026, 12:00 AM","July 15, 2026, 12:00 AM",1323948,4SEATER_BTT_2025,0-20,9.52,960
vanta-Aus,Cedar Ridge Office,Sneha Mikhailov Travel,"July 1, 2026, 12:00 AM","July 31, 2026, 12:00 AM",1226131,4S-HYD,Long,0,"1,416.22"
orbit-Slc,Cedar Ridge Office,Anjali Mikhailov Travel,"July 16, 2026, 12:00 AM","July 31, 2026, 12:00 AM",1363171,4SEATER_BTT_2025_EV,31 - above,37.1,"1,260"
orbit-Slc,Cedar Ridge Office,Anjali Mikhailov Travel,"July 16, 2026, 12:00 AM","July 31, 2026, 12:00 AM",1365888,4SEATER_BTT_2025,21-30,23.3,"1,110"
orbit-Slc,Eastgate Office,Rohan Mikhailov Travel,"July 16, 2026, 12:00 AM","July 31, 2026, 12:00 AM",1350705,NPT4_SEATER_EV,Slab 1,23.18,"1,170"
vanta-Sea,Denver Office,Aarav Mikhailov Travel,"June 1, 2026, 12:00 AM","June 30, 2026, 12:00 AM",4902072,6S-150ORRNEW,Medium,0,"1,798.17"
vanta-Sea,Denver Office,Priya Mikhailov Travel,"June 1, 2026, 12:00 AM","June 30, 2026, 12:00 AM",4922601,6S-150ORRNEW,Medium,0,"1,798.17"
vanta-Sea,Denver Office,Isha Mikhailov Travel,"May 1, 2026, 12:00 AM","May 31, 2026, 12:00 AM",4882983,4S-150ORRNEW,Short,0,"1,057.75"
vanta-Sea,Denver Office,Isha Mikhailov Travel,"May 1, 2026, 12:00 AM","May 31, 2026, 12:00 AM",4853163,BUS-ORRNEW-TT,null,0,962.76
vanta-Sea,Pinecrest Office,Meera Lebedev Travel,"June 1, 2026, 12:00 AM","June 30, 2026, 12:00 AM",4924410,6S-PREMIUMNEW,null,4.1,"2,901.13"
vanta-Sea,Denver Office,Priya Mikhailov Travel,"June 1, 2026, 12:00 AM","June 30, 2026, 12:00 AM",4903983,4S-150ORRNEW,Medium,0,"1,365.5"
vanta-Sea,Denver Office,Sanjay Mikhailov Travel,"June 1, 2026, 12:00 AM","June 30, 2026, 12:00 AM",4942183,6S-150ORRNEW,Long,0,"2,116.01"
vanta-Sea,Denver Office,Isha Mikhailov Travel,"May 1, 2026, 12:00 AM","May 31, 2026, 12:00 AM",4887760,6S-150ORRNEW,Medium,0,"1,798.17"
vanta-Sea,Denver Office,Aarav Petrov Travel,"May 1, 2026, 12:00 AM","May 31, 2026, 12:00 AM",4848236,4S-EV-Z,Long,0,"1,275"
vanta-Sea,Denver Office,Priya Mikhailov Travel,"May 1, 2026, 12:00 AM","May 31, 2026, 12:00 AM",4863003,6S-150ORRNEW,Short,0,"1,390.34"
vanta-Sea,Denver Office,Rohan Mikhailov Travel,"May 1, 2026, 12:00 AM","May 31, 2026, 12:00 AM",4893513,BUS-ORRNEW-TT,null,0,"2,909.2"
vanta-Sea,Denver Office,Isha Mikhailov Travel,"May 1, 2026, 12:00 AM","May 31, 2026, 12:00 AM",4834900,4S-150ORRNEW,Long,0,"1,613.25"
vanta-Sea,Denver Office,Sanjay Mikhailov Travel,"May 1, 2026, 12:00 AM","May 31, 2026, 12:00 AM",4850698,4S-150ORRNEW,Long,0,"1,613.25"
vanta-Sea,Denver Office,Sanjay Mikhailov Travel,"May 1, 2026, 12:00 AM","May 31, 2026, 12:00 AM",4849597,4S-EV-Z,Medium,0,"1,275"
vanta-Sea,Denver Office,Priya Mikhailov Travel,"June 1, 2026, 12:00 AM","June 30, 2026, 12:00 AM",4982019,6S-150ORRNEW,Medium,0,"1,798.17"
vanta-Sea,Denver Office,Aarav Mikhailov Travel,"May 1, 2026, 12:00 AM","May 31, 2026, 12:00 AM",4864743,4S-150ORRNEW,Short,0,"1,057.75"
vanta-Sea,Denver Office,Anjali Mikhailov Travel,"June 1, 2026, 12:00 AM","June 30, 2026, 12:00 AM",4911714,6S-150ORRNEW,Short,0,"1,390.34"
vanta-Sea,Denver Office,Sanjay Mikhailov Travel,"May 1, 2026, 12:00 AM","May 31, 2026, 12:00 AM",4888816,4S-EV-Z,Short,0,"1,275"
vanta-Sea,Denver Office,Priya Mikhailov Travel,"June 1, 2026, 12:00 AM","June 30, 2026, 12:00 AM",4965765,6S-150ORRNEW,Short,0,"1,390.34"
vanta-Sea,Denver Office,Anjali Mikhailov Travel,"June 1, 2026, 12:00 AM","June 30, 2026, 12:00 AM",5001275,4S-EV-Z,Short,0,"1,275"
vanta-Sea,Denver Office,Sanjay Mikhailov Travel,"May 1, 2026, 12:00 AM","May 31, 2026, 12:00 AM",4879436,6S-150ORRNEW,Short,0,"1,390.34"
vanta-Sea,Denver Office,Anjali Mikhailov Travel,"June 1, 2026, 12:00 AM","June 30, 2026, 12:00 AM",4990177,BUS-ORRNEW-SML,null,0,"2,786.65"
vanta-Sea,Denver Office,Sanjay Mikhailov Travel,"May 1, 2026, 12:00 AM","May 31, 2026, 12:00 AM",4860905,6S-150ORRNEW,Medium,0,"1,798.17"
vanta-Sea,Denver Office,Aarav Petrov Travel,"May 1, 2026, 12:00 AM","May 31, 2026, 12:00 AM",4851608,4S-150ORRNEW,Short,0,"1,057.75"
vanta-Sea,Denver Office,Sanjay Mikhailov Travel,"June 1, 2026, 12:00 AM","June 30, 2026, 12:00 AM",4986297,4S-EV-Z,Long,0,"1,275"
vanta-Sea,Denver Office,Sanjay Mikhailov Travel,"May 1, 2026, 12:00 AM","May 31, 2026, 12:00 AM",4885729,4S-EV-Z,Long,0,"1,275"
vanta-Sea,Denver Office,Sanjay Mikhailov Travel,"June 1, 2026, 12:00 AM","June 30, 2026, 12:00 AM",4933162,4S-150ORRNEW,Long,0,"1,613.25"
vanta-Sea,Denver Office,Sanjay Mikhailov Travel,"June 1, 2026, 12:00 AM","June 30, 2026, 12:00 AM",4988161,BUS-ORRNEW-SML,null,0,"2,179.99"
vanta-Sea,Denver Office,Sanjay Mikhailov Travel,"June 1, 2026, 12:00 AM","June 30, 2026, 12:00 AM",4994391,BUS-ORRNEW-TT,null,0,"1,135.61"
vanta-Sea,Denver Office,Aarav Mikhailov Travel,"June 1, 2026, 12:00 AM","June 30, 2026, 12:00 AM",4955081,6S-150ORRNEW,Short,0,"1,390.34"
vanta-Sea,Denver Office,Aarav Mikhailov Travel,"June 1, 2026, 12:00 AM","June 30, 2026, 12:00 AM",4986835,6S-150ORRNEW,Medium,0,"1,798.17"
vanta-Sea,Denver Office,Isha Mikhailov Travel,"June 1, 2026, 12:00 AM","June 30, 2026, 12:00 AM",4935012,4S-150ORRNEW,Short,0,"1,057.75"
vanta-Sea,Denver Office,Isha Mikhailov Travel,"May 1, 2026, 12:00 AM","May 31, 2026, 12:00 AM",4817788,4S-EV-Z,Medium,0,"1,275"
vanta-Sea,Denver Office,Anjali Mikhailov Travel,"July 1, 2026, 12:00 AM","July 31, 2026, 12:00 AM",5064803,4S-150ORRNEW,Long,0,"1,671.82"
vanta-Sea,Denver Office,Anjali Mikhailov Travel,"July 1, 2026, 12:00 AM","July 31, 2026, 12:00 AM",5011639,6S-150ORRNEW,Long,0,"2,194.1"
vanta-Sea,Denver Office,Priya Mikhailov Travel,"July 1, 2026, 12:00 AM","July 31, 2026, 12:00 AM",5045167,4S-150ORRNEW,Long,0,"1,671.82"
vanta-Sea,Denver Office,Isha Mikhailov Travel,"July 1, 2026, 12:00 AM","July 31, 2026, 12:00 AM",5019797,4S-150ORRNEW,Short,0,"1,077.27"
vanta-Sea,Denver Office,Isha Mikhailov Travel,"July 1, 2026, 12:00 AM","July 31, 2026, 12:00 AM",5078622,6S-EV-HTK,Medium,16.1,"1,875"
vanta-Sea,Denver Office,Sanjay Mikhailov Travel,"July 1, 2026, 12:00 AM","July 31, 2026, 12:00 AM",5065685,6S-150ORRNEW,Short,0,"1,416.36"
vanta-Sea,Denver Office,Karan Mikhailov Travel,"July 1, 2026, 12:00 AM","July 31, 2026, 12:00 AM",5048928,4S-WOW150ORRNEW,null,0,"1,952.46"
vanta-Sea,Denver Office,Isha Mikhailov Travel,"July 1, 2026, 12:00 AM","July 31, 2026, 12:00 AM",5006630,4S-150ORRNEW,Medium,0,"1,404.56"
vanta-Sea,Denver Office,Isha Mikhailov Travel,"July 1, 2026, 12:00 AM","July 31, 2026, 12:00 AM",5088478,4S-EV-Z,Long,0,"1,275"
vanta-Sea,Denver Office,Priya Mikhailov Travel,"July 1, 2026, 12:00 AM","July 31, 2026, 12:00 AM",5003934,4S-150ORRNEW,Medium,0,"1,404.56"
vanta-Sea,Denver Office,Aarav Mikhailov Travel,"July 1, 2026, 12:00 AM","July 31, 2026, 12:00 AM",5002354,6S-150ORRNEW,Long,0,"2,194.1"
vanta-Sea,Denver Office,Sanjay Mikhailov Travel,"July 1, 2026, 12:00 AM","July 31, 2026, 12:00 AM",5036200,4S-150ORRNEW,Medium,0,"1,404.56"
vanta-Sea,Denver Office,Aarav Mikhailov Travel,"July 1, 2026, 12:00 AM","July 31, 2026, 12:00 AM",5077334,4S-150ORRNEW,Medium,0,"1,404.56"
vanta-Sea,Denver Office,Sanjay Mikhailov Travel,"July 1, 2026, 12:00 AM","July 31, 2026, 12:00 AM",5061373,BUS-ORRNEW-SML,null,0,"2,238.01"
vanta-Sea,Denver Office,Isha Mikhailov Travel,"July 1, 2026, 12:00 AM","July 31, 2026, 12:00 AM",5061856,BUS-ORRNEW-TT,null,0,"2,657.1"
vanta-Sea,Denver Office,Karan Mikhailov Travel,"July 1, 2026, 12:00 AM","July 31, 2026, 12:00 AM",5082587,4S-WOW150ORRNEW,null,0,"1,952.46"
vanta-Sea,Denver Office,Anjali Mikhailov Travel,"July 1, 2026, 12:00 AM","July 31, 2026, 12:00 AM",5055289,4S-150ORRNEW,Medium,0,"1,404.56"
vanta-Sea,Denver Office,Sanjay Mikhailov Travel,"July 1, 2026, 12:00 AM","July 31, 2026, 12:00 AM",5089072,BUS-ORRNEW-TT,null,0,"1,022.67"
pinnacle-Slc,Clearwater Campus,Rahul Morozov Travel,"May 1, 2026, 12:00 AM","May 31, 2026, 12:00 AM",3170649,4Seater,Slab1,6.5,915
pinnacle-Slc,Clearwater Campus,Rahul Orlov Travel,"May 1, 2026, 12:00 AM","May 31, 2026, 12:00 AM",3106106,DV_Package,null,20.3,"2,289.48"
pinnacle-Slc,Oakmont Office,Rahul Mikhailov Travel,"May 1, 2026, 12:00 AM","May 31, 2026, 12:00 AM",3149729,4Seater,Slab2,13.11,"1,020"
pinnacle-Slc,Clearwater Campus,Amit Volkov Travel,"May 1, 2026, 12:00 AM","May 31, 2026, 12:00 AM",3125926,DV_Package,null,12.8,"1,526.31"
pinnacle-Slc,Willow Bend Campus,Amit Mikhailov Travel,"May 1, 2026, 12:00 AM","May 31, 2026, 12:00 AM",3111600,DV_Package,null,24.3,"1,526.31"
pinnacle-Slc,Clearwater Campus,Arjun Mikhailov Travel,"May 1, 2026, 12:00 AM","May 31, 2026, 12:00 AM",3119923,DV_Package,null,7.5,"1,526.31"
pinnacle-Slc,Oakmont Office,Rahul Morozov Travel,"May 1, 2026, 12:00 AM","May 31, 2026, 12:00 AM",3164155,6Seater,Slab2,10.9,"1,297.5"
pinnacle-Slc,Oakmont Office,Divya Mikhailov Travel,"May 1, 2026, 12:00 AM","May 31, 2026, 12:00 AM",3109706,4Seater,Slab1,4,"1,372.5"
pinnacle-Slc,Clearwater Campus,Divya Kozlov Travel,"May 1, 2026, 12:00 AM","May 31, 2026, 12:00 AM",3061397,6Seater,Slab2,20.4,"1,297.5"
pinnacle-Slc,Oakmont Office,Sanjay Mikhailov Travel,"May 1, 2026, 12:00 AM","May 31, 2026, 12:00 AM",3124858,DV_Package,null,6.3,"1,526.31"
pinnacle-Slc,Clearwater Campus,Karan Mikhailov Travel,"May 1, 2026, 12:00 AM","May 31, 2026, 12:00 AM",3060951,DV_Package,null,5,"1,144.74"
pinnacle-Slc,Willow Bend Campus,Rahul Orlov Travel,"May 1, 2026, 12:00 AM","May 31, 2026, 12:00 AM",3099682,DV_Package,null,24.42,"1,526.31"
pinnacle-Slc,Willow Bend Campus,Karan Mikhailov Travel,"May 1, 2026, 12:00 AM","May 31, 2026, 12:00 AM",3069143,4Seater,Slab1,8.5,"1,372.5"
pinnacle-Slc,Ashford Commons,Rohan Mikhailov Travel,"May 1, 2026, 12:00 AM","May 31, 2026, 12:00 AM",3100182,4Seater,Slab1,8.2,915
pinnacle-Slc,Willow Bend Campus,Aarav Mikhailov Travel,"May 1, 2026, 12:00 AM","May 31, 2026, 12:00 AM",3079975,4Seater,Slab2,20.3,"1,530"
pinnacle-Slc,Willow Bend Campus,Arjun Mikhailov Travel,"May 1, 2026, 12:00 AM","May 31, 2026, 12:00 AM",3157109,6Seater,Slab1,4.5,"1,140"
pinnacle-Slc,Clearwater Campus,Amit Mikhailov Travel,"May 1, 2026, 12:00 AM","May 31, 2026, 12:00 AM",3060112,DV_Package,null,15.73,"1,144.74"
pinnacle-Slc,Oakmont Office,Rahul Morozov Travel,"May 1, 2026, 12:00 AM","May 31, 2026, 12:00 AM",3068190,DV_Package,null,17.65,"1,526.31"
pinnacle-Slc,Willow Bend Campus,Divya Kozlov Travel,"May 1, 2026, 12:00 AM","May 31, 2026, 12:00 AM",3093513,4Seater,Slab2,16.55,"1,020"
pinnacle-Slc,Willow Bend Campus,Rahul Mikhailov Travel,"May 1, 2026, 12:00 AM","May 31, 2026, 12:00 AM",3063596,4Seater,Slab1,5,915
pinnacle-Slc,Clearwater Campus,Aarav Mikhailov Travel,"May 1, 2026, 12:00 AM","May 31, 2026, 12:00 AM",3053752,4Seater,Slab1,9.1,915
pinnacle-Slc,Willow Bend Campus,Rahul Morozov Travel,"May 1, 2026, 12:00 AM","May 31, 2026, 12:00 AM",3122033,DV_Package,null,9.56,"1,526.31"
pinnacle-Slc,Willow Bend Campus,Amit Mikhailov Travel,"May 1, 2026, 12:00 AM","May 31, 2026, 12:00 AM",3136767,DV_Package,null,27.27,"1,526.31"
pinnacle-Slc,Willow Bend Campus,Pooja Mikhailov Travel,"May 1, 2026, 12:00 AM","May 31, 2026, 12:00 AM",3122261,DV_Package,null,9,"1,144.74"
pinnacle-Slc,Oakmont Office,Pooja Mikhailov Travel,"May 1, 2026, 12:00 AM","May 31, 2026, 12:00 AM",3165849,4Seater,Slab2,14.5,"1,020"
pinnacle-Slc,Willow Bend Campus,Rohan Mikhailov Travel,"May 1, 2026, 12:00 AM","May 31, 2026, 12:00 AM",3072946,4Seater,Slab1,6,915
pinnacle-Slc,Clearwater Campus,Karan Mikhailov Travel,"May 1, 2026, 12:00 AM","May 31, 2026, 12:00 AM",3102163,4Seater,Slab2,15.01,"1,020"
pinnacle-Slc,Clearwater Campus,Aarav Mikhailov Travel,"May 1, 2026, 12:00 AM","May 31, 2026, 12:00 AM",3126574,4Seater,Slab3,28.52,"1,162.5"
pinnacle-Slc,Willow Bend Campus,Karan Mikhailov Travel,"June 1, 2026, 12:00 AM","June 30, 2026, 12:00 AM",3243874,4Seater,Slab2,16.19,"1,020"
pinnacle-Slc,Oakmont Office,Rohan Mikhailov Travel,"June 1, 2026, 12:00 AM","June 30, 2026, 12:00 AM",3290512,DV_Package,null,12.31,"1,318.18"
pinnacle-Slc,Oakmont Office,Karan Mikhailov Travel,"June 1, 2026, 12:00 AM","June 30, 2026, 12:00 AM",3226093,DV_Package,null,20.87,988.63
pinnacle-Slc,Willow Bend Campus,Rahul Orlov Travel,"June 1, 2026, 12:00 AM","June 30, 2026, 12:00 AM",3179307,DV_Package,null,11.7,"1,318.18"
pinnacle-Slc,Clearwater Campus,Pooja Mikhailov Travel,"June 1, 2026, 12:00 AM","June 30, 2026, 12:00 AM",3276405,4Seater,Slab1,7.9,915
pinnacle-Slc,Clearwater Campus,Amit Mikhailov Travel,"June 1, 2026, 12:00 AM","June 30, 2026, 12:00 AM",3196268,DV_Package,null,8.1,988.63
pinnacle-Slc,Willow Bend Campus,Sanjay Mikhailov Travel,"June 1, 2026, 12:00 AM","June 30, 2026, 12:00 AM",3281404,4Seater,Slab3,22.03,"1,162.5"
catalyst-Sac,Santa Clara Office,Divya Mikhailov Travel,"July 1, 2026, 12:00 AM","July 31, 2026, 12:00 AM",1517215,3S_Jan2024_CNG_AC,Zone_A,9.5,"1,440"
catalyst-Sac,Santa Clara Office,Vikram Mikhailov Travel,"July 1, 2026, 12:00 AM","July 31, 2026, 12:00 AM",1556741,3S_Jan2024_CNG_AC,Zone_B,26.68,"1,867.5"
catalyst-Sac,Redwood City Center,Aarav Mikhailov Travel,"July 1, 2026, 12:00 AM","July 31, 2026, 12:00 AM",1532655,3S_Jan2024_CNG_AC,Zone_B,26.5,"1,245"
vanta-Aus,Cedar Ridge Office,Priya Mikhailov Travel,"July 1, 2026, 12:00 AM","July 31, 2026, 12:00 AM",1216559,4S-EV-Z,Long,0,"1,200"
catalyst-Sac,Santa Clara Office,Divya Mikhailov Travel,"July 1, 2026, 12:00 AM","July 31, 2026, 12:00 AM",1530238,3S_Jan2024_CNG_AC,Zone_A,8.1,"1,440"
vanta-Aus,Cedar Ridge Office,Meera Pavlov Travel,"July 1, 2026, 12:00 AM","July 31, 2026, 12:00 AM",1218419,4S-EV-Z,Medium,0,"1,200"
catalyst-Sac,Santa Clara Office,Vikram Mikhailov Travel,"July 1, 2026, 12:00 AM","July 31, 2026, 12:00 AM",1546597,3S_Jan2024_CNG_AC,Zone_A,4.83,"1,440"
orbit-Slc,Lakeside Commons,Anjali Mikhailov Travel,"June 16, 2026, 12:00 AM","June 30, 2026, 12:00 AM",1295736,4SEATER_BTT_2025,0-20,19.14,960
catalyst-Sac,Santa Clara Office,Divya Mikhailov Travel,"July 1, 2026, 12:00 AM","July 31, 2026, 12:00 AM",1536433,3S_Jan2024_CNG_AC,Zone_B,23.73,"1,867.5"
orbit-Slc,Lakeside Commons,Anjali Mikhailov Travel,"July 1, 2026, 12:00 AM","July 15, 2026, 12:00 AM",1326806,4SEATER_BTT_2025,21-30,25.53,"1,665"
vanta-Aus,Cedar Ridge Office,Sanjay Mikhailov Travel,"July 1, 2026, 12:00 AM","July 31, 2026, 12:00 AM",1223138,4S-HYD,Short,0,968.58
catalyst-Sac,Crestwood Campus,Divya Mikhailov Travel,"July 1, 2026, 12:00 AM","July 31, 2026, 12:00 AM",1539308,5S_Jan2024_CNG_AC,Zone_A,11.5,"1,203"
catalyst-Sac,Santa Clara Office,Vikram Mikhailov Travel,"July 1, 2026, 12:00 AM","July 31, 2026, 12:00 AM",1559955,3S_Jan2024_CNG_AC,Zone_B,28.69,"1,245"
vanta-Aus,Cedar Ridge Office,Sneha Mikhailov Travel,"July 1, 2026, 12:00 AM","July 31, 2026, 12:00 AM",1205558,6S-HYD,Short,0,"1,254.43"
orbit-Slc,Cedar Ridge Office,Rahul Mikhailov Travel,"July 1, 2026, 12:00 AM","July 15, 2026, 12:00 AM",1321274,4Seater-LVT-July,0-20,14.82,885
pinnacle-Slc,Oakmont Office,Pooja Mikhailov Travel,"July 1, 2026, 12:00 AM","July 31, 2026, 12:00 AM",3339545,DV_Package,null,24.08,945.66
pinnacle-Slc,Oakmont Office,Sanjay Mikhailov Travel,"July 1, 2026, 12:00 AM","July 31, 2026, 12:00 AM",3358107,4Seater,Slab1,7.89,915
pinnacle-Slc,Willow Bend Campus,Amit Mikhailov Travel,"July 1, 2026, 12:00 AM","July 31, 2026, 12:00 AM",3460198,DV_Package,null,8.6,945.66
pinnacle-Slc,Clearwater Campus,Amit Volkov Travel,"July 1, 2026, 12:00 AM","July 31, 2026, 12:00 AM",3386162,4Seater,Slab2,20.32,"1,020"
pinnacle-Slc,Clearwater Campus,Karan Mikhailov Travel,"July 1, 2026, 12:00 AM","July 31, 2026, 12:00 AM",3440416,DV_Package,null,21.97,"1,260.87"
pinnacle-Slc,Clearwater Campus,Amit Mikhailov Travel,"July 1, 2026, 12:00 AM","July 31, 2026, 12:00 AM",3401143,4Seater,Slab1,5.75,915
pinnacle-Slc,Clearwater Campus,Aarav Mikhailov Travel,"July 1, 2026, 12:00 AM","July 31, 2026, 12:00 AM",3395747,DV_Package,null,14.78,"1,260.87"
vanta-Aus,Cedar Ridge Office,Sneha Mikhailov Travel,"May 1, 2026, 12:00 AM","May 31, 2026, 12:00 AM",1135434,4S-HYD,Medium,0,"1,140"
vanta-Aus,Cedar Ridge Office,Meera Pavlov Travel,"May 1, 2026, 12:00 AM","May 31, 2026, 12:00 AM",1139489,4S-HYD,Long,0,"1,354.5"
catalyst-Sac,Santa Clara Office,Vikram Mikhailov Travel,"May 1, 2026, 12:00 AM","May 31, 2026, 12:00 AM",1445132,3S_Jan2024_CNG_AC,Zone_B,20.4,"1,218.75"
vanta-Aus,Cedar Ridge Office,Anjali Mikhailov Travel,"May 1, 2026, 12:00 AM","May 31, 2026, 12:00 AM",1144435,6S-HYD,Short,0,"1,227"
vanta-Aus,Cedar Ridge Office,Sneha Mikhailov Travel,"May 1, 2026, 12:00 AM","May 31, 2026, 12:00 AM",1144088,6S-HYD,Short,0,"1,227"
vanta-Aus,Cedar Ridge Office,Priya Mikhailov Travel,"May 1, 2026, 12:00 AM","May 31, 2026, 12:00 AM",1112954,6S-HYD,Short,0,"1,227"
catalyst-Sac,Santa Clara Office,Vikram Mikhailov Travel,"May 1, 2026, 12:00 AM","May 31, 2026, 12:00 AM",1465982,3S_Jan2024_CNG_AC,Zone_B,16.3,"1,828.13"
catalyst-Sac,Santa Clara Office,Vikram Mikhailov Travel,"May 1, 2026, 12:00 AM","May 31, 2026, 12:00 AM",1442871,3S_Jan2024_CNG_AC,Zone_B,28.5,"1,218.75"
catalyst-Sac,Santa Clara Office,Rohan Mikhailov Travel,"May 1, 2026, 12:00 AM","May 31, 2026, 12:00 AM",1455903,3S_Jan2024_CNG_AC,Zone_A,2.2,"1,420.32"
orbit-Slc,Eastgate Office,Rohan Mikhailov Travel,"May 1, 2026, 12:00 AM","May 15, 2026, 12:00 AM",1226863,NPT_4_SEATER,Slab1,19.9,"1,170"
vanta-Aus,Cedar Ridge Office,Sanjay Mikhailov Travel,"May 1, 2026, 12:00 AM","May 31, 2026, 12:00 AM",1102547,6S-HYD,Short,0,"1,227"
catalyst-Sac,Santa Clara Office,Rohan Mikhailov Travel,"May 1, 2026, 12:00 AM","May 31, 2026, 12:00 AM",1465217,3S_Jan2024_CNG_AC,Zone_B,25.1,"1,218.75"
vanta-Aus,Cedar Ridge Office,Sanjay Mikhailov Travel,"May 1, 2026, 12:00 AM","May 31, 2026, 12:00 AM",1141539,4S-HYD,Medium,0,"1,140"
orbit-Slc,Lakeside Commons,Rahul Mikhailov Travel,"May 1, 2026, 12:00 AM","May 15, 2026, 12:00 AM",1219775,4Seater-LVT-July,31-above,32.89,"1,297.5"
orbit-Slc,Eastgate Office,Rohan Mikhailov Travel,"May 1, 2026, 12:00 AM","May 15, 2026, 12:00 AM",1226392,NPT_4_SEATER,Slab1,28.04,"1,170"
orbit-Slc,Lakeside Commons,Anjali Mikhailov Travel,"May 1, 2026, 12:00 AM","May 15, 2026, 12:00 AM",1226131,12SEATER_BTT_2025,31-above,37.75,"3,487.5"
orbit-Slc,Cedar Ridge Office,Rahul Mikhailov Travel,"May 1, 2026, 12:00 AM","May 15, 2026, 12:00 AM",1215551,8Seater-LVT-July,21-30,28.8,"1,372.5"
catalyst-Sac,Santa Clara Office,Divya Mikhailov Travel,"May 1, 2026, 12:00 AM","May 31, 2026, 12:00 AM",1472944,3S_Jan2024_CNG_AC,Zone_B,24.3,"1,828.13"
vanta-Aus,Cedar Ridge Office,Anjali Mikhailov Travel,"June 1, 2026, 12:00 AM","June 30, 2026, 12:00 AM",1194506,6S-HYD,Short,0,"1,227"
vanta-Aus,Cedar Ridge Office,Anjali Mikhailov Travel,"June 1, 2026, 12:00 AM","June 30, 2026, 12:00 AM",1169148,6S-HYD,Medium,0,"1,629"
orbit-Slc,Eastgate Office,Rohan Mikhailov Travel,"May 16, 2026, 12:00 AM","May 31, 2026, 12:00 AM",1232286,NPT_4_SEATER,Slab1,18.67,"1,170"
pinnacle-Slc,Oakmont Office,Rohan Mikhailov Travel,"June 1, 2026, 12:00 AM","June 30, 2026, 12:00 AM",3181701,DV_Package,null,11.8,988.63
pinnacle-Slc,Oakmont Office,Karan Mikhailov Travel,"June 1, 2026, 12:00 AM","June 30, 2026, 12:00 AM",3288602,4Seater,Slab1,3.9,915
pinnacle-Slc,Clearwater Campus,Divya Sokolov Travel,"June 1, 2026, 12:00 AM","June 30, 2026, 12:00 AM",3229731,DV_Package,null,14.22,"1,318.18"
pinnacle-Slc,Clearwater Campus,Arjun Mikhailov Travel,"June 1, 2026, 12:00 AM","June 30, 2026, 12:00 AM",3229963,6Seater,Slab1,5.6,"1,140"
pinnacle-Slc,Clearwater Campus,Rahul Morozov Travel,"June 1, 2026, 12:00 AM","June 30, 2026, 12:00 AM",3284550,6Seater,Slab1,7.43,"1,140"
pinnacle-Slc,Oakmont Office,Amit Mikhailov Travel,"June 1, 2026, 12:00 AM","June 30, 2026, 12:00 AM",3295563,4Seater,Slab2,17,"1,020"
pinnacle-Slc,Willow Bend Campus,Sanjay Mikhailov Travel,"June 1, 2026, 12:00 AM","June 30, 2026, 12:00 AM",3200700,4Seater,Slab1,9,915
pinnacle-Slc,Willow Bend Campus,Rahul Orlov Travel,"June 1, 2026, 12:00 AM","June 30, 2026, 12:00 AM",3323704,DV_Package,null,21.54,988.61
pinnacle-Slc,Clearwater Campus,Arjun Mikhailov Travel,"June 1, 2026, 12:00 AM","June 30, 2026, 12:00 AM",3236120,4Seater,Slab1,7.35,915
pinnacle-Slc,Clearwater Campus,Rahul Mikhailov Travel,"June 1, 2026, 12:00 AM","June 30, 2026, 12:00 AM",3225692,4Seater,Slab1,5.49,915
pinnacle-Slc,Willow Bend Campus,Amit Mikhailov Travel,"June 1, 2026, 12:00 AM","June 30, 2026, 12:00 AM",3192779,4Seater,Slab3,23.7,"1,162.5"
pinnacle-Slc,Oakmont Office,Rahul Morozov Travel,"June 1, 2026, 12:00 AM","June 30, 2026, 12:00 AM",3280706,6Seater,Slab4,35.66,"1,687.5"
pinnacle-Slc,Clearwater Campus,Pooja Mikhailov Travel,"June 1, 2026, 12:00 AM","June 30, 2026, 12:00 AM",3182800,DV_Package,null,8,"1,318.18"
pinnacle-Slc,Willow Bend Campus,Amit Mikhailov Travel,"June 1, 2026, 12:00 AM","June 30, 2026, 12:00 AM",3317576,4Seater,Slab1,6.9,915
pinnacle-Slc,Clearwater Campus,Rohan Mikhailov Travel,"June 1, 2026, 12:00 AM","June 30, 2026, 12:00 AM",3196660,4Seater,Slab1,8.6,915
pinnacle-Slc,Oakmont Office,Rohan Mikhailov Travel,"June 1, 2026, 12:00 AM","June 30, 2026, 12:00 AM",3266921,4Seater,Slab3,20.82,"1,162.5"
pinnacle-Slc,Clearwater Campus,Rohan Mikhailov Travel,"June 1, 2026, 12:00 AM","June 30, 2026, 12:00 AM",3292914,4Seater,Slab2,12.5,"1,020"
pinnacle-Slc,Willow Bend Campus,Aarav Mikhailov Travel,"June 1, 2026, 12:00 AM","June 30, 2026, 12:00 AM",3228621,4Seater,Slab1,9.3,"1,372.5"
catalyst-Sac,Santa Clara Office,Divya Mikhailov Travel,"June 1, 2026, 12:00 AM","June 30, 2026, 12:00 AM",1507564,3S_Jan2024_CNG_AC,Zone_C,31.25,"2,210.63"
vanta-Aus,Cedar Ridge Office,Priya Mikhailov Travel,"June 1, 2026, 12:00 AM","June 30, 2026, 12:00 AM",1195237,4S-EV-Z,Medium,0,"1,200"
vanta-Aus,Cedar Ridge Office,Priya Mikhailov Travel,"June 1, 2026, 12:00 AM","June 30, 2026, 12:00 AM",1175822,4S-EV-Z,Long,0,"1,200"
catalyst-Sac,Santa Clara Office,Vikram Mikhailov Travel,"June 1, 2026, 12:00 AM","June 30, 2026, 12:00 AM",1510554,3S_Jan2024_CNG_AC,Zone_B,23.9,"1,237.5"
vanta-Aus,Cedar Ridge Office,Sneha Mikhailov Travel,"June 1, 2026, 12:00 AM","June 30, 2026, 12:00 AM",1187725,4S-HYD,Short,0,948
vanta-Aus,Cedar Ridge Office,Priya Mikhailov Travel,"June 1, 2026, 12:00 AM","June 30, 2026, 12:00 AM",1175209,4S-EV-Z,Medium,0,"1,200"
vanta-Aus,Cedar Ridge Office,Priya Mikhailov Travel,"June 1, 2026, 12:00 AM","June 30, 2026, 12:00 AM",1179976,4S-EV-Z,Medium,0,"1,200"
vanta-Aus,Cedar Ridge Office,Sneha Mikhailov Travel,"June 1, 2026, 12:00 AM","June 30, 2026, 12:00 AM",1177843,4S-HYD,Medium,0,"1,140"
catalyst-Sac,Crestwood Campus,Vikram Mikhailov Travel,"June 1, 2026, 12:00 AM","June 30, 2026, 12:00 AM",1500834,3S_Jan2024_CNG_AC,Zone_A,12,"1,434.38"
vanta-Aus,Cedar Ridge Office,Anjali Mikhailov Travel,"June 1, 2026, 12:00 AM","June 30, 2026, 12:00 AM",1163382,4S-HYD,Long,0,"1,354.5"
vanta-Aus,Cedar Ridge Office,Meera Pavlov Travel,"June 1, 2026, 12:00 AM","June 30, 2026, 12:00 AM",1167575,4S-HYD,Medium,0,"1,140"
orbit-Slc,Lakeside Commons,Rahul Mikhailov Travel,"June 16, 2026, 12:00 AM","June 30, 2026, 12:00 AM",1283148,4Seater-LVT-July,31-above,36.4,"1,297.5"
orbit-Slc,Cedar Ridge Office,Rahul Mikhailov Travel,"June 16, 2026, 12:00 AM","June 30, 2026, 12:00 AM",1285560,4Seater-LVT-July,21-30,21,"1,072.5"
pinnacle-Slc,Willow Bend Campus,Aarav Mikhailov Travel,"June 1, 2026, 12:00 AM","June 30, 2026, 12:00 AM",3267523,DV_Package,null,7.6,988.63
pinnacle-Slc,Clearwater Campus,Rohan Mikhailov Travel,"June 1, 2026, 12:00 AM","June 30, 2026, 12:00 AM",3319316,6Seater,Slab2,18.9,"1,297.5"
pinnacle-Slc,Clearwater Campus,Rohan Mikhailov Travel,"June 1, 2026, 12:00 AM","June 30, 2026, 12:00 AM",3188474,4Seater,Slab1,6.2,915
pinnacle-Slc,Clearwater Campus,Amit Mikhailov Travel,"June 1, 2026, 12:00 AM","June 30, 2026, 12:00 AM",3319551,4Seater,Slab1,4.5,915
pinnacle-Slc,Oakmont Office,Arjun Mikhailov Travel,"June 1, 2026, 12:00 AM","June 30, 2026, 12:00 AM",3205236,DV_Package,null,8.3,"1,977.27"
pinnacle-Slc,Oakmont Office,Aarav Mikhailov Travel,"June 1, 2026, 12:00 AM","June 30, 2026, 12:00 AM",3174426,4Seater,Slab1,1.62,915
pinnacle-Slc,Willow Bend Campus,Karan Mikhailov Travel,"July 1, 2026, 12:00 AM","July 31, 2026, 12:00 AM",3371975,4Seater,Slab3,24.3,"1,743.75"
pinnacle-Slc,Oakmont Office,Divya Mikhailov Travel,"July 1, 2026, 12:00 AM","July 31, 2026, 12:00 AM",3424629,4Seater,Slab1,7.8,915
pinnacle-Slc,Clearwater Campus,Aarav Mikhailov Travel,"July 1, 2026, 12:00 AM","July 31, 2026, 12:00 AM",3452262,4Seater,Slab1,4.36,915
orbit-Slc,Lakeside Commons,Rahul Mikhailov Travel,"July 1, 2026, 12:00 AM","July 15, 2026, 12:00 AM",1322071,4Seater-LVT-July,0-20,13.1,885
orbit-Slc,Lakeside Commons,Anjali Mikhailov Travel,"July 16, 2026, 12:00 AM","July 31, 2026, 12:00 AM",1341651,8SEATER_BTT_2025,0-20,20,"1,260"
orbit-Slc,Eastgate Office,Rohan Mikhailov Travel,"July 16, 2026, 12:00 AM","July 31, 2026, 12:00 AM",1359169,NPT_4_SEATER,Slab1,19.75,"1,873.5"
orbit-Slc,Lakeside Commons,Rahul Mikhailov Travel,"July 16, 2026, 12:00 AM","July 31, 2026, 12:00 AM",1354498,4Seater-LVT-July,31-above,35.4,"1,297.5"
orbit-Slc,Eastgate Office,Rohan Mikhailov Travel,"July 16, 2026, 12:00 AM","July 31, 2026, 12:00 AM",1360043,NPT4_SEATER_EV,Slab 1,20.03,"1,170"
vanta-Sea,Denver Office,Sanjay Mikhailov Travel,"June 1, 2026, 12:00 AM","June 30, 2026, 12:00 AM",4918962,4S-150ORRNEW,Medium,0,"1,365.5"
vanta-Sea,Denver Office,Priya Mikhailov Travel,"June 1, 2026, 12:00 AM","June 30, 2026, 12:00 AM",4916402,4S-150ORRNEW,Long,0,"1,613.25"
vanta-Sea,Denver Office,Aarav Petrov Travel,"June 1, 2026, 12:00 AM","June 30, 2026, 12:00 AM",4917090,4S-150ORRNEW,Long,0,"1,613.25"
vanta-Sea,Denver Office,Anjali Mikhailov Travel,"June 1, 2026, 12:00 AM","June 30, 2026, 12:00 AM",4936716,BUS-ORRNEW-SML,null,0,"2,786.65"
vanta-Sea,Denver Office,Aarav Mikhailov Travel,"June 1, 2026, 12:00 AM","June 30, 2026, 12:00 AM",4924997,BUS-ORRNEW-TT,null,0,"2,649.75"
vanta-Sea,Denver Office,Sanjay Mikhailov Travel,"June 1, 2026, 12:00 AM","June 30, 2026, 12:00 AM",4939414,BUS-ORRNEW-SML,null,0,"2,329.99"
vanta-Sea,Denver Office,Priya Mikhailov Travel,"June 1, 2026, 12:00 AM","June 30, 2026, 12:00 AM",4964907,4S-150ORRNEW,Medium,0,"1,365.5"
vanta-Sea,Denver Office,Aarav Mikhailov Travel,"May 1, 2026, 12:00 AM","May 31, 2026, 12:00 AM",4873229,4S-150ORRNEW,Medium,0,"1,365.5"
vanta-Sea,Denver Office,Priya Mikhailov Travel,"May 1, 2026, 12:00 AM","May 31, 2026, 12:00 AM",4848474,4S-EV-Z,Long,0,"1,275"
vanta-Sea,Denver Office,Aarav Mikhailov Travel,"May 1, 2026, 12:00 AM","May 31, 2026, 12:00 AM",4873814,4S-150ORRNEW,Medium,0,"1,365.5"
vanta-Sea,Denver Office,Anjali Mikhailov Travel,"May 1, 2026, 12:00 AM","May 31, 2026, 12:00 AM",4854097,4S-EV-Z,Medium,0,"1,275"
vanta-Sea,Denver Office,Isha Mikhailov Travel,"June 1, 2026, 12:00 AM","June 30, 2026, 12:00 AM",4939177,BUS-ORRNEW-TT,null,0,860.91
vanta-Sea,Denver Office,Aarav Mikhailov Travel,"May 1, 2026, 12:00 AM","May 31, 2026, 12:00 AM",4819295,4S-150ORRNEW,Short,0,"1,057.75"
vanta-Sea,Denver Office,Priya Mikhailov Travel,"June 1, 2026, 12:00 AM","June 30, 2026, 12:00 AM",4984953,4S-150ORRNEW,Medium,0,"1,365.5"
vanta-Sea,Denver Office,Priya Mikhailov Travel,"June 1, 2026, 12:00 AM","June 30, 2026, 12:00 AM",4990787,4S-EV-Z,Medium,0,"1,275"
vanta-Sea,Denver Office,Isha Mikhailov Travel,"May 1, 2026, 12:00 AM","May 31, 2026, 12:00 AM",4835142,4S-150ORRNEW,Short,0,"1,057.75"
vanta-Sea,Denver Office,Aarav Mikhailov Travel,"May 1, 2026, 12:00 AM","May 31, 2026, 12:00 AM",4874969,BUS-ORRNEW-SML,null,0,"2,403.49"
vanta-Sea,Denver Office,Aarav Mikhailov Travel,"June 1, 2026, 12:00 AM","June 30, 2026, 12:00 AM",4909627,4S-150ORRNEW,Long,0,"1,613.25"
vanta-Sea,Denver Office,Sanjay Mikhailov Travel,"June 1, 2026, 12:00 AM","June 30, 2026, 12:00 AM",4926987,6S-150ORRNEW,Short,0,"1,390.34"
vanta-Sea,Denver Office,Isha Mikhailov Travel,"May 1, 2026, 12:00 AM","May 31, 2026, 12:00 AM",4870464,4S-150ORRNEW,Long,0,"1,613.25"
vanta-Sea,Denver Office,Sanjay Mikhailov Travel,"June 1, 2026, 12:00 AM","June 30, 2026, 12:00 AM",4927915,4S-EV-Z,Medium,0,"1,275"
vanta-Sea,Denver Office,Sanjay Mikhailov Travel,"May 1, 2026, 12:00 AM","May 31, 2026, 12:00 AM",4861626,4S-150ORRNEW,Long,0,"1,613.25"
vanta-Sea,Denver Office,Anjali Mikhailov Travel,"June 1, 2026, 12:00 AM","June 30, 2026, 12:00 AM",4915923,4S-150ORRNEW,Long,0,"1,613.25"
vanta-Sea,Denver Office,Isha Mikhailov Travel,"June 1, 2026, 12:00 AM","June 30, 2026, 12:00 AM",4954117,6S-150ORRNEW,Medium,0,"1,798.17"
vanta-Sea,Denver Office,Priya Mikhailov Travel,"May 1, 2026, 12:00 AM","May 31, 2026, 12:00 AM",4826265,6S-150ORRNEW,Medium,0,"1,798.17"
vanta-Sea,Denver Office,Anjali Mikhailov Travel,"May 1, 2026, 12:00 AM","May 31, 2026, 12:00 AM",4852088,BUS-ORRNEW-SML,null,0,"3,264.66"
vanta-Sea,Denver Office,Priya Mikhailov Travel,"June 1, 2026, 12:00 AM","June 30, 2026, 12:00 AM",4908415,6S-150ORRNEW,Medium,0,"1,798.17"
vanta-Sea,Denver Office,Aarav Mikhailov Travel,"May 1, 2026, 12:00 AM","May 31, 2026, 12:00 AM",4817575,6S-150ORRNEW,Medium,0,"1,798.17"
vanta-Sea,Denver Office,Sanjay Mikhailov Travel,"June 1, 2026, 12:00 AM","June 30, 2026, 12:00 AM",4935492,4S-EV-Z,Medium,0,"1,275"
vanta-Sea,Denver Office,Isha Mikhailov Travel,"July 1, 2026, 12:00 AM","July 31, 2026, 12:00 AM",5026001,4S-150ORRNEW,Long,0,"1,671.82"
vanta-Sea,Denver Office,Priya Mikhailov Travel,"July 1, 2026, 12:00 AM","July 31, 2026, 12:00 AM",5027487,4S-150ORRNEW,Long,0,"1,671.82"
vanta-Sea,Denver Office,Isha Mikhailov Travel,"July 1, 2026, 12:00 AM","July 31, 2026, 12:00 AM",5098911,4S-EV-Z,Short,0,"1,275"
vanta-Sea,Denver Office,Aarav Petrov Travel,"July 1, 2026, 12:00 AM","July 31, 2026, 12:00 AM",5078127,4S-EV-Z,Short,0,"1,275"
vanta-Sea,Denver Office,Isha Mikhailov Travel,"July 1, 2026, 12:00 AM","July 31, 2026, 12:00 AM",5078902,4S-150ORRNEW,Medium,0,"1,404.56"
vanta-Sea,Denver Office,Priya Mikhailov Travel,"July 1, 2026, 12:00 AM","July 31, 2026, 12:00 AM",5073520,4S-150ORRNEW,Long,0,"1,671.82"
vanta-Sea,Denver Office,Karan Mikhailov Travel,"July 1, 2026, 12:00 AM","July 31, 2026, 12:00 AM",5099827,4S-WOW150ORRNEW,null,0,"1,952.46"
vanta-Sea,Denver Office,Aarav Mikhailov Travel,"July 1, 2026, 12:00 AM","July 31, 2026, 12:00 AM",5026646,4S-150ORRNEW,Long,0,"1,671.82"
vanta-Sea,Denver Office,Sanjay Mikhailov Travel,"July 1, 2026, 12:00 AM","July 31, 2026, 12:00 AM",5028058,4S-EV-Z,Short,0,"1,275"
vanta-Sea,Denver Office,Aarav Mikhailov Travel,"July 1, 2026, 12:00 AM","July 31, 2026, 12:00 AM",5001907,4S-EV-Z,Short,0,"1,275"
vanta-Sea,Denver Office,Sanjay Mikhailov Travel,"July 1, 2026, 12:00 AM","July 31, 2026, 12:00 AM",5035007,4S-150ORRNEW,Long,0,"1,671.82"
vanta-Sea,Denver Office,Sanjay Mikhailov Travel,"July 1, 2026, 12:00 AM","July 31, 2026, 12:00 AM",5062655,4S-150ORRNEW,Long,0,"1,671.82"
vanta-Sea,Denver Office,Isha Mikhailov Travel,"July 1, 2026, 12:00 AM","July 31, 2026, 12:00 AM",5093104,4S-150ORRNEW,Long,0,"1,671.82"
vanta-Sea,Denver Office,Priya Mikhailov Travel,"July 1, 2026, 12:00 AM","July 31, 2026, 12:00 AM",5009664,4S-150ORRNEW,Long,0,"1,671.82"
vanta-Sea,Denver Office,Anjali Mikhailov Travel,"July 1, 2026, 12:00 AM","July 31, 2026, 12:00 AM",5020387,6S-150ORRNEW,Medium,0,"1,850.24"
vanta-Sea,Denver Office,Sanjay Mikhailov Travel,"July 1, 2026, 12:00 AM","July 31, 2026, 12:00 AM",5015039,4S-EV-Z,Medium,0,"1,275"
vanta-Sea,Denver Office,Aarav Mikhailov Travel,"July 1, 2026, 12:00 AM","July 31, 2026, 12:00 AM",5022364,4S-150ORRNEW,Medium,0,"1,404.56"
vanta-Sea,Denver Office,Anjali Mikhailov Travel,"July 1, 2026, 12:00 AM","July 31, 2026, 12:00 AM",5102900,BUS-ORRNEW-TT,null,0,"2,135.32"
pinnacle-Slc,Willow Bend Campus,Divya Mikhailov Travel,"May 1, 2026, 12:00 AM","May 31, 2026, 12:00 AM",3121819,DV_Package,null,15.25,"1,526.31"
pinnacle-Slc,Willow Bend Campus,Divya Sokolov Travel,"May 1, 2026, 12:00 AM","May 31, 2026, 12:00 AM",3091709,4Seater,Slab1,9.39,915
pinnacle-Slc,Oakmont Office,Rahul Mikhailov Travel,"May 1, 2026, 12:00 AM","May 31, 2026, 12:00 AM",3169961,4Seater,Slab1,3.3,"1,372.5"
pinnacle-Slc,Clearwater Campus,Arjun Mikhailov Travel,"May 1, 2026, 12:00 AM","May 31, 2026, 12:00 AM",3135522,4Seater,Slab1,2.94,915
pinnacle-Slc,Clearwater Campus,Aarav Mikhailov Travel,"May 1, 2026, 12:00 AM","May 31, 2026, 12:00 AM",3139332,4Seater,Slab1,2.9,915
pinnacle-Slc,Clearwater Campus,Divya Sokolov Travel,"May 1, 2026, 12:00 AM","May 31, 2026, 12:00 AM",3081261,4Seater,Slab2,15,"1,020"
pinnacle-Slc,Clearwater Campus,Aarav Mikhailov Travel,"May 1, 2026, 12:00 AM","May 31, 2026, 12:00 AM",3071207,4Seater,Slab3,22.83,"1,162.5"
pinnacle-Slc,Clearwater Campus,Sanjay Mikhailov Travel,"May 1, 2026, 12:00 AM","May 31, 2026, 12:00 AM",3090865,4Seater,Slab1,4,915
pinnacle-Slc,Willow Bend Campus,Arjun Mikhailov Travel,"May 1, 2026, 12:00 AM","May 31, 2026, 12:00 AM",3065771,6Seater,Slab3,25.51,"1,500"
pinnacle-Slc,Oakmont Office,Pooja Mikhailov Travel,"May 1, 2026, 12:00 AM","May 31, 2026, 12:00 AM",3148747,DV_Package,null,16.73,"1,144.74"
pinnacle-Slc,Willow Bend Campus,Divya Kozlov Travel,"May 1, 2026, 12:00 AM","May 31, 2026, 12:00 AM",3085810,4Seater,Slab1,1.7,915
pinnacle-Slc,Clearwater Campus,Rohan Mikhailov Travel,"May 1, 2026, 12:00 AM","May 31, 2026, 12:00 AM",3128380,DV_Package,null,7.2,"1,144.74"
pinnacle-Slc,Clearwater Campus,Karan Mikhailov Travel,"May 1, 2026, 12:00 AM","May 31, 2026, 12:00 AM",3059466,4Seater,Slab3,26.6,"1,162.5"
pinnacle-Slc,Clearwater Campus,Karan Mikhailov Travel,"May 1, 2026, 12:00 AM","May 31, 2026, 12:00 AM",3088575,DV_Package,null,8.9,"1,526.31"
pinnacle-Slc,Willow Bend Campus,Divya Sokolov Travel,"May 1, 2026, 12:00 AM","May 31, 2026, 12:00 AM",3142481,4Seater,Slab1,7.11,915
pinnacle-Slc,Oakmont Office,Rohan Mikhailov Travel,"May 1, 2026, 12:00 AM","May 31, 2026, 12:00 AM",3093767,DV_Package,null,26.74,"1,144.74"
pinnacle-Slc,Clearwater Campus,Aarav Mikhailov Travel,"May 1, 2026, 12:00 AM","May 31, 2026, 12:00 AM",3116971,DV_Package,null,1.42,"1,526.31"
pinnacle-Slc,Oakmont Office,Rohan Mikhailov Travel,"May 1, 2026, 12:00 AM","May 31, 2026, 12:00 AM",3116105,4Seater,Slab1,9.7,915
pinnacle-Slc,Oakmont Office,Rahul Morozov Travel,"June 1, 2026, 12:00 AM","June 30, 2026, 12:00 AM",3301347,4Seater,Slab1,4.11,915
pinnacle-Slc,Oakmont Office,Rahul Orlov Travel,"June 1, 2026, 12:00 AM","June 30, 2026, 12:00 AM",3251185,DV_Package,null,2.24,"1,318.18"
pinnacle-Slc,Oakmont Office,Rohan Mikhailov Travel,"June 1, 2026, 12:00 AM","June 30, 2026, 12:00 AM",3301830,DV_Package,null,9.71,"1,318.18"
pinnacle-Slc,Oakmont Office,Aarav Mikhailov Travel,"June 1, 2026, 12:00 AM","June 30, 2026, 12:00 AM",3295792,4Seater,Slab1,2,"1,372.5"
pinnacle-Slc,Clearwater Campus,Sanjay Mikhailov Travel,"June 1, 2026, 12:00 AM","June 30, 2026, 12:00 AM",3260356,4Seater,Slab3,22.02,"1,162.5"
catalyst-Sac,Santa Clara Office,Rohan Mikhailov Travel,"July 1, 2026, 12:00 AM","July 31, 2026, 12:00 AM",1552023,3S_Jan2024_CNG_AC,Zone_B,13.85,"1,867.5"
vanta-Aus,Cedar Ridge Office,Priya Mikhailov Travel,"July 1, 2026, 12:00 AM","July 31, 2026, 12:00 AM",1243614,4S-EV-Z,Long,0,"1,200"
vanta-Aus,Cedar Ridge Office,Anjali Mikhailov Travel,"July 1, 2026, 12:00 AM","July 31, 2026, 12:00 AM",1218748,6S-HYD,XLong,0,"1,984.74"
orbit-Slc,Eastgate Office,Rohan Mikhailov Travel,"June 16, 2026, 12:00 AM","June 30, 2026, 12:00 AM",1287720,NPT_4_SEATER,Slab1,13.25,"1,873.5"
vanta-Aus,Cedar Ridge Office,Meera Pavlov Travel,"July 1, 2026, 12:00 AM","July 31, 2026, 12:00 AM",1221675,4S-HYD,Medium,0,"1,181.14"
catalyst-Sac,Santa Clara Office,Vikram Mikhailov Travel,"July 1, 2026, 12:00 AM","July 31, 2026, 12:00 AM",1539641,3S_Jan2024_CNG_AC,Zone_B,23.95,"1,245"
vanta-Aus,Cedar Ridge Office,Sneha Mikhailov Travel,"July 1, 2026, 12:00 AM","July 31, 2026, 12:00 AM",1233870,4S-EV-Z,Short,0,"1,200"
orbit-Slc,Cedar Ridge Office,Rahul Mikhailov Travel,"July 1, 2026, 12:00 AM","July 15, 2026, 12:00 AM",1316096,4Seater-LVT-July,0-20,11.37,885
catalyst-Sac,Santa Clara Office,Vikram Mikhailov Travel,"July 1, 2026, 12:00 AM","July 31, 2026, 12:00 AM",1554758,3S_Jan2024_CNG_AC,Zone_B,22.16,"1,867.5"
orbit-Slc,Lakeside Commons,Anjali Mikhailov Travel,"July 1, 2026, 12:00 AM","July 15, 2026, 12:00 AM",1325112,4SEATER_BTT_2025,21-30,26.5,"1,665"
orbit-Slc,Lakeside Commons,Rahul Mikhailov Travel,"July 1, 2026, 12:00 AM","July 15, 2026, 12:00 AM",1327277,4Seater-LVT-July,0-20,7.7,885
orbit-Slc,Lakeside Commons,Rahul Mikhailov Travel,"July 1, 2026, 12:00 AM","July 15, 2026, 12:00 AM",1332576,4Seater-LVT-July,0-20,10.6,885
pinnacle-Slc,Willow Bend Campus,Rahul Orlov Travel,"July 1, 2026, 12:00 AM","July 31, 2026, 12:00 AM",3403700,DV_Package,null,18.93,"1,260.87"
pinnacle-Slc,Clearwater Campus,Rahul Mikhailov Travel,"July 1, 2026, 12:00 AM","July 31, 2026, 12:00 AM",3422413,4Seater,Slab1,9.5,915
pinnacle-Slc,Willow Bend Campus,Rohan Mikhailov Travel,"July 1, 2026, 12:00 AM","July 31, 2026, 12:00 AM",3397254,4Seater,Slab2,11.4,"1,020"
pinnacle-Slc,Oakmont Office,Rahul Mikhailov Travel,"July 1, 2026, 12:00 AM","July 31, 2026, 12:00 AM",3397480,4Seater,Slab2,19.7,"1,020"
pinnacle-Slc,Clearwater Campus,Arjun Mikhailov Travel,"July 1, 2026, 12:00 AM","July 31, 2026, 12:00 AM",3461708,4Seater,Slab1,9.41,915
pinnacle-Slc,Clearwater Campus,Rahul Morozov Travel,"July 1, 2026, 12:00 AM","July 31, 2026, 12:00 AM",3446652,6Seater,Slab1,6.1,"1,140"
pinnacle-Slc,Oakmont Office,Rohan Mikhailov Travel,"July 1, 2026, 12:00 AM","July 31, 2026, 12:00 AM",3432200,4Seater,Slab3,24.15,"1,162.5"
pinnacle-Slc,Oakmont Office,Rohan Mikhailov Travel,"July 1, 2026, 12:00 AM","July 31, 2026, 12:00 AM",3416710,DV_Package,null,7.6,945.66
pinnacle-Slc,Clearwater Campus,Aarav Mikhailov Travel,"July 1, 2026, 12:00 AM","July 31, 2026, 12:00 AM",3353428,4Seater,Slab1,9.68,915
pinnacle-Slc,Willow Bend Campus,Rahul Mikhailov Travel,"July 1, 2026, 12:00 AM","July 31, 2026, 12:00 AM",3451433,4Seater,Slab1,3.3,915
pinnacle-Slc,Clearwater Campus,Sanjay Mikhailov Travel,"July 1, 2026, 12:00 AM","July 31, 2026, 12:00 AM",3420732,4Seater,Slab2,14.4,"1,020"
vanta-Aus,Cedar Ridge Office,Sanjay Mikhailov Travel,"May 1, 2026, 12:00 AM","May 31, 2026, 12:00 AM",1123046,4S-EV-Z,Long,0,"1,200"
vanta-Aus,Cedar Ridge Office,Sneha Mikhailov Travel,"May 1, 2026, 12:00 AM","May 31, 2026, 12:00 AM",1105040,4S-HYD,Short,0,948
catalyst-Sac,Santa Clara Office,Vikram Mikhailov Travel,"May 1, 2026, 12:00 AM","May 31, 2026, 12:00 AM",1473769,5S_Jan2024_AC,Zone_A,16.15,"1,233.69"
vanta-Aus,Cedar Ridge Office,Sneha Mikhailov Travel,"May 1, 2026, 12:00 AM","May 31, 2026, 12:00 AM",1119133,6S-HYD,Short,0,"1,227"
catalyst-Sac,Oakmont Office,Amit Mikhailov Travel,"May 1, 2026, 12:00 AM","May 31, 2026, 12:00 AM",1452822,3S_Jan2024_CNG_AC,Zone_A,11.8,"1,420.32"
catalyst-Sac,Santa Clara Office,Vikram Mikhailov Travel,"May 1, 2026, 12:00 AM","May 31, 2026, 12:00 AM",1463174,3S_Jan2024_CNG_AC,Zone_B,15.5,"1,218.75"
vanta-Aus,Cedar Ridge Office,Meera Pavlov Travel,"May 1, 2026, 12:00 AM","May 31, 2026, 12:00 AM",1109049,6S-HYD,Medium,0,"1,629"
catalyst-Sac,Fairview Commons,Arjun Mikhailov Travel,"May 1, 2026, 12:00 AM","May 31, 2026, 12:00 AM",1452089,3S_Jan2024_CNG_AC,Zone_C,28.5,"2,168.45"
orbit-Slc,Cedar Ridge Office,Anjali Mikhailov Travel,"May 1, 2026, 12:00 AM","May 15, 2026, 12:00 AM",1212363,4SEATER_BTT_2025,0-20,15.9,960
catalyst-Sac,Santa Clara Office,Vikram Mikhailov Travel,"May 1, 2026, 12:00 AM","May 31, 2026, 12:00 AM",1442077,3S_Jan2024_CNG_AC,Zone_B,16.3,"1,828.13"
orbit-Slc,Eastgate Office,Rohan Mikhailov Travel,"May 1, 2026, 12:00 AM","May 15, 2026, 12:00 AM",1226599,NPT4_SEATER_EV,Slab 1,5,"1,170"
catalyst-Sac,Crestwood Campus,Vikram Mikhailov Travel,"May 1, 2026, 12:00 AM","May 31, 2026, 12:00 AM",1468231,3S_Jan2024_CNG_AC,Zone_B,21.24,"1,828.13"
catalyst-Sac,Santa Clara Office,Divya Mikhailov Travel,"May 1, 2026, 12:00 AM","May 31, 2026, 12:00 AM",1444264,3S_Jan2024_CNG_AC,Zone_B,23.1,"1,828.13"
catalyst-Sac,Santa Clara Office,Divya Mikhailov Travel,"May 1, 2026, 12:00 AM","May 31, 2026, 12:00 AM",1445634,3S_Jan2024_CNG_AC,Zone_B,16.2,"1,218.75"
vanta-Aus,Cedar Ridge Office,Priya Mikhailov Travel,"May 1, 2026, 12:00 AM","May 31, 2026, 12:00 AM",1131986,4S-HYD,Short,0,948
vanta-Aus,Cedar Ridge Office,Sneha Mikhailov Travel,"June 1, 2026, 12:00 AM","June 30, 2026, 12:00 AM",1196646,4S-HYD,Short,0,948
orbit-Slc,Eastgate Office,Rohan Mikhailov Travel,"May 16, 2026, 12:00 AM","May 31, 2026, 12:00 AM",1241079,NPT_4_SEATER,Slab1,32.75,"1,873.5"
vanta-Aus,Cedar Ridge Office,Anjali Mikhailov Travel,"June 1, 2026, 12:00 AM","June 30, 2026, 12:00 AM",1159152,4S-HYD,XLong,0,"1,543.5"
vanta-Aus,Cedar Ridge Office,Anjali Mikhailov Travel,"June 1, 2026, 12:00 AM","June 30, 2026, 12:00 AM",1152919,6S-HYD,Short,0,"1,227"
pinnacle-Slc,Willow Bend Campus,Amit Mikhailov Travel,"June 1, 2026, 12:00 AM","June 30, 2026, 12:00 AM",3316625,4Seater,Slab3,25.7,"1,162.5"
pinnacle-Slc,Clearwater Campus,Rohan Mikhailov Travel,"June 1, 2026, 12:00 AM","June 30, 2026, 12:00 AM",3264669,DV_Package,null,22,988.63
pinnacle-Slc,Oakmont Office,Divya Mikhailov Travel,"June 1, 2026, 12:00 AM","June 30, 2026, 12:00 AM",3316124,4Seater,Slab1,6.9,915
pinnacle-Slc,Clearwater Campus,Amit Mikhailov Travel,"June 1, 2026, 12:00 AM","June 30, 2026, 12:00 AM",3284066,DV_Package,null,16.86,"1,318.18"
pinnacle-Slc,Clearwater Campus,Rahul Morozov Travel,"June 1, 2026, 12:00 AM","June 30, 2026, 12:00 AM",3183500,4Seater,Slab2,17.77,"1,020"
pinnacle-Slc,Clearwater Campus,Rahul Morozov Travel,"June 1, 2026, 12:00 AM","June 30, 2026, 12:00 AM",3310143,DV_Package,null,3.78,988.63
pinnacle-Slc,Clearwater Campus,Divya Mikhailov Travel,"June 1, 2026, 12:00 AM","June 30, 2026, 12:00 AM",3182566,4Seater,Slab2,18.7,"1,020"
pinnacle-Slc,Willow Bend Campus,Rahul Morozov Travel,"June 1, 2026, 12:00 AM","June 30, 2026, 12:00 AM",3227056,6Seater,Slab1,7.98,"1,140"
pinnacle-Slc,Oakmont Office,Divya Mikhailov Travel,"June 1, 2026, 12:00 AM","June 30, 2026, 12:00 AM",3193467,DV_Package,null,12.5,"1,318.18"
pinnacle-Slc,Clearwater Campus,Arjun Mikhailov Travel,"June 1, 2026, 12:00 AM","June 30, 2026, 12:00 AM",3176364,4Seater,Slab2,17.91,"1,020"
pinnacle-Slc,Oakmont Office,Amit Volkov Travel,"June 1, 2026, 12:00 AM","June 30, 2026, 12:00 AM",3181964,4Seater,Slab3,30.4,"1,162.5"
pinnacle-Slc,Willow Bend Campus,Divya Mikhailov Travel,"June 1, 2026, 12:00 AM","June 30, 2026, 12:00 AM",3194814,DV_Package,null,22.83,"1,318.18"
pinnacle-Slc,Clearwater Campus,Aarav Mikhailov Travel,"June 1, 2026, 12:00 AM","June 30, 2026, 12:00 AM",3287135,4Seater,Slab1,4.52,915
orbit-Slc,Eastgate Office,Rohan Mikhailov Travel,"May 16, 2026, 12:00 AM","May 31, 2026, 12:00 AM",1238427,NPT_4_SEATER,Slab1,31.76,"1,170"
vanta-Aus,Cedar Ridge Office,Meera Pavlov Travel,"May 1, 2026, 12:00 AM","May 31, 2026, 12:00 AM",1143529,4S-HYD,Medium,0,"1,140"
vanta-Aus,Cedar Ridge Office,Priya Mikhailov Travel,"June 1, 2026, 12:00 AM","June 30, 2026, 12:00 AM",1178064,4S-EV-Z,Medium,0,"1,200"
vanta-Aus,Cedar Ridge Office,Sneha Mikhailov Travel,"May 1, 2026, 12:00 AM","May 31, 2026, 12:00 AM",1108803,4S-EV-Z,Medium,0,"1,200"
catalyst-Sac,Fairview Commons,Sanjay Mikhailov Travel,"June 1, 2026, 12:00 AM","June 30, 2026, 12:00 AM",1510954,5S_Jan2024_CNG_AC,Zone_C,30.8,"2,700"
vanta-Aus,Cedar Ridge Office,Meera Pavlov Travel,"June 1, 2026, 12:00 AM","June 30, 2026, 12:00 AM",1158432,6S-HYD,Short,0,"1,227"
orbit-Slc,Cedar Ridge Office,Rahul Mikhailov Travel,"June 1, 2026, 12:00 AM","June 15, 2026, 12:00 AM",1260650,4Seater-LVT-July,0-20,14.1,885
orbit-Slc,Eastgate Office,Rohan Mikhailov Travel,"June 1, 2026, 12:00 AM","June 15, 2026, 12:00 AM",1265022,NPT_4_SEATER,Slab1,28.72,"1,170"
orbit-Slc,Lakeside Commons,Rahul Mikhailov Travel,"June 1, 2026, 12:00 AM","June 15, 2026, 12:00 AM",1272448,4Seater-LVT-July,31-above,38.3,"1,297.5"
catalyst-Sac,Santa Clara Office,Vikram Mikhailov Travel,"June 1, 2026, 12:00 AM","June 30, 2026, 12:00 AM",1489614,3S_Jan2024_CNG_AC,Zone_B,23.85,"1,237.5"
orbit-Slc,Cedar Ridge Office,Anjali Mikhailov Travel,"June 1, 2026, 12:00 AM","June 15, 2026, 12:00 AM",1258929,8SEATER_BTT_2025,21-30,20.7,"1,410"
orbit-Slc,Lakeside Commons,Rahul Mikhailov Travel,"June 1, 2026, 12:00 AM","June 15, 2026, 12:00 AM",1274410,8Seater-LVT-July,21-30,29.9,"1,372.5"
catalyst-Sac,Santa Clara Office,Vikram Mikhailov Travel,"June 1, 2026, 12:00 AM","June 30, 2026, 12:00 AM",1488083,3S_Jan2024_CNG_AC,Zone_B,33.2,"1,856.25"
catalyst-Sac,Crestwood Campus,Vikram Mikhailov Travel,"June 1, 2026, 12:00 AM","June 30, 2026, 12:00 AM",1513120,3S_Jan2024_CNG_AC,Zone_B,21.27,"1,237.5"
orbit-Slc,Eastgate Office,Rohan Mikhailov Travel,"June 16, 2026, 12:00 AM","June 30, 2026, 12:00 AM",1300191,NPT_8_SEATER,NA,35.77,"1,506"
catalyst-Sac,Santa Clara Office,Vikram Mikhailov Travel,"June 1, 2026, 12:00 AM","June 30, 2026, 12:00 AM",1492554,3S_Jan2024_AC,Zone_B,11.4,"1,898.85"
orbit-Slc,Lakeside Commons,Anjali Mikhailov Travel,"June 16, 2026, 12:00 AM","June 30, 2026, 12:00 AM",1308711,8SEATER_BTT_2025,31-above,30.52,"1,560"
catalyst-Sac,Santa Clara Office,Vikram Mikhailov Travel,"June 1, 2026, 12:00 AM","June 30, 2026, 12:00 AM",1516504,3S_Jan2024_CNG_AC,Zone_B,16.91,"1,856.25"
pinnacle-Slc,Oakmont Office,Rahul Mikhailov Travel,"July 1, 2026, 12:00 AM","July 31, 2026, 12:00 AM",3424871,4Seater,Slab2,18.4,"1,020"
pinnacle-Slc,Clearwater Campus,Rahul Morozov Travel,"July 1, 2026, 12:00 AM","July 31, 2026, 12:00 AM",3420196,4Seater,Slab1,8.2,915
pinnacle-Slc,Clearwater Campus,Divya Sokolov Travel,"July 1, 2026, 12:00 AM","July 31, 2026, 12:00 AM",3458488,4Seater,Slab4,32.75,"1,290"
pinnacle-Slc,Clearwater Campus,Amit Mikhailov Travel,"July 1, 2026, 12:00 AM","July 31, 2026, 12:00 AM",3355941,DV_Package,null,13.2,"1,260.87"
pinnacle-Slc,Oakmont Office,Rahul Mikhailov Travel,"July 1, 2026, 12:00 AM","July 31, 2026, 12:00 AM",3365130,4Seater,Slab1,8.2,"1,372.5"
pinnacle-Slc,Clearwater Campus,Rohan Mikhailov Travel,"July 1, 2026, 12:00 AM","July 31, 2026, 12:00 AM",3375025,4Seater,Slab2,15.81,"1,020"
pinnacle-Slc,Clearwater Campus,Amit Volkov Travel,"July 1, 2026, 12:00 AM","July 31, 2026, 12:00 AM",3438910,DV_Package,null,6.7,"1,260.87"
pinnacle-Slc,Willow Bend Campus,Rahul Morozov Travel,"July 1, 2026, 12:00 AM","July 31, 2026, 12:00 AM",3365609,DV_Package,null,8.8,"1,260.87"
pinnacle-Slc,Oakmont Office,Rohan Mikhailov Travel,"July 1, 2026, 12:00 AM","July 31, 2026, 12:00 AM",3331599,4Seater,Slab2,15.31,"1,020"
pinnacle-Slc,Clearwater Campus,Sanjay Mikhailov Travel,"July 1, 2026, 12:00 AM","July 31, 2026, 12:00 AM",3370053,DV_Package,null,30.95,945.66
pinnacle-Slc,Clearwater Campus,Pooja Mikhailov Travel,"July 1, 2026, 12:00 AM","July 31, 2026, 12:00 AM",3418999,4Seater,Slab2,11.9,"1,020"
pinnacle-Slc,Clearwater Campus,Arjun Mikhailov Travel,"July 1, 2026, 12:00 AM","July 31, 2026, 12:00 AM",3360148,DV_Package,null,11.8,945.66
pinnacle-Slc,Oakmont Office,Amit Mikhailov Travel,"July 1, 2026, 12:00 AM","July 31, 2026, 12:00 AM",3457055,4Seater,Slab3,27.45,"1,162.5"
pinnacle-Slc,Clearwater Campus,Sanjay Mikhailov Travel,"July 1, 2026, 12:00 AM","July 31, 2026, 12:00 AM",3335283,6Seater,Slab1,4.7,"1,140"
pinnacle-Slc,Clearwater Campus,Aarav Mikhailov Travel,"July 1, 2026, 12:00 AM","July 31, 2026, 12:00 AM",3452955,4Seater,Slab1,5.2,915
pinnacle-Slc,Oakmont Office,Arjun Mikhailov Travel,"July 1, 2026, 12:00 AM","July 31, 2026, 12:00 AM",3457269,6Seater,Slab1,5.79,"1,140"
pinnacle-Slc,Clearwater Campus,Rahul Morozov Travel,"July 1, 2026, 12:00 AM","July 31, 2026, 12:00 AM",3329774,4Seater,Slab1,1.43,915
vanta-Aus,Cedar Ridge Office,Priya Mikhailov Travel,"July 1, 2026, 12:00 AM","July 31, 2026, 12:00 AM",1212853,6S-HYD,Short,0,"1,254.43"
orbit-Slc,Eastgate Office,Rohan Mikhailov Travel,"July 16, 2026, 12:00 AM","July 31, 2026, 12:00 AM",1352806,NPT_8_SEATER,NA,20.14,"1,506"
orbit-Slc,Eastgate Office,Rohan Mikhailov Travel,"July 16, 2026, 12:00 AM","July 31, 2026, 12:00 AM",1360932,NPT4_SEATER_EV,Slab 1,23.9,"1,170"
orbit-Slc,Lakeside Commons,Rahul Mikhailov Travel,"July 16, 2026, 12:00 AM","July 31, 2026, 12:00 AM",1337303,4Seater-LVT-July,0-20,17.9,885
vanta-Sea,Denver Office,Sanjay Mikhailov Travel,"June 1, 2026, 12:00 AM","June 30, 2026, 12:00 AM",4963527,4S-150ORRNEW,Medium,0,"1,365.5"
vanta-Sea,Denver Office,Aarav Mikhailov Travel,"June 1, 2026, 12:00 AM","June 30, 2026, 12:00 AM",4919234,4S-150ORRNEW,Long,0,"1,613.25"
vanta-Sea,Denver Office,Isha Mikhailov Travel,"June 1, 2026, 12:00 AM","June 30, 2026, 12:00 AM",4961748,4S-EV-Z,Medium,0,"1,275"
vanta-Sea,Denver Office,Isha Mikhailov Travel,"May 1, 2026, 12:00 AM","May 31, 2026, 12:00 AM",4847996,4S-EV-Z,Short,0,"1,275"
vanta-Sea,Denver Office,Sanjay Mikhailov Travel,"May 1, 2026, 12:00 AM","May 31, 2026, 12:00 AM",4897759,4S-150ORRNEW,Long,0,"1,613.25"
vanta-Sea,Denver Office,Priya Mikhailov Travel,"June 1, 2026, 12:00 AM","June 30, 2026, 12:00 AM",4944817,4S-150ORRNEW,Medium,0,"1,365.5"
vanta-Sea,Denver Office,Aarav Petrov Travel,"June 1, 2026, 12:00 AM","June 30, 2026, 12:00 AM",4942498,4S-150ORRNEW,Medium,0,"1,365.5"
vanta-Sea,Denver Office,Isha Mikhailov Travel,"June 1, 2026, 12:00 AM","June 30, 2026, 12:00 AM",4982295,4S-150ORRNEW,Long,0,"1,613.25"
vanta-Sea,Denver Office,Anjali Mikhailov Travel,"May 1, 2026, 12:00 AM","May 31, 2026, 12:00 AM",4883856,6S-150ORRNEW,Short,0,"1,390.34"
vanta-Sea,Denver Office,Isha Mikhailov Travel,"May 1, 2026, 12:00 AM","May 31, 2026, 12:00 AM",4844236,6S-150ORRNEW,Long,0,"2,116.01"
vanta-Sea,Denver Office,Isha Mikhailov Travel,"June 1, 2026, 12:00 AM","June 30, 2026, 12:00 AM",4911954,4S-150ORRNEW,Short,0,"1,057.75"
vanta-Sea,Denver Office,Sanjay Mikhailov Travel,"June 1, 2026, 12:00 AM","June 30, 2026, 12:00 AM",4923304,6S-150ORRNEW,Short,0,"1,390.34"
vanta-Sea,Denver Office,Aarav Mikhailov Travel,"May 1, 2026, 12:00 AM","May 31, 2026, 12:00 AM",4880528,6S-150ORRNEW,Short,0,"1,390.34"
vanta-Sea,Denver Office,Aarav Mikhailov Travel,"June 1, 2026, 12:00 AM","June 30, 2026, 12:00 AM",4965419,BUS-ORRNEW-TT,null,0,"2,529.75"
vanta-Sea,Denver Office,Aarav Mikhailov Travel,"May 1, 2026, 12:00 AM","May 31, 2026, 12:00 AM",4821046,BUS-ORRNEW-TT,null,0,"3,149.2"
vanta-Sea,Denver Office,Anjali Mikhailov Travel,"June 1, 2026, 12:00 AM","June 30, 2026, 12:00 AM",4907693,4S-EV-Z,Medium,0,"1,275"
vanta-Sea,Denver Office,Isha Mikhailov Travel,"June 1, 2026, 12:00 AM","June 30, 2026, 12:00 AM",4900403,4S-150ORRNEW,Medium,0,"1,365.5"
vanta-Sea,Denver Office,Isha Mikhailov Travel,"May 1, 2026, 12:00 AM","May 31, 2026, 12:00 AM",4894506,6S-150ORRNEW,Long,0,"2,116.01"
vanta-Sea,Denver Office,Priya Mikhailov Travel,"May 1, 2026, 12:00 AM","May 31, 2026, 12:00 AM",4861354,4S-150ORRNEW,Short,0,"1,057.75"
vanta-Sea,Denver Office,Priya Mikhailov Travel,"May 1, 2026, 12:00 AM","May 31, 2026, 12:00 AM",4826883,4S-150ORRNEW,Long,0,"1,613.25"
vanta-Sea,Pinecrest Office,Meera Lebedev Travel,"May 1, 2026, 12:00 AM","May 31, 2026, 12:00 AM",4899017,6S-PREMIUMNEW,null,42,"5,802.4"
vanta-Sea,Denver Office,Aarav Mikhailov Travel,"May 1, 2026, 12:00 AM","May 31, 2026, 12:00 AM",4890611,4S-EV-Z,Short,0,"1,275"
vanta-Sea,Denver Office,Aarav Petrov Travel,"June 1, 2026, 12:00 AM","June 30, 2026, 12:00 AM",4907964,4S-150ORRNEW,Long,0,"1,613.25"
vanta-Sea,Denver Office,Sanjay Mikhailov Travel,"June 1, 2026, 12:00 AM","June 30, 2026, 12:00 AM",4952213,BUS-ORRNEW-TT,null,0,794.91
vanta-Sea,Denver Office,Sanjay Mikhailov Travel,"May 1, 2026, 12:00 AM","May 31, 2026, 12:00 AM",4881537,BUS-ORRNEW-SML,null,0,"2,523.49"
vanta-Sea,Pinecrest Office,Meera Lebedev Travel,"June 1, 2026, 12:00 AM","June 30, 2026, 12:00 AM",4940241,6S-PREMIUMNEW,null,48.3,"4,251.12"
vanta-Sea,Denver Office,Aarav Mikhailov Travel,"May 1, 2026, 12:00 AM","May 31, 2026, 12:00 AM",4842643,4S-150ORRNEW,Medium,0,"1,365.5"
vanta-Sea,Denver Office,Sanjay Mikhailov Travel,"May 1, 2026, 12:00 AM","May 31, 2026, 12:00 AM",4832335,6S-150ORRNEW,Medium,0,"1,798.17"
vanta-Sea,Denver Office,Aarav Petrov Travel,"June 1, 2026, 12:00 AM","June 30, 2026, 12:00 AM",4994595,4S-150ORRNEW,Short,0,"1,057.75"
vanta-Sea,Denver Office,Aarav Petrov Travel,"June 1, 2026, 12:00 AM","June 30, 2026, 12:00 AM",4972690,BUS-ORRNEW-TT,null,0,923.25
vanta-Sea,Denver Office,Aarav Mikhailov Travel,"May 1, 2026, 12:00 AM","May 31, 2026, 12:00 AM",4827119,BUS-ORRNEW-TT,null,0,"3,149.2"
vanta-Sea,Denver Office,Isha Mikhailov Travel,"May 1, 2026, 12:00 AM","May 31, 2026, 12:00 AM",4823572,6S-150ORRNEW,Long,0,"2,116.01"
vanta-Sea,Denver Office,Aarav Petrov Travel,"July 1, 2026, 12:00 AM","July 31, 2026, 12:00 AM",5065220,4S-EV-Z,Medium,0,"1,275"
vanta-Sea,Denver Office,Sanjay Mikhailov Travel,"May 1, 2026, 12:00 AM","May 31, 2026, 12:00 AM",4886216,4S-EV-Z,Medium,0,"1,275"
vanta-Sea,Denver Office,Aarav Petrov Travel,"May 1, 2026, 12:00 AM","May 31, 2026, 12:00 AM",4876488,6S-150ORRNEW,Medium,0,"1,798.17"
vanta-Sea,Denver Office,Priya Mikhailov Travel,"May 1, 2026, 12:00 AM","May 31, 2026, 12:00 AM",4892396,4S-150ORRNEW,Short,0,"1,057.75"
vanta-Sea,Denver Office,Priya Mikhailov Travel,"July 1, 2026, 12:00 AM","July 31, 2026, 12:00 AM",5025394,BUS-ORRNEW-TT,null,0,935.7
vanta-Sea,Denver Office,Sanjay Mikhailov Travel,"July 1, 2026, 12:00 AM","July 31, 2026, 12:00 AM",5011399,BUS-ORRNEW-TT,null,0,"2,657.1"
vanta-Sea,Denver Office,Sanjay Mikhailov Travel,"July 1, 2026, 12:00 AM","July 31, 2026, 12:00 AM",5072051,6S-EV-HTK,Long,33.6,"1,875"
vanta-Sea,Denver Office,Aarav Mikhailov Travel,"July 1, 2026, 12:00 AM","July 31, 2026, 12:00 AM",5030317,4S-150ORRNEW,Medium,0,"1,404.56"
vanta-Sea,Denver Office,Sanjay Mikhailov Travel,"July 1, 2026, 12:00 AM","July 31, 2026, 12:00 AM",5065912,6S-EV-HTK,Medium,22.1,"1,875"
vanta-Sea,Denver Office,Sanjay Mikhailov Travel,"July 1, 2026, 12:00 AM","July 31, 2026, 12:00 AM",5009093,4S-150ORRNEW,Long,0,"1,671.82"
vanta-Sea,Pinecrest Office,Meera Lebedev Travel,"July 1, 2026, 12:00 AM","July 31, 2026, 12:00 AM",5012022,6S-PREMIUMNEW,null,36.5,"1,934.09"
vanta-Sea,Denver Office,Anjali Mikhailov Travel,"July 1, 2026, 12:00 AM","July 31, 2026, 12:00 AM",5048454,4S-150ORRNEW,Long,0,"1,671.82"
vanta-Sea,Denver Office,Priya Mikhailov Travel,"July 1, 2026, 12:00 AM","July 31, 2026, 12:00 AM",5079751,4S-150ORRNEW,Medium,0,"1,404.56"
vanta-Sea,Denver Office,Anjali Mikhailov Travel,"July 1, 2026, 12:00 AM","July 31, 2026, 12:00 AM",5015670,4S-EV-Z,Medium,0,"1,275"
vanta-Sea,Denver Office,Aarav Petrov Travel,"July 1, 2026, 12:00 AM","July 31, 2026, 12:00 AM",5035379,4S-150ORRNEW,Long,0,"1,671.82"
vanta-Sea,Denver Office,Priya Mikhailov Travel,"July 1, 2026, 12:00 AM","July 31, 2026, 12:00 AM",5049668,4S-150ORRNEW,Long,0,"1,671.82"
vanta-Sea,Denver Office,Aarav Mikhailov Travel,"July 1, 2026, 12:00 AM","July 31, 2026, 12:00 AM",5009936,4S-EV-Z,Medium,0,"1,275"
vanta-Sea,Denver Office,Aarav Petrov Travel,"July 1, 2026, 12:00 AM","July 31, 2026, 12:00 AM",5023572,4S-EV-Z,Medium,0,"1,275"
vanta-Sea,Denver Office,Aarav Petrov Travel,"July 1, 2026, 12:00 AM","July 31, 2026, 12:00 AM",5095900,BUS-ORRNEW-SML,null,0,"2,208.01"
vanta-Sea,Denver Office,Anjali Mikhailov Travel,"July 1, 2026, 12:00 AM","July 31, 2026, 12:00 AM",5002720,4S-150ORRNEW,Medium,0,"1,404.56"
vanta-Sea,Denver Office,Aarav Mikhailov Travel,"July 1, 2026, 12:00 AM","July 31, 2026, 12:00 AM",5038568,6S-150ORRNEW,Long,0,"2,194.1"
vanta-Sea,Denver Office,Anjali Mikhailov Travel,"July 1, 2026, 12:00 AM","July 31, 2026, 12:00 AM",5024975,4S-150ORRNEW,Long,0,"1,671.82"
vanta-Sea,Denver Office,Priya Mikhailov Travel,"July 1, 2026, 12:00 AM","July 31, 2026, 12:00 AM",5036890,4S-150ORRNEW,Short,0,"1,077.27"
vanta-Sea,Denver Office,Isha Mikhailov Travel,"July 1, 2026, 12:00 AM","July 31, 2026, 12:00 AM",5018507,4S-150ORRNEW,Short,0,"1,077.27"
pinnacle-Slc,Clearwater Campus,Aarav Mikhailov Travel,"May 1, 2026, 12:00 AM","May 31, 2026, 12:00 AM",3159909,DV_Package,null,9.23,"1,526.31"
pinnacle-Slc,Clearwater Campus,Rahul Mikhailov Travel,"May 1, 2026, 12:00 AM","May 31, 2026, 12:00 AM",3076664,4Seater,Slab1,5.3,915
pinnacle-Slc,Clearwater Campus,Rohan Mikhailov Travel,"May 1, 2026, 12:00 AM","May 31, 2026, 12:00 AM",3145478,4Seater,Slab1,7.7,915
pinnacle-Slc,Oakmont Office,Sanjay Mikhailov Travel,"May 1, 2026, 12:00 AM","May 31, 2026, 12:00 AM",3052212,4Seater,Slab1,10.3,"1,372.5"
pinnacle-Slc,Oakmont Office,Aarav Mikhailov Travel,"May 1, 2026, 12:00 AM","May 31, 2026, 12:00 AM",3066715,4Seater,Slab2,11.07,"1,530"
pinnacle-Slc,Oakmont Office,Divya Kozlov Travel,"May 1, 2026, 12:00 AM","May 31, 2026, 12:00 AM",3125317,4Seater,Slab2,18.88,"1,020"
pinnacle-Slc,Clearwater Campus,Aarav Mikhailov Travel,"May 1, 2026, 12:00 AM","May 31, 2026, 12:00 AM",3095224,4Seater,Slab2,12.2,"1,020"
pinnacle-Slc,Oakmont Office,Divya Sokolov Travel,"May 1, 2026, 12:00 AM","May 31, 2026, 12:00 AM",3129725,4Seater,Slab3,24.58,"1,162.5"
pinnacle-Slc,Clearwater Campus,Sanjay Mikhailov Travel,"May 1, 2026, 12:00 AM","May 31, 2026, 12:00 AM",3081481,4Seater,Slab1,9.71,915
pinnacle-Slc,Clearwater Campus,Karan Mikhailov Travel,"May 1, 2026, 12:00 AM","May 31, 2026, 12:00 AM",3134833,4Seater,Slab2,20.2,"1,020"
pinnacle-Slc,Clearwater Campus,Divya Mikhailov Travel,"May 1, 2026, 12:00 AM","May 31, 2026, 12:00 AM",3089483,4Seater,Slab1,5.3,915
pinnacle-Slc,Willow Bend Campus,Rohan Mikhailov Travel,"May 1, 2026, 12:00 AM","May 31, 2026, 12:00 AM",3099934,DV_Package,null,10.63,"1,526.31"
pinnacle-Slc,Clearwater Campus,Amit Mikhailov Travel,"May 1, 2026, 12:00 AM","May 31, 2026, 12:00 AM",3128810,4Seater,Slab1,7.3,915
pinnacle-Slc,Pinecrest Office,Pooja Sokolov Travel,"May 1, 2026, 12:00 AM","May 31, 2026, 12:00 AM",3085238,ECO_stand_DB_Airport1,AirportPD,3.98,"2,775"
pinnacle-Slc,Clearwater Campus,Aarav Mikhailov Travel,"May 1, 2026, 12:00 AM","May 31, 2026, 12:00 AM",3090210,6Seater,Slab2,16.5,"1,297.5"
pinnacle-Slc,Oakmont Office,Rohan Mikhailov Travel,"May 1, 2026, 12:00 AM","May 31, 2026, 12:00 AM",3104362,DV_Package,null,24.61,"1,526.31"
pinnacle-Slc,Oakmont Office,Rahul Orlov Travel,"May 1, 2026, 12:00 AM","May 31, 2026, 12:00 AM",3143952,DV_Package,null,5.2,"1,526.31"
pinnacle-Slc,Oakmont Office,Rohan Mikhailov Travel,"May 1, 2026, 12:00 AM","May 31, 2026, 12:00 AM",3098917,4Seater,Slab1,9.8,915
pinnacle-Slc,Clearwater Campus,Amit Volkov Travel,"May 1, 2026, 12:00 AM","May 31, 2026, 12:00 AM",3162794,4Seater,Slab1,5.3,915
pinnacle-Slc,Clearwater Campus,Aarav Mikhailov Travel,"May 1, 2026, 12:00 AM","May 31, 2026, 12:00 AM",3123414,4Seater,Slab1,6.72,915
pinnacle-Slc,Clearwater Campus,Divya Kozlov Travel,"May 1, 2026, 12:00 AM","May 31, 2026, 12:00 AM",3088150,4Seater,Slab1,8.3,915
pinnacle-Slc,Willow Bend Campus,Rohan Mikhailov Travel,"May 1, 2026, 12:00 AM","May 31, 2026, 12:00 AM",3068660,DV_Package,null,9.3,"1,526.31"
pinnacle-Slc,Willow Bend Campus,Amit Volkov Travel,"May 1, 2026, 12:00 AM","May 31, 2026, 12:00 AM",3097773,4Seater,Slab3,22,"1,162.5"
pinnacle-Slc,Oakmont Office,Karan Mikhailov Travel,"June 1, 2026, 12:00 AM","June 30, 2026, 12:00 AM",3310796,4Seater,Slab1,1.3,915
pinnacle-Slc,Willow Bend Campus,Pooja Mikhailov Travel,"June 1, 2026, 12:00 AM","June 30, 2026, 12:00 AM",3242678,4Seater,Slab1,2.02,915
pinnacle-Slc,Willow Bend Campus,Rohan Mikhailov Travel,"June 1, 2026, 12:00 AM","June 30, 2026, 12:00 AM",3301587,DV_Package,null,14.2,"1,318.18"
pinnacle-Slc,Willow Bend Campus,Pooja Mikhailov Travel,"June 1, 2026, 12:00 AM","June 30, 2026, 12:00 AM",3294842,4Seater,Slab2,19.31,"1,020"
pinnacle-Slc,Clearwater Campus,Divya Mikhailov Travel,"June 1, 2026, 12:00 AM","June 30, 2026, 12:00 AM",3206270,4Seater,Slab1,5.13,915
pinnacle-Slc,Clearwater Campus,Sanjay Mikhailov Travel,"June 1, 2026, 12:00 AM","June 30, 2026, 12:00 AM",3176810,4Seater,Slab1,9.1,915
catalyst-Sac,Crestwood Campus,Vikram Mikhailov Travel,"July 1, 2026, 12:00 AM","July 31, 2026, 12:00 AM",1547819,3S_Jan2024_CNG_AC,Zone_B,31,"1,245"
catalyst-Sac,Santa Clara Office,Vikram Mikhailov Travel,"July 1, 2026, 12:00 AM","July 31, 2026, 12:00 AM",1527649,3S_Jan2024_CNG_AC,Zone_A,13.1,"1,440"
orbit-Slc,Cedar Ridge Office,Anjali Mikhailov Travel,"June 16, 2026, 12:00 AM","June 30, 2026, 12:00 AM",1298630,8SEATER_BTT_2025,0-20,15.9,"1,260"
orbit-Slc,Eastgate Office,Rohan Mikhailov Travel,"June 16, 2026, 12:00 AM","June 30, 2026, 12:00 AM",1301034,NPT_4_SEATER,Slab1,26,"1,170"
orbit-Slc,Lakeside Commons,Anjali Mikhailov Travel,"June 16, 2026, 12:00 AM","June 30, 2026, 12:00 AM",1289670,4SEATER_BTT_2025,0-20,16.3,960
vanta-Aus,Cedar Ridge Office,Anjali Mikhailov Travel,"July 1, 2026, 12:00 AM","July 31, 2026, 12:00 AM",1255810,4S-EV-Z,Short,0,"1,200"
orbit-Slc,Eastgate Office,Rohan Mikhailov Travel,"June 16, 2026, 12:00 AM","June 30, 2026, 12:00 AM",1286481,NPT_4_SEATER,Slab1,14.6,"1,170"
catalyst-Sac,Crestwood Campus,Divya Mikhailov Travel,"July 1, 2026, 12:00 AM","July 31, 2026, 12:00 AM",1542646,3S_Jan2024_CNG_AC,Zone_A,10.35,960
catalyst-Sac,Santa Clara Office,Rohan Mikhailov Travel,"July 1, 2026, 12:00 AM","July 31, 2026, 12:00 AM",1534815,3S_Jan2024_CNG_AC,Zone_A,6.08,960
orbit-Slc,Cedar Ridge Office,Rahul Mikhailov Travel,"July 1, 2026, 12:00 AM","July 15, 2026, 12:00 AM",1319006,4Seater-LVT-July,0-20,15.3,"1,335"
catalyst-Sac,Santa Clara Office,Vikram Mikhailov Travel,"July 1, 2026, 12:00 AM","July 31, 2026, 12:00 AM",1521608,3S_Jan2024_CNG_AC,Zone_B,29.19,"1,867.5"
pinnacle-Slc,Oakmont Office,Karan Mikhailov Travel,"July 1, 2026, 12:00 AM","July 31, 2026, 12:00 AM",3437648,4Seater,Slab2,14,"1,020"
pinnacle-Slc,Oakmont Office,Rahul Morozov Travel,"July 1, 2026, 12:00 AM","July 31, 2026, 12:00 AM",3364002,DV_Package,null,24.21,"1,260.87"
pinnacle-Slc,Oakmont Office,Divya Mikhailov Travel,"July 1, 2026, 12:00 AM","July 31, 2026, 12:00 AM",3466013,DV_Package,null,9.14,"1,260.87"
pinnacle-Slc,Clearwater Campus,Arjun Mikhailov Travel,"July 1, 2026, 12:00 AM","July 31, 2026, 12:00 AM",3484205,DV_Package,null,12.1,945.62
pinnacle-Slc,Oakmont Office,Rahul Morozov Travel,"July 1, 2026, 12:00 AM","July 31, 2026, 12:00 AM",3397703,6Seater,Slab1,1.9,"1,140"
pinnacle-Slc,Clearwater Campus,Arjun Mikhailov Travel,"July 1, 2026, 12:00 AM","July 31, 2026, 12:00 AM",3442189,6Seater,Slab1,10.34,"1,140"
pinnacle-Slc,Oakmont Office,Rohan Mikhailov Travel,"July 1, 2026, 12:00 AM","July 31, 2026, 12:00 AM",3358358,4Seater,Slab1,3.5,"1,372.5"
pinnacle-Slc,Clearwater Campus,Rohan Mikhailov Travel,"July 1, 2026, 12:00 AM","July 31, 2026, 12:00 AM",3442456,4Seater,Slab1,7.53,915
pinnacle-Slc,Clearwater Campus,Rahul Morozov Travel,"July 1, 2026, 12:00 AM","July 31, 2026, 12:00 AM",3446396,4Seater,Slab1,10,915
pinnacle-Slc,Clearwater Campus,Aarav Mikhailov Travel,"July 1, 2026, 12:00 AM","July 31, 2026, 12:00 AM",3402362,DV_Package,null,12.86,"1,260.87"
pinnacle-Slc,Clearwater Campus,Rahul Orlov Travel,"July 1, 2026, 12:00 AM","July 31, 2026, 12:00 AM",3441937,DV_Package,null,17.52,"1,260.87"
pinnacle-Slc,Clearwater Campus,Aarav Mikhailov Travel,"July 1, 2026, 12:00 AM","July 31, 2026, 12:00 AM",3412221,4Seater,Slab1,6.75,915
pinnacle-Slc,Clearwater Campus,Divya Mikhailov Travel,"July 1, 2026, 12:00 AM","July 31, 2026, 12:00 AM",3480169,4Seater,Slab2,17.94,"1,020"
pinnacle-Slc,Clearwater Campus,Rahul Orlov Travel,"July 1, 2026, 12:00 AM","July 31, 2026, 12:00 AM",3421945,DV_Package,null,6.2,945.66
pinnacle-Slc,Willow Bend Campus,Arjun Mikhailov Travel,"July 1, 2026, 12:00 AM","July 31, 2026, 12:00 AM",3412784,DV_Package,null,19.3,"1,260.87"
pinnacle-Slc,Willow Bend Campus,Arjun Mikhailov Travel,"July 1, 2026, 12:00 AM","July 31, 2026, 12:00 AM",3357333,4Seater,Slab3,24.08,"1,162.5"
pinnacle-Slc,Willow Bend Campus,Sanjay Mikhailov Travel,"July 1, 2026, 12:00 AM","July 31, 2026, 12:00 AM",3431230,4Seater,Slab1,6.33,915
pinnacle-Slc,Willow Bend Campus,Pooja Mikhailov Travel,"July 1, 2026, 12:00 AM","July 31, 2026, 12:00 AM",3474429,4Seater,Slab2,18.85,"1,020"
pinnacle-Slc,Clearwater Campus,Pooja Mikhailov Travel,"July 1, 2026, 12:00 AM","July 31, 2026, 12:00 AM",3474880,DV_Package,null,6.1,945.66
pinnacle-Slc,Clearwater Campus,Karan Mikhailov Travel,"July 1, 2026, 12:00 AM","July 31, 2026, 12:00 AM",3352750,4Seater,Slab4,30.7,"1,290"
pinnacle-Slc,Clearwater Campus,Rohan Mikhailov Travel,"July 1, 2026, 12:00 AM","July 31, 2026, 12:00 AM",3429157,4Seater,Slab2,12.82,"1,020"
vanta-Aus,Cedar Ridge Office,Sneha Mikhailov Travel,"May 1, 2026, 12:00 AM","May 31, 2026, 12:00 AM",1103620,4S-HYD,Short,0,948
catalyst-Sac,Santa Clara Office,Divya Mikhailov Travel,"May 1, 2026, 12:00 AM","May 31, 2026, 12:00 AM",1460807,3S_Jan2024_CNG_AC,Zone_A,3.13,"1,420.32"
catalyst-Sac,Oakmont Office,Priya Mikhailov Travel,"May 1, 2026, 12:00 AM","May 31, 2026, 12:00 AM",1471144,3S_Jan2024_AC,Zone_B,16.14,"1,235.89"
vanta-Aus,Cedar Ridge Office,Meera Pavlov Travel,"May 1, 2026, 12:00 AM","May 31, 2026, 12:00 AM",1110765,4S-HYD,Short,0,948
vanta-Aus,Cedar Ridge Office,Sneha Mikhailov Travel,"May 1, 2026, 12:00 AM","May 31, 2026, 12:00 AM",1146211,6S-HYD,Short,0,"1,227"
vanta-Aus,Cedar Ridge Office,Sneha Mikhailov Travel,"May 1, 2026, 12:00 AM","May 31, 2026, 12:00 AM",1102752,4S-HYD,Short,0,948
vanta-Aus,Cedar Ridge Office,Priya Mikhailov Travel,"May 1, 2026, 12:00 AM","May 31, 2026, 12:00 AM",1116459,6S-HYD,Long,0,"1,800"
catalyst-Sac,Fairview Commons,Arjun Mikhailov Travel,"May 1, 2026, 12:00 AM","May 31, 2026, 12:00 AM",1468950,3S_Jan2024_CNG_AC,Zone_C,32.88,"1,445.63"
catalyst-Sac,Fairview Commons,Sanjay Mikhailov Travel,"May 1, 2026, 12:00 AM","May 31, 2026, 12:00 AM",1454109,3S_Jan2024_CNG_AC,Zone_A,13.7,"1,420.32"
vanta-Aus,Cedar Ridge Office,Sneha Mikhailov Travel,"June 1, 2026, 12:00 AM","June 30, 2026, 12:00 AM",1157012,4S-EV-Z,Short,0,"1,200"
vanta-Aus,Cedar Ridge Office,Anjali Mikhailov Travel,"June 1, 2026, 12:00 AM","June 30, 2026, 12:00 AM",1162282,4S-HYD,Medium,0,"1,140"
pinnacle-Slc,Willow Bend Campus,Pooja Mikhailov Travel,"June 1, 2026, 12:00 AM","June 30, 2026, 12:00 AM",3256749,DV_Package,null,18.08,"1,318.18"
pinnacle-Slc,Clearwater Campus,Amit Volkov Travel,"June 1, 2026, 12:00 AM","June 30, 2026, 12:00 AM",3229478,4Seater,Slab3,29.68,"1,162.5"
pinnacle-Slc,Clearwater Campus,Divya Sokolov Travel,"June 1, 2026, 12:00 AM","June 30, 2026, 12:00 AM",3318388,4Seater,Slab1,9.4,915
pinnacle-Slc,Clearwater Campus,Arjun Mikhailov Travel,"June 1, 2026, 12:00 AM","June 30, 2026, 12:00 AM",3270076,DV_Package,null,10.23,"1,318.18"
pinnacle-Slc,Oakmont Office,Sanjay Mikhailov Travel,"June 1, 2026, 12:00 AM","June 30, 2026, 12:00 AM",3295310,4Seater,Slab1,8.5,915
pinnacle-Slc,Clearwater Campus,Divya Mikhailov Travel,"June 1, 2026, 12:00 AM","June 30, 2026, 12:00 AM",3209668,EV_Package,null,9.74,"1,670.46"
pinnacle-Slc,Clearwater Campus,Pooja Mikhailov Travel,"June 1, 2026, 12:00 AM","June 30, 2026, 12:00 AM",3321183,DV_Package,null,19.76,"1,318.15"
pinnacle-Slc,Clearwater Campus,Amit Volkov Travel,"June 1, 2026, 12:00 AM","June 30, 2026, 12:00 AM",3230431,4Seater,Slab1,8.39,915
pinnacle-Slc,Oakmont Office,Arjun Mikhailov Travel,"June 1, 2026, 12:00 AM","June 30, 2026, 12:00 AM",3324988,DV_Package,null,26,"1,318.17"
pinnacle-Slc,Willow Bend Campus,Sanjay Mikhailov Travel,"June 1, 2026, 12:00 AM","June 30, 2026, 12:00 AM",3317093,4Seater,Slab1,5.9,915
pinnacle-Slc,Willow Bend Campus,Pooja Mikhailov Travel,"June 1, 2026, 12:00 AM","June 30, 2026, 12:00 AM",3317338,4Seater,Slab2,20.4,"1,020"
pinnacle-Slc,Clearwater Campus,Karan Mikhailov Travel,"June 1, 2026, 12:00 AM","June 30, 2026, 12:00 AM",3264450,4Seater,Slab1,7.4,915
pinnacle-Slc,Clearwater Campus,Rahul Morozov Travel,"June 1, 2026, 12:00 AM","June 30, 2026, 12:00 AM",3253217,4Seater,Slab1,4.76,915
pinnacle-Slc,Willow Bend Campus,Rohan Mikhailov Travel,"June 1, 2026, 12:00 AM","June 30, 2026, 12:00 AM",3228362,4Seater,Slab3,25.07,"1,162.5"
vanta-Aus,Cedar Ridge Office,Sneha Mikhailov Travel,"June 1, 2026, 12:00 AM","June 30, 2026, 12:00 AM",1188860,6S-HYD,Short,0,"1,227"
vanta-Aus,Cedar Ridge Office,Priya Mikhailov Travel,"June 1, 2026, 12:00 AM","June 30, 2026, 12:00 AM",1166896,4S-EV-Z,Medium,0,"1,200"
vanta-Aus,Cedar Ridge Office,Meera Pavlov Travel,"June 1, 2026, 12:00 AM","June 30, 2026, 12:00 AM",1193460,6S-HYD,Short,0,"1,227"
catalyst-Sac,Crestwood Campus,Rohan Mikhailov Travel,"June 1, 2026, 12:00 AM","June 30, 2026, 12:00 AM",1496501,3S_Jan2024_CNG_AC,Zone_A,14.3,"1,434.38"
vanta-Aus,Cedar Ridge Office,Meera Pavlov Travel,"June 1, 2026, 12:00 AM","June 30, 2026, 12:00 AM",1171093,4S-HYD,Long,0,"1,354.5"
catalyst-Sac,Fairview Commons,Arjun Mikhailov Travel,"June 1, 2026, 12:00 AM","June 30, 2026, 12:00 AM",1508689,3S_Jan2024_AC,Zone_A,8.1,"1,397.3"
catalyst-Sac,Santa Clara Office,Rohan Mikhailov Travel,"June 1, 2026, 12:00 AM","June 30, 2026, 12:00 AM",1499428,3S_Jan2024_AC,Zone_A,7.32,931.53
orbit-Slc,Cedar Ridge Office,Anjali Mikhailov Travel,"June 1, 2026, 12:00 AM","June 15, 2026, 12:00 AM",1271826,4SEATER_BTT_2025,0-20,19.51,960
catalyst-Sac,Santa Clara Office,Divya Mikhailov Travel,"June 1, 2026, 12:00 AM","June 30, 2026, 12:00 AM",1488318,3S_Jan2024_CNG_AC,Zone_B,24.9,"1,237.5"
vanta-Aus,Cedar Ridge Office,Sneha Mikhailov Travel,"June 1, 2026, 12:00 AM","June 30, 2026, 12:00 AM",1180563,4S-EV-Z,Long,0,"1,200"
orbit-Slc,Lakeside Commons,Anjali Mikhailov Travel,"June 1, 2026, 12:00 AM","June 15, 2026, 12:00 AM",1272873,4SEATER_BTT_2025,0-20,18,960
catalyst-Sac,Santa Clara Office,Rohan Mikhailov Travel,"June 1, 2026, 12:00 AM","June 30, 2026, 12:00 AM",1515807,3S_Jan2024_CNG_AC,Zone_B,8.9,"1,237.5"
catalyst-Sac,Crestwood Campus,Divya Mikhailov Travel,"June 1, 2026, 12:00 AM","June 30, 2026, 12:00 AM",1478299,3S_Jan2024_CNG_AC,Zone_B,29.9,"1,856.25"
pinnacle-Slc,Willow Bend Campus,Rahul Morozov Travel,"June 1, 2026, 12:00 AM","June 30, 2026, 12:00 AM",3208540,6Seater,Slab2,11.1,"1,297.5"
pinnacle-Slc,Oakmont Office,Divya Mikhailov Travel,"June 1, 2026, 12:00 AM","June 30, 2026, 12:00 AM",3268651,4Seater,Slab3,29.88,"1,743.75"
pinnacle-Slc,Oakmont Office,Karan Mikhailov Travel,"June 1, 2026, 12:00 AM","June 30, 2026, 12:00 AM",3213959,DV_Package,null,22.93,"1,318.18"
pinnacle-Slc,Willow Bend Campus,Rahul Morozov Travel,"July 1, 2026, 12:00 AM","July 31, 2026, 12:00 AM",3351618,4Seater,Slab1,9.53,915
pinnacle-Slc,Willow Bend Campus,Rahul Morozov Travel,"July 1, 2026, 12:00 AM","July 31, 2026, 12:00 AM",3430738,4Seater,Slab1,5.01,915
pinnacle-Slc,Oakmont Office,Divya Sokolov Travel,"July 1, 2026, 12:00 AM","July 31, 2026, 12:00 AM",3405234,DV_Package,null,6.4,"1,260.87"
pinnacle-Slc,Clearwater Campus,Rahul Mikhailov Travel,"July 1, 2026, 12:00 AM","July 31, 2026, 12:00 AM",3439679,4Seater,Slab2,13.3,"1,020"
pinnacle-Slc,Willow Bend Campus,Amit Mikhailov Travel,"July 1, 2026, 12:00 AM","July 31, 2026, 12:00 AM",3438649,4Seater,Slab1,3.1,915
pinnacle-Slc,Clearwater Campus,Amit Mikhailov Travel,"July 1, 2026, 12:00 AM","July 31, 2026, 12:00 AM",3389939,DV_Package,null,8.7,"1,260.87"
pinnacle-Slc,Clearwater Campus,Divya Sokolov Travel,"July 1, 2026, 12:00 AM","July 31, 2026, 12:00 AM",3410193,4Seater,Slab2,12.4,"1,020"
pinnacle-Slc,Clearwater Campus,Divya Mikhailov Travel,"July 1, 2026, 12:00 AM","July 31, 2026, 12:00 AM",3355281,4Seater,Slab3,21.68,"1,743.75"
pinnacle-Slc,Oakmont Office,Rohan Mikhailov Travel,"July 1, 2026, 12:00 AM","July 31, 2026, 12:00 AM",3438160,DV_Package,null,22.89,"1,260.87"
pinnacle-Slc,Clearwater Campus,Amit Mikhailov Travel,"July 1, 2026, 12:00 AM","July 31, 2026, 12:00 AM",3360860,4Seater,Slab2,15.9,"1,020"
pinnacle-Slc,Willow Bend Campus,Arjun Mikhailov Travel,"July 1, 2026, 12:00 AM","July 31, 2026, 12:00 AM",3443707,DV_Package,null,5.9,"1,260.87"
pinnacle-Slc,Clearwater Campus,Sanjay Mikhailov Travel,"July 1, 2026, 12:00 AM","July 31, 2026, 12:00 AM",3340130,4Seater,Slab1,2.5,915
pinnacle-Slc,Oakmont Office,Divya Mikhailov Travel,"July 1, 2026, 12:00 AM","July 31, 2026, 12:00 AM",3423766,EV_Package,null,5.7,"1,597.83"
pinnacle-Slc,Oakmont Office,Divya Kozlov Travel,"July 1, 2026, 12:00 AM","July 31, 2026, 12:00 AM",3398768,6Seater,Slab2,12.3,"1,297.5"
catalyst-Sac,Boulder Campus,Amit Mikhailov Travel,"May 1, 2026, 12:00 AM","May 31, 2026, 12:00 AM",OverHead,4S-MG2024-MYS_CNG_AC,null,0,"12,321.45"
catalyst-Sac,Santa Clara Office,Amit Mikhailov Travel,"May 1, 2026, 12:00 AM","May 31, 2026, 12:00 AM",OverHead,4S-MG2024-KOC_AC,null,0,"11,438.41"
catalyst-Sac,Boulder Campus,Amit Mikhailov Travel,"May 1, 2026, 12:00 AM","May 31, 2026, 12:00 AM",OverHead,4S-MG2024-MYS_CNG_AC,null,0,"16,428.6"
catalyst-Sac,Santa Clara Office,Amit Mikhailov Travel,"May 1, 2026, 12:00 AM","May 31, 2026, 12:00 AM",OverHead,4S-MG2024-KOC_AC,null,0,"7,625.61"
catalyst-Sac,Boulder Campus,Amit Mikhailov Travel,"June 1, 2026, 12:00 AM","June 30, 2026, 12:00 AM",OverHead,4S-MG2024-MYS_CNG_AC,null,0,"4,005.69"
catalyst-Sac,Boulder Campus,Amit Mikhailov Travel,"June 1, 2026, 12:00 AM","June 30, 2026, 12:00 AM",OverHead,4S-MG2024-MYS_CNG_AC,null,0,"8,011.35"
catalyst-Sac,Boulder Campus,Amit Mikhailov Travel,"June 1, 2026, 12:00 AM","June 30, 2026, 12:00 AM",OverHead,4S-MG2024-MYS_CNG_AC,null,0,"4,005.67"
catalyst-Sac,Santa Clara Office,Amit Mikhailov Travel,"June 1, 2026, 12:00 AM","June 30, 2026, 12:00 AM",OverHead,4S-MG2024-KOC_AC,null,0,"7,506.24"
catalyst-Sac,Maple Grove Office,Divya Mikhailov Travel,"July 1, 2026, 12:00 AM","July 31, 2026, 12:00 AM",OverHead,3S_Jan2024_AC,null,0,-622.5
catalyst-Sac,Maple Grove Office,Divya Mikhailov Travel,"July 1, 2026, 12:00 AM","July 31, 2026, 12:00 AM",OverHead,3S_Jan2024_AC,null,0,-933.75
catalyst-Sac,Maple Grove Office,Vikram Mikhailov Travel,"July 1, 2026, 12:00 AM","July 31, 2026, 12:00 AM",OverHead,3S_Jan2024_AC,null,0,-622.5
catalyst-Sac,Maple Grove Office,Vikram Mikhailov Travel,"July 1, 2026, 12:00 AM","July 31, 2026, 12:00 AM",OverHead,3S_Jan2024_AC,null,0,-933.75
catalyst-Sac,Maple Grove Office,Vikram Mikhailov Travel,"July 1, 2026, 12:00 AM","July 31, 2026, 12:00 AM",OverHead,3S_Jan2024_AC,null,0,-480
catalyst-Sac,Maple Grove Office,Divya Mikhailov Travel,"July 1, 2026, 12:00 AM","July 31, 2026, 12:00 AM",OverHead,3S_Jan2024_AC,null,0,"-1,113.75"
catalyst-Sac,Maple Grove Office,Vikram Mikhailov Travel,"July 1, 2026, 12:00 AM","July 31, 2026, 12:00 AM",OverHead,3S_Jan2024_AC,null,0,-622.5
catalyst-Sac,Boulder Campus,Amit Mikhailov Travel,"July 1, 2026, 12:00 AM","July 31, 2026, 12:00 AM",OverHead,4S-MG2024-MYS_CNG_AC,null,0,"11,494.58"
catalyst-Sac,Maple Grove Office,Vikram Mikhailov Travel,"July 1, 2026, 12:00 AM","July 31, 2026, 12:00 AM",OverHead,3S_Jan2024_AC,null,0,-622.5
catalyst-Sac,Maple Grove Office,Divya Mikhailov Travel,"July 1, 2026, 12:00 AM","July 31, 2026, 12:00 AM",OverHead,3S_Jan2024_AC,null,0,-933.75
catalyst-Sac,Maple Grove Office,Divya Mikhailov Travel,"July 1, 2026, 12:00 AM","July 31, 2026, 12:00 AM",OverHead,3S_Jan2024_AC,null,0,-933.75
catalyst-Sac,Maple Grove Office,Vikram Mikhailov Travel,"July 1, 2026, 12:00 AM","July 31, 2026, 12:00 AM",OverHead,3S_Jan2024_AC,null,0,"-1,113.75"
catalyst-Sac,Maple Grove Office,Divya Mikhailov Travel,"July 1, 2026, 12:00 AM","July 31, 2026, 12:00 AM",OverHead,3S_Jan2024_AC,null,0,-622.5
catalyst-Sac,Maple Grove Office,Rohan Mikhailov Travel,"July 1, 2026, 12:00 AM","July 31, 2026, 12:00 AM",OverHead,3S_Jan2024_AC,null,0,-933.75
catalyst-Sac,Boulder Campus,Amit Mikhailov Travel,"July 1, 2026, 12:00 AM","July 31, 2026, 12:00 AM",OverHead,4S-MG2024-MYS_CNG_AC,null,0,"3,831.52"
catalyst-Sac,Maple Grove Office,Amit Mikhailov Travel,"July 1, 2026, 12:00 AM","July 31, 2026, 12:00 AM",OverHead,3S_Jan2024_AC,null,0,-750
catalyst-Sac,Maple Grove Office,Rohan Mikhailov Travel,"July 1, 2026, 12:00 AM","July 31, 2026, 12:00 AM",OverHead,3S_Jan2024_AC,null,0,-720
