business_unit,trip_id,trip_type,trip_date,stwid,route_rating,driver_rating,cab_rating,safety_rating,marshal_rating,creation_time
pinnacle-Slc,"3,273,551",LOGIN,"June 19, 2026, 8:30 AM","90,825",5,5,5,5,0,"June 19, 2026, 11:22 AM"
pinnacle-Slc,"3,273,551",LOGIN,"June 19, 2026, 8:30 AM","473,360",5,5,5,5,0,"June 19, 2026, 1:42 PM"
pinnacle-Slc,"3,275,453",LOGOUT,"June 19, 2026, 3:30 PM","502,050",5,5,5,5,0,"June 22, 2026, 8:45 AM"
pinnacle-Slc,"3,307,712",LOGIN,"June 26, 2026, 9:30 AM","8,740",5,5,5,5,0,"June 26, 2026, 1:18 PM"
pinnacle-Slc,"3,307,712",LOGIN,"June 26, 2026, 9:30 AM","321,535",5,5,5,5,0,"June 26, 2026, 3:34 PM"
pinnacle-Slc,"3,307,712",LOGIN,"June 26, 2026, 9:30 AM","311,470",5,5,5,5,0,"June 26, 2026, 4:28 PM"
pinnacle-Slc,"3,318,836",LOGIN,"June 29, 2026, 9:30 AM","344,140",5,5,5,5,0,"June 29, 2026, 11:31 AM"
pinnacle-Slc,"3,318,836",LOGIN,"June 29, 2026, 9:30 AM","643,655",5,5,5,5,0,"June 29, 2026, 2:57 PM"
pinnacle-Slc,"3,324,400",LOGIN,"June 30, 2026, 10:30 AM","215,605",5,5,5,5,0,"June 30, 2026, 10:50 PM"
pinnacle-Slc,"3,293,143",LOGIN,"June 24, 2026, 8:30 AM","84,220",5,5,5,5,0,"June 24, 2026, 3:38 PM"
pinnacle-Slc,"3,372,790",LOGOUT,"July 8, 2026, 8:00 PM","540,160",5,5,5,5,0,"July 9, 2026, 9:05 AM"
pinnacle-Slc,"3,387,324",LOGOUT,"July 13, 2026, 4:30 PM","88,690",5,5,5,5,0,"July 13, 2026, 10:19 PM"
pinnacle-Slc,"3,101,024",LOGOUT,"May 13, 2026, 3:30 PM","321,045",5,5,5,5,0,"May 14, 2026, 8:15 AM"
orbit-Slc,"1,367,623",LOGOUT,"July 31, 2026, 10:00 PM","105,925",5,5,5,5,0,"July 31, 2026, 10:36 PM"
orbit-Slc,"1,367,623",LOGOUT,"July 31, 2026, 10:00 PM","195,815",5,5,5,5,0,"August 1, 2026, 1:03 AM"
orbit-Slc,"1,213,552",LOGIN,"May 5, 2026, 1:00 PM","100,045",5,5,5,5,0,"May 5, 2026, 2:25 PM"
orbit-Slc,"1,213,552",LOGIN,"May 5, 2026, 1:00 PM",800,5,5,5,5,0,"May 5, 2026, 5:02 PM"
orbit-Slc,"1,213,552",LOGIN,"May 5, 2026, 1:00 PM","1,705",5,5,5,5,0,"May 5, 2026, 9:33 PM"
pinnacle-Slc,"3,402,826",LOGIN,"July 16, 2026, 9:30 AM","422,525",5,5,5,5,0,"July 16, 2026, 12:14 PM"
pinnacle-Slc,"3,104,599",LOGIN,"May 14, 2026, 6:00 PM","412,810",5,5,5,5,0,"May 15, 2026, 2:30 AM"
pinnacle-Slc,"3,104,599",LOGIN,"May 14, 2026, 6:00 PM","422,705",4,4,4,4,0,"May 15, 2026, 3:23 AM"
pinnacle-Slc,"3,104,599",LOGIN,"May 14, 2026, 6:00 PM","422,695",5,5,5,5,0,"May 15, 2026, 4:04 AM"
pinnacle-Slc,"3,392,292",LOGOUT,"July 14, 2026, 5:30 PM","168,255",5,5,5,5,0,"July 14, 2026, 11:27 PM"
pinnacle-Slc,"3,392,292",LOGOUT,"July 14, 2026, 5:30 PM","94,050",5,5,5,5,0,"July 15, 2026, 2:06 AM"
pinnacle-Slc,"3,394,366",LOGOUT,"July 14, 2026, 3:30 PM","409,165",5,5,5,5,0,"July 14, 2026, 8:43 PM"
pinnacle-Slc,"3,394,366",LOGOUT,"July 14, 2026, 3:30 PM","1,975",5,5,5,5,0,"July 14, 2026, 11:33 PM"
pinnacle-Slc,"3,112,714",LOGOUT,"May 15, 2026, 3:30 PM","83,535",5,5,5,5,0,"May 16, 2026, 1:24 PM"
pinnacle-Slc,"3,112,714",LOGOUT,"May 15, 2026, 3:30 PM","3,975",5,5,5,5,0,"May 17, 2026, 10:38 AM"
pinnacle-Slc,"3,112,714",LOGOUT,"May 15, 2026, 3:30 PM","84,170",5,5,5,5,0,"May 17, 2026, 10:26 PM"
vanta-Aus,"1,214,703",LOGIN,"July 7, 2026, 12:00 PM","325,275",4,4,4,4,0,"July 7, 2026, 5:04 PM"
catalyst-Sac,"1,470,051",LOGOUT,"May 26, 2026, 8:00 PM","257,770",1,5,5,5,0,"May 26, 2026, 10:32 PM"
orbit-Slc,"1,273,295",LOGIN,"June 11, 2026, 11:00 AM","218,145",4,4,4,4,0,"June 11, 2026, 11:00 AM"
orbit-Slc,"1,273,295",LOGIN,"June 11, 2026, 11:00 AM","58,525",5,5,5,5,0,"June 11, 2026, 8:10 PM"
orbit-Slc,"1,280,802",LOGOUT,"June 16, 2026, 12:00 AM","263,265",5,5,5,5,0,"June 16, 2026, 1:16 PM"
orbit-Slc,"1,280,802",LOGOUT,"June 16, 2026, 12:00 AM","1,530",5,5,5,5,0,"June 16, 2026, 1:34 PM"
orbit-Slc,"1,297,766",LOGOUT,"June 24, 2026, 3:30 PM","16,800",5,5,5,5,0,"June 25, 2026, 12:19 PM"
orbit-Slc,"1,297,766",LOGOUT,"June 24, 2026, 3:30 PM","14,240",5,5,5,5,0,"June 25, 2026, 2:50 PM"
orbit-Slc,"1,298,341",LOGIN,"June 25, 2026, 6:30 AM","51,665",5,5,5,5,5,"June 25, 2026, 2:29 PM"
orbit-Slc,"1,298,341",LOGIN,"June 25, 2026, 6:30 AM","39,470",5,5,5,5,5,"June 25, 2026, 3:36 PM"
orbit-Slc,"1,298,341",LOGIN,"June 25, 2026, 6:30 AM","14,910",5,5,5,5,5,"June 25, 2026, 3:36 PM"
orbit-Slc,"1,309,282",LOGIN,"July 1, 2026, 1:00 PM","145,105",5,5,5,5,0,"July 1, 2026, 1:00 PM"
orbit-Slc,"1,309,282",LOGIN,"July 1, 2026, 1:00 PM","8,605",5,5,5,5,0,"July 1, 2026, 10:06 PM"
orbit-Slc,"1,339,198",LOGIN,"July 17, 2026, 11:00 AM","271,730",5,5,5,5,0,"July 17, 2026, 10:29 AM"
orbit-Slc,"1,339,198",LOGIN,"July 17, 2026, 11:00 AM","206,335",5,5,5,5,0,"July 17, 2026, 10:30 AM"
orbit-Slc,"1,339,198",LOGIN,"July 17, 2026, 11:00 AM","235,540",5,5,5,5,0,"July 17, 2026, 3:13 PM"
orbit-Slc,"1,344,152",LOGOUT,"July 20, 2026, 8:00 PM","203,660",5,5,5,5,0,"July 20, 2026, 10:50 PM"
orbit-Slc,"1,344,152",LOGOUT,"July 20, 2026, 8:00 PM","57,735",5,5,5,5,0,"July 21, 2026, 9:02 AM"
orbit-Slc,"1,344,152",LOGOUT,"July 20, 2026, 8:00 PM","147,245",5,5,5,5,0,"July 22, 2026, 7:33 PM"
orbit-Slc,"1,230,871",LOGOUT,"May 15, 2026, 3:30 PM","1,400",5,5,5,5,0,"May 17, 2026, 6:02 PM"
orbit-Slc,"1,230,871",LOGOUT,"May 15, 2026, 3:30 PM","260,350",5,5,5,5,0,"May 18, 2026, 5:07 AM"
orbit-Slc,"1,230,871",LOGOUT,"May 15, 2026, 3:30 PM","7,385",5,5,5,5,0,"May 18, 2026, 9:50 PM"
pinnacle-Slc,"3,097,317",LOGIN,"May 13, 2026, 8:30 AM","127,345",5,5,5,5,0,"May 13, 2026, 7:50 PM"
pinnacle-Slc,"3,102,603",LOGIN,"May 14, 2026, 9:00 AM","119,135",5,5,5,5,0,"May 14, 2026, 3:00 PM"
pinnacle-Slc,"3,425,196",LOGOUT,"July 21, 2026, 3:00 PM","541,315",5,5,5,5,0,"July 21, 2026, 4:35 PM"
pinnacle-Slc,"3,126,354",LOGOUT,"May 19, 2026, 5:30 PM","554,515",5,5,5,5,0,"May 20, 2026, 8:36 AM"
orbit-Slc,"1,214,703",LOGOUT,"May 5, 2026, 11:00 PM","102,030",5,5,5,5,0,"May 7, 2026, 4:10 PM"
pinnacle-Slc,"3,126,798",LOGOUT,"May 19, 2026, 2:30 PM","127,510",5,5,5,5,0,"May 20, 2026, 6:44 AM"
pinnacle-Slc,"3,423,085",LOGIN,"July 21, 2026, 8:30 AM","3,090",5,5,5,5,0,"July 22, 2026, 7:43 AM"
pinnacle-Slc,"3,124,038",LOGOUT,"May 19, 2026, 1:30 PM","184,420",5,5,5,5,0,"May 20, 2026, 4:07 AM"
pinnacle-Slc,"3,124,038",LOGOUT,"May 19, 2026, 1:30 PM","329,785",5,5,5,5,0,"May 20, 2026, 6:43 AM"
orbit-Slc,"1,236,770",LOGOUT,"May 19, 2026, 10:00 PM","72,540",5,5,5,5,0,"May 20, 2026, 10:39 AM"
orbit-Slc,"1,236,770",LOGOUT,"May 19, 2026, 10:00 PM","1,330",5,5,5,5,0,"May 20, 2026, 10:42 AM"
orbit-Slc,"1,236,770",LOGOUT,"May 19, 2026, 10:00 PM","1,240",5,5,5,5,0,"May 20, 2026, 4:48 PM"
pinnacle-Slc,"3,141,599",LOGIN,"May 22, 2026, 8:30 AM","134,675",5,5,5,5,0,"May 22, 2026, 9:57 AM"
pinnacle-Slc,"3,141,599",LOGIN,"May 22, 2026, 8:30 AM","253,885",5,5,5,5,0,"May 22, 2026, 12:46 PM"
pinnacle-Slc,"3,151,185",LOGIN,"May 25, 2026, 9:00 AM","14,115",5,5,5,5,0,"May 25, 2026, 1:18 PM"
pinnacle-Slc,"3,151,185",LOGIN,"May 25, 2026, 9:00 AM","176,670",5,5,5,5,0,"May 25, 2026, 1:43 PM"
pinnacle-Slc,"3,151,185",LOGIN,"May 25, 2026, 9:00 AM","176,745",5,5,5,5,0,"May 25, 2026, 2:26 PM"
pinnacle-Slc,"3,131,418",LOGOUT,"May 20, 2026, 3:00 PM","296,625",5,5,5,5,0,"May 20, 2026, 3:46 PM"
pinnacle-Slc,"3,131,418",LOGOUT,"May 20, 2026, 3:00 PM","151,485",5,5,5,5,0,"May 21, 2026, 6:45 AM"
pinnacle-Slc,"3,131,418",LOGOUT,"May 20, 2026, 3:00 PM","15,410",5,5,5,5,0,"May 21, 2026, 7:16 AM"
pinnacle-Slc,"3,336,707",LOGIN,"July 2, 2026, 10:30 AM","121,595",5,5,5,5,0,"July 2, 2026, 1:00 PM"
pinnacle-Slc,"3,336,707",LOGIN,"July 2, 2026, 10:30 AM","174,875",5,5,5,5,0,"July 2, 2026, 3:54 PM"
orbit-Slc,"1,362,427",LOGOUT,"July 29, 2026, 3:30 PM","16,755",5,5,5,5,0,"July 29, 2026, 11:25 PM"
orbit-Slc,"1,362,427",LOGOUT,"July 29, 2026, 3:30 PM","121,380",5,5,5,5,0,"July 30, 2026, 11:24 AM"
pinnacle-Slc,"3,339,820",LOGOUT,"July 2, 2026, 2:30 PM","137,570",5,5,5,5,0,"July 2, 2026, 3:22 PM"
pinnacle-Slc,"3,339,820",LOGOUT,"July 2, 2026, 2:30 PM","5,795",5,5,5,5,0,"July 2, 2026, 3:26 PM"
pinnacle-Slc,"3,356,874",LOGIN,"July 7, 2026, 10:30 AM","249,850",5,5,5,5,0,"July 7, 2026, 4:04 PM"
pinnacle-Slc,"3,356,874",LOGIN,"July 7, 2026, 10:30 AM","518,880",5,5,5,5,0,"July 7, 2026, 5:32 PM"
pinnacle-Slc,"3,067,931",LOGOUT,"May 6, 2026, 1:30 PM","249,825",5,5,5,5,0,"May 7, 2026, 6:18 AM"
pinnacle-Slc,"3,057,297",LOGOUT,"May 4, 2026, 2:30 PM","11,060",4,4,4,4,0,"May 4, 2026, 10:22 PM"
pinnacle-Slc,"3,057,030",LOGOUT,"May 4, 2026, 2:30 PM","102,665",5,5,5,5,0,"May 4, 2026, 10:28 PM"
pinnacle-Slc,"3,369,828",LOGIN,"July 9, 2026, 1:00 PM","403,705",5,5,5,5,0,"July 9, 2026, 9:39 PM"
pinnacle-Slc,"3,383,322",LOGIN,"July 13, 2026, 9:00 AM","115,470",5,5,5,5,0,"July 13, 2026, 3:35 PM"
pinnacle-Slc,"3,387,091",LOGOUT,"July 13, 2026, 1:30 PM","321,060",5,5,5,5,0,"July 13, 2026, 9:51 PM"
pinnacle-Slc,"3,387,091",LOGOUT,"July 13, 2026, 1:30 PM","156,210",5,5,5,5,0,"July 14, 2026, 4:58 AM"
pinnacle-Slc,"3,387,091",LOGOUT,"July 13, 2026, 1:30 PM","94,600",5,5,5,5,0,"July 14, 2026, 5:51 AM"
vanta-Sea,"4,973,989",LOGIN,"June 23, 2026, 6:00 AM","348,180",5,5,5,5,0,"June 23, 2026, 5:59 AM"
pinnacle-Slc,"3,207,053",LOGIN,"June 8, 2026, 9:30 AM","241,510",2,2,2,2,0,"June 8, 2026, 2:11 PM"
pinnacle-Slc,"3,207,053",LOGIN,"June 8, 2026, 9:30 AM","424,665",4,4,4,4,0,"June 8, 2026, 2:41 PM"
vanta-Sea,"4,902,989",LOGOUT,"June 1, 2026, 8:16 PM","487,700",5,5,5,5,0,"June 1, 2026, 9:33 PM"
pinnacle-Slc,"3,199,945",LOGIN,"June 5, 2026, 9:30 AM","105,715",5,5,5,5,0,"June 5, 2026, 2:28 PM"
pinnacle-Slc,"3,207,513",LOGIN,"June 8, 2026, 8:30 AM","362,955",5,5,5,5,0,"June 8, 2026, 12:15 PM"
pinnacle-Slc,"3,207,513",LOGIN,"June 8, 2026, 8:30 AM","249,595",5,5,5,5,0,"June 8, 2026, 1:29 PM"
pinnacle-Slc,"3,214,780",LOGOUT,"June 9, 2026, 3:00 PM","679,825",5,5,5,5,0,"June 9, 2026, 3:47 PM"
pinnacle-Slc,"3,214,780",LOGOUT,"June 9, 2026, 3:00 PM","105,135",5,5,5,5,0,"June 10, 2026, 1:10 AM"
pinnacle-Slc,"3,214,780",LOGOUT,"June 9, 2026, 3:00 PM","102,725",5,5,5,5,0,"June 10, 2026, 8:17 AM"
pinnacle-Slc,"3,226,816",LOGIN,"June 11, 2026, 9:00 AM","428,485",5,5,5,5,0,"June 11, 2026, 11:00 PM"
pinnacle-Slc,"3,238,020",LOGOUT,"June 12, 2026, 3:00 PM","108,400",5,5,5,5,0,"June 14, 2026, 11:42 PM"
pinnacle-Slc,"3,244,370",LOGOUT,"June 15, 2026, 3:30 PM","520,855",5,5,5,5,0,"June 15, 2026, 8:16 PM"
pinnacle-Slc,"3,244,370",LOGOUT,"June 15, 2026, 3:30 PM","418,420",5,5,5,5,0,"June 16, 2026, 7:54 AM"
pinnacle-Slc,"3,248,731",LOGIN,"June 16, 2026, 10:30 AM","243,985",5,5,5,5,0,"June 16, 2026, 2:56 PM"
pinnacle-Slc,"3,248,731",LOGIN,"June 16, 2026, 10:30 AM","175,675",5,5,5,5,0,"June 17, 2026, 9:33 AM"
pinnacle-Slc,"3,211,426",LOGIN,"June 9, 2026, 8:30 AM","305,695",5,5,5,5,0,"June 9, 2026, 8:22 AM"
pinnacle-Slc,"3,211,426",LOGIN,"June 9, 2026, 8:30 AM","247,290",5,5,5,5,0,"June 9, 2026, 8:22 AM"
pinnacle-Slc,"3,215,616",LOGOUT,"June 9, 2026, 3:00 PM","104,340",5,5,5,5,0,"June 10, 2026, 7:54 AM"
pinnacle-Slc,"3,221,567",LOGOUT,"June 10, 2026, 3:30 PM","653,745",5,5,5,5,0,"June 11, 2026, 3:11 PM"
pinnacle-Slc,"3,239,050",LOGOUT,"June 12, 2026, 1:00 AM","191,850",4,4,4,4,4,"June 12, 2026, 12:03 PM"
pinnacle-Slc,"3,208,808",LOGOUT,"June 8, 2026, 4:30 PM","494,455",5,5,5,5,0,"June 9, 2026, 7:19 AM"
pinnacle-Slc,"3,228,888",LOGOUT,"June 11, 2026, 2:30 PM","87,450",5,5,5,5,0,"June 11, 2026, 3:29 PM"
pinnacle-Slc,"3,228,888",LOGOUT,"June 11, 2026, 2:30 PM","100,960",5,5,5,5,0,"June 11, 2026, 8:19 PM"
pinnacle-Slc,"3,228,888",LOGOUT,"June 11, 2026, 2:30 PM","104,465",4,4,4,4,0,"June 11, 2026, 9:40 PM"
pinnacle-Slc,"3,252,471",LOGOUT,"June 16, 2026, 2:30 PM","424,510",5,5,5,5,0,"June 17, 2026, 5:43 AM"
pinnacle-Slc,"3,286,676",LOGIN,"June 23, 2026, 8:30 AM","232,435",5,5,5,5,0,"June 23, 2026, 10:51 AM"
pinnacle-Slc,"3,255,907",LOGIN,"June 17, 2026, 10:30 AM","101,920",4,4,4,4,0,"June 17, 2026, 3:43 PM"
pinnacle-Slc,"3,290,775",LOGOUT,"June 23, 2026, 8:30 PM","689,870",5,5,5,5,0,"June 24, 2026, 6:47 AM"
pinnacle-Slc,"3,245,404",LOGIN,"June 15, 2026, 10:30 AM","410,805",5,5,5,5,0,"June 15, 2026, 4:14 PM"
pinnacle-Slc,"3,245,404",LOGIN,"June 15, 2026, 10:30 AM","86,595",1,1,1,1,0,"June 15, 2026, 4:46 PM"
orbit-Slc,"1,249,528",LOGOUT,"May 27, 2026, 3:30 PM","218,530",5,5,5,5,0,"May 27, 2026, 4:25 PM"
orbit-Slc,"1,249,528",LOGOUT,"May 27, 2026, 3:30 PM","239,550",5,5,5,5,0,"May 27, 2026, 10:56 PM"
orbit-Slc,"1,249,528",LOGOUT,"May 27, 2026, 3:30 PM","61,355",5,5,5,5,0,"May 28, 2026, 7:09 PM"
pinnacle-Slc,"3,160,345",LOGIN,"May 27, 2026, 10:30 AM","486,700",5,5,5,5,0,"May 27, 2026, 10:22 AM"
pinnacle-Slc,"3,471,808",LOGIN,"July 30, 2026, 1:30 PM","443,540",5,5,5,5,0,"July 30, 2026, 3:13 PM"
pinnacle-Slc,"3,482,035",LOGOUT,"July 31, 2026, 3:00 PM","258,340",5,5,5,5,0,"August 2, 2026, 6:11 PM"
pinnacle-Slc,"3,482,035",LOGOUT,"July 31, 2026, 3:00 PM","640,515",5,5,5,5,0,"August 3, 2026, 12:43 AM"
pinnacle-Slc,"3,464,418",LOGIN,"July 29, 2026, 9:30 AM","489,345",5,5,5,5,0,"July 29, 2026, 3:24 PM"
pinnacle-Slc,"3,464,418",LOGIN,"July 29, 2026, 9:30 AM",375,4,4,4,4,0,"July 29, 2026, 4:27 PM"
pinnacle-Slc,"3,163,654",LOGOUT,"May 27, 2026, 3:30 PM","178,150",4,4,4,4,0,"June 2, 2026, 2:16 AM"
pinnacle-Slc,"3,187,032",LOGIN,"June 3, 2026, 9:00 AM","203,735",5,5,5,5,0,"June 3, 2026, 1:04 PM"
pinnacle-Slc,"3,187,032",LOGIN,"June 3, 2026, 9:00 AM","111,175",5,5,5,5,0,"June 3, 2026, 3:35 PM"
pinnacle-Slc,"3,197,717",LOGIN,"June 5, 2026, 8:30 AM","92,540",5,5,5,5,0,"June 5, 2026, 10:46 AM"
pinnacle-Slc,"3,197,717",LOGIN,"June 5, 2026, 8:30 AM","152,020",4,4,4,4,0,"June 5, 2026, 3:36 PM"
pinnacle-Slc,"3,258,994",LOGOUT,"June 17, 2026, 1:30 PM","241,065",5,5,5,5,0,"June 17, 2026, 2:17 PM"
pinnacle-Slc,"3,258,994",LOGOUT,"June 17, 2026, 1:30 PM","153,465",5,5,5,5,0,"June 18, 2026, 6:47 AM"
pinnacle-Slc,"3,275,778",LOGOUT,"June 20, 2026, 4:30 AM","412,945",5,5,5,5,0,"June 20, 2026, 5:10 AM"
pinnacle-Slc,"3,275,778",LOGOUT,"June 20, 2026, 4:30 AM","317,720",5,5,5,5,0,"June 22, 2026, 10:00 AM"
pinnacle-Slc,"3,316,854",LOGIN,"June 29, 2026, 6:00 PM","414,945",5,5,5,5,0,"June 30, 2026, 3:14 AM"
pinnacle-Slc,"3,281,947",LOGOUT,"June 22, 2026, 3:30 PM","411,145",5,5,5,5,0,"June 22, 2026, 9:52 PM"
pinnacle-Slc,"3,378,271",LOGOUT,"July 10, 2026, 2:30 PM","157,040",4,4,4,4,0,"July 11, 2026, 8:52 AM"
pinnacle-Slc,"3,092,178",LOGIN,"May 12, 2026, 8:30 AM","82,105",5,5,5,5,0,"May 12, 2026, 2:12 PM"
pinnacle-Slc,"3,092,178",LOGIN,"May 12, 2026, 8:30 AM","250,000",5,5,5,5,0,"May 12, 2026, 4:12 PM"
pinnacle-Slc,"3,094,765",LOGOUT,"May 12, 2026, 4:30 PM","643,320",5,5,5,5,0,"May 12, 2026, 10:32 PM"
pinnacle-Slc,"3,395,972",LOGIN,"July 15, 2026, 9:00 AM","296,055",5,5,5,5,0,"July 15, 2026, 11:41 AM"
pinnacle-Slc,"3,395,972",LOGIN,"July 15, 2026, 9:00 AM","286,060",5,5,5,5,0,"July 15, 2026, 12:18 PM"
pinnacle-Slc,"3,099,183",LOGOUT,"May 13, 2026, 3:30 PM","382,450",5,5,5,5,0,"May 13, 2026, 6:20 PM"
pinnacle-Slc,"3,099,183",LOGOUT,"May 13, 2026, 3:30 PM","563,095",4,4,4,4,0,"May 18, 2026, 5:45 AM"
orbit-Slc,"1,224,367",LOGIN,"May 12, 2026, 11:00 AM","77,770",5,5,5,5,0,"May 12, 2026, 11:02 AM"
orbit-Slc,"1,224,367",LOGIN,"May 12, 2026, 11:00 AM","150,920",5,5,5,5,0,"May 12, 2026, 11:04 AM"
orbit-Slc,"1,224,367",LOGIN,"May 12, 2026, 11:00 AM","212,865",5,5,5,5,0,"May 12, 2026, 6:50 PM"
orbit-Slc,"1,224,367",LOGIN,"May 12, 2026, 11:00 AM","51,345",5,5,5,5,0,"May 12, 2026, 7:52 PM"
pinnacle-Slc,"3,394,127",LOGOUT,"July 14, 2026, 5:30 PM","333,745",5,5,5,5,0,"July 14, 2026, 10:11 PM"
pinnacle-Slc,"3,394,127",LOGOUT,"July 14, 2026, 5:30 PM","682,840",5,5,5,5,0,"July 15, 2026, 7:20 AM"
pinnacle-Slc,"3,080,804",LOGIN,"May 8, 2026, 7:30 AM","420,705",5,5,5,5,0,"May 8, 2026, 1:31 PM"
pinnacle-Slc,"3,081,704",LOGIN,"May 8, 2026, 10:30 AM","86,595",5,5,5,5,0,"May 8, 2026, 4:34 PM"
pinnacle-Slc,"3,391,789",LOGOUT,"July 14, 2026, 8:30 PM","299,015",5,5,5,5,5,"July 14, 2026, 9:02 PM"
orbit-Slc,"1,235,605",LOGIN,"May 19, 2026, 6:30 AM","109,765",5,5,5,5,5,"May 19, 2026, 3:01 PM"
orbit-Slc,"1,237,272",LOGOUT,"May 19, 2026, 10:00 PM","232,510",5,5,5,5,0,"May 20, 2026, 10:21 AM"
orbit-Slc,"1,239,305",LOGIN,"May 21, 2026, 6:30 AM","2,045",4,4,4,4,0,"May 21, 2026, 7:42 AM"
orbit-Slc,"1,239,305",LOGIN,"May 21, 2026, 6:30 AM","260,350",5,5,5,5,0,"May 22, 2026, 5:45 AM"
pinnacle-Slc,"3,121,373",LOGIN,"May 19, 2026, 8:30 AM","398,920",5,5,5,5,0,"May 19, 2026, 1:41 PM"
pinnacle-Slc,"3,121,373",LOGIN,"May 19, 2026, 8:30 AM","28,335",5,5,5,5,0,"May 19, 2026, 2:11 PM"
pinnacle-Slc,"3,105,622",LOGOUT,"May 14, 2026, 4:30 PM","67,270",5,5,5,5,0,"May 15, 2026, 7:30 AM"
orbit-Slc,"1,260,386",LOGOUT,"June 3, 2026, 8:00 PM","240,935",5,5,5,5,0,"June 4, 2026, 8:17 AM"
orbit-Slc,"1,260,386",LOGOUT,"June 3, 2026, 8:00 PM","259,410",5,5,5,5,0,"June 5, 2026, 2:49 AM"
vanta-Aus,"1,120,739",LOGOUT,"May 14, 2026, 10:15 PM","385,585",5,5,5,5,5,"May 14, 2026, 11:34 PM"
orbit-Slc,"1,267,152",LOGOUT,"June 8, 2026, 10:00 PM","4,315",5,5,5,5,0,"June 9, 2026, 9:52 AM"
orbit-Slc,"1,267,152",LOGOUT,"June 8, 2026, 10:00 PM","258,600",5,5,5,5,0,"June 11, 2026, 10:23 AM"
vanta-Aus,"1,235,605",LOGOUT,"July 17, 2026, 9:15 PM","320,580",5,5,1,5,5,"July 17, 2026, 10:26 PM"
orbit-Slc,"1,270,826",LOGIN,"June 10, 2026, 11:00 AM","276,175",5,5,5,5,0,"June 10, 2026, 1:07 PM"
orbit-Slc,"1,270,826",LOGIN,"June 10, 2026, 11:00 AM","181,520",5,5,5,5,0,"June 10, 2026, 3:21 PM"
orbit-Slc,"1,270,826",LOGIN,"June 10, 2026, 11:00 AM","229,550",5,5,5,5,0,"June 10, 2026, 6:50 PM"
orbit-Slc,"1,270,826",LOGIN,"June 10, 2026, 11:00 AM","278,205",5,5,5,5,0,"June 10, 2026, 7:43 PM"
orbit-Slc,"1,270,826",LOGIN,"June 10, 2026, 11:00 AM","102,815",5,5,5,5,0,"June 10, 2026, 8:10 PM"
catalyst-Sac,"1,497,840",LOGOUT,"June 17, 2026, 4:00 AM","376,065",5,5,5,5,0,"June 17, 2026, 4:58 AM"
orbit-Slc,"1,277,531",LOGIN,"June 15, 2026, 11:00 AM","73,150",5,5,5,5,0,"June 15, 2026, 4:01 PM"
orbit-Slc,"1,277,531",LOGIN,"June 15, 2026, 11:00 AM","53,765",5,5,5,5,0,"June 15, 2026, 5:15 PM"
orbit-Slc,"1,277,531",LOGIN,"June 15, 2026, 11:00 AM","62,775",4,4,4,4,0,"June 16, 2026, 6:51 AM"
catalyst-Sac,"1,553,152",LOGIN,"July 28, 2026, 6:30 AM","632,915",5,5,5,5,5,"July 28, 2026, 6:06 AM"
orbit-Slc,"1,281,526",LOGIN,"June 16, 2026, 11:00 AM","6,895",5,5,5,5,0,"June 16, 2026, 11:22 AM"
orbit-Slc,"1,281,526",LOGIN,"June 16, 2026, 11:00 AM","6,020",5,5,5,5,0,"June 16, 2026, 7:29 PM"
orbit-Slc,"1,291,894",LOGIN,"June 22, 2026, 11:00 AM","5,600",1,4,4,4,0,"June 22, 2026, 11:05 AM"
orbit-Slc,"1,291,894",LOGIN,"June 22, 2026, 11:00 AM","3,795",5,5,5,5,0,"June 22, 2026, 11:29 AM"
orbit-Slc,"1,291,894",LOGIN,"June 22, 2026, 11:00 AM","10,225",5,5,5,5,0,"June 22, 2026, 12:10 PM"
orbit-Slc,"1,296,329",LOGIN,"June 24, 2026, 11:00 AM","45,935",4,4,4,4,0,"June 24, 2026, 11:19 AM"
orbit-Slc,"1,296,329",LOGIN,"June 24, 2026, 11:00 AM","188,280",5,5,5,5,0,"June 24, 2026, 11:59 AM"
orbit-Slc,"1,296,329",LOGIN,"June 24, 2026, 11:00 AM","240,430",5,5,5,5,0,"June 24, 2026, 3:01 PM"
orbit-Slc,"1,296,329",LOGIN,"June 24, 2026, 11:00 AM","1,825",5,3,5,5,0,"June 25, 2026, 9:51 AM"
orbit-Slc,"1,315,357",LOGOUT,"July 3, 2026, 3:30 PM","11,795",5,5,5,5,0,"July 6, 2026, 7:18 AM"
orbit-Slc,"1,315,357",LOGOUT,"July 3, 2026, 3:30 PM","199,830",5,5,5,5,0,"July 6, 2026, 8:26 AM"
orbit-Slc,"1,331,090",LOGOUT,"July 13, 2026, 8:00 PM","10,225",5,5,5,5,0,"July 14, 2026, 7:20 AM"
orbit-Slc,"1,331,090",LOGOUT,"July 13, 2026, 8:00 PM","289,880",5,5,5,5,0,"July 14, 2026, 9:51 AM"
orbit-Slc,"1,331,090",LOGOUT,"July 13, 2026, 8:00 PM","5,380",5,5,5,5,0,"July 15, 2026, 1:46 PM"
orbit-Slc,"1,331,978",LOGOUT,"July 14, 2026, 7:00 AM","150,995",5,5,5,5,0,"July 14, 2026, 7:30 AM"
orbit-Slc,"1,339,665",LOGOUT,"July 16, 2026, 10:00 PM","183,020",5,5,5,5,0,"July 17, 2026, 9:04 AM"
orbit-Slc,"1,339,665",LOGOUT,"July 16, 2026, 10:00 PM","132,515",5,5,5,5,0,"July 17, 2026, 9:57 AM"
orbit-Slc,"1,339,665",LOGOUT,"July 16, 2026, 10:00 PM","153,370",4,4,4,4,0,"July 17, 2026, 10:30 AM"
orbit-Slc,"1,336,734",LOGIN,"July 16, 2026, 5:30 AM","225,405",5,5,5,5,5,"July 16, 2026, 12:26 PM"
orbit-Slc,"1,341,323",LOGOUT,"July 17, 2026, 8:00 PM","282,575",5,5,5,5,5,"July 19, 2026, 9:40 AM"
pinnacle-Slc,"3,417,464",LOGIN,"July 20, 2026, 11:00 AM","113,000",5,5,5,5,0,"July 20, 2026, 11:01 AM"
pinnacle-Slc,"3,411,310",LOGIN,"July 17, 2026, 7:30 AM","254,085",5,5,5,5,0,"July 17, 2026, 1:07 PM"
pinnacle-Slc,"3,430,520",LOGIN,"July 22, 2026, 8:30 AM","86,080",5,5,5,5,0,"July 22, 2026, 2:31 PM"
pinnacle-Slc,"3,430,520",LOGIN,"July 22, 2026, 8:30 AM","68,755",5,5,5,5,0,"July 22, 2026, 2:35 PM"
pinnacle-Slc,"3,430,520",LOGIN,"July 22, 2026, 8:30 AM","508,480",5,5,5,5,0,"July 22, 2026, 7:51 PM"
pinnacle-Slc,"3,431,731",LOGOUT,"July 22, 2026, 4:30 PM","623,170",5,5,5,5,0,"July 23, 2026, 1:15 AM"
orbit-Slc,"1,256,876",LOGOUT,"June 2, 2026, 12:00 AM","271,750",5,5,5,5,0,"June 2, 2026, 11:10 AM"
pinnacle-Slc,"3,124,281",LOGOUT,"May 19, 2026, 5:30 PM","408,495",5,5,5,5,0,"May 20, 2026, 8:30 AM"
pinnacle-Slc,"3,429,839",LOGIN,"July 22, 2026, 8:30 AM","420,600",5,5,5,5,0,"July 22, 2026, 12:32 PM"
pinnacle-Slc,"3,429,839",LOGIN,"July 22, 2026, 8:30 AM","250,020",4,4,4,4,0,"July 22, 2026, 1:01 PM"
pinnacle-Slc,"3,429,839",LOGIN,"July 22, 2026, 8:30 AM","418,640",5,5,5,5,0,"July 22, 2026, 2:07 PM"
orbit-Slc,"1,214,479",LOGOUT,"May 5, 2026, 10:00 PM","105,155",5,5,5,5,5,"May 5, 2026, 11:30 PM"
orbit-Slc,"1,214,479",LOGOUT,"May 5, 2026, 10:00 PM","185,015",5,5,5,5,5,"May 6, 2026, 9:44 AM"
orbit-Slc,"1,214,479",LOGOUT,"May 5, 2026, 10:00 PM","194,055",4,4,4,4,4,"May 6, 2026, 4:26 PM"
orbit-Slc,"1,214,479",LOGOUT,"May 5, 2026, 10:00 PM","102,015",5,5,5,5,5,"May 6, 2026, 6:17 PM"
orbit-Slc,"1,214,479",LOGOUT,"May 5, 2026, 10:00 PM","190,800",5,5,5,5,5,"May 6, 2026, 10:20 PM"
orbit-Slc,"1,214,479",LOGOUT,"May 5, 2026, 10:00 PM","188,975",5,5,5,5,5,"May 8, 2026, 1:43 PM"
orbit-Slc,"1,214,912",LOGIN,"May 6, 2026, 1:00 PM","118,915",5,5,5,5,0,"May 6, 2026, 9:38 PM"
pinnacle-Slc,"3,139,554",LOGOUT,"May 21, 2026, 4:30 PM","419,875",5,5,5,5,0,"May 21, 2026, 7:22 PM"
pinnacle-Slc,"3,139,554",LOGOUT,"May 21, 2026, 4:30 PM","87,770",5,5,5,5,0,"May 22, 2026, 7:15 AM"
pinnacle-Slc,"3,139,554",LOGOUT,"May 21, 2026, 4:30 PM","98,355",5,5,5,5,0,"June 2, 2026, 12:27 AM"
pinnacle-Slc,"3,439,923",LOGOUT,"July 23, 2026, 3:00 PM","102,445",4,4,4,4,0,"July 23, 2026, 10:37 PM"
pinnacle-Slc,"3,439,923",LOGOUT,"July 23, 2026, 3:00 PM","96,350",5,5,5,5,0,"July 24, 2026, 7:00 AM"
pinnacle-Slc,"3,446,878",LOGOUT,"July 24, 2026, 4:30 PM","413,120",5,5,5,5,0,"July 24, 2026, 6:41 PM"
pinnacle-Slc,"3,150,964",LOGIN,"May 25, 2026, 8:30 AM","96,940",5,5,5,5,0,"May 25, 2026, 2:23 PM"
pinnacle-Slc,"3,133,480",LOGOUT,"May 20, 2026, 2:30 PM","523,825",5,5,5,5,0,"May 21, 2026, 7:26 AM"
pinnacle-Slc,"3,329,521",LOGOUT,"July 1, 2026, 2:30 PM",250,4,4,4,4,0,"July 1, 2026, 11:40 PM"
pinnacle-Slc,"3,351,040",LOGIN,"July 6, 2026, 8:30 AM","567,220",5,5,5,5,0,"July 6, 2026, 12:09 PM"
pinnacle-Slc,"3,055,746",LOGIN,"May 4, 2026, 8:30 AM","439,350",5,5,5,5,0,"May 4, 2026, 1:34 PM"
pinnacle-Slc,"3,055,746",LOGIN,"May 4, 2026, 8:30 AM","102,665",5,5,5,5,0,"May 4, 2026, 1:45 PM"
pinnacle-Slc,"3,357,560",LOGIN,"July 7, 2026, 10:30 AM","89,515",5,5,5,5,0,"July 7, 2026, 2:41 PM"
pinnacle-Slc,"3,357,560",LOGIN,"July 7, 2026, 10:30 AM","673,020",5,5,5,5,0,"July 7, 2026, 4:13 PM"
pinnacle-Slc,"3,356,642",LOGIN,"July 7, 2026, 8:30 AM","125,750",5,5,5,5,0,"July 7, 2026, 1:39 PM"
pinnacle-Slc,"3,363,321",LOGIN,"July 8, 2026, 8:30 AM","85,935",5,5,5,5,0,"July 8, 2026, 12:18 PM"
pinnacle-Slc,"3,363,321",LOGIN,"July 8, 2026, 8:30 AM",105,5,5,5,5,0,"July 8, 2026, 1:00 PM"
pinnacle-Slc,"3,363,321",LOGIN,"July 8, 2026, 8:30 AM","595,105",4,4,4,4,0,"July 9, 2026, 7:03 AM"
pinnacle-Slc,"3,197,941",LOGIN,"June 5, 2026, 9:00 AM","84,935",5,5,5,5,0,"June 5, 2026, 1:15 PM"
vanta-Sea,"4,987,145",LOGIN,"June 26, 2026, 7:00 AM","469,330",5,5,5,5,5,"June 26, 2026, 7:21 AM"
pinnacle-Slc,"3,195,296",LOGOUT,"June 4, 2026, 2:30 PM","95,485",5,5,5,5,0,"June 4, 2026, 3:46 PM"
pinnacle-Slc,"3,195,296",LOGOUT,"June 4, 2026, 2:30 PM","105,805",5,5,5,5,0,"June 5, 2026, 1:37 AM"
pinnacle-Slc,"3,195,296",LOGOUT,"June 4, 2026, 2:30 PM","117,765",5,5,5,5,0,"June 5, 2026, 8:06 AM"
pinnacle-Slc,"3,199,701",LOGIN,"June 5, 2026, 8:00 AM","411,185",5,5,5,5,0,"June 7, 2026, 11:48 PM"
pinnacle-Slc,"3,215,034",LOGOUT,"June 9, 2026, 3:30 PM","134,990",5,5,5,5,0,"June 9, 2026, 5:57 PM"
pinnacle-Slc,"3,215,034",LOGOUT,"June 9, 2026, 3:30 PM","165,960",5,5,5,5,0,"June 10, 2026, 7:56 AM"
pinnacle-Slc,"3,215,034",LOGOUT,"June 9, 2026, 3:30 PM","413,110",5,5,5,5,0,"June 10, 2026, 8:47 AM"
pinnacle-Slc,"3,216,328",LOGOUT,"June 9, 2026, 2:30 PM","264,945",5,5,5,5,0,"June 9, 2026, 3:42 PM"
pinnacle-Slc,"3,216,328",LOGOUT,"June 9, 2026, 2:30 PM","360,150",5,5,5,5,0,"June 9, 2026, 10:31 PM"
pinnacle-Slc,"3,243,625",LOGIN,"June 15, 2026, 8:30 AM","90,040",5,5,5,5,0,"June 15, 2026, 2:24 PM"
pinnacle-Slc,"3,243,625",LOGIN,"June 15, 2026, 8:30 AM","203,400",5,5,5,5,0,"June 15, 2026, 4:01 PM"
pinnacle-Slc,"3,260,126",LOGOUT,"June 17, 2026, 3:00 PM","562,105",5,5,5,5,0,"June 17, 2026, 3:43 PM"
pinnacle-Slc,"3,200,974",LOGOUT,"June 5, 2026, 7:00 PM","78,655",5,5,5,5,0,"June 7, 2026, 5:37 PM"
pinnacle-Slc,"3,213,241",LOGIN,"June 9, 2026, 7:30 AM","97,600",5,5,5,5,0,"June 9, 2026, 1:18 PM"
pinnacle-Slc,"3,220,163",LOGIN,"June 10, 2026, 7:30 AM","10,545",5,5,5,5,0,"June 10, 2026, 1:15 PM"
pinnacle-Slc,"3,242,399",LOGOUT,"June 15, 2026, 3:00 PM","91,915",5,5,5,5,0,"June 15, 2026, 4:00 PM"
pinnacle-Slc,"3,242,399",LOGOUT,"June 15, 2026, 3:00 PM","90,735",5,5,5,5,0,"June 16, 2026, 2:58 AM"
pinnacle-Slc,"3,246,055",LOGOUT,"June 15, 2026, 2:30 PM","152,080",5,5,5,5,0,"June 15, 2026, 4:04 PM"
pinnacle-Slc,"3,246,055",LOGOUT,"June 15, 2026, 2:30 PM","583,060",5,5,5,5,0,"June 16, 2026, 6:09 AM"
pinnacle-Slc,"3,246,055",LOGOUT,"June 15, 2026, 2:30 PM","658,910",5,5,5,5,0,"June 16, 2026, 7:11 AM"
pinnacle-Slc,"3,280,466",LOGIN,"June 22, 2026, 9:00 AM","99,040",5,5,5,5,0,"June 22, 2026, 9:12 AM"
pinnacle-Slc,"3,315,408",LOGOUT,"June 26, 2026, 11:30 PM","215,605",5,5,5,5,0,"June 29, 2026, 8:53 AM"
pinnacle-Slc,"3,280,937",LOGIN,"June 22, 2026, 8:30 AM","567,880",4,4,4,4,0,"June 22, 2026, 2:44 PM"
pinnacle-Slc,"3,288,372",LOGIN,"June 23, 2026, 1:30 PM","438,195",5,5,5,5,0,"June 23, 2026, 10:11 PM"
orbit-Slc,"1,225,171",LOGOUT,"May 12, 2026, 3:30 PM","111,285",5,5,5,5,0,"May 13, 2026, 5:00 AM"
orbit-Slc,"1,225,171",LOGOUT,"May 12, 2026, 3:30 PM","201,380",5,5,5,5,0,"May 13, 2026, 5:01 AM"
pinnacle-Slc,"3,435,764",LOGIN,"July 23, 2026, 9:30 AM","370,380",5,5,5,5,0,"July 23, 2026, 3:26 PM"
pinnacle-Slc,"3,435,764",LOGIN,"July 23, 2026, 9:30 AM","166,745",5,5,5,5,0,"July 23, 2026, 3:27 PM"
pinnacle-Slc,"3,435,764",LOGIN,"July 23, 2026, 9:30 AM","599,565",4,4,4,4,0,"July 24, 2026, 1:01 AM"
pinnacle-Slc,"3,139,782",LOGOUT,"May 21, 2026, 6:30 PM","5,210",5,5,5,5,0,"May 22, 2026, 9:16 AM"
pinnacle-Slc,"3,440,171",LOGOUT,"July 23, 2026, 3:30 PM","93,015",5,5,5,5,0,"July 24, 2026, 3:10 AM"
pinnacle-Slc,"3,440,171",LOGOUT,"July 23, 2026, 3:30 PM","202,240",5,5,5,5,0,"July 24, 2026, 6:24 AM"
orbit-Slc,"1,250,449",LOGOUT,"May 28, 2026, 3:30 AM","266,860",5,5,5,5,5,"May 28, 2026, 1:58 PM"
orbit-Slc,"1,250,449",LOGOUT,"May 28, 2026, 3:30 AM","211,625",5,5,5,5,5,"May 28, 2026, 4:11 PM"
pinnacle-Slc,"3,466,238",LOGIN,"July 29, 2026, 8:30 AM","304,375",5,5,5,5,0,"July 29, 2026, 2:06 PM"
pinnacle-Slc,"3,466,238",LOGIN,"July 29, 2026, 8:30 AM","313,785",5,5,5,5,0,"July 29, 2026, 2:34 PM"
pinnacle-Slc,"3,466,238",LOGIN,"July 29, 2026, 8:30 AM","408,190",5,5,5,5,0,"July 29, 2026, 5:34 PM"
pinnacle-Slc,"3,448,587",LOGOUT,"July 24, 2026, 7:30 PM","128,835",5,5,5,5,0,"July 28, 2026, 5:37 PM"
pinnacle-Slc,"3,151,625",LOGIN,"May 25, 2026, 10:30 AM","194,990",5,5,5,5,0,"May 25, 2026, 3:52 PM"
pinnacle-Slc,"3,151,625",LOGIN,"May 25, 2026, 10:30 AM","95,360",5,5,5,5,0,"May 26, 2026, 1:32 AM"
pinnacle-Slc,"3,155,892",LOGIN,"May 26, 2026, 9:30 AM","117,130",5,5,5,5,0,"May 26, 2026, 2:38 PM"
pinnacle-Slc,"3,155,892",LOGIN,"May 26, 2026, 9:30 AM","91,280",4,4,4,4,0,"May 26, 2026, 3:09 PM"
pinnacle-Slc,"3,163,921",LOGOUT,"May 27, 2026, 4:30 PM","162,145",5,5,5,5,0,"May 27, 2026, 5:31 PM"
pinnacle-Slc,"3,179,533",LOGIN,"June 2, 2026, 9:30 AM","260,980",5,5,5,5,0,"June 2, 2026, 10:41 AM"
pinnacle-Slc,"3,179,533",LOGIN,"June 2, 2026, 9:30 AM","84,070",5,5,5,5,0,"June 2, 2026, 7:16 PM"
pinnacle-Slc,"3,145,731",LOGOUT,"May 22, 2026, 4:30 PM","538,035",5,5,5,5,0,"May 25, 2026, 7:13 AM"
pinnacle-Slc,"3,158,363",LOGOUT,"May 26, 2026, 4:30 PM","407,340",5,5,5,5,0,"May 26, 2026, 6:58 PM"
pinnacle-Slc,"3,158,363",LOGOUT,"May 26, 2026, 4:30 PM","121,225",5,5,5,5,0,"May 27, 2026, 8:22 AM"
pinnacle-Slc,"3,190,013",LOGOUT,"June 3, 2026, 8:00 PM","666,870",5,5,5,5,5,"June 3, 2026, 8:50 PM"
pinnacle-Slc,"3,192,997",LOGIN,"June 4, 2026, 9:00 AM","620,660",5,5,5,5,0,"June 4, 2026, 9:32 AM"
pinnacle-Slc,"3,193,703",LOGIN,"June 4, 2026, 9:30 AM","450,895",5,5,5,5,0,"June 4, 2026, 3:09 PM"
pinnacle-Slc,"3,208,274",LOGOUT,"June 8, 2026, 4:30 PM","15,195",5,5,5,5,0,"June 8, 2026, 10:07 PM"
pinnacle-Slc,"3,208,274",LOGOUT,"June 8, 2026, 4:30 PM","124,040",5,5,5,5,0,"June 9, 2026, 8:17 AM"
pinnacle-Slc,"3,210,359",LOGOUT,"June 8, 2026, 2:30 PM","9,530",5,5,5,5,0,"June 8, 2026, 3:02 PM"
pinnacle-Slc,"3,210,359",LOGOUT,"June 8, 2026, 2:30 PM","339,520",5,5,5,5,0,"June 8, 2026, 9:18 PM"
pinnacle-Slc,"3,161,235",LOGIN,"May 27, 2026, 7:30 AM","3,250",5,5,5,5,0,"May 27, 2026, 12:42 PM"
pinnacle-Slc,"3,161,235",LOGIN,"May 27, 2026, 7:30 AM","10,465",4,4,4,4,0,"May 27, 2026, 2:51 PM"
pinnacle-Slc,"3,465,043",LOGOUT,"July 29, 2026, 1:30 PM","388,855",5,5,5,5,0,"July 29, 2026, 6:15 PM"
pinnacle-Slc,"3,169,674",LOGOUT,"May 29, 2026, 3:30 PM","643,155",5,5,5,5,0,"June 3, 2026, 1:27 AM"
pinnacle-Slc,"3,178,760",LOGIN,"June 2, 2026, 9:00 AM","113,160",5,5,5,5,0,"June 2, 2026, 1:16 PM"
pinnacle-Slc,"3,178,760",LOGIN,"June 2, 2026, 9:00 AM","538,510",5,5,5,5,0,"June 2, 2026, 1:39 PM"
pinnacle-Slc,"3,178,991",LOGIN,"June 2, 2026, 10:30 AM","406,015",5,5,5,5,0,"June 2, 2026, 1:38 PM"
pinnacle-Slc,"3,178,991",LOGIN,"June 2, 2026, 10:30 AM","222,535",5,5,5,5,0,"June 2, 2026, 4:32 PM"
pinnacle-Slc,"3,188,023",LOGOUT,"June 3, 2026, 1:30 PM","119,575",5,5,5,5,0,"June 3, 2026, 2:10 PM"
pinnacle-Slc,"3,188,023",LOGOUT,"June 3, 2026, 1:30 PM","251,245",5,5,5,5,0,"June 3, 2026, 11:07 PM"
pinnacle-Slc,"3,191,358",LOGIN,"June 4, 2026, 8:30 AM","8,840",5,5,5,5,0,"June 4, 2026, 2:30 PM"
pinnacle-Slc,"3,191,358",LOGIN,"June 4, 2026, 8:30 AM","512,770",5,5,5,5,0,"June 4, 2026, 2:49 PM"
pinnacle-Slc,"3,191,358",LOGIN,"June 4, 2026, 8:30 AM","548,905",5,5,5,5,0,"June 4, 2026, 4:27 PM"
pinnacle-Slc,"3,264,908",LOGIN,"June 18, 2026, 9:00 AM","125,690",5,5,5,5,0,"June 18, 2026, 2:35 PM"
pinnacle-Slc,"3,264,908",LOGIN,"June 18, 2026, 9:00 AM","354,045",4,4,4,4,0,"June 18, 2026, 3:06 PM"
pinnacle-Slc,"3,264,908",LOGIN,"June 18, 2026, 9:00 AM","342,985",5,5,5,5,0,"June 18, 2026, 4:00 PM"
pinnacle-Slc,"3,269,356",LOGOUT,"June 18, 2026, 1:30 PM","94,525",5,5,5,5,0,"June 18, 2026, 7:06 PM"
pinnacle-Slc,"3,297,681",LOGOUT,"June 24, 2026, 3:30 PM","9,910",5,5,5,5,0,"June 24, 2026, 9:18 PM"
pinnacle-Slc,"3,299,870",LOGIN,"June 25, 2026, 8:30 AM","634,870",5,5,5,5,0,"June 25, 2026, 2:24 PM"
pinnacle-Slc,"3,303,628",LOGOUT,"June 25, 2026, 3:30 PM","684,840",5,5,5,5,0,"June 26, 2026, 8:39 AM"
pinnacle-Slc,"3,319,790",LOGOUT,"June 29, 2026, 3:30 PM","615,190",5,5,5,5,0,"June 29, 2026, 4:28 PM"
pinnacle-Slc,"3,319,790",LOGOUT,"June 29, 2026, 3:30 PM","191,700",5,5,5,5,0,"June 29, 2026, 11:30 PM"
pinnacle-Slc,"3,319,790",LOGOUT,"June 29, 2026, 3:30 PM",80,4,4,4,4,0,"June 30, 2026, 6:53 AM"
pinnacle-Slc,"3,303,371",LOGOUT,"June 25, 2026, 3:00 PM","262,135",5,5,5,5,0,"June 25, 2026, 11:29 PM"
pinnacle-Slc,"3,296,625",LOGOUT,"June 24, 2026, 3:30 PM","502,705",4,4,4,4,0,"June 24, 2026, 11:30 PM"
pinnacle-Slc,"3,296,625",LOGOUT,"June 24, 2026, 3:30 PM","416,595",5,5,5,5,0,"June 25, 2026, 7:33 AM"
pinnacle-Slc,"3,305,186",LOGOUT,"June 25, 2026, 2:30 PM","68,755",5,5,5,5,0,"June 25, 2026, 5:52 PM"
pinnacle-Slc,"3,305,186",LOGOUT,"June 25, 2026, 2:30 PM","508,480",5,5,5,5,0,"June 26, 2026, 7:29 AM"
pinnacle-Slc,"3,088,360",LOGIN,"May 11, 2026, 9:30 AM","493,465",5,5,5,5,0,"May 11, 2026, 3:04 PM"
pinnacle-Slc,"3,088,360",LOGIN,"May 11, 2026, 9:30 AM","89,025",4,4,4,4,0,"May 11, 2026, 4:22 PM"
pinnacle-Slc,"3,063,356",LOGOUT,"May 5, 2026, 3:30 PM","100,310",5,5,5,5,0,"May 5, 2026, 8:36 PM"
pinnacle-Slc,"3,063,356",LOGOUT,"May 5, 2026, 3:30 PM","38,175",5,5,5,5,0,"May 6, 2026, 7:25 AM"
pinnacle-Slc,"3,073,658",LOGIN,"May 7, 2026, 9:30 AM","25,310",5,5,5,5,0,"May 7, 2026, 9:50 PM"
pinnacle-Slc,"3,075,157",LOGOUT,"May 7, 2026, 2:30 PM","168,750",5,5,5,5,0,"May 8, 2026, 12:15 AM"
pinnacle-Slc,"3,075,157",LOGOUT,"May 7, 2026, 2:30 PM","121,730",5,5,5,5,0,"May 8, 2026, 12:30 AM"
pinnacle-Slc,"3,098,021",LOGIN,"May 13, 2026, 8:30 AM","84,100",5,5,5,5,0,"May 13, 2026, 9:11 AM"
pinnacle-Slc,"3,100,785",LOGOUT,"May 13, 2026, 4:30 PM","172,410",5,5,5,5,0,"May 14, 2026, 1:01 AM"
pinnacle-Slc,"3,087,525",LOGOUT,"May 11, 2026, 2:30 PM","339,035",5,5,5,5,0,"May 11, 2026, 4:54 PM"
pinnacle-Slc,"3,087,525",LOGOUT,"May 11, 2026, 2:30 PM","156,535",5,5,5,5,0,"May 12, 2026, 6:39 AM"
pinnacle-Slc,"3,390,188",LOGIN,"July 14, 2026, 8:30 AM","90,730",5,5,5,5,0,"July 14, 2026, 12:55 PM"
pinnacle-Slc,"3,390,188",LOGIN,"July 14, 2026, 8:30 AM","49,345",5,5,5,5,0,"July 14, 2026, 2:31 PM"
pinnacle-Slc,"3,096,954",LOGIN,"May 13, 2026, 10:30 AM","435,715",5,5,5,5,0,"May 13, 2026, 2:09 PM"
pinnacle-Slc,"3,096,954",LOGIN,"May 13, 2026, 10:30 AM","95,320",5,5,5,5,0,"May 13, 2026, 2:39 PM"
pinnacle-Slc,"3,096,954",LOGIN,"May 13, 2026, 10:30 AM","18,740",5,5,5,5,0,"May 13, 2026, 9:18 PM"
pinnacle-Slc,"3,086,277",LOGIN,"May 11, 2026, 9:30 AM","260,980",5,5,5,5,0,"May 11, 2026, 2:43 PM"
pinnacle-Slc,"3,090,422",LOGIN,"May 12, 2026, 8:30 AM","92,445",5,5,5,5,0,"May 12, 2026, 2:03 PM"
pinnacle-Slc,"3,394,576",LOGOUT,"July 14, 2026, 9:30 PM","100,605",5,5,5,5,0,"July 15, 2026, 10:47 AM"
pinnacle-Slc,"3,411,634",LOGOUT,"July 16, 2026, 9:30 PM","83,730",5,5,5,5,0,"July 16, 2026, 10:11 PM"
pinnacle-Slc,"3,407,577",LOGOUT,"July 16, 2026, 3:30 PM","418,925",5,5,5,5,0,"July 16, 2026, 5:07 PM"
pinnacle-Slc,"3,407,577",LOGOUT,"July 16, 2026, 3:30 PM","98,765",5,5,5,5,0,"July 16, 2026, 10:47 PM"
pinnacle-Slc,"3,407,577",LOGOUT,"July 16, 2026, 3:30 PM","47,560",4,4,4,4,0,"July 17, 2026, 9:16 PM"
pinnacle-Slc,"3,112,227",LOGOUT,"May 15, 2026, 3:00 PM","97,770",5,5,5,5,0,"May 15, 2026, 7:34 PM"
pinnacle-Slc,"3,116,751",LOGIN,"May 18, 2026, 8:30 AM","125,755",5,5,5,5,0,"May 18, 2026, 1:12 PM"
pinnacle-Slc,"3,116,751",LOGIN,"May 18, 2026, 8:30 AM","129,370",5,5,5,5,0,"May 18, 2026, 1:51 PM"
pinnacle-Slc,"3,410,558",LOGIN,"July 17, 2026, 8:30 AM","93,160",5,5,5,5,0,"July 17, 2026, 1:55 PM"
pinnacle-Slc,"3,410,558",LOGIN,"July 17, 2026, 8:30 AM","150,470",5,5,5,5,0,"July 17, 2026, 3:02 PM"
pinnacle-Slc,"3,411,053",LOGIN,"July 17, 2026, 7:30 AM","174,190",5,5,5,5,0,"July 17, 2026, 7:48 AM"
catalyst-Sac,"1,486,270",LOGOUT,"June 9, 2026, 2:30 AM","646,300",2,2,2,2,2,"June 9, 2026, 4:08 AM"
orbit-Slc,"1,276,915",LOGOUT,"June 13, 2026, 3:30 AM","177,885",5,5,5,5,0,"June 15, 2026, 3:15 PM"
catalyst-Sac,"1,523,778",LOGIN,"July 7, 2026, 4:30 AM","398,505",5,5,5,5,5,"July 7, 2026, 3:48 AM"
catalyst-Sac,"1,558,498",LOGOUT,"July 30, 2026, 8:00 PM","648,810",5,5,5,5,0,"July 30, 2026, 9:37 PM"
orbit-Slc,"1,308,005",LOGOUT,"June 30, 2026, 3:30 PM","89,515",5,5,5,5,0,"July 1, 2026, 6:44 AM"
orbit-Slc,"1,308,005",LOGOUT,"June 30, 2026, 3:30 PM","185,510",5,5,5,5,0,"July 2, 2026, 8:10 AM"
orbit-Slc,"1,320,627",LOGOUT,"July 7, 2026, 8:00 PM","258,620",5,5,5,5,0,"July 7, 2026, 9:50 PM"
orbit-Slc,"1,320,627",LOGOUT,"July 7, 2026, 8:00 PM","287,075",5,5,5,5,0,"July 8, 2026, 1:24 PM"
orbit-Slc,"1,322,879",LOGIN,"July 8, 2026, 1:00 PM","220,650",5,5,5,5,0,"July 8, 2026, 9:43 PM"
orbit-Slc,"1,338,760",LOGOUT,"July 16, 2026, 8:00 PM","274,195",5,5,5,5,0,"July 16, 2026, 8:56 PM"
orbit-Slc,"1,338,760",LOGOUT,"July 16, 2026, 8:00 PM","57,735",5,5,5,5,0,"July 17, 2026, 9:24 AM"
orbit-Slc,"1,349,599",LOGIN,"July 23, 2026, 6:30 AM","187,460",5,5,5,5,0,"July 23, 2026, 2:53 PM"
orbit-Slc,"1,358,520",LOGIN,"July 28, 2026, 8:30 PM","155,115",4,4,4,4,0,"July 29, 2026, 5:28 AM"
pinnacle-Slc,"3,414,510",LOGOUT,"July 17, 2026, 2:30 PM","125,695",5,5,5,5,0,"July 17, 2026, 10:53 PM"
pinnacle-Slc,"3,414,510",LOGOUT,"July 17, 2026, 2:30 PM","556,165",5,5,5,5,0,"July 18, 2026, 12:50 AM"
pinnacle-Slc,"3,414,510",LOGOUT,"July 17, 2026, 2:30 PM","88,935",5,5,5,5,0,"July 19, 2026, 6:12 PM"
orbit-Slc,"1,256,543",LOGIN,"June 2, 2026, 11:00 AM","60,770",4,4,4,4,0,"June 2, 2026, 12:41 PM"
orbit-Slc,"1,256,543",LOGIN,"June 2, 2026, 11:00 AM","64,675",5,5,5,5,0,"June 2, 2026, 2:25 PM"
orbit-Slc,"1,256,543",LOGIN,"June 2, 2026, 11:00 AM","51,345",5,5,5,5,0,"June 2, 2026, 4:01 PM"
orbit-Slc,"1,256,543",LOGIN,"June 2, 2026, 11:00 AM","268,560",5,5,5,5,0,"June 2, 2026, 7:28 PM"
orbit-Slc,"1,244,027",LOGIN,"May 25, 2026, 1:00 PM","30,540",5,5,5,5,0,"May 25, 2026, 12:39 PM"
orbit-Slc,"1,244,027",LOGIN,"May 25, 2026, 1:00 PM","17,040",5,5,5,5,0,"May 25, 2026, 9:32 PM"
orbit-Slc,"1,219,229",LOGOUT,"May 7, 2026, 8:00 PM","12,210",5,5,5,5,5,"May 11, 2026, 11:55 AM"
orbit-Slc,"1,222,764",LOGOUT,"May 11, 2026, 10:00 PM","92,085",5,5,5,5,0,"May 12, 2026, 9:46 AM"
orbit-Slc,"1,222,764",LOGOUT,"May 11, 2026, 10:00 PM","189,805",5,5,5,5,0,"May 12, 2026, 9:47 AM"
orbit-Slc,"1,222,764",LOGOUT,"May 11, 2026, 10:00 PM","1,145",5,5,5,5,0,"May 12, 2026, 11:16 AM"
pinnacle-Slc,"3,140,012",LOGOUT,"May 21, 2026, 3:30 PM","408,500",5,5,5,5,0,"May 22, 2026, 9:31 AM"
pinnacle-Slc,"3,141,821",LOGIN,"May 22, 2026, 9:00 AM","479,280",5,5,5,5,0,"May 22, 2026, 9:18 AM"
pinnacle-Slc,"3,141,821",LOGIN,"May 22, 2026, 9:00 AM","343,845",5,5,5,5,0,"May 22, 2026, 10:09 AM"
pinnacle-Slc,"3,444,529",LOGOUT,"July 24, 2026, 4:00 AM","418,585",5,5,5,5,5,"July 24, 2026, 2:42 PM"
pinnacle-Slc,"3,444,529",LOGOUT,"July 24, 2026, 4:00 AM","426,300",5,5,5,5,5,"July 24, 2026, 4:56 PM"
pinnacle-Slc,"3,437,328",LOGIN,"July 23, 2026, 7:30 AM","89,515",5,5,5,5,0,"July 23, 2026, 11:48 AM"
pinnacle-Slc,"3,437,328",LOGIN,"July 23, 2026, 7:30 AM","31,690",5,5,5,5,0,"July 23, 2026, 12:54 PM"
pinnacle-Slc,"3,437,328",LOGIN,"July 23, 2026, 7:30 AM","107,230",5,5,5,5,0,"July 23, 2026, 1:20 PM"
pinnacle-Slc,"3,449,722",LOGIN,"July 27, 2026, 9:00 AM","372,190",5,5,5,5,0,"July 27, 2026, 9:48 AM"
pinnacle-Slc,"3,449,722",LOGIN,"July 27, 2026, 9:00 AM","174,025",4,4,4,4,0,"July 27, 2026, 1:47 PM"
pinnacle-Slc,"3,449,722",LOGIN,"July 27, 2026, 9:00 AM","507,655",5,5,5,5,0,"July 27, 2026, 4:26 PM"
pinnacle-Slc,"3,150,505",LOGOUT,"May 25, 2026, 2:30 PM","468,720",5,5,5,5,0,"May 25, 2026, 10:57 PM"
pinnacle-Slc,"3,150,505",LOGOUT,"May 25, 2026, 2:30 PM","260,170",5,5,5,5,0,"May 26, 2026, 5:45 AM"
orbit-Slc,"1,227,721",LOGOUT,"May 13, 2026, 8:00 PM","24,025",5,5,5,5,0,"May 14, 2026, 7:30 AM"
orbit-Slc,"1,227,721",LOGOUT,"May 13, 2026, 8:00 PM","52,370",5,5,5,5,0,"May 14, 2026, 7:35 AM"
orbit-Slc,"1,227,721",LOGOUT,"May 13, 2026, 8:00 PM","16,700",5,5,5,5,0,"May 15, 2026, 7:22 AM"
orbit-Slc,"1,227,721",LOGOUT,"May 13, 2026, 8:00 PM","23,575",5,5,5,5,0,"May 17, 2026, 9:37 AM"
pinnacle-Slc,"3,136,520",LOGIN,"May 21, 2026, 9:30 AM","307,680",5,5,5,5,0,"May 21, 2026, 12:34 PM"
pinnacle-Slc,"3,144,223",LOGIN,"May 22, 2026, 4:30 PM","317,510",5,5,5,5,0,"May 22, 2026, 11:23 PM"
pinnacle-Slc,"3,342,691",LOGIN,"July 3, 2026, 9:30 AM","284,740",5,5,5,5,0,"July 3, 2026, 3:24 PM"
pinnacle-Slc,"3,342,691",LOGIN,"July 3, 2026, 9:30 AM","524,160",3,3,3,3,0,"July 3, 2026, 3:38 PM"
orbit-Slc,"1,352,218",LOGIN,"July 24, 2026, 1:00 PM","35,715",5,5,5,5,0,"July 24, 2026, 4:36 PM"
orbit-Slc,"1,352,218",LOGIN,"July 24, 2026, 1:00 PM","110,650",5,5,5,5,0,"July 24, 2026, 5:50 PM"
orbit-Slc,"1,352,218",LOGIN,"July 24, 2026, 1:00 PM","198,020",5,5,5,5,0,"July 24, 2026, 6:21 PM"
orbit-Slc,"1,352,218",LOGIN,"July 24, 2026, 1:00 PM","290,110",5,5,5,5,0,"July 24, 2026, 7:34 PM"
orbit-Slc,"1,352,218",LOGIN,"July 24, 2026, 1:00 PM","56,375",5,5,5,5,0,"July 24, 2026, 10:00 PM"
pinnacle-Slc,"3,337,191",LOGIN,"July 2, 2026, 9:00 AM","391,825",5,5,5,5,0,"July 2, 2026, 2:22 PM"
pinnacle-Slc,"3,345,321",LOGOUT,"July 3, 2026, 3:00 PM","90,820",4,4,4,4,0,"July 3, 2026, 4:43 PM"
pinnacle-Slc,"3,345,321",LOGOUT,"July 3, 2026, 3:00 PM","126,865",5,5,5,5,0,"July 4, 2026, 12:31 AM"
pinnacle-Slc,"3,354,502",LOGOUT,"July 6, 2026, 2:30 PM","145,975",5,5,5,5,0,"July 7, 2026, 12:44 AM"
pinnacle-Slc,"3,070,521",LOGOUT,"May 6, 2026, 4:30 PM","127,515",5,5,5,5,0,"May 6, 2026, 7:08 PM"
pinnacle-Slc,"3,070,521",LOGOUT,"May 6, 2026, 4:30 PM","433,075",5,5,5,5,0,"May 6, 2026, 11:35 PM"
pinnacle-Slc,"3,344,232",LOGIN,"July 3, 2026, 7:30 AM","208,840",5,5,5,5,0,"July 3, 2026, 8:10 AM"
pinnacle-Slc,"3,356,163",LOGIN,"July 7, 2026, 10:30 AM","175,675",5,5,5,5,0,"July 8, 2026, 12:03 AM"
pinnacle-Slc,"3,342,937",LOGIN,"July 3, 2026, 10:30 AM","443,585",5,5,5,5,0,"July 6, 2026, 9:10 AM"
pinnacle-Slc,"3,360,629",LOGOUT,"July 7, 2026, 3:30 PM","413,275",5,5,5,5,0,"July 7, 2026, 9:48 PM"
pinnacle-Slc,"3,360,629",LOGOUT,"July 7, 2026, 3:30 PM","422,525",5,5,5,5,0,"July 8, 2026, 2:53 AM"
pinnacle-Slc,"3,360,629",LOGOUT,"July 7, 2026, 3:30 PM","307,840",5,5,5,5,0,"July 8, 2026, 7:45 AM"
pinnacle-Slc,"3,054,184",LOGIN,"May 4, 2026, 9:30 AM","99,205",5,5,5,5,0,"May 4, 2026, 3:09 PM"
pinnacle-Slc,"3,358,871",LOGOUT,"July 7, 2026, 10:30 PM","534,555",5,5,5,5,0,"July 8, 2026, 1:27 PM"
pinnacle-Slc,"3,384,014",LOGIN,"July 13, 2026, 9:00 AM","445,730",5,5,5,5,0,"July 13, 2026, 1:56 PM"
pinnacle-Slc,"3,384,014",LOGIN,"July 13, 2026, 9:00 AM","7,615",5,5,5,5,0,"July 13, 2026, 2:40 PM"
pinnacle-Slc,"3,384,014",LOGIN,"July 13, 2026, 9:00 AM","23,440",5,5,5,5,0,"July 13, 2026, 3:05 PM"
pinnacle-Slc,"3,364,870",LOGOUT,"July 8, 2026, 4:30 PM","541,485",5,5,5,5,0,"July 8, 2026, 9:36 PM"
pinnacle-Slc,"3,212,099",LOGIN,"June 9, 2026, 9:30 AM","679,820",5,5,5,5,0,"June 9, 2026, 2:29 PM"
pinnacle-Slc,"3,211,864",LOGIN,"June 9, 2026, 9:00 AM","684,005",5,5,5,5,0,"June 9, 2026, 9:47 AM"
pinnacle-Slc,"3,211,864",LOGIN,"June 9, 2026, 9:00 AM","684,840",5,5,5,5,0,"June 9, 2026, 1:54 PM"
pinnacle-Slc,"3,211,864",LOGIN,"June 9, 2026, 9:00 AM","683,670",5,5,5,5,0,"June 9, 2026, 2:01 PM"
pinnacle-Slc,"3,226,337",LOGIN,"June 11, 2026, 7:30 AM","249,695",4,4,4,4,0,"June 11, 2026, 1:26 PM"
pinnacle-Slc,"3,222,226",LOGOUT,"June 10, 2026, 3:00 PM","499,740",4,4,4,4,0,"June 10, 2026, 6:48 PM"
pinnacle-Slc,"3,222,226",LOGOUT,"June 10, 2026, 3:00 PM","359,985",5,5,5,5,0,"June 10, 2026, 9:15 PM"
pinnacle-Slc,"3,222,226",LOGOUT,"June 10, 2026, 3:00 PM","497,620",5,5,5,5,0,"June 12, 2026, 7:02 AM"
pinnacle-Slc,"3,269,832",LOGOUT,"June 18, 2026, 4:30 PM","15,970",5,5,5,5,0,"June 21, 2026, 9:00 AM"
pinnacle-Slc,"3,250,754",LOGIN,"June 16, 2026, 6:30 AM","493,630",5,5,5,5,5,"June 16, 2026, 12:32 PM"
pinnacle-Slc,"3,286,463",LOGIN,"June 23, 2026, 8:30 AM","96,155",5,5,5,5,0,"June 23, 2026, 2:00 PM"
pinnacle-Slc,"3,286,463",LOGIN,"June 23, 2026, 8:30 AM","101,885",5,5,5,5,0,"June 23, 2026, 2:36 PM"
pinnacle-Slc,"3,311,093",LOGOUT,"June 26, 2026, 3:00 AM","317,570",5,5,5,5,5,"June 26, 2026, 3:48 AM"
pinnacle-Slc,"3,311,093",LOGOUT,"June 26, 2026, 3:00 AM","422,725",5,5,5,5,5,"June 26, 2026, 4:38 PM"
pinnacle-Slc,"3,311,093",LOGOUT,"June 26, 2026, 3:00 AM","623,360",4,4,4,4,4,"June 26, 2026, 9:00 PM"
pinnacle-Slc,"3,273,815",LOGIN,"June 19, 2026, 11:30 AM","403,380",5,5,5,5,0,"June 20, 2026, 10:13 AM"
pinnacle-Slc,"3,284,317",LOGOUT,"June 22, 2026, 4:30 PM","674,175",5,5,5,5,0,"June 22, 2026, 11:41 PM"
pinnacle-Slc,"3,284,317",LOGOUT,"June 22, 2026, 4:30 PM","1,470",5,5,5,5,0,"June 23, 2026, 4:12 AM"
pinnacle-Slc,"3,284,317",LOGOUT,"June 22, 2026, 4:30 PM","562,765",5,5,5,5,0,"June 23, 2026, 8:57 AM"
pinnacle-Slc,"3,298,487",LOGOUT,"June 24, 2026, 3:00 AM","327,750",5,5,5,5,5,"June 24, 2026, 4:04 AM"
pinnacle-Slc,"3,298,487",LOGOUT,"June 24, 2026, 3:00 AM","317,635",5,5,5,5,5,"June 24, 2026, 3:11 PM"
pinnacle-Slc,"3,244,952",LOGIN,"June 15, 2026, 9:00 AM","698,790",5,5,5,5,0,"June 15, 2026, 9:49 AM"
pinnacle-Slc,"3,244,952",LOGIN,"June 15, 2026, 9:00 AM","103,160",5,5,5,5,0,"June 15, 2026, 3:31 PM"
orbit-Slc,"1,228,907",LOGOUT,"May 14, 2026, 10:00 PM","109,870",5,5,5,5,0,"May 14, 2026, 11:08 PM"
orbit-Slc,"1,228,907",LOGOUT,"May 14, 2026, 10:00 PM","59,295",5,5,5,5,0,"May 15, 2026, 1:08 PM"
pinnacle-Slc,"3,138,244",LOGOUT,"May 21, 2026, 3:30 PM","104,650",5,5,5,5,0,"May 22, 2026, 8:09 AM"
pinnacle-Slc,"3,138,244",LOGOUT,"May 21, 2026, 3:30 PM","125,045",5,5,5,5,0,"May 22, 2026, 6:05 PM"
pinnacle-Slc,"3,138,244",LOGOUT,"May 21, 2026, 3:30 PM","116,455",5,5,5,5,0,"May 23, 2026, 7:36 PM"
pinnacle-Slc,"3,155,243",LOGIN,"May 26, 2026, 8:30 AM","173,860",5,5,5,5,0,"May 26, 2026, 2:40 PM"
pinnacle-Slc,"3,160,121",LOGIN,"May 27, 2026, 9:30 AM","597,580",5,5,5,5,0,"May 27, 2026, 3:30 PM"
pinnacle-Slc,"3,160,121",LOGIN,"May 27, 2026, 9:30 AM","99,995",5,5,5,5,0,"May 27, 2026, 3:32 PM"
pinnacle-Slc,"3,160,121",LOGIN,"May 27, 2026, 9:30 AM","122,875",5,5,5,5,0,"May 27, 2026, 4:15 PM"
pinnacle-Slc,"3,464,655",LOGIN,"July 29, 2026, 10:30 AM","152,735",5,5,4,5,0,"July 29, 2026, 3:59 PM"
pinnacle-Slc,"3,464,655",LOGIN,"July 29, 2026, 10:30 AM","86,530",5,5,5,5,0,"July 29, 2026, 11:20 PM"
pinnacle-Slc,"3,471,345",LOGIN,"July 30, 2026, 8:30 AM","341,335",5,5,5,5,0,"July 30, 2026, 1:46 PM"
pinnacle-Slc,"3,471,345",LOGIN,"July 30, 2026, 8:30 AM","128,385",5,5,5,5,0,"July 30, 2026, 2:28 PM"
pinnacle-Slc,"3,480,624",LOGIN,"July 31, 2026, 9:00 AM","406,700",5,5,5,5,0,"July 31, 2026, 1:41 PM"
pinnacle-Slc,"3,480,624",LOGIN,"July 31, 2026, 9:00 AM","105,460",5,5,5,5,0,"July 31, 2026, 3:23 PM"
pinnacle-Slc,"3,152,586",LOGOUT,"May 25, 2026, 3:30 PM","84,110",5,5,5,5,0,"May 25, 2026, 9:07 PM"
pinnacle-Slc,"3,152,586",LOGOUT,"May 25, 2026, 3:30 PM","64,460",5,5,5,5,0,"May 26, 2026, 12:06 AM"
pinnacle-Slc,"3,152,586",LOGOUT,"May 25, 2026, 3:30 PM","84,330",5,5,5,5,0,"May 26, 2026, 7:04 AM"
pinnacle-Slc,"3,184,869",LOGIN,"June 3, 2026, 8:30 AM","14,055",5,5,5,5,0,"June 3, 2026, 3:54 PM"
pinnacle-Slc,"3,184,869",LOGIN,"June 3, 2026, 8:30 AM","171,385",5,5,5,5,0,"June 3, 2026, 10:37 PM"
pinnacle-Slc,"3,201,248",LOGOUT,"June 5, 2026, 3:00 PM","116,320",5,5,5,5,0,"June 7, 2026, 4:20 PM"
pinnacle-Slc,"3,201,248",LOGOUT,"June 5, 2026, 3:00 PM","92,385",5,5,5,5,0,"June 8, 2026, 1:35 AM"
pinnacle-Slc,"3,203,880",LOGOUT,"June 5, 2026, 5:30 PM","391,660",5,5,5,5,0,"June 8, 2026, 8:57 AM"
vanta-Sea,"4,868,743",LOGOUT,"May 20, 2026, 7:16 PM","102,535",1,1,1,1,0,"May 20, 2026, 8:19 PM"
pinnacle-Slc,"3,191,575",LOGIN,"June 4, 2026, 8:30 AM","61,000",5,5,5,5,0,"June 4, 2026, 1:23 PM"
pinnacle-Slc,"3,191,575",LOGIN,"June 4, 2026, 8:30 AM","611,505",5,5,5,5,0,"June 4, 2026, 2:43 PM"
pinnacle-Slc,"3,481,115",LOGIN,"July 31, 2026, 10:30 AM","82,805",5,5,5,5,0,"July 31, 2026, 2:00 PM"
pinnacle-Slc,"3,288,141",LOGIN,"June 23, 2026, 11:00 AM","97,155",5,5,5,5,0,"June 23, 2026, 4:50 PM"
pinnacle-Slc,"3,323,938",LOGIN,"June 30, 2026, 7:30 AM","97,600",5,5,5,5,0,"June 30, 2026, 9:31 AM"
pinnacle-Slc,"3,323,938",LOGIN,"June 30, 2026, 7:30 AM","57,310",5,5,5,5,0,"June 30, 2026, 1:06 PM"
pinnacle-Slc,"3,323,938",LOGIN,"June 30, 2026, 7:30 AM","1,265",5,5,5,5,0,"June 30, 2026, 2:59 PM"
pinnacle-Slc,"3,325,761",LOGOUT,"June 30, 2026, 4:30 AM","334,485",5,5,5,5,5,"June 30, 2026, 5:19 AM"
pinnacle-Slc,"3,325,761",LOGOUT,"June 30, 2026, 4:30 AM","420,655",5,5,5,5,5,"June 30, 2026, 4:20 PM"
pinnacle-Slc,"3,317,830",LOGOUT,"June 29, 2026, 3:30 PM","153,245",5,5,5,5,0,"June 30, 2026, 2:26 AM"
pinnacle-Slc,"3,317,830",LOGOUT,"June 29, 2026, 3:30 PM","406,220",5,5,5,5,0,"June 30, 2026, 8:13 AM"
pinnacle-Slc,"3,297,955",LOGOUT,"June 24, 2026, 1:30 PM","249,900",5,5,5,5,0,"June 24, 2026, 9:36 PM"
pinnacle-Slc,"3,297,955",LOGOUT,"June 24, 2026, 1:30 PM","91,925",5,5,5,5,0,"June 27, 2026, 8:45 PM"
pinnacle-Slc,"3,304,681",LOGOUT,"June 25, 2026, 5:30 PM","408,190",5,5,5,5,0,"June 26, 2026, 6:59 AM"
pinnacle-Slc,"3,378,572",LOGOUT,"July 10, 2026, 4:30 PM","512,110",5,5,5,5,0,"July 11, 2026, 8:12 PM"
pinnacle-Slc,"3,380,376",LOGOUT,"July 10, 2026, 4:30 PM","10,775",5,5,5,5,0,"July 12, 2026, 8:50 PM"
pinnacle-Slc,"3,085,579",LOGIN,"May 11, 2026, 9:30 AM","420,555",5,5,5,5,0,"May 11, 2026, 2:03 PM"
pinnacle-Slc,"3,085,579",LOGIN,"May 11, 2026, 9:30 AM","250,000",5,5,5,5,0,"May 11, 2026, 2:18 PM"
pinnacle-Slc,"3,062,296",LOGIN,"May 5, 2026, 8:30 AM","11,760",5,5,5,5,0,"May 5, 2026, 2:22 PM"
pinnacle-Slc,"3,062,296",LOGIN,"May 5, 2026, 8:30 AM","10,800",5,5,5,5,0,"May 5, 2026, 2:27 PM"
pinnacle-Slc,"3,062,296",LOGIN,"May 5, 2026, 8:30 AM","249,600",5,5,5,5,0,"May 5, 2026, 3:20 PM"
pinnacle-Slc,"3,389,708",LOGIN,"July 14, 2026, 9:30 AM","175,350",5,5,5,5,0,"July 14, 2026, 2:56 PM"
pinnacle-Slc,"3,389,708",LOGIN,"July 14, 2026, 9:30 AM","351,400",5,5,5,5,0,"July 14, 2026, 3:27 PM"
pinnacle-Slc,"3,389,708",LOGIN,"July 14, 2026, 9:30 AM","697,470",5,5,5,5,0,"July 14, 2026, 3:58 PM"
pinnacle-Slc,"3,402,139",LOGIN,"July 16, 2026, 8:30 AM","164,460",5,5,5,5,0,"July 16, 2026, 8:57 AM"
pinnacle-Slc,"3,402,139",LOGIN,"July 16, 2026, 8:30 AM","166,970",5,5,5,5,0,"July 16, 2026, 8:58 AM"
pinnacle-Slc,"3,402,139",LOGIN,"July 16, 2026, 8:30 AM","93,015",5,5,5,5,0,"July 16, 2026, 3:27 PM"
pinnacle-Slc,"3,404,151",LOGIN,"July 16, 2026, 5:30 PM","442,975",5,5,5,5,0,"July 17, 2026, 1:52 AM"
pinnacle-Slc,"3,404,417",LOGIN,"July 16, 2026, 9:00 AM","101,240",5,5,5,5,0,"July 16, 2026, 12:17 PM"
pinnacle-Slc,"3,404,417",LOGIN,"July 16, 2026, 9:00 AM","430,765",5,5,5,5,0,"July 16, 2026, 2:42 PM"
orbit-Slc,"1,221,437",LOGIN,"May 11, 2026, 11:00 AM","207,260",4,4,4,4,0,"May 11, 2026, 10:29 AM"
orbit-Slc,"1,221,437",LOGIN,"May 11, 2026, 11:00 AM","17,675",5,5,5,5,0,"May 11, 2026, 7:55 PM"
orbit-Slc,"1,221,437",LOGIN,"May 11, 2026, 11:00 AM","97,785",5,5,5,5,0,"May 11, 2026, 9:15 PM"
pinnacle-Slc,"3,395,531",LOGIN,"July 15, 2026, 8:30 AM","643,320",5,5,5,5,0,"July 15, 2026, 4:01 PM"
pinnacle-Slc,"3,408,422",LOGOUT,"July 16, 2026, 3:00 PM","484,225",5,5,5,5,0,"July 16, 2026, 3:02 PM"
pinnacle-Slc,"3,112,961",LOGOUT,"May 15, 2026, 2:30 PM","384,730",5,5,5,5,0,"May 18, 2026, 1:48 AM"
pinnacle-Slc,"3,414,058",LOGOUT,"July 17, 2026, 4:30 PM","208,345",5,5,5,5,0,"July 17, 2026, 5:13 PM"
pinnacle-Slc,"3,414,058",LOGOUT,"July 17, 2026, 4:30 PM","117,480",5,5,5,5,0,"July 19, 2026, 11:53 PM"
pinnacle-Slc,"3,117,901",LOGIN,"May 18, 2026, 9:30 AM","372,355",5,5,5,5,0,"May 18, 2026, 2:31 PM"
pinnacle-Slc,"3,418,259",LOGOUT,"July 20, 2026, 4:30 PM","83,840",5,5,5,5,0,"July 20, 2026, 10:05 PM"
pinnacle-Slc,"3,108,035",LOGIN,"May 15, 2026, 7:30 AM","39,650",5,5,5,5,0,"May 15, 2026, 1:10 PM"
pinnacle-Slc,"3,397,008",LOGIN,"July 15, 2026, 9:00 AM","410,815",5,5,5,5,0,"July 15, 2026, 11:57 AM"
pinnacle-Slc,"3,110,758",LOGOUT,"May 15, 2026, 3:30 PM","177,490",5,5,5,5,0,"May 18, 2026, 5:15 AM"
pinnacle-Slc,"3,117,421",LOGIN,"May 18, 2026, 7:30 AM","93,620",5,5,5,5,0,"May 18, 2026, 1:22 PM"
orbit-Slc,"1,217,115",LOGOUT,"May 6, 2026, 8:00 PM","158,525",5,5,5,5,5,"May 7, 2026, 9:23 AM"
orbit-Slc,"1,217,115",LOGOUT,"May 6, 2026, 8:00 PM","159,390",4,4,4,4,4,"May 7, 2026, 9:31 AM"
catalyst-Sac,"1,450,936",LOGIN,"May 11, 2026, 9:00 PM","27,855",5,5,5,5,0,"May 11, 2026, 8:29 PM"
vanta-Aus,"1,196,982",LOGOUT,"June 26, 2026, 9:15 PM","187,310",5,5,5,5,0,"June 26, 2026, 10:20 PM"
orbit-Slc,"1,270,410",LOGIN,"June 10, 2026, 1:00 PM","127,585",4,4,4,4,0,"June 10, 2026, 8:02 PM"
orbit-Slc,"1,270,410",LOGIN,"June 10, 2026, 1:00 PM","64,365",5,5,5,5,0,"June 10, 2026, 8:26 PM"
orbit-Slc,"1,270,410",LOGIN,"June 10, 2026, 1:00 PM","7,520",5,5,5,5,0,"June 11, 2026, 11:22 AM"
catalyst-Sac,"1,469,716",LOGIN,"May 26, 2026, 7:30 PM","693,300",5,5,5,5,0,"May 26, 2026, 7:09 PM"
catalyst-Sac,"1,527,920",LOGOUT,"July 8, 2026, 8:30 PM","369,795",5,5,5,5,5,"July 8, 2026, 10:10 PM"
catalyst-Sac,"1,527,920",LOGOUT,"July 8, 2026, 8:30 PM","423,255",5,5,5,5,5,"July 8, 2026, 10:22 PM"
vanta-Aus,"1,242,080",LOGIN,"July 22, 2026, 2:00 PM","370,390",1,2,5,5,0,"July 22, 2026, 2:36 PM"
orbit-Slc,"1,284,195",LOGIN,"June 17, 2026, 11:00 AM","218,530",5,5,5,5,0,"June 17, 2026, 4:26 PM"
orbit-Slc,"1,284,894",LOGOUT,"June 17, 2026, 10:00 PM","1,330",5,5,5,5,5,"June 17, 2026, 11:10 PM"
orbit-Slc,"1,284,894",LOGOUT,"June 17, 2026, 10:00 PM","244,440",5,5,5,5,5,"June 17, 2026, 11:15 PM"
orbit-Slc,"1,284,894",LOGOUT,"June 17, 2026, 10:00 PM","5,890",5,5,5,5,5,"June 17, 2026, 11:20 PM"
orbit-Slc,"1,284,894",LOGOUT,"June 17, 2026, 10:00 PM","72,540",1,5,5,5,5,"June 17, 2026, 11:20 PM"
orbit-Slc,"1,284,894",LOGOUT,"June 17, 2026, 10:00 PM","207,925",5,5,5,5,5,"June 18, 2026, 9:26 AM"
orbit-Slc,"1,284,894",LOGOUT,"June 17, 2026, 10:00 PM","1,340",5,5,5,5,5,"June 18, 2026, 9:55 AM"
orbit-Slc,"1,284,894",LOGOUT,"June 17, 2026, 10:00 PM","5,870",5,5,5,5,5,"June 18, 2026, 10:08 AM"
orbit-Slc,"1,284,894",LOGOUT,"June 17, 2026, 10:00 PM","105,715",5,5,5,5,5,"June 18, 2026, 10:15 AM"
orbit-Slc,"1,288,070",LOGOUT,"June 18, 2026, 10:00 PM",860,5,5,5,5,5,"June 19, 2026, 10:39 AM"
orbit-Slc,"1,288,070",LOGOUT,"June 18, 2026, 10:00 PM","260,130",5,5,5,5,5,"June 19, 2026, 11:17 AM"
orbit-Slc,"1,290,274",LOGIN,"June 22, 2026, 3:00 PM","44,435",5,5,5,5,0,"June 22, 2026, 11:30 PM"
orbit-Slc,"1,290,274",LOGIN,"June 22, 2026, 3:00 PM","192,735",5,5,5,5,0,"June 22, 2026, 11:32 PM"
orbit-Slc,"1,303,049",LOGIN,"June 29, 2026, 11:00 AM","3,515",4,4,4,4,0,"June 29, 2026, 10:21 AM"
orbit-Slc,"1,303,049",LOGIN,"June 29, 2026, 11:00 AM","184,720",5,5,5,5,0,"June 29, 2026, 7:33 PM"
orbit-Slc,"1,303,049",LOGIN,"June 29, 2026, 11:00 AM","38,340",5,5,5,5,0,"June 30, 2026, 6:53 AM"
orbit-Slc,"1,306,672",LOGIN,"June 30, 2026, 6:30 AM","139,325",5,5,5,5,5,"June 30, 2026, 1:37 PM"
orbit-Slc,"1,306,672",LOGIN,"June 30, 2026, 6:30 AM","142,095",5,5,5,5,5,"June 30, 2026, 3:01 PM"
orbit-Slc,"1,306,672",LOGIN,"June 30, 2026, 6:30 AM","47,535",5,5,5,5,5,"July 16, 2026, 5:09 PM"
orbit-Slc,"1,310,457",LOGOUT,"July 1, 2026, 3:30 PM","118,600",5,5,5,5,0,"July 2, 2026, 1:47 AM"
orbit-Slc,"1,310,457",LOGOUT,"July 1, 2026, 3:30 PM","106,625",4,4,4,4,0,"July 2, 2026, 7:37 AM"
orbit-Slc,"1,310,457",LOGOUT,"July 1, 2026, 3:30 PM","203,710",5,5,5,5,0,"July 3, 2026, 10:53 AM"
orbit-Slc,"1,313,316",LOGOUT,"July 2, 2026, 10:00 PM","6,695",5,5,5,5,0,"July 2, 2026, 11:16 PM"
orbit-Slc,"1,329,338",LOGIN,"July 13, 2026, 1:00 PM","124,455",5,5,5,5,0,"July 13, 2026, 12:53 PM"
orbit-Slc,"1,329,338",LOGIN,"July 13, 2026, 1:00 PM","97,785",4,4,4,4,0,"July 13, 2026, 12:54 PM"
orbit-Slc,"1,329,338",LOGIN,"July 13, 2026, 1:00 PM","295,600",5,5,5,5,0,"July 13, 2026, 8:04 PM"
orbit-Slc,"1,329,338",LOGIN,"July 13, 2026, 1:00 PM","191,285",5,5,5,5,0,"July 13, 2026, 8:56 PM"
orbit-Slc,"1,329,338",LOGIN,"July 13, 2026, 1:00 PM","111,235",5,5,5,5,0,"July 13, 2026, 9:50 PM"
orbit-Slc,"1,344,898",LOGIN,"July 21, 2026, 1:00 PM","77,040",5,5,5,5,0,"July 21, 2026, 9:40 PM"
orbit-Slc,"1,344,898",LOGIN,"July 21, 2026, 1:00 PM","114,925",5,5,5,5,0,"July 21, 2026, 10:01 PM"
orbit-Slc,"1,344,898",LOGIN,"July 21, 2026, 1:00 PM","224,630",5,5,5,5,0,"July 21, 2026, 10:12 PM"
pinnacle-Slc,"3,322,974",LOGOUT,"June 30, 2026, 3:30 PM","169,570",5,5,5,5,0,"July 1, 2026, 12:36 AM"
pinnacle-Slc,"3,322,974",LOGOUT,"June 30, 2026, 3:30 PM","303,880",5,5,5,5,0,"July 1, 2026, 7:29 AM"
pinnacle-Slc,"3,322,974",LOGOUT,"June 30, 2026, 3:30 PM","107,450",5,5,5,5,0,"July 1, 2026, 8:12 AM"
pinnacle-Slc,"3,419,686",LOGIN,"July 20, 2026, 10:30 AM","113,280",5,5,5,5,0,"July 20, 2026, 10:32 AM"
pinnacle-Slc,"3,419,686",LOGIN,"July 20, 2026, 10:30 AM","539,170",5,5,5,5,0,"July 20, 2026, 3:18 PM"
pinnacle-Slc,"3,110,459",LOGIN,"May 15, 2026, 5:30 AM","669,515",5,5,5,5,5,"May 15, 2026, 6:59 PM"
orbit-Slc,"1,245,424",LOGIN,"May 25, 2026, 1:00 PM","192,080",5,5,5,5,0,"May 25, 2026, 12:50 PM"
orbit-Slc,"1,245,424",LOGIN,"May 25, 2026, 1:00 PM","172,940",5,5,5,5,0,"May 25, 2026, 3:12 PM"
orbit-Slc,"1,245,424",LOGIN,"May 25, 2026, 1:00 PM","195,230",5,5,5,5,0,"May 25, 2026, 5:51 PM"
pinnacle-Slc,"3,427,148",LOGOUT,"July 21, 2026, 4:30 PM","173,040",5,5,5,5,0,"July 22, 2026, 7:54 AM"
orbit-Slc,"1,248,045",LOGOUT,"May 26, 2026, 3:30 PM","80,075",5,5,5,5,0,"May 27, 2026, 4:52 AM"
orbit-Slc,"1,248,045",LOGOUT,"May 26, 2026, 3:30 PM","253,830",5,5,5,5,0,"June 2, 2026, 7:33 PM"
pinnacle-Slc,"3,428,918",LOGIN,"July 22, 2026, 9:00 AM","646,645",5,5,5,5,0,"July 22, 2026, 3:37 PM"
pinnacle-Slc,"3,129,949",LOGIN,"May 20, 2026, 8:30 AM","95,890",5,5,5,5,0,"May 20, 2026, 1:18 PM"
orbit-Slc,"1,241,362",LOGOUT,"May 21, 2026, 8:00 PM","77,070",5,5,5,5,5,"May 25, 2026, 1:36 PM"
orbit-Slc,"1,241,362",LOGOUT,"May 21, 2026, 8:00 PM","241,905",5,5,5,5,5,"May 28, 2026, 11:02 PM"
pinnacle-Slc,"3,436,382",LOGIN,"July 23, 2026, 9:00 AM","454,030",5,5,5,5,0,"July 23, 2026, 2:54 PM"
pinnacle-Slc,"3,436,382",LOGIN,"July 23, 2026, 9:00 AM","84,970",5,5,5,5,0,"July 23, 2026, 3:02 PM"
pinnacle-Slc,"3,436,382",LOGIN,"July 23, 2026, 9:00 AM","5,130",5,5,5,5,0,"July 23, 2026, 3:23 PM"
pinnacle-Slc,"3,452,483",LOGIN,"July 27, 2026, 9:00 AM","463,765",5,5,5,5,0,"July 27, 2026, 11:13 AM"
pinnacle-Slc,"3,452,483",LOGIN,"July 27, 2026, 9:00 AM","104,285",5,5,5,5,0,"July 27, 2026, 3:06 PM"
pinnacle-Slc,"3,151,407",LOGIN,"May 25, 2026, 9:00 AM","32,220",5,5,5,5,0,"May 25, 2026, 3:19 PM"
pinnacle-Slc,"3,332,000",LOGOUT,"July 1, 2026, 3:00 PM","693,675",5,5,5,5,0,"July 1, 2026, 8:41 PM"
pinnacle-Slc,"3,332,000",LOGOUT,"July 1, 2026, 3:00 PM","386,710",4,4,4,4,0,"July 1, 2026, 11:21 PM"
orbit-Slc,"1,350,116",LOGIN,"July 23, 2026, 3:00 PM","209,165",5,5,5,5,0,"July 23, 2026, 10:36 PM"
orbit-Slc,"1,350,116",LOGIN,"July 23, 2026, 3:00 PM","1,530",5,5,5,5,0,"July 24, 2026, 12:16 AM"
pinnacle-Slc,"3,342,463",LOGIN,"July 3, 2026, 9:00 AM","690,860",5,5,5,5,0,"July 3, 2026, 1:17 PM"
pinnacle-Slc,"3,342,463",LOGIN,"July 3, 2026, 9:00 AM","647,305",5,5,5,5,0,"July 3, 2026, 3:33 PM"
pinnacle-Slc,"3,342,463",LOGIN,"July 3, 2026, 9:00 AM","710,200",5,5,5,5,0,"July 4, 2026, 10:04 AM"
orbit-Slc,"1,353,640",LOGOUT,"July 24, 2026, 3:30 PM","213,530",5,5,5,5,0,"July 28, 2026, 5:11 AM"
orbit-Slc,"1,353,640",LOGOUT,"July 24, 2026, 3:30 PM","164,250",5,5,5,5,0,"July 28, 2026, 8:28 PM"
pinnacle-Slc,"3,338,728",LOGOUT,"July 2, 2026, 6:30 PM","175,860",5,5,5,5,0,"July 3, 2026, 12:21 AM"
pinnacle-Slc,"3,362,080",LOGIN,"July 8, 2026, 9:00 AM","16,865",5,5,5,5,0,"July 8, 2026, 1:20 PM"
pinnacle-Slc,"3,347,080",LOGOUT,"July 3, 2026, 2:30 PM","91,635",4,4,4,4,0,"July 3, 2026, 3:17 PM"
pinnacle-Slc,"3,347,080",LOGOUT,"July 3, 2026, 2:30 PM","637,680",5,5,5,5,0,"July 6, 2026, 1:20 AM"
pinnacle-Slc,"3,346,233",LOGOUT,"July 3, 2026, 3:30 PM","556,825",5,5,5,5,0,"July 7, 2026, 8:36 AM"
pinnacle-Slc,"3,054,411",LOGIN,"May 4, 2026, 10:30 AM","57,790",2,5,5,5,0,"May 4, 2026, 4:31 PM"
pinnacle-Slc,"3,054,411",LOGIN,"May 4, 2026, 10:30 AM","92,295",5,5,5,5,0,"May 5, 2026, 8:56 AM"
pinnacle-Slc,"3,062,072",LOGIN,"May 5, 2026, 7:30 AM","87,460",5,5,5,5,0,"May 5, 2026, 11:37 AM"
pinnacle-Slc,"3,343,456",LOGIN,"July 3, 2026, 8:30 AM","151,335",4,4,4,4,0,"July 3, 2026, 12:39 PM"
pinnacle-Slc,"3,343,456",LOGIN,"July 3, 2026, 8:30 AM","104,925",5,5,5,5,0,"July 3, 2026, 2:25 PM"
pinnacle-Slc,"3,343,456",LOGIN,"July 3, 2026, 8:30 AM","595,930",5,5,5,5,0,"July 3, 2026, 3:20 PM"
vanta-Sea,"5,010,205",LOGOUT,"July 2, 2026, 11:16 PM","454,540",5,5,5,5,5,"July 3, 2026, 12:19 AM"
pinnacle-Slc,"3,354,240",LOGOUT,"July 6, 2026, 3:30 PM","87,440",5,5,5,5,0,"July 7, 2026, 1:00 AM"
pinnacle-Slc,"3,057,519",LOGOUT,"May 4, 2026, 3:00 PM","128,380",5,5,5,5,0,"May 5, 2026, 12:30 AM"
pinnacle-Slc,"3,057,519",LOGOUT,"May 4, 2026, 3:00 PM","106,215",5,5,5,5,0,"May 5, 2026, 6:20 AM"
pinnacle-Slc,"3,380,611",LOGOUT,"July 10, 2026, 3:30 PM","188,215",5,5,5,5,0,"July 13, 2026, 6:00 AM"
pinnacle-Slc,"3,362,518",LOGIN,"July 8, 2026, 9:30 AM","622,175",5,5,5,5,0,"July 8, 2026, 3:11 PM"
pinnacle-Slc,"3,362,518",LOGIN,"July 8, 2026, 9:30 AM","99,205",5,5,5,5,0,"July 8, 2026, 3:30 PM"
pinnacle-Slc,"3,067,719",LOGIN,"May 6, 2026, 9:00 AM","128,815",5,5,5,5,0,"May 6, 2026, 12:12 PM"
pinnacle-Slc,"3,067,719",LOGIN,"May 6, 2026, 9:00 AM","245,805",5,5,5,5,0,"May 6, 2026, 1:06 PM"
pinnacle-Slc,"3,067,719",LOGIN,"May 6, 2026, 9:00 AM","480,430",5,5,5,5,0,"May 6, 2026, 3:12 PM"
pinnacle-Slc,"3,071,004",LOGOUT,"May 6, 2026, 3:00 PM","281,935",5,5,5,5,0,"May 7, 2026, 12:15 AM"
pinnacle-Slc,"3,071,004",LOGOUT,"May 6, 2026, 3:00 PM","6,060",5,5,5,5,0,"May 7, 2026, 7:16 AM"
pinnacle-Slc,"3,071,004",LOGOUT,"May 6, 2026, 3:00 PM","296,145",5,5,5,5,0,"May 7, 2026, 7:30 AM"
pinnacle-Slc,"3,223,157",LOGOUT,"June 10, 2026, 2:30 PM","171,225",5,5,5,5,0,"June 11, 2026, 7:36 PM"
pinnacle-Slc,"3,232,677",LOGIN,"June 12, 2026, 9:30 AM","16,725",5,5,5,5,0,"June 12, 2026, 10:21 AM"
pinnacle-Slc,"3,232,677",LOGIN,"June 12, 2026, 9:30 AM","656,095",5,5,5,5,0,"June 12, 2026, 3:06 PM"
pinnacle-Slc,"3,221,315",LOGOUT,"June 10, 2026, 3:00 PM","96,695",5,5,5,5,0,"June 10, 2026, 7:53 PM"
pinnacle-Slc,"3,221,315",LOGOUT,"June 10, 2026, 3:00 PM","241,060",5,5,5,5,0,"June 11, 2026, 7:41 AM"
pinnacle-Slc,"3,222,696",LOGOUT,"June 10, 2026, 3:30 PM","84,400",5,5,5,5,0,"June 11, 2026, 6:29 AM"
pinnacle-Slc,"3,222,696",LOGOUT,"June 10, 2026, 3:30 PM","409,160",5,5,5,5,0,"June 11, 2026, 7:40 AM"
pinnacle-Slc,"3,266,183",LOGIN,"June 18, 2026, 9:30 AM","417,920",5,5,5,5,0,"June 18, 2026, 10:00 AM"
pinnacle-Slc,"3,266,183",LOGIN,"June 18, 2026, 9:30 AM","455,540",5,5,5,5,0,"June 18, 2026, 2:16 PM"
pinnacle-Slc,"3,266,183",LOGIN,"June 18, 2026, 9:30 AM","613,815",5,5,5,5,0,"June 18, 2026, 3:52 PM"
pinnacle-Slc,"3,202,582",LOGOUT,"June 5, 2026, 4:30 PM","343,985",5,5,5,5,0,"June 8, 2026, 8:16 AM"
pinnacle-Slc,"3,244,103",LOGOUT,"June 15, 2026, 1:30 PM","91,925",5,5,5,5,0,"June 15, 2026, 2:55 PM"
pinnacle-Slc,"3,244,103",LOGOUT,"June 15, 2026, 1:30 PM","374,995",5,5,5,5,0,"June 16, 2026, 5:30 AM"
pinnacle-Slc,"3,294,602",LOGIN,"June 24, 2026, 8:30 AM","651,765",5,5,5,5,0,"June 24, 2026, 5:16 PM"
pinnacle-Slc,"3,300,306",LOGIN,"June 25, 2026, 9:00 AM","703,425",5,5,5,5,0,"June 25, 2026, 1:04 PM"
pinnacle-Slc,"3,300,306",LOGIN,"June 25, 2026, 9:00 AM","507,820",5,5,5,5,0,"June 25, 2026, 4:03 PM"
pinnacle-Slc,"3,300,536",LOGIN,"June 25, 2026, 9:30 AM","340,510",5,5,5,5,0,"June 25, 2026, 1:31 PM"
pinnacle-Slc,"3,300,536",LOGIN,"June 25, 2026, 9:30 AM","104,615",5,5,5,5,0,"June 25, 2026, 3:09 PM"
pinnacle-Slc,"3,255,458",LOGIN,"June 17, 2026, 9:00 AM","683,175",5,5,5,5,0,"June 17, 2026, 1:35 PM"
pinnacle-Slc,"3,255,458",LOGIN,"June 17, 2026, 9:00 AM","680,850",5,5,5,5,0,"June 17, 2026, 4:05 PM"
pinnacle-Slc,"3,435,517",LOGIN,"July 23, 2026, 9:00 AM","26,375",5,5,5,5,0,"July 23, 2026, 2:41 PM"
pinnacle-Slc,"3,435,517",LOGIN,"July 23, 2026, 9:00 AM","1,270",5,5,5,5,0,"July 24, 2026, 1:38 AM"
pinnacle-Slc,"3,144,456",LOGIN,"May 22, 2026, 9:00 AM","130,135",5,5,5,5,0,"May 22, 2026, 10:39 AM"
pinnacle-Slc,"3,144,456",LOGIN,"May 22, 2026, 9:00 AM","149,110",5,5,5,5,0,"May 22, 2026, 3:01 PM"
pinnacle-Slc,"3,459,218",LOGIN,"July 28, 2026, 2:00 PM","591,145",5,5,5,5,0,"July 28, 2026, 8:27 PM"
pinnacle-Slc,"3,158,125",LOGOUT,"May 26, 2026, 3:30 PM","297,155",4,4,4,4,0,"May 27, 2026, 2:47 AM"
pinnacle-Slc,"3,160,994",LOGIN,"May 27, 2026, 9:00 AM","151,445",5,5,5,5,0,"May 27, 2026, 2:07 PM"
pinnacle-Slc,"3,160,994",LOGIN,"May 27, 2026, 9:00 AM","225,175",4,4,4,4,0,"May 27, 2026, 3:09 PM"
pinnacle-Slc,"3,168,758",LOGIN,"May 29, 2026, 9:00 AM","567,880",5,5,5,5,0,"May 29, 2026, 9:24 AM"
pinnacle-Slc,"3,168,758",LOGIN,"May 29, 2026, 9:00 AM","670,015",5,5,5,5,0,"May 29, 2026, 4:18 PM"
pinnacle-Slc,"3,182,205",LOGOUT,"June 2, 2026, 2:00 AM","299,050",5,5,5,5,0,"June 2, 2026, 7:45 AM"
pinnacle-Slc,"3,479,269",LOGIN,"July 31, 2026, 11:00 AM","97,155",5,5,5,5,0,"July 31, 2026, 3:03 PM"
pinnacle-Slc,"3,255,676",LOGIN,"June 17, 2026, 9:30 AM","241,185",5,5,5,5,0,"June 17, 2026, 2:37 PM"
pinnacle-Slc,"3,255,676",LOGIN,"June 17, 2026, 9:30 AM","10,405",5,5,5,5,0,"June 17, 2026, 3:33 PM"
pinnacle-Slc,"3,255,676",LOGIN,"June 17, 2026, 9:30 AM","1,470",5,5,5,5,0,"June 17, 2026, 3:48 PM"
pinnacle-Slc,"3,257,448",LOGIN,"June 17, 2026, 8:30 AM","116,460",5,5,5,5,0,"June 17, 2026, 8:19 AM"
pinnacle-Slc,"3,257,448",LOGIN,"June 17, 2026, 8:30 AM","101,310",5,5,5,5,0,"June 17, 2026, 2:19 PM"
pinnacle-Slc,"3,261,974",LOGOUT,"June 17, 2026, 2:30 PM","88,310",5,5,5,5,0,"June 17, 2026, 9:58 PM"
pinnacle-Slc,"3,309,161",LOGIN,"June 26, 2026, 2:00 PM","668,690",5,5,5,5,0,"June 26, 2026, 8:58 PM"
pinnacle-Slc,"3,306,900",LOGOUT,"June 25, 2026, 3:30 PM","148,875",5,5,5,5,0,"June 26, 2026, 7:58 AM"
pinnacle-Slc,"3,320,026",LOGOUT,"June 29, 2026, 2:30 PM","91,735",5,5,5,5,0,"June 29, 2026, 10:10 PM"
pinnacle-Slc,"3,321,847",LOGIN,"June 30, 2026, 9:30 AM","413,275",5,5,5,5,0,"June 30, 2026, 3:25 PM"
pinnacle-Slc,"3,375,257",LOGIN,"July 10, 2026, 9:00 AM","480,430",5,5,5,5,0,"July 10, 2026, 3:16 PM"
pinnacle-Slc,"3,386,385",LOGIN,"July 13, 2026, 9:30 AM","206,035",5,5,5,5,0,"July 13, 2026, 2:45 PM"
pinnacle-Slc,"3,386,385",LOGIN,"July 13, 2026, 9:30 AM","10,060",5,5,5,5,0,"July 13, 2026, 3:33 PM"
pinnacle-Slc,"3,387,548",LOGOUT,"July 13, 2026, 3:30 PM","379,120",5,5,5,5,0,"July 13, 2026, 4:19 PM"
pinnacle-Slc,"3,387,548",LOGOUT,"July 13, 2026, 3:30 PM","478,125",4,4,4,4,0,"July 13, 2026, 7:42 PM"
pinnacle-Slc,"3,387,548",LOGOUT,"July 13, 2026, 3:30 PM","521,680",5,5,5,5,0,"July 14, 2026, 7:08 AM"
pinnacle-Slc,"3,377,285",LOGIN,"July 10, 2026, 11:30 AM","105,245",5,5,5,5,0,"July 10, 2026, 6:48 PM"
pinnacle-Slc,"3,389,002",LOGIN,"July 14, 2026, 6:30 AM","96,885",5,5,5,5,5,"July 14, 2026, 1:16 PM"
pinnacle-Slc,"3,091,948",LOGIN,"May 12, 2026, 7:30 AM","660,065",5,5,5,5,0,"May 12, 2026, 12:24 PM"
pinnacle-Slc,"3,393,689",LOGOUT,"July 14, 2026, 1:30 PM","325,165",5,5,5,5,0,"July 14, 2026, 8:21 PM"
pinnacle-Slc,"3,393,689",LOGOUT,"July 14, 2026, 1:30 PM","310,150",5,5,5,5,0,"July 14, 2026, 9:03 PM"
pinnacle-Slc,"3,096,063",LOGIN,"May 13, 2026, 7:30 AM","4,960",5,5,5,5,0,"May 13, 2026, 1:56 PM"
pinnacle-Slc,"3,375,498",LOGIN,"July 10, 2026, 9:00 AM","117,495",5,5,5,5,0,"July 10, 2026, 1:11 PM"
pinnacle-Slc,"3,079,716",LOGOUT,"May 8, 2026, 3:30 PM","343,835",5,5,5,5,0,"May 8, 2026, 3:55 PM"
pinnacle-Slc,"3,079,716",LOGOUT,"May 8, 2026, 3:30 PM","613,650",5,5,5,5,0,"May 9, 2026, 11:18 AM"
pinnacle-Slc,"3,079,716",LOGOUT,"May 8, 2026, 3:30 PM","471,225",5,5,5,5,0,"May 10, 2026, 10:53 PM"
pinnacle-Slc,"3,376,283",LOGIN,"July 10, 2026, 9:00 AM","605,855",5,5,5,5,0,"July 10, 2026, 2:07 PM"
pinnacle-Slc,"3,108,269",LOGIN,"May 15, 2026, 8:30 AM","417,975",4,4,4,4,0,"May 15, 2026, 2:44 PM"
pinnacle-Slc,"3,417,985",LOGOUT,"July 20, 2026, 2:30 PM","115,715",5,5,5,5,0,"July 20, 2026, 5:31 PM"
pinnacle-Slc,"3,409,722",LOGIN,"July 17, 2026, 9:00 AM","110,335",5,5,5,5,0,"July 17, 2026, 11:04 AM"
pinnacle-Slc,"3,409,722",LOGIN,"July 17, 2026, 9:00 AM","505,180",5,5,5,5,0,"July 17, 2026, 12:30 PM"
pinnacle-Slc,"3,402,595",LOGIN,"July 16, 2026, 9:00 AM","217,750",4,4,4,4,0,"July 16, 2026, 1:41 PM"
pinnacle-Slc,"3,402,595",LOGIN,"July 16, 2026, 9:00 AM","130,750",5,5,5,5,0,"July 16, 2026, 3:44 PM"
pinnacle-Slc,"3,103,436",LOGOUT,"May 13, 2026, 10:00 PM","99,265",5,5,5,5,0,"May 15, 2026, 2:51 AM"
catalyst-Sac,"1,466,669",LOGOUT,"May 22, 2026, 2:00 AM","655,725",5,5,5,5,5,"May 22, 2026, 3:01 AM"
catalyst-Sac,"1,472,158",LOGOUT,"May 27, 2026, 8:30 PM","369,795",5,5,5,5,5,"May 27, 2026, 10:10 PM"
catalyst-Sac,"1,495,800",LOGOUT,"June 16, 2026, 4:30 AM","667,025",5,5,5,5,0,"June 16, 2026, 5:20 AM"
catalyst-Sac,"1,501,341",LOGOUT,"June 19, 2026, 12:30 AM","687,100",5,5,5,5,5,"June 19, 2026, 1:28 AM"
catalyst-Sac,"1,509,781",LOGOUT,"June 25, 2026, 2:30 AM","335,065",5,5,5,5,5,"June 25, 2026, 3:09 AM"
orbit-Slc,"1,275,334",LOGIN,"June 12, 2026, 10:00 PM","120,975",5,5,5,5,0,"June 12, 2026, 9:23 PM"
catalyst-Sac,"1,519,576",LOGOUT,"July 2, 2026, 4:00 AM","734,430",5,5,5,5,5,"July 2, 2026, 5:16 AM"
orbit-Slc,"1,280,145",LOGOUT,"June 15, 2026, 10:00 PM","31,555",5,5,5,5,0,"June 16, 2026, 7:24 AM"
orbit-Slc,"1,280,145",LOGOUT,"June 15, 2026, 10:00 PM","247,485",5,5,5,5,0,"June 16, 2026, 8:53 AM"
orbit-Slc,"1,280,145",LOGOUT,"June 15, 2026, 10:00 PM","59,130",5,5,5,5,0,"June 16, 2026, 9:33 AM"
orbit-Slc,"1,280,145",LOGOUT,"June 15, 2026, 10:00 PM","105,435",5,5,5,5,0,"June 16, 2026, 10:48 AM"
orbit-Slc,"1,301,865",LOGOUT,"June 26, 2026, 3:30 PM","124,260",5,5,5,5,0,"June 29, 2026, 4:31 AM"
orbit-Slc,"1,301,865",LOGOUT,"June 26, 2026, 3:30 PM","13,545",5,5,5,5,0,"June 29, 2026, 6:57 PM"
orbit-Slc,"1,302,568",LOGIN,"June 29, 2026, 11:00 AM","52,395",5,5,5,5,0,"June 29, 2026, 10:38 AM"
orbit-Slc,"1,302,568",LOGIN,"June 29, 2026, 11:00 AM","53,915",5,5,5,5,0,"June 29, 2026, 10:54 AM"
orbit-Slc,"1,302,568",LOGIN,"June 29, 2026, 11:00 AM","36,145",5,5,5,5,0,"June 29, 2026, 12:33 PM"
orbit-Slc,"1,302,568",LOGIN,"June 29, 2026, 11:00 AM","13,825",4,4,4,4,0,"June 29, 2026, 3:12 PM"
orbit-Slc,"1,302,568",LOGIN,"June 29, 2026, 11:00 AM","41,275",5,5,5,5,0,"June 29, 2026, 7:31 PM"
orbit-Slc,"1,314,192",LOGOUT,"July 2, 2026, 10:00 PM","169,475",4,4,4,4,0,"July 6, 2026, 1:36 PM"
orbit-Slc,"1,314,192",LOGOUT,"July 2, 2026, 10:00 PM","262,200",5,5,5,5,0,"July 13, 2026, 6:21 PM"
orbit-Slc,"1,321,565",LOGIN,"July 8, 2026, 6:30 AM","99,915",5,5,5,5,0,"July 8, 2026, 6:19 AM"
orbit-Slc,"1,321,565",LOGIN,"July 8, 2026, 6:30 AM","178,050",4,4,4,4,0,"July 8, 2026, 3:21 PM"
orbit-Slc,"1,321,565",LOGIN,"July 8, 2026, 6:30 AM","252,085",5,5,5,5,0,"July 8, 2026, 3:44 PM"
orbit-Slc,"1,334,047",LOGOUT,"July 15, 2026, 3:30 AM","148,680",5,5,5,5,5,"July 15, 2026, 3:04 PM"
orbit-Slc,"1,335,679",LOGOUT,"July 15, 2026, 10:00 PM","1,450",4,4,4,4,0,"July 15, 2026, 11:21 PM"
orbit-Slc,"1,335,679",LOGOUT,"July 15, 2026, 10:00 PM","227,895",4,4,4,4,0,"July 16, 2026, 9:02 AM"
orbit-Slc,"1,335,679",LOGOUT,"July 15, 2026, 10:00 PM","153,220",5,5,5,5,0,"July 16, 2026, 10:02 AM"
orbit-Slc,"1,335,679",LOGOUT,"July 15, 2026, 10:00 PM","97,825",5,5,5,5,0,"July 16, 2026, 11:47 AM"
orbit-Slc,"1,335,679",LOGOUT,"July 15, 2026, 10:00 PM","153,145",5,5,5,5,0,"July 20, 2026, 4:18 PM"
orbit-Slc,"1,338,269",LOGOUT,"July 16, 2026, 3:30 PM","7,115",5,5,5,5,0,"July 17, 2026, 9:53 AM"
orbit-Slc,"1,338,269",LOGOUT,"July 16, 2026, 3:30 PM","64,395",5,5,5,5,0,"July 17, 2026, 3:39 PM"
orbit-Slc,"1,346,266",LOGOUT,"July 21, 2026, 8:00 PM","12,240",5,5,5,5,0,"July 22, 2026, 7:59 AM"
orbit-Slc,"1,346,266",LOGOUT,"July 21, 2026, 8:00 PM","62,830",5,5,5,5,0,"July 22, 2026, 9:05 AM"
orbit-Slc,"1,346,266",LOGOUT,"July 21, 2026, 8:00 PM","36,070",4,4,4,4,0,"July 22, 2026, 2:51 PM"
orbit-Slc,"1,346,266",LOGOUT,"July 21, 2026, 8:00 PM","62,350",5,5,5,5,0,"July 24, 2026, 5:11 PM"
orbit-Slc,"1,348,469",LOGOUT,"July 22, 2026, 3:30 PM","31,650",5,5,5,5,0,"July 23, 2026, 9:04 AM"
orbit-Slc,"1,348,469",LOGOUT,"July 22, 2026, 3:30 PM","23,730",5,5,5,5,0,"July 24, 2026, 7:53 AM"
orbit-Slc,"1,348,469",LOGOUT,"July 22, 2026, 3:30 PM","88,025",5,5,5,5,0,"July 27, 2026, 10:58 AM"
pinnacle-Slc,"3,418,510",LOGOUT,"July 20, 2026, 2:30 PM","129,010",5,5,5,5,0,"July 20, 2026, 3:55 PM"
pinnacle-Slc,"3,421,712",LOGIN,"July 21, 2026, 8:30 AM","510,130",5,5,5,5,0,"July 21, 2026, 1:56 PM"
pinnacle-Slc,"3,421,712",LOGIN,"July 21, 2026, 8:30 AM","2,290",5,5,5,5,0,"July 21, 2026, 2:33 PM"
pinnacle-Slc,"3,421,712",LOGIN,"July 21, 2026, 8:30 AM","94,770",5,5,5,5,0,"July 21, 2026, 3:02 PM"
pinnacle-Slc,"3,111,009",LOGOUT,"May 15, 2026, 9:30 PM","432,110",5,5,5,5,5,"May 25, 2026, 11:42 PM"
pinnacle-Slc,"3,416,961",LOGIN,"July 20, 2026, 7:30 PM","334,420",5,5,5,5,0,"July 20, 2026, 9:38 PM"
pinnacle-Slc,"3,397,942",LOGIN,"July 15, 2026, 7:30 PM","327,780",4,4,4,4,4,"July 16, 2026, 3:45 AM"
pinnacle-Slc,"3,426,627",LOGOUT,"July 21, 2026, 3:00 PM","1,825",5,5,5,5,0,"July 21, 2026, 3:28 PM"
pinnacle-Slc,"3,426,627",LOGOUT,"July 21, 2026, 3:00 PM","717,255",5,5,5,5,0,"July 22, 2026, 12:28 AM"
pinnacle-Slc,"3,426,627",LOGOUT,"July 21, 2026, 3:00 PM","396,280",5,5,5,5,0,"July 22, 2026, 7:44 AM"
orbit-Slc,"1,252,013",LOGOUT,"May 29, 2026, 3:30 AM","16,945",5,5,5,5,5,"June 1, 2026, 5:27 PM"
orbit-Slc,"1,241,643",LOGOUT,"May 21, 2026, 8:00 PM","273,990",5,5,5,5,0,"May 22, 2026, 1:27 AM"
orbit-Slc,"1,241,643",LOGOUT,"May 21, 2026, 8:00 PM","175,415",5,5,5,5,0,"May 22, 2026, 9:27 AM"
orbit-Slc,"1,241,643",LOGOUT,"May 21, 2026, 8:00 PM","13,130",5,5,5,5,0,"May 25, 2026, 10:39 AM"
pinnacle-Slc,"3,428,694",LOGIN,"July 22, 2026, 8:30 AM","84,410",5,5,5,5,0,"July 22, 2026, 2:25 PM"
orbit-Slc,"1,257,253",LOGOUT,"June 2, 2026, 10:00 PM","3,895",5,5,5,5,0,"June 3, 2026, 10:25 AM"
orbit-Slc,"1,257,253",LOGOUT,"June 2, 2026, 10:00 PM","136,010",5,5,5,5,0,"June 3, 2026, 10:59 AM"
pinnacle-Slc,"3,126,143",LOGOUT,"May 19, 2026, 3:00 PM","101,355",5,5,5,5,0,"May 19, 2026, 10:55 PM"
pinnacle-Slc,"3,126,143",LOGOUT,"May 19, 2026, 3:00 PM","115,665",5,5,5,5,0,"May 20, 2026, 1:26 AM"
pinnacle-Slc,"3,126,143",LOGOUT,"May 19, 2026, 3:00 PM","131,000",5,5,5,5,0,"May 20, 2026, 2:18 AM"
pinnacle-Slc,"3,433,023",LOGOUT,"July 22, 2026, 1:30 PM","95,620",5,5,5,5,0,"July 22, 2026, 6:37 PM"
pinnacle-Slc,"3,433,023",LOGOUT,"July 22, 2026, 1:30 PM","82,260",5,5,5,5,0,"July 25, 2026, 11:18 PM"
pinnacle-Slc,"3,445,618",LOGOUT,"July 23, 2026, 11:00 PM","628,215",5,5,5,5,5,"July 23, 2026, 11:26 PM"
pinnacle-Slc,"3,450,950",LOGOUT,"July 27, 2026, 3:30 PM","253,225",5,5,5,5,0,"July 27, 2026, 10:52 PM"
pinnacle-Slc,"3,450,950",LOGOUT,"July 27, 2026, 3:30 PM","2,145",5,5,5,5,0,"July 28, 2026, 1:55 AM"
pinnacle-Slc,"3,450,950",LOGOUT,"July 27, 2026, 3:30 PM","14,225",5,5,5,5,0,"July 28, 2026, 7:47 AM"
pinnacle-Slc,"3,154,763",LOGIN,"May 26, 2026, 9:30 AM","1,830",5,5,5,5,0,"June 4, 2026, 12:43 PM"
pinnacle-Slc,"3,143,369",LOGOUT,"May 22, 2026, 2:30 PM","419,220",5,5,5,5,0,"May 23, 2026, 3:44 PM"
pinnacle-Slc,"3,143,369",LOGOUT,"May 22, 2026, 2:30 PM","10,660",4,4,4,4,0,"May 24, 2026, 6:18 AM"
pinnacle-Slc,"3,143,369",LOGOUT,"May 22, 2026, 2:30 PM","134,985",5,5,5,5,0,"May 24, 2026, 7:44 PM"
pinnacle-Slc,"3,337,792",LOGOUT,"July 2, 2026, 1:30 PM","16,165",5,5,5,5,0,"July 3, 2026, 6:27 AM"
orbit-Slc,"1,365,597",LOGOUT,"July 30, 2026, 10:00 PM","34,890",5,5,5,5,0,"August 3, 2026, 6:58 PM"
orbit-Slc,"1,366,407",LOGOUT,"July 31, 2026, 3:30 AM","118,885",5,5,5,5,0,"August 3, 2026, 11:55 PM"
pinnacle-Slc,"3,327,892",LOGIN,"July 1, 2026, 8:30 AM","531,910",5,5,5,5,0,"July 1, 2026, 10:20 AM"
orbit-Slc,"1,351,635",LOGOUT,"July 23, 2026, 8:00 PM","41,445",5,5,5,5,5,"July 27, 2026, 9:30 AM"
orbit-Slc,"1,351,635",LOGOUT,"July 23, 2026, 8:00 PM","37,120",5,5,5,5,5,"July 28, 2026, 8:28 AM"
pinnacle-Slc,"3,331,367",LOGIN,"July 1, 2026, 9:00 AM","404,365",5,5,5,5,0,"July 1, 2026, 1:16 PM"
pinnacle-Slc,"3,331,367",LOGIN,"July 1, 2026, 9:00 AM","542,305",5,5,5,5,0,"July 1, 2026, 2:04 PM"
pinnacle-Slc,"3,332,997",LOGOUT,"July 1, 2026, 10:00 PM","669,520",5,5,5,5,5,"July 2, 2026, 10:05 PM"
orbit-Slc,"1,357,718",LOGOUT,"July 27, 2026, 10:00 PM","229,860",5,5,5,5,5,"July 28, 2026, 9:06 AM"
pinnacle-Slc,"3,331,137",LOGIN,"July 1, 2026, 5:30 AM","293,980",5,5,5,5,5,"July 3, 2026, 4:36 AM"
pinnacle-Slc,"3,063,879",LOGOUT,"May 5, 2026, 10:30 PM","6,850",5,5,5,5,0,"May 5, 2026, 10:56 PM"
vanta-Sea,"5,012,614",LOGOUT,"July 3, 2026, 4:30 PM","213,590",3,3,3,3,0,"July 3, 2026, 4:58 PM"
pinnacle-Slc,"3,351,864",LOGOUT,"July 6, 2026, 4:30 PM","83,815",5,5,5,5,0,"July 7, 2026, 6:08 AM"
pinnacle-Slc,"3,056,236",LOGIN,"May 4, 2026, 6:00 PM","349,585",5,5,5,5,0,"May 5, 2026, 2:08 AM"
pinnacle-Slc,"3,051,774",LOGIN,"May 1, 2026, 7:30 PM","628,160",5,5,5,5,0,"May 1, 2026, 10:37 PM"
pinnacle-Slc,"3,366,630",LOGOUT,"July 8, 2026, 3:00 PM","88,645",5,5,5,5,0,"July 8, 2026, 4:48 PM"
pinnacle-Slc,"3,366,630",LOGOUT,"July 8, 2026, 3:00 PM","87,870",5,5,5,5,0,"July 8, 2026, 10:29 PM"
pinnacle-Slc,"3,366,630",LOGOUT,"July 8, 2026, 3:00 PM","8,495",5,5,5,5,0,"July 8, 2026, 11:26 PM"
pinnacle-Slc,"3,074,638",LOGOUT,"May 7, 2026, 4:30 PM","91,305",5,5,5,5,0,"May 7, 2026, 8:33 PM"
pinnacle-Slc,"3,209,896",LOGOUT,"June 8, 2026, 5:30 PM","155,220",5,5,5,5,0,"June 10, 2026, 7:03 AM"
pinnacle-Slc,"3,207,747",LOGIN,"June 8, 2026, 7:30 AM","438,685",5,5,5,5,0,"June 8, 2026, 1:32 PM"
pinnacle-Slc,"3,226,562",LOGIN,"June 11, 2026, 5:30 PM","298,775",5,5,5,5,0,"June 12, 2026, 2:11 AM"
pinnacle-Slc,"3,235,832",LOGOUT,"June 12, 2026, 2:30 PM","97,400",5,5,5,5,0,"June 15, 2026, 8:02 AM"
pinnacle-Slc,"3,256,973",LOGIN,"June 17, 2026, 9:30 AM","311,305",5,5,5,5,0,"June 17, 2026, 3:14 PM"
pinnacle-Slc,"3,195,068",LOGOUT,"June 4, 2026, 6:30 PM","580,585",5,5,5,5,0,"June 4, 2026, 9:07 PM"
pinnacle-Slc,"3,235,257",LOGOUT,"June 12, 2026, 5:30 PM","1,875",5,5,5,5,0,"June 12, 2026, 6:59 PM"
pinnacle-Slc,"3,246,799",LOGOUT,"June 15, 2026, 4:30 PM","101,080",5,5,5,5,0,"June 16, 2026, 7:59 AM"
pinnacle-Slc,"3,246,799",LOGOUT,"June 15, 2026, 4:30 PM","112,150",5,5,5,5,0,"June 16, 2026, 8:45 AM"
pinnacle-Slc,"3,218,321",LOGIN,"June 10, 2026, 9:00 AM","117,445",5,5,5,5,0,"June 10, 2026, 4:12 PM"
pinnacle-Slc,"3,218,321",LOGIN,"June 10, 2026, 9:00 AM","56,175",5,5,5,5,0,"June 10, 2026, 4:20 PM"
pinnacle-Slc,"3,222,940",LOGOUT,"June 10, 2026, 7:30 PM","86,845",5,5,5,5,0,"June 11, 2026, 12:07 PM"
pinnacle-Slc,"3,282,220",LOGOUT,"June 22, 2026, 3:00 PM","541,485",5,5,5,5,0,"June 22, 2026, 5:01 PM"
pinnacle-Slc,"3,282,220",LOGOUT,"June 22, 2026, 3:00 PM","502,230",5,5,5,5,0,"June 22, 2026, 11:53 PM"
pinnacle-Slc,"3,282,220",LOGOUT,"June 22, 2026, 3:00 PM","547,755",5,5,5,5,0,"June 23, 2026, 5:24 AM"
pinnacle-Slc,"3,282,974",LOGIN,"June 22, 2026, 8:30 AM","8,225",5,5,5,5,0,"June 22, 2026, 2:08 PM"
pinnacle-Slc,"3,282,974",LOGIN,"June 22, 2026, 8:30 AM","130,730",5,5,5,5,0,"June 22, 2026, 3:06 PM"
pinnacle-Slc,"3,283,665",LOGIN,"June 22, 2026, 9:30 AM","89,580",5,5,5,5,0,"June 22, 2026, 2:38 PM"
pinnacle-Slc,"3,283,429",LOGIN,"June 22, 2026, 9:00 AM","151,380",5,5,5,5,0,"June 22, 2026, 1:31 PM"
pinnacle-Slc,"3,296,856",LOGOUT,"June 24, 2026, 4:30 PM","82,165",5,5,5,5,0,"June 25, 2026, 5:39 AM"
pinnacle-Slc,"3,296,856",LOGOUT,"June 24, 2026, 4:30 PM","534,725",5,5,5,5,0,"June 25, 2026, 8:43 AM"
orbit-Slc,"1,252,243",LOGIN,"May 29, 2026, 6:30 PM","254,225",5,5,5,5,0,"May 29, 2026, 5:54 PM"
pinnacle-Slc,"3,136,073",LOGIN,"May 21, 2026, 8:30 AM","64,120",5,5,5,5,0,"May 21, 2026, 9:23 AM"
pinnacle-Slc,"3,136,073",LOGIN,"May 21, 2026, 8:30 AM","28,930",5,5,5,5,0,"May 21, 2026, 2:00 PM"
pinnacle-Slc,"3,136,073",LOGIN,"May 21, 2026, 8:30 AM","28,890",5,5,5,5,0,"May 21, 2026, 2:18 PM"
pinnacle-Slc,"3,137,496",LOGOUT,"May 21, 2026, 10:30 PM","435,435",5,5,5,5,5,"May 22, 2026, 9:18 AM"
pinnacle-Slc,"3,137,496",LOGOUT,"May 21, 2026, 10:30 PM","220,885",5,5,5,5,5,"May 24, 2026, 8:25 PM"
pinnacle-Slc,"3,138,499",LOGOUT,"May 21, 2026, 1:30 AM","389,515",5,5,5,5,0,"May 21, 2026, 4:01 PM"
pinnacle-Slc,"3,461,453",LOGOUT,"July 28, 2026, 2:30 PM","116,790",5,5,5,5,0,"July 29, 2026, 6:42 AM"
pinnacle-Slc,"3,163,029",LOGOUT,"May 27, 2026, 4:30 PM","342,825",5,5,5,5,0,"May 27, 2026, 10:04 PM"
pinnacle-Slc,"3,163,029",LOGOUT,"May 27, 2026, 4:30 PM","423,185",5,5,5,5,0,"May 29, 2026, 12:08 AM"
pinnacle-Slc,"3,451,197",LOGOUT,"July 27, 2026, 3:00 PM","97,435",5,5,5,5,0,"July 28, 2026, 8:50 AM"
pinnacle-Slc,"3,458,980",LOGIN,"July 28, 2026, 10:30 AM","280,945",5,5,5,5,0,"July 28, 2026, 4:00 PM"
pinnacle-Slc,"3,467,127",LOGIN,"July 29, 2026, 7:30 AM","6,850",5,5,5,5,0,"July 29, 2026, 9:48 AM"
pinnacle-Slc,"3,473,238",LOGOUT,"July 30, 2026, 2:00 AM","317,670",5,5,5,5,0,"July 30, 2026, 3:38 PM"
pinnacle-Slc,"3,472,762",LOGOUT,"July 30, 2026, 5:30 PM","436,875",5,5,5,5,0,"July 31, 2026, 12:21 AM"
pinnacle-Slc,"3,472,762",LOGOUT,"July 30, 2026, 5:30 PM","284,910",5,5,5,5,0,"August 1, 2026, 10:58 AM"
pinnacle-Slc,"3,186,806",LOGIN,"June 3, 2026, 8:30 AM","101,625",5,5,5,5,0,"June 3, 2026, 9:14 AM"
pinnacle-Slc,"3,476,311",LOGOUT,"July 30, 2026, 3:30 PM","30,120",5,5,5,5,0,"July 30, 2026, 5:07 PM"
pinnacle-Slc,"3,476,311",LOGOUT,"July 30, 2026, 3:30 PM",385,5,5,5,5,0,"July 30, 2026, 9:14 PM"
pinnacle-Slc,"3,481,491",LOGOUT,"July 30, 2026, 10:30 PM","99,265",5,5,5,5,0,"August 2, 2026, 9:33 PM"
pinnacle-Slc,"3,188,744",LOGOUT,"June 3, 2026, 3:30 PM","10,495",5,5,5,5,0,"June 3, 2026, 6:18 PM"
pinnacle-Slc,"3,188,744",LOGOUT,"June 3, 2026, 3:30 PM","560,950",5,5,5,5,0,"June 4, 2026, 12:43 AM"
pinnacle-Slc,"3,279,141",LOGOUT,"June 19, 2026, 8:00 PM","497,610",5,5,5,5,5,"June 22, 2026, 7:00 AM"
pinnacle-Slc,"3,297,379",LOGOUT,"June 24, 2026, 3:00 PM","241,345",5,5,5,5,0,"June 25, 2026, 1:47 AM"
pinnacle-Slc,"3,297,379",LOGOUT,"June 24, 2026, 3:00 PM","85,995",5,5,5,5,0,"June 25, 2026, 11:42 PM"
pinnacle-Slc,"3,253,902",LOGOUT,"June 16, 2026, 2:30 PM","13,545",5,5,5,5,0,"June 16, 2026, 7:33 PM"
pinnacle-Slc,"3,257,930",LOGIN,"June 17, 2026, 1:30 PM","276,490",5,5,5,5,0,"June 17, 2026, 10:01 PM"
pinnacle-Slc,"3,259,535",LOGOUT,"June 17, 2026, 2:30 PM","11,855",5,5,5,5,0,"June 17, 2026, 10:30 PM"
pinnacle-Slc,"3,259,535",LOGOUT,"June 17, 2026, 2:30 PM","54,520",5,5,5,5,0,"June 17, 2026, 11:21 PM"
pinnacle-Slc,"3,259,535",LOGOUT,"June 17, 2026, 2:30 PM","102,985",5,5,5,5,0,"June 18, 2026, 6:22 AM"
pinnacle-Slc,"3,302,060",LOGIN,"June 25, 2026, 9:30 AM","134,615",5,5,5,5,0,"June 25, 2026, 3:30 PM"
pinnacle-Slc,"3,302,060",LOGIN,"June 25, 2026, 9:30 AM","168,255",5,5,5,5,0,"June 25, 2026, 3:56 PM"
pinnacle-Slc,"3,318,610",LOGIN,"June 29, 2026, 9:00 AM","435,400",5,5,5,5,0,"June 29, 2026, 2:03 PM"
pinnacle-Slc,"3,322,510",LOGOUT,"June 30, 2026, 3:00 PM","393,975",5,5,5,5,0,"June 30, 2026, 10:25 PM"
pinnacle-Slc,"3,312,267",LOGOUT,"June 26, 2026, 2:30 PM","95,890",5,5,5,5,0,"June 28, 2026, 6:52 PM"
pinnacle-Slc,"3,312,267",LOGOUT,"June 26, 2026, 2:30 PM","33,690",5,5,5,5,0,"June 29, 2026, 7:37 AM"
pinnacle-Slc,"3,384,804",LOGOUT,"July 13, 2026, 8:30 PM","67,270",5,5,5,5,5,"July 14, 2026, 12:43 PM"
pinnacle-Slc,"3,366,397",LOGOUT,"July 8, 2026, 1:30 PM","151,515",5,5,5,5,0,"July 8, 2026, 9:37 PM"
pinnacle-Slc,"3,365,348",LOGOUT,"July 8, 2026, 1:30 PM","86,725",5,5,5,5,0,"July 8, 2026, 10:51 PM"
pinnacle-Slc,"3,365,348",LOGOUT,"July 8, 2026, 1:30 PM","670,180",5,5,5,5,0,"July 9, 2026, 6:50 AM"
pinnacle-Slc,"3,098,259",LOGIN,"May 13, 2026, 9:30 AM","616,520",5,5,5,5,0,"May 13, 2026, 3:05 PM"
pinnacle-Slc,"3,092,633",LOGIN,"May 12, 2026, 7:30 PM","299,000",5,5,5,5,5,"May 13, 2026, 3:47 AM"
pinnacle-Slc,"3,092,633",LOGIN,"May 12, 2026, 7:30 PM","334,505",5,5,5,5,5,"May 13, 2026, 4:11 AM"
pinnacle-Slc,"3,087,025",LOGOUT,"May 11, 2026, 3:00 PM","83,045",5,5,5,5,0,"May 11, 2026, 5:48 PM"
pinnacle-Slc,"3,385,320",LOGOUT,"July 13, 2026, 2:30 PM","101,625",5,5,5,5,0,"July 14, 2026, 2:16 PM"
pinnacle-Slc,"3,403,219",LOGIN,"July 16, 2026, 8:21 AM",545,5,5,5,5,0,"July 17, 2026, 9:54 AM"
pinnacle-Slc,"3,417,725",LOGOUT,"July 20, 2026, 3:00 PM","550,720",5,5,5,5,0,"July 20, 2026, 3:30 PM"
pinnacle-Slc,"3,419,220",LOGIN,"July 20, 2026, 9:00 AM","41,095",5,5,5,5,0,"July 20, 2026, 2:57 PM"
pinnacle-Slc,"3,419,220",LOGIN,"July 20, 2026, 9:00 AM","437,035",5,5,5,5,0,"July 20, 2026, 4:35 PM"
pinnacle-Slc,"3,120,731",LOGIN,"May 19, 2026, 6:00 PM","424,615",5,5,5,5,0,"May 20, 2026, 2:32 AM"
pinnacle-Slc,"3,120,731",LOGIN,"May 19, 2026, 6:00 PM","327,315",5,5,5,5,0,"May 20, 2026, 3:00 AM"
pinnacle-Slc,"3,118,619",LOGOUT,"May 18, 2026, 9:30 PM","443,535",4,4,4,4,4,"May 19, 2026, 12:55 PM"
pinnacle-Slc,"3,398,988",LOGOUT,"July 15, 2026, 9:30 PM","491,980",5,5,5,5,5,"July 16, 2026, 12:52 AM"
pinnacle-Slc,"3,104,828",LOGOUT,"May 14, 2026, 1:30 PM","121,580",5,5,5,5,0,"May 17, 2026, 10:43 PM"
pinnacle-Slc,"3,105,874",LOGOUT,"May 14, 2026, 2:30 PM","115,805",5,5,5,5,0,"May 14, 2026, 10:16 PM"
pinnacle-Slc,"3,105,874",LOGOUT,"May 14, 2026, 2:30 PM","2,005",5,5,5,5,0,"May 15, 2026, 6:53 AM"
pinnacle-Slc,"3,409,949",LOGIN,"July 17, 2026, 9:30 AM","4,860",5,5,5,5,0,"July 17, 2026, 1:16 PM"
pinnacle-Slc,"3,409,949",LOGIN,"July 17, 2026, 9:30 AM","28,720",5,5,5,5,0,"July 17, 2026, 3:12 PM"
pinnacle-Slc,"3,411,910",LOGOUT,"July 17, 2026, 3:30 PM","455,540",5,5,5,5,0,"July 18, 2026, 1:09 AM"
pinnacle-Slc,"3,412,510",LOGOUT,"July 17, 2026, 5:00 PM","573,490",5,5,5,5,0,"July 20, 2026, 12:30 PM"
pinnacle-Slc,"3,118,868",LOGOUT,"May 18, 2026, 4:30 PM","148,830",4,4,4,4,0,"May 18, 2026, 5:49 PM"
pinnacle-Slc,"3,118,868",LOGOUT,"May 18, 2026, 4:30 PM","245,810",5,5,5,5,0,"May 18, 2026, 11:14 PM"
pinnacle-Slc,"3,120,150",LOGOUT,"May 18, 2026, 3:30 PM","9,935",5,5,5,5,0,"May 19, 2026, 7:25 AM"
orbit-Slc,"1,268,161",LOGIN,"June 9, 2026, 11:00 AM","132,350",5,5,5,5,0,"June 9, 2026, 11:27 AM"
orbit-Slc,"1,268,161",LOGIN,"June 9, 2026, 11:00 AM","33,035",4,4,4,4,0,"June 9, 2026, 11:36 AM"
orbit-Slc,"1,268,161",LOGIN,"June 9, 2026, 11:00 AM","39,705",5,5,5,5,0,"June 9, 2026, 1:22 PM"
orbit-Slc,"1,268,161",LOGIN,"June 9, 2026, 11:00 AM","53,765",5,5,5,5,0,"June 9, 2026, 7:25 PM"
catalyst-Sac,"1,518,993",LOGOUT,"July 2, 2026, 12:00 AM","62,935",5,5,5,5,0,"July 2, 2026, 12:49 AM"
orbit-Slc,"1,274,963",LOGOUT,"June 11, 2026, 8:00 PM","32,010",5,5,5,5,0,"June 11, 2026, 10:41 PM"
orbit-Slc,"1,279,582",LOGOUT,"June 15, 2026, 10:00 PM","287,010",5,5,5,5,5,"June 16, 2026, 9:20 AM"
orbit-Slc,"1,279,582",LOGOUT,"June 15, 2026, 10:00 PM","63,615",5,5,5,5,5,"June 16, 2026, 9:54 AM"
orbit-Slc,"1,289,035",LOGOUT,"June 19, 2026, 3:30 PM","196,715",5,5,5,5,0,"June 22, 2026, 8:54 AM"
orbit-Slc,"1,289,035",LOGOUT,"June 19, 2026, 3:30 PM","63,240",5,5,5,5,0,"June 22, 2026, 9:26 AM"
orbit-Slc,"1,295,417",LOGOUT,"June 23, 2026, 10:00 PM","251,735",5,5,5,5,0,"June 24, 2026, 8:32 AM"
orbit-Slc,"1,295,417",LOGOUT,"June 23, 2026, 10:00 PM","9,885",5,5,5,5,0,"June 24, 2026, 8:59 AM"
orbit-Slc,"1,295,417",LOGOUT,"June 23, 2026, 10:00 PM","9,370",5,5,5,5,0,"June 24, 2026, 4:04 PM"
orbit-Slc,"1,295,417",LOGOUT,"June 23, 2026, 10:00 PM","9,075",5,5,5,5,0,"June 24, 2026, 5:43 PM"
orbit-Slc,"1,316,641",LOGIN,"July 6, 2026, 1:00 PM","33,400",5,5,5,5,0,"July 6, 2026, 12:17 PM"
orbit-Slc,"1,316,641",LOGIN,"July 6, 2026, 1:00 PM","102,260",5,5,5,5,0,"July 6, 2026, 10:06 PM"
orbit-Slc,"1,345,500",LOGIN,"July 21, 2026, 1:00 PM","122,525",5,5,5,5,0,"July 21, 2026, 10:11 PM"
orbit-Slc,"1,345,500",LOGIN,"July 21, 2026, 1:00 PM","32,690",5,5,5,5,0,"July 22, 2026, 11:39 AM"
pinnacle-Slc,"3,322,510",LOGOUT,"June 30, 2026, 3:00 PM","522,175",5,5,5,5,0,"July 1, 2026, 1:07 AM"
orbit-Slc,"1,354,150",LOGIN,"July 27, 2026, 6:30 AM","159,515",5,5,5,5,5,"July 27, 2026, 3:33 PM"
orbit-Slc,"1,354,150",LOGIN,"July 27, 2026, 6:30 AM","41,885",5,5,5,5,5,"July 27, 2026, 3:34 PM"
pinnacle-Slc,"3,336,934",LOGIN,"July 2, 2026, 1:30 PM","684,180",5,5,5,5,0,"July 2, 2026, 8:07 PM"
pinnacle-Slc,"3,336,934",LOGIN,"July 2, 2026, 1:30 PM","312,795",5,5,5,5,0,"July 2, 2026, 9:40 PM"
pinnacle-Slc,"3,109,950",LOGIN,"May 15, 2026, 8:30 AM","411,460",4,4,4,4,0,"May 15, 2026, 9:39 AM"
pinnacle-Slc,"3,109,950",LOGIN,"May 15, 2026, 8:30 AM","96,100",5,5,5,5,0,"May 15, 2026, 2:25 PM"
pinnacle-Slc,"3,406,455",LOGOUT,"July 16, 2026, 2:30 AM","406,865",5,5,5,5,0,"July 16, 2026, 4:56 PM"
orbit-Slc,"1,243,817",LOGIN,"May 25, 2026, 11:00 AM","45,115",5,5,5,5,0,"May 25, 2026, 11:08 AM"
orbit-Slc,"1,243,817",LOGIN,"May 25, 2026, 11:00 AM","206,440",5,5,5,5,0,"May 25, 2026, 5:10 PM"
orbit-Slc,"1,243,817",LOGIN,"May 25, 2026, 11:00 AM","68,105",5,5,5,5,0,"May 25, 2026, 7:54 PM"
orbit-Slc,"1,243,817",LOGIN,"May 25, 2026, 11:00 AM","44,975",4,4,4,4,0,"May 25, 2026, 8:05 PM"
pinnacle-Slc,"3,433,776",LOGOUT,"July 22, 2026, 4:30 PM","319,560",5,5,5,5,0,"July 23, 2026, 8:27 AM"
pinnacle-Slc,"3,433,776",LOGOUT,"July 22, 2026, 4:30 PM","3,900",5,5,5,5,0,"July 23, 2026, 8:55 AM"
pinnacle-Slc,"3,435,275",LOGIN,"July 23, 2026, 8:30 AM","89,485",5,5,5,5,0,"July 23, 2026, 2:21 PM"
pinnacle-Slc,"3,435,275",LOGIN,"July 23, 2026, 8:30 AM","12,040",5,5,5,5,0,"July 23, 2026, 2:32 PM"
pinnacle-Slc,"3,435,275",LOGIN,"July 23, 2026, 8:30 AM","98,755",5,5,5,5,0,"July 23, 2026, 4:22 PM"
pinnacle-Slc,"3,431,481",LOGOUT,"July 22, 2026, 3:30 PM","151,585",5,5,5,5,0,"July 22, 2026, 10:20 PM"
pinnacle-Slc,"3,431,481",LOGOUT,"July 22, 2026, 3:30 PM","549,895",5,5,5,5,0,"July 23, 2026, 5:58 AM"
pinnacle-Slc,"3,431,481",LOGOUT,"July 22, 2026, 3:30 PM","100,310",2,2,2,2,0,"July 23, 2026, 6:56 AM"
pinnacle-Slc,"3,122,982",LOGIN,"May 19, 2026, 9:00 AM","153,430",5,5,5,5,0,"May 19, 2026, 3:55 PM"
orbit-Slc,"1,212,643",LOGOUT,"May 4, 2026, 10:00 PM","50,740",4,4,4,4,0,"May 4, 2026, 11:39 PM"
orbit-Slc,"1,212,643",LOGOUT,"May 4, 2026, 10:00 PM","102,240",5,5,5,5,0,"May 4, 2026, 11:49 PM"
orbit-Slc,"1,212,643",LOGOUT,"May 4, 2026, 10:00 PM","16,785",5,5,5,5,0,"May 5, 2026, 9:01 AM"
orbit-Slc,"1,212,643",LOGOUT,"May 4, 2026, 10:00 PM","178,545",4,4,4,4,0,"May 6, 2026, 10:23 AM"
orbit-Slc,"1,228,362",LOGOUT,"May 14, 2026, 10:00 PM","225,405",5,5,5,5,5,"May 14, 2026, 11:02 PM"
orbit-Slc,"1,228,362",LOGOUT,"May 14, 2026, 10:00 PM","112,145",5,5,5,5,5,"May 15, 2026, 9:56 AM"
orbit-Slc,"1,228,609",LOGIN,"May 14, 2026, 6:30 PM","153,380",5,5,5,5,0,"May 15, 2026, 3:41 AM"
orbit-Slc,"1,228,609",LOGIN,"May 14, 2026, 6:30 PM","51,880",5,5,5,5,0,"May 15, 2026, 4:38 AM"
pinnacle-Slc,"3,149,993",LOGOUT,"May 25, 2026, 2:30 PM","11,760",5,5,5,5,0,"May 25, 2026, 7:08 PM"
pinnacle-Slc,"3,149,993",LOGOUT,"May 25, 2026, 2:30 PM","112,190",5,5,5,5,0,"May 26, 2026, 6:27 AM"
pinnacle-Slc,"3,452,711",LOGIN,"July 27, 2026, 9:30 AM","296,015",5,5,5,5,0,"July 27, 2026, 12:46 PM"
pinnacle-Slc,"3,452,711",LOGIN,"July 27, 2026, 9:30 AM","253,720",5,5,5,5,0,"July 27, 2026, 3:37 PM"
pinnacle-Slc,"3,452,711",LOGIN,"July 27, 2026, 9:30 AM","409,315",5,5,5,5,0,"July 27, 2026, 4:34 PM"
pinnacle-Slc,"3,137,745",LOGOUT,"May 21, 2026, 11:00 PM","443,540",5,5,5,5,0,"May 23, 2026, 1:35 PM"
pinnacle-Slc,"3,445,069",LOGOUT,"July 24, 2026, 2:30 PM","221,050",5,5,5,5,0,"July 26, 2026, 8:23 PM"
pinnacle-Slc,"3,330,667",LOGIN,"July 1, 2026, 8:30 AM","116,310",5,5,5,5,0,"July 1, 2026, 8:44 AM"
pinnacle-Slc,"3,330,667",LOGIN,"July 1, 2026, 8:30 AM","5,300",5,5,5,5,0,"July 1, 2026, 12:13 PM"
pinnacle-Slc,"3,335,513",LOGIN,"July 2, 2026, 10:30 AM","262,140",5,5,5,5,0,"July 2, 2026, 4:31 PM"
pinnacle-Slc,"3,339,265",LOGOUT,"July 2, 2026, 2:30 PM","281,770",5,5,5,5,0,"July 3, 2026, 1:51 AM"
pinnacle-Slc,"3,339,265",LOGOUT,"July 2, 2026, 2:30 PM","658,085",5,5,5,5,0,"July 3, 2026, 7:15 AM"
pinnacle-Slc,"3,337,432",LOGIN,"July 2, 2026, 6:00 PM","420,625",5,5,5,5,0,"July 2, 2026, 7:41 PM"
pinnacle-Slc,"3,346,776",LOGOUT,"July 3, 2026, 4:30 PM","98,645",5,5,5,5,0,"July 6, 2026, 5:48 AM"
pinnacle-Slc,"3,350,539",LOGIN,"July 6, 2026, 9:00 AM","647,470",5,5,5,5,0,"July 6, 2026, 3:05 PM"
pinnacle-Slc,"3,350,539",LOGIN,"July 6, 2026, 9:00 AM","649,620",5,5,5,5,0,"July 6, 2026, 8:58 PM"
pinnacle-Slc,"3,350,539",LOGIN,"July 6, 2026, 9:00 AM","693,510",5,5,5,5,0,"July 6, 2026, 9:30 PM"
pinnacle-Slc,"3,061,847",LOGIN,"May 5, 2026, 9:00 AM","557,815",5,5,5,5,0,"May 5, 2026, 3:40 PM"
pinnacle-Slc,"3,345,068",LOGOUT,"July 3, 2026, 2:30 PM","313,785",5,5,5,5,0,"July 5, 2026, 11:51 PM"
pinnacle-Slc,"3,056,744",LOGOUT,"May 4, 2026, 1:30 PM","174,190",5,5,5,5,0,"May 5, 2026, 5:44 AM"
pinnacle-Slc,"3,066,475",LOGIN,"May 6, 2026, 9:30 AM","103,915",5,5,5,5,0,"May 6, 2026, 12:25 PM"
pinnacle-Slc,"3,066,475",LOGIN,"May 6, 2026, 9:30 AM","195,150",5,5,5,5,0,"May 6, 2026, 3:01 PM"
pinnacle-Slc,"3,066,475",LOGIN,"May 6, 2026, 9:30 AM","504,520",5,5,5,5,0,"May 6, 2026, 5:02 PM"
pinnacle-Slc,"3,371,175",LOGOUT,"July 9, 2026, 1:30 PM","64,050",4,4,4,4,0,"July 9, 2026, 11:01 PM"
pinnacle-Slc,"3,372,205",LOGOUT,"July 9, 2026, 2:30 PM","221,070",5,5,5,5,0,"July 9, 2026, 10:59 PM"
pinnacle-Slc,"3,372,205",LOGOUT,"July 9, 2026, 2:30 PM","600,555",5,5,5,5,0,"July 10, 2026, 1:55 AM"
pinnacle-Slc,"3,080,267",LOGOUT,"May 8, 2026, 3:30 PM","82,985",4,4,4,4,0,"May 8, 2026, 11:17 PM"
pinnacle-Slc,"3,080,267",LOGOUT,"May 8, 2026, 3:30 PM","90,335",5,5,5,5,0,"May 10, 2026, 9:36 AM"
pinnacle-Slc,"3,212,326",LOGIN,"June 9, 2026, 10:30 AM","94,450",5,5,5,5,0,"June 9, 2026, 3:46 PM"
pinnacle-Slc,"3,198,166",LOGIN,"June 5, 2026, 9:00 AM","83,530",5,5,5,5,0,"June 5, 2026, 2:58 PM"
pinnacle-Slc,"3,235,571",LOGOUT,"June 12, 2026, 2:30 PM","174,885",5,5,5,5,0,"June 15, 2026, 6:59 AM"
pinnacle-Slc,"3,206,044",LOGIN,"June 8, 2026, 9:00 AM","104,995",5,5,5,5,0,"June 8, 2026, 1:21 PM"
pinnacle-Slc,"3,206,044",LOGIN,"June 8, 2026, 9:00 AM","134,265",5,5,5,5,0,"June 8, 2026, 3:26 PM"
pinnacle-Slc,"3,215,289",LOGOUT,"June 9, 2026, 2:30 AM","432,745",5,5,5,5,0,"June 9, 2026, 11:15 AM"
pinnacle-Slc,"3,218,546",LOGIN,"June 10, 2026, 9:30 AM","120,080",5,5,5,5,0,"June 11, 2026, 8:31 AM"
pinnacle-Slc,"3,232,426",LOGIN,"June 12, 2026, 9:00 AM","64,405",5,5,5,5,0,"June 12, 2026, 12:20 PM"
pinnacle-Slc,"3,232,426",LOGIN,"June 12, 2026, 9:00 AM","168,425",5,5,5,5,0,"June 12, 2026, 2:43 PM"
pinnacle-Slc,"3,219,462",LOGIN,"June 10, 2026, 6:00 PM","621,170",5,5,5,5,0,"June 11, 2026, 3:20 AM"
pinnacle-Slc,"3,250,298",LOGIN,"June 16, 2026, 8:30 AM","408,180",5,5,5,5,0,"June 16, 2026, 2:58 PM"
pinnacle-Slc,"3,288,838",LOGIN,"June 23, 2026, 6:00 PM","431,760",5,5,5,5,0,"June 24, 2026, 3:00 AM"
pinnacle-Slc,"3,253,690",LOGOUT,"June 16, 2026, 10:00 PM","543,960",5,5,5,5,5,"June 16, 2026, 10:30 PM"
pinnacle-Slc,"3,276,915",LOGOUT,"June 19, 2026, 2:30 PM","122,390",5,5,5,5,0,"June 22, 2026, 6:24 AM"
pinnacle-Slc,"3,260,832",LOGOUT,"June 17, 2026, 3:30 PM","408,050",5,5,5,5,0,"June 17, 2026, 7:51 PM"
pinnacle-Slc,"3,260,832",LOGOUT,"June 17, 2026, 3:30 PM","96,730",5,5,5,5,0,"June 17, 2026, 10:37 PM"
pinnacle-Slc,"3,273,033",LOGIN,"June 19, 2026, 9:00 AM","102,020",5,5,5,5,0,"June 19, 2026, 11:01 AM"
pinnacle-Slc,"3,273,033",LOGIN,"June 19, 2026, 9:00 AM","114,160",5,5,5,5,0,"June 21, 2026, 11:29 PM"
orbit-Slc,"1,220,894",LOGOUT,"May 8, 2026, 8:00 PM","31,755",5,5,5,5,0,"May 11, 2026, 4:20 PM"
orbit-Slc,"1,231,993",LOGIN,"May 18, 2026, 11:00 AM","202,150",5,5,5,5,0,"May 18, 2026, 11:08 AM"
orbit-Slc,"1,231,993",LOGIN,"May 18, 2026, 11:00 AM","196,200",5,5,5,5,0,"May 18, 2026, 4:52 PM"
orbit-Slc,"1,231,993",LOGIN,"May 18, 2026, 11:00 AM","267,215",4,4,4,4,0,"May 18, 2026, 7:11 PM"
orbit-Slc,"1,231,993",LOGIN,"May 18, 2026, 11:00 AM","247,670",5,5,5,5,0,"May 24, 2026, 9:24 PM"
pinnacle-Slc,"3,437,914",LOGOUT,"July 23, 2026, 3:30 PM","549,895",5,5,5,5,0,"July 23, 2026, 10:57 PM"
pinnacle-Slc,"3,443,480",LOGIN,"July 24, 2026, 8:30 AM","119,125",5,5,5,5,0,"July 24, 2026, 12:36 PM"
pinnacle-Slc,"3,475,823",LOGOUT,"July 30, 2026, 2:30 PM","254,875",5,5,5,5,0,"July 30, 2026, 9:30 PM"
pinnacle-Slc,"3,475,823",LOGOUT,"July 30, 2026, 2:30 PM","91,625",5,5,5,5,0,"July 31, 2026, 7:07 AM"
pinnacle-Slc,"3,152,125",LOGOUT,"May 25, 2026, 3:00 PM","4,730",5,5,5,5,0,"May 25, 2026, 4:41 PM"
pinnacle-Slc,"3,152,125",LOGOUT,"May 25, 2026, 3:00 PM","90,215",5,5,5,5,0,"May 26, 2026, 12:29 AM"
pinnacle-Slc,"3,152,125",LOGOUT,"May 25, 2026, 3:00 PM","415,100",5,5,5,5,0,"May 26, 2026, 8:24 AM"
pinnacle-Slc,"3,152,806",LOGOUT,"May 25, 2026, 2:30 PM","302,560",5,5,5,5,0,"May 25, 2026, 10:55 PM"
pinnacle-Slc,"3,465,763",LOGIN,"July 29, 2026, 8:30 AM","249,920",4,4,4,4,0,"July 29, 2026, 9:42 AM"
pinnacle-Slc,"3,478,771",LOGIN,"July 31, 2026, 6:00 PM","621,185",5,5,5,5,0,"August 1, 2026, 2:30 AM"
pinnacle-Slc,"3,178,321",LOGIN,"June 2, 2026, 8:30 AM","597,745",5,5,5,5,0,"June 2, 2026, 2:10 PM"
pinnacle-Slc,"3,178,321",LOGIN,"June 2, 2026, 8:30 AM","338,860",5,5,5,5,0,"June 2, 2026, 2:46 PM"
pinnacle-Slc,"3,185,534",LOGIN,"June 3, 2026, 9:30 AM","567,055",5,5,5,5,0,"June 3, 2026, 3:27 PM"
pinnacle-Slc,"3,185,083",LOGIN,"June 3, 2026, 8:30 AM","417,235",5,5,5,5,0,"June 3, 2026, 2:55 PM"
pinnacle-Slc,"3,185,083",LOGIN,"June 3, 2026, 8:30 AM","438,885",5,5,5,5,0,"June 3, 2026, 3:23 PM"
pinnacle-Slc,"3,185,083",LOGIN,"June 3, 2026, 8:30 AM","5,760",5,5,5,5,0,"June 3, 2026, 6:33 PM"
pinnacle-Slc,"3,466,675",LOGOUT,"July 29, 2026, 3:00 AM","298,995",5,5,5,5,5,"July 29, 2026, 3:32 AM"
pinnacle-Slc,"3,466,675",LOGOUT,"July 29, 2026, 3:00 AM","429,685",5,5,5,5,5,"July 29, 2026, 4:08 PM"
pinnacle-Slc,"3,169,052",LOGIN,"May 29, 2026, 6:30 AM","54,525",5,5,5,5,0,"May 29, 2026, 12:40 PM"
pinnacle-Slc,"3,476,067",LOGOUT,"July 30, 2026, 3:00 PM","331,930",5,5,5,5,0,"July 30, 2026, 9:36 PM"
pinnacle-Slc,"3,476,067",LOGOUT,"July 30, 2026, 3:00 PM","82,495",5,5,5,5,0,"July 31, 2026, 1:45 AM"
pinnacle-Slc,"3,478,492",LOGIN,"July 31, 2026, 8:30 AM","277,150",5,5,5,5,0,"July 31, 2026, 2:38 PM"
pinnacle-Slc,"3,478,492",LOGIN,"July 31, 2026, 8:30 AM","498,745",5,5,5,5,0,"July 31, 2026, 3:18 PM"
pinnacle-Slc,"3,325,991",LOGOUT,"June 30, 2026, 2:30 PM","14,130",5,5,5,5,0,"June 30, 2026, 3:08 PM"
pinnacle-Slc,"3,325,991",LOGOUT,"June 30, 2026, 2:30 PM","126,010",5,5,5,5,0,"June 30, 2026, 3:08 PM"
pinnacle-Slc,"3,304,401",LOGOUT,"June 25, 2026, 3:30 PM","493,975",5,5,5,5,0,"June 26, 2026, 6:58 AM"
pinnacle-Slc,"3,304,401",LOGOUT,"June 25, 2026, 3:30 PM","575,965",5,5,5,5,0,"June 28, 2026, 3:37 PM"
pinnacle-Slc,"3,276,670",LOGOUT,"June 19, 2026, 3:30 PM","590,155",5,5,5,5,0,"June 21, 2026, 6:28 AM"
pinnacle-Slc,"3,307,981",LOGIN,"June 26, 2026, 6:30 AM","96,880",5,5,5,5,5,"June 26, 2026, 2:30 PM"
pinnacle-Slc,"3,312,815",LOGOUT,"June 27, 2026, 4:00 AM","441,860",5,5,5,5,5,"June 27, 2026, 5:10 AM"
pinnacle-Slc,"3,312,815",LOGOUT,"June 27, 2026, 4:00 AM","422,695",5,5,5,5,5,"June 29, 2026, 2:34 PM"
pinnacle-Slc,"3,376,546",LOGIN,"July 10, 2026, 6:00 PM","620,995",5,5,5,5,0,"July 11, 2026, 12:26 AM"
pinnacle-Slc,"3,364,256",LOGIN,"July 8, 2026, 7:30 AM","497,590",5,5,5,5,0,"July 8, 2026, 2:09 PM"
pinnacle-Slc,"3,364,256",LOGIN,"July 8, 2026, 7:30 AM","487,525",5,5,5,5,0,"July 8, 2026, 5:13 PM"
pinnacle-Slc,"3,370,500",LOGIN,"July 9, 2026, 7:30 AM","670,180",5,5,5,5,0,"July 9, 2026, 12:52 PM"
pinnacle-Slc,"3,370,500",LOGIN,"July 9, 2026, 7:30 AM","85,130",5,5,5,5,0,"July 9, 2026, 2:38 PM"
pinnacle-Slc,"3,086,776",LOGOUT,"May 11, 2026, 4:30 PM","417,410",5,5,5,5,0,"May 11, 2026, 5:19 PM"
pinnacle-Slc,"3,086,776",LOGOUT,"May 11, 2026, 4:30 PM","11,340",5,5,5,5,0,"May 12, 2026, 7:40 AM"
pinnacle-Slc,"3,078,437",LOGIN,"May 8, 2026, 10:30 AM","100,850",5,5,5,5,0,"May 8, 2026, 12:02 PM"
pinnacle-Slc,"3,078,437",LOGIN,"May 8, 2026, 10:30 AM","124,400",5,5,5,5,0,"May 8, 2026, 4:07 PM"
pinnacle-Slc,"3,090,635",LOGIN,"May 12, 2026, 9:00 AM","166,290",5,5,5,5,0,"May 12, 2026, 2:44 PM"
pinnacle-Slc,"3,090,635",LOGIN,"May 12, 2026, 9:00 AM","104,645",5,5,5,5,0,"May 12, 2026, 3:07 PM"
pinnacle-Slc,"3,094,230",LOGOUT,"May 11, 2026, 7:30 PM","98,420",5,5,5,5,0,"May 11, 2026, 8:27 PM"
pinnacle-Slc,"3,096,287",LOGIN,"May 13, 2026, 8:30 AM","14,230",5,5,5,5,0,"May 13, 2026, 4:34 PM"
pinnacle-Slc,"3,079,183",LOGIN,"May 8, 2026, 3:00 PM","442,560",5,5,5,5,0,"May 8, 2026, 7:56 PM"
vanta-Sea,"5,078,366",LOGIN,"July 24, 2026, 11:00 AM","512,010",5,5,5,5,0,"July 24, 2026, 10:47 AM"
pinnacle-Slc,"3,392,040",LOGOUT,"July 14, 2026, 1:30 PM","96,205",5,5,5,5,0,"July 15, 2026, 12:03 AM"
pinnacle-Slc,"3,392,040",LOGOUT,"July 14, 2026, 1:30 PM","82,225",4,4,4,4,0,"July 15, 2026, 4:48 AM"
pinnacle-Slc,"3,392,040",LOGOUT,"July 14, 2026, 1:30 PM","85,095",5,5,5,5,0,"July 15, 2026, 6:18 AM"
pinnacle-Slc,"3,096,511",LOGIN,"May 13, 2026, 9:00 AM","343,820",5,5,5,5,0,"May 13, 2026, 2:31 PM"
pinnacle-Slc,"3,096,511",LOGIN,"May 13, 2026, 9:00 AM","413,505",5,5,5,5,0,"May 13, 2026, 3:05 PM"
pinnacle-Slc,"3,096,511",LOGIN,"May 13, 2026, 9:00 AM","569,365",5,5,5,5,0,"May 13, 2026, 3:55 PM"
pinnacle-Slc,"3,409,488",LOGIN,"July 17, 2026, 8:30 AM","54,505",5,5,5,5,0,"July 17, 2026, 2:04 PM"
orbit-Slc,"1,262,397",LOGOUT,"June 4, 2026, 10:00 PM","276,925",5,5,5,5,5,"June 4, 2026, 11:44 PM"
orbit-Slc,"1,262,397",LOGOUT,"June 4, 2026, 10:00 PM","105,295",5,5,5,5,5,"June 4, 2026, 11:50 PM"
orbit-Slc,"1,262,397",LOGOUT,"June 4, 2026, 10:00 PM","14,255",5,5,5,5,5,"June 5, 2026, 9:22 AM"
orbit-Slc,"1,264,052",LOGOUT,"June 5, 2026, 3:30 PM","28,430",5,5,5,5,0,"June 5, 2026, 4:51 PM"
orbit-Slc,"1,264,052",LOGOUT,"June 5, 2026, 3:30 PM","70,660",5,5,5,5,0,"June 5, 2026, 10:11 PM"
catalyst-Sac,"1,446,846",LOGOUT,"May 6, 2026, 10:30 PM","556,745",5,5,5,5,5,"May 6, 2026, 11:28 PM"
catalyst-Sac,"1,468,599",LOGOUT,"May 25, 2026, 8:00 PM","248,030",5,5,5,5,5,"May 25, 2026, 8:43 PM"
orbit-Slc,"1,269,989",LOGOUT,"June 9, 2026, 8:00 PM","43,035",5,5,5,5,5,"June 10, 2026, 6:15 PM"
catalyst-Sac,"1,487,233",LOGOUT,"June 9, 2026, 8:30 PM","23,510",5,5,5,5,5,"June 9, 2026, 9:36 PM"
catalyst-Sac,"1,544,737",LOGOUT,"July 21, 2026, 7:00 PM","80,695",5,5,5,5,5,"July 21, 2026, 8:56 PM"
orbit-Slc,"1,285,910",LOGIN,"June 18, 2026, 1:00 PM","56,375",5,5,5,5,0,"June 18, 2026, 4:54 PM"
orbit-Slc,"1,285,910",LOGIN,"June 18, 2026, 1:00 PM","69,080",5,5,5,5,0,"June 18, 2026, 9:30 PM"
orbit-Slc,"1,285,910",LOGIN,"June 18, 2026, 1:00 PM","50,155",5,5,5,5,0,"June 18, 2026, 9:48 PM"
orbit-Slc,"1,285,910",LOGIN,"June 18, 2026, 1:00 PM","67,130",5,5,5,5,0,"June 18, 2026, 10:02 PM"
orbit-Slc,"1,296,707",LOGIN,"June 24, 2026, 11:00 AM","38,975",5,5,5,5,0,"June 24, 2026, 3:39 PM"
orbit-Slc,"1,296,707",LOGIN,"June 24, 2026, 11:00 AM","144,090",5,5,5,5,0,"June 25, 2026, 7:32 AM"
orbit-Slc,"1,306,096",LOGOUT,"June 29, 2026, 10:00 PM","105,600",5,5,5,5,0,"June 30, 2026, 9:31 AM"
orbit-Slc,"1,306,096",LOGOUT,"June 29, 2026, 10:00 PM","42,240",5,5,5,5,0,"June 30, 2026, 9:40 AM"
orbit-Slc,"1,306,096",LOGOUT,"June 29, 2026, 10:00 PM","152,505",5,5,5,5,0,"June 30, 2026, 12:51 PM"
orbit-Slc,"1,319,445",LOGIN,"July 7, 2026, 6:30 AM","12,635",5,5,5,5,5,"July 7, 2026, 3:20 PM"
orbit-Slc,"1,319,445",LOGIN,"July 7, 2026, 6:30 AM","80,075",5,5,5,5,5,"July 7, 2026, 3:42 PM"
orbit-Slc,"1,319,920",LOGIN,"July 7, 2026, 11:00 AM","32,925",5,5,5,5,0,"July 7, 2026, 7:55 PM"
orbit-Slc,"1,340,704",LOGOUT,"July 17, 2026, 10:00 PM","192,080",5,5,5,5,0,"July 18, 2026, 12:58 PM"
orbit-Slc,"1,340,704",LOGOUT,"July 17, 2026, 10:00 PM","295,005",5,5,5,5,0,"July 19, 2026, 10:41 AM"
orbit-Slc,"1,340,704",LOGOUT,"July 17, 2026, 10:00 PM","180,400",4,4,4,4,0,"July 20, 2026, 10:50 AM"
pinnacle-Slc,"3,335,066",LOGIN,"July 2, 2026, 9:00 AM","85,800",5,5,5,5,0,"July 2, 2026, 2:50 PM"
pinnacle-Slc,"3,118,381",LOGOUT,"May 18, 2026, 5:30 PM","284,910",5,5,5,5,0,"May 18, 2026, 10:47 PM"
pinnacle-Slc,"3,105,097",LOGOUT,"May 14, 2026, 8:00 PM","408,190",5,5,5,5,0,"May 15, 2026, 9:01 AM"
pinnacle-Slc,"3,129,498",LOGIN,"May 20, 2026, 9:00 AM","107,245",5,5,5,5,0,"May 20, 2026, 2:53 PM"
pinnacle-Slc,"3,133,259",LOGOUT,"May 20, 2026, 3:30 PM","646,305",5,5,5,5,0,"May 21, 2026, 6:43 AM"
pinnacle-Slc,"3,133,259",LOGOUT,"May 20, 2026, 3:30 PM","148,165",5,5,5,5,0,"May 21, 2026, 8:38 AM"
pinnacle-Slc,"3,133,259",LOGOUT,"May 20, 2026, 3:30 PM","89,625",4,4,4,4,0,"May 27, 2026, 7:32 AM"
pinnacle-Slc,"3,130,647",LOGIN,"May 20, 2026, 1:30 PM","666,870",5,5,5,5,0,"May 20, 2026, 2:04 PM"
pinnacle-Slc,"3,434,853",LOGIN,"July 23, 2026, 10:35 AM","130,995",5,5,5,5,0,"July 23, 2026, 11:56 AM"
pinnacle-Slc,"3,426,369",LOGOUT,"July 21, 2026, 1:30 PM","93,620",5,5,5,5,0,"July 21, 2026, 5:15 PM"
pinnacle-Slc,"3,426,369",LOGOUT,"July 21, 2026, 1:30 PM","302,735",5,5,5,5,0,"July 21, 2026, 6:32 PM"
pinnacle-Slc,"3,426,369",LOGOUT,"July 21, 2026, 1:30 PM","85,500",5,5,5,5,0,"July 21, 2026, 9:35 PM"
pinnacle-Slc,"3,429,393",LOGIN,"July 22, 2026, 7:30 AM","444,305",5,5,5,5,0,"July 22, 2026, 3:24 PM"
orbit-Slc,"1,234,913",LOGIN,"May 19, 2026, 6:30 AM","196,715",5,5,5,5,5,"May 19, 2026, 6:22 AM"
orbit-Slc,"1,234,913",LOGIN,"May 19, 2026, 6:30 AM","122,570",5,5,5,5,5,"May 19, 2026, 2:22 PM"
pinnacle-Slc,"3,436,846",LOGIN,"July 23, 2026, 5:30 PM","286,225",5,5,5,5,0,"July 24, 2026, 2:08 AM"
orbit-Slc,"1,224,792",LOGIN,"May 12, 2026, 11:00 AM","9,320",5,5,5,5,0,"May 12, 2026, 1:35 PM"
orbit-Slc,"1,224,792",LOGIN,"May 12, 2026, 11:00 AM","6,495",5,5,5,5,0,"May 12, 2026, 8:05 PM"
orbit-Slc,"1,248,486",LOGOUT,"May 26, 2026, 10:00 PM","269,425",5,5,5,5,5,"May 26, 2026, 11:14 PM"
orbit-Slc,"1,248,486",LOGOUT,"May 26, 2026, 10:00 PM","101,750",5,5,5,5,5,"May 27, 2026, 9:22 AM"
pinnacle-Slc,"3,450,423",LOGIN,"July 27, 2026, 9:30 AM","198,145",5,5,5,5,0,"July 28, 2026, 12:30 AM"
orbit-Slc,"1,364,131",LOGIN,"July 30, 2026, 6:30 PM","97,840",5,5,5,5,0,"July 31, 2026, 3:09 AM"
pinnacle-Slc,"3,325,991",LOGOUT,"June 30, 2026, 2:30 PM","49,345",5,5,5,5,0,"July 1, 2026, 5:50 AM"
pinnacle-Slc,"3,342,228",LOGIN,"July 3, 2026, 8:30 AM","92,285",5,5,5,5,0,"July 3, 2026, 2:46 PM"
orbit-Slc,"1,307,201",LOGIN,"June 30, 2026, 1:00 PM","59,295",5,5,5,5,0,"June 30, 2026, 12:40 PM"
orbit-Slc,"1,307,201",LOGIN,"June 30, 2026, 1:00 PM","109,870",5,5,5,5,0,"June 30, 2026, 12:48 PM"
orbit-Slc,"1,307,201",LOGIN,"June 30, 2026, 1:00 PM","64,225",5,5,5,5,0,"June 30, 2026, 12:51 PM"
orbit-Slc,"1,307,201",LOGIN,"June 30, 2026, 1:00 PM","97,865",5,5,5,5,0,"June 30, 2026, 2:01 PM"
orbit-Slc,"1,307,201",LOGIN,"June 30, 2026, 1:00 PM","93,345",5,5,5,5,0,"June 30, 2026, 9:26 PM"
orbit-Slc,"1,307,201",LOGIN,"June 30, 2026, 1:00 PM","213,230",5,5,5,5,0,"June 30, 2026, 9:56 PM"
pinnacle-Slc,"3,072,286",LOGIN,"May 7, 2026, 9:00 AM","153,795",5,5,5,5,0,"May 7, 2026, 2:54 PM"
pinnacle-Slc,"3,072,286",LOGIN,"May 7, 2026, 9:00 AM","471,520",5,5,5,5,0,"May 7, 2026, 3:12 PM"
pinnacle-Slc,"3,072,286",LOGIN,"May 7, 2026, 9:00 AM","99,115",5,5,5,5,0,"May 7, 2026, 4:49 PM"
pinnacle-Slc,"3,357,110",LOGIN,"July 7, 2026, 6:30 PM","100,420",5,5,5,5,0,"July 8, 2026, 3:38 AM"
pinnacle-Slc,"3,352,370",LOGOUT,"July 6, 2026, 2:30 PM","82,685",5,5,5,5,0,"July 6, 2026, 10:40 PM"
pinnacle-Slc,"3,352,370",LOGOUT,"July 6, 2026, 2:30 PM","174,520",5,5,5,5,0,"July 6, 2026, 11:57 PM"
vanta-Sea,"5,023,842",LOGOUT,"July 7, 2026, 11:16 PM","442,335",5,5,5,5,0,"July 7, 2026, 11:34 PM"
pinnacle-Slc,"3,078,697",LOGIN,"May 8, 2026, 5:30 AM","578,605",5,5,5,5,5,"May 9, 2026, 4:05 AM"
pinnacle-Slc,"3,385,053",LOGOUT,"July 13, 2026, 4:30 PM","151,930",5,5,5,5,0,"July 13, 2026, 8:08 PM"
pinnacle-Slc,"3,385,053",LOGOUT,"July 13, 2026, 4:30 PM","120,375",5,5,5,5,0,"July 14, 2026, 8:42 AM"
pinnacle-Slc,"3,068,896",LOGOUT,"May 6, 2026, 3:30 PM","221,065",5,5,5,5,0,"May 6, 2026, 9:45 PM"
pinnacle-Slc,"3,068,896",LOGOUT,"May 6, 2026, 3:30 PM","133,435",5,5,5,5,0,"May 7, 2026, 1:53 AM"
pinnacle-Slc,"3,195,539",LOGOUT,"June 4, 2026, 2:30 PM","532,740",5,5,5,5,0,"June 4, 2026, 5:12 PM"
pinnacle-Slc,"3,211,643",LOGIN,"June 9, 2026, 8:30 AM","117,925",5,5,5,5,0,"June 9, 2026, 12:50 PM"
pinnacle-Slc,"3,211,643",LOGIN,"June 9, 2026, 8:30 AM","269,230",5,5,5,5,0,"June 9, 2026, 2:00 PM"
pinnacle-Slc,"3,213,469",LOGIN,"June 9, 2026, 8:30 AM","520,860",5,5,5,5,0,"June 9, 2026, 5:33 PM"
pinnacle-Slc,"3,202,330",LOGOUT,"June 5, 2026, 3:30 PM","2,070",5,5,5,5,0,"June 7, 2026, 6:29 AM"
pinnacle-Slc,"3,202,330",LOGOUT,"June 5, 2026, 3:30 PM","661,060",5,5,5,5,0,"June 7, 2026, 11:24 PM"
vanta-Sea,"4,927,469",LOGIN,"June 9, 2026, 2:00 PM","329,460",5,5,5,5,0,"June 9, 2026, 2:34 PM"
pinnacle-Slc,"3,201,562",LOGOUT,"June 5, 2026, 4:30 AM","424,605",5,5,5,5,5,"June 5, 2026, 4:27 PM"
pinnacle-Slc,"3,201,800",LOGOUT,"June 5, 2026, 2:30 PM","11,560",5,5,5,5,0,"June 7, 2026, 7:04 PM"
pinnacle-Slc,"3,201,800",LOGOUT,"June 5, 2026, 2:30 PM","125,755",5,5,5,5,0,"June 7, 2026, 10:07 PM"
pinnacle-Slc,"3,215,851",LOGOUT,"June 9, 2026, 4:30 PM","61,520",5,5,5,5,0,"June 9, 2026, 11:26 PM"
pinnacle-Slc,"3,221,090",LOGOUT,"June 10, 2026, 3:00 AM","426,285",5,5,5,5,5,"June 12, 2026, 2:14 PM"
pinnacle-Slc,"3,240,446",LOGOUT,"June 12, 2026, 4:00 PM","578,440",5,5,5,5,0,"June 15, 2026, 7:05 AM"
pinnacle-Slc,"3,296,102",LOGOUT,"June 24, 2026, 2:30 PM","143,005",5,5,5,5,0,"June 25, 2026, 2:42 PM"
pinnacle-Slc,"3,246,293",LOGOUT,"June 15, 2026, 3:00 PM","423,200",5,5,5,5,0,"June 16, 2026, 12:34 AM"
pinnacle-Slc,"3,246,293",LOGOUT,"June 15, 2026, 3:00 PM","165,125",5,5,5,5,0,"June 16, 2026, 12:51 AM"
pinnacle-Slc,"3,282,487",LOGOUT,"June 22, 2026, 2:30 PM","603,035",5,5,5,5,0,"June 22, 2026, 9:21 PM"
pinnacle-Slc,"3,282,487",LOGOUT,"June 22, 2026, 2:30 PM","64,040",5,5,5,5,0,"June 26, 2026, 12:03 AM"
pinnacle-Slc,"3,293,831",LOGIN,"June 24, 2026, 7:30 AM","24,150",4,4,4,4,0,"June 24, 2026, 5:21 PM"
pinnacle-Slc,"3,252,970",LOGOUT,"June 16, 2026, 3:00 PM","450,730",4,4,4,4,0,"June 16, 2026, 11:49 PM"
pinnacle-Slc,"3,276,152",LOGOUT,"June 19, 2026, 3:00 PM","125,690",5,5,5,5,0,"June 19, 2026, 3:26 PM"
pinnacle-Slc,"3,276,152",LOGOUT,"June 19, 2026, 3:00 PM","150,510",5,5,5,5,0,"June 22, 2026, 1:49 AM"
pinnacle-Slc,"3,276,152",LOGOUT,"June 19, 2026, 3:00 PM","569,860",5,5,5,5,0,"June 22, 2026, 7:57 AM"
pinnacle-Slc,"3,300,771",LOGIN,"June 25, 2026, 7:30 AM","94,525",5,5,5,5,0,"June 25, 2026, 1:16 PM"
orbit-Slc,"1,240,248",LOGIN,"May 21, 2026, 11:00 AM","114,335",5,5,5,5,0,"May 21, 2026, 11:34 AM"
orbit-Slc,"1,240,248",LOGIN,"May 21, 2026, 11:00 AM","97,555",5,5,5,5,0,"May 21, 2026, 2:55 PM"
pinnacle-Slc,"3,144,975",LOGOUT,"May 23, 2026, 4:30 AM","426,235",5,5,5,5,5,"May 23, 2026, 5:13 AM"
pinnacle-Slc,"3,145,984",LOGOUT,"May 22, 2026, 3:30 PM","95,505",5,5,5,5,0,"May 25, 2026, 7:30 AM"
pinnacle-Slc,"3,454,276",LOGOUT,"July 27, 2026, 4:30 PM","130,465",5,5,5,5,0,"July 27, 2026, 9:03 PM"
pinnacle-Slc,"3,454,276",LOGOUT,"July 27, 2026, 4:30 PM","412,285",5,5,5,5,0,"July 27, 2026, 10:53 PM"
pinnacle-Slc,"3,454,276",LOGOUT,"July 27, 2026, 4:30 PM","101,925",5,5,5,5,0,"July 28, 2026, 3:01 AM"
pinnacle-Slc,"3,156,387",LOGOUT,"May 26, 2026, 4:30 PM","83,080",5,5,5,5,0,"May 26, 2026, 10:50 PM"
pinnacle-Slc,"3,156,387",LOGOUT,"May 26, 2026, 4:30 PM","83,240",5,5,5,5,0,"May 27, 2026, 1:12 AM"
pinnacle-Slc,"3,178,536",LOGIN,"June 2, 2026, 9:00 AM","231,450",5,5,5,5,0,"June 2, 2026, 1:43 PM"
pinnacle-Slc,"3,178,536",LOGIN,"June 2, 2026, 9:00 AM","372,685",5,5,5,5,0,"June 2, 2026, 2:16 PM"
pinnacle-Slc,"3,178,536",LOGIN,"June 2, 2026, 9:00 AM","173,200",5,5,5,5,0,"June 2, 2026, 2:51 PM"
pinnacle-Slc,"3,472,524",LOGOUT,"July 30, 2026, 3:00 PM","346,285",4,4,4,4,0,"July 31, 2026, 12:57 AM"
pinnacle-Slc,"3,170,313",LOGOUT,"May 29, 2026, 3:00 PM","167,785",5,5,5,5,0,"June 1, 2026, 12:20 AM"
pinnacle-Slc,"3,170,313",LOGOUT,"May 29, 2026, 3:00 PM","609,020",5,5,5,5,0,"June 2, 2026, 8:10 AM"
pinnacle-Slc,"3,183,043",LOGOUT,"June 2, 2026, 3:30 PM","9,865",5,5,5,5,0,"June 3, 2026, 8:37 AM"
pinnacle-Slc,"3,183,043",LOGOUT,"June 2, 2026, 3:30 PM","124,200",5,5,5,5,0,"June 3, 2026, 3:12 PM"
pinnacle-Slc,"3,155,671",LOGIN,"May 26, 2026, 9:00 AM","90,215",5,5,5,5,0,"May 26, 2026, 1:46 PM"
pinnacle-Slc,"3,155,671",LOGIN,"May 26, 2026, 9:00 AM","88,090",5,5,5,5,0,"May 26, 2026, 3:19 PM"
pinnacle-Slc,"3,155,671",LOGIN,"May 26, 2026, 9:00 AM","4,730",4,4,4,4,0,"May 26, 2026, 3:20 PM"
pinnacle-Slc,"3,161,470",LOGIN,"May 27, 2026, 8:30 AM","520,855",5,5,5,5,0,"May 27, 2026, 2:34 PM"
pinnacle-Slc,"3,459,727",LOGOUT,"July 28, 2026, 2:00 AM","317,605",5,5,5,5,5,"July 28, 2026, 3:48 PM"
pinnacle-Slc,"3,476,558",LOGOUT,"July 30, 2026, 5:30 PM","61,520",5,5,5,5,0,"July 30, 2026, 10:11 PM"
pinnacle-Slc,"3,472,285",LOGIN,"July 30, 2026, 7:30 AM","219,895",5,5,5,5,0,"July 30, 2026, 11:49 AM"
pinnacle-Slc,"3,472,285",LOGIN,"July 30, 2026, 7:30 AM","211,645",5,5,5,5,0,"July 30, 2026, 1:13 PM"
pinnacle-Slc,"3,482,304",LOGOUT,"July 31, 2026, 3:30 PM","82,225",4,4,4,4,0,"July 31, 2026, 6:40 PM"
vanta-Sea,"4,907,477",LOGOUT,"June 2, 2026, 9:51 PM","487,535",5,5,5,5,0,"June 2, 2026, 10:58 PM"
pinnacle-Slc,"3,194,305",LOGOUT,"June 4, 2026, 4:00 PM","84,145",5,5,5,5,0,"June 7, 2026, 6:10 PM"
pinnacle-Slc,"3,463,926",LOGIN,"July 29, 2026, 8:30 AM","703,260",5,5,5,5,0,"July 29, 2026, 10:56 AM"
pinnacle-Slc,"3,463,926",LOGIN,"July 29, 2026, 8:30 AM","12,635",5,5,5,5,0,"July 29, 2026, 1:10 PM"
pinnacle-Slc,"3,472,993",LOGOUT,"July 30, 2026, 10:00 PM","445,700",5,5,5,5,0,"July 31, 2026, 1:05 AM"
pinnacle-Slc,"3,181,165",LOGOUT,"June 2, 2026, 3:00 PM","149,280",5,5,5,5,0,"June 2, 2026, 7:32 PM"
pinnacle-Slc,"3,181,165",LOGOUT,"June 2, 2026, 3:00 PM","421,525",5,5,5,5,0,"June 2, 2026, 11:23 PM"
pinnacle-Slc,"3,181,165",LOGOUT,"June 2, 2026, 3:00 PM","155,580",5,5,5,5,0,"June 2, 2026, 11:24 PM"
pinnacle-Slc,"3,267,801",LOGOUT,"June 18, 2026, 10:30 PM","435,430",5,5,5,5,0,"June 19, 2026, 10:35 AM"
pinnacle-Slc,"3,247,833",LOGIN,"June 16, 2026, 7:30 AM","99,470",5,5,5,5,0,"June 16, 2026, 1:16 PM"
pinnacle-Slc,"3,257,211",LOGIN,"June 17, 2026, 2:00 PM","416,575",5,5,5,5,0,"June 17, 2026, 9:41 PM"
pinnacle-Slc,"3,322,074",LOGIN,"June 30, 2026, 7:30 AM","40,445",5,5,5,5,0,"June 30, 2026, 12:30 PM"
pinnacle-Slc,"3,322,074",LOGIN,"June 30, 2026, 7:30 AM","176,980",5,5,5,5,0,"June 30, 2026, 12:38 PM"
pinnacle-Slc,"3,322,744",LOGOUT,"June 30, 2026, 4:30 PM","153,430",5,5,5,5,0,"June 30, 2026, 8:24 PM"
pinnacle-Slc,"3,068,434",LOGOUT,"May 6, 2026, 3:00 AM","429,670",5,5,5,5,0,"May 6, 2026, 1:41 PM"
pinnacle-Slc,"3,363,538",LOGIN,"July 8, 2026, 9:00 AM","88,585",5,5,5,5,0,"July 8, 2026, 1:32 PM"
pinnacle-Slc,"3,363,538",LOGIN,"July 8, 2026, 9:00 AM","107,460",5,5,5,5,0,"July 8, 2026, 3:01 PM"
pinnacle-Slc,"3,368,420",LOGIN,"July 9, 2026, 8:30 AM","125,360",4,4,4,4,0,"July 9, 2026, 10:51 AM"
pinnacle-Slc,"3,368,420",LOGIN,"July 9, 2026, 8:30 AM","616,015",5,5,5,5,0,"July 9, 2026, 2:17 PM"
pinnacle-Slc,"3,368,420",LOGIN,"July 9, 2026, 8:30 AM","689,160",5,5,5,5,0,"July 9, 2026, 2:27 PM"
pinnacle-Slc,"3,102,388",LOGIN,"May 14, 2026, 8:30 AM","221,215",5,5,5,5,0,"May 14, 2026, 4:20 PM"
orbit-Slc,"1,210,451",LOGIN,"May 4, 2026, 1:00 PM","28,380",5,5,5,5,0,"May 4, 2026, 12:21 PM"
orbit-Slc,"1,210,451",LOGIN,"May 4, 2026, 1:00 PM","122,450",4,4,4,4,0,"May 4, 2026, 12:28 PM"
orbit-Slc,"1,210,451",LOGIN,"May 4, 2026, 1:00 PM","44,635",5,5,5,5,0,"May 4, 2026, 12:31 PM"
orbit-Slc,"1,210,451",LOGIN,"May 4, 2026, 1:00 PM","195,720",5,5,5,5,0,"May 7, 2026, 10:06 AM"
pinnacle-Slc,"3,081,037",LOGIN,"May 8, 2026, 8:30 AM","229,630",5,5,5,5,0,"May 8, 2026, 12:40 PM"
pinnacle-Slc,"3,081,037",LOGIN,"May 8, 2026, 8:30 AM","616,180",5,5,5,5,0,"May 8, 2026, 1:58 PM"
pinnacle-Slc,"3,081,037",LOGIN,"May 8, 2026, 8:30 AM","417,970",5,5,5,5,0,"May 9, 2026, 7:17 PM"
pinnacle-Slc,"3,093,278",LOGOUT,"May 12, 2026, 6:30 PM","367,900",5,5,5,5,0,"May 13, 2026, 9:40 AM"
pinnacle-Slc,"3,098,491",LOGIN,"May 13, 2026, 7:30 PM","334,475",4,4,4,4,4,"May 14, 2026, 4:39 AM"
pinnacle-Slc,"3,078,932",LOGIN,"May 8, 2026, 9:00 AM","90,755",5,5,5,5,0,"May 8, 2026, 1:32 PM"
pinnacle-Slc,"3,078,932",LOGIN,"May 8, 2026, 9:00 AM","655,065",5,5,5,5,0,"May 8, 2026, 2:34 PM"
pinnacle-Slc,"3,383,558",LOGIN,"July 13, 2026, 11:30 AM","84,030",5,5,5,5,0,"July 13, 2026, 11:48 AM"
pinnacle-Slc,"3,389,469",LOGIN,"July 14, 2026, 9:00 AM","12,550",5,5,5,5,0,"July 14, 2026, 1:48 PM"
pinnacle-Slc,"3,389,469",LOGIN,"July 14, 2026, 9:00 AM","113,690",5,5,5,5,0,"July 14, 2026, 3:07 PM"
pinnacle-Slc,"3,091,493",LOGIN,"May 12, 2026, 8:30 AM","308,670",5,5,5,5,0,"May 12, 2026, 1:41 PM"
pinnacle-Slc,"3,097,539",LOGIN,"May 13, 2026, 9:00 AM","456,010",5,5,5,5,0,"May 13, 2026, 2:05 PM"
pinnacle-Slc,"3,097,539",LOGIN,"May 13, 2026, 9:00 AM","113,215",5,5,5,5,0,"May 13, 2026, 2:36 PM"
pinnacle-Slc,"3,097,539",LOGIN,"May 13, 2026, 9:00 AM","101,635",5,5,5,5,0,"May 13, 2026, 3:02 PM"
pinnacle-Slc,"3,410,802",LOGIN,"July 17, 2026, 9:00 AM","209,340",5,5,5,5,0,"July 17, 2026, 1:31 PM"
orbit-Slc,"1,261,087",LOGIN,"June 4, 2026, 1:00 PM","105,465",5,5,5,5,0,"June 4, 2026, 1:31 PM"
orbit-Slc,"1,261,087",LOGIN,"June 4, 2026, 1:00 PM","232,505",5,5,5,5,0,"June 4, 2026, 5:30 PM"
orbit-Slc,"1,261,087",LOGIN,"June 4, 2026, 1:00 PM","59,230",5,5,5,5,0,"June 4, 2026, 5:31 PM"
orbit-Slc,"1,261,087",LOGIN,"June 4, 2026, 1:00 PM","203,145",4,4,4,4,0,"June 4, 2026, 9:42 PM"
orbit-Slc,"1,261,087",LOGIN,"June 4, 2026, 1:00 PM","30,145",5,5,5,5,0,"June 4, 2026, 10:06 PM"
orbit-Slc,"1,263,442",LOGIN,"June 5, 2026, 11:00 AM","192,135",5,5,5,5,0,"June 5, 2026, 11:37 AM"
orbit-Slc,"1,263,442",LOGIN,"June 5, 2026, 11:00 AM","180,630",5,5,5,5,0,"June 5, 2026, 7:38 PM"
orbit-Slc,"1,263,442",LOGIN,"June 5, 2026, 11:00 AM","2,970",5,5,5,5,0,"June 5, 2026, 9:40 PM"
orbit-Slc,"1,263,442",LOGIN,"June 5, 2026, 11:00 AM","106,780",5,5,5,5,0,"June 8, 2026, 1:24 AM"
orbit-Slc,"1,267,743",LOGOUT,"June 8, 2026, 10:00 PM","53,915",5,5,5,5,0,"June 9, 2026, 8:01 AM"
orbit-Slc,"1,267,743",LOGOUT,"June 8, 2026, 10:00 PM","32,280",5,5,5,5,0,"June 9, 2026, 9:56 AM"
orbit-Slc,"1,267,743",LOGOUT,"June 8, 2026, 10:00 PM","36,425",5,5,5,5,0,"June 9, 2026, 2:39 PM"
orbit-Slc,"1,267,743",LOGOUT,"June 8, 2026, 10:00 PM","35,715",5,5,5,5,0,"June 10, 2026, 9:38 AM"
catalyst-Sac,"1,453,506",LOGOUT,"May 12, 2026, 10:30 PM","591,720",5,5,5,5,5,"May 13, 2026, 3:43 AM"
catalyst-Sac,"1,496,847",LOGOUT,"June 16, 2026, 9:30 PM","341,295",5,5,5,5,5,"June 16, 2026, 10:51 PM"
catalyst-Sac,"1,497,515",LOGOUT,"June 17, 2026, 2:30 AM","696,810",5,5,5,5,0,"June 17, 2026, 4:21 AM"
catalyst-Sac,"1,497,515",LOGOUT,"June 17, 2026, 2:30 AM","255,850",5,5,5,5,0,"June 17, 2026, 4:47 AM"
orbit-Slc,"1,318,490",LOGOUT,"July 6, 2026, 3:30 PM","109,780",5,5,5,5,0,"July 7, 2026, 8:29 AM"
orbit-Slc,"1,324,633",LOGIN,"July 9, 2026, 6:30 AM","213,530",5,5,5,5,0,"July 9, 2026, 3:08 PM"
orbit-Slc,"1,324,633",LOGIN,"July 9, 2026, 6:30 AM","124,260",5,5,5,5,0,"July 9, 2026, 3:14 PM"
orbit-Slc,"1,324,387",LOGOUT,"July 9, 2026, 12:00 AM","75,110",5,5,5,5,0,"July 9, 2026, 11:39 AM"
orbit-Slc,"1,347,834",LOGIN,"July 22, 2026, 1:00 PM","109,870",5,5,5,5,0,"July 22, 2026, 12:42 PM"
orbit-Slc,"1,347,834",LOGIN,"July 22, 2026, 1:00 PM","59,295",5,5,5,5,0,"July 22, 2026, 12:44 PM"
orbit-Slc,"1,347,834",LOGIN,"July 22, 2026, 1:00 PM","74,595",5,5,5,5,0,"July 22, 2026, 4:57 PM"
pinnacle-Slc,"3,422,642",LOGIN,"July 21, 2026, 7:30 AM","480,605",5,5,5,5,0,"July 21, 2026, 7:25 AM"
pinnacle-Slc,"3,422,642",LOGIN,"July 21, 2026, 7:30 AM","184,935",5,5,5,5,0,"July 21, 2026, 1:40 PM"
pinnacle-Slc,"3,422,642",LOGIN,"July 21, 2026, 7:30 AM","82,545",5,5,5,5,0,"July 21, 2026, 2:33 PM"
pinnacle-Slc,"3,430,303",LOGIN,"July 22, 2026, 5:00 PM","420,675",5,5,5,5,0,"July 23, 2026, 1:59 AM"
pinnacle-Slc,"3,433,526",LOGOUT,"July 22, 2026, 3:30 PM","1,710",5,5,5,5,0,"July 22, 2026, 11:12 PM"
pinnacle-Slc,"3,433,526",LOGOUT,"July 22, 2026, 3:30 PM","113,740",5,5,5,5,0,"July 23, 2026, 12:54 AM"
pinnacle-Slc,"3,433,526",LOGOUT,"July 22, 2026, 3:30 PM","5,990",5,5,5,5,0,"July 23, 2026, 2:11 PM"
pinnacle-Slc,"3,127,946",LOGIN,"May 20, 2026, 7:30 AM","388,855",5,5,5,5,0,"May 20, 2026, 12:19 PM"
pinnacle-Slc,"3,436,025",LOGIN,"July 23, 2026, 7:30 AM","441,985",5,5,5,5,0,"July 23, 2026, 2:10 PM"
pinnacle-Slc,"3,436,025",LOGIN,"July 23, 2026, 7:30 AM","13,820",5,5,5,5,0,"July 23, 2026, 2:58 PM"
pinnacle-Slc,"3,124,522",LOGOUT,"May 19, 2026, 2:30 PM","82,780",5,5,5,5,0,"May 19, 2026, 8:15 PM"
pinnacle-Slc,"3,124,522",LOGOUT,"May 19, 2026, 2:30 PM","660,065",5,5,5,5,0,"May 19, 2026, 9:16 PM"
pinnacle-Slc,"3,124,522",LOGOUT,"May 19, 2026, 2:30 PM","28,075",5,5,5,5,0,"May 20, 2026, 6:55 AM"
pinnacle-Slc,"3,122,766",LOGIN,"May 19, 2026, 8:30 AM","88,575",5,5,5,5,0,"May 19, 2026, 1:35 PM"
pinnacle-Slc,"3,122,766",LOGIN,"May 19, 2026, 8:30 AM","120,780",5,5,5,5,0,"May 19, 2026, 4:12 PM"
pinnacle-Slc,"3,122,766",LOGIN,"May 19, 2026, 8:30 AM","82,270",5,5,5,5,0,"May 19, 2026, 4:27 PM"
pinnacle-Slc,"3,128,592",LOGIN,"May 20, 2026, 9:30 AM","89,910",5,5,5,5,0,"May 20, 2026, 2:52 PM"
pinnacle-Slc,"3,128,592",LOGIN,"May 20, 2026, 9:30 AM","89,820",5,5,5,5,0,"May 20, 2026, 6:31 PM"
pinnacle-Slc,"3,131,924",LOGOUT,"May 20, 2026, 2:30 AM","408,995",5,5,5,5,5,"May 20, 2026, 3:43 PM"
pinnacle-Slc,"3,425,676",LOGOUT,"July 21, 2026, 2:30 PM","124,855",5,5,5,5,0,"July 22, 2026, 6:15 AM"
pinnacle-Slc,"3,122,554",LOGIN,"May 19, 2026, 7:30 AM","472,345",5,5,5,5,0,"May 19, 2026, 1:32 PM"
pinnacle-Slc,"3,122,554",LOGIN,"May 19, 2026, 7:30 AM","205,055",5,5,5,5,0,"May 19, 2026, 1:45 PM"
pinnacle-Slc,"3,122,554",LOGIN,"May 19, 2026, 7:30 AM","37,325",5,5,5,5,0,"May 19, 2026, 2:15 PM"
pinnacle-Slc,"3,140,240",LOGOUT,"May 21, 2026, 2:30 PM","90,010",3,3,3,3,0,"May 21, 2026, 11:27 PM"
pinnacle-Slc,"3,153,676",LOGIN,"May 26, 2026, 7:30 PM","334,505",5,5,5,5,5,"May 27, 2026, 4:05 AM"
orbit-Slc,"1,229,794",LOGOUT,"May 14, 2026, 8:00 PM","139,325",5,5,5,5,0,"May 14, 2026, 9:44 PM"
orbit-Slc,"1,229,794",LOGOUT,"May 14, 2026, 8:00 PM","32,010",5,5,5,5,0,"May 14, 2026, 11:25 PM"
orbit-Slc,"1,229,794",LOGOUT,"May 14, 2026, 8:00 PM","41,975",5,5,5,5,0,"May 18, 2026, 9:50 AM"
pinnacle-Slc,"3,459,953",LOGOUT,"July 28, 2026, 3:00 PM","524,485",5,5,5,5,0,"July 28, 2026, 3:59 PM"
pinnacle-Slc,"3,459,953",LOGOUT,"July 28, 2026, 3:00 PM","130,515",5,5,5,5,0,"July 28, 2026, 10:16 PM"
pinnacle-Slc,"3,459,953",LOGOUT,"July 28, 2026, 3:00 PM","408,170",5,5,5,5,0,"July 28, 2026, 11:32 PM"
pinnacle-Slc,"3,332,260",LOGOUT,"July 1, 2026, 7:30 PM","6,280",5,5,5,5,0,"July 2, 2026, 7:15 AM"
orbit-Slc,"1,360,415",LOGOUT,"July 28, 2026, 10:00 PM","105,635",5,5,5,5,0,"July 28, 2026, 10:59 PM"
orbit-Slc,"1,360,415",LOGOUT,"July 28, 2026, 10:00 PM","125,580",5,5,5,5,0,"July 29, 2026, 12:16 AM"
orbit-Slc,"1,360,415",LOGOUT,"July 28, 2026, 10:00 PM","111,195",4,4,4,4,0,"July 29, 2026, 4:56 PM"
pinnacle-Slc,"3,338,260",LOGOUT,"July 2, 2026, 3:30 PM","635,530",5,5,5,5,0,"July 3, 2026, 2:17 AM"
pinnacle-Slc,"3,338,260",LOGOUT,"July 2, 2026, 3:30 PM","554,350",5,5,5,5,0,"July 3, 2026, 7:39 AM"
pinnacle-Slc,"3,336,471",LOGIN,"July 2, 2026, 9:00 AM","83,045",5,5,5,5,0,"July 2, 2026, 1:39 PM"
pinnacle-Slc,"3,336,471",LOGIN,"July 2, 2026, 9:00 AM",240,5,5,5,5,0,"July 2, 2026, 3:01 PM"
pinnacle-Slc,"3,330,251",LOGOUT,"July 1, 2026, 6:30 PM","664,060",5,5,5,5,0,"July 1, 2026, 11:41 PM"
pinnacle-Slc,"3,330,251",LOGOUT,"July 1, 2026, 6:30 PM","638,515",5,5,5,5,0,"July 2, 2026, 1:26 AM"
pinnacle-Slc,"3,325,240",LOGOUT,"June 30, 2026, 3:00 PM","363,115",5,5,5,5,0,"July 1, 2026, 8:20 AM"
orbit-Slc,"1,361,435",LOGIN,"July 29, 2026, 3:00 PM","262,230",5,5,5,5,0,"July 29, 2026, 6:11 PM"
orbit-Slc,"1,363,649",LOGIN,"July 30, 2026, 1:00 PM","64,865",5,5,5,5,0,"July 30, 2026, 7:43 PM"
pinnacle-Slc,"3,354,006",LOGOUT,"July 6, 2026, 3:00 PM","354,700",5,5,5,5,0,"July 7, 2026, 6:40 AM"
pinnacle-Slc,"3,354,006",LOGOUT,"July 6, 2026, 3:00 PM","35,015",5,5,5,5,0,"July 7, 2026, 6:44 AM"
pinnacle-Slc,"3,354,006",LOGOUT,"July 6, 2026, 3:00 PM","17,045",5,5,5,5,0,"July 7, 2026, 7:36 AM"
pinnacle-Slc,"3,057,748",LOGOUT,"May 4, 2026, 3:30 PM","105,610",5,5,5,5,0,"May 4, 2026, 10:51 PM"
pinnacle-Slc,"3,062,530",LOGIN,"May 5, 2026, 7:30 AM","98,835",4,4,4,4,0,"May 5, 2026, 2:37 PM"
pinnacle-Slc,"3,345,842",LOGOUT,"July 3, 2026, 6:30 PM","57,930",5,5,5,5,0,"July 3, 2026, 11:20 PM"
vanta-Sea,"5,010,819",LOGOUT,"July 3, 2026, 2:16 AM","352,055",5,5,5,5,0,"July 3, 2026, 2:33 AM"
pinnacle-Slc,"3,055,277",LOGIN,"May 4, 2026, 9:00 AM","640,845",5,5,5,5,0,"May 4, 2026, 2:40 PM"
pinnacle-Slc,"3,059,680",LOGIN,"May 5, 2026, 8:30 AM","93,500",4,4,4,4,0,"May 5, 2026, 1:00 PM"
pinnacle-Slc,"3,059,680",LOGIN,"May 5, 2026, 8:30 AM","166,270",5,5,5,5,0,"May 5, 2026, 1:14 PM"
vanta-Sea,"5,032,827",LOGIN,"July 10, 2026, 1:00 PM","449,695",5,5,5,5,0,"July 10, 2026, 12:42 PM"
vanta-Sea,"5,089,557",LOGIN,"July 28, 2026, 11:00 AM","513,140",5,5,5,5,0,"July 28, 2026, 11:51 AM"
pinnacle-Slc,"3,355,496",LOGIN,"July 7, 2026, 8:30 AM","517,725",4,4,4,4,0,"July 7, 2026, 9:07 AM"
pinnacle-Slc,"3,355,496",LOGIN,"July 7, 2026, 8:30 AM","454,855",5,5,5,5,0,"July 7, 2026, 2:27 PM"
pinnacle-Slc,"3,352,124",LOGOUT,"July 6, 2026, 10:00 PM","585,710",5,5,5,5,5,"July 7, 2026, 9:59 PM"
pinnacle-Slc,"3,079,439",LOGOUT,"May 8, 2026, 1:30 PM","441,875",5,5,5,5,0,"May 9, 2026, 5:47 AM"
pinnacle-Slc,"3,079,439",LOGOUT,"May 8, 2026, 1:30 PM","209,335",5,5,5,5,0,"May 11, 2026, 6:00 AM"
pinnacle-Slc,"3,367,362",LOGOUT,"July 8, 2026, 2:30 PM","88,485",5,5,5,5,0,"July 8, 2026, 3:14 PM"
pinnacle-Slc,"3,367,362",LOGOUT,"July 8, 2026, 2:30 PM","114,385",5,5,5,5,0,"July 9, 2026, 6:05 AM"
pinnacle-Slc,"3,369,594",LOGIN,"July 9, 2026, 9:30 AM","387,535",5,5,5,5,0,"July 10, 2026, 8:45 AM"
pinnacle-Slc,"3,371,715",LOGOUT,"July 9, 2026, 8:00 PM","438,875",5,5,5,5,0,"July 10, 2026, 12:33 AM"
pinnacle-Slc,"3,066,009",LOGIN,"May 6, 2026, 11:00 AM","635,365",5,5,5,5,0,"May 6, 2026, 5:17 PM"
pinnacle-Slc,"3,066,235",LOGIN,"May 6, 2026, 8:00 AM","27,320",5,5,5,5,0,"May 6, 2026, 1:03 PM"
pinnacle-Slc,"3,366,885",LOGOUT,"July 8, 2026, 6:30 PM","685,335",5,5,5,5,0,"July 9, 2026, 7:42 AM"
pinnacle-Slc,"3,368,638",LOGIN,"July 9, 2026, 9:00 AM","413,115",5,5,5,5,0,"July 9, 2026, 6:45 PM"
pinnacle-Slc,"3,371,442",LOGOUT,"July 9, 2026, 4:30 PM","520,855",5,5,5,5,0,"July 9, 2026, 5:42 PM"
pinnacle-Slc,"3,371,442",LOGOUT,"July 9, 2026, 4:30 PM","660,895",5,5,5,5,0,"July 10, 2026, 6:44 AM"
pinnacle-Slc,"3,371,442",LOGOUT,"July 9, 2026, 4:30 PM","435,385",5,5,5,5,0,"July 10, 2026, 8:42 AM"
pinnacle-Slc,"3,076,440",LOGOUT,"May 7, 2026, 3:30 PM","482,740",5,5,5,5,0,"May 8, 2026, 12:07 AM"
pinnacle-Slc,"3,196,014",LOGOUT,"June 4, 2026, 3:30 PM","9,550",4,4,4,4,0,"June 5, 2026, 8:39 AM"
pinnacle-Slc,"3,214,479",LOGOUT,"June 9, 2026, 3:00 AM","327,705",5,5,5,5,5,"June 9, 2026, 3:33 PM"
pinnacle-Slc,"3,193,935",LOGIN,"June 4, 2026, 6:30 AM","504,025",5,5,5,5,0,"June 4, 2026, 1:45 PM"
pinnacle-Slc,"3,199,456",LOGIN,"June 5, 2026, 10:30 AM","15,840",5,5,5,5,0,"June 5, 2026, 6:48 PM"
pinnacle-Slc,"3,214,232",LOGOUT,"June 9, 2026, 3:30 PM","102,580",5,5,5,5,0,"June 9, 2026, 11:14 PM"
pinnacle-Slc,"3,214,232",LOGOUT,"June 9, 2026, 3:30 PM","440,005",5,5,5,5,0,"June 10, 2026, 5:40 AM"
vanta-Sea,"4,987,622",LOGOUT,"June 26, 2026, 3:16 AM","445,540",5,5,5,5,0,"June 26, 2026, 3:49 AM"
pinnacle-Slc,"3,227,288",LOGIN,"June 11, 2026, 9:30 PM","445,675",4,4,4,4,4,"June 11, 2026, 9:48 PM"
pinnacle-Slc,"3,227,288",LOGIN,"June 11, 2026, 9:30 PM","689,505",5,5,5,5,5,"June 12, 2026, 7:06 PM"
pinnacle-Slc,"3,227,870",LOGOUT,"June 11, 2026, 4:30 PM","417,410",5,5,5,5,0,"June 11, 2026, 5:40 PM"
pinnacle-Slc,"3,230,201",LOGOUT,"June 11, 2026, 3:30 PM","203,585",5,5,5,5,0,"June 11, 2026, 10:07 PM"
pinnacle-Slc,"3,230,201",LOGOUT,"June 11, 2026, 3:30 PM","94,225",5,5,5,5,0,"June 12, 2026, 6:44 AM"
pinnacle-Slc,"3,269,598",LOGOUT,"June 18, 2026, 3:00 PM","528,615",5,5,5,5,0,"June 18, 2026, 11:53 PM"
pinnacle-Slc,"3,269,598",LOGOUT,"June 18, 2026, 3:00 PM","648,790",5,5,5,5,0,"June 19, 2026, 6:16 AM"
pinnacle-Slc,"3,269,598",LOGOUT,"June 18, 2026, 3:00 PM","54,795",5,5,5,5,0,"June 24, 2026, 5:44 PM"
pinnacle-Slc,"3,209,435",LOGOUT,"June 8, 2026, 1:30 PM","85,060",5,5,5,5,0,"June 9, 2026, 12:16 AM"
pinnacle-Slc,"3,209,435",LOGOUT,"June 8, 2026, 1:30 PM","100,975",5,5,5,5,0,"June 9, 2026, 10:02 AM"
pinnacle-Slc,"3,233,927",LOGIN,"June 12, 2026, 8:30 AM","630,065",5,5,5,5,0,"June 12, 2026, 9:02 AM"
pinnacle-Slc,"3,234,205",LOGIN,"June 12, 2026, 7:30 AM","8,965",5,5,5,5,0,"June 12, 2026, 1:25 PM"
pinnacle-Slc,"3,210,137",LOGOUT,"June 8, 2026, 3:30 PM","656,095",5,5,5,5,0,"June 9, 2026, 6:01 AM"
pinnacle-Slc,"3,210,137",LOGOUT,"June 8, 2026, 3:30 PM","402,720",5,5,5,5,0,"June 9, 2026, 6:59 AM"
pinnacle-Slc,"3,210,137",LOGOUT,"June 8, 2026, 3:30 PM","94,435",5,5,5,5,0,"June 9, 2026, 7:42 AM"
pinnacle-Slc,"3,234,939",LOGOUT,"June 12, 2026, 3:00 PM","431,610",5,5,5,5,0,"June 14, 2026, 8:30 PM"
pinnacle-Slc,"3,234,939",LOGOUT,"June 12, 2026, 3:00 PM","419,390",5,5,5,5,0,"June 15, 2026, 7:58 AM"
pinnacle-Slc,"3,218,979",LOGOUT,"June 9, 2026, 5:30 PM","109,185",5,5,5,5,0,"June 10, 2026, 7:26 AM"
pinnacle-Slc,"3,268,067",LOGOUT,"June 18, 2026, 2:30 PM","162,980",5,5,5,5,0,"June 18, 2026, 11:54 PM"
pinnacle-Slc,"3,271,650",LOGIN,"June 19, 2026, 8:30 AM","230,290",5,5,5,5,0,"June 19, 2026, 8:45 AM"
pinnacle-Slc,"3,289,691",LOGOUT,"June 23, 2026, 3:00 PM","345,140",5,5,5,5,0,"June 24, 2026, 2:23 AM"
pinnacle-Slc,"3,268,368",LOGOUT,"June 18, 2026, 4:30 PM","377,965",4,4,4,4,0,"June 19, 2026, 9:05 AM"
pinnacle-Slc,"3,281,177",LOGIN,"June 22, 2026, 9:00 AM","88,410",5,5,5,5,0,"June 22, 2026, 1:38 PM"
pinnacle-Slc,"3,281,177",LOGIN,"June 22, 2026, 9:00 AM","90,735",5,5,5,5,0,"June 22, 2026, 2:57 PM"
pinnacle-Slc,"3,291,363",LOGOUT,"June 23, 2026, 8:00 PM","435,440",5,5,5,5,5,"June 24, 2026, 9:29 AM"
pinnacle-Slc,"3,311,971",LOGOUT,"June 26, 2026, 4:30 PM","100,900",5,5,5,5,0,"June 28, 2026, 3:35 PM"
pinnacle-Slc,"3,164,396",LOGOUT,"May 27, 2026, 2:30 PM","229,960",5,5,5,5,0,"May 29, 2026, 12:02 AM"
pinnacle-Slc,"3,164,396",LOGOUT,"May 27, 2026, 2:30 PM","129,640",5,5,5,5,0,"May 29, 2026, 7:46 AM"
pinnacle-Slc,"3,164,396",LOGOUT,"May 27, 2026, 2:30 PM","101,625",5,5,5,5,0,"May 29, 2026, 3:25 PM"
pinnacle-Slc,"3,167,562",LOGIN,"May 29, 2026, 8:30 AM","77,505",5,5,5,5,0,"May 29, 2026, 1:12 PM"
pinnacle-Slc,"3,168,484",LOGIN,"May 29, 2026, 6:00 PM","628,225",5,5,5,5,0,"June 1, 2026, 3:25 AM"
pinnacle-Slc,"3,473,695",LOGIN,"July 30, 2026, 9:30 AM","97,325",5,5,5,5,0,"July 30, 2026, 1:42 PM"
pinnacle-Slc,"3,453,772",LOGOUT,"July 27, 2026, 3:00 PM","174,690",5,5,5,5,0,"July 27, 2026, 3:46 PM"
pinnacle-Slc,"3,453,772",LOGOUT,"July 27, 2026, 3:00 PM","690,860",5,5,5,5,0,"July 27, 2026, 10:40 PM"
pinnacle-Slc,"3,453,772",LOGOUT,"July 27, 2026, 3:00 PM","592,300",5,5,5,5,0,"July 27, 2026, 11:41 PM"
pinnacle-Slc,"3,458,716",LOGIN,"July 28, 2026, 9:00 AM","89,985",5,5,5,5,0,"July 28, 2026, 2:33 PM"
pinnacle-Slc,"3,157,353",LOGOUT,"May 26, 2026, 2:00 AM","396,800",4,4,4,4,0,"May 26, 2026, 2:33 PM"
vanta-Sea,"4,825,862",LOGOUT,"May 6, 2026, 3:16 PM","453,575",5,5,5,5,0,"May 6, 2026, 5:27 PM"
pinnacle-Slc,"3,180,574",LOGIN,"June 2, 2026, 10:30 AM","87,570",5,5,5,5,0,"June 2, 2026, 2:48 PM"
pinnacle-Slc,"3,180,574",LOGIN,"June 2, 2026, 10:30 AM","387,535",5,5,5,5,0,"June 3, 2026, 8:41 AM"
pinnacle-Slc,"3,474,174",LOGOUT,"July 30, 2026, 3:00 PM","17,525",5,5,5,5,0,"July 31, 2026, 10:44 AM"
pinnacle-Slc,"3,466,458",LOGOUT,"July 29, 2026, 8:30 PM","83,170",5,5,5,5,5,"July 30, 2026, 12:24 PM"
pinnacle-Slc,"3,274,595",LOGOUT,"June 19, 2026, 3:00 PM","295,495",5,5,5,5,0,"June 20, 2026, 11:30 PM"
pinnacle-Slc,"3,274,595",LOGOUT,"June 19, 2026, 3:00 PM","99,615",5,5,5,5,0,"June 21, 2026, 10:00 PM"
pinnacle-Slc,"3,308,630",LOGIN,"June 26, 2026, 7:30 AM","89,515",5,5,5,5,0,"June 26, 2026, 12:26 PM"
pinnacle-Slc,"3,308,630",LOGIN,"June 26, 2026, 7:30 AM","31,690",5,5,5,5,0,"June 26, 2026, 12:36 PM"
pinnacle-Slc,"3,308,894",LOGIN,"June 26, 2026, 8:30 AM","530,920",5,5,5,5,0,"June 26, 2026, 1:41 PM"
pinnacle-Slc,"3,308,894",LOGIN,"June 26, 2026, 8:30 AM","249,640",5,5,5,5,0,"June 26, 2026, 2:52 PM"
pinnacle-Slc,"3,321,398",LOGIN,"June 30, 2026, 8:30 AM","93,830",5,5,5,5,0,"June 30, 2026, 2:07 PM"
pinnacle-Slc,"3,321,398",LOGIN,"June 30, 2026, 8:30 AM","84,670",5,5,5,5,0,"June 30, 2026, 2:28 PM"
pinnacle-Slc,"3,324,161",LOGIN,"June 30, 2026, 8:30 AM","250,020",4,4,4,4,0,"June 30, 2026, 12:37 PM"
pinnacle-Slc,"3,324,161",LOGIN,"June 30, 2026, 8:30 AM","17,240",5,5,5,5,0,"June 30, 2026, 2:17 PM"
pinnacle-Slc,"3,324,161",LOGIN,"June 30, 2026, 8:30 AM","630,065",5,5,5,5,0,"June 30, 2026, 4:15 PM"
pinnacle-Slc,"3,309,582",LOGOUT,"June 26, 2026, 3:00 PM","602,365",5,5,5,5,0,"June 29, 2026, 6:30 AM"
pinnacle-Slc,"3,070,801",LOGOUT,"May 6, 2026, 2:30 PM","464,925",5,5,5,5,0,"May 6, 2026, 3:22 PM"
pinnacle-Slc,"3,360,391",LOGOUT,"July 7, 2026, 4:30 PM","418,905",5,5,5,5,0,"July 7, 2026, 11:43 PM"
pinnacle-Slc,"3,360,391",LOGOUT,"July 7, 2026, 4:30 PM","26,740",5,5,5,5,0,"July 8, 2026, 8:29 AM"
orbit-Slc,"1,219,443",LOGIN,"May 8, 2026, 3:00 PM","63,250",5,5,5,5,0,"May 8, 2026, 11:30 PM"
orbit-Slc,"1,219,443",LOGIN,"May 8, 2026, 3:00 PM","103,655",5,5,5,5,0,"May 9, 2026, 12:01 AM"
pinnacle-Slc,"3,096,730",LOGIN,"May 13, 2026, 9:00 AM","126,345",5,5,5,5,0,"May 13, 2026, 1:43 PM"
pinnacle-Slc,"3,393,911",LOGOUT,"July 14, 2026, 3:00 PM","128,510",5,5,5,5,0,"July 15, 2026, 6:33 AM"
pinnacle-Slc,"3,376,787",LOGIN,"July 10, 2026, 8:30 AM","365,920",4,4,4,3,0,"July 10, 2026, 2:31 PM"
pinnacle-Slc,"3,383,790",LOGIN,"July 13, 2026, 8:30 AM","49,345",5,5,5,5,0,"July 13, 2026, 2:15 PM"
pinnacle-Slc,"3,383,790",LOGIN,"July 13, 2026, 8:30 AM","707,395",5,5,5,5,0,"July 13, 2026, 11:57 PM"
pinnacle-Slc,"3,391,547",LOGOUT,"July 14, 2026, 5:30 PM","570,355",5,5,5,5,0,"July 14, 2026, 9:43 PM"
pinnacle-Slc,"3,391,547",LOGOUT,"July 14, 2026, 5:30 PM","221,400",5,5,5,5,0,"July 15, 2026, 7:03 AM"
pinnacle-Slc,"3,121,587",LOGIN,"May 19, 2026, 10:30 AM","92,710",5,5,5,5,0,"May 19, 2026, 12:27 PM"
pinnacle-Slc,"3,420,479",LOGOUT,"July 20, 2026, 3:30 PM","194,815",5,5,5,5,0,"July 20, 2026, 5:05 PM"
pinnacle-Slc,"3,103,899",LOGIN,"May 14, 2026, 12:00 PM","164,820",5,5,5,5,0,"May 14, 2026, 7:56 PM"
pinnacle-Slc,"3,406,221",LOGOUT,"July 16, 2026, 9:30 PM","83,170",5,5,5,5,5,"July 21, 2026, 12:08 PM"
orbit-Slc,"1,217,816",LOGIN,"May 7, 2026, 11:00 AM","23,560",5,5,5,5,0,"May 7, 2026, 2:13 PM"
orbit-Slc,"1,217,816",LOGIN,"May 7, 2026, 11:00 AM","16,295",5,5,5,5,0,"May 7, 2026, 7:26 PM"
pinnacle-Slc,"3,414,290",LOGOUT,"July 17, 2026, 3:30 PM","695,160",5,5,5,5,0,"July 19, 2026, 12:06 AM"
orbit-Slc,"1,259,889",LOGOUT,"June 3, 2026, 10:00 PM","3,895",5,5,5,5,0,"June 4, 2026, 10:40 AM"
orbit-Slc,"1,259,889",LOGOUT,"June 3, 2026, 10:00 PM","136,010",5,5,5,5,0,"June 4, 2026, 11:32 AM"
orbit-Slc,"1,259,889",LOGOUT,"June 3, 2026, 10:00 PM","97,860",5,5,5,5,0,"June 8, 2026, 4:02 PM"
vanta-Aus,"1,114,166",LOGOUT,"May 11, 2026, 8:15 PM","326,910",5,5,5,5,0,"May 11, 2026, 9:19 PM"
vanta-Aus,"1,259,889",LOGOUT,"July 31, 2026, 9:15 PM","407,920",5,5,5,5,0,"July 31, 2026, 11:10 PM"
orbit-Slc,"1,292,984",LOGOUT,"June 22, 2026, 8:00 PM","46,695",5,5,5,5,5,"June 24, 2026, 9:51 AM"
orbit-Slc,"1,292,984",LOGOUT,"June 22, 2026, 8:00 PM","147,245",5,5,5,5,5,"June 24, 2026, 8:06 PM"
orbit-Slc,"1,293,429",LOGOUT,"June 22, 2026, 10:00 PM","11,715",4,4,4,4,0,"June 23, 2026, 7:37 AM"
orbit-Slc,"1,293,429",LOGOUT,"June 22, 2026, 10:00 PM","6,110",5,5,5,5,0,"June 23, 2026, 9:33 AM"
orbit-Slc,"1,293,429",LOGOUT,"June 22, 2026, 10:00 PM","16,130",4,4,4,4,0,"June 23, 2026, 9:50 AM"
orbit-Slc,"1,293,429",LOGOUT,"June 22, 2026, 10:00 PM","15,855",4,4,4,4,0,"June 23, 2026, 9:50 AM"
orbit-Slc,"1,313,664",LOGOUT,"July 2, 2026, 10:00 PM","225,580",5,5,5,5,0,"July 2, 2026, 11:07 PM"
orbit-Slc,"1,313,664",LOGOUT,"July 2, 2026, 10:00 PM","4,455",5,5,5,5,0,"July 2, 2026, 11:11 PM"
orbit-Slc,"1,313,664",LOGOUT,"July 2, 2026, 10:00 PM","7,290",5,5,5,5,0,"July 4, 2026, 9:11 PM"
orbit-Slc,"1,313,664",LOGOUT,"July 2, 2026, 10:00 PM","74,760",5,5,5,5,0,"July 9, 2026, 9:17 AM"
orbit-Slc,"1,334,961",LOGIN,"July 15, 2026, 1:00 PM","24,080",5,5,5,5,0,"July 15, 2026, 6:31 PM"
orbit-Slc,"1,334,961",LOGIN,"July 15, 2026, 1:00 PM","102,330",5,5,5,5,0,"July 15, 2026, 8:42 PM"
orbit-Slc,"1,347,351",LOGIN,"July 22, 2026, 6:30 AM","51,725",5,5,5,5,0,"July 22, 2026, 6:14 AM"
orbit-Slc,"1,347,351",LOGIN,"July 22, 2026, 6:30 AM","112,885",5,5,5,5,0,"July 22, 2026, 6:17 AM"
orbit-Slc,"1,347,351",LOGIN,"July 22, 2026, 6:30 AM","88,005",4,4,4,4,0,"July 22, 2026, 5:31 PM"
orbit-Slc,"1,346,703",LOGOUT,"July 21, 2026, 10:00 PM","92,095",5,5,5,5,0,"July 22, 2026, 9:40 AM"
orbit-Slc,"1,346,703",LOGOUT,"July 21, 2026, 10:00 PM","295,025",5,5,5,5,0,"July 22, 2026, 10:22 AM"
orbit-Slc,"1,346,703",LOGOUT,"July 21, 2026, 10:00 PM","62,325",5,5,5,5,0,"July 22, 2026, 10:51 AM"
orbit-Slc,"1,346,703",LOGOUT,"July 21, 2026, 10:00 PM","2,390",5,5,5,5,0,"July 23, 2026, 10:10 AM"
pinnacle-Slc,"3,117,672",LOGIN,"May 18, 2026, 8:30 AM","83,630",5,5,5,5,0,"May 18, 2026, 2:25 PM"
pinnacle-Slc,"3,117,672",LOGIN,"May 18, 2026, 8:30 AM","134,940",4,4,4,4,0,"May 18, 2026, 2:28 PM"
pinnacle-Slc,"3,423,311",LOGIN,"July 21, 2026, 9:30 AM","656,755",5,5,5,5,0,"July 21, 2026, 4:08 PM"
pinnacle-Slc,"3,424,379",LOGOUT,"July 21, 2026, 1:30 PM","249,925",5,5,5,5,0,"July 21, 2026, 6:49 PM"
pinnacle-Slc,"3,128,160",LOGIN,"May 20, 2026, 8:30 AM","327,835",5,5,5,5,0,"May 20, 2026, 2:01 PM"
pinnacle-Slc,"3,128,160",LOGIN,"May 20, 2026, 8:30 AM","96,070",5,5,5,5,0,"May 20, 2026, 2:23 PM"
pinnacle-Slc,"3,433,275",LOGOUT,"July 22, 2026, 3:00 PM","393,975",5,5,5,5,0,"July 22, 2026, 10:51 PM"
pinnacle-Slc,"3,433,275",LOGOUT,"July 22, 2026, 3:00 PM","417,950",4,4,4,4,0,"July 23, 2026, 1:10 AM"
pinnacle-Slc,"3,433,275",LOGOUT,"July 22, 2026, 3:00 PM","719,410",5,5,5,5,0,"July 23, 2026, 5:59 AM"
pinnacle-Slc,"3,437,098",LOGIN,"July 23, 2026, 9:00 AM","319,065",5,5,5,5,0,"July 23, 2026, 9:47 AM"
pinnacle-Slc,"3,437,098",LOGIN,"July 23, 2026, 9:00 AM","484,885",5,5,5,5,0,"July 23, 2026, 12:49 PM"
pinnacle-Slc,"3,453,534",LOGOUT,"July 27, 2026, 2:30 PM","422,845",5,5,5,5,0,"July 27, 2026, 7:49 PM"
pinnacle-Slc,"3,453,534",LOGOUT,"July 27, 2026, 2:30 PM","11,760",5,5,5,5,0,"July 27, 2026, 9:49 PM"
pinnacle-Slc,"3,453,534",LOGOUT,"July 27, 2026, 2:30 PM","1,770",5,5,5,5,0,"July 27, 2026, 10:06 PM"
orbit-Slc,"1,221,197",LOGOUT,"May 8, 2026, 10:00 PM","84,455",5,5,5,5,5,"May 8, 2026, 11:30 PM"
orbit-Slc,"1,221,197",LOGOUT,"May 8, 2026, 10:00 PM","139,595",5,5,5,5,5,"May 12, 2026, 10:10 AM"
pinnacle-Slc,"3,135,750",LOGIN,"May 21, 2026, 10:30 AM","87,470",1,5,5,5,0,"May 21, 2026, 10:25 AM"
pinnacle-Slc,"3,137,225",LOGIN,"May 21, 2026, 8:00 PM","221,220",5,5,5,5,5,"May 22, 2026, 4:00 AM"
pinnacle-Slc,"3,149,220",LOGIN,"May 25, 2026, 9:00 AM","607,360",5,5,5,5,0,"May 25, 2026, 1:53 PM"
pinnacle-Slc,"3,149,220",LOGIN,"May 25, 2026, 9:00 AM","120,370",5,5,5,5,0,"May 25, 2026, 2:49 PM"
pinnacle-Slc,"3,149,220",LOGIN,"May 25, 2026, 9:00 AM",610,4,4,4,4,0,"May 25, 2026, 2:53 PM"
pinnacle-Slc,"3,454,029",LOGOUT,"July 27, 2026, 3:30 PM","89,265",5,5,5,5,0,"July 27, 2026, 10:40 PM"
pinnacle-Slc,"3,454,029",LOGOUT,"July 27, 2026, 3:30 PM","532,570",5,5,5,5,0,"July 28, 2026, 4:37 AM"
pinnacle-Slc,"3,454,029",LOGOUT,"July 27, 2026, 3:30 PM",175,5,5,5,5,0,"July 28, 2026, 7:25 AM"
pinnacle-Slc,"3,156,870",LOGOUT,"May 26, 2026, 3:00 PM","110,665",5,5,5,5,0,"May 27, 2026, 7:29 AM"
pinnacle-Slc,"3,156,870",LOGOUT,"May 26, 2026, 3:00 PM","164,295",5,5,5,5,0,"May 27, 2026, 8:16 AM"
orbit-Slc,"1,356,977",LOGOUT,"July 27, 2026, 10:00 PM","286,930",4,4,4,4,4,"July 27, 2026, 10:36 PM"
orbit-Slc,"1,356,977",LOGOUT,"July 27, 2026, 10:00 PM","233,655",4,4,4,4,4,"July 27, 2026, 10:55 PM"
orbit-Slc,"1,356,977",LOGOUT,"July 27, 2026, 10:00 PM","1,190",5,5,5,5,5,"July 28, 2026, 10:27 AM"
orbit-Slc,"1,356,977",LOGOUT,"July 27, 2026, 10:00 PM","6,625",5,5,5,5,5,"July 28, 2026, 11:18 AM"
orbit-Slc,"1,356,977",LOGOUT,"July 27, 2026, 10:00 PM","234,655",5,5,5,5,5,"July 28, 2026, 7:16 PM"
pinnacle-Slc,"3,328,562",LOGIN,"July 1, 2026, 10:30 AM","416,415",5,5,5,5,0,"July 1, 2026, 4:09 PM"
pinnacle-Slc,"3,328,562",LOGIN,"July 1, 2026, 10:30 AM","416,745",5,5,5,5,0,"July 1, 2026, 5:58 PM"
pinnacle-Slc,"3,328,112",LOGIN,"July 1, 2026, 9:00 AM","513,265",5,5,5,5,0,"July 1, 2026, 10:15 AM"
pinnacle-Slc,"3,328,112",LOGIN,"July 1, 2026, 9:00 AM","91,605",5,5,5,5,0,"July 1, 2026, 2:09 PM"
pinnacle-Slc,"3,328,112",LOGIN,"July 1, 2026, 9:00 AM","273,850",5,5,5,5,0,"July 1, 2026, 2:28 PM"
pinnacle-Slc,"3,333,329",LOGOUT,"June 30, 2026, 7:30 PM","110,225",5,5,5,5,0,"July 1, 2026, 12:09 AM"
pinnacle-Slc,"3,057,989",LOGOUT,"May 4, 2026, 9:30 PM","416,740",5,5,5,5,0,"May 5, 2026, 7:34 AM"
pinnacle-Slc,"3,057,989",LOGOUT,"May 4, 2026, 9:30 PM","99,065",5,5,5,5,0,"May 5, 2026, 11:07 AM"
pinnacle-Slc,"3,365,882",LOGOUT,"July 8, 2026, 2:30 PM","308,670",5,5,5,5,0,"July 9, 2026, 6:56 AM"
pinnacle-Slc,"3,071,755",LOGIN,"May 7, 2026, 8:30 AM","534,880",5,5,5,5,0,"May 7, 2026, 1:54 PM"
pinnacle-Slc,"3,071,755",LOGIN,"May 7, 2026, 8:30 AM","56,620",5,5,5,5,0,"May 7, 2026, 2:29 PM"
pinnacle-Slc,"3,071,755",LOGIN,"May 7, 2026, 8:30 AM","12,640",5,5,5,5,0,"May 7, 2026, 2:56 PM"
pinnacle-Slc,"3,062,755",LOGIN,"May 5, 2026, 1:30 PM","443,535",4,4,4,4,0,"May 5, 2026, 8:18 PM"
pinnacle-Slc,"3,062,755",LOGIN,"May 5, 2026, 1:30 PM","82,660",5,5,5,5,0,"May 5, 2026, 9:41 PM"
pinnacle-Slc,"3,061,626",LOGIN,"May 5, 2026, 8:30 AM","87,280",5,5,5,5,0,"May 5, 2026, 2:00 PM"
pinnacle-Slc,"3,343,709",LOGIN,"July 3, 2026, 8:30 AM","87,555",5,5,5,5,0,"July 3, 2026, 2:33 PM"
pinnacle-Slc,"3,343,709",LOGIN,"July 3, 2026, 8:30 AM","99,480",5,5,5,5,0,"July 3, 2026, 2:46 PM"
pinnacle-Slc,"3,343,709",LOGIN,"July 3, 2026, 8:30 AM","70,240",5,5,5,5,0,"July 3, 2026, 5:02 PM"
vanta-Sea,"5,011,162",LOGIN,"July 3, 2026, 11:00 AM","496,815",5,5,5,5,0,"July 3, 2026, 8:11 PM"
pinnacle-Slc,"3,392,534",LOGOUT,"July 14, 2026, 2:30 PM","98,205",5,5,5,5,0,"July 14, 2026, 6:11 PM"
pinnacle-Slc,"3,392,534",LOGOUT,"July 14, 2026, 2:30 PM","84,325",5,5,5,5,0,"July 14, 2026, 10:25 PM"
pinnacle-Slc,"3,071,972",LOGIN,"May 7, 2026, 8:30 AM","664,060",5,5,5,5,0,"May 7, 2026, 8:35 AM"
pinnacle-Slc,"3,075,406",LOGOUT,"May 7, 2026, 2:30 PM","289,525",5,5,5,5,0,"May 8, 2026, 7:32 AM"
pinnacle-Slc,"3,073,895",LOGIN,"May 7, 2026, 7:30 PM","299,035",5,5,5,5,0,"May 7, 2026, 10:53 PM"
pinnacle-Slc,"3,073,895",LOGIN,"May 7, 2026, 7:30 PM","633,055",5,5,5,5,0,"May 8, 2026, 4:00 AM"
pinnacle-Slc,"3,072,506",LOGIN,"May 7, 2026, 9:30 AM","97,325",5,5,5,5,0,"May 7, 2026, 9:40 AM"
pinnacle-Slc,"3,072,506",LOGIN,"May 7, 2026, 9:30 AM","489,345",5,5,5,5,0,"May 7, 2026, 3:24 PM"
pinnacle-Slc,"3,198,409",LOGIN,"June 5, 2026, 10:30 AM","117,125",5,5,5,5,0,"June 7, 2026, 7:59 AM"
pinnacle-Slc,"3,199,224",LOGIN,"June 5, 2026, 9:00 AM","88,585",5,5,5,5,0,"June 5, 2026, 1:30 PM"
pinnacle-Slc,"3,220,826",LOGOUT,"June 10, 2026, 3:30 PM","264,280",5,5,5,5,0,"June 10, 2026, 5:04 PM"
pinnacle-Slc,"3,220,826",LOGOUT,"June 10, 2026, 3:30 PM","118,630",5,5,5,5,0,"June 10, 2026, 7:45 PM"
pinnacle-Slc,"3,220,826",LOGOUT,"June 10, 2026, 3:30 PM","250,040",5,5,5,5,0,"June 11, 2026, 6:07 AM"
pinnacle-Slc,"3,213,708",LOGIN,"June 9, 2026, 7:30 AM","88,940",5,5,5,5,0,"June 9, 2026, 10:43 AM"
pinnacle-Slc,"3,213,708",LOGIN,"June 9, 2026, 7:30 AM","174,190",5,5,5,5,0,"June 9, 2026, 1:21 PM"
pinnacle-Slc,"3,219,925",LOGIN,"June 10, 2026, 9:00 AM","7,615",5,5,5,5,0,"June 10, 2026, 9:34 AM"
pinnacle-Slc,"3,219,925",LOGIN,"June 10, 2026, 9:00 AM","445,730",5,5,5,5,0,"June 10, 2026, 11:50 AM"
pinnacle-Slc,"3,219,925",LOGIN,"June 10, 2026, 9:00 AM","43,405",4,4,4,4,0,"June 10, 2026, 2:31 PM"
pinnacle-Slc,"3,220,552",LOGOUT,"June 10, 2026, 1:30 PM","249,720",3,3,3,3,0,"June 10, 2026, 2:57 PM"
pinnacle-Slc,"3,220,552",LOGOUT,"June 10, 2026, 1:30 PM","249,900",5,5,5,5,0,"June 10, 2026, 8:14 PM"
pinnacle-Slc,"3,206,821",LOGIN,"June 8, 2026, 8:30 AM","148,820",5,5,5,5,0,"June 8, 2026, 2:17 PM"
pinnacle-Slc,"3,222,463",LOGOUT,"June 10, 2026, 4:30 PM","92,295",5,5,5,5,0,"June 10, 2026, 5:20 PM"
pinnacle-Slc,"3,222,463",LOGOUT,"June 10, 2026, 4:30 PM","315,430",5,5,5,5,0,"June 11, 2026, 8:03 AM"
pinnacle-Slc,"3,233,396",LOGIN,"June 12, 2026, 9:00 AM","83,365",5,5,5,5,0,"June 12, 2026, 1:20 PM"
pinnacle-Slc,"3,245,184",LOGIN,"June 15, 2026, 9:00 AM","406,700",5,5,5,5,0,"June 15, 2026, 2:08 PM"
pinnacle-Slc,"3,291,090",LOGOUT,"June 23, 2026, 1:30 PM","211,645",5,5,5,5,0,"June 24, 2026, 6:56 AM"
pinnacle-Slc,"3,291,090",LOGOUT,"June 23, 2026, 1:30 PM","115,730",5,5,5,5,0,"June 24, 2026, 7:04 AM"
pinnacle-Slc,"3,255,023",LOGIN,"June 17, 2026, 8:30 AM","574,010",5,5,5,5,0,"June 17, 2026, 11:15 AM"
pinnacle-Slc,"3,255,023",LOGIN,"June 17, 2026, 8:30 AM","660,730",5,5,5,5,0,"June 17, 2026, 12:44 PM"
pinnacle-Slc,"3,274,892",LOGOUT,"June 19, 2026, 1:30 PM","24,130",5,5,5,5,0,"June 21, 2026, 11:17 PM"
pinnacle-Slc,"3,274,892",LOGOUT,"June 19, 2026, 1:30 PM","583,885",5,5,5,5,0,"June 22, 2026, 8:34 PM"
pinnacle-Slc,"3,275,168",LOGOUT,"June 19, 2026, 3:00 AM","429,670",5,5,5,5,0,"June 19, 2026, 4:59 PM"
pinnacle-Slc,"3,298,235",LOGOUT,"June 24, 2026, 3:30 PM","249,975",4,4,4,4,0,"June 24, 2026, 8:27 PM"
pinnacle-Slc,"3,298,235",LOGOUT,"June 24, 2026, 3:30 PM","98,850",5,5,5,5,0,"June 24, 2026, 9:27 PM"
pinnacle-Slc,"3,298,235",LOGOUT,"June 24, 2026, 3:30 PM","250,225",5,5,5,5,0,"June 24, 2026, 11:57 PM"
pinnacle-Slc,"3,303,130",LOGOUT,"June 25, 2026, 2:30 PM","672,190",5,5,5,5,0,"June 25, 2026, 11:50 PM"
pinnacle-Slc,"3,303,130",LOGOUT,"June 25, 2026, 2:30 PM","89,865",4,4,4,4,0,"June 26, 2026, 7:58 AM"
pinnacle-Slc,"3,321,620",LOGIN,"June 30, 2026, 9:00 AM","497,600",5,5,5,5,0,"June 30, 2026, 2:57 PM"
orbit-Slc,"1,224,043",LOGOUT,"May 12, 2026, 3:30 AM","59,185",4,4,4,4,0,"May 12, 2026, 4:19 AM"
orbit-Slc,"1,224,043",LOGOUT,"May 12, 2026, 3:30 AM","59,090",4,4,4,4,0,"May 12, 2026, 1:44 PM"
pinnacle-Slc,"3,441,684",LOGIN,"July 24, 2026, 8:30 AM","531,910",5,5,5,5,0,"July 25, 2026, 5:43 PM"
pinnacle-Slc,"3,141,376",LOGIN,"May 22, 2026, 8:30 AM","93,645",5,5,5,5,0,"May 22, 2026, 5:12 PM"
pinnacle-Slc,"3,141,376",LOGIN,"May 22, 2026, 8:30 AM","82,170",5,5,5,5,0,"May 24, 2026, 8:21 AM"
pinnacle-Slc,"3,154,325",LOGIN,"May 26, 2026, 7:30 AM","174,190",5,5,5,5,0,"May 26, 2026, 7:51 AM"
pinnacle-Slc,"3,154,998",LOGIN,"May 26, 2026, 7:30 AM","331,940",5,5,5,5,0,"May 26, 2026, 11:49 AM"
pinnacle-Slc,"3,463,539",LOGOUT,"July 28, 2026, 5:30 PM","403,045",5,5,5,5,0,"July 29, 2026, 7:10 AM"
pinnacle-Slc,"3,458,249",LOGIN,"July 28, 2026, 8:30 AM","100,110",5,5,5,5,0,"July 28, 2026, 9:49 AM"
pinnacle-Slc,"3,458,249",LOGIN,"July 28, 2026, 8:30 AM","273,520",5,5,5,5,0,"July 28, 2026, 1:13 PM"
pinnacle-Slc,"3,458,249",LOGIN,"July 28, 2026, 8:30 AM","650,280",5,5,5,5,0,"July 28, 2026, 2:09 PM"
pinnacle-Slc,"3,459,499",LOGOUT,"July 28, 2026, 3:30 PM","549,895",5,5,5,5,0,"July 28, 2026, 6:41 PM"
pinnacle-Slc,"3,459,499",LOGOUT,"July 28, 2026, 3:30 PM","89,335",5,5,5,5,0,"July 28, 2026, 10:38 PM"
pinnacle-Slc,"3,459,499",LOGOUT,"July 28, 2026, 3:30 PM","264,280",5,5,5,5,0,"July 28, 2026, 11:09 PM"
pinnacle-Slc,"3,450,661",LOGIN,"July 27, 2026, 1:30 PM","438,195",5,5,5,5,0,"July 27, 2026, 9:56 PM"
pinnacle-Slc,"3,155,452",LOGIN,"May 26, 2026, 8:30 AM","415,420",5,5,5,5,0,"May 26, 2026, 2:20 PM"
pinnacle-Slc,"3,156,643",LOGOUT,"May 26, 2026, 8:30 PM","221,410",5,5,5,5,5,"June 1, 2026, 6:57 PM"
pinnacle-Slc,"3,160,777",LOGIN,"May 27, 2026, 8:30 AM","198,950",5,5,5,5,0,"May 27, 2026, 1:26 PM"
pinnacle-Slc,"3,465,292",LOGOUT,"July 29, 2026, 10:30 PM","413,455",5,5,5,5,5,"July 29, 2026, 11:35 PM"
pinnacle-Slc,"3,178,102",LOGIN,"June 2, 2026, 7:30 AM","3,455",5,5,5,5,0,"June 2, 2026, 10:25 AM"
pinnacle-Slc,"3,178,102",LOGIN,"June 2, 2026, 7:30 AM","85,710",4,4,4,4,0,"June 2, 2026, 10:39 AM"
pinnacle-Slc,"3,178,102",LOGIN,"June 2, 2026, 7:30 AM","92,410",5,5,5,5,0,"June 2, 2026, 1:07 PM"
pinnacle-Slc,"3,483,938",LOGOUT,"July 31, 2026, 2:30 PM","614,165",5,5,5,5,0,"August 2, 2026, 10:39 PM"
pinnacle-Slc,"3,483,938",LOGOUT,"July 31, 2026, 2:30 PM","280,625",5,5,5,5,0,"August 3, 2026, 7:01 AM"
pinnacle-Slc,"3,466,892",LOGOUT,"July 29, 2026, 4:00 AM","628,205",5,5,5,5,0,"July 29, 2026, 4:26 PM"
pinnacle-Slc,"3,466,892",LOGOUT,"July 29, 2026, 4:00 AM","628,230",5,5,5,5,0,"July 30, 2026, 3:20 AM"
pinnacle-Slc,"3,185,306",LOGIN,"June 3, 2026, 9:00 AM","428,465",5,5,5,5,0,"June 3, 2026, 2:45 PM"
pinnacle-Slc,"3,186,339",LOGIN,"June 3, 2026, 8:30 AM","250,100",5,5,5,5,0,"June 3, 2026, 10:10 AM"
pinnacle-Slc,"3,186,339",LOGIN,"June 3, 2026, 8:30 AM","103,135",5,5,5,5,0,"June 3, 2026, 1:54 PM"
pinnacle-Slc,"3,186,339",LOGIN,"June 3, 2026, 8:30 AM","375,060",4,4,4,4,0,"June 3, 2026, 2:03 PM"
pinnacle-Slc,"3,484,468",LOGOUT,"July 31, 2026, 4:30 PM","94,655",5,5,5,5,0,"August 1, 2026, 10:47 AM"
pinnacle-Slc,"3,265,129",LOGIN,"June 18, 2026, 9:30 AM","263,295",5,5,5,5,0,"June 18, 2026, 3:11 PM"
pinnacle-Slc,"3,265,129",LOGIN,"June 18, 2026, 9:30 AM","49,700",5,5,5,5,0,"June 18, 2026, 3:27 PM"
pinnacle-Slc,"3,265,129",LOGIN,"June 18, 2026, 9:30 AM","200,425",5,5,5,5,0,"June 18, 2026, 3:31 PM"
pinnacle-Slc,"3,324,630",LOGIN,"June 30, 2026, 6:30 AM","249,690",5,5,5,5,5,"June 30, 2026, 2:03 PM"
pinnacle-Slc,"3,310,409",LOGOUT,"June 26, 2026, 2:30 PM","89,220",5,5,5,5,0,"June 28, 2026, 1:01 AM"
pinnacle-Slc,"3,310,409",LOGOUT,"June 26, 2026, 2:30 PM","384,730",5,5,5,5,0,"June 28, 2026, 6:00 PM"
pinnacle-Slc,"3,310,409",LOGOUT,"June 26, 2026, 2:30 PM","46,715",5,5,5,5,0,"June 29, 2026, 7:21 AM"
pinnacle-Slc,"3,319,057",LOGIN,"June 29, 2026, 10:30 AM","99,115",5,5,5,5,0,"June 29, 2026, 3:55 PM"
pinnacle-Slc,"3,307,468",LOGIN,"June 26, 2026, 9:00 AM","8,620",5,5,5,5,0,"June 26, 2026, 3:12 PM"
pinnacle-Slc,"3,307,468",LOGIN,"June 26, 2026, 9:00 AM","35,185",5,5,5,5,0,"June 26, 2026, 3:27 PM"
pinnacle-Slc,"3,067,512",LOGIN,"May 6, 2026, 8:30 AM","87,870",5,5,5,5,0,"May 6, 2026, 1:52 PM"
pinnacle-Slc,"3,067,512",LOGIN,"May 6, 2026, 8:30 AM","454,360",5,5,5,5,0,"May 6, 2026, 2:33 PM"
pinnacle-Slc,"3,067,512",LOGIN,"May 6, 2026, 8:30 AM","11,185",5,5,5,5,0,"May 6, 2026, 10:40 PM"
pinnacle-Slc,"3,373,408",LOGOUT,"July 9, 2026, 5:30 PM","561,115",5,5,5,5,0,"July 9, 2026, 11:17 PM"
pinnacle-Slc,"3,373,408",LOGOUT,"July 9, 2026, 5:30 PM","640,020",5,5,5,5,0,"July 10, 2026, 7:30 AM"
pinnacle-Slc,"3,080,514",LOGOUT,"May 8, 2026, 4:00 AM","441,860",5,5,5,5,5,"May 8, 2026, 5:09 AM"
pinnacle-Slc,"3,378,848",LOGOUT,"July 10, 2026, 11:00 PM","672,355",5,5,5,5,0,"July 12, 2026, 3:23 PM"
vanta-Sea,"5,096,371",LOGOUT,"July 29, 2026, 7:16 PM","459,205",5,5,5,5,0,"July 29, 2026, 10:10 PM"
pinnacle-Slc,"3,100,550",LOGOUT,"May 13, 2026, 3:00 PM","477,130",5,5,5,5,0,"May 14, 2026, 6:40 AM"
pinnacle-Slc,"3,100,550",LOGOUT,"May 13, 2026, 3:00 PM","66,280",5,5,5,5,0,"May 14, 2026, 7:23 AM"
pinnacle-Slc,"3,390,638",LOGIN,"July 14, 2026, 11:30 AM","158,360",5,5,5,5,0,"July 15, 2026, 10:15 AM"
pinnacle-Slc,"3,089,257",LOGOUT,"May 11, 2026, 4:30 PM","251,410",5,5,5,5,0,"May 12, 2026, 7:47 AM"
pinnacle-Slc,"3,390,862",LOGIN,"July 14, 2026, 9:00 AM","84,805",5,5,5,5,0,"July 14, 2026, 2:21 PM"
pinnacle-Slc,"3,390,862",LOGIN,"July 14, 2026, 9:00 AM","408,040",3,3,3,3,0,"July 14, 2026, 3:06 PM"
pinnacle-Slc,"3,390,862",LOGIN,"July 14, 2026, 9:00 AM","415,120",5,5,5,5,0,"July 14, 2026, 8:31 PM"
pinnacle-Slc,"3,413,843",LOGOUT,"July 17, 2026, 1:30 PM","352,225",5,5,5,5,0,"July 20, 2026, 5:01 AM"
pinnacle-Slc,"3,416,406",LOGIN,"July 20, 2026, 5:30 AM","136,240",4,4,4,4,4,"July 21, 2026, 4:50 AM"
orbit-Slc,"1,236,262",LOGOUT,"May 19, 2026, 11:00 PM","192,970",5,5,5,5,0,"May 20, 2026, 9:29 AM"
pinnacle-Slc,"3,107,025",LOGOUT,"May 14, 2026, 3:30 PM","93,390",5,5,5,5,0,"May 15, 2026, 7:50 AM"
pinnacle-Slc,"3,107,253",LOGOUT,"May 14, 2026, 2:30 PM","130,745",5,5,5,5,0,"May 15, 2026, 7:10 AM"
pinnacle-Slc,"3,107,253",LOGOUT,"May 14, 2026, 2:30 PM","96,320",5,5,5,5,0,"May 15, 2026, 7:41 AM"
pinnacle-Slc,"3,119,121",LOGOUT,"May 18, 2026, 2:30 PM","11,855",5,5,5,5,0,"May 18, 2026, 3:07 PM"
pinnacle-Slc,"3,105,356",LOGOUT,"May 14, 2026, 2:30 PM","83,210",5,5,5,5,0,"May 14, 2026, 3:29 PM"
pinnacle-Slc,"3,105,356",LOGOUT,"May 14, 2026, 2:30 PM","400,570",5,5,5,5,0,"May 14, 2026, 10:31 PM"
pinnacle-Slc,"3,105,356",LOGOUT,"May 14, 2026, 2:30 PM","99,565",5,5,5,5,0,"May 15, 2026, 2:40 AM"
catalyst-Sac,"1,485,133",LOGOUT,"June 8, 2026, 7:00 PM","598,230",5,5,5,5,5,"June 8, 2026, 8:17 PM"
catalyst-Sac,"1,485,133",LOGOUT,"June 8, 2026, 7:00 PM","24,135",5,5,5,5,5,"June 8, 2026, 8:24 PM"
catalyst-Sac,"1,507,297",LOGOUT,"June 24, 2026, 1:30 AM","343,915",5,5,5,5,0,"June 24, 2026, 2:35 AM"
catalyst-Sac,"1,534,305",LOGOUT,"July 14, 2026, 1:30 AM","237,690",5,5,5,5,5,"July 14, 2026, 2:44 AM"
orbit-Slc,"1,275,769",LOGIN,"June 12, 2026, 1:00 PM","172,160",5,5,5,5,0,"June 12, 2026, 1:11 PM"
orbit-Slc,"1,275,769",LOGIN,"June 12, 2026, 1:00 PM","24,080",5,5,5,5,0,"June 12, 2026, 3:35 PM"
catalyst-Sac,"1,545,037",LOGOUT,"July 21, 2026, 8:30 PM","330,925",5,5,5,5,0,"July 21, 2026, 9:49 PM"
catalyst-Sac,"1,550,322",LOGOUT,"July 24, 2026, 7:00 PM","708,075",5,5,5,5,5,"July 24, 2026, 8:31 PM"
catalyst-Sac,"1,558,097",LOGIN,"July 30, 2026, 7:30 PM","565,660",5,5,5,5,0,"July 30, 2026, 6:30 PM"
orbit-Slc,"1,287,283",LOGOUT,"June 18, 2026, 8:00 PM","152,490",4,4,4,4,0,"June 19, 2026, 8:45 AM"
orbit-Slc,"1,287,283",LOGOUT,"June 18, 2026, 8:00 PM","233,190",5,5,5,5,0,"June 22, 2026, 9:30 AM"
orbit-Slc,"1,293,902",LOGIN,"June 23, 2026, 1:00 PM","119,350",5,5,5,5,0,"June 23, 2026, 9:19 PM"
orbit-Slc,"1,293,902",LOGIN,"June 23, 2026, 1:00 PM","111,025",5,5,5,5,0,"June 23, 2026, 9:32 PM"
orbit-Slc,"1,293,902",LOGIN,"June 23, 2026, 1:00 PM","68,355",5,5,5,5,0,"June 23, 2026, 10:08 PM"
orbit-Slc,"1,305,501",LOGOUT,"June 29, 2026, 3:30 PM","182,345",5,5,5,5,0,"June 29, 2026, 4:17 PM"
orbit-Slc,"1,305,501",LOGOUT,"June 29, 2026, 3:30 PM","174,615",5,5,5,5,0,"June 29, 2026, 5:03 PM"
orbit-Slc,"1,305,501",LOGOUT,"June 29, 2026, 3:30 PM","111,460",4,4,4,4,0,"June 29, 2026, 10:19 PM"
orbit-Slc,"1,305,501",LOGOUT,"June 29, 2026, 3:30 PM","202,310",5,5,5,5,0,"June 30, 2026, 4:30 AM"
orbit-Slc,"1,336,342",LOGOUT,"July 15, 2026, 10:00 PM","114,925",5,5,5,5,0,"July 16, 2026, 9:30 AM"
orbit-Slc,"1,342,973",LOGOUT,"July 21, 2026, 5:30 AM","88,010",5,5,5,5,0,"July 21, 2026, 6:55 PM"
pinnacle-Slc,"3,106,566",LOGOUT,"May 14, 2026, 3:00 PM","113,525",5,5,5,5,0,"May 14, 2026, 8:42 PM"
pinnacle-Slc,"3,106,566",LOGOUT,"May 14, 2026, 3:00 PM","378,135",4,4,4,4,0,"May 14, 2026, 10:55 PM"
pinnacle-Slc,"3,099,440",LOGOUT,"May 13, 2026, 9:30 PM","82,150",5,5,5,5,5,"May 14, 2026, 12:56 PM"
pinnacle-Slc,"3,404,659",LOGIN,"July 16, 2026, 1:00 PM","403,705",5,5,5,5,0,"July 16, 2026, 3:14 PM"
pinnacle-Slc,"3,112,472",LOGOUT,"May 15, 2026, 4:30 PM","89,945",5,5,5,5,0,"May 18, 2026, 1:08 AM"
pinnacle-Slc,"3,112,472",LOGOUT,"May 15, 2026, 4:30 PM","90,805",5,5,5,5,0,"May 18, 2026, 4:57 PM"
pinnacle-Slc,"3,419,451",LOGIN,"July 20, 2026, 9:00 AM","105,795",5,5,5,5,0,"July 20, 2026, 2:52 PM"
pinnacle-Slc,"3,419,451",LOGIN,"July 20, 2026, 9:00 AM","115,750",5,5,5,5,0,"July 20, 2026, 4:26 PM"
pinnacle-Slc,"3,132,819",LOGOUT,"May 20, 2026, 4:30 PM","95,535",5,5,5,5,0,"May 21, 2026, 12:17 AM"
pinnacle-Slc,"3,132,819",LOGOUT,"May 20, 2026, 4:30 PM","600,055",5,5,5,5,0,"May 21, 2026, 8:34 AM"
pinnacle-Slc,"3,131,673",LOGOUT,"May 20, 2026, 3:30 PM","165,960",4,4,4,4,0,"May 20, 2026, 7:33 PM"
pinnacle-Slc,"3,131,673",LOGOUT,"May 20, 2026, 3:30 PM","636,525",5,5,5,5,0,"May 20, 2026, 11:45 PM"
pinnacle-Slc,"3,131,673",LOGOUT,"May 20, 2026, 3:30 PM","125,075",5,5,5,5,0,"May 21, 2026, 7:58 AM"
orbit-Slc,"1,257,891",LOGOUT,"June 2, 2026, 8:00 PM","4,035",5,5,5,5,5,"June 2, 2026, 8:56 PM"
orbit-Slc,"1,257,891",LOGOUT,"June 2, 2026, 8:00 PM","17,305",5,5,5,5,5,"June 4, 2026, 8:36 AM"
orbit-Slc,"1,216,847",LOGIN,"May 7, 2026, 6:30 AM","25,920",4,4,4,4,0,"May 7, 2026, 6:05 AM"
orbit-Slc,"1,216,847",LOGIN,"May 7, 2026, 6:30 AM","164,250",5,5,5,5,0,"May 7, 2026, 1:43 PM"
pinnacle-Slc,"3,123,194",LOGIN,"May 19, 2026, 9:00 AM","646,305",5,5,5,5,0,"May 19, 2026, 2:13 PM"
pinnacle-Slc,"3,123,194",LOGIN,"May 19, 2026, 9:00 AM","645,640",5,5,5,5,0,"May 19, 2026, 5:23 PM"
orbit-Slc,"1,246,646",LOGIN,"May 26, 2026, 11:00 AM","91,310",5,5,5,5,0,"May 26, 2026, 10:45 AM"
orbit-Slc,"1,246,646",LOGIN,"May 26, 2026, 11:00 AM","31,620",5,5,5,5,0,"May 26, 2026, 7:31 PM"
pinnacle-Slc,"3,430,072",LOGIN,"July 22, 2026, 10:30 AM","101,585",5,5,5,5,0,"July 22, 2026, 4:20 PM"
pinnacle-Slc,"3,430,072",LOGIN,"July 22, 2026, 10:30 AM","215,605",5,5,5,5,0,"July 23, 2026, 12:00 AM"
pinnacle-Slc,"3,431,958",LOGOUT,"July 22, 2026, 3:30 PM","226,005",5,5,5,5,0,"July 22, 2026, 11:48 PM"
pinnacle-Slc,"3,431,958",LOGOUT,"July 22, 2026, 3:30 PM","148,125",5,5,5,5,0,"July 23, 2026, 8:25 AM"
orbit-Slc,"1,216,183",LOGOUT,"May 6, 2026, 8:00 PM","60,885",5,5,5,5,5,"May 7, 2026, 7:34 AM"
orbit-Slc,"1,216,183",LOGOUT,"May 6, 2026, 8:00 PM","241,905",5,5,5,5,5,"May 7, 2026, 7:40 AM"
pinnacle-Slc,"3,143,612",LOGOUT,"May 22, 2026, 2:30 AM","398,935",5,5,5,5,0,"May 22, 2026, 9:48 AM"
pinnacle-Slc,"3,143,612",LOGOUT,"May 22, 2026, 2:30 AM","523,505",5,5,5,5,0,"May 22, 2026, 2:59 PM"
pinnacle-Slc,"3,450,188",LOGIN,"July 27, 2026, 8:30 AM","107,765",5,5,5,5,0,"July 27, 2026, 1:25 PM"
pinnacle-Slc,"3,450,188",LOGIN,"July 27, 2026, 8:30 AM","372,025",5,5,5,5,0,"July 27, 2026, 2:01 PM"
pinnacle-Slc,"3,151,892",LOGOUT,"May 25, 2026, 1:30 PM","130,805",4,4,4,4,0,"May 26, 2026, 5:07 AM"
orbit-Slc,"1,245,980",LOGOUT,"May 25, 2026, 10:00 PM","195,830",5,5,5,5,0,"May 25, 2026, 11:15 PM"
orbit-Slc,"1,245,980",LOGOUT,"May 25, 2026, 10:00 PM","9,705",5,5,5,5,0,"May 26, 2026, 10:04 AM"
orbit-Slc,"1,245,980",LOGOUT,"May 25, 2026, 10:00 PM","3,350",5,5,5,5,0,"May 26, 2026, 1:29 PM"
pinnacle-Slc,"3,142,050",LOGIN,"May 22, 2026, 9:30 AM","266,425",5,5,5,5,0,"May 22, 2026, 1:37 PM"
pinnacle-Slc,"3,159,690",LOGIN,"May 27, 2026, 8:30 AM","235,240",5,5,5,5,0,"May 27, 2026, 2:20 PM"
pinnacle-Slc,"3,131,167",LOGOUT,"May 20, 2026, 2:00 AM","317,625",5,5,5,5,5,"May 21, 2026, 11:50 AM"
pinnacle-Slc,"3,332,719",LOGOUT,"July 1, 2026, 3:00 PM","343,810",5,5,5,5,0,"July 1, 2026, 3:24 PM"
pinnacle-Slc,"3,334,833",LOGIN,"July 2, 2026, 8:30 AM","361,960",5,5,5,5,0,"July 2, 2026, 2:49 PM"
pinnacle-Slc,"3,332,486",LOGOUT,"July 1, 2026, 9:30 PM","64,425",5,5,5,5,0,"July 2, 2026, 12:56 PM"
pinnacle-Slc,"3,359,121",LOGOUT,"July 7, 2026, 2:30 PM","125,800",4,4,4,4,0,"July 7, 2026, 5:01 PM"
pinnacle-Slc,"3,359,121",LOGOUT,"July 7, 2026, 2:30 PM","273,045",5,5,5,5,0,"July 7, 2026, 7:21 PM"
pinnacle-Slc,"3,359,121",LOGOUT,"July 7, 2026, 2:30 PM","679,990",4,4,4,4,0,"July 8, 2026, 7:34 AM"
pinnacle-Slc,"3,361,858",LOGIN,"July 8, 2026, 8:30 AM","575,305",5,5,5,5,0,"July 8, 2026, 1:22 PM"
pinnacle-Slc,"3,352,974",LOGIN,"July 6, 2026, 8:30 AM","288,700",5,5,5,5,0,"July 6, 2026, 2:37 PM"
pinnacle-Slc,"3,053,967",LOGIN,"May 4, 2026, 9:00 AM","471,025",5,5,5,5,0,"May 4, 2026, 11:25 AM"
pinnacle-Slc,"3,053,967",LOGIN,"May 4, 2026, 9:00 AM","554,845",5,5,5,5,0,"May 4, 2026, 2:21 PM"
pinnacle-Slc,"3,061,180",LOGOUT,"May 5, 2026, 3:30 PM","94,770",5,5,5,5,0,"May 6, 2026, 6:33 AM"
pinnacle-Slc,"3,346,484",LOGOUT,"July 3, 2026, 2:30 AM","327,810",5,5,5,5,5,"July 3, 2026, 3:29 PM"
pinnacle-Slc,"3,060,335",LOGIN,"May 5, 2026, 10:30 AM","151,430",5,5,5,5,0,"May 5, 2026, 4:03 PM"
pinnacle-Slc,"3,060,335",LOGIN,"May 5, 2026, 10:30 AM","481,090",5,5,5,5,0,"May 5, 2026, 4:06 PM"
pinnacle-Slc,"3,373,885",LOGOUT,"July 9, 2026, 2:30 PM","65,125",5,1,1,5,0,"July 9, 2026, 3:16 PM"
pinnacle-Slc,"3,373,885",LOGOUT,"July 9, 2026, 2:30 PM","302,560",5,5,5,5,0,"July 10, 2026, 7:12 AM"
pinnacle-Slc,"3,381,800",LOGOUT,"July 10, 2026, 8:00 PM","308,035",5,5,5,5,0,"July 10, 2026, 8:48 PM"
pinnacle-Slc,"3,087,935",LOGIN,"May 11, 2026, 8:30 AM","246,130",5,5,5,5,0,"May 11, 2026, 3:06 PM"
pinnacle-Slc,"3,087,935",LOGIN,"May 11, 2026, 8:30 AM","84,190",5,5,5,5,0,"May 11, 2026, 3:25 PM"
pinnacle-Slc,"3,094,019",LOGOUT,"May 12, 2026, 2:30 PM","648,955",5,5,5,5,0,"May 12, 2026, 7:37 PM"
pinnacle-Slc,"3,377,959",LOGOUT,"July 10, 2026, 3:00 PM","165,280",5,5,5,5,0,"July 11, 2026, 10:45 AM"
pinnacle-Slc,"3,189,749",LOGOUT,"June 3, 2026, 1:30 PM","132,610",4,4,4,4,0,"June 3, 2026, 11:17 PM"
vanta-Sea,"4,909,170",LOGIN,"June 3, 2026, 12:00 PM","54,620",5,5,5,5,0,"June 3, 2026, 12:09 PM"
vanta-Sea,"4,930,511",LOGIN,"June 10, 2026, 10:00 AM","483,115",5,5,5,5,0,"June 10, 2026, 10:03 AM"
pinnacle-Slc,"3,218,079",LOGIN,"June 10, 2026, 8:30 AM","134,445",5,5,5,5,0,"June 10, 2026, 2:23 PM"
pinnacle-Slc,"3,218,079",LOGIN,"June 10, 2026, 8:30 AM","87,375",5,5,5,5,0,"June 10, 2026, 3:23 PM"
pinnacle-Slc,"3,225,015",LOGIN,"June 11, 2026, 8:30 AM","464,925",5,5,5,5,0,"June 11, 2026, 2:35 PM"
pinnacle-Slc,"3,194,579",LOGOUT,"June 4, 2026, 2:30 PM","25,425",4,4,4,4,0,"June 4, 2026, 4:40 PM"
pinnacle-Slc,"3,194,579",LOGOUT,"June 4, 2026, 2:30 PM","92,710",5,5,5,5,0,"June 4, 2026, 8:35 PM"
pinnacle-Slc,"3,194,579",LOGOUT,"June 4, 2026, 2:30 PM","44,085",5,5,5,5,0,"June 4, 2026, 9:01 PM"
pinnacle-Slc,"3,195,770",LOGOUT,"June 4, 2026, 3:00 PM","384,895",5,5,5,5,0,"June 4, 2026, 10:20 PM"
pinnacle-Slc,"3,195,770",LOGOUT,"June 4, 2026, 3:00 PM","170,905",5,5,5,5,0,"June 5, 2026, 7:17 AM"
pinnacle-Slc,"3,225,466",LOGIN,"June 11, 2026, 9:30 AM","87,225",5,5,5,5,0,"June 11, 2026, 3:14 PM"
pinnacle-Slc,"3,233,028",LOGOUT,"June 11, 2026, 6:30 PM","102,135",5,5,5,5,0,"June 12, 2026, 9:18 AM"
pinnacle-Slc,"3,233,661",LOGIN,"June 12, 2026, 7:30 AM","515,255",5,5,5,5,0,"June 12, 2026, 11:42 AM"
pinnacle-Slc,"3,219,212",LOGIN,"June 10, 2026, 9:00 AM","537,030",5,5,5,5,0,"June 10, 2026, 2:22 PM"
pinnacle-Slc,"3,219,212",LOGIN,"June 10, 2026, 9:00 AM","91,310",5,5,5,5,0,"June 10, 2026, 2:52 PM"
pinnacle-Slc,"3,243,173",LOGIN,"June 15, 2026, 10:30 AM","82,020",5,5,5,5,0,"June 15, 2026, 1:12 PM"
pinnacle-Slc,"3,248,266",LOGIN,"June 16, 2026, 9:00 AM","149,460",5,5,5,5,0,"June 16, 2026, 1:18 PM"
pinnacle-Slc,"3,248,266",LOGIN,"June 16, 2026, 9:00 AM","2,675",5,5,5,5,0,"June 16, 2026, 2:49 PM"
pinnacle-Slc,"3,248,266",LOGIN,"June 16, 2026, 9:00 AM","378,135",4,4,4,4,0,"June 16, 2026, 2:49 PM"
pinnacle-Slc,"3,258,482",LOGOUT,"June 17, 2026, 4:30 PM",850,5,5,5,5,0,"June 17, 2026, 9:07 PM"
pinnacle-Slc,"3,258,482",LOGOUT,"June 17, 2026, 4:30 PM","66,135",5,5,5,5,0,"June 17, 2026, 11:53 PM"
pinnacle-Slc,"3,258,482",LOGOUT,"June 17, 2026, 4:30 PM","529,435",5,5,5,5,0,"June 19, 2026, 5:14 PM"
pinnacle-Slc,"3,266,431",LOGIN,"June 18, 2026, 9:00 AM","524,485",5,5,5,5,0,"June 18, 2026, 1:50 PM"
pinnacle-Slc,"3,259,256",LOGOUT,"June 17, 2026, 5:30 PM","408,190",5,5,5,5,0,"June 17, 2026, 6:16 PM"
pinnacle-Slc,"3,265,355",LOGIN,"June 18, 2026, 10:30 AM","296,030",5,5,5,5,0,"June 18, 2026, 3:13 PM"
pinnacle-Slc,"3,265,355",LOGIN,"June 18, 2026, 10:30 AM","288,550",5,5,5,5,0,"June 18, 2026, 4:26 PM"
pinnacle-Slc,"3,265,959",LOGIN,"June 18, 2026, 8:30 AM","699,460",5,5,5,5,0,"June 18, 2026, 1:32 PM"
pinnacle-Slc,"3,265,959",LOGIN,"June 18, 2026, 8:30 AM","2,680",5,3,5,5,0,"June 18, 2026, 2:02 PM"
pinnacle-Slc,"3,304,128",LOGOUT,"June 25, 2026, 1:30 PM","100,265",5,5,5,5,0,"June 25, 2026, 5:35 PM"
pinnacle-Slc,"3,304,128",LOGOUT,"June 25, 2026, 1:30 PM","115,730",5,5,5,5,0,"June 26, 2026, 8:50 AM"
pinnacle-Slc,"3,316,383",LOGIN,"June 29, 2026, 8:30 AM","341,335",5,5,5,5,0,"June 29, 2026, 12:38 PM"
pinnacle-Slc,"3,316,383",LOGIN,"June 29, 2026, 8:30 AM","393,310",5,5,5,5,0,"June 29, 2026, 1:54 PM"
pinnacle-Slc,"3,251,955",LOGOUT,"June 16, 2026, 1:30 PM","87,165",5,5,5,5,0,"June 17, 2026, 6:01 AM"
pinnacle-Slc,"3,253,438",LOGOUT,"June 16, 2026, 3:30 PM","57,610",5,5,5,5,0,"June 16, 2026, 10:41 PM"
pinnacle-Slc,"3,253,438",LOGOUT,"June 16, 2026, 3:30 PM","506,830",5,5,5,5,0,"June 17, 2026, 7:47 AM"
pinnacle-Slc,"3,266,683",LOGIN,"June 18, 2026, 10:30 AM","140,555",5,5,5,5,0,"June 18, 2026, 2:52 PM"
pinnacle-Slc,"3,266,683",LOGIN,"June 18, 2026, 10:30 AM","422,020",5,5,5,5,0,"June 18, 2026, 4:03 PM"
pinnacle-Slc,"3,272,113",LOGIN,"June 19, 2026, 9:30 AM","107,850",5,5,5,5,0,"June 19, 2026, 3:09 PM"
pinnacle-Slc,"3,272,113",LOGIN,"June 19, 2026, 9:30 AM","166,870",5,5,5,5,0,"June 19, 2026, 3:18 PM"
pinnacle-Slc,"3,272,113",LOGIN,"June 19, 2026, 9:30 AM","309,160",5,5,5,5,0,"June 19, 2026, 4:14 PM"
pinnacle-Slc,"3,248,506",LOGIN,"June 16, 2026, 9:30 AM","96,635",5,5,5,5,0,"June 16, 2026, 9:59 AM"
pinnacle-Slc,"3,248,506",LOGIN,"June 16, 2026, 9:30 AM","442,535",5,5,5,5,0,"June 16, 2026, 10:58 AM"
pinnacle-Slc,"3,248,506",LOGIN,"June 16, 2026, 9:30 AM","84,115",5,5,5,5,0,"June 16, 2026, 3:25 PM"
orbit-Slc,"1,246,252",LOGOUT,"May 25, 2026, 8:00 PM","32,330",5,5,5,5,5,"May 26, 2026, 8:45 AM"
orbit-Slc,"1,246,252",LOGOUT,"May 25, 2026, 8:00 PM","209,515",5,5,5,5,5,"May 26, 2026, 8:54 AM"
orbit-Slc,"1,246,252",LOGOUT,"May 25, 2026, 8:00 PM","32,290",5,5,5,5,5,"May 26, 2026, 10:47 AM"
pinnacle-Slc,"3,146,208",LOGOUT,"May 22, 2026, 2:30 PM","445,980",5,5,5,5,0,"May 22, 2026, 3:15 PM"
pinnacle-Slc,"3,146,208",LOGOUT,"May 22, 2026, 2:30 PM","255,700",5,5,5,5,0,"May 24, 2026, 8:33 PM"
pinnacle-Slc,"3,165,534",LOGIN,"May 28, 2026, 9:30 PM","266,095",4,4,4,4,4,"June 2, 2026, 1:27 PM"
pinnacle-Slc,"3,167,865",LOGIN,"May 29, 2026, 9:00 AM","640,515",5,5,5,5,0,"May 29, 2026, 12:47 PM"
pinnacle-Slc,"3,167,865",LOGIN,"May 29, 2026, 9:00 AM","282,270",5,5,5,5,0,"June 1, 2026, 1:08 PM"
pinnacle-Slc,"3,150,249",LOGOUT,"May 25, 2026, 4:30 PM","418,635",5,5,5,5,0,"May 26, 2026, 12:43 AM"
pinnacle-Slc,"3,150,249",LOGOUT,"May 25, 2026, 4:30 PM","107,705",5,5,5,5,0,"May 26, 2026, 8:23 AM"
pinnacle-Slc,"3,168,161",LOGIN,"May 29, 2026, 10:30 AM","232,125",5,5,5,5,0,"May 29, 2026, 12:37 PM"
pinnacle-Slc,"3,161,957",LOGIN,"May 27, 2026, 1:30 PM","99,410",5,5,5,5,0,"May 27, 2026, 10:39 PM"
pinnacle-Slc,"3,468,879",LOGOUT,"July 29, 2026, 3:30 PM","482,740",5,5,5,5,0,"July 29, 2026, 3:49 PM"
pinnacle-Slc,"3,188,981",LOGOUT,"June 3, 2026, 4:30 PM","4,620",5,5,5,5,0,"June 3, 2026, 5:42 PM"
pinnacle-Slc,"3,188,981",LOGOUT,"June 3, 2026, 4:30 PM","97,770",5,5,5,5,0,"June 6, 2026, 3:45 PM"
vanta-Sea,"4,854,948",LOGOUT,"May 15, 2026, 5:30 PM","25,420",5,5,5,5,0,"May 15, 2026, 5:54 PM"
pinnacle-Slc,"3,162,321",LOGOUT,"May 27, 2026, 2:30 PM","12,160",5,5,5,5,0,"May 28, 2026, 6:14 PM"
pinnacle-Slc,"3,162,321",LOGOUT,"May 27, 2026, 2:30 PM","106,070",5,5,5,5,0,"May 28, 2026, 11:47 PM"
pinnacle-Slc,"3,183,275",LOGOUT,"June 2, 2026, 2:30 PM","538,840",5,5,5,5,0,"June 3, 2026, 5:55 AM"
pinnacle-Slc,"3,186,575",LOGIN,"June 3, 2026, 10:30 AM","14,260",5,5,5,5,0,"June 3, 2026, 1:28 PM"
pinnacle-Slc,"3,188,240",LOGOUT,"June 3, 2026, 2:30 PM","143,005",5,5,5,5,0,"June 3, 2026, 3:39 PM"
vanta-Sea,"4,864,948",LOGOUT,"May 19, 2026, 8:30 PM","460,855",5,5,5,5,0,"May 19, 2026, 9:06 PM"
pinnacle-Slc,"3,252,223",LOGOUT,"June 16, 2026, 8:00 PM","612,330",5,5,5,5,0,"June 17, 2026, 12:36 PM"
pinnacle-Slc,"3,377,031",LOGIN,"July 10, 2026, 9:30 AM","2,945",5,5,5,5,0,"July 10, 2026, 1:32 PM"
pinnacle-Slc,"3,377,031",LOGIN,"July 10, 2026, 9:30 AM","97,245",5,5,5,5,0,"July 11, 2026, 11:53 PM"
pinnacle-Slc,"3,082,512",LOGOUT,"May 8, 2026, 3:30 PM","641,670",4,4,4,4,0,"May 10, 2026, 10:26 PM"
pinnacle-Slc,"3,384,541",LOGOUT,"July 13, 2026, 4:30 PM","250,100",5,5,5,5,0,"July 13, 2026, 5:58 PM"
pinnacle-Slc,"3,384,541",LOGOUT,"July 13, 2026, 4:30 PM","250,080",5,5,5,5,0,"July 13, 2026, 11:17 PM"
pinnacle-Slc,"3,368,858",LOGIN,"July 9, 2026, 9:30 AM","420,570",5,5,5,5,0,"July 9, 2026, 3:25 PM"
pinnacle-Slc,"3,396,201",LOGIN,"July 15, 2026, 9:30 AM","708,715",5,5,5,5,0,"July 15, 2026, 12:01 PM"
pinnacle-Slc,"3,091,077",LOGIN,"May 12, 2026, 10:30 AM","73,870",5,5,5,5,0,"May 12, 2026, 2:46 PM"
pinnacle-Slc,"3,390,407",LOGIN,"July 14, 2026, 9:30 AM","424,665",4,4,4,4,0,"July 14, 2026, 3:32 PM"
pinnacle-Slc,"3,390,407",LOGIN,"July 14, 2026, 9:30 AM","347,440",5,5,5,5,0,"July 14, 2026, 4:36 PM"
pinnacle-Slc,"3,379,163",LOGIN,"July 11, 2026, 5:30 AM","578,605",5,5,5,5,5,"July 11, 2026, 3:47 PM"
pinnacle-Slc,"3,379,163",LOGIN,"July 11, 2026, 5:30 AM","585,705",5,5,5,5,5,"July 11, 2026, 8:51 PM"
pinnacle-Slc,"3,387,786",LOGOUT,"July 13, 2026, 2:30 PM","342,500",5,5,5,5,0,"July 14, 2026, 6:58 AM"
pinnacle-Slc,"3,094,546",LOGOUT,"May 12, 2026, 3:00 PM","10,775",5,5,5,5,0,"May 12, 2026, 10:27 PM"
pinnacle-Slc,"3,116,326",LOGIN,"May 18, 2026, 7:30 AM","493,975",5,5,5,5,0,"May 18, 2026, 3:02 PM"
pinnacle-Slc,"3,400,659",LOGOUT,"July 15, 2026, 4:30 PM","108,545",5,5,5,5,0,"July 15, 2026, 8:08 PM"
pinnacle-Slc,"3,400,659",LOGOUT,"July 15, 2026, 4:30 PM","115,815",5,5,5,5,0,"July 16, 2026, 2:21 AM"
orbit-Slc,"1,262,674",LOGIN,"June 5, 2026, 6:30 PM","266,860",5,5,5,5,0,"June 6, 2026, 1:02 AM"
orbit-Slc,"1,264,763",LOGOUT,"June 6, 2026, 12:00 AM","105,605",5,5,5,5,0,"June 6, 2026, 5:19 AM"
catalyst-Sac,"1,447,277",LOGIN,"May 7, 2026, 6:30 AM","350,560",5,5,5,5,0,"May 7, 2026, 5:58 AM"
catalyst-Sac,"1,448,967",LOGOUT,"May 8, 2026, 2:30 AM","659,080",5,5,5,5,0,"May 8, 2026, 3:16 AM"
orbit-Slc,"1,269,332",LOGOUT,"June 9, 2026, 3:30 PM","158,910",5,5,5,5,0,"June 14, 2026, 11:49 PM"
vanta-Aus,"1,201,080",LOGOUT,"June 29, 2026, 8:15 PM","319,260",5,5,5,5,0,"June 29, 2026, 8:51 PM"
catalyst-Sac,"1,456,202",LOGOUT,"May 14, 2026, 2:00 AM","646,300",1,1,1,1,1,"May 14, 2026, 3:18 PM"
catalyst-Sac,"1,549,924",LOGOUT,"July 24, 2026, 4:00 AM","542,715",5,5,5,5,0,"July 24, 2026, 5:29 AM"
orbit-Slc,"1,311,104",LOGOUT,"July 1, 2026, 10:00 PM","276,925",5,5,5,5,5,"July 1, 2026, 11:36 PM"
orbit-Slc,"1,311,104",LOGOUT,"July 1, 2026, 10:00 PM","234,150",5,5,5,5,5,"July 3, 2026, 1:12 AM"
pinnacle-Slc,"3,330,916",LOGIN,"July 1, 2026, 12:00 PM","399,745",5,5,5,5,0,"July 1, 2026, 2:27 PM"
pinnacle-Slc,"3,403,921",LOGIN,"July 16, 2026, 10:30 AM","704,585",5,5,5,5,0,"July 16, 2026, 3:25 PM"
pinnacle-Slc,"3,106,789",LOGOUT,"May 14, 2026, 4:30 PM","507,820",5,5,5,5,0,"May 15, 2026, 1:00 AM"
pinnacle-Slc,"3,106,789",LOGOUT,"May 14, 2026, 4:30 PM","83,255",5,5,5,5,0,"May 15, 2026, 1:27 AM"
pinnacle-Slc,"3,106,789",LOGOUT,"May 14, 2026, 4:30 PM","95,690",5,5,5,5,0,"May 15, 2026, 8:15 AM"
pinnacle-Slc,"3,405,985",LOGOUT,"July 16, 2026, 2:30 PM","375,825",5,5,5,5,0,"July 16, 2026, 8:48 PM"
pinnacle-Slc,"3,419,923",LOGOUT,"July 20, 2026, 1:30 PM","629,075",5,5,5,5,0,"July 21, 2026, 6:37 AM"
pinnacle-Slc,"3,419,923",LOGOUT,"July 20, 2026, 1:30 PM","118,595",5,5,5,5,0,"July 21, 2026, 6:54 AM"
pinnacle-Slc,"3,422,182",LOGIN,"July 21, 2026, 9:00 AM","94,110",5,5,5,5,0,"July 21, 2026, 8:59 AM"
pinnacle-Slc,"3,422,182",LOGIN,"July 21, 2026, 9:00 AM","472,685",5,5,5,5,0,"July 21, 2026, 2:35 PM"
pinnacle-Slc,"3,117,189",LOGIN,"May 18, 2026, 9:30 AM","300,745",5,5,5,5,0,"May 18, 2026, 3:29 PM"
pinnacle-Slc,"3,117,189",LOGIN,"May 18, 2026, 9:30 AM","137,070",5,5,5,5,0,"May 18, 2026, 4:38 PM"
pinnacle-Slc,"3,136,293",LOGIN,"May 21, 2026, 9:00 AM","101,240",5,5,5,5,0,"May 21, 2026, 2:50 PM"
pinnacle-Slc,"3,130,904",LOGOUT,"May 20, 2026, 5:30 PM","250,250",5,5,5,5,0,"May 21, 2026, 6:51 AM"
pinnacle-Slc,"3,130,421",LOGIN,"May 20, 2026, 10:30 AM","311,800",5,5,5,5,0,"May 20, 2026, 1:22 PM"
orbit-Slc,"1,230,042",LOGIN,"May 15, 2026, 6:30 AM","196,715",5,5,5,5,5,"May 15, 2026, 6:25 AM"
pinnacle-Slc,"3,443,213",LOGIN,"July 24, 2026, 6:00 PM","628,200",5,5,5,5,0,"July 25, 2026, 2:19 AM"
orbit-Slc,"1,234,378",LOGOUT,"May 18, 2026, 3:30 PM","258,815",5,5,5,5,0,"May 19, 2026, 7:52 AM"
orbit-Slc,"1,234,378",LOGOUT,"May 18, 2026, 3:30 PM","67,155",5,5,5,5,0,"May 19, 2026, 8:39 AM"
orbit-Slc,"1,234,378",LOGOUT,"May 18, 2026, 3:30 PM","30,725",5,5,5,5,0,"May 20, 2026, 1:16 PM"
pinnacle-Slc,"3,158,919",LOGOUT,"May 25, 2026, 11:00 PM","599,565",4,4,4,4,0,"May 26, 2026, 7:53 AM"
pinnacle-Slc,"3,462,188",LOGOUT,"July 28, 2026, 4:30 PM","534,725",5,5,5,5,0,"July 29, 2026, 12:12 AM"
pinnacle-Slc,"3,462,188",LOGOUT,"July 28, 2026, 4:30 PM","216,435",5,5,5,5,0,"July 29, 2026, 4:30 AM"
pinnacle-Slc,"3,328,335",LOGIN,"July 1, 2026, 9:30 AM","303,885",5,5,5,5,0,"July 1, 2026, 10:27 AM"
pinnacle-Slc,"3,328,335",LOGIN,"July 1, 2026, 9:30 AM","541,975",5,5,5,5,0,"July 1, 2026, 2:24 PM"
orbit-Slc,"1,349,113",LOGOUT,"July 22, 2026, 10:00 PM","51,410",5,5,5,5,5,"July 22, 2026, 11:20 PM"
orbit-Slc,"1,349,113",LOGOUT,"July 22, 2026, 10:00 PM","242,970",5,5,5,5,5,"July 23, 2026, 11:40 AM"
orbit-Slc,"1,349,113",LOGOUT,"July 22, 2026, 10:00 PM","30,225",4,4,4,4,4,"July 26, 2026, 11:54 PM"
orbit-Slc,"1,358,272",LOGIN,"July 28, 2026, 1:00 PM","18,190",5,5,5,5,0,"July 28, 2026, 1:45 PM"
orbit-Slc,"1,358,272",LOGIN,"July 28, 2026, 1:00 PM","39,150",4,4,4,4,0,"July 28, 2026, 5:32 PM"
orbit-Slc,"1,358,272",LOGIN,"July 28, 2026, 1:00 PM","66,040",5,5,5,5,0,"July 28, 2026, 9:02 PM"
orbit-Slc,"1,358,272",LOGIN,"July 28, 2026, 1:00 PM","261,260",4,4,4,4,0,"July 28, 2026, 9:19 PM"
pinnacle-Slc,"3,330,023",LOGOUT,"July 1, 2026, 3:30 PM","177,265",5,5,5,5,0,"July 2, 2026, 6:01 AM"
pinnacle-Slc,"3,330,023",LOGOUT,"July 1, 2026, 3:30 PM",315,5,5,5,5,0,"July 2, 2026, 6:04 AM"
orbit-Slc,"1,364,878",LOGOUT,"July 30, 2026, 3:30 PM","178,050",5,5,5,5,0,"August 3, 2026, 9:13 AM"
pinnacle-Slc,"3,357,783",LOGIN,"July 7, 2026, 1:00 PM","226,170",5,5,5,5,0,"July 7, 2026, 4:41 PM"
pinnacle-Slc,"3,055,978",LOGOUT,"May 4, 2026, 1:30 PM","184,420",5,5,5,5,0,"May 5, 2026, 6:42 AM"
pinnacle-Slc,"3,059,899",LOGIN,"May 5, 2026, 9:00 AM","144,165",5,5,5,5,0,"May 5, 2026, 1:56 PM"
pinnacle-Slc,"3,059,899",LOGIN,"May 5, 2026, 9:00 AM","296,195",5,5,5,5,0,"May 5, 2026, 2:01 PM"
pinnacle-Slc,"3,059,899",LOGIN,"May 5, 2026, 9:00 AM","357,670",4,4,4,4,0,"May 5, 2026, 2:07 PM"
pinnacle-Slc,"3,358,610",LOGOUT,"July 7, 2026, 1:30 PM","152,965",5,5,5,5,0,"July 7, 2026, 10:00 PM"
pinnacle-Slc,"3,074,379",LOGOUT,"May 7, 2026, 1:30 PM","150,275",5,5,5,5,0,"May 7, 2026, 11:48 PM"
pinnacle-Slc,"3,086,525",LOGIN,"May 11, 2026, 12:30 PM","128,855",5,5,5,5,0,"May 11, 2026, 5:29 PM"
pinnacle-Slc,"3,073,423",LOGIN,"May 7, 2026, 8:00 AM","221,400",5,5,5,5,0,"May 7, 2026, 2:53 PM"
pinnacle-Slc,"3,075,993",LOGOUT,"May 7, 2026, 3:00 PM","332,920",5,5,5,5,0,"May 8, 2026, 6:56 AM"
pinnacle-Slc,"3,078,174",LOGIN,"May 8, 2026, 8:00 AM","411,140",5,5,5,5,0,"May 8, 2026, 2:59 PM"
vanta-Sea,"4,900,653",LOGIN,"June 1, 2026, 9:00 AM","24,360",1,5,1,1,0,"June 1, 2026, 9:11 AM"
pinnacle-Slc,"3,189,529",LOGOUT,"June 3, 2026, 8:30 PM","221,410",5,5,5,5,5,"June 4, 2026, 12:08 PM"
vanta-Sea,"4,950,959",LOGIN,"June 16, 2026, 1:00 PM","439,785",5,5,5,5,0,"June 16, 2026, 1:13 PM"
pinnacle-Slc,"3,213,002",LOGIN,"June 9, 2026, 9:00 AM","108,550",5,5,5,5,0,"June 9, 2026, 1:57 PM"
pinnacle-Slc,"3,213,002",LOGIN,"June 9, 2026, 9:00 AM","231,955",5,5,5,5,0,"June 9, 2026, 2:10 PM"
pinnacle-Slc,"3,213,002",LOGIN,"June 9, 2026, 9:00 AM","104,970",5,5,5,5,0,"June 9, 2026, 2:54 PM"
pinnacle-Slc,"3,225,241",LOGIN,"June 11, 2026, 9:00 AM","409,160",5,5,5,5,0,"June 11, 2026, 1:58 PM"
pinnacle-Slc,"3,225,241",LOGIN,"June 11, 2026, 9:00 AM","93,000",5,5,5,5,0,"June 11, 2026, 2:34 PM"
pinnacle-Slc,"3,257,698",LOGIN,"June 17, 2026, 7:30 AM","493,970",5,5,5,5,0,"June 17, 2026, 12:01 PM"
pinnacle-Slc,"3,257,698",LOGIN,"June 17, 2026, 7:30 AM","112,190",5,5,5,5,0,"June 17, 2026, 1:58 PM"
pinnacle-Slc,"3,257,698",LOGIN,"June 17, 2026, 7:30 AM","249,600",5,5,5,5,0,"June 17, 2026, 3:30 PM"
pinnacle-Slc,"3,281,664",LOGOUT,"June 22, 2026, 3:00 PM","91,635",4,4,4,4,0,"June 22, 2026, 7:25 PM"
pinnacle-Slc,"3,281,664",LOGOUT,"June 22, 2026, 3:00 PM","410,830",5,5,5,5,0,"June 23, 2026, 3:05 AM"
pinnacle-Slc,"3,286,908",LOGIN,"June 23, 2026, 9:00 AM","418,965",5,5,5,5,0,"June 23, 2026, 2:16 PM"
pinnacle-Slc,"3,286,908",LOGIN,"June 23, 2026, 9:00 AM","130,990",5,5,5,5,0,"June 23, 2026, 7:50 PM"
pinnacle-Slc,"3,289,955",LOGOUT,"June 23, 2026, 3:30 PM","113,420",4,4,4,4,0,"June 24, 2026, 7:12 AM"
pinnacle-Slc,"3,296,352",LOGOUT,"June 24, 2026, 3:00 PM","41,095",5,5,5,5,0,"June 25, 2026, 6:31 AM"
pinnacle-Slc,"3,296,352",LOGOUT,"June 24, 2026, 3:00 PM","544,620",5,5,5,5,0,"June 28, 2026, 1:59 PM"
pinnacle-Slc,"3,318,166",LOGIN,"June 29, 2026, 7:30 AM","11,305",5,5,5,5,0,"June 29, 2026, 1:07 PM"
pinnacle-Slc,"3,255,236",LOGIN,"June 17, 2026, 8:30 AM","93,260",5,5,5,5,0,"June 17, 2026, 8:48 AM"
pinnacle-Slc,"3,255,236",LOGIN,"June 17, 2026, 8:30 AM","17,045",5,5,5,5,0,"June 18, 2026, 7:07 AM"
pinnacle-Slc,"3,438,397",LOGOUT,"July 23, 2026, 9:30 PM","98,725",5,5,5,5,0,"July 24, 2026, 10:47 AM"
pinnacle-Slc,"3,142,783",LOGOUT,"May 22, 2026, 4:30 PM","493,985",5,5,5,5,0,"May 24, 2026, 11:49 PM"
pinnacle-Slc,"3,143,094",LOGOUT,"May 22, 2026, 3:30 PM","131,455",5,5,5,5,0,"May 23, 2026, 8:24 PM"
pinnacle-Slc,"3,143,094",LOGOUT,"May 22, 2026, 3:30 PM","96,380",5,5,5,5,0,"June 1, 2026, 2:57 PM"
pinnacle-Slc,"3,148,514",LOGIN,"May 25, 2026, 8:00 AM","64,280",5,5,5,5,0,"May 25, 2026, 9:13 PM"
pinnacle-Slc,"3,154,097",LOGIN,"May 26, 2026, 9:00 AM","313,285",5,5,5,5,0,"May 26, 2026, 2:04 PM"
pinnacle-Slc,"3,154,097",LOGIN,"May 26, 2026, 9:00 AM","93,835",4,4,4,4,0,"May 26, 2026, 10:19 PM"
pinnacle-Slc,"3,157,668",LOGOUT,"May 26, 2026, 2:30 PM","142,680",5,5,5,5,0,"May 27, 2026, 1:56 AM"
pinnacle-Slc,"3,157,668",LOGOUT,"May 26, 2026, 2:30 PM","83,510",5,5,5,5,0,"May 27, 2026, 6:42 AM"
pinnacle-Slc,"3,161,717",LOGIN,"May 27, 2026, 2:30 PM","83,720",5,5,5,5,0,"May 27, 2026, 7:34 PM"
pinnacle-Slc,"3,162,553",LOGOUT,"May 27, 2026, 3:00 PM","648,790",5,5,5,5,0,"May 29, 2026, 12:30 AM"
pinnacle-Slc,"3,162,553",LOGOUT,"May 27, 2026, 3:00 PM","528,615",5,5,5,5,0,"May 29, 2026, 7:06 AM"
pinnacle-Slc,"3,443,970",LOGIN,"July 24, 2026, 6:00 PM","429,945",5,5,5,5,0,"July 25, 2026, 1:11 AM"
pinnacle-Slc,"3,444,795",LOGOUT,"July 24, 2026, 4:30 PM","706,900",5,5,5,5,0,"July 26, 2026, 9:53 AM"
pinnacle-Slc,"3,154,546",LOGIN,"May 26, 2026, 8:30 AM","67,930",5,5,5,5,0,"May 26, 2026, 12:38 PM"
pinnacle-Slc,"3,156,115",LOGIN,"May 26, 2026, 7:30 AM","285,085",5,5,5,5,0,"May 26, 2026, 1:13 PM"
pinnacle-Slc,"3,156,115",LOGIN,"May 26, 2026, 7:30 AM","443,980",5,5,5,5,0,"May 26, 2026, 1:16 PM"
pinnacle-Slc,"3,461,953",LOGOUT,"July 28, 2026, 3:30 PM","49,700",5,5,5,5,0,"July 28, 2026, 11:43 PM"
pinnacle-Slc,"3,461,953",LOGOUT,"July 28, 2026, 3:30 PM","113,755",5,5,5,5,0,"July 29, 2026, 12:12 AM"
pinnacle-Slc,"3,461,953",LOGOUT,"July 28, 2026, 3:30 PM","101,555",5,5,5,5,0,"July 29, 2026, 12:51 AM"
pinnacle-Slc,"3,483,111",LOGOUT,"July 30, 2026, 8:30 PM","87,765",5,5,5,5,0,"July 31, 2026, 7:39 AM"
pinnacle-Slc,"3,180,342",LOGIN,"June 2, 2026, 8:30 AM","628,570",5,5,5,5,0,"June 2, 2026, 10:25 AM"
pinnacle-Slc,"3,180,342",LOGIN,"June 2, 2026, 8:30 AM","375,825",5,5,5,5,0,"June 2, 2026, 12:36 PM"
pinnacle-Slc,"3,180,798",LOGIN,"June 2, 2026, 5:00 PM","30,545",5,5,5,5,0,"June 2, 2026, 11:41 PM"
pinnacle-Slc,"3,481,769",LOGOUT,"July 31, 2026, 2:30 PM","100,435",5,5,5,5,0,"July 31, 2026, 10:53 PM"
pinnacle-Slc,"3,481,769",LOGOUT,"July 31, 2026, 2:30 PM","221,560",5,5,5,5,0,"August 2, 2026, 8:24 AM"
pinnacle-Slc,"3,193,229",LOGIN,"June 4, 2026, 7:30 AM","470,050",5,5,5,5,0,"June 4, 2026, 1:21 PM"
pinnacle-Slc,"3,193,229",LOGIN,"June 4, 2026, 7:30 AM","83,635",5,5,5,5,0,"June 4, 2026, 1:28 PM"
pinnacle-Slc,"3,189,244",LOGOUT,"June 3, 2026, 4:30 PM","98,100",5,5,5,5,0,"June 3, 2026, 9:59 PM"
pinnacle-Slc,"3,189,244",LOGOUT,"June 3, 2026, 4:30 PM","689,870",5,5,5,5,0,"June 4, 2026, 6:47 AM"
pinnacle-Slc,"3,283,204",LOGIN,"June 22, 2026, 8:30 AM","152,020",5,5,5,5,0,"June 22, 2026, 3:09 PM"
pinnacle-Slc,"3,289,449",LOGOUT,"June 23, 2026, 2:30 PM","96,580",5,5,5,5,0,"June 23, 2026, 3:14 PM"
pinnacle-Slc,"3,289,449",LOGOUT,"June 23, 2026, 2:30 PM","426,485",5,5,5,5,0,"June 24, 2026, 6:50 AM"
pinnacle-Slc,"3,250,529",LOGIN,"June 16, 2026, 10:30 AM","356,025",5,5,5,5,0,"June 16, 2026, 3:27 PM"
pinnacle-Slc,"3,303,866",LOGOUT,"June 25, 2026, 4:30 PM","195,175",5,5,5,5,0,"June 25, 2026, 11:18 PM"
pinnacle-Slc,"3,303,866",LOGOUT,"June 25, 2026, 4:30 PM","95,690",5,5,5,5,0,"June 26, 2026, 1:17 AM"
pinnacle-Slc,"3,308,376",LOGIN,"June 26, 2026, 9:00 AM","327,480",5,5,5,5,0,"June 26, 2026, 2:51 PM"
pinnacle-Slc,"3,323,481",LOGIN,"June 30, 2026, 8:30 AM","104,765",3,3,3,3,0,"June 30, 2026, 12:40 PM"
pinnacle-Slc,"3,323,481",LOGIN,"June 30, 2026, 8:30 AM","101,070",2,5,5,5,0,"June 30, 2026, 1:08 PM"
pinnacle-Slc,"3,323,481",LOGIN,"June 30, 2026, 8:30 AM","94,340",5,5,5,5,0,"June 30, 2026, 1:59 PM"
pinnacle-Slc,"3,325,493",LOGOUT,"June 30, 2026, 2:30 PM","128,520",5,5,5,5,0,"June 30, 2026, 11:15 PM"
pinnacle-Slc,"3,087,283",LOGOUT,"May 11, 2026, 8:30 PM","200,260",5,5,5,5,0,"May 11, 2026, 10:30 PM"
pinnacle-Slc,"3,087,283",LOGOUT,"May 11, 2026, 8:30 PM","112,495",5,5,5,5,0,"May 12, 2026, 7:25 AM"
pinnacle-Slc,"3,398,505",LOGOUT,"July 15, 2026, 3:00 PM","85,560",5,5,5,5,0,"July 15, 2026, 4:09 PM"
pinnacle-Slc,"3,399,498",LOGOUT,"July 15, 2026, 10:00 PM","445,675",4,4,4,4,4,"July 15, 2026, 11:22 PM"
pinnacle-Slc,"3,094,993",LOGOUT,"May 12, 2026, 3:30 PM","84,190",5,5,5,5,0,"May 12, 2026, 11:11 PM"
pinnacle-Slc,"3,094,993",LOGOUT,"May 12, 2026, 3:30 PM","246,130",5,5,5,5,0,"May 13, 2026, 6:16 AM"
pinnacle-Slc,"3,094,993",LOGOUT,"May 12, 2026, 3:30 PM","88,600",5,5,5,5,0,"May 13, 2026, 7:16 AM"
pinnacle-Slc,"3,399,232",LOGOUT,"July 15, 2026, 4:30 PM","595,930",5,5,5,5,0,"July 16, 2026, 7:45 AM"
pinnacle-Slc,"3,399,232",LOGOUT,"July 15, 2026, 4:30 PM","204,550",5,5,5,5,0,"July 16, 2026, 9:47 AM"
pinnacle-Slc,"3,400,423",LOGOUT,"July 15, 2026, 3:00 PM","82,585",5,5,5,5,0,"July 15, 2026, 11:32 PM"
pinnacle-Slc,"3,400,423",LOGOUT,"July 15, 2026, 3:00 PM","91,210",5,5,5,5,0,"July 15, 2026, 11:36 PM"
pinnacle-Slc,"3,400,423",LOGOUT,"July 15, 2026, 3:00 PM","237,880",5,5,5,5,0,"July 16, 2026, 7:55 AM"
pinnacle-Slc,"3,082,269",LOGOUT,"May 8, 2026, 5:30 PM","665,215",5,5,5,5,0,"May 8, 2026, 6:25 PM"
pinnacle-Slc,"3,407,032",LOGOUT,"July 16, 2026, 3:00 PM","166,945",5,5,5,5,0,"July 17, 2026, 7:03 AM"
pinnacle-Slc,"3,407,032",LOGOUT,"July 16, 2026, 3:00 PM","117,160",5,5,5,5,0,"July 17, 2026, 7:11 AM"
pinnacle-Slc,"3,400,904",LOGOUT,"July 15, 2026, 3:30 PM","234,090",5,5,5,5,0,"July 15, 2026, 5:13 PM"
pinnacle-Slc,"3,400,904",LOGOUT,"July 15, 2026, 3:30 PM","82,125",5,5,5,5,0,"July 15, 2026, 8:57 PM"
pinnacle-Slc,"3,103,665",LOGIN,"May 14, 2026, 9:00 AM","90,755",2,3,3,5,0,"May 14, 2026, 9:18 AM"
pinnacle-Slc,"3,103,665",LOGIN,"May 14, 2026, 9:00 AM","607,195",5,5,5,5,0,"May 14, 2026, 1:38 PM"
pinnacle-Slc,"3,103,665",LOGIN,"May 14, 2026, 9:00 AM","655,065",4,4,4,4,0,"May 14, 2026, 2:54 PM"
orbit-Slc,"1,220,250",LOGOUT,"May 8, 2026, 3:30 PM","10,075",5,5,5,5,0,"May 8, 2026, 4:17 PM"
orbit-Slc,"1,220,250",LOGOUT,"May 8, 2026, 3:30 PM","260,350",5,5,5,5,0,"May 10, 2026, 1:47 PM"
pinnacle-Slc,"3,407,309",LOGOUT,"July 16, 2026, 5:30 PM","99,070",5,5,5,5,0,"July 17, 2026, 12:07 AM"
catalyst-Sac,"1,443,300",LOGOUT,"May 5, 2026, 1:00 AM","160,945",5,5,5,5,0,"May 5, 2026, 2:01 AM"
catalyst-Sac,"1,446,000",LOGIN,"May 6, 2026, 9:00 PM","207,840",5,5,5,5,5,"May 6, 2026, 8:39 PM"
vanta-Aus,"1,198,594",LOGIN,"June 28, 2026, 9:00 PM","193,500",5,5,5,5,0,"June 28, 2026, 8:57 PM"
orbit-Slc,"1,268,498",LOGIN,"June 9, 2026, 1:00 PM","174,420",5,5,5,5,0,"June 9, 2026, 5:35 PM"
orbit-Slc,"1,268,498",LOGIN,"June 9, 2026, 1:00 PM","68,980",5,5,5,5,0,"June 9, 2026, 10:07 PM"
catalyst-Sac,"1,516,172",LOGOUT,"June 30, 2026, 8:00 PM","342,920",5,5,5,5,0,"June 30, 2026, 8:43 PM"
catalyst-Sac,"1,516,172",LOGOUT,"June 30, 2026, 8:00 PM","227,885",5,5,5,5,0,"June 30, 2026, 9:12 PM"
catalyst-Sac,"1,529,049",LOGOUT,"July 9, 2026, 3:30 AM","689,285",5,5,5,5,5,"July 9, 2026, 4:16 AM"
orbit-Slc,"1,282,346",LOGOUT,"June 16, 2026, 3:30 PM","51,650",5,5,5,5,0,"June 16, 2026, 7:20 PM"
orbit-Slc,"1,282,346",LOGOUT,"June 16, 2026, 3:30 PM","14,910",5,5,5,5,0,"June 17, 2026, 4:42 AM"
orbit-Slc,"1,282,346",LOGOUT,"June 16, 2026, 3:30 PM","17,545",5,5,5,5,0,"June 17, 2026, 9:18 AM"
orbit-Slc,"1,282,346",LOGOUT,"June 16, 2026, 3:30 PM","37,160",5,5,5,5,0,"June 23, 2026, 9:04 AM"
orbit-Slc,"1,326,089",LOGIN,"July 10, 2026, 5:30 AM","259,045",4,4,4,4,4,"July 10, 2026, 6:32 AM"
orbit-Slc,"1,328,670",LOGOUT,"July 10, 2026, 10:00 PM","225,580",5,5,5,5,0,"July 12, 2026, 11:19 PM"
orbit-Slc,"1,328,670",LOGOUT,"July 10, 2026, 10:00 PM","74,760",5,5,5,5,0,"July 14, 2026, 1:07 PM"
orbit-Slc,"1,328,670",LOGOUT,"July 10, 2026, 10:00 PM","2,020",5,5,5,5,0,"July 15, 2026, 9:58 AM"
orbit-Slc,"1,333,448",LOGOUT,"July 14, 2026, 10:00 PM","146,395",5,5,5,5,0,"July 15, 2026, 12:06 AM"
orbit-Slc,"1,333,448",LOGOUT,"July 14, 2026, 10:00 PM","214,860",5,5,5,5,0,"July 15, 2026, 9:59 AM"
orbit-Slc,"1,333,448",LOGOUT,"July 14, 2026, 10:00 PM","3,945",5,5,5,5,0,"July 15, 2026, 11:55 PM"
orbit-Slc,"1,334,466",LOGIN,"July 15, 2026, 1:00 PM","6,010",5,5,5,5,0,"July 15, 2026, 12:29 PM"
orbit-Slc,"1,334,466",LOGIN,"July 15, 2026, 1:00 PM","127,085",4,4,4,4,0,"July 15, 2026, 12:41 PM"
orbit-Slc,"1,334,466",LOGIN,"July 15, 2026, 1:00 PM","8,460",5,5,5,5,0,"July 15, 2026, 4:46 PM"
orbit-Slc,"1,334,466",LOGIN,"July 15, 2026, 1:00 PM","286,625",5,5,5,5,0,"July 15, 2026, 8:03 PM"
orbit-Slc,"1,334,466",LOGIN,"July 15, 2026, 1:00 PM","268,120",4,4,4,4,0,"July 15, 2026, 9:15 PM"
orbit-Slc,"1,334,466",LOGIN,"July 15, 2026, 1:00 PM","225,580",5,5,5,5,0,"July 15, 2026, 10:28 PM"
orbit-Slc,"1,344,614",LOGIN,"July 21, 2026, 11:00 AM","17,520",5,5,5,5,0,"July 21, 2026, 10:58 AM"
orbit-Slc,"1,344,614",LOGIN,"July 21, 2026, 11:00 AM","20,475",5,5,5,5,0,"July 21, 2026, 11:20 AM"
orbit-Slc,"1,344,614",LOGIN,"July 21, 2026, 11:00 AM","197,555",5,5,5,5,0,"July 21, 2026, 3:39 PM"
orbit-Slc,"1,344,614",LOGIN,"July 21, 2026, 11:00 AM","273,990",5,5,5,5,0,"July 21, 2026, 6:16 PM"
pinnacle-Slc,"3,329,239",LOGOUT,"July 1, 2026, 1:30 PM","16,165",5,5,5,5,0,"July 2, 2026, 6:29 AM"
pinnacle-Slc,"3,101,260",LOGOUT,"May 13, 2026, 2:30 PM","2,915",5,5,5,5,0,"May 14, 2026, 6:12 AM"
pinnacle-Slc,"3,405,748",LOGOUT,"July 16, 2026, 3:30 PM","701,770",5,5,5,5,0,"July 16, 2026, 10:59 PM"
pinnacle-Slc,"3,113,964",LOGOUT,"May 16, 2026, 4:30 AM","334,475",4,4,4,4,4,"May 16, 2026, 5:05 AM"
pinnacle-Slc,"3,116,541",LOGIN,"May 18, 2026, 8:30 AM","61,520",5,5,5,5,0,"May 18, 2026, 3:33 PM"
orbit-Slc,"1,248,764",LOGIN,"May 27, 2026, 1:00 PM","132,690",5,5,5,5,0,"May 27, 2026, 12:46 PM"
orbit-Slc,"1,248,764",LOGIN,"May 27, 2026, 1:00 PM","92,425",5,5,5,5,0,"May 27, 2026, 12:48 PM"
orbit-Slc,"1,248,764",LOGIN,"May 27, 2026, 1:00 PM","247,310",5,5,5,5,0,"May 27, 2026, 3:33 PM"
orbit-Slc,"1,248,764",LOGIN,"May 27, 2026, 1:00 PM","63,260",5,5,5,5,0,"May 27, 2026, 9:34 PM"
orbit-Slc,"1,238,087",LOGIN,"May 20, 2026, 6:30 AM","246,280",5,5,5,5,0,"May 20, 2026, 3:30 PM"
orbit-Slc,"1,238,087",LOGIN,"May 20, 2026, 6:30 AM","105,390",5,5,5,5,0,"May 20, 2026, 3:47 PM"
orbit-Slc,"1,238,087",LOGIN,"May 20, 2026, 6:30 AM","66,355",5,5,5,5,0,"May 20, 2026, 3:47 PM"
orbit-Slc,"1,238,950",LOGOUT,"May 20, 2026, 3:30 PM","203,625",4,4,4,4,0,"May 21, 2026, 4:39 AM"
pinnacle-Slc,"3,424,002",LOGIN,"July 21, 2026, 2:00 PM","86,895",5,5,5,5,0,"July 21, 2026, 10:10 PM"
pinnacle-Slc,"3,425,446",LOGOUT,"July 21, 2026, 3:30 PM","91,205",5,5,5,5,0,"July 22, 2026, 12:09 AM"
pinnacle-Slc,"3,147,328",LOGOUT,"May 22, 2026, 6:30 PM","608,850",5,5,5,5,0,"May 22, 2026, 8:17 PM"
pinnacle-Slc,"3,442,955",LOGIN,"July 24, 2026, 9:00 AM","99,040",5,5,5,5,0,"July 24, 2026, 10:24 AM"
pinnacle-Slc,"3,457,950",LOGIN,"July 28, 2026, 6:00 PM","451,555",5,5,5,5,0,"July 29, 2026, 1:57 AM"
pinnacle-Slc,"3,457,950",LOGIN,"July 28, 2026, 6:00 PM","448,750",5,5,5,5,0,"July 29, 2026, 2:01 AM"
orbit-Slc,"1,227,992",LOGIN,"May 14, 2026, 6:30 AM","105,275",5,5,5,5,0,"May 14, 2026, 2:45 PM"
orbit-Slc,"1,247,616",LOGOUT,"May 26, 2026, 3:30 PM","62,915",5,5,5,5,0,"May 26, 2026, 6:59 PM"
orbit-Slc,"1,247,616",LOGOUT,"May 26, 2026, 3:30 PM","9,410",4,4,4,4,0,"May 27, 2026, 11:43 AM"
orbit-Slc,"1,247,616",LOGOUT,"May 26, 2026, 3:30 PM","178,050",5,5,5,5,0,"May 27, 2026, 12:47 PM"
orbit-Slc,"1,247,616",LOGOUT,"May 26, 2026, 3:30 PM","62,285",4,4,4,4,0,"May 31, 2026, 11:04 PM"
pinnacle-Slc,"3,136,999",LOGIN,"May 21, 2026, 6:00 PM","424,600",5,5,5,5,0,"May 22, 2026, 12:21 AM"
pinnacle-Slc,"3,338,497",LOGOUT,"July 2, 2026, 4:00 PM","60,340",5,5,5,5,0,"July 3, 2026, 6:55 AM"
pinnacle-Slc,"3,335,740",LOGIN,"July 2, 2026, 12:30 PM","57,930",5,5,5,5,0,"July 2, 2026, 12:58 PM"
pinnacle-Slc,"3,338,024",LOGOUT,"July 2, 2026, 3:00 PM","84,650",4,4,4,4,0,"July 2, 2026, 9:09 PM"
pinnacle-Slc,"3,338,024",LOGOUT,"July 2, 2026, 3:00 PM","681,515",5,5,5,5,0,"July 2, 2026, 9:32 PM"
pinnacle-Slc,"3,343,955",LOGIN,"July 3, 2026, 9:30 AM","595,275",5,5,5,5,0,"July 3, 2026, 2:18 PM"
pinnacle-Slc,"3,363,769",LOGIN,"July 8, 2026, 7:30 AM","35,180",5,5,5,5,0,"July 8, 2026, 1:04 PM"
vanta-Sea,"5,056,650",LOGIN,"July 17, 2026, 2:00 PM","439,785",5,5,5,5,0,"July 17, 2026, 1:49 PM"
pinnacle-Slc,"3,353,769",LOGOUT,"July 6, 2026, 1:30 PM","325,165",5,5,5,5,0,"July 6, 2026, 5:36 PM"
pinnacle-Slc,"3,353,769",LOGOUT,"July 6, 2026, 1:30 PM","562,435",5,5,5,5,0,"July 7, 2026, 5:55 AM"
pinnacle-Slc,"3,350,322",LOGIN,"July 6, 2026, 8:30 AM","104,925",5,5,5,5,0,"July 6, 2026, 1:53 PM"
pinnacle-Slc,"3,350,322",LOGIN,"July 6, 2026, 8:30 AM","651,765",5,5,5,5,0,"July 6, 2026, 4:09 PM"
pinnacle-Slc,"3,350,322",LOGIN,"July 6, 2026, 8:30 AM","595,930",5,5,5,5,0,"July 6, 2026, 4:37 PM"
pinnacle-Slc,"3,355,718",LOGIN,"July 7, 2026, 9:00 AM","92,750",5,5,5,5,0,"July 7, 2026, 2:26 PM"
pinnacle-Slc,"3,355,718",LOGIN,"July 7, 2026, 9:00 AM","71,895",4,4,4,4,0,"July 7, 2026, 3:07 PM"
pinnacle-Slc,"3,355,718",LOGIN,"July 7, 2026, 9:00 AM","614,515",4,4,4,4,0,"July 7, 2026, 3:34 PM"
pinnacle-Slc,"3,344,484",LOGIN,"July 3, 2026, 1:30 PM","426,265",5,5,5,5,0,"July 3, 2026, 8:21 PM"
pinnacle-Slc,"3,373,660",LOGOUT,"July 9, 2026, 3:30 PM","104,485",5,5,5,5,0,"July 9, 2026, 10:28 PM"
pinnacle-Slc,"3,368,196",LOGIN,"July 9, 2026, 8:30 AM","438,025",5,5,5,5,0,"July 9, 2026, 8:56 AM"
pinnacle-Slc,"3,368,196",LOGIN,"July 9, 2026, 8:30 AM","101,740",5,5,5,5,0,"July 9, 2026, 12:43 PM"
pinnacle-Slc,"3,368,196",LOGIN,"July 9, 2026, 8:30 AM","162,310",5,5,5,5,0,"July 9, 2026, 1:38 PM"
pinnacle-Slc,"3,082,023",LOGOUT,"May 8, 2026, 3:00 PM","112,175",5,5,5,5,0,"May 8, 2026, 4:24 PM"
pinnacle-Slc,"3,385,712",LOGIN,"July 13, 2026, 7:30 AM","89,490",5,5,5,5,0,"July 13, 2026, 7:32 AM"
pinnacle-Slc,"3,072,729",LOGIN,"May 7, 2026, 8:30 AM","113,730",5,5,5,5,0,"May 7, 2026, 12:06 PM"
pinnacle-Slc,"3,072,729",LOGIN,"May 7, 2026, 8:30 AM","55,455",5,5,5,5,0,"May 7, 2026, 1:07 PM"
pinnacle-Slc,"3,072,729",LOGIN,"May 7, 2026, 8:30 AM","369,550",5,5,5,5,0,"May 7, 2026, 2:13 PM"
pinnacle-Slc,"3,369,268",LOGOUT,"July 8, 2026, 2:00 PM","104,990",5,5,5,5,0,"July 9, 2026, 8:09 AM"
pinnacle-Slc,"3,243,401",LOGIN,"June 15, 2026, 1:30 PM","445,700",5,5,5,5,0,"June 15, 2026, 7:30 PM"
pinnacle-Slc,"3,270,316",LOGOUT,"June 18, 2026, 2:30 PM","96,005",5,5,5,5,0,"June 18, 2026, 8:15 PM"
pinnacle-Slc,"3,270,316",LOGOUT,"June 18, 2026, 2:30 PM","395,620",5,5,5,5,0,"June 19, 2026, 7:25 PM"
pinnacle-Slc,"3,205,820",LOGIN,"June 8, 2026, 9:00 AM","528,610",5,5,5,5,0,"June 8, 2026, 2:56 PM"
pinnacle-Slc,"3,205,820",LOGIN,"June 8, 2026, 9:00 AM","154,605",5,5,5,5,0,"June 8, 2026, 4:26 PM"
pinnacle-Slc,"3,216,085",LOGOUT,"June 9, 2026, 3:30 PM","93,235",5,5,5,5,0,"June 10, 2026, 6:42 AM"
pinnacle-Slc,"3,216,085",LOGOUT,"June 9, 2026, 3:30 PM","82,355",4,4,4,4,0,"June 10, 2026, 7:38 AM"
pinnacle-Slc,"3,216,085",LOGOUT,"June 9, 2026, 3:30 PM","10,405",5,5,5,5,0,"June 10, 2026, 8:42 AM"
pinnacle-Slc,"3,224,788",LOGIN,"June 11, 2026, 7:30 AM","603,700",5,5,5,5,0,"June 11, 2026, 2:55 PM"
pinnacle-Slc,"3,231,947",LOGIN,"June 12, 2026, 7:30 AM","2,150",5,5,5,5,0,"June 12, 2026, 11:48 AM"
pinnacle-Slc,"3,231,947",LOGIN,"June 12, 2026, 7:30 AM","205,055",5,5,5,5,0,"June 12, 2026, 1:37 PM"
pinnacle-Slc,"3,238,554",LOGOUT,"June 12, 2026, 7:30 PM","458,980",5,5,5,5,0,"June 12, 2026, 8:36 PM"
pinnacle-Slc,"3,238,554",LOGOUT,"June 12, 2026, 7:30 PM","423,670",5,5,5,5,0,"June 13, 2026, 11:51 AM"
pinnacle-Slc,"3,238,300",LOGOUT,"June 12, 2026, 6:30 PM","151,975",5,5,5,5,0,"June 12, 2026, 8:24 PM"
pinnacle-Slc,"3,242,934",LOGIN,"June 15, 2026, 8:30 AM","92,405",5,5,5,5,0,"June 15, 2026, 1:32 PM"
pinnacle-Slc,"3,242,934",LOGIN,"June 15, 2026, 8:30 AM","375,060",4,4,4,4,0,"June 15, 2026, 2:27 PM"
pinnacle-Slc,"3,246,550",LOGOUT,"June 15, 2026, 3:30 PM","128,465",5,5,5,5,0,"June 15, 2026, 8:34 PM"
pinnacle-Slc,"3,246,550",LOGOUT,"June 15, 2026, 3:30 PM","532,570",5,5,5,5,0,"June 16, 2026, 6:29 AM"
pinnacle-Slc,"3,246,550",LOGOUT,"June 15, 2026, 3:30 PM","438,880",5,5,5,5,0,"June 16, 2026, 8:31 AM"
pinnacle-Slc,"3,249,587",LOGIN,"June 16, 2026, 8:30 AM","83,210",5,5,5,5,0,"June 16, 2026, 8:29 AM"
pinnacle-Slc,"3,249,587",LOGIN,"June 16, 2026, 8:30 AM","400,570",5,5,5,5,0,"June 16, 2026, 12:15 PM"
pinnacle-Slc,"3,245,639",LOGIN,"June 15, 2026, 11:30 AM","333,745",5,5,5,5,0,"June 15, 2026, 1:57 PM"
pinnacle-Slc,"3,302,294",LOGIN,"June 25, 2026, 9:00 PM","528,280",5,5,5,5,5,"June 25, 2026, 9:02 PM"
pinnacle-Slc,"3,287,355",LOGIN,"June 23, 2026, 1:30 PM","57,930",5,5,5,5,0,"June 23, 2026, 1:16 PM"
pinnacle-Slc,"3,295,081",LOGIN,"June 24, 2026, 2:00 PM","64,015",5,5,5,5,0,"June 24, 2026, 9:20 PM"
orbit-Slc,"1,241,871",LOGIN,"May 22, 2026, 1:00 PM","24,025",5,5,5,5,0,"May 22, 2026, 12:36 PM"
orbit-Slc,"1,241,871",LOGIN,"May 22, 2026, 1:00 PM","93,290",5,5,5,5,0,"May 22, 2026, 4:40 PM"
orbit-Slc,"1,241,871",LOGIN,"May 22, 2026, 1:00 PM","162,390",5,5,5,5,0,"May 22, 2026, 5:22 PM"
orbit-Slc,"1,241,871",LOGIN,"May 22, 2026, 1:00 PM","94,570",5,5,5,5,0,"May 22, 2026, 9:03 PM"
orbit-Slc,"1,241,871",LOGIN,"May 22, 2026, 1:00 PM","102,170",5,5,5,5,0,"May 22, 2026, 10:04 PM"
orbit-Slc,"1,241,871",LOGIN,"May 22, 2026, 1:00 PM","110,680",5,5,5,5,0,"May 22, 2026, 10:13 PM"
pinnacle-Slc,"3,444,285",LOGOUT,"July 24, 2026, 3:30 PM","440,005",5,5,5,5,0,"July 24, 2026, 4:15 PM"
pinnacle-Slc,"3,457,504",LOGIN,"July 28, 2026, 7:30 AM","493,965",5,5,5,5,0,"July 28, 2026, 2:48 PM"
pinnacle-Slc,"3,464,173",LOGIN,"July 29, 2026, 9:00 AM","721,395",5,5,5,5,0,"July 29, 2026, 9:27 AM"
pinnacle-Slc,"3,464,173",LOGIN,"July 29, 2026, 9:00 AM","423,200",5,5,5,5,0,"July 29, 2026, 2:51 PM"
pinnacle-Slc,"3,464,173",LOGIN,"July 29, 2026, 9:00 AM","244,325",5,5,5,5,0,"July 29, 2026, 3:52 PM"
pinnacle-Slc,"3,455,106",LOGOUT,"July 27, 2026, 3:30 PM","9,430",5,5,5,5,0,"July 27, 2026, 8:50 PM"
pinnacle-Slc,"3,455,106",LOGOUT,"July 27, 2026, 3:30 PM","176,780",5,5,5,5,0,"July 27, 2026, 10:31 PM"
pinnacle-Slc,"3,455,106",LOGOUT,"July 27, 2026, 3:30 PM","115,795",4,4,4,4,0,"July 27, 2026, 11:20 PM"
pinnacle-Slc,"3,455,106",LOGOUT,"July 27, 2026, 3:30 PM","560,295",5,5,5,5,0,"July 28, 2026, 7:25 AM"
pinnacle-Slc,"3,455,106",LOGOUT,"July 27, 2026, 3:30 PM","82,460",5,5,5,5,0,"July 28, 2026, 7:45 AM"
pinnacle-Slc,"3,468,349",LOGOUT,"July 29, 2026, 2:30 PM","422,845",5,5,5,5,0,"July 29, 2026, 7:55 PM"
pinnacle-Slc,"3,468,349",LOGOUT,"July 29, 2026, 2:30 PM","152,050",5,5,5,5,0,"July 29, 2026, 9:19 PM"
pinnacle-Slc,"3,468,349",LOGOUT,"July 29, 2026, 2:30 PM","88,305",5,5,5,5,0,"July 30, 2026, 2:27 AM"
pinnacle-Slc,"3,449,959",LOGIN,"July 27, 2026, 6:00 PM","621,165",5,5,5,5,0,"July 28, 2026, 4:09 AM"
pinnacle-Slc,"3,152,344",LOGOUT,"May 25, 2026, 5:30 PM","438,025",5,5,5,5,0,"May 26, 2026, 7:27 AM"
pinnacle-Slc,"3,169,379",LOGOUT,"May 29, 2026, 3:00 AM","426,295",5,5,5,5,0,"May 29, 2026, 3:35 AM"
pinnacle-Slc,"3,181,429",LOGOUT,"June 2, 2026, 3:30 PM","651,600",5,5,5,5,0,"June 2, 2026, 9:47 PM"
pinnacle-Slc,"3,181,429",LOGOUT,"June 2, 2026, 3:30 PM","89,405",5,5,5,5,0,"June 2, 2026, 10:51 PM"
pinnacle-Slc,"3,212,777",LOGIN,"June 9, 2026, 8:30 AM","146,315",5,5,5,5,0,"June 9, 2026, 1:57 PM"
pinnacle-Slc,"3,212,777",LOGIN,"June 9, 2026, 8:30 AM","118,820",5,5,5,5,0,"June 10, 2026, 8:39 PM"
pinnacle-Slc,"3,468,595",LOGOUT,"July 29, 2026, 3:00 PM","392,815",5,5,5,5,0,"July 29, 2026, 5:46 PM"
pinnacle-Slc,"3,468,595",LOGOUT,"July 29, 2026, 3:00 PM","303,715",5,5,5,5,0,"July 29, 2026, 10:49 PM"
pinnacle-Slc,"3,468,595",LOGOUT,"July 29, 2026, 3:00 PM","678,665",5,5,5,5,0,"July 30, 2026, 7:56 AM"
vanta-Sea,"4,816,267",LOGOUT,"May 3, 2026, 2:16 PM","430,205",5,5,5,5,0,"May 3, 2026, 3:00 PM"
pinnacle-Slc,"3,190,285",LOGOUT,"June 3, 2026, 2:30 PM","84,680",5,5,5,5,0,"June 4, 2026, 5:44 AM"
vanta-Sea,"4,992,446",LOGOUT,"June 28, 2026, 6:16 AM","391,190",5,5,5,5,0,"June 28, 2026, 6:53 AM"
pinnacle-Slc,"3,200,219",LOGIN,"June 5, 2026, 1:30 PM","432,115",5,5,5,5,0,"June 5, 2026, 9:32 PM"
pinnacle-Slc,"3,479,020",LOGIN,"July 31, 2026, 8:30 AM","697,635",5,5,5,5,0,"July 31, 2026, 12:31 PM"
pinnacle-Slc,"3,479,020",LOGIN,"July 31, 2026, 8:30 AM","343,150",5,5,5,5,0,"July 31, 2026, 2:35 PM"
pinnacle-Slc,"3,260,356",LOGOUT,"June 17, 2026, 4:30 PM","184,930",5,5,5,5,0,"June 18, 2026, 8:15 AM"
pinnacle-Slc,"3,260,356",LOGOUT,"June 17, 2026, 4:30 PM","443,590",5,5,5,5,0,"June 18, 2026, 8:37 AM"
pinnacle-Slc,"3,301,830",LOGIN,"June 25, 2026, 7:30 AM","4,650",5,5,5,5,0,"June 25, 2026, 4:00 PM"
pinnacle-Slc,"3,310,143",LOGOUT,"June 26, 2026, 3:30 PM","129,975",5,5,5,5,0,"June 27, 2026, 8:45 AM"
pinnacle-Slc,"3,310,143",LOGOUT,"June 26, 2026, 3:30 PM","407,005",5,5,5,5,0,"June 29, 2026, 8:29 AM"
pinnacle-Slc,"3,310,143",LOGOUT,"June 26, 2026, 3:30 PM","304,540",5,5,5,5,0,"June 29, 2026, 8:38 AM"
pinnacle-Slc,"3,316,124",LOGOUT,"June 29, 2026, 3:30 PM","453,700",5,5,5,5,0,"June 30, 2026, 8:00 AM"
pinnacle-Slc,"3,301,347",LOGIN,"June 25, 2026, 8:30 AM","704,420",5,5,5,5,0,"June 25, 2026, 2:09 PM"
pinnacle-Slc,"3,301,347",LOGIN,"June 25, 2026, 8:30 AM","87,555",5,5,5,5,0,"June 25, 2026, 2:29 PM"
pinnacle-Slc,"3,316,625",LOGIN,"June 29, 2026, 8:30 AM","101,575",5,5,5,5,0,"June 29, 2026, 2:15 PM"
pinnacle-Slc,"3,316,625",LOGIN,"June 29, 2026, 8:30 AM","88,540",5,5,5,5,0,"June 29, 2026, 2:32 PM"
pinnacle-Slc,"3,081,261",LOGIN,"May 8, 2026, 9:00 AM","288,700",5,5,5,5,0,"May 8, 2026, 2:32 PM"
pinnacle-Slc,"3,365,130",LOGOUT,"July 8, 2026, 8:30 PM","413,175",5,5,5,5,5,"July 9, 2026, 12:01 AM"
pinnacle-Slc,"3,365,609",LOGOUT,"July 8, 2026, 6:30 PM","105,750",5,5,5,5,0,"July 9, 2026, 12:02 AM"
orbit-Slc,"1,212,363",LOGOUT,"May 4, 2026, 3:30 PM","50,645",5,5,5,5,0,"May 5, 2026, 8:58 AM"
orbit-Slc,"1,212,363",LOGOUT,"May 4, 2026, 3:30 PM","17,660",5,5,5,5,0,"May 5, 2026, 9:13 AM"
pinnacle-Slc,"3,085,810",LOGIN,"May 11, 2026, 8:30 AM","257,185",5,5,5,5,0,"May 11, 2026, 2:03 PM"
pinnacle-Slc,"3,091,709",LOGIN,"May 12, 2026, 9:00 AM","86,050",5,5,5,5,0,"May 12, 2026, 2:52 PM"
pinnacle-Slc,"3,090,865",LOGIN,"May 12, 2026, 9:30 AM","103,905",5,5,5,5,0,"May 12, 2026, 3:00 PM"
pinnacle-Slc,"3,093,767",LOGOUT,"May 12, 2026, 4:30 PM","411,155",5,5,5,5,0,"May 13, 2026, 12:56 AM"
pinnacle-Slc,"3,093,767",LOGOUT,"May 12, 2026, 4:30 PM","60,285",5,5,5,5,0,"May 13, 2026, 1:35 AM"
pinnacle-Slc,"3,397,254",LOGIN,"July 15, 2026, 7:30 AM","136,780",5,5,5,5,0,"July 15, 2026, 7:26 AM"
pinnacle-Slc,"3,397,254",LOGIN,"July 15, 2026, 7:30 AM","111,410",5,5,5,5,0,"July 15, 2026, 12:14 PM"
pinnacle-Slc,"3,088,575",LOGIN,"May 11, 2026, 10:30 AM","644,315",5,5,5,5,0,"May 11, 2026, 1:13 PM"
pinnacle-Slc,"3,088,575",LOGIN,"May 11, 2026, 10:30 AM","498,580",5,5,5,5,0,"May 11, 2026, 4:34 PM"
pinnacle-Slc,"3,116,105",LOGIN,"May 18, 2026, 9:00 AM","250,145",5,5,5,5,0,"May 18, 2026, 3:01 PM"
pinnacle-Slc,"3,116,105",LOGIN,"May 18, 2026, 9:00 AM",845,5,5,5,5,0,"May 18, 2026, 3:07 PM"
pinnacle-Slc,"3,420,196",LOGOUT,"July 20, 2026, 3:00 PM","304,045",5,5,5,5,0,"July 20, 2026, 3:39 PM"
pinnacle-Slc,"3,420,196",LOGOUT,"July 20, 2026, 3:00 PM","599,235",5,5,5,5,0,"July 21, 2026, 5:35 AM"
pinnacle-Slc,"3,420,196",LOGOUT,"July 20, 2026, 3:00 PM","598,240",5,5,5,5,0,"July 21, 2026, 7:37 AM"
orbit-Slc,"1,226,599",LOGIN,"May 13, 2026, 1:00 PM","2,640",5,5,5,5,0,"May 13, 2026, 10:18 PM"
orbit-Slc,"1,226,599",LOGIN,"May 13, 2026, 1:00 PM","62,325",5,5,5,5,0,"May 14, 2026, 11:11 AM"
orbit-Slc,"1,258,929",LOGIN,"June 3, 2026, 1:00 PM","92,170",5,5,5,5,0,"June 3, 2026, 1:27 PM"
orbit-Slc,"1,258,929",LOGIN,"June 3, 2026, 1:00 PM","18,190",5,5,5,5,0,"June 3, 2026, 3:03 PM"
orbit-Slc,"1,258,929",LOGIN,"June 3, 2026, 1:00 PM","66,040",5,5,5,5,0,"June 3, 2026, 9:52 PM"
orbit-Slc,"1,260,650",LOGIN,"June 4, 2026, 6:30 PM","91,315",5,5,5,5,0,"June 5, 2026, 3:42 AM"
orbit-Slc,"1,265,022",LOGIN,"June 8, 2026, 11:00 AM","1,660",5,5,5,5,0,"June 8, 2026, 4:16 PM"
orbit-Slc,"1,265,022",LOGIN,"June 8, 2026, 11:00 AM","7,000",5,5,5,5,0,"June 8, 2026, 7:58 PM"
catalyst-Sac,"1,452,822",LOGOUT,"May 12, 2026, 7:00 PM","329,875",5,5,5,5,5,"May 12, 2026, 8:03 PM"
catalyst-Sac,"1,452,822",LOGOUT,"May 12, 2026, 7:00 PM","407,585",5,5,5,5,5,"May 12, 2026, 8:08 PM"
vanta-Aus,"1,196,646",LOGOUT,"June 26, 2026, 6:15 PM","396,290",5,5,5,5,5,"June 26, 2026, 6:40 PM"
catalyst-Sac,"1,473,769",LOGOUT,"May 28, 2026, 8:30 PM","593,765",5,5,5,5,0,"May 28, 2026, 9:43 PM"
orbit-Slc,"1,272,448",LOGOUT,"June 10, 2026, 10:00 PM","118,580",5,5,5,5,0,"June 12, 2026, 9:21 AM"
orbit-Slc,"1,272,448",LOGOUT,"June 10, 2026, 10:00 PM","120,855",4,4,4,4,0,"June 12, 2026, 12:39 PM"
orbit-Slc,"1,272,448",LOGOUT,"June 10, 2026, 10:00 PM","110,770",5,5,5,5,0,"June 14, 2026, 7:32 PM"
orbit-Slc,"1,274,410",LOGOUT,"June 11, 2026, 3:30 PM","242,780",4,4,4,4,0,"June 11, 2026, 5:55 PM"
orbit-Slc,"1,274,410",LOGOUT,"June 11, 2026, 3:30 PM","161,975",5,5,5,5,0,"June 12, 2026, 4:30 AM"
orbit-Slc,"1,274,410",LOGOUT,"June 11, 2026, 3:30 PM","49,675",5,5,5,5,0,"June 15, 2026, 4:26 PM"
orbit-Slc,"1,274,410",LOGOUT,"June 11, 2026, 3:30 PM","107,705",5,5,5,5,0,"June 18, 2026, 8:09 PM"
orbit-Slc,"1,287,720",LOGOUT,"June 19, 2026, 12:00 AM","7,270",5,5,5,5,5,"June 22, 2026, 10:12 AM"
orbit-Slc,"1,300,191",LOGOUT,"June 25, 2026, 10:00 PM","105,285",5,5,5,5,0,"June 26, 2026, 9:37 AM"
orbit-Slc,"1,300,191",LOGOUT,"June 25, 2026, 10:00 PM","238,285",5,5,5,5,0,"June 26, 2026, 11:27 AM"
orbit-Slc,"1,300,191",LOGOUT,"June 25, 2026, 10:00 PM","3,945",5,5,5,5,0,"June 28, 2026, 11:08 PM"
orbit-Slc,"1,300,191",LOGOUT,"June 25, 2026, 10:00 PM","275,925",5,5,5,5,0,"June 29, 2026, 9:04 PM"
orbit-Slc,"1,308,711",LOGOUT,"June 30, 2026, 10:00 PM","45,985",5,5,5,5,0,"July 1, 2026, 9:28 AM"
orbit-Slc,"1,308,711",LOGOUT,"June 30, 2026, 10:00 PM","47,650",5,5,5,5,0,"July 1, 2026, 10:43 AM"
orbit-Slc,"1,308,711",LOGOUT,"June 30, 2026, 10:00 PM","210,090",5,5,5,5,0,"July 1, 2026, 10:46 AM"
orbit-Slc,"1,308,711",LOGOUT,"June 30, 2026, 10:00 PM","209,155",5,5,5,5,0,"July 1, 2026, 3:33 PM"
orbit-Slc,"1,308,711",LOGOUT,"June 30, 2026, 10:00 PM","102,145",5,5,5,5,0,"July 1, 2026, 11:02 PM"
orbit-Slc,"1,316,096",LOGOUT,"July 3, 2026, 8:00 PM","276,415",5,5,5,5,0,"July 5, 2026, 11:42 AM"
orbit-Slc,"1,322,071",LOGIN,"July 8, 2026, 6:30 AM","285,215",5,5,5,5,0,"July 8, 2026, 6:14 AM"
orbit-Slc,"1,322,071",LOGIN,"July 8, 2026, 6:30 AM","155,985",5,5,5,5,0,"July 8, 2026, 2:05 PM"
orbit-Slc,"1,322,071",LOGIN,"July 8, 2026, 6:30 AM","118,600",5,5,5,5,0,"July 8, 2026, 2:16 PM"
orbit-Slc,"1,325,112",LOGOUT,"July 9, 2026, 2:30 AM","153,630",5,5,5,5,5,"July 9, 2026, 3:30 AM"
orbit-Slc,"1,327,277",LOGIN,"July 10, 2026, 1:00 PM","122,485",5,5,5,5,0,"July 10, 2026, 5:15 PM"
orbit-Slc,"1,327,277",LOGIN,"July 10, 2026, 1:00 PM","152,515",4,4,4,4,0,"July 10, 2026, 10:11 PM"
orbit-Slc,"1,332,576",LOGIN,"July 14, 2026, 1:00 PM","50,815",5,5,5,5,0,"July 14, 2026, 2:18 PM"
orbit-Slc,"1,332,576",LOGIN,"July 14, 2026, 1:00 PM","187,290",5,5,5,5,0,"July 14, 2026, 10:10 PM"
orbit-Slc,"1,332,576",LOGIN,"July 14, 2026, 1:00 PM","110,900",5,5,5,5,0,"July 14, 2026, 10:10 PM"
orbit-Slc,"1,341,651",LOGIN,"July 20, 2026, 1:00 PM","271,525",4,4,4,4,0,"July 20, 2026, 9:56 PM"
orbit-Slc,"1,341,651",LOGIN,"July 20, 2026, 1:00 PM","31,925",4,4,4,4,0,"July 20, 2026, 10:11 PM"
orbit-Slc,"1,341,651",LOGIN,"July 20, 2026, 1:00 PM","273,195",5,5,5,5,0,"July 21, 2026, 8:34 AM"
pinnacle-Slc,"3,329,774",LOGOUT,"July 1, 2026, 3:00 PM","119,135",5,5,5,5,0,"July 1, 2026, 10:45 PM"
pinnacle-Slc,"3,335,283",LOGIN,"July 2, 2026, 9:00 AM","449,080",5,5,5,5,0,"July 2, 2026, 2:44 PM"
pinnacle-Slc,"3,418,999",LOGIN,"July 20, 2026, 8:30 AM","84,290",5,5,5,5,0,"July 20, 2026, 3:19 PM"
pinnacle-Slc,"3,420,732",LOGOUT,"July 20, 2026, 4:30 PM","44,090",5,5,5,5,0,"July 20, 2026, 11:05 PM"
pinnacle-Slc,"3,397,480",LOGIN,"July 15, 2026, 8:00 AM","82,860",5,5,5,5,0,"July 15, 2026, 2:11 PM"
pinnacle-Slc,"3,397,480",LOGIN,"July 15, 2026, 8:00 AM","411,155",5,5,5,5,0,"July 15, 2026, 3:12 PM"
pinnacle-Slc,"3,403,700",LOGIN,"July 16, 2026, 9:00 AM","242,840",5,5,5,5,0,"July 16, 2026, 12:42 PM"
pinnacle-Slc,"3,416,710",LOGIN,"July 20, 2026, 9:30 AM","453,700",5,5,5,5,0,"July 20, 2026, 2:22 PM"
pinnacle-Slc,"3,416,710",LOGIN,"July 20, 2026, 9:30 AM","383,410",4,4,4,4,0,"July 20, 2026, 3:09 PM"
pinnacle-Slc,"3,116,971",LOGIN,"May 18, 2026, 9:00 AM","98,795",5,5,5,5,0,"May 18, 2026, 11:16 AM"
pinnacle-Slc,"3,116,971",LOGIN,"May 18, 2026, 9:00 AM","620,825",5,5,5,5,0,"May 18, 2026, 8:07 PM"
pinnacle-Slc,"3,116,971",LOGIN,"May 18, 2026, 9:00 AM","613,980",5,5,5,5,0,"May 19, 2026, 8:50 AM"
pinnacle-Slc,"3,424,871",LOGOUT,"July 21, 2026, 3:00 AM","443,530",5,5,5,5,0,"July 22, 2026, 12:14 PM"
pinnacle-Slc,"3,422,413",LOGIN,"July 21, 2026, 9:30 AM","297,145",5,5,5,5,0,"July 21, 2026, 10:38 AM"
pinnacle-Slc,"3,422,413",LOGIN,"July 21, 2026, 9:30 AM","126,510",5,5,5,5,0,"July 21, 2026, 2:09 PM"
pinnacle-Slc,"3,422,413",LOGIN,"July 21, 2026, 9:30 AM","368,065",5,5,5,5,0,"July 21, 2026, 4:14 PM"
pinnacle-Slc,"3,121,819",LOGIN,"May 19, 2026, 7:00 AM","226,170",5,5,5,5,0,"May 19, 2026, 3:32 PM"
orbit-Slc,"1,241,079",LOGOUT,"May 22, 2026, 4:30 AM","7,980",5,5,5,5,5,"May 26, 2026, 12:18 PM"
pinnacle-Slc,"3,128,380",LOGIN,"May 20, 2026, 9:00 AM","166,960",5,5,5,5,0,"May 20, 2026, 4:22 PM"
pinnacle-Slc,"3,432,200",LOGOUT,"July 22, 2026, 4:30 AM","428,290",5,5,5,5,0,"July 22, 2026, 2:34 PM"
pinnacle-Slc,"3,438,910",LOGOUT,"July 22, 2026, 8:00 PM","248,770",5,5,5,5,0,"July 23, 2026, 8:25 AM"
pinnacle-Slc,"3,451,433",LOGOUT,"July 27, 2026, 3:30 PM","88,585",5,5,5,5,0,"July 27, 2026, 8:08 PM"
pinnacle-Slc,"3,451,433",LOGOUT,"July 27, 2026, 3:30 PM","124,245",5,5,5,5,0,"July 28, 2026, 8:11 AM"
pinnacle-Slc,"3,135,522",LOGIN,"May 21, 2026, 9:30 AM","243,655",5,5,5,5,0,"May 21, 2026, 3:12 PM"
orbit-Slc,"1,238,427",LOGOUT,"May 20, 2026, 3:30 PM","75,990",5,5,5,5,0,"May 20, 2026, 6:16 PM"
orbit-Slc,"1,238,427",LOGOUT,"May 20, 2026, 3:30 PM","267,250",5,5,5,5,0,"May 21, 2026, 5:28 AM"
pinnacle-Slc,"3,139,332",LOGOUT,"May 21, 2026, 3:00 PM","609,350",5,5,5,5,0,"May 21, 2026, 11:35 PM"
pinnacle-Slc,"3,139,332",LOGOUT,"May 21, 2026, 3:00 PM","495,615",5,5,5,5,0,"May 22, 2026, 12:32 AM"
pinnacle-Slc,"3,142,481",LOGOUT,"May 22, 2026, 1:30 PM","87,065",5,5,5,5,0,"May 25, 2026, 6:51 AM"
pinnacle-Slc,"3,331,599",LOGIN,"July 1, 2026, 6:00 PM","429,680",4,4,4,4,0,"July 2, 2026, 1:38 AM"
orbit-Slc,"1,360,043",LOGIN,"July 29, 2026, 11:00 AM","3,275",5,5,5,5,0,"July 29, 2026, 11:09 AM"
orbit-Slc,"1,360,043",LOGIN,"July 29, 2026, 11:00 AM","68,615",5,5,5,5,0,"July 29, 2026, 6:21 PM"
orbit-Slc,"1,360,043",LOGIN,"July 29, 2026, 11:00 AM","5,480",5,5,5,5,0,"July 29, 2026, 7:53 PM"
orbit-Slc,"1,354,498",LOGOUT,"July 24, 2026, 11:00 PM","30,660",5,5,5,5,0,"July 27, 2026, 9:32 AM"
orbit-Slc,"1,359,169",LOGOUT,"July 28, 2026, 8:00 PM",965,5,5,5,5,5,"July 29, 2026, 9:28 AM"
pinnacle-Slc,"3,355,941",LOGIN,"July 7, 2026, 9:00 AM","13,585",4,4,4,4,0,"July 7, 2026, 9:09 AM"
pinnacle-Slc,"3,355,941",LOGIN,"July 7, 2026, 9:00 AM","641,505",5,5,5,5,0,"July 7, 2026, 1:44 PM"
pinnacle-Slc,"3,353,428",LOGIN,"July 6, 2026, 9:30 AM","115,635",5,5,5,5,0,"July 6, 2026, 1:44 PM"
pinnacle-Slc,"3,353,428",LOGIN,"July 6, 2026, 9:30 AM","455,530",5,5,5,5,0,"July 6, 2026, 2:45 PM"
pinnacle-Slc,"3,059,466",LOGIN,"May 5, 2026, 7:00 AM","60,845",4,4,4,4,0,"May 5, 2026, 2:13 PM"
pinnacle-Slc,"3,065,771",LOGIN,"May 6, 2026, 8:30 AM","105,945",5,5,5,5,0,"May 6, 2026, 10:11 AM"
pinnacle-Slc,"3,065,771",LOGIN,"May 6, 2026, 8:30 AM","288,705",5,5,5,5,0,"May 6, 2026, 1:45 PM"
pinnacle-Slc,"3,065,771",LOGIN,"May 6, 2026, 8:30 AM","236,565",5,5,5,5,0,"May 6, 2026, 2:52 PM"
pinnacle-Slc,"3,360,148",LOGOUT,"July 7, 2026, 1:30 PM","1,860",5,5,5,5,0,"July 7, 2026, 8:43 PM"
pinnacle-Slc,"3,360,148",LOGOUT,"July 7, 2026, 1:30 PM","1,355",5,5,5,5,0,"July 7, 2026, 10:32 PM"
pinnacle-Slc,"3,370,053",LOGIN,"July 9, 2026, 8:30 AM","100,900",5,5,5,5,0,"July 9, 2026, 4:01 PM"
pinnacle-Slc,"3,071,207",LOGOUT,"May 6, 2026, 3:30 PM","534,730",4,4,4,4,0,"May 7, 2026, 6:03 AM"
pinnacle-Slc,"3,071,207",LOGOUT,"May 6, 2026, 3:30 PM","98,180",5,5,5,5,0,"May 7, 2026, 7:35 AM"
pinnacle-Slc,"3,375,025",LOGIN,"July 10, 2026, 8:30 AM","534,880",5,5,5,5,0,"July 10, 2026, 1:34 PM"
pinnacle-Slc,"3,375,025",LOGIN,"July 10, 2026, 8:30 AM","12,640",5,5,5,5,0,"July 10, 2026, 3:06 PM"
pinnacle-Slc,"3,251,185",LOGOUT,"June 16, 2026, 4:30 PM","377,965",5,5,5,5,0,"June 17, 2026, 9:33 AM"
pinnacle-Slc,"3,227,056",LOGIN,"June 11, 2026, 10:30 AM","138,385",5,5,5,5,0,"June 11, 2026, 3:18 PM"
pinnacle-Slc,"3,227,056",LOGIN,"June 11, 2026, 10:30 AM","117,190",5,5,5,5,0,"June 11, 2026, 3:45 PM"
pinnacle-Slc,"3,227,056",LOGIN,"June 11, 2026, 10:30 AM","402,555",5,5,5,5,0,"June 11, 2026, 4:33 PM"
pinnacle-Slc,"3,287,135",LOGIN,"June 23, 2026, 9:30 AM","638,515",5,5,5,5,0,"June 23, 2026, 2:39 PM"
pinnacle-Slc,"3,264,669",LOGIN,"June 18, 2026, 8:30 AM","104,975",5,5,5,5,0,"June 18, 2026, 12:52 PM"
pinnacle-Slc,"3,264,669",LOGIN,"June 18, 2026, 8:30 AM","93,830",5,5,5,5,0,"June 18, 2026, 2:03 PM"
pinnacle-Slc,"3,264,669",LOGIN,"June 18, 2026, 8:30 AM","85,675",5,5,5,5,0,"June 18, 2026, 2:06 PM"
pinnacle-Slc,"3,284,066",LOGOUT,"June 22, 2026, 1:30 PM","115,670",5,5,5,5,0,"June 23, 2026, 6:04 AM"
pinnacle-Slc,"3,284,066",LOGOUT,"June 22, 2026, 1:30 PM","88,305",5,5,5,5,0,"June 23, 2026, 6:13 AM"
pinnacle-Slc,"3,295,792",LOGIN,"June 24, 2026, 9:00 PM","528,280",5,5,5,5,5,"June 24, 2026, 8:58 PM"
pinnacle-Slc,"3,446,652",LOGOUT,"July 24, 2026, 3:30 PM","716,595",5,5,5,5,0,"July 24, 2026, 6:01 PM"
pinnacle-Slc,"3,446,652",LOGOUT,"July 24, 2026, 3:30 PM","96,060",5,5,5,5,0,"July 25, 2026, 2:15 PM"
pinnacle-Slc,"3,446,652",LOGOUT,"July 24, 2026, 3:30 PM","517,720",4,4,4,4,0,"July 27, 2026, 6:27 AM"
pinnacle-Slc,"3,461,708",LOGOUT,"July 28, 2026, 3:00 PM","574,010",5,5,5,5,0,"July 28, 2026, 8:00 PM"
pinnacle-Slc,"3,461,708",LOGOUT,"July 28, 2026, 3:00 PM","92,070",5,5,5,5,0,"July 28, 2026, 9:52 PM"
pinnacle-Slc,"3,461,708",LOGOUT,"July 28, 2026, 3:00 PM","6,975",5,5,5,5,0,"July 29, 2026, 7:37 AM"
pinnacle-Slc,"3,458,488",LOGIN,"July 28, 2026, 9:00 AM","10,775",5,5,5,5,0,"July 28, 2026, 3:02 PM"
pinnacle-Slc,"3,148,747",LOGIN,"May 25, 2026, 9:30 AM","249,795",5,5,5,5,0,"May 25, 2026, 12:44 PM"
pinnacle-Slc,"3,148,747",LOGIN,"May 25, 2026, 9:30 AM","380,440",5,5,5,5,0,"May 25, 2026, 2:22 PM"
pinnacle-Slc,"3,148,747",LOGIN,"May 25, 2026, 9:30 AM","105,715",5,5,5,5,0,"May 25, 2026, 3:19 PM"
pinnacle-Slc,"3,452,955",LOGIN,"July 27, 2026, 7:30 AM","93,080",5,5,5,5,0,"July 27, 2026, 12:04 PM"
pinnacle-Slc,"3,452,955",LOGIN,"July 27, 2026, 7:30 AM","405,190",5,5,5,5,0,"July 27, 2026, 2:58 PM"
pinnacle-Slc,"3,457,055",LOGIN,"July 28, 2026, 8:30 AM","10,520",5,5,5,5,0,"July 28, 2026, 10:24 AM"
pinnacle-Slc,"3,457,055",LOGIN,"July 28, 2026, 8:30 AM","84,860",5,5,5,5,0,"July 28, 2026, 1:51 PM"
pinnacle-Slc,"3,457,055",LOGIN,"July 28, 2026, 8:30 AM","320,900",5,5,5,5,0,"July 28, 2026, 2:24 PM"
pinnacle-Slc,"3,457,269",LOGIN,"July 28, 2026, 9:00 AM","346,285",4,4,4,4,0,"July 28, 2026, 2:58 PM"
pinnacle-Slc,"3,181,964",LOGOUT,"June 2, 2026, 3:30 PM","493,980",5,5,5,5,0,"June 3, 2026, 6:40 AM"
pinnacle-Slc,"3,181,964",LOGOUT,"June 2, 2026, 3:30 PM","82,795",5,5,5,5,0,"June 3, 2026, 7:53 AM"
pinnacle-Slc,"3,193,467",LOGIN,"June 4, 2026, 8:30 AM","124,385",5,5,5,5,0,"June 4, 2026, 2:23 PM"
pinnacle-Slc,"3,182,566",LOGOUT,"June 2, 2026, 3:00 PM","93,495",5,5,5,5,0,"June 2, 2026, 10:26 PM"
pinnacle-Slc,"3,182,566",LOGOUT,"June 2, 2026, 3:00 PM","83,320",1,1,1,1,0,"June 2, 2026, 10:35 PM"
pinnacle-Slc,"3,182,566",LOGOUT,"June 2, 2026, 3:00 PM","96,140",5,5,5,5,0,"June 3, 2026, 6:54 AM"
pinnacle-Slc,"3,183,500",LOGOUT,"June 2, 2026, 9:30 PM","423,670",5,5,5,5,0,"June 3, 2026, 10:41 AM"
pinnacle-Slc,"3,253,217",LOGOUT,"June 16, 2026, 4:30 PM","10,510",5,5,5,5,0,"June 16, 2026, 11:41 PM"
pinnacle-Slc,"3,253,217",LOGOUT,"June 16, 2026, 4:30 PM","483,895",5,5,5,5,0,"June 17, 2026, 8:31 AM"
pinnacle-Slc,"3,317,093",LOGIN,"June 29, 2026, 9:00 AM","364,270",5,5,5,5,0,"June 29, 2026, 2:22 PM"
pinnacle-Slc,"3,318,388",LOGIN,"June 29, 2026, 8:30 AM","550,885",5,5,5,5,0,"June 29, 2026, 1:14 PM"
pinnacle-Slc,"3,318,388",LOGIN,"June 29, 2026, 8:30 AM","473,340",5,5,5,5,0,"June 29, 2026, 1:46 PM"
pinnacle-Slc,"3,295,310",LOGIN,"June 24, 2026, 8:30 AM","244,160",5,5,5,5,0,"June 24, 2026, 2:32 PM"
pinnacle-Slc,"3,295,310",LOGIN,"June 24, 2026, 8:30 AM","293,155",5,5,5,5,0,"June 24, 2026, 2:54 PM"
pinnacle-Slc,"3,324,988",LOGOUT,"June 30, 2026, 3:00 PM","91,800",5,5,5,5,0,"June 30, 2026, 9:57 PM"
pinnacle-Slc,"3,324,988",LOGOUT,"June 30, 2026, 3:00 PM","487,710",5,5,5,5,0,"June 30, 2026, 11:08 PM"
pinnacle-Slc,"3,360,860",LOGOUT,"July 7, 2026, 2:30 PM","112,185",5,5,5,5,0,"July 7, 2026, 3:39 PM"
pinnacle-Slc,"3,360,860",LOGOUT,"July 7, 2026, 2:30 PM","419,395",5,5,5,5,0,"July 8, 2026, 6:30 AM"
pinnacle-Slc,"3,360,860",LOGOUT,"July 7, 2026, 2:30 PM","613,320",5,5,5,5,0,"July 8, 2026, 6:50 AM"
pinnacle-Slc,"3,081,481",LOGIN,"May 8, 2026, 9:30 AM","4,860",5,5,5,5,0,"May 8, 2026, 11:20 AM"
pinnacle-Slc,"3,081,481",LOGIN,"May 8, 2026, 9:30 AM","191,025",5,5,5,5,0,"May 8, 2026, 3:23 PM"
pinnacle-Slc,"3,089,483",LOGOUT,"May 11, 2026, 3:30 PM","417,405",4,4,4,4,0,"May 12, 2026, 7:26 AM"
pinnacle-Slc,"3,089,483",LOGOUT,"May 11, 2026, 3:30 PM","471,520",5,5,5,5,0,"May 12, 2026, 7:48 AM"
pinnacle-Slc,"3,097,773",LOGIN,"May 13, 2026, 7:30 AM","161,505",5,5,5,5,0,"May 13, 2026, 7:29 AM"
pinnacle-Slc,"3,097,773",LOGIN,"May 13, 2026, 7:30 AM","102,990",5,5,5,5,0,"May 13, 2026, 11:58 AM"
pinnacle-Slc,"3,088,150",LOGIN,"May 11, 2026, 9:00 AM","441,360",5,5,5,5,0,"May 11, 2026, 2:59 PM"
pinnacle-Slc,"3,088,150",LOGIN,"May 11, 2026, 9:00 AM","99,310",5,5,5,5,0,"May 11, 2026, 6:21 PM"
pinnacle-Slc,"3,090,210",LOGIN,"May 12, 2026, 7:30 AM","88,305",5,5,5,5,0,"May 12, 2026, 1:10 PM"
pinnacle-Slc,"3,090,210",LOGIN,"May 12, 2026, 7:30 AM","115,670",5,5,5,5,0,"May 12, 2026, 1:31 PM"
pinnacle-Slc,"3,397,703",LOGIN,"July 15, 2026, 9:30 AM","580,915",4,4,4,4,0,"July 15, 2026, 10:08 AM"
pinnacle-Slc,"3,397,703",LOGIN,"July 15, 2026, 9:30 AM","653,415",5,5,5,5,0,"July 16, 2026, 8:41 AM"
pinnacle-Slc,"3,389,939",LOGIN,"July 14, 2026, 10:30 AM","440,995",5,5,5,5,0,"July 14, 2026, 3:09 PM"
pinnacle-Slc,"3,389,939",LOGIN,"July 14, 2026, 10:30 AM","91,825",5,5,5,5,0,"July 14, 2026, 4:17 PM"
pinnacle-Slc,"3,095,224",LOGOUT,"May 12, 2026, 2:30 PM","480,605",5,5,5,5,0,"May 12, 2026, 9:33 PM"
pinnacle-Slc,"3,421,945",LOGIN,"July 21, 2026, 8:30 AM","113,175",5,5,5,5,0,"July 21, 2026, 1:35 PM"
pinnacle-Slc,"3,410,193",LOGIN,"July 17, 2026, 7:30 AM","444,140",5,5,5,5,0,"July 17, 2026, 9:57 AM"
pinnacle-Slc,"3,410,193",LOGIN,"July 17, 2026, 7:30 AM","102,780",5,5,5,5,0,"July 18, 2026, 7:51 AM"
pinnacle-Slc,"3,098,917",LOGOUT,"May 13, 2026, 3:00 PM","7,250",5,5,5,5,0,"May 14, 2026, 8:15 AM"
pinnacle-Slc,"3,098,917",LOGOUT,"May 13, 2026, 3:00 PM","249,835",4,4,4,4,0,"May 14, 2026, 12:37 PM"
pinnacle-Slc,"3,402,362",LOGIN,"July 16, 2026, 8:30 AM","92,025",5,5,5,5,0,"July 16, 2026, 2:07 PM"
pinnacle-Slc,"3,405,234",LOGOUT,"July 16, 2026, 1:30 PM","356,025",5,5,5,5,0,"July 17, 2026, 6:22 AM"
orbit-Slc,"1,271,826",LOGOUT,"June 10, 2026, 3:30 PM","207,260",4,4,4,4,0,"June 11, 2026, 7:37 AM"
orbit-Slc,"1,271,826",LOGOUT,"June 10, 2026, 3:30 PM","14,785",5,5,5,5,0,"June 11, 2026, 2:58 PM"
orbit-Slc,"1,272,873",LOGIN,"June 11, 2026, 11:00 AM","62,690",5,5,5,5,0,"June 11, 2026, 10:53 AM"
orbit-Slc,"1,286,481",LOGIN,"June 18, 2026, 11:00 AM","198,385",5,5,5,5,0,"June 18, 2026, 10:54 AM"
orbit-Slc,"1,286,481",LOGIN,"June 18, 2026, 11:00 AM","86,670",4,4,4,4,0,"June 18, 2026, 3:33 PM"
orbit-Slc,"1,298,630",LOGIN,"June 25, 2026, 1:00 PM","261,260",4,4,4,4,0,"June 25, 2026, 4:58 PM"
orbit-Slc,"1,298,630",LOGIN,"June 25, 2026, 1:00 PM","232,840",5,5,5,5,0,"June 25, 2026, 5:09 PM"
orbit-Slc,"1,298,630",LOGIN,"June 25, 2026, 1:00 PM","282,550",5,5,5,5,0,"June 25, 2026, 5:35 PM"
orbit-Slc,"1,298,630",LOGIN,"June 25, 2026, 1:00 PM","18,190",5,5,5,5,0,"June 25, 2026, 10:05 PM"
orbit-Slc,"1,301,034",LOGIN,"June 26, 2026, 11:00 AM","158,500",4,4,4,4,0,"June 26, 2026, 3:05 PM"
orbit-Slc,"1,301,034",LOGIN,"June 26, 2026, 11:00 AM","8,850",5,5,5,5,0,"June 26, 2026, 3:36 PM"
orbit-Slc,"1,289,670",LOGOUT,"June 20, 2026, 3:30 AM","153,380",5,5,5,5,0,"July 12, 2026, 12:14 AM"
orbit-Slc,"1,319,006",LOGOUT,"July 6, 2026, 8:00 PM","64,865",5,5,5,5,5,"July 7, 2026, 9:56 PM"
orbit-Slc,"1,337,303",LOGIN,"July 16, 2026, 1:00 PM","41,445",5,5,5,5,0,"July 16, 2026, 1:37 PM"
orbit-Slc,"1,337,303",LOGIN,"July 16, 2026, 1:00 PM","37,120",5,5,5,5,0,"July 16, 2026, 4:28 PM"
orbit-Slc,"1,352,806",LOGIN,"July 24, 2026, 1:00 PM","4,730",5,5,5,5,0,"July 24, 2026, 12:47 PM"
orbit-Slc,"1,352,806",LOGIN,"July 24, 2026, 1:00 PM","195,770",5,5,5,5,0,"July 24, 2026, 6:23 PM"
orbit-Slc,"1,352,806",LOGIN,"July 24, 2026, 1:00 PM","152,485",5,5,5,5,0,"July 24, 2026, 8:35 PM"
orbit-Slc,"1,352,806",LOGIN,"July 24, 2026, 1:00 PM",935,5,5,5,5,0,"July 24, 2026, 9:54 PM"
orbit-Slc,"1,360,932",LOGIN,"July 29, 2026, 6:30 AM","7,515",5,5,5,5,0,"July 29, 2026, 6:26 AM"
orbit-Slc,"1,360,932",LOGIN,"July 29, 2026, 6:30 AM","191,745",5,5,5,5,0,"July 29, 2026, 6:32 AM"
pinnacle-Slc,"3,104,362",LOGIN,"May 14, 2026, 9:30 AM","493,985",5,5,5,5,0,"May 14, 2026, 3:18 PM"
pinnacle-Slc,"3,423,766",LOGIN,"July 21, 2026, 9:00 AM","87,160",5,5,5,5,0,"July 21, 2026, 9:01 AM"
pinnacle-Slc,"3,423,766",LOGIN,"July 21, 2026, 9:00 AM","595,275",5,5,5,5,0,"July 21, 2026, 2:21 PM"
pinnacle-Slc,"3,099,934",LOGOUT,"May 13, 2026, 3:30 PM","620,655",4,4,4,4,0,"May 13, 2026, 10:33 PM"
pinnacle-Slc,"3,398,768",LOGOUT,"July 15, 2026, 10:00 PM","641,175",5,5,5,5,0,"July 15, 2026, 11:56 PM"
pinnacle-Slc,"3,398,768",LOGOUT,"July 15, 2026, 10:00 PM","441,825",5,5,5,5,0,"July 16, 2026, 3:11 AM"
pinnacle-Slc,"3,412,221",LOGOUT,"July 16, 2026, 8:30 PM","98,995",5,5,5,5,0,"July 17, 2026, 8:13 AM"
pinnacle-Slc,"3,412,784",LOGOUT,"July 17, 2026, 2:30 PM","84,325",5,5,5,5,0,"July 17, 2026, 11:07 PM"
pinnacle-Slc,"3,123,414",LOGIN,"May 19, 2026, 10:30 AM","166,435",5,5,5,5,0,"May 19, 2026, 4:36 PM"
pinnacle-Slc,"3,123,414",LOGIN,"May 19, 2026, 10:30 AM","91,595",5,5,5,5,0,"May 20, 2026, 9:11 AM"
pinnacle-Slc,"3,429,157",LOGIN,"July 22, 2026, 9:30 AM","95,795",4,4,4,4,0,"July 22, 2026, 1:36 PM"
pinnacle-Slc,"3,429,157",LOGIN,"July 22, 2026, 9:30 AM","84,150",5,5,5,5,0,"July 22, 2026, 3:30 PM"
pinnacle-Slc,"3,429,157",LOGIN,"July 22, 2026, 9:30 AM","409,160",5,5,5,5,0,"July 23, 2026, 1:06 AM"
pinnacle-Slc,"3,128,810",LOGIN,"May 20, 2026, 10:30 AM","403,880",5,5,5,5,0,"May 20, 2026, 12:27 PM"
pinnacle-Slc,"3,430,738",LOGIN,"July 22, 2026, 9:30 AM","89,645",5,5,5,5,0,"July 22, 2026, 2:02 PM"
pinnacle-Slc,"3,430,738",LOGIN,"July 22, 2026, 9:30 AM","105,195",5,5,5,5,0,"July 23, 2026, 7:50 AM"
pinnacle-Slc,"3,431,230",LOGOUT,"July 22, 2026, 3:00 PM","39,660",5,5,5,5,0,"July 23, 2026, 7:27 AM"
pinnacle-Slc,"3,431,230",LOGOUT,"July 22, 2026, 3:00 PM","473,335",5,5,5,5,0,"July 23, 2026, 8:11 AM"
pinnacle-Slc,"3,129,725",LOGIN,"May 20, 2026, 7:30 AM","249,975",5,5,5,5,0,"May 20, 2026, 2:32 PM"
pinnacle-Slc,"3,125,317",LOGOUT,"May 19, 2026, 9:30 PM","327,765",5,5,5,5,0,"May 21, 2026, 12:18 AM"
pinnacle-Slc,"3,442,456",LOGIN,"July 24, 2026, 7:30 AM","536,035",5,5,5,5,0,"July 24, 2026, 12:44 PM"
pinnacle-Slc,"3,438,160",LOGOUT,"July 23, 2026, 2:30 PM","107,560",5,5,5,5,0,"July 23, 2026, 5:12 PM"
pinnacle-Slc,"3,438,160",LOGOUT,"July 23, 2026, 2:30 PM","423,515",5,5,5,5,0,"July 23, 2026, 6:07 PM"
pinnacle-Slc,"3,438,649",LOGOUT,"July 23, 2026, 3:30 PM","411,640",5,5,5,5,0,"July 23, 2026, 10:52 PM"
pinnacle-Slc,"3,437,648",LOGOUT,"July 23, 2026, 1:30 PM","250,060",5,5,5,5,0,"July 24, 2026, 4:18 AM"
pinnacle-Slc,"3,143,952",LOGIN,"May 22, 2026, 9:30 AM","473,845",4,4,4,4,0,"May 22, 2026, 4:00 PM"
pinnacle-Slc,"3,143,952",LOGIN,"May 22, 2026, 9:30 AM","623,860",5,5,5,5,0,"May 22, 2026, 4:36 PM"
pinnacle-Slc,"3,446,396",LOGOUT,"July 24, 2026, 2:30 PM","1,630",5,5,5,5,0,"July 26, 2026, 4:59 PM"
pinnacle-Slc,"3,340,130",LOGOUT,"July 1, 2026, 6:30 PM","589,660",5,5,5,5,0,"July 2, 2026, 8:11 AM"
pinnacle-Slc,"3,066,715",LOGIN,"May 6, 2026, 7:30 PM","298,775",1,1,1,1,1,"May 6, 2026, 7:28 PM"
pinnacle-Slc,"3,066,715",LOGIN,"May 6, 2026, 7:30 PM","327,795",5,5,5,5,5,"May 7, 2026, 3:42 AM"
pinnacle-Slc,"3,364,002",LOGIN,"July 8, 2026, 8:30 AM","171,075",5,5,5,5,0,"July 8, 2026, 8:45 AM"
pinnacle-Slc,"3,364,002",LOGIN,"July 8, 2026, 8:30 AM","549,895",5,5,5,5,0,"July 8, 2026, 11:20 AM"
pinnacle-Slc,"3,364,002",LOGIN,"July 8, 2026, 8:30 AM","25,425",4,4,4,4,0,"July 8, 2026, 2:21 PM"
pinnacle-Slc,"3,068,660",LOGOUT,"May 6, 2026, 3:00 PM","86,050",5,5,5,5,0,"May 6, 2026, 10:35 PM"
pinnacle-Slc,"3,357,333",LOGIN,"July 7, 2026, 8:30 AM","153,000",5,5,5,5,0,"July 7, 2026, 12:32 PM"
pinnacle-Slc,"3,357,333",LOGIN,"July 7, 2026, 8:30 AM","224,030",5,5,5,5,0,"July 7, 2026, 3:14 PM"
pinnacle-Slc,"3,351,618",LOGOUT,"July 6, 2026, 3:00 PM","191,355",5,5,5,5,0,"July 6, 2026, 4:03 PM"
pinnacle-Slc,"3,351,618",LOGOUT,"July 6, 2026, 3:00 PM","477,465",5,5,5,5,0,"July 7, 2026, 8:22 AM"
pinnacle-Slc,"3,355,281",LOGIN,"July 7, 2026, 6:30 AM","96,880",5,5,5,5,5,"July 7, 2026, 7:26 AM"
pinnacle-Slc,"3,352,750",LOGIN,"July 6, 2026, 7:30 AM","27,310",5,5,5,5,0,"July 6, 2026, 7:43 AM"
pinnacle-Slc,"3,352,750",LOGIN,"July 6, 2026, 7:30 AM","82,190",4,4,4,4,0,"July 6, 2026, 12:43 PM"
pinnacle-Slc,"3,352,750",LOGIN,"July 6, 2026, 7:30 AM","94,545",5,5,5,5,0,"July 6, 2026, 2:58 PM"
pinnacle-Slc,"3,358,358",LOGOUT,"July 7, 2026, 9:00 PM","645,305",4,4,4,4,4,"July 8, 2026, 9:08 PM"
vanta-Sea,"5,065,220",LOGIN,"July 21, 2026, 10:00 AM","32,130",5,5,5,5,0,"July 21, 2026, 10:32 AM"
pinnacle-Slc,"3,076,664",LOGOUT,"May 7, 2026, 2:30 PM","441,365",5,5,5,5,0,"May 8, 2026, 12:09 AM"
pinnacle-Slc,"3,076,664",LOGOUT,"May 7, 2026, 2:30 PM","88,935",5,5,5,5,0,"May 8, 2026, 2:29 AM"
pinnacle-Slc,"3,209,668",LOGOUT,"June 8, 2026, 3:00 PM","103,745",5,5,5,5,0,"June 8, 2026, 4:22 PM"
pinnacle-Slc,"3,209,668",LOGOUT,"June 8, 2026, 3:00 PM","105,895",4,4,4,4,0,"June 9, 2026, 6:04 AM"
pinnacle-Slc,"3,209,668",LOGOUT,"June 8, 2026, 3:00 PM","103,570",5,5,5,5,0,"June 9, 2026, 7:20 AM"
pinnacle-Slc,"3,229,478",LOGOUT,"June 11, 2026, 1:30 PM","85,535",5,5,5,5,0,"June 11, 2026, 9:25 PM"
pinnacle-Slc,"3,213,959",LOGOUT,"June 9, 2026, 3:00 PM","490,165",5,5,5,5,0,"June 10, 2026, 6:14 AM"
pinnacle-Slc,"3,228,362",LOGOUT,"June 11, 2026, 1:30 PM","132,610",5,5,5,5,0,"June 11, 2026, 4:28 PM"
pinnacle-Slc,"3,228,362",LOGOUT,"June 11, 2026, 1:30 PM","422,555",5,5,5,5,0,"June 12, 2026, 6:35 AM"
pinnacle-Slc,"3,264,450",LOGIN,"June 18, 2026, 8:30 AM","101,680",5,5,5,5,0,"June 18, 2026, 2:30 PM"
pinnacle-Slc,"3,208,540",LOGOUT,"June 8, 2026, 2:30 PM","126,840",5,5,5,5,0,"June 8, 2026, 8:38 PM"
pinnacle-Slc,"3,208,540",LOGOUT,"June 8, 2026, 2:30 PM","49,345",5,5,5,5,0,"June 9, 2026, 5:53 AM"
pinnacle-Slc,"3,230,431",LOGOUT,"June 11, 2026, 2:30 PM","21,295",5,5,5,5,0,"June 12, 2026, 6:42 AM"
pinnacle-Slc,"3,230,431",LOGOUT,"June 11, 2026, 2:30 PM","15,970",5,5,5,5,0,"June 14, 2026, 11:55 AM"
pinnacle-Slc,"3,242,678",LOGOUT,"June 15, 2026, 3:30 PM","369,715",5,5,5,5,0,"June 16, 2026, 8:46 AM"
pinnacle-Slc,"3,242,678",LOGOUT,"June 15, 2026, 3:30 PM","417,995",5,5,5,5,0,"June 16, 2026, 8:52 AM"
pinnacle-Slc,"3,242,678",LOGOUT,"June 15, 2026, 3:30 PM","254,405",1,1,1,1,0,"June 16, 2026, 3:39 PM"
pinnacle-Slc,"3,256,749",LOGIN,"June 17, 2026, 8:30 AM","97,765",4,4,4,4,0,"June 17, 2026, 3:00 PM"
pinnacle-Slc,"3,268,651",LOGOUT,"June 18, 2026, 4:30 AM","440,190",2,2,2,2,2,"June 18, 2026, 3:25 PM"
pinnacle-Slc,"3,294,842",LOGIN,"June 24, 2026, 9:30 AM","604,200",5,5,5,5,0,"June 24, 2026, 2:08 PM"
pinnacle-Slc,"3,294,842",LOGIN,"June 24, 2026, 9:30 AM","116,365",5,5,5,5,0,"June 24, 2026, 3:54 PM"
pinnacle-Slc,"3,270,076",LOGOUT,"June 18, 2026, 3:30 PM","343,645",5,5,5,5,0,"June 19, 2026, 12:00 AM"
pinnacle-Slc,"3,270,076",LOGOUT,"June 18, 2026, 3:30 PM","100,740",5,5,5,5,0,"June 19, 2026, 3:16 AM"
pinnacle-Slc,"3,270,076",LOGOUT,"June 18, 2026, 3:30 PM","512,935",5,5,5,5,0,"June 19, 2026, 7:48 AM"
pinnacle-Slc,"3,301,587",LOGIN,"June 25, 2026, 8:30 AM","155,580",5,5,5,5,0,"June 25, 2026, 1:21 PM"
pinnacle-Slc,"3,301,587",LOGIN,"June 25, 2026, 8:30 AM","411,965",5,5,5,5,0,"June 25, 2026, 4:34 PM"
pinnacle-Slc,"3,301,587",LOGIN,"June 25, 2026, 8:30 AM","199,105",5,5,5,5,0,"June 25, 2026, 7:50 PM"
pinnacle-Slc,"3,317,338",LOGIN,"June 29, 2026, 7:30 AM","692,025",5,5,5,5,0,"June 29, 2026, 7:15 AM"
pinnacle-Slc,"3,317,338",LOGIN,"June 29, 2026, 7:30 AM","102,990",5,5,5,5,0,"June 29, 2026, 11:55 AM"
pinnacle-Slc,"3,134,833",LOGIN,"May 21, 2026, 7:30 AM","81,790",5,5,5,5,0,"May 21, 2026, 2:09 PM"
pinnacle-Slc,"3,134,833",LOGIN,"May 21, 2026, 7:30 AM","56,135",4,4,4,4,0,"May 21, 2026, 3:25 PM"
pinnacle-Slc,"3,134,833",LOGIN,"May 21, 2026, 7:30 AM","20,140",5,5,5,5,0,"May 21, 2026, 3:37 PM"
pinnacle-Slc,"3,439,679",LOGOUT,"July 23, 2026, 2:30 PM","98,720",5,5,5,5,0,"July 23, 2026, 3:24 PM"
pinnacle-Slc,"3,439,679",LOGOUT,"July 23, 2026, 2:30 PM","11,775",5,5,5,5,0,"July 24, 2026, 8:35 AM"
pinnacle-Slc,"3,439,679",LOGOUT,"July 23, 2026, 2:30 PM","697,305",5,5,5,5,0,"July 26, 2026, 6:05 PM"
pinnacle-Slc,"3,442,189",LOGIN,"July 24, 2026, 9:30 AM","106,380",5,5,5,5,0,"July 24, 2026, 1:55 PM"
pinnacle-Slc,"3,442,189",LOGIN,"July 24, 2026, 9:30 AM","259,540",5,5,5,5,0,"July 24, 2026, 2:58 PM"
pinnacle-Slc,"3,442,189",LOGIN,"July 24, 2026, 9:30 AM","344,640",5,5,5,5,0,"July 25, 2026, 2:26 PM"
pinnacle-Slc,"3,441,937",LOGIN,"July 24, 2026, 9:00 AM","505,685",5,5,5,5,0,"July 24, 2026, 1:10 PM"
pinnacle-Slc,"3,441,937",LOGIN,"July 24, 2026, 9:00 AM","441,165",5,5,5,5,0,"July 24, 2026, 3:04 PM"
pinnacle-Slc,"3,443,707",LOGIN,"July 24, 2026, 9:30 AM","165,960",5,5,5,5,0,"July 24, 2026, 2:24 PM"
pinnacle-Slc,"3,145,478",LOGOUT,"May 22, 2026, 1:30 PM","102,415",5,5,5,5,0,"May 24, 2026, 1:55 PM"
pinnacle-Slc,"3,145,478",LOGOUT,"May 22, 2026, 1:30 PM","88,795",5,5,5,5,0,"May 25, 2026, 6:25 AM"
pinnacle-Slc,"3,162,794",LOGOUT,"May 27, 2026, 3:30 PM","553,690",5,5,5,5,0,"May 29, 2026, 8:58 AM"
pinnacle-Slc,"3,162,794",LOGOUT,"May 27, 2026, 3:30 PM","98,350",5,5,5,5,0,"June 1, 2026, 12:02 AM"
pinnacle-Slc,"3,466,013",LOGIN,"July 29, 2026, 9:30 AM","5,925",5,5,5,5,0,"July 29, 2026, 3:08 PM"
pinnacle-Slc,"3,466,013",LOGIN,"July 29, 2026, 9:30 AM","134,095",5,5,5,5,0,"July 29, 2026, 3:10 PM"
pinnacle-Slc,"3,176,810",LOGOUT,"June 1, 2026, 3:30 PM","678,830",5,5,5,5,0,"June 1, 2026, 4:26 PM"
pinnacle-Slc,"3,474,429",LOGOUT,"July 30, 2026, 2:30 PM","242,835",5,5,5,5,0,"July 30, 2026, 7:04 PM"
pinnacle-Slc,"3,474,429",LOGOUT,"July 30, 2026, 2:30 PM","163,835",4,4,4,4,0,"July 31, 2026, 3:30 PM"
pinnacle-Slc,"3,206,270",LOGIN,"June 8, 2026, 10:30 AM","102,135",5,5,5,5,0,"June 8, 2026, 4:03 PM"
pinnacle-Slc,"3,206,270",LOGIN,"June 8, 2026, 10:30 AM","518,215",5,5,5,5,0,"June 8, 2026, 4:34 PM"
pinnacle-Slc,"3,159,909",LOGIN,"May 27, 2026, 9:00 AM","123,535",5,5,5,5,0,"May 27, 2026, 11:45 AM"
pinnacle-Slc,"3,159,909",LOGIN,"May 27, 2026, 9:00 AM","16,865",5,5,5,5,0,"May 27, 2026, 1:02 PM"
pinnacle-Slc,"3,159,909",LOGIN,"May 27, 2026, 9:00 AM","434,395",4,4,4,4,0,"May 27, 2026, 2:56 PM"
pinnacle-Slc,"3,480,169",LOGIN,"July 31, 2026, 8:30 AM","104,500",5,5,5,5,0,"July 31, 2026, 1:02 PM"
pinnacle-Slc,"3,480,169",LOGIN,"July 31, 2026, 8:30 AM","10,890",5,5,5,5,0,"July 31, 2026, 1:10 PM"
pinnacle-Slc,"3,474,880",LOGOUT,"July 29, 2026, 8:00 PM","27,260",5,5,5,5,0,"July 29, 2026, 8:38 PM"
pinnacle-Slc,"3,484,205",LOGOUT,"July 31, 2026, 3:30 PM","101,855",4,4,4,4,0,"July 31, 2026, 6:19 PM"
pinnacle-Slc,"3,289,223",LOGOUT,"June 23, 2026, 1:30 PM","118,595",5,5,5,5,0,"June 24, 2026, 6:40 AM"
pinnacle-Slc,"3,300,085",LOGIN,"June 25, 2026, 8:30 AM","89,220",5,5,5,5,0,"June 25, 2026, 12:40 PM"
pinnacle-Slc,"3,300,085",LOGIN,"June 25, 2026, 8:30 AM","82,525",5,5,5,5,0,"June 25, 2026, 2:32 PM"
pinnacle-Slc,"3,300,085",LOGIN,"June 25, 2026, 8:30 AM","137,575",5,5,5,5,0,"June 25, 2026, 2:37 PM"
pinnacle-Slc,"3,272,807",LOGIN,"June 19, 2026, 8:30 AM","120,280",5,5,5,5,0,"June 19, 2026, 9:47 AM"
pinnacle-Slc,"3,272,807",LOGIN,"June 19, 2026, 8:30 AM","113,730",5,5,5,5,0,"June 19, 2026, 9:58 AM"
pinnacle-Slc,"3,272,807",LOGIN,"June 19, 2026, 8:30 AM","268,240",4,4,4,4,0,"June 19, 2026, 2:31 PM"
pinnacle-Slc,"3,309,853",LOGOUT,"June 26, 2026, 4:30 PM","92,295",5,5,5,5,0,"June 26, 2026, 5:05 PM"
pinnacle-Slc,"3,323,226",LOGOUT,"June 30, 2026, 2:30 PM","104,685",5,5,5,5,0,"June 30, 2026, 10:30 PM"
pinnacle-Slc,"3,323,226",LOGOUT,"June 30, 2026, 2:30 PM","533,070",5,5,5,5,0,"June 30, 2026, 11:32 PM"
pinnacle-Slc,"3,293,368",LOGIN,"June 24, 2026, 9:00 AM","154,605",5,5,5,5,0,"June 24, 2026, 5:38 PM"
pinnacle-Slc,"3,293,368",LOGIN,"June 24, 2026, 9:00 AM","528,610",5,5,5,5,0,"June 25, 2026, 7:01 AM"
pinnacle-Slc,"3,064,122",LOGOUT,"May 5, 2026, 4:30 AM","621,180",5,5,5,5,5,"May 7, 2026, 3:11 PM"
pinnacle-Slc,"3,380,135",LOGOUT,"July 10, 2026, 3:00 PM","104,995",5,5,5,5,0,"July 10, 2026, 8:11 PM"
pinnacle-Slc,"3,367,114",LOGOUT,"July 8, 2026, 3:30 PM","8,885",5,5,5,5,0,"July 8, 2026, 10:00 PM"
pinnacle-Slc,"3,367,114",LOGOUT,"July 8, 2026, 3:30 PM","163,135",5,5,5,5,0,"July 9, 2026, 8:08 AM"
pinnacle-Slc,"3,370,271",LOGIN,"July 9, 2026, 9:00 AM","107,205",5,5,5,5,0,"July 9, 2026, 2:00 PM"
pinnacle-Slc,"3,370,271",LOGIN,"July 9, 2026, 9:00 AM","309,990",5,5,5,5,0,"July 9, 2026, 2:57 PM"
pinnacle-Slc,"3,076,211",LOGOUT,"May 7, 2026, 4:30 PM","17,885",5,5,5,5,0,"May 8, 2026, 1:25 AM"
pinnacle-Slc,"3,076,211",LOGOUT,"May 7, 2026, 4:30 PM","96,930",5,5,5,5,0,"May 8, 2026, 2:45 PM"
pinnacle-Slc,"3,373,173",LOGOUT,"July 9, 2026, 3:00 PM","413,505",5,5,5,5,0,"July 9, 2026, 7:07 PM"
pinnacle-Slc,"3,373,173",LOGOUT,"July 9, 2026, 3:00 PM","33,340",5,5,5,5,0,"July 9, 2026, 10:09 PM"
pinnacle-Slc,"3,373,173",LOGOUT,"July 9, 2026, 3:00 PM","130,750",5,5,5,5,0,"July 10, 2026, 7:59 AM"
orbit-Slc,"1,213,066",LOGIN,"May 5, 2026, 11:00 AM","174,915",5,5,5,5,0,"May 5, 2026, 10:40 AM"
orbit-Slc,"1,213,066",LOGIN,"May 5, 2026, 11:00 AM","12,495",5,5,5,5,0,"May 5, 2026, 11:31 AM"
pinnacle-Slc,"3,391,082",LOGIN,"July 14, 2026, 7:30 AM","541,485",5,5,5,5,0,"July 14, 2026, 1:30 PM"
pinnacle-Slc,"3,391,082",LOGIN,"July 14, 2026, 7:30 AM","502,230",5,5,5,5,0,"July 14, 2026, 3:02 PM"
pinnacle-Slc,"3,092,411",LOGIN,"May 12, 2026, 9:30 AM","92,140",5,5,5,5,0,"May 12, 2026, 2:27 PM"
pinnacle-Slc,"3,111,307",LOGOUT,"May 15, 2026, 4:30 PM","224,190",5,5,5,5,0,"May 17, 2026, 11:25 PM"
pinnacle-Slc,"3,108,510",LOGIN,"May 15, 2026, 9:00 AM","89,985",5,5,5,5,0,"May 15, 2026, 2:22 PM"
pinnacle-Slc,"3,110,193",LOGIN,"May 15, 2026, 9:30 AM","94,335",5,5,5,5,0,"May 15, 2026, 2:56 PM"
pinnacle-Slc,"3,119,699",LOGOUT,"May 18, 2026, 2:30 PM","415,750",5,5,5,5,0,"May 18, 2026, 11:15 PM"
pinnacle-Slc,"3,119,699",LOGOUT,"May 18, 2026, 2:30 PM","170,235",5,5,5,5,0,"May 21, 2026, 9:49 AM"
pinnacle-Slc,"3,405,492",LOGOUT,"July 16, 2026, 4:30 PM","680,155",5,5,5,5,0,"July 17, 2026, 7:34 AM"
catalyst-Sac,"1,525,248",LOGOUT,"July 7, 2026, 8:00 PM","259,085",1,4,4,4,4,"July 7, 2026, 9:27 PM"
catalyst-Sac,"1,540,012",LOGOUT,"July 16, 2026, 8:30 PM","721,670",5,5,5,5,5,"July 16, 2026, 9:57 PM"
catalyst-Sac,"1,546,030",LOGOUT,"July 22, 2026, 2:30 AM","696,810",5,5,5,5,0,"July 22, 2026, 3:54 AM"
orbit-Slc,"1,283,493",LOGIN,"June 17, 2026, 1:00 PM","110,615",5,5,5,5,0,"June 17, 2026, 10:02 PM"
orbit-Slc,"1,283,493",LOGIN,"June 17, 2026, 1:00 PM","274,885",5,5,5,5,0,"June 17, 2026, 10:06 PM"
orbit-Slc,"1,294,524",LOGIN,"June 23, 2026, 1:00 PM","195,775",5,5,5,5,0,"June 23, 2026, 8:25 PM"
orbit-Slc,"1,294,524",LOGIN,"June 23, 2026, 1:00 PM","8,200",5,5,5,5,0,"June 23, 2026, 9:59 PM"
orbit-Slc,"1,294,524",LOGIN,"June 23, 2026, 1:00 PM","269,990",5,5,5,5,0,"June 23, 2026, 10:12 PM"
orbit-Slc,"1,299,482",LOGIN,"June 25, 2026, 1:00 PM","110,880",5,5,5,5,0,"June 25, 2026, 12:58 PM"
orbit-Slc,"1,299,482",LOGIN,"June 25, 2026, 1:00 PM","287,435",5,5,5,5,0,"June 25, 2026, 3:13 PM"
orbit-Slc,"1,299,482",LOGIN,"June 25, 2026, 1:00 PM","118,680",5,5,5,5,0,"June 25, 2026, 4:32 PM"
orbit-Slc,"1,299,482",LOGIN,"June 25, 2026, 1:00 PM","7,170",5,5,5,5,0,"June 25, 2026, 6:02 PM"
orbit-Slc,"1,299,482",LOGIN,"June 25, 2026, 1:00 PM","56,925",5,5,5,5,0,"June 25, 2026, 8:57 PM"
orbit-Slc,"1,299,482",LOGIN,"June 25, 2026, 1:00 PM","224,960",4,4,4,4,0,"June 25, 2026, 10:07 PM"
orbit-Slc,"1,309,626",LOGIN,"July 1, 2026, 11:00 AM","18,710",5,5,5,5,0,"July 1, 2026, 10:43 AM"
orbit-Slc,"1,309,626",LOGIN,"July 1, 2026, 11:00 AM","12,540",5,5,5,5,0,"July 1, 2026, 7:34 PM"
orbit-Slc,"1,312,379",LOGIN,"July 2, 2026, 1:00 PM","83,680",4,4,4,4,0,"July 2, 2026, 7:30 PM"
orbit-Slc,"1,312,379",LOGIN,"July 2, 2026, 1:00 PM","1,830",4,4,4,4,0,"July 2, 2026, 9:32 PM"
orbit-Slc,"1,331,625",LOGOUT,"July 13, 2026, 8:00 PM","182,345",5,5,5,5,0,"July 14, 2026, 8:55 AM"
orbit-Slc,"1,331,625",LOGOUT,"July 13, 2026, 8:00 PM","37,875",5,5,5,5,0,"July 14, 2026, 9:06 AM"
orbit-Slc,"1,331,625",LOGOUT,"July 13, 2026, 8:00 PM","89,285",4,4,4,4,0,"July 14, 2026, 11:48 AM"
pinnacle-Slc,"3,323,226",LOGOUT,"June 30, 2026, 2:30 PM","183,265",5,5,5,5,0,"July 1, 2026, 6:45 AM"
pinnacle-Slc,"3,103,035",LOGIN,"May 14, 2026, 10:30 AM","505,675",5,5,5,5,0,"May 14, 2026, 3:23 PM"
pinnacle-Slc,"3,103,035",LOGIN,"May 14, 2026, 10:30 AM","107,510",5,5,5,5,0,"May 14, 2026, 3:59 PM"
pinnacle-Slc,"3,118,140",LOGOUT,"May 18, 2026, 3:00 PM","563,100",5,5,5,5,0,"May 18, 2026, 5:45 PM"
pinnacle-Slc,"3,118,140",LOGOUT,"May 18, 2026, 3:00 PM","193,495",5,5,5,5,0,"May 19, 2026, 8:01 AM"
pinnacle-Slc,"3,426,892",LOGOUT,"July 21, 2026, 3:30 PM","1,140",5,5,5,5,0,"July 21, 2026, 11:17 PM"
pinnacle-Slc,"3,426,892",LOGOUT,"July 21, 2026, 3:30 PM","94,770",5,5,5,5,0,"July 22, 2026, 7:09 AM"
pinnacle-Slc,"3,426,892",LOGOUT,"July 21, 2026, 3:30 PM","480,925",5,5,5,5,0,"July 22, 2026, 7:30 AM"
pinnacle-Slc,"3,130,200",LOGIN,"May 20, 2026, 9:00 AM","107,460",5,5,5,5,0,"May 20, 2026, 3:35 PM"
pinnacle-Slc,"3,125,100",LOGOUT,"May 19, 2026, 10:00 PM","67,435",5,5,5,5,5,"May 19, 2026, 10:52 PM"
pinnacle-Slc,"3,120,372",LOGOUT,"May 18, 2026, 4:30 PM","182,605",4,4,4,4,0,"May 19, 2026, 6:18 AM"
pinnacle-Slc,"3,120,372",LOGOUT,"May 18, 2026, 4:30 PM","59,645",5,5,5,5,0,"May 19, 2026, 6:58 AM"
pinnacle-Slc,"3,133,039",LOGOUT,"May 20, 2026, 6:30 PM","89,820",5,5,5,5,0,"May 21, 2026, 9:06 AM"
pinnacle-Slc,"3,135,084",LOGIN,"May 21, 2026, 8:30 AM","84,955",5,5,5,5,0,"May 21, 2026, 2:30 PM"
pinnacle-Slc,"3,327,583",LOGOUT,"June 30, 2026, 5:30 PM","96,100",5,5,5,5,0,"July 1, 2026, 5:58 AM"
pinnacle-Slc,"3,339,011",LOGOUT,"July 2, 2026, 4:30 PM","134,610",5,5,5,5,0,"July 2, 2026, 7:42 PM"
pinnacle-Slc,"3,345,578",LOGOUT,"July 3, 2026, 3:30 PM","473,355",5,5,5,5,0,"July 3, 2026, 10:39 PM"
pinnacle-Slc,"3,345,578",LOGOUT,"July 3, 2026, 3:30 PM","202,240",5,5,5,5,0,"July 4, 2026, 7:06 AM"
pinnacle-Slc,"3,065,472",LOGOUT,"May 5, 2026, 3:00 PM","2,950",5,5,5,5,0,"May 5, 2026, 11:32 PM"
vanta-Sea,"5,039,684",LOGOUT,"July 13, 2026, 3:16 PM","403,405",5,5,5,5,0,"July 13, 2026, 4:14 PM"
pinnacle-Slc,"3,353,197",LOGIN,"July 6, 2026, 9:00 AM","102,170",5,5,5,5,0,"July 6, 2026, 1:34 PM"
pinnacle-Slc,"3,347,791",LOGIN,"July 3, 2026, 11:30 AM","627,665",5,5,5,5,0,"July 3, 2026, 6:01 PM"
vanta-Sea,"5,019,287",LOGOUT,"July 6, 2026, 8:16 PM","167,320",5,5,5,5,0,"July 6, 2026, 9:10 PM"
pinnacle-Slc,"3,362,294",LOGIN,"July 8, 2026, 9:00 AM","91,830",5,5,5,5,0,"July 8, 2026, 2:41 PM"
pinnacle-Slc,"3,060,721",LOGOUT,"May 5, 2026, 2:30 PM","163,860",5,5,5,5,0,"May 5, 2026, 2:55 PM"
pinnacle-Slc,"3,060,721",LOGOUT,"May 5, 2026, 2:30 PM","112,645",5,5,5,5,0,"May 5, 2026, 3:01 PM"
pinnacle-Slc,"3,060,721",LOGOUT,"May 5, 2026, 2:30 PM","50,205",4,4,4,4,0,"May 5, 2026, 9:12 PM"
pinnacle-Slc,"3,350,780",LOGIN,"July 6, 2026, 7:30 AM","306,195",5,5,5,5,0,"July 6, 2026, 7:30 AM"
pinnacle-Slc,"3,074,906",LOGOUT,"May 7, 2026, 3:30 PM","514,420",5,5,5,5,0,"May 8, 2026, 12:01 AM"
pinnacle-Slc,"3,074,906",LOGOUT,"May 7, 2026, 3:30 PM","623,170",5,5,5,5,0,"May 8, 2026, 12:38 AM"
pinnacle-Slc,"3,086,045",LOGIN,"May 11, 2026, 7:30 PM","221,220",5,5,5,5,5,"May 12, 2026, 3:34 AM"
pinnacle-Slc,"3,089,700",LOGOUT,"May 11, 2026, 2:30 PM","643,485",5,5,5,5,0,"May 11, 2026, 2:46 PM"
pinnacle-Slc,"3,075,766",LOGOUT,"May 6, 2026, 10:30 PM","291,185",5,5,5,5,0,"May 7, 2026, 8:19 AM"
pinnacle-Slc,"3,364,486",LOGIN,"July 8, 2026, 1:30 PM","85,335",5,5,5,5,0,"July 8, 2026, 10:38 PM"
pinnacle-Slc,"3,067,099",LOGIN,"May 6, 2026, 1:00 PM","441,000",5,5,5,5,0,"May 6, 2026, 9:28 PM"
pinnacle-Slc,"3,067,306",LOGIN,"May 6, 2026, 8:30 AM","119,590",5,5,5,5,0,"May 6, 2026, 1:49 PM"
pinnacle-Slc,"3,067,306",LOGIN,"May 6, 2026, 8:30 AM","459,475",5,5,5,5,0,"May 6, 2026, 1:56 PM"
pinnacle-Slc,"3,067,306",LOGIN,"May 6, 2026, 8:30 AM","442,315",5,5,5,5,0,"May 6, 2026, 2:13 PM"
pinnacle-Slc,"3,198,749",LOGOUT,"June 4, 2026, 5:30 PM","635,535",5,5,5,5,0,"June 5, 2026, 1:08 AM"
pinnacle-Slc,"3,202,069",LOGOUT,"June 5, 2026, 3:00 PM","94,735",5,5,5,5,0,"June 8, 2026, 6:19 AM"
pinnacle-Slc,"3,205,595",LOGIN,"June 8, 2026, 8:30 AM","4,620",5,5,5,5,0,"June 8, 2026, 2:56 PM"
pinnacle-Slc,"3,205,595",LOGIN,"June 8, 2026, 8:30 AM","97,770",5,5,5,5,0,"June 8, 2026, 3:21 PM"
pinnacle-Slc,"3,205,595",LOGIN,"June 8, 2026, 8:30 AM","644,150",5,5,5,5,0,"June 9, 2026, 7:25 AM"
pinnacle-Slc,"3,217,867",LOGIN,"June 10, 2026, 8:30 AM","676,850",5,5,5,5,0,"June 10, 2026, 1:17 PM"
pinnacle-Slc,"3,217,867",LOGIN,"June 10, 2026, 8:30 AM","118,640",5,5,5,5,0,"June 10, 2026, 2:28 PM"
pinnacle-Slc,"3,192,029",LOGIN,"June 4, 2026, 9:30 AM","306,355",5,5,5,5,0,"June 4, 2026, 1:35 PM"
pinnacle-Slc,"3,260,587",LOGOUT,"June 17, 2026, 6:30 PM","118,980",5,5,5,5,0,"June 18, 2026, 12:02 AM"
pinnacle-Slc,"3,228,127",LOGOUT,"June 11, 2026, 2:30 PM","104,315",5,5,5,5,0,"June 11, 2026, 2:38 PM"
pinnacle-Slc,"3,291,621",LOGOUT,"June 23, 2026, 2:30 PM","308,670",5,5,5,5,0,"June 24, 2026, 6:40 AM"
pinnacle-Slc,"3,284,795",LOGOUT,"June 22, 2026, 2:30 PM","451,225",5,5,5,5,0,"June 22, 2026, 11:12 PM"
pinnacle-Slc,"3,284,795",LOGOUT,"June 22, 2026, 2:30 PM","104,690",5,5,5,5,0,"June 23, 2026, 6:58 AM"
pinnacle-Slc,"3,284,795",LOGOUT,"June 22, 2026, 2:30 PM","88,675",5,5,5,5,0,"June 23, 2026, 7:01 AM"
pinnacle-Slc,"3,287,899",LOGIN,"June 23, 2026, 9:00 AM","415,115",5,5,5,5,0,"June 23, 2026, 3:12 PM"
pinnacle-Slc,"3,290,179",LOGOUT,"June 23, 2026, 4:30 PM","380,110",5,5,5,5,0,"June 24, 2026, 12:23 AM"
pinnacle-Slc,"3,271,413",LOGIN,"June 19, 2026, 7:30 AM","310,150",5,5,5,5,0,"June 19, 2026, 1:00 PM"
pinnacle-Slc,"3,248,056",LOGIN,"June 16, 2026, 8:30 AM","691,200",5,5,5,5,0,"June 16, 2026, 8:29 AM"
pinnacle-Slc,"3,250,045",LOGIN,"June 16, 2026, 7:30 AM","149,275",5,5,5,5,0,"June 16, 2026, 1:25 PM"
pinnacle-Slc,"3,250,045",LOGIN,"June 16, 2026, 7:30 AM","101,870",5,5,5,5,0,"June 16, 2026, 1:34 PM"
orbit-Slc,"1,249,037",LOGIN,"May 27, 2026, 8:30 PM","45,990",5,5,5,5,0,"May 28, 2026, 4:08 AM"
orbit-Slc,"1,249,037",LOGIN,"May 27, 2026, 8:30 PM","279,450",5,5,5,5,0,"May 28, 2026, 5:34 AM"
pinnacle-Slc,"3,436,610",LOGIN,"July 23, 2026, 7:30 AM","250,190",5,5,5,5,0,"July 23, 2026, 1:14 PM"
pinnacle-Slc,"3,436,610",LOGIN,"July 23, 2026, 7:30 AM","85,620",5,5,5,5,0,"July 23, 2026, 1:29 PM"
pinnacle-Slc,"3,148,995",LOGIN,"May 25, 2026, 8:30 AM","305,040",5,5,5,5,0,"May 25, 2026, 2:33 PM"
pinnacle-Slc,"3,148,995",LOGIN,"May 25, 2026, 8:30 AM","671,855",5,5,5,5,0,"May 25, 2026, 3:56 PM"
pinnacle-Slc,"3,473,455",LOGIN,"July 30, 2026, 9:00 AM","435,400",5,5,5,5,0,"July 30, 2026, 3:01 PM"
pinnacle-Slc,"3,473,455",LOGIN,"July 30, 2026, 9:00 AM","310,480",4,4,4,4,0,"July 30, 2026, 3:02 PM"
pinnacle-Slc,"3,157,895",LOGOUT,"May 26, 2026, 3:00 PM","497,615",5,5,5,5,0,"May 26, 2026, 8:02 PM"
pinnacle-Slc,"3,157,895",LOGOUT,"May 26, 2026, 3:00 PM","440,365",5,5,5,5,0,"May 26, 2026, 10:40 PM"
pinnacle-Slc,"3,163,395",LOGOUT,"May 27, 2026, 3:00 PM","23,440",5,5,5,5,0,"May 28, 2026, 10:51 PM"
pinnacle-Slc,"3,163,395",LOGOUT,"May 27, 2026, 3:00 PM","92,405",5,5,5,5,0,"June 1, 2026, 9:56 PM"
pinnacle-Slc,"3,469,132",LOGOUT,"July 29, 2026, 8:00 PM","374,500",5,5,5,5,0,"July 29, 2026, 10:37 PM"
pinnacle-Slc,"3,207,963",LOGIN,"June 8, 2026, 7:00 PM","424,575",4,4,4,4,0,"June 9, 2026, 3:29 AM"
pinnacle-Slc,"3,473,943",LOGOUT,"July 30, 2026, 1:30 PM","5,885",5,5,5,5,0,"July 30, 2026, 8:20 PM"
pinnacle-Slc,"3,479,680",LOGIN,"July 31, 2026, 8:30 AM","49,350",5,5,5,5,0,"July 31, 2026, 1:57 PM"
pinnacle-Slc,"3,479,680",LOGIN,"July 31, 2026, 8:30 AM","90,615",5,5,5,5,0,"July 31, 2026, 2:53 PM"
pinnacle-Slc,"3,479,680",LOGIN,"July 31, 2026, 8:30 AM","672,685",5,5,5,5,0,"July 31, 2026, 3:19 PM"
vanta-Sea,"4,881,961",LOGOUT,"May 25, 2026, 7:16 PM","465,995",5,5,5,5,0,"May 25, 2026, 9:04 PM"
vanta-Sea,"4,963,223",LOGOUT,"June 18, 2026, 11:16 PM","423,330",5,5,5,5,0,"June 18, 2026, 11:44 PM"
pinnacle-Slc,"3,185,755",LOGIN,"June 3, 2026, 10:30 AM","562,765",5,5,5,5,0,"June 3, 2026, 4:33 PM"
pinnacle-Slc,"3,192,256",LOGIN,"June 4, 2026, 10:30 AM","545,275",5,5,5,5,0,"June 4, 2026, 4:34 PM"
pinnacle-Slc,"3,266,921",LOGIN,"June 18, 2026, 5:30 PM","177,840",5,5,5,5,0,"June 19, 2026, 1:58 AM"
pinnacle-Slc,"3,284,550",LOGOUT,"June 22, 2026, 3:30 PM","66,280",5,5,5,5,0,"June 22, 2026, 4:03 PM"
pinnacle-Slc,"3,284,550",LOGOUT,"June 22, 2026, 3:30 PM","201,425",4,4,4,4,0,"June 22, 2026, 10:53 PM"
pinnacle-Slc,"3,284,550",LOGOUT,"June 22, 2026, 3:30 PM","419,625",5,5,5,5,0,"June 23, 2026, 7:30 AM"
pinnacle-Slc,"3,292,914",LOGIN,"June 24, 2026, 8:30 AM","124,855",5,5,5,5,0,"June 24, 2026, 2:02 PM"
pinnacle-Slc,"3,319,316",LOGOUT,"June 29, 2026, 3:00 PM","288,700",5,5,5,5,0,"June 29, 2026, 7:25 PM"
pinnacle-Slc,"3,319,316",LOGOUT,"June 29, 2026, 3:00 PM","696,315",5,5,5,5,0,"June 30, 2026, 6:39 AM"
pinnacle-Slc,"3,319,316",LOGOUT,"June 29, 2026, 3:00 PM","100,840",5,5,5,5,0,"June 30, 2026, 7:14 AM"
pinnacle-Slc,"3,319,551",LOGOUT,"June 29, 2026, 4:30 PM","10,510",5,5,5,5,0,"June 29, 2026, 10:40 PM"
pinnacle-Slc,"3,323,704",LOGIN,"June 30, 2026, 9:00 AM","541,315",5,5,5,5,0,"June 30, 2026, 2:21 PM"
pinnacle-Slc,"3,323,704",LOGIN,"June 30, 2026, 9:00 AM","82,250",4,4,4,4,0,"June 30, 2026, 2:42 PM"
pinnacle-Slc,"3,280,706",LOGIN,"June 22, 2026, 7:30 AM","335,230",5,5,5,5,0,"June 22, 2026, 1:19 PM"
pinnacle-Slc,"3,288,602",LOGIN,"June 23, 2026, 9:00 AM","214,450",5,5,5,5,0,"June 23, 2026, 3:15 PM"
pinnacle-Slc,"3,317,576",LOGOUT,"June 29, 2026, 3:00 PM","39,660",5,5,5,5,0,"June 29, 2026, 10:06 PM"
pinnacle-Slc,"3,317,576",LOGOUT,"June 29, 2026, 3:00 PM","327,680",5,5,5,5,0,"June 30, 2026, 7:44 AM"
pinnacle-Slc,"3,317,576",LOGOUT,"June 29, 2026, 3:00 PM","279,130",5,5,5,5,0,"June 30, 2026, 7:52 AM"
pinnacle-Slc,"3,063,596",LOGOUT,"May 5, 2026, 11:00 PM","445,815",5,5,5,5,0,"May 6, 2026, 7:15 AM"
pinnacle-Slc,"3,395,747",LOGIN,"July 15, 2026, 8:30 AM","670,695",5,5,5,5,0,"July 15, 2026, 2:35 PM"
pinnacle-Slc,"3,395,747",LOGIN,"July 15, 2026, 8:30 AM","128,940",4,4,4,4,0,"July 15, 2026, 3:06 PM"
pinnacle-Slc,"3,093,513",LOGOUT,"May 12, 2026, 2:30 PM","160,825",5,5,5,5,0,"May 12, 2026, 3:16 PM"
pinnacle-Slc,"3,100,182",LOGOUT,"May 14, 2026, 10:45 PM","658,415",5,5,5,5,0,"May 15, 2026, 9:34 PM"
pinnacle-Slc,"3,386,162",LOGIN,"July 13, 2026, 9:00 AM","5,350",5,5,5,5,0,"July 13, 2026, 1:52 PM"
pinnacle-Slc,"3,386,162",LOGIN,"July 13, 2026, 9:00 AM","408,195",5,5,5,5,0,"July 13, 2026, 4:35 PM"
pinnacle-Slc,"3,386,162",LOGIN,"July 13, 2026, 9:00 AM","413,120",5,5,5,5,0,"July 13, 2026, 5:59 PM"
pinnacle-Slc,"3,122,033",LOGIN,"May 19, 2026, 9:00 AM","2,620",5,5,5,5,0,"May 19, 2026, 2:28 PM"
pinnacle-Slc,"3,122,033",LOGIN,"May 19, 2026, 9:00 AM","368,235",5,5,5,5,0,"May 19, 2026, 2:48 PM"
pinnacle-Slc,"3,122,033",LOGIN,"May 19, 2026, 9:00 AM","113,285",5,5,5,5,0,"May 19, 2026, 2:53 PM"
orbit-Slc,"1,226,863",LOGIN,"May 13, 2026, 6:30 AM","228,555",5,5,5,5,0,"May 13, 2026, 11:38 AM"
orbit-Slc,"1,226,863",LOGIN,"May 13, 2026, 6:30 AM","153,850",5,5,5,5,0,"May 13, 2026, 12:59 PM"
orbit-Slc,"1,226,863",LOGIN,"May 13, 2026, 6:30 AM","122,570",5,5,5,5,0,"May 13, 2026, 3:00 PM"
pinnacle-Slc,"3,119,923",LOGOUT,"May 18, 2026, 3:00 PM","645,805",5,5,5,5,0,"May 19, 2026, 6:33 AM"
pinnacle-Slc,"3,119,923",LOGOUT,"May 18, 2026, 3:00 PM","12,090",5,5,5,5,0,"May 19, 2026, 7:12 AM"
pinnacle-Slc,"3,119,923",LOGOUT,"May 18, 2026, 3:00 PM","9,300",5,5,5,5,0,"May 19, 2026, 7:12 AM"
vanta-Aus,"1,167,575",LOGIN,"June 11, 2026, 11:00 AM","291,095",5,5,5,5,0,"June 11, 2026, 10:56 AM"
vanta-Aus,"1,187,725",LOGOUT,"June 22, 2026, 3:15 PM","318,850",5,5,5,5,0,"June 23, 2026, 7:45 AM"
catalyst-Sac,"1,536,433",LOGOUT,"July 15, 2026, 1:00 AM","778,750",5,5,5,5,5,"July 15, 2026, 2:18 AM"
catalyst-Sac,"1,539,308",LOGOUT,"July 16, 2026, 4:00 AM","328,835",5,5,5,5,0,"July 16, 2026, 4:36 AM"
catalyst-Sac,"1,546,597",LOGIN,"July 22, 2026, 9:00 PM","384,815",5,5,5,5,5,"July 22, 2026, 8:33 PM"
orbit-Slc,"1,283,148",LOGOUT,"June 17, 2026, 3:30 AM","191,085",5,5,5,5,0,"June 17, 2026, 4:55 AM"
orbit-Slc,"1,283,148",LOGOUT,"June 17, 2026, 3:30 AM","153,630",5,5,5,5,0,"June 17, 2026, 10:01 AM"
orbit-Slc,"1,285,560",LOGOUT,"June 18, 2026, 12:00 AM","224,605",5,5,5,5,0,"June 19, 2026, 12:15 AM"
orbit-Slc,"1,295,736",LOGOUT,"June 24, 2026, 3:30 AM","266,860",5,5,5,5,0,"June 24, 2026, 3:15 PM"
orbit-Slc,"1,321,274",LOGOUT,"July 7, 2026, 8:00 PM","235,540",5,5,5,5,0,"July 8, 2026, 7:58 AM"
orbit-Slc,"1,321,274",LOGOUT,"July 7, 2026, 8:00 PM","63,890",5,5,5,5,0,"July 8, 2026, 8:12 AM"
orbit-Slc,"1,321,274",LOGOUT,"July 7, 2026, 8:00 PM","22,990",5,5,5,5,0,"July 13, 2026, 8:46 AM"
orbit-Slc,"1,323,948",LOGOUT,"July 8, 2026, 8:00 PM","271,995",5,5,5,5,0,"July 8, 2026, 8:55 PM"
orbit-Slc,"1,323,948",LOGOUT,"July 8, 2026, 8:00 PM","72,120",5,5,5,5,0,"July 9, 2026, 10:04 AM"
orbit-Slc,"1,323,948",LOGOUT,"July 8, 2026, 8:00 PM","180,980",5,5,5,5,0,"July 9, 2026, 4:23 PM"
orbit-Slc,"1,328,233",LOGOUT,"July 10, 2026, 3:30 PM","235,315",5,5,5,5,0,"July 10, 2026, 6:50 PM"
orbit-Slc,"1,326,806",LOGOUT,"July 9, 2026, 8:00 PM","68,105",5,5,5,5,5,"July 10, 2026, 3:08 PM"
orbit-Slc,"1,326,806",LOGOUT,"July 9, 2026, 8:00 PM","67,155",4,4,4,4,4,"July 16, 2026, 3:22 PM"
pinnacle-Slc,"3,401,143",LOGOUT,"July 15, 2026, 2:30 PM","102,730",5,5,5,5,0,"July 16, 2026, 12:41 AM"
pinnacle-Slc,"3,401,143",LOGOUT,"July 15, 2026, 2:30 PM","116,980",5,5,5,5,0,"July 16, 2026, 6:50 AM"
pinnacle-Slc,"3,099,682",LOGOUT,"May 13, 2026, 3:00 PM","231,445",5,5,5,5,0,"May 13, 2026, 10:53 PM"
pinnacle-Slc,"3,099,682",LOGOUT,"May 13, 2026, 3:00 PM","91,195",5,5,5,5,0,"May 14, 2026, 7:00 AM"
pinnacle-Slc,"3,102,163",LOGIN,"May 14, 2026, 7:30 AM","1,770",5,5,5,5,0,"May 14, 2026, 2:20 PM"
pinnacle-Slc,"3,109,706",LOGIN,"May 15, 2026, 7:30 PM","424,585",5,5,5,5,5,"May 16, 2026, 4:33 AM"
pinnacle-Slc,"3,111,600",LOGOUT,"May 15, 2026, 2:30 PM","84,920",5,5,5,5,0,"May 17, 2026, 9:53 PM"
pinnacle-Slc,"3,125,926",LOGOUT,"May 19, 2026, 3:00 PM","261,475",4,4,4,4,0,"May 19, 2026, 4:11 PM"
orbit-Slc,"1,215,551",LOGIN,"May 6, 2026, 1:00 PM","21,580",5,5,5,5,0,"May 6, 2026, 12:36 PM"
orbit-Slc,"1,215,551",LOGIN,"May 6, 2026, 1:00 PM","174,420",5,5,5,5,0,"May 6, 2026, 12:44 PM"
orbit-Slc,"1,215,551",LOGIN,"May 6, 2026, 1:00 PM","172,390",5,5,5,5,0,"May 6, 2026, 9:39 PM"
pinnacle-Slc,"3,126,574",LOGOUT,"May 19, 2026, 3:30 PM","639,010",5,5,5,5,0,"May 19, 2026, 5:16 PM"
pinnacle-Slc,"3,126,574",LOGOUT,"May 19, 2026, 3:30 PM","3,445",5,5,5,5,0,"May 20, 2026, 7:41 AM"
pinnacle-Slc,"3,424,629",LOGOUT,"July 21, 2026, 3:30 PM","493,975",5,5,5,5,0,"July 22, 2026, 7:09 AM"
pinnacle-Slc,"3,122,261",LOGIN,"May 19, 2026, 2:30 PM","658,415",5,5,5,5,0,"May 19, 2026, 2:29 PM"
pinnacle-Slc,"3,124,858",LOGOUT,"May 19, 2026, 3:00 PM","93,030",5,5,5,5,0,"May 20, 2026, 12:03 AM"
pinnacle-Slc,"3,124,858",LOGOUT,"May 19, 2026, 3:00 PM","410,820",5,5,5,5,0,"May 20, 2026, 7:57 AM"
orbit-Slc,"1,232,286",LOGIN,"May 18, 2026, 3:00 PM","209,165",5,5,5,5,0,"May 18, 2026, 8:09 PM"
orbit-Slc,"1,232,286",LOGIN,"May 18, 2026, 3:00 PM","263,265",5,5,5,5,0,"May 19, 2026, 12:50 AM"
pinnacle-Slc,"3,136,767",LOGIN,"May 21, 2026, 3:00 PM","132,455",4,4,4,4,0,"May 21, 2026, 7:42 PM"
orbit-Slc,"1,219,775",LOGIN,"May 8, 2026, 6:30 AM","37,265",5,5,5,5,0,"May 8, 2026, 6:36 AM"
orbit-Slc,"1,219,775",LOGIN,"May 8, 2026, 6:30 AM","53,915",5,5,5,5,0,"May 8, 2026, 7:13 AM"
orbit-Slc,"1,350,705",LOGOUT,"July 23, 2026, 10:00 PM","192,135",5,5,5,5,0,"July 24, 2026, 9:27 AM"
orbit-Slc,"1,350,705",LOGOUT,"July 23, 2026, 10:00 PM","3,465",5,5,5,5,0,"July 24, 2026, 11:32 AM"
pinnacle-Slc,"3,339,545",LOGOUT,"July 2, 2026, 3:00 PM","513,925",5,5,5,5,0,"July 2, 2026, 8:58 PM"
pinnacle-Slc,"3,339,545",LOGOUT,"July 2, 2026, 3:00 PM","99,155",5,5,5,5,0,"July 2, 2026, 10:49 PM"
pinnacle-Slc,"3,339,545",LOGOUT,"July 2, 2026, 3:00 PM","84,970",5,5,5,5,0,"July 3, 2026, 7:00 AM"
orbit-Slc,"1,363,171",LOGOUT,"July 29, 2026, 10:00 PM","155,970",5,5,5,5,0,"July 30, 2026, 8:20 AM"
orbit-Slc,"1,363,171",LOGOUT,"July 29, 2026, 10:00 PM","14,500",5,5,5,5,0,"August 3, 2026, 9:43 AM"
orbit-Slc,"1,365,888",LOGIN,"July 31, 2026, 1:00 PM","210,570",5,5,5,5,0,"July 31, 2026, 12:28 PM"
orbit-Slc,"1,365,888",LOGIN,"July 31, 2026, 1:00 PM","213,540",5,5,5,5,0,"July 31, 2026, 3:06 PM"
pinnacle-Slc,"3,053,752",LOGIN,"May 4, 2026, 8:30 AM","527,950",5,5,5,5,0,"May 4, 2026, 10:17 AM"
pinnacle-Slc,"3,053,752",LOGIN,"May 4, 2026, 8:30 AM","130,465",5,5,5,5,0,"May 4, 2026, 1:39 PM"
pinnacle-Slc,"3,061,397",LOGOUT,"May 5, 2026, 4:30 PM","303,220",5,5,5,5,0,"May 5, 2026, 6:14 PM"
pinnacle-Slc,"3,061,397",LOGOUT,"May 5, 2026, 4:30 PM","640,020",5,5,5,5,0,"May 5, 2026, 11:46 PM"
pinnacle-Slc,"3,060,951",LOGOUT,"May 5, 2026, 3:00 PM","311,975",5,5,5,5,0,"May 5, 2026, 10:52 PM"
pinnacle-Slc,"3,060,951",LOGOUT,"May 5, 2026, 3:00 PM","266,595",5,5,5,5,0,"May 6, 2026, 7:11 AM"
pinnacle-Slc,"3,060,112",LOGIN,"May 5, 2026, 9:00 AM","614,860",5,5,5,5,0,"May 5, 2026, 2:07 PM"
pinnacle-Slc,"3,358,107",LOGOUT,"July 7, 2026, 5:30 PM","482,905",5,5,5,5,0,"July 7, 2026, 6:36 PM"
pinnacle-Slc,"3,358,107",LOGOUT,"July 7, 2026, 5:30 PM","623,860",5,5,5,5,0,"July 8, 2026, 7:44 AM"
pinnacle-Slc,"3,371,975",LOGOUT,"July 9, 2026, 10:00 PM","704,085",5,5,5,5,5,"July 9, 2026, 11:14 PM"
pinnacle-Slc,"3,068,190",LOGOUT,"May 6, 2026, 3:30 PM","406,870",5,5,5,5,0,"May 6, 2026, 4:29 PM"
pinnacle-Slc,"3,069,143",LOGOUT,"May 6, 2026, 2:30 AM","439,855",5,5,5,5,5,"May 6, 2026, 4:15 PM"
pinnacle-Slc,"3,079,975",LOGOUT,"May 8, 2026, 2:00 AM","413,455",5,5,5,5,5,"May 8, 2026, 3:02 AM"
pinnacle-Slc,"3,072,946",LOGIN,"May 7, 2026, 9:00 AM","113,215",5,5,5,5,0,"May 7, 2026, 2:29 PM"
pinnacle-Slc,"3,072,946",LOGIN,"May 7, 2026, 9:00 AM","101,635",5,5,5,5,0,"May 7, 2026, 2:40 PM"
pinnacle-Slc,"3,236,120",LOGOUT,"June 11, 2026, 7:30 PM","419,425",5,5,5,5,0,"June 12, 2026, 8:46 PM"
pinnacle-Slc,"3,192,779",LOGIN,"June 4, 2026, 8:30 AM","169,405",5,5,5,5,0,"June 4, 2026, 8:23 AM"
pinnacle-Slc,"3,192,779",LOGIN,"June 4, 2026, 8:30 AM","152,590",5,5,5,5,0,"June 4, 2026, 1:52 PM"
pinnacle-Slc,"3,196,268",LOGOUT,"June 4, 2026, 4:30 PM","89,235",5,5,5,5,0,"June 4, 2026, 10:32 PM"
pinnacle-Slc,"3,196,268",LOGOUT,"June 4, 2026, 4:30 PM","280,785",5,5,5,5,0,"June 5, 2026, 1:06 AM"
pinnacle-Slc,"3,226,093",LOGIN,"June 11, 2026, 9:00 AM","285,080",5,5,5,5,0,"June 11, 2026, 11:34 AM"
pinnacle-Slc,"3,225,692",LOGIN,"June 11, 2026, 10:30 AM","82,830",5,5,5,5,0,"June 11, 2026, 4:04 PM"
pinnacle-Slc,"3,225,692",LOGIN,"June 11, 2026, 10:30 AM","602,200",5,5,5,5,0,"June 11, 2026, 7:37 PM"
pinnacle-Slc,"3,228,621",LOGOUT,"June 11, 2026, 8:00 PM","423,510",5,5,5,5,5,"June 12, 2026, 8:41 AM"
pinnacle-Slc,"3,267,523",LOGOUT,"June 18, 2026, 1:30 PM","13,085",5,5,5,5,0,"June 19, 2026, 6:07 AM"
pinnacle-Slc,"3,200,700",LOGOUT,"June 5, 2026, 3:00 PM","408,820",5,5,5,5,0,"June 7, 2026, 10:11 PM"
pinnacle-Slc,"3,205,236",LOGOUT,"June 6, 2026, 11:30 PM","628,190",5,5,5,5,5,"June 8, 2026, 10:28 AM"
pinnacle-Slc,"3,229,731",LOGOUT,"June 11, 2026, 3:00 PM","128,445",5,5,5,5,0,"June 11, 2026, 9:39 PM"
pinnacle-Slc,"3,229,731",LOGOUT,"June 11, 2026, 3:00 PM","339,355",5,5,5,5,0,"June 12, 2026, 12:51 AM"
pinnacle-Slc,"3,229,731",LOGOUT,"June 11, 2026, 3:00 PM","134,450",5,5,5,5,0,"June 12, 2026, 5:55 AM"
pinnacle-Slc,"3,229,963",LOGOUT,"June 11, 2026, 5:30 PM","411,245",5,5,5,5,0,"June 12, 2026, 6:24 AM"
pinnacle-Slc,"3,243,874",LOGIN,"June 15, 2026, 11:00 AM","635,365",5,5,5,5,0,"June 15, 2026, 5:28 PM"
pinnacle-Slc,"3,290,512",LOGOUT,"June 23, 2026, 4:30 PM","55,460",4,4,4,4,0,"June 24, 2026, 6:22 AM"
pinnacle-Slc,"3,295,563",LOGIN,"June 24, 2026, 7:30 AM","490,165",5,5,5,5,0,"June 24, 2026, 2:51 PM"
pinnacle-Slc,"3,276,405",LOGOUT,"June 19, 2026, 4:30 PM","88,230",5,5,5,5,0,"June 20, 2026, 12:51 AM"
pinnacle-Slc,"3,276,405",LOGOUT,"June 19, 2026, 4:30 PM","406,880",5,5,5,5,0,"June 20, 2026, 3:21 PM"
pinnacle-Slc,"3,281,404",LOGIN,"June 22, 2026, 7:30 AM","210,985",5,5,5,5,0,"June 22, 2026, 12:35 PM"
pinnacle-Slc,"3,281,404",LOGIN,"June 22, 2026, 7:30 AM","124,710",5,5,5,5,0,"June 22, 2026, 1:22 PM"
orbit-Slc,"1,226,131",LOGOUT,"May 12, 2026, 10:00 PM","32,760",5,5,5,5,5,"May 12, 2026, 11:28 PM"
orbit-Slc,"1,226,131",LOGOUT,"May 12, 2026, 10:00 PM","32,080",5,5,5,5,5,"May 13, 2026, 9:27 AM"
orbit-Slc,"1,226,131",LOGOUT,"May 12, 2026, 10:00 PM","217,690",5,5,5,5,5,"May 13, 2026, 10:44 AM"
orbit-Slc,"1,226,131",LOGOUT,"May 12, 2026, 10:00 PM","110,955",5,5,5,5,5,"May 13, 2026, 10:55 AM"
orbit-Slc,"1,226,131",LOGOUT,"May 12, 2026, 10:00 PM","48,125",5,5,5,5,5,"May 14, 2026, 10:27 AM"
orbit-Slc,"1,226,131",LOGOUT,"May 12, 2026, 10:00 PM","20,380",5,5,5,5,5,"May 18, 2026, 4:03 PM"
orbit-Slc,"1,226,392",LOGIN,"May 13, 2026, 11:00 AM","150,935",5,5,5,5,0,"May 13, 2026, 7:23 PM"
orbit-Slc,"1,226,392",LOGIN,"May 13, 2026, 11:00 AM","209,070",5,5,5,5,0,"May 13, 2026, 7:40 PM"
orbit-Slc,"1,226,392",LOGIN,"May 13, 2026, 11:00 AM","102,200",5,5,5,5,0,"May 13, 2026, 7:51 PM"
pinnacle-Slc,"3,440,416",LOGOUT,"July 23, 2026, 4:30 PM","82,165",5,5,5,5,0,"July 23, 2026, 9:13 PM"
pinnacle-Slc,"3,440,416",LOGOUT,"July 23, 2026, 4:30 PM","93,645",5,5,5,5,0,"July 23, 2026, 10:30 PM"
pinnacle-Slc,"3,149,729",LOGOUT,"May 25, 2026, 3:00 PM","97,520",5,5,5,5,0,"May 25, 2026, 9:30 PM"
pinnacle-Slc,"3,170,649",LOGOUT,"May 29, 2026, 4:30 PM","85,880",5,5,5,5,0,"May 29, 2026, 5:43 PM"
pinnacle-Slc,"3,170,649",LOGOUT,"May 29, 2026, 4:30 PM","82,005",5,5,5,5,0,"May 31, 2026, 10:07 PM"
pinnacle-Slc,"3,452,262",LOGIN,"July 27, 2026, 8:30 AM","153,005",5,5,5,5,0,"July 27, 2026, 2:00 PM"
pinnacle-Slc,"3,452,262",LOGIN,"July 27, 2026, 8:30 AM","319,725",5,5,5,5,0,"July 27, 2026, 2:13 PM"
pinnacle-Slc,"3,452,262",LOGIN,"July 27, 2026, 8:30 AM","311,140",5,5,5,5,0,"July 27, 2026, 2:56 PM"
pinnacle-Slc,"3,460,198",LOGOUT,"July 28, 2026, 3:30 PM","12,625",5,5,5,5,0,"July 29, 2026, 1:04 AM"
pinnacle-Slc,"3,164,155",LOGOUT,"May 27, 2026, 9:30 PM","16,800",5,5,5,5,0,"May 29, 2026, 10:39 AM"
pinnacle-Slc,"3,157,109",LOGOUT,"May 26, 2026, 3:30 PM","471,200",2,2,2,2,0,"May 26, 2026, 5:02 PM"
pinnacle-Slc,"3,157,109",LOGOUT,"May 26, 2026, 3:30 PM","534,060",4,4,4,4,0,"May 27, 2026, 7:33 AM"
pinnacle-Slc,"3,165,849",LOGOUT,"May 28, 2026, 4:00 AM","628,185",5,5,5,5,0,"May 28, 2026, 4:54 AM"
pinnacle-Slc,"3,181,701",LOGOUT,"June 2, 2026, 1:30 PM","382,750",5,5,5,5,0,"June 3, 2026, 1:19 AM"
pinnacle-Slc,"3,182,800",LOGOUT,"June 2, 2026, 4:30 PM","101,955",5,5,5,5,0,"June 3, 2026, 8:09 AM"
vanta-Sea,"4,887,760",LOGIN,"May 27, 2026, 11:00 AM","33,250",1,1,1,1,0,"May 27, 2026, 11:38 AM"
vanta-Sea,"4,990,177",LOGOUT,"June 26, 2026, 9:16 PM","492,635",5,5,5,5,0,"June 26, 2026, 9:50 PM"
pinnacle-Slc,"3,188,474",LOGOUT,"June 3, 2026, 3:00 PM","459,815",4,4,4,4,0,"June 4, 2026, 7:20 AM"
pinnacle-Slc,"3,188,474",LOGOUT,"June 3, 2026, 3:00 PM","20,650",5,5,5,5,0,"June 4, 2026, 7:26 AM"
pinnacle-Slc,"3,188,474",LOGOUT,"June 3, 2026, 3:00 PM","128,815",5,5,5,5,0,"June 5, 2026, 12:47 PM"
pinnacle-Slc,"3,196,660",LOGOUT,"June 3, 2026, 8:00 PM","231,620",5,5,5,5,0,"June 3, 2026, 8:48 PM"
pinnacle-Slc,"3,179,307",LOGIN,"June 2, 2026, 8:30 AM","105,415",5,5,5,5,0,"June 2, 2026, 11:10 AM"
