business_unit,office,product_type,trip_date,shift_type,trip_id,trip_direction,actual_escort,vendor_id,planned_cab_registration,actual_cab_registration,actual_cab_capacity,planned_km,traveled_km,planned_start_epoch,planned_end_epoch,actual_start_epoch,actual_end_epoch,delay_reason,delay_minutes,route_source,actual_cab_fuel_type,is_driver_nc,is_cab_nc,trip_nodal,plannedemployee_cnt,actualemployee_cnt,noshow_cnt
catalyst-Sac,Santa Clara Office,CAB,"July 2, 2026",04:00,"1,519,576",LOGOUT,true,Divya Mikhailov Travel,OGO 162 GP,OGO 162 GP,6,27.59,28.98,"1,782,965,700","1,782,967,440","1,782,966,109","1,782,970,990",NODELAY,0,AUTO,Petrol,false,false,NA,5,6,0
vanta-Aus,Cedar Ridge Office,CAB,"July 3, 2026",20:15,"1,210,156",LOGOUT,false,Meera Pavlov Travel,LJO 740 GP,LJO 740 GP,5,3.72,5.6,"1,783,110,600","1,783,111,620","1,783,109,174","1,783,112,302",NODELAY,0,AUTO,Electric,false,false,NA,4,3,1
catalyst-Sac,Santa Clara Office,CAB,"July 8, 2026",22:30,"1,528,247",LOGOUT,true,Priya Mikhailov Travel,XCY 119 GP,XCY 119 GP,4,35.83,37.59,"1,783,550,700","1,783,555,740","1,783,551,273","1,783,558,193",NODELAY,0,AUTO,Petrol,false,false,HOME,3,4,0
vanta-Aus,Cedar Ridge Office,CAB,"July 9, 2026",12:00,"1,219,024",LOGIN,false,Meera Pavlov Travel,TBC 296 GP,TBC 296 GP,3,14,16.5,"1,783,593,120","1,783,597,500","1,783,594,334","1,783,598,249",NODELAY,0,AUTO,Diesel,false,false,NODAL,3,3,0
orbit-Slc,Cedar Ridge Office,CAB,"July 2, 2026",22:00,"1,314,192",LOGOUT,false,Rahul Mikhailov Travel,BLP 921 GP,BLP 921 GP,3,10.11,12.5,"1,783,030,500","1,783,031,160","1,783,030,467","1,783,032,874",NODELAY,0,AUTO,Diesel,false,false,HOME,2,2,0
orbit-Slc,Eastgate Office,CAB,"July 8, 2026",06:30,"1,321,565",LOGIN,false,Rohan Mikhailov Travel,CVQ 952 GP,CVQ 952 GP,3,26.76,30.6,"1,783,488,000","1,783,491,300","1,783,488,381","1,783,491,512",NODELAY,0,AUTO,Electric,false,false,HOME,3,3,0
vanta-Sea,Denver Office,CAB,"July 1, 2026",23:16,"5,006,087",LOGOUT,false,Aarav Petrov Travel,VOV 652 GP,VOV 652 GP,3,8.66,8,"1,782,948,660","1,782,949,620","1,782,947,660","1,782,949,610",NODELAY,0,AUTO,Petrol,false,false,HOME,1,1,0
orbit-Slc,Eastgate Office,BUS,"July 16, 2026",15:30,"1,338,269",LOGOUT,false,Rohan Mikhailov Travel,ZIF 858 GP,ZIF 858 GP,3,13.67,13.78,"1,784,216,700","1,784,219,160","1,784,216,395","1,784,218,756",NODELAY,0,MANUAL,Electric,false,false,HOME,2,2,0
vanta-Sea,Denver Office,BUS,"June 16, 2026",12:00,"4,950,687",LOGIN,false,Priya Mikhailov Travel,LVJ 138 GP,LVJ 138 GP,12,19.61,18.1,"1,781,605,740","1,781,610,300","1,781,605,814","1,781,611,701",TRAFFIC,8,MANUAL,Petrol,false,false,HOME,9,5,4
pinnacle-Slc,Oakmont Office,CAB,"June 8, 2026",07:30,"3,207,747",LOGIN,false,Rahul Mikhailov Travel,CNJ 417 GP,CNJ 417 GP,3,17.46,16.8,"1,780,900,740","1,780,903,500","1,780,901,127","1,780,903,287",NODELAY,0,AUTO,Diesel,false,false,NA,1,1,0
pinnacle-Slc,Willow Bend Campus,CAB,"June 1, 2026",07:30,"3,173,463",LOGIN,false,Aarav Mikhailov Travel,PEX 255 GP,PEX 255 GP,3,13.73,12.5,"1,780,296,420","1,780,298,700","1,780,296,699","1,780,298,850",NODELAY,0,AUTO,Diesel,false,false,NA,1,1,0
pinnacle-Slc,Willow Bend Campus,CAB,"June 3, 2026",08:30,"3,186,806",LOGIN,false,Karan Mikhailov Travel,ZXG 996 GP,ZXG 996 GP,3,4.78,4.4,"1,780,473,720","1,780,475,100","1,780,473,789","1,780,475,205",NODELAY,0,AUTO,Diesel,false,false,HOME,3,2,1
pinnacle-Slc,Clearwater Campus,CAB,"June 3, 2026",15:30,"3,188,744",LOGOUT,false,Divya Kozlov Travel,KKF 760 GP,KKF 760 GP,3,29.46,28.5,"1,780,500,600","1,780,506,000","1,780,502,517","1,780,509,284",DRIVER,18,AUTO,Diesel,false,false,HOME,3,2,0
pinnacle-Slc,Clearwater Campus,CAB,"June 10, 2026",09:00,"3,218,321",LOGIN,false,Divya Sokolov Travel,HHI 631 GP,HHI 631 GP,3,8.95,8.54,"1,781,079,000","1,781,081,700","1,781,078,852","1,781,082,459",NODELAY,0,AUTO,Diesel,false,false,NODAL,3,2,0
pinnacle-Slc,Clearwater Campus,CAB,"June 10, 2026",19:30,"3,222,940",LOGOUT,false,Karan Mikhailov Travel,JJA 941 GP,JJA 941 GP,3,7.72,7.38,"1,781,119,800","1,781,121,780","1,781,118,981","1,781,121,259",NODELAY,0,AUTO,Diesel,false,false,NODAL,1,1,0
pinnacle-Slc,Clearwater Campus,CAB,"June 8, 2026",17:30,"3,209,896",LOGOUT,false,Arjun Mikhailov Travel,VJK 343 GP,VJK 343 GP,3,9.23,9.2,"1,780,939,800","1,780,941,540","1,780,940,202","1,780,944,731",NODELAY,0,AUTO,Diesel,false,false,HOME,1,1,0
pinnacle-Slc,Clearwater Campus,CAB,"July 10, 2026",09:00,"3,375,257",LOGIN,false,Karan Mikhailov Travel,EXS 204 GP,EXS 204 GP,3,5.26,6.14,"1,783,671,720","1,783,673,700","1,783,672,093","1,783,673,498",NODELAY,0,AUTO,Diesel,false,false,NODAL,3,1,1
pinnacle-Slc,Clearwater Campus,CAB,"July 13, 2026",09:30,"3,386,385",LOGIN,false,Karan Mikhailov Travel,ZUK 691 GP,ZUK 691 GP,3,13.32,13.2,"1,783,930,500","1,783,934,700","1,783,930,767","1,783,934,526",NODELAY,0,AUTO,Diesel,false,false,NA,3,2,0
pinnacle-Slc,Clearwater Campus,CAB,"July 13, 2026",15:30,"3,387,548",LOGOUT,false,Amit Mikhailov Travel,HFB 918 GP,HFB 918 GP,3,3.75,3.7,"1,783,956,600","1,783,957,320","1,783,956,712","1,783,958,126",NODELAY,0,AUTO,Diesel,false,false,NA,3,3,0
pinnacle-Slc,Clearwater Campus,CAB,"July 14, 2026",13:30,"3,393,689",LOGOUT,false,Rahul Orlov Travel,NNQ 251 GP,NNQ 251 GP,3,25.38,25.38,"1,784,035,800","1,784,040,000","1,784,035,484","1,784,039,996",NODELAY,0,AUTO,Diesel,false,false,HOME,2,2,0
pinnacle-Slc,Oakmont Office,CAB,"July 15, 2026",19:30,"3,397,942",LOGIN,true,Rahul Mikhailov Travel,HBJ 781 GP,HBJ 781 GP,3,12.41,12.03,"1,784,138,399","1,784,143,500","1,784,138,586","1,784,141,508",NODELAY,0,AUTO,Diesel,false,false,NA,2,2,0
pinnacle-Slc,Clearwater Campus,CAB,"July 17, 2026",09:00,"3,409,722",LOGIN,false,Rahul Orlov Travel,SXY 303 GP,SXY 303 GP,3,3.25,3.3,"1,784,276,700","1,784,278,500","1,784,277,327","1,784,278,865",NODELAY,0,AUTO,Diesel,false,false,NODAL,3,2,0
pinnacle-Slc,Clearwater Campus,CAB,"July 16, 2026",09:00,"3,402,595",LOGIN,false,Aarav Mikhailov Travel,EJA 072 GP,EJA 072 GP,3,4.42,4.21,"1,784,190,360","1,784,192,100","1,784,190,968","1,784,192,408",NODELAY,0,AUTO,Diesel,false,false,NA,3,2,0
pinnacle-Slc,Willow Bend Campus,CAB,"July 20, 2026",14:30,"3,418,510",LOGOUT,false,Karan Mikhailov Travel,WWW 868 GP,WWW 868 GP,3,18.95,18.7,"1,784,557,800","1,784,560,500","1,784,557,137","1,784,559,635",NODELAY,0,AUTO,Diesel,false,false,NA,1,1,0
pinnacle-Slc,Oakmont Office,CAB,"July 20, 2026",19:30,"3,416,961",LOGIN,false,Karan Mikhailov Travel,XFS 350 GP,XFS 350 GP,3,13.64,13.06,"1,784,571,240","1,784,575,500","1,784,572,054","1,784,574,653",NODELAY,0,AUTO,Diesel,false,false,HOME,1,1,0
pinnacle-Slc,Clearwater Campus,CAB,"July 21, 2026",08:30,"3,421,712",LOGIN,false,Arjun Mikhailov Travel,DIC 113 GP,DIC 113 GP,3,5.48,5.15,"1,784,620,740","1,784,622,300","1,784,620,867","1,784,622,752",NODELAY,0,AUTO,Diesel,false,false,NA,3,3,0
pinnacle-Slc,Clearwater Campus,CAB,"July 21, 2026",15:00,"3,426,627",LOGOUT,false,Rahul Morozov Travel,UWB 484 GP,UWB 484 GP,3,6.38,5.3,"1,784,646,000","1,784,647,560","1,784,646,011","1,784,647,690",NODELAY,0,AUTO,Diesel,false,false,HOME,3,3,0
pinnacle-Slc,Willow Bend Campus,CAB,"July 20, 2026",08:30,"3,417,224",LOGIN,false,Aarav Mikhailov Travel,IOM 132 GP,IOM 132 GP,3,11.01,13.8,"1,784,533,140","1,784,535,900","1,784,533,455","1,784,536,082",NODELAY,0,AUTO,Diesel,false,false,NA,4,2,1
pinnacle-Slc,Clearwater Campus,CAB,"July 22, 2026",08:30,"3,428,694",LOGIN,false,Divya Sokolov Travel,AET 317 GP,AET 317 GP,3,9.46,11.51,"1,784,705,700","1,784,708,700","1,784,705,985","1,784,708,396",NODELAY,0,AUTO,Diesel,false,false,HOME,2,1,0
pinnacle-Slc,Clearwater Campus,CAB,"July 22, 2026",13:30,"3,433,023",LOGOUT,false,Sanjay Mikhailov Travel,KJI 586 GP,KJI 586 GP,3,14.28,14.04,"1,784,727,000","1,784,729,700","1,784,726,438","1,784,730,485",NODELAY,0,AUTO,Diesel,false,false,NA,2,2,0
pinnacle-Slc,Oakmont Office,CAB,"July 23, 2026",Non Shift,"3,445,618",LOGOUT,true,Aarav Mikhailov Travel,AOP 938 GP,AOP 938 GP,3,10.88,11.81,"1,784,847,600","1,784,851,200","1,784,847,111","1,784,849,137",NODELAY,0,AUTO,Diesel,false,false,NA,2,2,0
pinnacle-Slc,Oakmont Office,CAB,"July 27, 2026",15:30,"3,450,950",LOGOUT,false,Amit Volkov Travel,AKF 738 GP,AKF 738 GP,3,7.79,8.65,"1,785,166,200","1,785,168,240","1,785,166,127","1,785,168,751",NODELAY,0,AUTO,Diesel,false,false,HOME,3,3,0
pinnacle-Slc,Oakmont Office,CAB,"July 20, 2026",14:30,"3,417,985",LOGOUT,false,Rahul Mikhailov Travel,FME 636 GP,FME 636 GP,3,5.87,8,"1,784,557,800","1,784,559,480","1,784,557,875","1,784,559,785",NODELAY,0,AUTO,Diesel,false,false,NA,1,1,0
vanta-Sea,Denver Office,CAB,"May 1, 2026",15:16,"4,814,188",LOGOUT,false,Isha Mikhailov Travel,PNK 745 GP,PNK 745 GP,3,11.48,11,"1,777,649,460","1,777,650,240","1,777,648,135","1,777,650,225",NODELAY,0,AUTO,Petrol,false,false,NA,2,2,0
vanta-Aus,Cedar Ridge Office,CAB,"May 24, 2026",06:00,"1,136,686",LOGIN,false,Sneha Mikhailov Travel,BMV 632 GP,BMV 632 GP,3,3.55,2.7,"1,779,600,600","1,779,601,500","1,779,600,717","1,779,601,071",NODELAY,0,AUTO,Diesel,false,false,HOME,1,1,0
orbit-Slc,Lakeside Commons,CAB,"May 15, 2026",22:00,"1,231,741",LOGOUT,true,Anjali Mikhailov Travel,HPI 649 GP,HPI 649 GP,3,21.37,29.5,"1,778,883,300","1,778,887,140","1,778,883,950","1,778,904,115",NODELAY,0,AUTO,Diesel,false,false,HOME,2,3,0
vanta-Aus,Cedar Ridge Office,CAB,"May 22, 2026",23:15,"1,135,748",LOGOUT,false,Anjali Mikhailov Travel,YKS 083 GP,YKS 083 GP,5,21.03,22.7,"1,779,492,600","1,779,496,260","1,779,491,689","1,779,495,234",NODELAY,0,AUTO,Diesel,false,false,NA,4,3,1
catalyst-Sac,Fairview Commons,CAB,"May 27, 2026",20:30,"1,472,158",LOGOUT,true,Arjun Mikhailov Travel,XUQ 755 GP,XUQ 755 GP,4,28.29,28.3,"1,779,914,700","1,779,921,180","1,779,914,587","1,779,925,028",NODELAY,0,AUTO,Petrol,false,false,NA,3,4,0
orbit-Slc,Cedar Ridge Office,CAB,"May 21, 2026",20:00,"1,241,643",LOGOUT,false,Rahul Mikhailov Travel,VAU 502 GP,VAU 502 GP,3,22.58,24.07,"1,779,394,500","1,779,398,100","1,779,393,858","1,779,399,867",NODELAY,0,AUTO,Electric,false,false,HOME,3,3,0
orbit-Slc,Lakeside Commons,CAB,"May 29, 2026",03:30,"1,252,013",LOGOUT,true,Anjali Mikhailov Travel,CZF 703 GP,CZF 703 GP,6,11.43,11.4,"1,780,026,300","1,780,028,400","1,780,026,423","1,780,027,606",NODELAY,0,AUTO,Diesel,false,false,HOME,1,2,0
vanta-Sea,Denver Office,CAB,"May 5, 2026",23:16,"4,823,839",LOGOUT,false,Priya Mikhailov Travel,YVD 588 GP,YVD 588 GP,3,25.81,29.9,"1,778,023,860","1,778,027,340","1,778,022,930","1,778,026,480",NODELAY,0,AUTO,Petrol,false,false,NA,2,2,0
orbit-Slc,Cedar Ridge Office,CAB,"May 29, 2026",22:00,"1,253,492",LOGOUT,false,Rahul Mikhailov Travel,JRX 575 GP,JRX 575 GP,3,35.27,35.3,"1,780,092,900","1,780,099,200","1,780,092,483","1,780,096,538",NODELAY,0,AUTO,Electric,false,false,HOME,1,1,0
orbit-Slc,Lakeside Commons,BUS,"May 29, 2026",18:30,"1,252,243",LOGIN,false,Rahul Mikhailov Travel,JZP 410 GP,JZP 410 GP,3,30.75,28.2,"1,780,071,600","1,780,078,500","1,780,071,643","1,780,076,433",NODELAY,0,MANUAL,Diesel,false,false,HOME,1,1,0
catalyst-Sac,Fairview Commons,CAB,"June 2, 2026",00:30,"1,477,176",LOGOUT,false,Arjun Mikhailov Travel,QXJ 207 GP,QXJ 207 GP,4,43.64,41.42,"1,780,361,100","1,780,364,940","1,780,360,544","1,780,364,827",NODELAY,0,AUTO,Petrol,false,false,NA,2,2,0
vanta-Aus,Cedar Ridge Office,CAB,"June 3, 2026",20:15,"1,154,394",LOGOUT,true,Sneha Mikhailov Travel,NLB 076 GP,NLB 076 GP,3,30.16,31.1,"1,780,518,600","1,780,522,980","1,780,517,586","1,780,524,810",NODELAY,0,AUTO,Diesel,false,false,HOME,2,3,0
vanta-Aus,Cedar Ridge Office,CAB,"June 22, 2026",10:00,"1,186,809",LOGIN,false,Sanjay Mikhailov Travel,HHK 857 GP,HHK 857 GP,3,17.52,20.5,"1,782,117,600","1,782,121,500","1,782,117,623","1,782,121,745",NODELAY,0,AUTO,Diesel,false,false,NA,2,2,0
vanta-Aus,Cedar Ridge Office,CAB,"June 4, 2026",05:15,"1,155,541",LOGOUT,false,Sanjay Mikhailov Travel,CRF 045 GP,CRF 045 GP,3,9.11,9.8,"1,780,551,000","1,780,552,140","1,780,549,487","1,780,550,381",NODELAY,0,AUTO,Diesel,false,false,NA,1,1,0
orbit-Slc,Eastgate Office,CAB,"June 2, 2026",22:00,"1,257,253",LOGOUT,false,Rohan Mikhailov Travel,WPZ 704 GP,WPZ 704 GP,3,11.73,14.1,"1,780,438,500","1,780,440,600","1,780,438,431","1,780,441,009",NODELAY,0,AUTO,Diesel,false,false,HOME,3,3,0
orbit-Slc,Eastgate Office,CAB,"June 4, 2026",23:00,"1,261,606",LOGOUT,false,Rohan Mikhailov Travel,UUN 936 GP,UUN 936 GP,3,16.07,16.89,"1,780,614,900","1,780,617,600","1,780,613,527","1,780,615,730",NODELAY,0,AUTO,Diesel,false,false,NA,1,1,0
catalyst-Sac,Santa Clara Office,CAB,"June 10, 2026",05:30,"1,488,618",LOGOUT,false,Vikram Mikhailov Travel,IXK 816 GP,IXK 816 GP,4,25.25,24.3,"1,781,070,300","1,781,073,180","1,781,070,762","1,781,073,351",NODELAY,0,AUTO,Petrol,false,false,HOME,1,1,0
vanta-Aus,Cedar Ridge Office,CAB,"June 9, 2026",10:00,"1,162,897",LOGIN,false,Sneha Mikhailov Travel,AYF 954 GP,AYF 954 GP,3,42.5,42,"1,780,992,600","1,780,998,300","1,780,992,687","1,780,997,912",NODELAY,0,AUTO,Diesel,false,false,NA,2,2,0
vanta-Aus,Cedar Ridge Office,CAB,"May 1, 2026",07:15,"1,097,843",LOGOUT,false,Meera Pavlov Travel,RJF 984 GP,RJF 984 GP,3,20.39,20.6,"1,777,620,600","1,777,623,000","1,777,619,292","1,777,621,260",NODELAY,0,AUTO,Diesel,false,false,NA,1,1,0
vanta-Aus,Cedar Ridge Office,CAB,"May 3, 2026",16:15,"1,099,901",LOGOUT,false,Priya Mikhailov Travel,HUP 218 GP,HUP 218 GP,3,13.35,14.4,"1,777,825,800","1,777,828,680","1,777,824,664","1,777,826,464",NODELAY,0,AUTO,Electric,false,false,NA,1,1,0
vanta-Aus,Cedar Ridge Office,CAB,"May 4, 2026",17:15,"1,101,494",LOGOUT,false,Priya Mikhailov Travel,WDU 626 GP,WDU 626 GP,3,17.36,18.9,"1,777,915,800","1,777,919,400","1,777,914,711","1,777,919,653",NODELAY,0,AUTO,Electric,false,false,NA,2,2,0
vanta-Aus,Cedar Ridge Office,CAB,"May 6, 2026",19:15,"1,106,312",LOGOUT,false,Anjali Mikhailov Travel,DDF 070 GP,DDF 070 GP,3,21.14,22.3,"1,778,095,800","1,778,099,580","1,778,094,572","1,778,100,649",NODELAY,0,AUTO,Electric,false,false,NA,2,2,0
catalyst-Sac,Santa Clara Office,CAB,"May 7, 2026",22:30,"1,448,446",LOGOUT,true,Vikram Mikhailov Travel,HTL 276 GP,HTL 276 GP,4,12.76,13.44,"1,778,193,900","1,778,194,500","1,778,193,597","1,778,198,071",NODELAY,0,AUTO,Petrol,false,false,HOME,2,3,0
catalyst-Sac,Santa Clara Office,CAB,"May 9, 2026",00:30,"1,450,101",LOGOUT,false,Vikram Mikhailov Travel,SZT 010 GP,SZT 010 GP,4,13,14.06,"1,778,287,500","1,778,289,060","1,778,287,433","1,778,289,923",NODELAY,0,AUTO,Petrol,false,false,NA,1,1,0
catalyst-Sac,Santa Clara Office,CAB,"May 11, 2026",20:30,"1,451,423",LOGOUT,true,Divya Mikhailov Travel,SRG 168 GP,SRG 168 GP,4,17.4,17.4,"1,778,532,300","1,778,534,220","1,778,532,266","1,778,537,737",NODELAY,0,AUTO,Petrol,false,false,NA,3,4,0
vanta-Aus,Cedar Ridge Office,CAB,"May 8, 2026",14:00,"1,109,301",LOGIN,false,Meera Pavlov Travel,LPS 992 GP,LPS 992 GP,5,4.87,5.7,"1,778,245,500","1,778,247,900","1,778,245,558","1,778,246,921",NODELAY,0,AUTO,Diesel,false,false,HOME,3,3,0
vanta-Aus,Cedar Ridge Office,CAB,"May 15, 2026",12:00,"1,121,320",LOGIN,false,Meera Pavlov Travel,HTH 606 GP,HTH 606 GP,5,9.25,13.3,"1,778,842,620","1,778,845,500","1,778,843,332","1,778,845,872",NODELAY,0,AUTO,Diesel,false,false,HOME,5,4,1
catalyst-Sac,Santa Clara Office,CAB,"May 18, 2026",19:00,"1,459,657",LOGIN,false,Rohan Mikhailov Travel,RKE 528 GP,RKE 528 GP,4,9.21,9.66,"1,779,126,480","1,779,129,000","1,779,125,999","1,779,131,529",TRAFFIC,27,AUTO,Petrol,false,false,NA,4,4,0
vanta-Aus,Cedar Ridge Office,CAB,"May 14, 2026",20:15,"1,120,466",LOGOUT,true,Sanjay Mikhailov Travel,BHP 200 GP,BHP 200 GP,5,3.82,5.6,"1,778,790,600","1,778,791,380","1,778,789,285","1,778,792,178",NODELAY,0,AUTO,Diesel,false,false,NODAL,5,5,1
vanta-Aus,Cedar Ridge Office,CAB,"May 19, 2026",14:00,"1,127,208",LOGIN,false,Priya Mikhailov Travel,EHV 834 GP,EHV 834 GP,3,11.74,18.1,"1,779,196,140","1,779,198,300","1,779,196,141","1,779,198,457",NODELAY,0,AUTO,Electric,false,false,HOME,2,2,0
catalyst-Sac,Santa Clara Office,CAB,"May 22, 2026",02:00,"1,466,669",LOGOUT,true,Rohan Mikhailov Travel,WVD 177 GP,WVD 177 GP,4,31.19,31.2,"1,779,416,100","1,779,417,720","1,779,416,139","1,779,422,613",NODELAY,0,AUTO,Petrol,false,false,NA,3,4,0
vanta-Aus,Cedar Ridge Office,CAB,"May 20, 2026",23:15,"1,131,173",LOGOUT,false,Sneha Mikhailov Travel,GOA 661 GP,GOA 661 GP,3,25.64,24.8,"1,779,319,800","1,779,322,920","1,779,318,532","1,779,322,960",NODELAY,0,AUTO,Diesel,false,false,NA,2,2,0
vanta-Aus,Cedar Ridge Office,CAB,"July 16, 2026",12:00,"1,231,741",LOGIN,false,Sneha Mikhailov Travel,JLZ 891 GP,JLZ 891 GP,6,19.05,21.3,"1,784,197,500","1,784,202,300","1,784,197,500","1,784,203,146",NODELAY,0,AUTO,Diesel,false,false,HOME,5,4,1
orbit-Slc,Eastgate Office,CAB,"July 15, 2026",03:30,"1,334,047",LOGOUT,true,Rohan Mikhailov Travel,ODS 107 GP,ODS 107 GP,3,9.97,12,"1,784,087,100","1,784,088,900","1,784,087,557","1,784,089,000",NODELAY,0,AUTO,Diesel,false,false,HOME,1,2,0
orbit-Slc,Eastgate Office,CAB,"July 15, 2026",22:00,"1,335,679",LOGOUT,false,Rohan Mikhailov Travel,MWJ 585 GP,MWJ 585 GP,6,36.12,33.44,"1,784,153,700","1,784,160,000","1,784,154,053","1,784,158,570",NODELAY,0,AUTO,Diesel,false,false,HOME,5,5,0
orbit-Slc,Lakeside Commons,CAB,"July 21, 2026",20:00,"1,346,266",LOGOUT,false,Rahul Mikhailov Travel,UPK 618 GP,UPK 618 GP,6,24.26,24.3,"1,784,664,900","1,784,667,900","1,784,665,135","1,784,670,633",NODELAY,0,AUTO,Diesel,false,false,NA,4,4,0
vanta-Sea,Denver Office,BUS,"July 3, 2026",16:30,"5,012,614",LOGOUT,false,Priya Mikhailov Travel,PZL 304 GP,PZL 304 GP,12,6.06,6.2,"1,783,096,200","1,783,099,080","1,783,095,016","1,783,097,877",NODELAY,0,MANUAL,Petrol,false,false,NODAL,2,2,0
orbit-Slc,Lakeside Commons,CAB,"July 23, 2026",20:00,"1,351,635",LOGOUT,true,Anjali Mikhailov Travel,XUG 493 GP,XUG 493 GP,6,14.05,22.2,"1,784,837,700","1,784,839,680","1,784,837,557","1,784,840,447",NODELAY,0,AUTO,Diesel,false,false,HOME,2,3,0
orbit-Slc,Lakeside Commons,BUS,"July 22, 2026",15:30,"1,348,469",LOGOUT,false,Rahul Mikhailov Travel,KUT 414 GP,KUT 414 GP,3,12.95,16.77,"1,784,735,100","1,784,737,860","1,784,734,708","1,784,738,984",NODELAY,0,MANUAL,Diesel,false,false,NA,3,3,0
vanta-Sea,Denver Office,BUS,"July 6, 2026",11:00,"5,017,698",LOGIN,false,Sanjay Mikhailov Travel,RDZ 547 GP,RDZ 547 GP,12,14.62,13.75,"1,783,329,900","1,783,334,700","1,783,329,460","1,783,334,976",NODELAY,0,SHUTTLE_SERVICE,Petrol,false,false,HOME,11,9,2
vanta-Sea,Denver Office,BUS,"July 2, 2026",15:16,"5,008,263",LOGOUT,false,Aarav Mikhailov Travel,ZKW 061 GP,ZKW 061 GP,12,8.48,8.2,"1,783,005,360","1,783,005,600","1,783,004,196","1,783,007,614",NODELAY,0,MANUAL,Petrol,false,false,HOME,3,1,2
vanta-Sea,Denver Office,CAB,"July 2, 2026",20:16,"5,009,394",LOGOUT,true,Anjali Mikhailov Travel,HVM 927 GP,HVM 927 GP,5,13.65,14.9,"1,783,024,260","1,783,026,060","1,783,022,906","1,783,026,988",NODELAY,0,AUTO,Electric,false,false,HOME,4,5,0
vanta-Aus,Cedar Ridge Office,CAB,"July 22, 2026",11:00,"1,241,643",LOGIN,false,Sanjay Mikhailov Travel,PHS 265 GP,PHS 265 GP,6,9.64,10.3,"1,784,714,100","1,784,717,100","1,784,714,141","1,784,717,655",NODELAY,0,AUTO,Diesel,false,false,HOME,5,5,0
vanta-Sea,Denver Office,CAB,"July 6, 2026",10:00,"5,017,015",LOGIN,false,Aarav Petrov Travel,NZT 009 GP,NZT 009 GP,3,5.19,4.1,"1,783,330,380","1,783,331,100","1,783,331,002","1,783,332,874",TRAFFIC,14,AUTO,Petrol,false,false,HOME,2,1,1
orbit-Slc,Lakeside Commons,CAB,"July 31, 2026",03:30,"1,366,407",LOGOUT,false,Anjali Mikhailov Travel,CZF 703 GP,CZF 703 GP,6,10.39,10.8,"1,785,469,500","1,785,471,360","1,785,469,433","1,785,470,615",NODELAY,0,AUTO,Diesel,false,false,NA,1,1,0
catalyst-Sac,Santa Clara Office,CAB,"July 29, 2026",21:00,"1,556,012",LOGIN,true,Rohan Mikhailov Travel,ERO 871 GP,ERO 871 GP,4,20.18,20.18,"1,785,351,600","1,785,357,000","1,785,350,191","1,785,356,598",NODELAY,0,AUTO,Petrol,false,false,NA,3,4,0
vanta-Aus,Cedar Ridge Office,CAB,"July 27, 2026",22:15,"1,251,417",LOGOUT,false,Anjali Mikhailov Travel,RGU 971 GP,RGU 971 GP,5,39.16,38.3,"1,785,191,400","1,785,192,660","1,785,190,273","1,785,195,094",NODELAY,0,AUTO,Diesel,false,false,HOME,3,3,1
orbit-Slc,Cedar Ridge Office,CAB,"July 27, 2026",22:00,"1,357,718",LOGOUT,true,Rahul Mikhailov Travel,DIT 509 GP,DIT 509 GP,3,23.93,23.9,"1,785,190,500","1,785,194,700","1,785,190,977","1,785,193,928",NODELAY,0,AUTO,Diesel,false,false,HOME,1,2,0
pinnacle-Slc,Willow Bend Campus,CAB,"June 4, 2026",18:30,"3,195,068",LOGOUT,false,Rohan Mikhailov Travel,JBY 407 GP,JBY 407 GP,3,25.26,25.74,"1,780,597,800","1,780,602,060","1,780,598,082","1,780,603,152",NODELAY,0,AUTO,Diesel,false,false,NODAL,1,1,0
pinnacle-Slc,Oakmont Office,CAB,"June 8, 2026",14:30,"3,209,066",LOGOUT,false,Pooja Mikhailov Travel,YYK 725 GP,YYK 725 GP,3,9.08,8.8,"1,780,929,000","1,780,930,260","1,780,929,378","1,780,930,668",NODELAY,0,AUTO,Diesel,false,false,NA,1,1,0
pinnacle-Slc,Willow Bend Campus,CAB,"June 12, 2026",14:30,"3,235,832",LOGOUT,false,Aarav Mikhailov Travel,TSQ 080 GP,TSQ 080 GP,3,4.16,6,"1,781,274,600","1,781,275,680","1,781,275,228","1,781,276,456",NODELAY,0,AUTO,Diesel,false,false,NA,1,1,0
pinnacle-Slc,Clearwater Campus,CAB,"June 15, 2026",16:30,"3,246,799",LOGOUT,false,Rohan Mikhailov Travel,FYQ 160 GP,FYQ 160 GP,3,6.67,7.2,"1,781,541,000","1,781,542,860","1,781,541,421","1,781,543,810",NODELAY,0,AUTO,Diesel,false,false,HOME,2,2,0
vanta-Sea,Denver Office,BUS,"June 19, 2026",12:00,"4,964,659",LOGIN,false,Anjali Mikhailov Travel,ROB 665 GP,ROB 665 GP,3,11.9,11.5,"1,781,867,580","1,781,869,500","1,781,867,611","1,781,869,903",NODELAY,0,MANUAL,Petrol,false,false,NODAL,3,1,2
pinnacle-Slc,Oakmont Office,CAB,"June 11, 2026",17:30,"3,226,562",LOGIN,false,Rohan Mikhailov Travel,KDO 657 GP,KDO 657 GP,3,9.86,9.5,"1,781,194,440","1,781,198,700","1,781,194,718","1,781,197,789",NODELAY,0,AUTO,Diesel,false,false,HOME,1,1,0
pinnacle-Slc,Oakmont Office,CAB,"June 12, 2026",17:30,"3,235,257",LOGOUT,false,Karan Mikhailov Travel,YIG 458 GP,YIG 458 GP,3,18.91,19.14,"1,781,285,400","1,781,289,480","1,781,285,047","1,781,290,784",NODELAY,0,AUTO,Diesel,false,false,NODAL,1,1,0
vanta-Sea,Denver Office,CAB,"June 23, 2026",21:16,"4,977,542",LOGOUT,false,Aarav Mikhailov Travel,BSZ 981 GP,BSZ 981 GP,3,26.78,24.4,"1,782,250,260","1,782,253,200","1,782,249,325","1,782,255,512",NODELAY,0,AUTO,Petrol,false,false,NA,3,3,0
pinnacle-Slc,Oakmont Office,CAB,"June 17, 2026",08:30,"3,257,448",LOGIN,false,Sanjay Mikhailov Travel,HAM 594 GP,HAM 594 GP,3,23.94,23.63,"1,781,679,600","1,781,684,700","1,781,680,099","1,781,684,330",NODELAY,0,AUTO,Diesel,false,false,HOME,2,2,0
vanta-Sea,Denver Office,CAB,"June 22, 2026",23:16,"4,973,607",LOGOUT,false,Aarav Petrov Travel,QXS 102 GP,QXS 102 GP,5,20.48,20.5,"1,782,171,060","1,782,173,940","1,782,169,893","1,782,172,840",NODELAY,0,AUTO,Petrol,false,false,NA,5,4,1
vanta-Sea,Denver Office,CAB,"July 17, 2026",23:16,"5,058,821",LOGOUT,true,Sanjay Mikhailov Travel,BBA 637 GP,BBA 637 GP,3,17.35,17.1,"1,784,331,060","1,784,332,680","1,784,329,798","1,784,332,725",NODELAY,0,AUTO,Electric,false,false,HOME,2,2,1
vanta-Sea,Denver Office,CAB,"July 20, 2026",22:16,"5,064,297",LOGOUT,false,Anjali Mikhailov Travel,YUX 173 GP,YUX 173 GP,5,10.64,10.6,"1,784,586,660","1,784,588,220","1,784,585,619","1,784,587,852",NODELAY,0,AUTO,Petrol,false,false,HOME,5,5,1
vanta-Sea,Denver Office,CAB,"July 24, 2026",07:00,"5,077,606",LOGIN,false,Anjali Mikhailov Travel,CDC 285 GP,CDC 285 GP,3,7.21,7,"1,784,874,480","1,784,875,500","1,784,874,859","1,784,875,496",NODELAY,0,AUTO,Petrol,false,false,HOME,1,1,0
vanta-Sea,Denver Office,BUS,"July 22, 2026",14:00,"5,069,922",LOGIN,false,Sanjay Mikhailov Travel,BAI 916 GP,BAI 916 GP,5,42.73,36.3,"1,784,722,620","1,784,727,900","1,784,721,702","1,784,728,727",NODELAY,0,MANUAL,Petrol,false,false,HOME,4,4,0
vanta-Sea,Denver Office,CAB,"July 29, 2026",22:00,"5,095,530",LOGIN,true,Isha Mikhailov Travel,HIV 501 GP,HIV 501 GP,3,13.31,13.4,"1,785,359,640","1,785,361,500","1,785,358,790","1,785,360,907",NODELAY,0,AUTO,Petrol,false,false,HOME,1,2,0
vanta-Sea,Denver Office,CAB,"July 24, 2026",17:16,"5,080,183",LOGOUT,false,Aarav Mikhailov Travel,LZA 385 GP,LZA 385 GP,5,23.8,24,"1,784,914,260","1,784,917,560","1,784,913,442","1,784,919,741",NODELAY,0,AUTO,Petrol,false,false,HOME,1,1,0
vanta-Sea,Denver Office,BUS,"July 29, 2026",12:00,"5,094,247",LOGIN,false,Isha Mikhailov Travel,IUN 361 GP,IUN 361 GP,12,16.85,20.1,"1,785,322,500","1,785,325,500","1,785,320,724","1,785,326,343",NODELAY,0,MANUAL,Petrol,false,false,HOME,12,8,4
pinnacle-Slc,Willow Bend Campus,CAB,"July 1, 2026",05:30,"3,331,137",LOGIN,true,Aarav Mikhailov Travel,VEH 150 GP,VEH 150 GP,3,12.34,15.7,"1,782,882,000","1,782,883,500","1,782,882,426","1,782,884,304",NODELAY,0,AUTO,Diesel,false,false,NA,2,2,0
vanta-Sea,Denver Office,BUS,"July 31, 2026",12:00,"5,103,380",LOGIN,false,Priya Mikhailov Travel,GWY 509 GP,GWY 509 GP,12,10.92,8.7,"1,785,494,400","1,785,498,300","1,785,494,786","1,785,496,906",NODELAY,0,MANUAL,Petrol,false,false,HOME,6,3,2
pinnacle-Slc,Clearwater Campus,CAB,"July 1, 2026",08:30,"3,327,892",LOGIN,false,Arjun Mikhailov Travel,NSU 829 GP,NSU 829 GP,3,21.6,21.78,"1,782,889,440","1,782,894,300","1,782,889,798","1,782,893,145",NODELAY,0,AUTO,Diesel,false,false,HOME,1,1,0
pinnacle-Slc,Willow Bend Campus,CAB,"July 1, 2026",22:00,"3,332,997",LOGOUT,true,Karan Mikhailov Travel,RUA 462 GP,RUA 462 GP,3,11,11.3,"1,782,943,200","1,782,944,820","1,782,943,428","1,782,945,240",NODELAY,0,AUTO,Diesel,false,false,NA,2,2,0
pinnacle-Slc,Clearwater Campus,CAB,"June 29, 2026",14:30,"3,320,026",LOGOUT,false,Rahul Morozov Travel,CUJ 999 GP,CUJ 999 GP,3,10.48,9,"1,782,743,400","1,782,745,020","1,782,743,815","1,782,746,147",NODELAY,0,AUTO,Diesel,false,false,NA,1,1,0
pinnacle-Slc,Oakmont Office,CAB,"June 26, 2026",14:00,"3,309,161",LOGIN,false,Divya Mikhailov Travel,FTB 659 GP,FTB 659 GP,3,7.92,7.1,"1,782,480,960","1,782,482,100","1,782,480,953","1,782,481,862",NODELAY,0,AUTO,Diesel,false,false,HOME,1,1,0
pinnacle-Slc,Willow Bend Campus,CAB,"June 25, 2026",15:30,"3,306,900",LOGOUT,false,Rahul Orlov Travel,KEL 327 GP,KEL 327 GP,3,13.3,17.7,"1,782,401,400","1,782,403,740","1,782,400,423","1,782,403,515",NODELAY,0,AUTO,Diesel,false,false,NODAL,1,1,0
pinnacle-Slc,Clearwater Campus,CAB,"June 30, 2026",09:30,"3,321,847",LOGIN,false,Sanjay Mikhailov Travel,UJS 371 GP,UJS 371 GP,3,0.76,1.2,"1,782,809,880","1,782,811,500","1,782,810,421","1,782,811,009",NODELAY,0,AUTO,Diesel,false,false,NA,4,1,0
vanta-Sea,Denver Office,BUS,"May 11, 2026",09:00,"4,837,379",LOGIN,false,Anjali Mikhailov Travel,NMU 005 GP,NMU 005 GP,5,11.6,10.7,"1,778,487,240","1,778,489,100","1,778,486,334","1,778,489,456",NODELAY,0,MANUAL,Petrol,false,false,NA,3,3,0
vanta-Sea,Denver Office,CAB,"May 9, 2026",14:16,"4,835,690",LOGOUT,false,Sanjay Mikhailov Travel,GNP 849 GP,GNP 849 GP,3,19.01,19.2,"1,778,337,060","1,778,340,600","1,778,335,667","1,778,339,649",NODELAY,0,AUTO,Petrol,false,false,NA,2,2,0
vanta-Sea,Denver Office,CAB,"May 12, 2026",06:00,"4,840,885",LOGIN,true,Sanjay Mikhailov Travel,POO 533 GP,POO 533 GP,3,18.65,18.5,"1,778,562,540","1,778,564,700","1,778,562,310","1,778,564,418",NODELAY,0,AUTO,Petrol,false,false,HOME,1,2,0
vanta-Sea,Denver Office,BUS,"May 8, 2026",10:00,"4,831,884",LOGIN,false,Anjali Mikhailov Travel,SPJ 320 GP,SPJ 320 GP,3,10.35,9.4,"1,778,230,560","1,778,233,500","1,778,229,268","1,778,233,302",NODELAY,0,MANUAL,Petrol,false,false,NA,3,3,0
vanta-Sea,Denver Office,CAB,"May 12, 2026",20:16,"4,843,967",LOGOUT,false,Priya Mikhailov Travel,YWS 600 GP,YWS 600 GP,3,21.98,25.7,"1,778,617,860","1,778,621,580","1,778,616,806","1,778,621,407",NODELAY,0,AUTO,Petrol,false,false,NA,3,3,0
vanta-Sea,Denver Office,BUS,"May 18, 2026",10:00,"4,858,487",LOGIN,false,Aarav Mikhailov Travel,ERC 376 GP,ERC 376 GP,12,15.31,13.6,"1,779,092,820","1,779,097,500","1,779,092,526","1,779,097,849",NODELAY,0,MANUAL,Petrol,false,false,NA,12,10,2
vanta-Sea,Denver Office,BUS,"May 15, 2026",13:00,"4,853,888",LOGIN,false,Priya Mikhailov Travel,OAB 319 GP,OAB 319 GP,12,10.01,8.8,"1,778,847,360","1,778,849,100","1,778,847,186","1,778,849,006",NODELAY,0,MANUAL,Petrol,false,false,HOME,7,5,2
vanta-Sea,Denver Office,BUS,"May 14, 2026",09:00,"4,849,352",LOGIN,false,Aarav Mikhailov Travel,BIE 446 GP,BIE 446 GP,3,34.58,34.7,"1,778,743,560","1,778,748,300","1,778,742,879","1,778,747,921",NODELAY,0,MANUAL,Petrol,false,false,HOME,1,1,0
vanta-Sea,Denver Office,BUS,"May 22, 2026",15:16,"4,875,596",LOGOUT,false,Aarav Mikhailov Travel,LJC 957 GP,LJC 957 GP,3,30.91,30.5,"1,779,462,960","1,779,463,680","1,779,463,033","1,779,467,490",NODELAY,0,MANUAL,Petrol,false,false,NA,1,1,0
vanta-Sea,Denver Office,BUS,"May 19, 2026",11:00,"4,862,766",LOGIN,false,Priya Mikhailov Travel,VQN 690 GP,VQN 690 GP,3,22.35,20.8,"1,779,183,000","1,779,187,500","1,779,182,334","1,779,187,780",NODELAY,0,MANUAL,Petrol,false,false,HOME,2,2,0
vanta-Sea,Denver Office,BUS,"May 20, 2026",09:00,"4,866,176",LOGIN,false,Aarav Petrov Travel,HSN 939 GP,HSN 939 GP,3,14.85,15,"1,779,262,800","1,779,266,700","1,779,261,499","1,779,265,556",NODELAY,0,MANUAL,Petrol,false,false,HOME,2,2,0
vanta-Sea,Denver Office,CAB,"May 21, 2026",20:16,"4,872,740",LOGOUT,true,Anjali Mikhailov Travel,GAK 430 GP,GAK 430 GP,3,17.68,17.8,"1,779,395,460","1,779,398,280","1,779,394,810","1,779,398,233",NODELAY,0,AUTO,Petrol,false,false,NA,1,2,0
vanta-Sea,Denver Office,CAB,"May 21, 2026",23:16,"4,873,469",LOGOUT,false,Anjali Mikhailov Travel,PEN 892 GP,PEN 892 GP,5,15.9,16.4,"1,779,406,260","1,779,407,100","1,779,405,165","1,779,408,427",NODELAY,0,AUTO,Petrol,false,false,NA,4,3,1
vanta-Sea,Denver Office,CAB,"July 29, 2026",23:16,"5,097,525",LOGOUT,false,Sanjay Mikhailov Travel,OXI 950 GP,OXI 950 GP,3,19.01,15,"1,785,367,860","1,785,371,580","1,785,366,915","1,785,369,257",NODELAY,0,AUTO,Electric,false,false,HOME,3,3,0
pinnacle-Slc,Clearwater Campus,CAB,"July 2, 2026",13:30,"3,337,792",LOGOUT,false,Divya Mikhailov Travel,ZOX 468 GP,ZOX 468 GP,3,7.39,7.7,"1,782,999,000","1,783,000,860","1,782,998,983","1,783,000,488",NODELAY,0,AUTO,Diesel,false,false,NA,3,1,0
pinnacle-Slc,Oakmont Office,CAB,"July 6, 2026",16:30,"3,351,864",LOGOUT,false,Amit Volkov Travel,MND 074 GP,MND 074 GP,3,6.98,6.4,"1,783,355,400","1,783,356,840","1,783,355,200","1,783,356,632",NODELAY,0,AUTO,Diesel,false,false,NA,1,1,0
pinnacle-Slc,Oakmont Office,CAB,"July 1, 2026",09:00,"3,331,367",LOGIN,false,Amit Mikhailov Travel,PJO 290 GP,PJO 290 GP,3,12.9,11.96,"1,782,892,680","1,782,896,100","1,782,892,881","1,782,897,725",EMPLOYEE,7,AUTO,Diesel,false,false,HOME,2,2,0
pinnacle-Slc,Clearwater Campus,CAB,"July 8, 2026",15:00,"3,366,630",LOGOUT,false,Rahul Orlov Travel,BUI 189 GP,BUI 189 GP,3,15.83,15.7,"1,783,522,800","1,783,525,500","1,783,522,931","1,783,526,873",NODELAY,0,AUTO,Diesel,false,false,NODAL,3,3,0
pinnacle-Slc,Oakmont Office,CAB,"July 10, 2026",09:00,"3,376,283",LOGIN,false,Rohan Mikhailov Travel,MUA 239 GP,MUA 239 GP,3,10.78,11.58,"1,783,671,540","1,783,673,700","1,783,671,518","1,783,675,221",TRAFFIC,5,AUTO,Diesel,false,false,NODAL,1,1,0
pinnacle-Slc,Clearwater Campus,CAB,"July 10, 2026",09:00,"3,375,498",LOGIN,false,Arjun Mikhailov Travel,JNT 907 GP,JNT 907 GP,3,7.33,7.03,"1,783,671,480","1,783,673,700","1,783,672,688","1,783,674,204",NODELAY,0,AUTO,Diesel,false,false,NODAL,3,2,0
pinnacle-Slc,Willow Bend Campus,CAB,"July 10, 2026",11:30,"3,377,285",LOGIN,false,Rahul Orlov Travel,LZQ 728 GP,LZQ 728 GP,3,31.68,30.2,"1,783,677,900","1,783,682,700","1,783,678,030","1,783,683,229",NODELAY,0,AUTO,Diesel,false,false,HOME,1,1,0
pinnacle-Slc,Clearwater Campus,CAB,"July 14, 2026",06:30,"3,389,002",LOGIN,true,Pooja Mikhailov Travel,KGB 006 GP,KGB 006 GP,3,5.11,6.3,"1,784,008,800","1,784,010,300","1,784,007,504","1,784,010,306",NODELAY,0,AUTO,Diesel,false,false,HOME,2,2,0
pinnacle-Slc,Clearwater Campus,CAB,"June 17, 2026",09:30,"3,255,676",LOGIN,false,Rahul Orlov Travel,DAX 160 GP,DAX 160 GP,3,9.1,8.38,"1,781,685,420","1,781,688,300","1,781,685,350","1,781,689,705",EMPLOYEE,3,AUTO,Diesel,false,false,HOME,3,3,0
pinnacle-Slc,Willow Bend Campus,CAB,"June 17, 2026",09:30,"3,256,973",LOGIN,false,Aarav Mikhailov Travel,BBO 797 GP,BBO 797 GP,3,3.7,3.38,"1,781,687,220","1,781,688,300","1,781,687,049","1,781,688,316",NODELAY,0,AUTO,Diesel,false,false,HOME,1,1,0
vanta-Sea,Denver Office,CAB,"June 30, 2026",23:16,"5,001,574",LOGOUT,true,Anjali Mikhailov Travel,LGD 753 GP,LGD 753 GP,5,24.02,22.2,"1,782,862,260","1,782,866,880","1,782,861,165","1,782,864,912",NODELAY,0,AUTO,Electric,false,false,HOME,3,4,0
vanta-Sea,Denver Office,BUS,"June 29, 2026",09:00,"4,993,635",LOGIN,false,Isha Mikhailov Travel,JES 406 GP,JES 406 GP,3,15.98,14,"1,782,719,580","1,782,722,700","1,782,718,009","1,782,722,313",NODELAY,0,MANUAL,Petrol,false,false,NA,2,2,0
vanta-Sea,Denver Office,CAB,"June 30, 2026",20:16,"5,000,523",LOGOUT,false,Anjali Mikhailov Travel,YWI 509 GP,YWI 509 GP,3,26.14,25.3,"1,782,851,460","1,782,855,120","1,782,850,623","1,782,856,126",NODELAY,0,AUTO,Petrol,false,false,HOME,2,2,0
pinnacle-Slc,Clearwater Campus,CAB,"June 17, 2026",14:30,"3,261,974",LOGOUT,false,Aarav Mikhailov Travel,HYE 500 GP,HYE 500 GP,3,22.76,19.6,"1,781,706,600","1,781,709,720","1,781,706,960","1,781,710,560",NODELAY,0,AUTO,Diesel,false,false,HOME,2,1,0
pinnacle-Slc,Clearwater Campus,CAB,"June 22, 2026",08:30,"3,282,974",LOGIN,false,Divya Sokolov Travel,HIF 338 GP,HIF 338 GP,3,24.77,23.6,"1,782,111,540","1,782,116,700","1,782,111,764","1,782,116,213",NODELAY,0,AUTO,Diesel,false,false,NA,3,2,0
pinnacle-Slc,Clearwater Campus,CAB,"June 22, 2026",09:30,"3,283,665",LOGIN,false,Rohan Mikhailov Travel,TAY 159 GP,TAY 159 GP,3,8.49,7.58,"1,782,117,660","1,782,120,300","1,782,118,280","1,782,121,569",EMPLOYEE,1,AUTO,Diesel,false,false,HOME,3,1,1
pinnacle-Slc,Clearwater Campus,CAB,"June 19, 2026",09:00,"3,271,879",LOGIN,false,Divya Mikhailov Travel,HOO 191 GP,HOO 191 GP,3,12.86,12.9,"1,781,857,260","1,781,859,300","1,781,856,120","1,781,858,820",NODELAY,0,AUTO,Diesel,false,false,NODAL,1,1,0
pinnacle-Slc,Clearwater Campus,CAB,"June 22, 2026",09:00,"3,283,429",LOGIN,false,Amit Volkov Travel,KKR 338 GP,KKR 338 GP,3,3.28,4.4,"1,782,116,400","1,782,118,500","1,782,116,872","1,782,118,048",NODELAY,0,AUTO,Diesel,false,false,HOME,2,1,0
pinnacle-Slc,Clearwater Campus,CAB,"June 24, 2026",16:30,"3,296,856",LOGOUT,false,Rahul Orlov Travel,BLF 300 GP,BLF 300 GP,3,27.35,23.63,"1,782,318,600","1,782,324,180","1,782,318,675","1,782,324,405",NODELAY,0,AUTO,Diesel,false,false,NODAL,3,2,0
pinnacle-Slc,Oakmont Office,CAB,"June 22, 2026",15:00,"3,282,220",LOGOUT,false,Aarav Mikhailov Travel,FWB 888 GP,FWB 888 GP,3,24.16,27.27,"1,782,140,400","1,782,144,420","1,782,140,534","1,782,146,488",NODELAY,0,AUTO,Diesel,false,false,HOME,3,3,0
pinnacle-Slc,Willow Bend Campus,CAB,"May 26, 2026",09:30,"3,154,763",LOGIN,false,Karan Mikhailov Travel,TNQ 301 GP,TNQ 301 GP,5,10.57,11.29,"1,779,784,620","1,779,787,500","1,779,784,822","1,779,788,819",TRAFFIC,1,AUTO,Diesel,false,false,HOME,1,1,0
pinnacle-Slc,Clearwater Campus,CAB,"May 20, 2026",15:00,"3,132,590",LOGOUT,false,Amit Volkov Travel,YZQ 565 GP,YZQ 565 GP,3,16.28,16.33,"1,779,289,200","1,779,291,540","1,779,289,852","1,779,293,243",DRIVER,10,AUTO,Diesel,false,false,NA,1,1,0
pinnacle-Slc,Willow Bend Campus,CAB,"May 21, 2026",08:30,"3,136,073",LOGIN,false,Aarav Mikhailov Travel,KZY 649 GP,KZY 649 GP,3,16.52,15.68,"1,779,347,940","1,779,351,900","1,779,347,822","1,779,351,732",NODELAY,0,AUTO,Diesel,false,false,HOME,3,3,0
pinnacle-Slc,Oakmont Office,CAB,"May 21, 2026",22:30,"3,137,496",LOGOUT,true,Sanjay Mikhailov Travel,UFG 281 GP,UFG 281 GP,3,17.99,17.9,"1,779,402,600","1,779,404,940","1,779,403,784","1,779,407,708",DRIVER,6,AUTO,Diesel,false,false,NA,3,3,0
pinnacle-Slc,Willow Bend Campus,CAB,"May 22, 2026",14:30,"3,143,369",LOGOUT,false,Rohan Mikhailov Travel,DCC 355 GP,DCC 355 GP,3,17.22,16.9,"1,779,460,200","1,779,461,400","1,779,460,246","1,779,464,386",NODELAY,0,AUTO,Diesel,false,false,NA,3,3,0
pinnacle-Slc,Clearwater Campus,CAB,"May 27, 2026",16:30,"3,163,029",LOGOUT,false,Divya Sokolov Travel,HYY 337 GP,HYY 337 GP,3,3.45,6.3,"1,779,899,400","1,779,900,060","1,779,899,608","1,779,901,739",NODELAY,0,AUTO,Diesel,false,false,NA,3,2,0
pinnacle-Slc,Clearwater Campus,CAB,"July 28, 2026",10:30,"3,458,980",LOGIN,false,Divya Sokolov Travel,KBW 187 GP,KBW 187 GP,3,3.5,3.33,"1,785,232,680","1,785,234,300","1,785,232,889","1,785,233,879",NODELAY,0,AUTO,Diesel,false,false,NA,3,1,0
pinnacle-Slc,Clearwater Campus,CAB,"July 28, 2026",14:30,"3,461,453",LOGOUT,false,Aarav Mikhailov Travel,THY 329 GP,THY 329 GP,3,18.46,28.1,"1,785,249,000","1,785,252,240","1,785,249,063","1,785,253,222",NODELAY,0,AUTO,Diesel,false,false,HOME,3,2,1
pinnacle-Slc,Willow Bend Campus,CAB,"July 29, 2026",07:30,"3,467,127",LOGIN,false,Aarav Mikhailov Travel,DPY 537 GP,DPY 537 GP,3,2.86,1.1,"1,785,309,180","1,785,309,900","1,785,309,826","1,785,310,118",NODELAY,0,AUTO,Diesel,false,false,NA,1,1,0
pinnacle-Slc,Oakmont Office,CAB,"July 30, 2026",17:30,"3,472,762",LOGOUT,false,Karan Mikhailov Travel,LTQ 723 GP,LTQ 723 GP,3,21.88,23,"1,785,432,600","1,785,438,000","1,785,433,095","1,785,440,711",NODELAY,0,AUTO,Diesel,false,false,NA,2,2,0
pinnacle-Slc,Oakmont Office,CAB,"July 30, 2026",02:00,"3,473,238",LOGOUT,false,Rohan Mikhailov Travel,DDU 417 GP,DDU 417 GP,3,11.6,11.6,"1,785,376,800","1,785,378,240","1,785,377,596","1,785,378,776",NODELAY,0,AUTO,Diesel,true,false,NA,1,1,0
pinnacle-Slc,Willow Bend Campus,CAB,"July 27, 2026",15:00,"3,451,197",LOGOUT,false,Arjun Mikhailov Travel,OXK 358 GP,OXK 358 GP,3,0.94,1.3,"1,785,164,400","1,785,164,700","1,785,164,609","1,785,165,034",NODELAY,0,AUTO,Diesel,false,false,NA,1,1,0
pinnacle-Slc,Clearwater Campus,CAB,"July 30, 2026",Non Shift,"3,481,491",LOGOUT,false,Rahul Morozov Travel,FAE 045 GP,FAE 045 GP,3,7.78,7.4,"1,785,450,600","1,785,454,200","1,785,451,061","1,785,452,339",NODELAY,0,AUTO,Diesel,false,false,NA,1,1,0
pinnacle-Slc,Clearwater Campus,CAB,"July 30, 2026",15:30,"3,476,311",LOGOUT,false,Rohan Mikhailov Travel,PJT 243 GP,PJT 243 GP,3,19.32,17.7,"1,785,425,400","1,785,428,760","1,785,425,339","1,785,430,025",NODELAY,0,AUTO,Diesel,false,false,NA,2,2,0
vanta-Sea,Denver Office,CAB,"June 2, 2026",17:16,"4,906,662",LOGOUT,false,Priya Mikhailov Travel,XGO 986 GP,XGO 986 GP,3,14.91,14.1,"1,780,421,460","1,780,423,260","1,780,420,579","1,780,428,544",NODELAY,0,AUTO,Petrol,false,false,NA,2,2,0
vanta-Aus,Cedar Ridge Office,CAB,"June 26, 2026",14:00,"1,195,725",LOGIN,false,Meera Pavlov Travel,UCL 320 GP,UCL 320 GP,3,23.77,24.2,"1,782,476,700","1,782,481,500","1,782,476,750","1,782,480,528",NODELAY,0,AUTO,Electric,false,false,HOME,2,2,0
catalyst-Sac,Santa Clara Office,CAB,"June 16, 2026",04:30,"1,495,800",LOGOUT,false,Vikram Mikhailov Travel,MHG 731 GP,MHG 731 GP,4,21.78,22.89,"1,781,585,100","1,781,587,980","1,781,585,508","1,781,588,165",NODELAY,0,AUTO,Petrol,false,false,HOME,2,2,0
vanta-Sea,Denver Office,CAB,"June 4, 2026",20:16,"4,915,680",LOGOUT,true,Sanjay Mikhailov Travel,YRC 597 GP,YRC 597 GP,5,24.94,25.4,"1,780,605,060","1,780,608,120","1,780,603,877","1,780,610,465",NODELAY,0,AUTO,Petrol,false,false,NA,4,4,1
orbit-Slc,Eastgate Office,CAB,"June 12, 2026",22:00,"1,275,334",LOGIN,false,Rohan Mikhailov Travel,UGD 387 GP,UGD 387 GP,6,32.99,37.11,"1,781,296,800","1,781,300,700","1,781,295,455","1,781,298,914",NODELAY,0,AUTO,Diesel,false,false,HOME,1,1,0
catalyst-Sac,Santa Clara Office,CAB,"June 17, 2026",21:30,"1,498,926",LOGOUT,true,Vikram Mikhailov Travel,DOS 446 GP,DOS 446 GP,4,23.54,23.5,"1,781,732,700","1,781,733,480","1,781,732,809","1,781,739,381",NODELAY,0,AUTO,Petrol,false,false,HOME,3,4,0
orbit-Slc,Lakeside Commons,CAB,"June 15, 2026",22:00,"1,280,145",LOGOUT,false,Anjali Mikhailov Travel,XUG 493 GP,XUG 493 GP,6,38.82,38.4,"1,781,561,700","1,781,569,560","1,781,562,238","1,781,567,159",NODELAY,0,AUTO,Diesel,false,false,HOME,4,4,0
catalyst-Sac,Crestwood Campus,CAB,"June 19, 2026",21:30,"1,502,604",LOGOUT,true,Vikram Mikhailov Travel,GNN 572 GP,GNN 572 GP,4,34.89,34.9,"1,781,905,500","1,781,911,800","1,781,905,634","1,781,913,896",NODELAY,0,AUTO,Petrol,false,false,HOME,1,2,0
catalyst-Sac,Fairview Commons,CAB,"June 22, 2026",21:30,"1,504,458",LOGOUT,false,Amit Mikhailov Travel,LSJ 804 GP,LSJ 804 GP,4,29.42,29.4,"1,782,164,700","1,782,168,900","1,782,164,345","1,782,169,132",NODELAY,0,AUTO,Petrol,false,false,HOME,2,2,0
catalyst-Sac,Santa Clara Office,CAB,"June 24, 2026",05:30,"1,507,960",LOGOUT,true,Rohan Mikhailov Travel,RWJ 250 GP,RWJ 250 GP,4,43.77,43,"1,782,279,900","1,782,282,780","1,782,279,883","1,782,285,980",NODELAY,0,AUTO,Petrol,false,false,HOME,3,4,0
orbit-Slc,Lakeside Commons,BUS,"June 29, 2026",11:00,"1,302,568",LOGIN,false,Anjali Mikhailov Travel,LMF 390 GP,LMF 390 GP,6,35.62,39.57,"1,782,722,700","1,782,729,900","1,782,723,088","1,782,728,917",NODELAY,0,MANUAL,Diesel,false,false,HOME,5,5,0
catalyst-Sac,Santa Clara Office,CAB,"June 19, 2026",00:30,"1,501,341",LOGOUT,true,Divya Mikhailov Travel,SZT 780 GP,SZT 780 GP,4,28.49,28.5,"1,781,829,900","1,781,833,080","1,781,830,163","1,781,835,071",NODELAY,0,AUTO,Petrol,false,false,HOME,1,2,0
catalyst-Sac,Santa Clara Office,CAB,"June 25, 2026",02:30,"1,509,781",LOGOUT,true,Vikram Mikhailov Travel,JEK 417 GP,JEK 417 GP,4,7.39,7.4,"1,782,355,500","1,782,356,040","1,782,355,577","1,782,358,141",NODELAY,0,AUTO,Petrol,false,false,NA,3,4,0
vanta-Sea,Denver Office,CAB,"May 20, 2026",22:16,"4,869,464",LOGOUT,false,Aarav Petrov Travel,BTG 330 GP,BTG 330 GP,3,14.97,15.8,"1,779,316,260","1,779,317,400","1,779,315,189","1,779,318,256",NODELAY,0,AUTO,Petrol,false,false,NA,2,2,0
pinnacle-Slc,Oakmont Office,CAB,"May 1, 2026",19:30,"3,051,774",LOGIN,false,Divya Mikhailov Travel,WBR 155 GP,WBR 155 GP,5,9.51,8.7,"1,777,661,940","1,777,663,500","1,777,662,091","1,777,663,494",NODELAY,0,AUTO,Diesel,false,false,NA,1,1,0
vanta-Sea,Denver Office,BUS,"May 26, 2026",11:00,"4,883,616",LOGIN,false,Sanjay Mikhailov Travel,HDO 648 GP,HDO 648 GP,5,13.47,14.3,"1,779,790,080","1,779,792,300","1,779,788,317","1,779,794,299",TRAFFIC,18,MANUAL,Petrol,false,false,NODAL,4,4,0
vanta-Sea,Denver Office,BUS,"May 25, 2026",13:00,"4,880,311",LOGIN,false,Aarav Mikhailov Travel,YET 234 GP,YET 234 GP,5,14.07,13,"1,779,709,980","1,779,713,100","1,779,710,117","1,779,712,697",NODELAY,0,MANUAL,Petrol,false,false,NA,5,5,0
pinnacle-Slc,Oakmont Office,CAB,"May 4, 2026",18:00,"3,056,236",LOGIN,false,Karan Mikhailov Travel,VWS 825 GP,VWS 825 GP,3,13.02,12.18,"1,777,913,040","1,777,917,300","1,777,913,305","1,777,917,457",NODELAY,0,AUTO,Diesel,false,false,HOME,2,2,0
vanta-Sea,Denver Office,CAB,"May 30, 2026",09:00,"4,898,577",LOGIN,false,Anjali Mikhailov Travel,KQF 451 GP,KQF 451 GP,3,11.32,11.2,"1,780,128,360","1,780,130,700","1,780,128,537","1,780,129,832",NODELAY,0,AUTO,Petrol,false,false,NODAL,1,1,0
vanta-Sea,Denver Office,BUS,"May 28, 2026",10:00,"4,891,528",LOGIN,false,Sanjay Mikhailov Travel,YFK 806 GP,YFK 806 GP,5,18.13,18.6,"1,779,957,240","1,779,961,500","1,779,955,979","1,779,960,000",NODELAY,0,MANUAL,Petrol,false,false,NA,5,4,1
vanta-Sea,Denver Office,BUS,"May 29, 2026",10:00,"4,895,001",LOGIN,false,Priya Mikhailov Travel,KKT 886 GP,KKT 886 GP,5,11.26,10,"1,780,044,360","1,780,047,900","1,780,044,733","1,780,046,695",NODELAY,0,MANUAL,Petrol,false,false,HOME,4,4,0
pinnacle-Slc,Willow Bend Campus,CAB,"May 8, 2026",15:30,"3,079,716",LOGOUT,false,Rahul Mikhailov Travel,AZQ 081 GP,AZQ 081 GP,3,1.5,1.6,"1,778,254,200","1,778,254,380","1,778,254,205","1,778,255,621",NODELAY,0,AUTO,Diesel,false,false,HOME,3,3,0
pinnacle-Slc,Oakmont Office,CAB,"May 5, 2026",22:30,"3,063,879",LOGOUT,false,Sanjay Mikhailov Travel,IPP 101 GP,IPP 101 GP,3,2.63,2.4,"1,778,020,200","1,778,020,680","1,778,020,749","1,778,021,357",NODELAY,0,AUTO,Diesel,false,false,HOME,1,1,0
catalyst-Sac,Santa Clara Office,CAB,"July 22, 2026",21:30,"1,547,215",LOGOUT,true,Vikram Mikhailov Travel,TVN 911 GP,TVN 911 GP,4,15.28,11.97,"1,784,756,700","1,784,759,100","1,784,757,442","1,784,760,154",NODELAY,0,AUTO,Petrol,false,false,NA,2,2,1
vanta-Aus,Cedar Ridge Office,CAB,"July 21, 2026",06:00,"1,239,540",LOGIN,false,Meera Pavlov Travel,BDW 994 GP,BDW 994 GP,5,24.45,22.8,"1,784,610,420","1,784,612,700","1,784,609,754","1,784,611,898",NODELAY,0,AUTO,Diesel,false,false,HOME,1,1,0
catalyst-Sac,Santa Clara Office,CAB,"July 25, 2026",05:30,"1,551,623",LOGOUT,true,Rohan Mikhailov Travel,ITJ 979 GP,ITJ 979 GP,4,10.66,11.23,"1,784,958,300","1,784,959,500","1,784,958,512","1,784,961,200",NODELAY,0,AUTO,Petrol,false,false,HOME,2,3,0
orbit-Slc,Lakeside Commons,CAB,"July 30, 2026",22:00,"1,365,597",LOGOUT,false,Rahul Mikhailov Travel,YNG 673 GP,YNG 673 GP,3,26.5,25.2,"1,785,449,700","1,785,452,940","1,785,449,446","1,785,453,193",NODELAY,0,AUTO,Diesel,false,false,HOME,2,1,1
vanta-Aus,Cedar Ridge Office,CAB,"July 30, 2026",21:15,"1,257,611",LOGOUT,false,Sneha Mikhailov Travel,WCV 107 GP,WCV 107 GP,5,4.56,8.2,"1,785,447,000","1,785,447,840","1,785,445,790","1,785,448,675",NODELAY,0,AUTO,Electric,false,false,NA,4,4,1
vanta-Sea,Denver Office,BUS,"July 7, 2026",13:00,"5,021,407",LOGIN,false,Aarav Mikhailov Travel,OLS 644 GP,OLS 644 GP,3,37.08,32.22,"1,783,422,960","1,783,428,300","1,783,421,243","1,783,429,406",TRAFFIC,3,SHUTTLE_SERVICE,Petrol,false,false,HOME,2,2,0
vanta-Aus,Cedar Ridge Office,CAB,"July 30, 2026",17:15,"1,257,253",LOGOUT,false,Priya Mikhailov Travel,NXN 781 GP,NXN 781 GP,3,18.91,20.3,"1,785,432,600","1,785,436,680","1,785,431,669","1,785,437,553",NODELAY,0,AUTO,Electric,false,false,HOME,2,2,0
vanta-Sea,Denver Office,BUS,"July 8, 2026",10:00,"5,024,767",LOGIN,false,Isha Mikhailov Travel,LEA 114 GP,LEA 114 GP,5,10.46,6.64,"1,783,501,860","1,783,503,900","1,783,500,608","1,783,505,112",TRAFFIC,5,SHUTTLE_SERVICE,Petrol,false,false,HOME,4,4,0
vanta-Aus,Cedar Ridge Office,CAB,"July 28, 2026",14:00,"1,252,013",LOGIN,false,Sanjay Mikhailov Travel,IMJ 378 GP,IMJ 378 GP,5,6.87,6.1,"1,785,244,200","1,785,246,300","1,785,244,389","1,785,246,077",NODELAY,0,AUTO,Electric,false,false,HOME,2,2,0
vanta-Sea,Denver Office,BUS,"July 9, 2026",19:30,"5,030,621",LOGOUT,false,Priya Mikhailov Travel,NNB 014 GP,NNB 014 GP,12,6.18,2.6,"1,783,625,400","1,783,629,420","1,783,624,598","1,783,627,211",NODELAY,0,SHUTTLE_SERVICE,Petrol,false,false,NODAL,3,5,0
vanta-Aus,Cedar Ridge Office,CAB,"July 28, 2026",22:15,"1,253,492",LOGOUT,true,Meera Pavlov Travel,GEV 887 GP,GEV 887 GP,6,2.64,6,"1,785,277,800","1,785,278,220","1,785,276,976","1,785,278,739",NODELAY,0,AUTO,Diesel,false,false,HOME,2,2,1
vanta-Sea,Denver Office,CAB,"July 8, 2026",20:16,"5,026,951",LOGOUT,true,Aarav Mikhailov Travel,WDX 231 GP,WDX 231 GP,5,15.97,15.46,"1,783,542,660","1,783,544,220","1,783,541,415","1,783,546,030",NODELAY,0,AUTO,Electric,false,false,HOME,4,5,0
vanta-Sea,Denver Office,BUS,"July 9, 2026",10:00,"5,028,639",LOGIN,false,Aarav Petrov Travel,LUC 469 GP,LUC 469 GP,3,34.5,32.77,"1,783,585,800","1,783,590,300","1,783,584,155","1,783,591,286",TRAFFIC,1,SHUTTLE_SERVICE,Petrol,false,false,HOME,1,1,0
vanta-Sea,Denver Office,CAB,"July 9, 2026",21:16,"5,030,960",LOGOUT,true,Anjali Mikhailov Travel,EUU 248 GP,EUU 248 GP,12,8.97,8.6,"1,783,632,660","1,783,633,620","1,783,631,630","1,783,634,326",NODELAY,0,AUTO,Petrol,false,false,HOME,5,6,0
vanta-Sea,Denver Office,CAB,"July 15, 2026",01:16,"5,045,835",LOGOUT,false,Isha Mikhailov Travel,ABZ 375 GP,ABZ 375 GP,3,9.76,9.7,"1,784,079,060","1,784,079,660","1,784,077,862","1,784,079,414",NODELAY,0,AUTO,Petrol,false,false,HOME,1,1,0
vanta-Sea,Denver Office,CAB,"July 10, 2026",06:00,"5,031,876",LOGIN,false,Aarav Mikhailov Travel,ZMT 430 GP,ZMT 430 GP,3,4.1,3.8,"1,783,661,340","1,783,662,300","1,783,661,589","1,783,662,303",NODELAY,0,AUTO,Petrol,false,false,HOME,3,2,1
vanta-Sea,Denver Office,BUS,"July 16, 2026",11:00,"5,051,523",LOGIN,false,Priya Mikhailov Travel,NLA 842 GP,NLA 842 GP,5,27.96,27.9,"1,784,192,580","1,784,198,700","1,784,191,331","1,784,200,215",TRAFFIC,10,MANUAL,Petrol,false,false,HOME,4,3,1
vanta-Sea,Denver Office,BUS,"July 15, 2026",09:00,"5,046,423",LOGIN,false,Sanjay Mikhailov Travel,QEG 021 GP,QEG 021 GP,3,23.34,27.6,"1,784,101,020","1,784,105,100","1,784,099,715","1,784,104,923",NODELAY,0,MANUAL,Electric,false,false,HOME,1,1,0
vanta-Sea,Denver Office,CAB,"July 16, 2026",03:16,"5,051,220",LOGOUT,false,Sanjay Mikhailov Travel,HLV 022 GP,HLV 022 GP,3,8.39,8.6,"1,784,172,660","1,784,173,560","1,784,171,828","1,784,172,794",NODELAY,0,AUTO,Petrol,false,false,HOME,1,1,0
vanta-Sea,Denver Office,BUS,"July 17, 2026",10:00,"5,055,793",LOGIN,false,Aarav Petrov Travel,JQP 785 GP,JQP 785 GP,3,12.84,9.6,"1,784,279,520","1,784,281,500","1,784,279,211","1,784,281,548",NODELAY,0,MANUAL,Electric,false,false,HOME,2,1,1
vanta-Sea,Denver Office,CAB,"July 18, 2026",11:00,"5,059,104",LOGIN,false,Karan Mikhailov Travel,BTF 871 GP,BTF 871 GP,3,6.27,6.7,"1,784,370,180","1,784,371,500","1,784,371,600","1,784,372,626",DRIVER,3,AUTO,Petrol,false,false,HOME,2,2,0
catalyst-Sac,Crestwood Campus,CAB,"June 24, 2026",15:30,"1,506,837",LOGOUT,false,Vikram Mikhailov Travel,EGG 139 GP,EGG 139 GP,4,28.16,28.2,"1,782,315,900","1,782,320,040","1,782,315,956","1,782,320,985",NODELAY,0,AUTO,Petrol,false,false,NA,1,1,0
catalyst-Sac,Santa Clara Office,CAB,"June 26, 2026",21:30,"1,512,218",LOGIN,false,Vikram Mikhailov Travel,MHG 731 GP,MHG 731 GP,4,26.18,25.2,"1,782,502,800","1,782,507,600","1,782,503,478","1,782,507,213",NODELAY,0,AUTO,Petrol,false,false,NODAL,1,1,0
vanta-Sea,Denver Office,CAB,"June 5, 2026",07:00,"4,916,707",LOGIN,true,Sanjay Mikhailov Travel,CWP 573 GP,CWP 573 GP,3,15.42,15.3,"1,780,640,400","1,780,641,900","1,780,640,576","1,780,642,337",NODELAY,0,AUTO,Petrol,false,false,HOME,2,3,0
vanta-Sea,Denver Office,CAB,"June 6, 2026",16:16,"4,921,306",LOGOUT,false,Isha Mikhailov Travel,YLW 652 GP,YLW 652 GP,3,6.06,6,"1,780,763,460","1,780,764,240","1,780,762,329","1,780,763,566",NODELAY,0,AUTO,Petrol,false,false,NA,1,1,0
vanta-Sea,Denver Office,BUS,"June 8, 2026",13:00,"4,923,516",LOGIN,false,Sanjay Mikhailov Travel,BRF 348 GP,BRF 348 GP,5,16.31,15.9,"1,780,919,760","1,780,922,700","1,780,918,057","1,780,923,809",TRAFFIC,3,MANUAL,Petrol,false,false,HOME,5,4,1
orbit-Slc,Cedar Ridge Office,BUS,"June 26, 2026",15:30,"1,301,865",LOGOUT,false,Rahul Mikhailov Travel,FIO 668 GP,FIO 668 GP,3,25.9,26.23,"1,782,488,700","1,782,494,400","1,782,488,305","1,782,493,533",NODELAY,0,MANUAL,Diesel,false,false,HOME,2,2,0
vanta-Sea,Denver Office,BUS,"June 9, 2026",11:00,"4,926,776",LOGIN,false,Aarav Petrov Travel,SBK 445 GP,SBK 445 GP,12,9.99,8.7,"1,780,999,500","1,781,001,900","1,780,998,254","1,781,003,139",TRAFFIC,5,MANUAL,Petrol,false,false,HOME,12,5,7
vanta-Sea,Denver Office,CAB,"June 13, 2026",17:16,"4,943,423",LOGOUT,false,Anjali Mikhailov Travel,DTP 865 GP,DTP 865 GP,3,17.38,17.2,"1,781,371,860","1,781,374,500","1,781,371,059","1,781,374,600",NODELAY,0,AUTO,Petrol,false,false,NA,1,1,0
vanta-Sea,Denver Office,CAB,"June 9, 2026",18:16,"4,928,506",LOGOUT,false,Priya Mikhailov Travel,XCW 365 GP,XCW 365 GP,3,12.06,11.3,"1,781,029,860","1,781,030,700","1,781,029,077","1,781,034,352",NODELAY,0,AUTO,Electric,false,false,NA,2,2,0
vanta-Sea,Denver Office,BUS,"June 12, 2026",10:00,"4,938,636",LOGIN,false,Sanjay Mikhailov Travel,KGV 590 GP,KGV 590 GP,12,18.02,16.1,"1,781,253,600","1,781,257,500","1,781,251,862","1,781,257,251",NODELAY,0,MANUAL,Petrol,false,false,NODAL,8,8,0
vanta-Sea,Denver Office,CAB,"June 11, 2026",22:16,"4,937,807",LOGOUT,true,Priya Mikhailov Travel,MNP 609 GP,MNP 609 GP,3,26.94,19.6,"1,781,217,060","1,781,219,400","1,781,216,301","1,781,220,354",NODELAY,0,AUTO,Electric,false,false,NA,1,2,0
vanta-Sea,Denver Office,CAB,"June 12, 2026",08:00,"4,938,391",LOGIN,false,Sanjay Mikhailov Travel,RVB 605 GP,RVB 605 GP,3,22.82,22.6,"1,781,247,840","1,781,250,300","1,781,247,576","1,781,251,159",NODELAY,0,AUTO,Petrol,false,false,HOME,2,2,0
pinnacle-Slc,Oakmont Office,CAB,"May 14, 2026",08:00,"3,104,125",LOGIN,false,Karan Mikhailov Travel,HMP 144 GP,HMP 144 GP,3,9.53,8.8,"1,778,743,620","1,778,745,300","1,778,744,169","1,778,745,520",NODELAY,0,AUTO,Diesel,false,false,HOME,1,1,0
pinnacle-Slc,Willow Bend Campus,CAB,"May 12, 2026",07:30,"3,091,948",LOGIN,false,Amit Volkov Travel,SEV 994 GP,SEV 994 GP,3,14.22,14.88,"1,778,569,080","1,778,570,700","1,778,569,211","1,778,570,983",NODELAY,0,AUTO,Diesel,false,false,NA,1,1,0
pinnacle-Slc,Willow Bend Campus,CAB,"May 7, 2026",16:30,"3,074,638",LOGOUT,false,Amit Mikhailov Travel,YOQ 527 GP,YOQ 527 GP,3,19.3,18.4,"1,778,171,400","1,778,174,520","1,778,171,607","1,778,174,937",NODELAY,0,AUTO,Diesel,false,false,HOME,1,1,0
pinnacle-Slc,Clearwater Campus,CAB,"May 13, 2026",07:30,"3,096,063",LOGIN,false,Rahul Mikhailov Travel,YLW 206 GP,YLW 206 GP,3,16.99,16.1,"1,778,654,760","1,778,657,100","1,778,654,211","1,778,655,870",NODELAY,0,AUTO,Diesel,false,false,HOME,1,1,0
pinnacle-Slc,Willow Bend Campus,CAB,"May 22, 2026",12:00,"3,144,693",LOGIN,false,Rahul Mikhailov Travel,ACH 455 GP,ACH 455 GP,3,9.37,9.1,"1,779,449,040","1,779,450,900","1,779,449,585","1,779,451,309",NODELAY,0,AUTO,Diesel,false,false,HOME,1,1,0
pinnacle-Slc,Willow Bend Campus,CAB,"May 21, 2026",01:30,"3,138,499",LOGOUT,false,Karan Mikhailov Travel,TJZ 991 GP,TJZ 991 GP,3,11.3,11.49,"1,779,327,000","1,779,328,320","1,779,325,608","1,779,326,933",NODELAY,0,AUTO,Diesel,false,false,HOME,1,1,0
pinnacle-Slc,Oakmont Office,CAB,"May 15, 2026",21:30,"3,111,009",LOGOUT,true,Pooja Mikhailov Travel,YRE 204 GP,YRE 204 GP,3,25.98,14.72,"1,778,880,600","1,778,884,500","1,778,880,310","1,778,885,290",NODELAY,0,AUTO,Diesel,false,false,NA,2,2,0
pinnacle-Slc,Clearwater Campus,CAB,"May 13, 2026",Non Shift,"3,103,436",LOGOUT,false,Rohan Mikhailov Travel,DNG 129 GP,DNG 129 GP,3,7.78,7.5,"1,778,709,600","1,778,713,199","1,778,709,250","1,778,711,052",NODELAY,0,AUTO,Diesel,false,false,NA,1,1,0
pinnacle-Slc,Clearwater Campus,CAB,"May 15, 2026",08:30,"3,108,269",LOGIN,false,Pooja Mikhailov Travel,QOE 035 GP,QOE 035 GP,3,4.3,6.13,"1,778,831,460","1,778,833,500","1,778,832,956","1,778,834,163",NODELAY,0,AUTO,Diesel,false,false,HOME,3,1,0
pinnacle-Slc,Clearwater Campus,CAB,"May 19, 2026",15:00,"3,126,143",LOGOUT,false,Karan Mikhailov Travel,TJZ 991 GP,TJZ 991 GP,3,9.05,8.83,"1,779,202,800","1,779,204,540","1,779,204,054","1,779,207,192",EMPLOYEE,6,AUTO,Diesel,false,false,HOME,3,3,0
catalyst-Sac,Santa Clara Office,CAB,"July 2, 2026",00:00,"1,518,993",LOGOUT,false,Rohan Mikhailov Travel,THA 152 GP,THA 152 GP,4,16.91,16.8,"1,782,951,300","1,782,953,100","1,782,951,436","1,782,953,312",NODELAY,0,AUTO,Petrol,false,false,NA,1,1,0
vanta-Aus,Cedar Ridge Office,CAB,"July 1, 2026",11:00,"1,204,573",LOGIN,false,Sneha Mikhailov Travel,XBN 364 GP,XBN 364 GP,3,13.35,12.4,"1,782,897,900","1,782,902,700","1,782,898,298","1,782,901,850",NODELAY,0,AUTO,Electric,false,false,HOME,2,2,0
vanta-Aus,Cedar Ridge Office,CAB,"July 2, 2026",17:15,"1,207,739",LOGOUT,false,Meera Pavlov Travel,HWI 921 GP,HWI 921 GP,3,10.49,13.7,"1,783,013,400","1,783,014,480","1,783,012,292","1,783,015,648",NODELAY,0,AUTO,Diesel,false,false,HOME,2,1,1
vanta-Aus,Cedar Ridge Office,CAB,"July 3, 2026",00:15,"1,208,444",LOGOUT,false,Sanjay Mikhailov Travel,QIO 590 GP,QIO 590 GP,5,17.27,16.8,"1,783,038,600","1,783,040,880","1,783,037,906","1,783,040,228",NODELAY,0,AUTO,Electric,false,false,NA,1,1,0
vanta-Aus,Cedar Ridge Office,CAB,"July 4, 2026",11:00,"1,210,758",LOGIN,false,Sanjay Mikhailov Travel,CRF 045 GP,CRF 045 GP,3,10.74,9,"1,783,158,900","1,783,161,900","1,783,158,942","1,783,159,987",NODELAY,0,AUTO,Diesel,false,false,HOME,1,1,0
orbit-Slc,Lakeside Commons,CAB,"July 6, 2026",13:00,"1,316,641",LOGIN,false,Anjali Mikhailov Travel,CBH 403 GP,CBH 403 GP,3,14.5,16.4,"1,783,336,800","1,783,341,900","1,783,336,920","1,783,339,835",NODELAY,0,MANUAL,Diesel,false,false,HOME,3,3,0
vanta-Aus,Cedar Ridge Office,CAB,"July 8, 2026",18:15,"1,218,116",LOGOUT,false,Sanjay Mikhailov Travel,OGH 224 GP,OGH 224 GP,6,4.82,6.3,"1,783,535,400","1,783,535,700","1,783,533,785","1,783,539,335",NODELAY,0,AUTO,Electric,false,false,NA,3,3,1
vanta-Aus,Cedar Ridge Office,CAB,"July 6, 2026",11:00,"1,212,643",LOGIN,false,Sneha Mikhailov Travel,PLN 080 GP,PLN 080 GP,3,31.02,30.3,"1,783,329,360","1,783,334,700","1,783,329,257","1,783,335,263",NODELAY,0,AUTO,Diesel,false,false,HOME,2,2,0
vanta-Sea,Denver Office,CAB,"July 1, 2026",22:16,"5,005,645",LOGOUT,true,Aarav Mikhailov Travel,WXT 451 GP,WXT 451 GP,5,4.56,4.4,"1,782,945,060","1,782,945,540","1,782,943,933","1,782,946,538",NODELAY,0,AUTO,Petrol,false,false,HOME,4,5,1
catalyst-Sac,Crestwood Campus,CAB,"July 10, 2026",01:00,"1,530,648",LOGOUT,false,Rohan Mikhailov Travel,NDB 525 GP,NDB 525 GP,4,28.95,31.25,"1,783,646,100","1,783,649,400","1,783,645,860","1,783,649,438",NODELAY,0,AUTO,Petrol,false,false,HOME,2,2,0
vanta-Sea,Denver Office,CAB,"June 15, 2026",21:16,"4,948,433",LOGOUT,false,Isha Mikhailov Travel,HIL 385 GP,HIL 385 GP,12,7.43,7.6,"1,781,559,060","1,781,559,600","1,781,558,016","1,781,560,728",NODELAY,0,AUTO,Petrol,false,false,NA,6,3,3
vanta-Sea,Denver Office,BUS,"June 17, 2026",15:16,"4,955,926",LOGOUT,false,Sanjay Mikhailov Travel,OAR 073 GP,OAR 073 GP,12,10.13,8.4,"1,781,709,360","1,781,710,080","1,781,708,697","1,781,712,693",NODELAY,0,MANUAL,Petrol,false,false,NA,4,4,0
vanta-Sea,Denver Office,BUS,"June 18, 2026",13:00,"4,959,704",LOGIN,false,Aarav Petrov Travel,NZK 301 GP,NZK 301 GP,3,16.43,14.9,"1,781,784,120","1,781,786,700","1,781,783,052","1,781,786,616",NODELAY,0,MANUAL,Petrol,false,false,HOME,1,1,0
pinnacle-Slc,Clearwater Campus,CAB,"June 9, 2026",10:30,"3,212,326",LOGIN,false,Sanjay Mikhailov Travel,RGA 239 GP,RGA 239 GP,3,9.39,9.08,"1,780,997,820","1,781,000,700","1,780,998,226","1,781,003,399",DRIVER,24,AUTO,Diesel,false,false,NODAL,1,1,0
pinnacle-Slc,Clearwater Campus,CAB,"June 10, 2026",09:30,"3,218,546",LOGIN,false,Karan Mikhailov Travel,TMI 608 GP,TMI 608 GP,3,13.12,20.61,"1,781,079,360","1,781,083,500","1,781,079,960","1,781,084,008",NODELAY,0,AUTO,Diesel,false,false,NODAL,2,1,0
pinnacle-Slc,Clearwater Campus,CAB,"June 3, 2026",08:30,"3,185,083",LOGIN,false,Rahul Morozov Travel,ADP 307 GP,ADP 307 GP,3,7.5,7.11,"1,780,473,240","1,780,475,100","1,780,473,564","1,780,475,389",NODELAY,0,AUTO,Diesel,false,false,NA,3,3,0
pinnacle-Slc,Clearwater Campus,CAB,"June 5, 2026",09:00,"3,198,166",LOGIN,false,Amit Mikhailov Travel,ZTZ 971 GP,ZTZ 971 GP,3,25.23,24.15,"1,780,645,920","1,780,649,700","1,780,646,086","1,780,650,568",NODELAY,0,AUTO,Diesel,false,false,NODAL,1,1,0
pinnacle-Slc,Clearwater Campus,CAB,"June 8, 2026",09:00,"3,206,044",LOGIN,false,Aarav Mikhailov Travel,PTQ 017 GP,PTQ 017 GP,3,21.85,27.02,"1,780,904,880","1,780,908,900","1,780,904,934","1,780,909,458",NODELAY,0,AUTO,Diesel,false,false,NODAL,2,2,0
pinnacle-Slc,Willow Bend Campus,CAB,"June 9, 2026",02:30,"3,215,289",LOGOUT,false,Divya Mikhailov Travel,VCD 007 GP,VCD 007 GP,3,9.37,8.8,"1,780,972,200","1,780,973,220","1,780,971,994","1,780,972,999",NODELAY,0,AUTO,Diesel,false,false,HOME,1,1,0
pinnacle-Slc,Oakmont Office,SPOT_2.0,"July 16, 2026",Non Shift,"3,403,219",LOGIN,false,Pooja Sokolov Travel,RJZ 307 GP,COM 464 GP,3,0,27.72,"1,784,188,800","1,784,190,105","1,784,193,145","1,784,238,635",DRIVER,788,RENTLZ,Diesel,false,false,NA,1,1,0
pinnacle-Slc,Oakmont Office,CAB,"July 14, 2026",05:30,"3,391,306",LOGIN,true,Rahul Mikhailov Travel,SYM 779 GP,SYM 779 GP,3,2.78,3.8,"1,784,005,980","1,784,006,700","1,784,006,619","1,784,007,040",NODELAY,0,AUTO,Diesel,false,false,NA,2,2,0
pinnacle-Slc,Oakmont Office,CAB,"July 15, 2026",21:30,"3,398,988",LOGOUT,true,Pooja Mikhailov Travel,HRX 829 GP,HRX 829 GP,3,25.23,25.2,"1,784,151,000","1,784,155,200","1,784,150,604","1,784,156,486",NODELAY,0,AUTO,Diesel,false,false,HOME,2,2,0
pinnacle-Slc,Oakmont Office,CAB,"July 17, 2026",15:30,"3,411,910",LOGOUT,false,Sanjay Mikhailov Travel,WDC 414 GP,WDC 414 GP,3,1.56,1.9,"1,784,302,200","1,784,302,860","1,784,302,226","1,784,302,748",NODELAY,0,AUTO,Diesel,false,false,NA,1,1,0
pinnacle-Slc,Clearwater Campus,CAB,"July 20, 2026",09:00,"3,419,220",LOGIN,false,Arjun Mikhailov Travel,QRA 243 GP,QRA 243 GP,3,4.26,3.87,"1,784,535,960","1,784,537,700","1,784,536,272","1,784,538,205",NODELAY,0,AUTO,Diesel,false,false,HOME,3,3,0
pinnacle-Slc,Oakmont Office,CAB,"July 20, 2026",15:00,"3,417,725",LOGOUT,false,Amit Mikhailov Travel,CIU 674 GP,CIU 674 GP,3,1.34,1.1,"1,784,559,600","1,784,560,020","1,784,558,712","1,784,559,227",NODELAY,0,AUTO,Diesel,false,false,HOME,1,1,0
pinnacle-Slc,Clearwater Campus,CAB,"July 22, 2026",16:30,"3,433,776",LOGOUT,false,Pooja Mikhailov Travel,WNV 189 GP,WNV 189 GP,3,4.95,6,"1,784,737,800","1,784,740,320","1,784,738,427","1,784,741,177",NODELAY,0,AUTO,Diesel,false,false,NA,2,2,0
pinnacle-Slc,Willow Bend Campus,CAB,"July 16, 2026",02:30,"3,406,455",LOGOUT,false,Sanjay Mikhailov Travel,WDC 414 GP,WDC 414 GP,3,15.72,15.7,"1,784,169,000","1,784,170,740","1,784,169,241","1,784,170,679",NODELAY,0,AUTO,Diesel,false,false,HOME,1,1,0
pinnacle-Slc,Clearwater Campus,CAB,"July 17, 2026",09:30,"3,409,949",LOGIN,false,Divya Mikhailov Travel,SHD 275 GP,SHD 275 GP,3,6.74,7.51,"1,784,277,900","1,784,280,300","1,784,278,259","1,784,282,097",EMPLOYEE,9,AUTO,Diesel,false,false,NA,3,2,0
pinnacle-Slc,Willow Bend Campus,CAB,"July 17, 2026",17:00,"3,412,510",LOGOUT,false,Amit Mikhailov Travel,VRJ 793 GP,VRJ 793 GP,3,15.89,15.57,"1,784,307,600","1,784,310,660","1,784,308,604","1,784,312,305",DRIVER,3,AUTO,Diesel,false,false,NA,1,1,0
pinnacle-Slc,Clearwater Campus,CAB,"July 23, 2026",08:30,"3,435,275",LOGIN,false,Aarav Mikhailov Travel,WZP 909 GP,WZP 909 GP,3,17.76,17.51,"1,784,792,160","1,784,795,100","1,784,792,294","1,784,796,183",NODELAY,0,AUTO,Diesel,false,false,NA,3,3,0
pinnacle-Slc,Willow Bend Campus,CAB,"July 22, 2026",15:30,"3,431,481",LOGOUT,false,Rohan Mikhailov Travel,OJX 686 GP,OJX 686 GP,3,24.99,26.88,"1,784,734,200","1,784,739,420","1,784,734,620","1,784,741,802",NODELAY,0,AUTO,Diesel,false,false,NA,3,3,0
pinnacle-Slc,Oakmont Office,CAB,"July 23, 2026",15:30,"3,437,914",LOGOUT,false,Rahul Morozov Travel,HDG 103 GP,HDG 103 GP,3,23.17,23.45,"1,784,820,600","1,784,824,800","1,784,821,093","1,784,825,939",NODELAY,0,AUTO,Diesel,false,false,NA,1,1,0
pinnacle-Slc,Willow Bend Campus,CAB,"July 24, 2026",14:30,"3,445,069",LOGOUT,false,Amit Mikhailov Travel,JMU 251 GP,JMU 251 GP,3,14.26,15.73,"1,784,903,400","1,784,906,520","1,784,903,291","1,784,907,422",NODELAY,0,AUTO,Diesel,false,false,HOME,1,1,0
catalyst-Sac,Santa Clara Office,CAB,"May 19, 2026",20:00,"1,461,512",LOGIN,false,Rohan Mikhailov Travel,THA 152 GP,THA 152 GP,4,13.69,13.38,"1,779,214,200","1,779,219,000","1,779,214,192","1,779,217,256",NODELAY,0,AUTO,Petrol,false,false,NA,1,1,0
orbit-Slc,Lakeside Commons,BUS,"May 14, 2026",18:30,"1,228,609",LOGIN,false,Anjali Mikhailov Travel,YPK 489 GP,YPK 489 GP,3,20.66,18.4,"1,778,776,800","1,778,782,500","1,778,777,310","1,778,781,746",NODELAY,0,MANUAL,Electric,false,false,HOME,3,2,1
catalyst-Sac,Redwood City Center,CAB,"May 29, 2026",19:00,"1,474,891",LOGOUT,false,Sanjay Mikhailov Travel,LSQ 366 GP,LSQ 366 GP,4,11.84,9.98,"1,780,082,100","1,780,084,980","1,780,082,095","1,780,085,877",NODELAY,0,AUTO,Petrol,false,false,NODAL,1,1,0
vanta-Sea,Denver Office,CAB,"May 2, 2026",09:00,"4,814,957",LOGIN,false,Aarav Mikhailov Travel,FLW 674 GP,FLW 674 GP,3,16.24,17.4,"1,777,709,340","1,777,711,500","1,777,709,539","1,777,711,400",NODELAY,0,AUTO,Petrol,false,false,HOME,1,1,0
orbit-Slc,Lakeside Commons,BUS,"May 18, 2026",11:00,"1,231,993",LOGIN,false,Anjali Mikhailov Travel,OJJ 680 GP,OJJ 680 GP,6,24.08,26.6,"1,779,094,800","1,779,101,100","1,779,094,744","1,779,101,990",NODELAY,0,MANUAL,Diesel,false,false,NA,4,4,0
orbit-Slc,Eastgate Office,CAB,"May 14, 2026",22:00,"1,228,362",LOGOUT,true,Rohan Mikhailov Travel,XPM 353 GP,XPM 353 GP,3,19.93,24,"1,778,796,900","1,778,801,880","1,778,796,895","1,778,803,434",NODELAY,0,AUTO,Diesel,false,false,HOME,2,3,0
orbit-Slc,Lakeside Commons,BUS,"May 25, 2026",11:00,"1,243,817",LOGIN,false,Rahul Mikhailov Travel,VRM 770 GP,VRM 770 GP,6,26.9,31.52,"1,779,698,400","1,779,705,900","1,779,699,932","1,779,706,889",DRIVER,1,MANUAL,Diesel,false,false,HOME,6,4,2
vanta-Aus,Cedar Ridge Office,CAB,"May 26, 2026",11:00,"1,139,763",LOGIN,false,Priya Mikhailov Travel,WAV 795 GP,WAV 795 GP,3,16.59,15.6,"1,779,787,800","1,779,792,300","1,779,788,135","1,779,791,509",NODELAY,0,AUTO,Diesel,false,false,HOME,3,3,0
vanta-Aus,Cedar Ridge Office,CAB,"May 31, 2026",14:15,"1,149,058",LOGOUT,false,Sneha Mikhailov Travel,JFF 146 GP,JFF 146 GP,5,7.87,7.4,"1,780,237,800","1,780,240,680","1,780,236,813","1,780,237,792",NODELAY,0,AUTO,Diesel,false,false,NA,1,1,0
vanta-Sea,Denver Office,BUS,"May 5, 2026",11:00,"4,820,830",LOGIN,false,Isha Mikhailov Travel,IKM 860 GP,IKM 860 GP,12,18.97,22.7,"1,777,973,280","1,777,977,900","1,777,971,868","1,777,979,172",TRAFFIC,6,MANUAL,Petrol,false,false,NA,11,10,1
catalyst-Sac,Santa Clara Office,CAB,"June 3, 2026",19:00,"1,480,131",LOGOUT,true,Rohan Mikhailov Travel,RKE 528 GP,RKE 528 GP,4,28.02,25.84,"1,780,514,100","1,780,517,640","1,780,514,030","1,780,523,128",NODELAY,0,AUTO,Petrol,false,false,HOME,3,4,0
catalyst-Sac,Santa Clara Office,CAB,"June 3, 2026",19:00,"1,479,799",LOGIN,false,Vikram Mikhailov Travel,ZBX 477 GP,ZBX 477 GP,4,30.42,30.21,"1,780,503,600","1,780,511,400","1,780,504,719","1,780,512,422",DRIVER,2,AUTO,Petrol,false,false,NODAL,3,3,0
vanta-Aus,Cedar Ridge Office,CAB,"June 3, 2026",12:00,"1,153,162",LOGIN,false,Sneha Mikhailov Travel,QJN 857 GP,QJN 857 GP,3,25.04,28.3,"1,780,481,580","1,780,487,100","1,780,481,753","1,780,487,674",NODELAY,0,AUTO,Diesel,false,false,HOME,3,3,0
orbit-Slc,Eastgate Office,CAB,"June 1, 2026",20:00,"1,256,125",LOGOUT,false,Rohan Mikhailov Travel,ZPC 674 GP,ZPC 674 GP,3,8.57,10.9,"1,780,344,900","1,780,346,400","1,780,344,693","1,780,346,966",NODELAY,0,AUTO,Diesel,false,false,NA,1,1,0
vanta-Aus,Cedar Ridge Office,CAB,"June 22, 2026",12:00,"1,187,046",LOGIN,false,Sneha Mikhailov Travel,ROD 480 GP,ROD 480 GP,3,7.16,6.2,"1,782,126,300","1,782,128,700","1,782,126,342","1,782,128,474",NODELAY,0,AUTO,Diesel,false,false,HOME,2,2,0
catalyst-Sac,Crestwood Campus,CAB,"June 10, 2026",04:30,"1,487,612",LOGIN,true,Priya Mikhailov Travel,CVA 255 GP,CVA 255 GP,4,21.42,20.3,"1,781,061,000","1,781,064,000","1,781,060,788","1,781,063,252",NODELAY,0,AUTO,Petrol,false,false,NA,2,3,0
catalyst-Sac,Redwood City Center,CAB,"June 6, 2026",02:30,"1,484,362",LOGOUT,false,Priya Mikhailov Travel,RQD 727 GP,RQD 727 GP,4,8.5,8.9,"1,780,713,900","1,780,714,680","1,780,713,264","1,780,714,491",NODELAY,0,AUTO,Petrol,false,false,NA,1,1,0
vanta-Aus,Cedar Ridge Office,CAB,"June 23, 2026",14:15,"1,189,733",LOGOUT,false,Priya Mikhailov Travel,HUP 218 GP,HUP 218 GP,3,11.99,11,"1,782,225,000","1,782,227,580","1,782,224,120","1,782,225,887",NODELAY,0,AUTO,Electric,false,false,NA,1,1,0
vanta-Aus,Cedar Ridge Office,CAB,"June 12, 2026",13:00,"1,169,463",LOGIN,false,Meera Pavlov Travel,JDQ 803 GP,JDQ 803 GP,5,13.2,13.7,"1,781,265,240","1,781,268,300","1,781,265,283","1,781,267,215",NODELAY,0,AUTO,Diesel,false,false,HOME,1,1,0
orbit-Slc,Lakeside Commons,BUS,"June 9, 2026",11:00,"1,268,161",LOGIN,false,Rahul Mikhailov Travel,CBA 752 GP,CBA 752 GP,6,29.02,27.8,"1,780,995,780","1,781,001,900","1,780,995,786","1,781,003,686",TRAFFIC,14,MANUAL,Diesel,false,false,HOME,4,4,0
catalyst-Sac,Santa Clara Office,CAB,"May 5, 2026",19:00,"1,443,898",LOGIN,false,Vikram Mikhailov Travel,UZE 603 GP,UZE 603 GP,4,13.56,12.92,"1,778,002,260","1,778,005,800","1,778,002,478","1,778,005,712",NODELAY,0,AUTO,Petrol,false,false,HOME,4,4,0
orbit-Slc,Lakeside Commons,CAB,"May 8, 2026",20:00,"1,220,894",LOGOUT,false,Rahul Mikhailov Travel,CBU 383 GP,CBU 383 GP,6,30.09,35.2,"1,778,271,300","1,778,275,080","1,778,271,603","1,778,275,915",NODELAY,0,AUTO,Diesel,false,false,NA,2,1,1
orbit-Slc,Lakeside Commons,CAB,"May 4, 2026",22:00,"1,212,643",LOGOUT,false,Rahul Mikhailov Travel,LFX 100 GP,LFX 100 GP,6,36.18,36.6,"1,777,932,900","1,777,939,380","1,777,933,415","1,777,938,560",NODELAY,0,AUTO,Diesel,false,false,NA,4,4,0
vanta-Aus,Cedar Ridge Office,CAB,"May 6, 2026",21:15,"1,106,613",LOGOUT,true,Meera Pavlov Travel,IRH 625 GP,IRH 625 GP,3,26,25.4,"1,778,103,000","1,778,105,160","1,778,102,095","1,778,106,708",NODELAY,0,AUTO,Electric,false,false,NA,2,2,1
vanta-Aus,Cedar Ridge Office,CAB,"May 7, 2026",11:00,"1,107,216",LOGIN,false,Priya Mikhailov Travel,CWL 938 GP,CWL 938 GP,3,33.18,31.8,"1,778,146,200","1,778,150,700","1,778,145,949","1,778,149,550",NODELAY,0,AUTO,Electric,false,false,NA,1,1,0
vanta-Aus,Cedar Ridge Office,CAB,"May 8, 2026",17:15,"1,110,041",LOGOUT,false,Sneha Mikhailov Travel,TME 519 GP,TME 519 GP,3,4.61,8.6,"1,778,261,400","1,778,261,700","1,778,260,438","1,778,262,346",NODELAY,0,AUTO,Electric,false,false,NA,2,2,0
vanta-Aus,Cedar Ridge Office,CAB,"May 7, 2026",21:15,"1,108,459",LOGOUT,false,Meera Pavlov Travel,TWN 355 GP,TWN 355 GP,3,14.58,13.7,"1,778,189,400","1,778,191,800","1,778,188,416","1,778,191,248",NODELAY,0,AUTO,Diesel,false,false,NA,3,2,1
vanta-Aus,Cedar Ridge Office,CAB,"May 18, 2026",20:15,"1,126,335",LOGOUT,false,Meera Pavlov Travel,DDG 033 GP,DDG 033 GP,3,17.5,17.5,"1,779,136,200","1,779,138,540","1,779,134,972","1,779,139,870",NODELAY,0,AUTO,Diesel,false,false,NA,3,3,0
vanta-Aus,Cedar Ridge Office,CAB,"May 18, 2026",11:00,"1,124,863",LOGIN,false,Sneha Mikhailov Travel,YPQ 392 GP,YPQ 392 GP,5,30.38,29.4,"1,779,094,200","1,779,101,100","1,779,094,268","1,779,100,836",NODELAY,0,AUTO,Diesel,false,false,NODAL,5,4,1
vanta-Aus,Cedar Ridge Office,CAB,"July 16, 2026",14:00,"1,231,993",LOGIN,false,Sneha Mikhailov Travel,PWM 014 GP,PWM 014 GP,3,5.48,4.8,"1,784,207,100","1,784,209,500","1,784,207,006","1,784,208,540",NODELAY,0,AUTO,Diesel,false,false,HOME,2,2,0
vanta-Aus,Cedar Ridge Office,CAB,"July 14, 2026",12:00,"1,227,511",LOGIN,false,Anjali Mikhailov Travel,RTU 522 GP,RTU 522 GP,6,8.03,6.8,"1,784,026,800","1,784,029,500","1,784,026,757","1,784,029,892",NODELAY,0,AUTO,Diesel,false,false,HOME,5,4,1
vanta-Aus,Cedar Ridge Office,CAB,"July 22, 2026",15:15,"1,242,657",LOGOUT,false,Meera Pavlov Travel,HQK 619 GP,HQK 619 GP,5,23.41,24.1,"1,784,734,200","1,784,738,040","1,784,733,349","1,784,737,565",NODELAY,0,AUTO,Diesel,false,false,NA,1,1,0
orbit-Slc,Lakeside Commons,BUS,"July 21, 2026",13:00,"1,345,500",LOGIN,false,Anjali Mikhailov Travel,RXN 454 GP,RXN 454 GP,3,4.85,8.2,"1,784,635,200","1,784,637,900","1,784,635,334","1,784,637,511",NODELAY,0,MANUAL,Electric,false,false,HOME,2,2,0
vanta-Aus,Cedar Ridge Office,CAB,"July 20, 2026",12:00,"1,237,833",LOGIN,false,Priya Mikhailov Travel,ODU 262 GP,ODU 262 GP,3,27.17,27.5,"1,784,542,800","1,784,547,900","1,784,542,973","1,784,548,213",NODELAY,0,AUTO,Diesel,false,false,NA,3,3,0
vanta-Aus,Cedar Ridge Office,CAB,"July 23, 2026",13:00,"1,243,817",LOGIN,false,Sneha Mikhailov Travel,ICJ 857 GP,ICJ 857 GP,3,8.43,6.8,"1,784,808,840","1,784,810,700","1,784,808,835","1,784,810,463",NODELAY,0,AUTO,Electric,false,false,NA,2,2,0
pinnacle-Slc,Oakmont Office,CAB,"June 10, 2026",18:00,"3,219,462",LOGIN,false,Divya Sokolov Travel,ZOH 576 GP,ZOH 576 GP,3,9.22,8.33,"1,781,110,140","1,781,114,100","1,781,109,981","1,781,113,064",NODELAY,0,AUTO,Diesel,false,false,NODAL,1,1,0
pinnacle-Slc,Clearwater Campus,CAB,"June 12, 2026",09:00,"3,232,426",LOGIN,false,Amit Volkov Travel,FOQ 758 GP,FOQ 758 GP,3,14.44,14.66,"1,781,250,540","1,781,254,500","1,781,251,355","1,781,256,688",EMPLOYEE,16,AUTO,Diesel,false,false,NODAL,3,2,0
pinnacle-Slc,Willow Bend Campus,CAB,"June 17, 2026",14:30,"3,259,535",LOGOUT,false,Karan Mikhailov Travel,RNK 612 GP,RNK 612 GP,3,18.56,16,"1,781,706,600","1,781,708,220","1,781,707,132","1,781,710,236",NODELAY,0,AUTO,Diesel,false,false,NODAL,3,3,0
pinnacle-Slc,Clearwater Campus,CAB,"June 17, 2026",15:30,"3,260,832",LOGOUT,false,Amit Mikhailov Travel,TUO 065 GP,TUO 065 GP,3,10.31,9.6,"1,781,710,200","1,781,711,520","1,781,710,683","1,781,713,042",NODELAY,0,AUTO,Diesel,false,false,NA,2,2,0
pinnacle-Slc,Oakmont Office,CAB,"June 12, 2026",14:30,"3,235,571",LOGOUT,false,Aarav Mikhailov Travel,GWQ 958 GP,GWQ 958 GP,3,5.73,6.5,"1,781,274,600","1,781,275,800","1,781,275,073","1,781,276,755",NODELAY,0,AUTO,Diesel,false,false,NA,1,1,0
pinnacle-Slc,Clearwater Campus,CAB,"June 16, 2026",22:00,"3,253,690",LOGOUT,true,Divya Mikhailov Travel,YGT 401 GP,YGT 401 GP,3,5.5,5.5,"1,781,647,200","1,781,648,040","1,781,646,674","1,781,647,737",NODELAY,0,AUTO,Diesel,false,false,HOME,2,2,0
vanta-Sea,Denver Office,CAB,"June 25, 2026",20:16,"4,985,991",LOGOUT,true,Isha Mikhailov Travel,ZCO 474 GP,ZCO 474 GP,3,21.21,21,"1,782,419,460","1,782,423,420","1,782,418,789","1,782,423,725",NODELAY,0,AUTO,Petrol,false,false,NA,1,2,0
vanta-Sea,Denver Office,BUS,"July 21, 2026",15:16,"5,066,700",LOGOUT,false,Aarav Petrov Travel,SFV 424 GP,SFV 424 GP,3,18.77,18.4,"1,784,646,960","1,784,647,320","1,784,646,336","1,784,650,785",NODELAY,0,MANUAL,Electric,false,false,HOME,2,2,0
vanta-Sea,Denver Office,CAB,"July 10, 2026",20:16,"5,034,676",LOGOUT,true,Priya Mikhailov Travel,OAB 319 GP,OAB 319 GP,12,4.57,4.2,"1,783,715,460","1,783,716,060","1,783,714,542","1,783,716,998",NODELAY,0,AUTO,Petrol,false,false,HOME,3,4,0
vanta-Sea,Denver Office,CAB,"July 14, 2026",00:16,"5,041,623",LOGOUT,false,Anjali Mikhailov Travel,JMG 368 GP,JMG 368 GP,5,15.58,18.4,"1,783,989,060","1,783,990,140","1,783,988,333","1,783,990,450",NODELAY,0,AUTO,Petrol,false,false,HOME,1,1,0
vanta-Sea,Denver Office,CAB,"July 15, 2026",23:16,"5,050,503",LOGOUT,true,Isha Mikhailov Travel,HIV 501 GP,HIV 501 GP,3,20.96,21.7,"1,784,158,260","1,784,161,860","1,784,157,283","1,784,160,037",NODELAY,0,AUTO,Petrol,false,false,HOME,2,3,0
vanta-Sea,Denver Office,CAB,"July 21, 2026",23:16,"5,068,450",LOGOUT,false,Isha Mikhailov Travel,VJF 380 GP,VJF 380 GP,3,31,34.1,"1,784,676,660","1,784,681,820","1,784,675,760","1,784,680,474",NODELAY,0,AUTO,Petrol,false,false,HOME,2,3,0
vanta-Sea,Denver Office,CAB,"July 24, 2026",19:16,"5,080,491",LOGOUT,true,Aarav Petrov Travel,NZN 237 GP,NZN 237 GP,3,4.45,2.6,"1,784,921,460","1,784,922,000","1,784,920,573","1,784,922,699",NODELAY,0,AUTO,Petrol,false,false,HOME,2,2,1
vanta-Sea,Denver Office,BUS,"July 30, 2026",14:00,"5,099,162",LOGIN,false,Anjali Mikhailov Travel,QJX 692 GP,QJX 692 GP,3,14.2,13.8,"1,785,416,400","1,785,419,100","1,785,416,132","1,785,419,009",NODELAY,0,MANUAL,Petrol,false,false,HOME,1,1,0
vanta-Sea,Denver Office,CAB,"July 28, 2026",22:16,"5,092,836",LOGOUT,false,Priya Mikhailov Travel,LHO 421 GP,LHO 421 GP,5,28.57,24.9,"1,785,277,860","1,785,282,600","1,785,276,726","1,785,280,697",NODELAY,0,AUTO,Petrol,false,false,HOME,4,3,1
vanta-Sea,Denver Office,CAB,"July 27, 2026",08:00,"5,084,619",LOGIN,false,Priya Mikhailov Travel,KWK 791 GP,KWK 791 GP,5,22.44,22.4,"1,785,135,300","1,785,138,300","1,785,135,412","1,785,139,096",NODELAY,0,AUTO,Electric,false,false,HOME,2,2,0
pinnacle-Slc,Oakmont Office,CAB,"July 2, 2026",18:00,"3,337,432",LOGIN,false,Sanjay Mikhailov Travel,LGP 306 GP,LGP 306 GP,3,4.39,4.35,"1,783,011,600","1,783,014,900","1,783,012,665","1,783,014,282",NODELAY,0,AUTO,Diesel,false,false,NA,1,1,0
pinnacle-Slc,Willow Bend Campus,CAB,"July 3, 2026",16:30,"3,346,776",LOGOUT,false,Amit Volkov Travel,AUS 886 GP,AUS 886 GP,3,2.87,3.04,"1,783,096,200","1,783,096,980","1,783,096,049","1,783,097,264",NODELAY,0,AUTO,Diesel,false,false,NA,1,1,0
vanta-Sea,Denver Office,BUS,"July 31, 2026",11:00,"5,103,141",LOGIN,false,Aarav Mikhailov Travel,ERC 376 GP,ERC 376 GP,12,24.13,24.6,"1,785,489,780","1,785,494,700","1,785,488,087","1,785,494,804",NODELAY,0,MANUAL,Petrol,false,false,HOME,7,7,0
vanta-Sea,Denver Office,CAB,"July 31, 2026",16:16,"5,104,509",LOGOUT,false,Anjali Mikhailov Travel,RII 116 GP,RII 116 GP,3,8.02,8.3,"1,785,515,460","1,785,516,960","1,785,514,892","1,785,519,214",NODELAY,0,AUTO,Petrol,false,false,HOME,1,1,0
pinnacle-Slc,Clearwater Campus,CAB,"June 30, 2026",15:00,"3,322,510",LOGOUT,false,Pooja Mikhailov Travel,XOG 805 GP,XOG 805 GP,3,6.19,6,"1,782,831,600","1,782,832,560","1,782,831,962","1,782,834,525",NODELAY,0,AUTO,Diesel,false,false,NODAL,3,2,0
pinnacle-Slc,Willow Bend Campus,CAB,"June 26, 2026",14:30,"3,312,267",LOGOUT,false,Rahul Mikhailov Travel,MDS 793 GP,MDS 793 GP,3,7.82,8.1,"1,782,484,200","1,782,486,360","1,782,484,409","1,782,486,303",NODELAY,0,AUTO,Diesel,false,false,NA,2,2,0
pinnacle-Slc,Clearwater Campus,CAB,"June 29, 2026",09:00,"3,318,610",LOGIN,false,Divya Sokolov Travel,KEC 170 GP,KEC 170 GP,3,5.74,5.3,"1,782,721,320","1,782,723,300","1,782,722,113","1,782,723,504",NODELAY,0,AUTO,Diesel,false,false,HOME,3,3,0
vanta-Sea,Denver Office,CAB,"May 5, 2026",17:16,"4,822,544",LOGOUT,false,Anjali Mikhailov Travel,OVW 584 GP,OVW 584 GP,12,9.42,10.5,"1,778,002,260","1,778,002,800","1,778,000,929","1,778,004,257",NODELAY,0,AUTO,Petrol,false,false,NA,4,4,0
vanta-Sea,Denver Office,CAB,"May 5, 2026",21:16,"4,823,303",LOGOUT,false,Anjali Mikhailov Travel,QWM 376 GP,QWM 376 GP,3,11.52,12.4,"1,778,016,660","1,778,017,620","1,778,016,141","1,778,018,882",NODELAY,0,AUTO,Electric,false,false,NA,2,2,0
vanta-Sea,Denver Office,CAB,"May 7, 2026",20:16,"4,830,413",LOGOUT,true,Priya Mikhailov Travel,SSA 712 GP,SSA 712 GP,12,14.01,11.9,"1,778,185,860","1,778,186,280","1,778,184,326","1,778,188,811",NODELAY,0,AUTO,Petrol,false,false,NA,11,10,2
vanta-Sea,Denver Office,BUS,"May 15, 2026",12:00,"4,853,647",LOGIN,false,Priya Mikhailov Travel,LAC 166 GP,LAC 166 GP,12,2.55,2.9,"1,778,845,860","1,778,846,100","1,778,844,072","1,778,846,340",NODELAY,0,MANUAL,Petrol,false,false,NA,12,7,5
vanta-Sea,Denver Office,BUS,"May 20, 2026",11:00,"4,866,625",LOGIN,false,Sanjay Mikhailov Travel,GIL 326 GP,GIL 326 GP,3,2.8,3.2,"1,779,273,360","1,779,274,500","1,779,271,761","1,779,274,313",NODELAY,0,MANUAL,Electric,false,false,HOME,2,2,0
vanta-Sea,Denver Office,BUS,"May 19, 2026",10:00,"4,862,352",LOGIN,false,Sanjay Mikhailov Travel,GVR 601 GP,GVR 601 GP,12,14.56,11.3,"1,779,180,720","1,779,183,900","1,779,178,963","1,779,184,476",NODELAY,0,MANUAL,Petrol,false,false,HOME,12,11,1
vanta-Sea,Denver Office,BUS,"May 15, 2026",11:00,"4,853,406",LOGIN,false,Sanjay Mikhailov Travel,SUP 899 GP,SUP 899 GP,12,5.56,5.3,"1,778,839,860","1,778,841,900","1,778,838,508","1,778,841,271",NODELAY,0,MANUAL,Petrol,false,false,NODAL,10,7,3
vanta-Sea,Denver Office,BUS,"May 21, 2026",09:00,"4,870,225",LOGIN,false,Anjali Mikhailov Travel,HWI 799 GP,HWI 799 GP,3,20.47,23.3,"1,779,349,560","1,779,353,100","1,779,347,779","1,779,353,475",NODELAY,0,MANUAL,Petrol,false,false,NA,1,1,0
vanta-Sea,Denver Office,BUS,"May 21, 2026",11:00,"4,870,676",LOGIN,false,Aarav Mikhailov Travel,BSZ 981 GP,BSZ 981 GP,3,15.38,12.5,"1,779,357,180","1,779,360,300","1,779,355,900","1,779,361,371",TRAFFIC,2,MANUAL,Petrol,false,false,HOME,3,3,0
vanta-Sea,Denver Office,CAB,"May 21, 2026",21:16,"4,872,980",LOGOUT,true,Anjali Mikhailov Travel,EOK 522 GP,EOK 522 GP,12,10.68,10.3,"1,779,399,060","1,779,400,020","1,779,398,069","1,779,400,607",NODELAY,0,AUTO,Petrol,false,false,NA,5,3,3
vanta-Sea,Denver Office,CAB,"May 21, 2026",20:00,"4,871,497",LOGIN,false,Aarav Mikhailov Travel,ZWP 639 GP,ZWP 639 GP,3,20.94,25.6,"1,779,390,300","1,779,392,700","1,779,389,909","1,779,393,951",TRAFFIC,5,AUTO,Petrol,false,false,HOME,1,1,0
pinnacle-Slc,Clearwater Campus,CAB,"July 2, 2026",10:30,"3,335,513",LOGIN,false,Divya Mikhailov Travel,SEI 742 GP,SEI 742 GP,3,3.28,4,"1,782,986,399","1,782,987,900","1,782,987,234","1,782,988,526",NODELAY,0,AUTO,Diesel,false,false,NA,2,1,0
pinnacle-Slc,Willow Bend Campus,CAB,"July 2, 2026",13:30,"3,336,934",LOGIN,false,Aarav Mikhailov Travel,KZY 649 GP,KZY 649 GP,3,10.74,10.3,"1,782,996,420","1,782,998,700","1,782,995,854","1,782,997,850",NODELAY,0,AUTO,Diesel,false,false,NA,2,2,0
pinnacle-Slc,Willow Bend Campus,CAB,"July 1, 2026",08:30,"3,330,667",LOGIN,false,Rahul Orlov Travel,NZX 727 GP,NZX 727 GP,3,15.63,13.33,"1,782,890,580","1,782,894,300","1,782,890,700","1,782,894,341",NODELAY,0,AUTO,Diesel,false,false,NA,2,2,0
pinnacle-Slc,Willow Bend Campus,CAB,"July 2, 2026",14:30,"3,339,265",LOGOUT,false,Arjun Mikhailov Travel,DIC 113 GP,DIC 113 GP,3,4.43,6.21,"1,783,002,600","1,783,003,800","1,783,002,879","1,783,004,550",NODELAY,0,AUTO,Diesel,false,false,NA,2,2,0
pinnacle-Slc,Clearwater Campus,CAB,"July 3, 2026",14:30,"3,345,068",LOGOUT,false,Amit Volkov Travel,LQM 200 GP,LQM 200 GP,3,8.81,9.1,"1,783,089,000","1,783,090,560","1,783,088,954","1,783,091,353",NODELAY,0,AUTO,Diesel,false,false,NA,3,2,0
pinnacle-Slc,Willow Bend Campus,CAB,"July 6, 2026",09:00,"3,350,539",LOGIN,false,Divya Sokolov Travel,KEC 170 GP,KEC 170 GP,3,8.89,8.53,"1,783,325,400","1,783,328,100","1,783,325,802","1,783,328,467",NODELAY,0,AUTO,Diesel,false,false,NA,3,3,0
pinnacle-Slc,Clearwater Campus,CAB,"July 8, 2026",13:30,"3,366,397",LOGOUT,false,Amit Volkov Travel,XPV 471 GP,XPV 471 GP,3,25.26,25.4,"1,783,517,400","1,783,521,720","1,783,517,484","1,783,521,694",NODELAY,0,AUTO,Diesel,false,false,NA,2,1,0
pinnacle-Slc,Willow Bend Campus,CAB,"July 9, 2026",13:30,"3,371,175",LOGOUT,false,Karan Mikhailov Travel,BUJ 152 GP,BUJ 152 GP,3,21.08,24.4,"1,783,603,800","1,783,607,400","1,783,604,522","1,783,609,654",NODELAY,0,AUTO,Diesel,false,false,HOME,1,1,0
pinnacle-Slc,Willow Bend Campus,CAB,"July 9, 2026",14:30,"3,372,205",LOGOUT,false,Amit Volkov Travel,LEA 688 GP,LEA 688 GP,3,24.09,24.4,"1,783,607,400","1,783,610,760","1,783,607,946","1,783,613,208",NODELAY,0,AUTO,Diesel,false,false,HOME,2,2,0
pinnacle-Slc,Oakmont Office,CAB,"July 13, 2026",20:30,"3,384,804",LOGOUT,true,Rohan Mikhailov Travel,ABE 660 GP,ABE 660 GP,3,9.26,9.3,"1,783,974,600","1,783,976,520","1,783,974,833","1,783,978,024",NODELAY,0,AUTO,Diesel,false,false,HOME,2,2,0
pinnacle-Slc,Willow Bend Campus,CAB,"July 13, 2026",14:30,"3,385,320",LOGOUT,false,Rohan Mikhailov Travel,CSP 142 GP,CSP 142 GP,3,5.69,6.68,"1,783,953,000","1,783,954,200","1,783,951,947","1,783,953,460",NODELAY,0,AUTO,Diesel,false,false,NA,1,1,0
pinnacle-Slc,Willow Bend Campus,CAB,"July 8, 2026",13:30,"3,365,348",LOGOUT,false,Rahul Orlov Travel,PGU 719 GP,PGU 719 GP,3,8.66,9.86,"1,783,517,400","1,783,519,320","1,783,517,312","1,783,519,571",NODELAY,0,AUTO,Diesel,false,false,NA,2,2,0
pinnacle-Slc,Clearwater Campus,CAB,"June 16, 2026",14:30,"3,253,902",LOGOUT,false,Sanjay Mikhailov Travel,KYL 135 GP,KYL 135 GP,3,9.08,8.7,"1,781,620,200","1,781,621,700","1,781,619,067","1,781,620,433",NODELAY,0,AUTO,Diesel,false,false,HOME,3,1,0
pinnacle-Slc,Oakmont Office,CAB,"June 17, 2026",13:30,"3,257,930",LOGIN,false,Karan Mikhailov Travel,UDQ 848 GP,UDQ 848 GP,3,17.05,16.85,"1,781,699,520","1,781,702,700","1,781,700,477","1,781,704,210",DRIVER,5,AUTO,Diesel,false,false,HOME,1,1,0
pinnacle-Slc,Oakmont Office,CAB,"June 16, 2026",08:30,"3,250,298",LOGIN,false,Pooja Mikhailov Travel,IOI 176 GP,IOI 176 GP,3,13.84,13.5,"1,781,595,540","1,781,598,300","1,781,595,720","1,781,597,940",NODELAY,0,AUTO,Diesel,false,false,NODAL,2,1,1
vanta-Sea,Denver Office,CAB,"June 26, 2026",22:16,"4,990,483",LOGOUT,true,Isha Mikhailov Travel,UYN 985 GP,UYN 985 GP,3,22.73,22.9,"1,782,513,060","1,782,515,160","1,782,512,149","1,782,516,736",NODELAY,0,AUTO,Petrol,false,false,NA,2,3,0
pinnacle-Slc,Oakmont Office,CAB,"June 23, 2026",18:00,"3,288,838",LOGIN,false,Rahul Morozov Travel,OGA 043 GP,OGA 043 GP,3,11.39,9.1,"1,782,232,980","1,782,237,300","1,782,233,052","1,782,236,505",NODELAY,0,AUTO,Diesel,false,false,HOME,1,1,0
pinnacle-Slc,Clearwater Campus,CAB,"June 19, 2026",14:30,"3,276,915",LOGOUT,false,Rahul Mikhailov Travel,PXF 650 GP,PXF 650 GP,3,5.44,6.7,"1,781,879,400","1,781,880,840","1,781,879,152","1,781,880,401",NODELAY,0,AUTO,Diesel,false,false,NA,3,2,0
pinnacle-Slc,Willow Bend Campus,CAB,"June 19, 2026",09:00,"3,273,033",LOGIN,false,Amit Volkov Travel,CMC 730 GP,CMC 730 GP,3,5.38,5.4,"1,781,857,140","1,781,859,300","1,781,857,802","1,781,859,340",NODELAY,0,AUTO,Diesel,false,false,NODAL,3,2,0
pinnacle-Slc,Clearwater Campus,CAB,"June 19, 2026",Non Shift,"3,279,141",LOGOUT,true,Aarav Mikhailov Travel,CSN 964 GP,CSN 964 GP,3,6.19,5.3,"1,781,899,200","1,781,902,800","1,781,899,184","1,781,901,437",NODELAY,0,AUTO,Diesel,false,false,NA,2,2,0
pinnacle-Slc,Willow Bend Campus,CAB,"June 25, 2026",09:30,"3,302,060",LOGIN,false,Rahul Mikhailov Travel,BWS 641 GP,BWS 641 GP,3,8.19,7.91,"1,782,377,340","1,782,379,500","1,782,377,589","1,782,380,145",NODELAY,0,AUTO,Diesel,false,false,NA,2,2,0
pinnacle-Slc,Willow Bend Campus,CAB,"June 24, 2026",15:00,"3,297,379",LOGOUT,false,Amit Mikhailov Travel,HNA 455 GP,HNA 455 GP,3,25.6,24.1,"1,782,313,200","1,782,317,760","1,782,313,294","1,782,319,654",NODELAY,0,AUTO,Diesel,false,false,HOME,2,2,0
pinnacle-Slc,Clearwater Campus,CAB,"May 19, 2026",09:00,"3,122,982",LOGIN,false,Sanjay Mikhailov Travel,RGA 239 GP,RGA 239 GP,3,16.63,17.99,"1,779,177,000","1,779,180,900","1,779,177,097","1,779,181,746",NODELAY,0,AUTO,Diesel,false,false,NA,2,1,0
pinnacle-Slc,Willow Bend Campus,CAB,"May 29, 2026",06:30,"3,169,052",LOGIN,false,Rahul Mikhailov Travel,ELX 258 GP,ELX 258 GP,3,22.09,21.41,"1,780,033,620","1,780,035,900","1,780,034,300","1,780,036,153",NODELAY,0,AUTO,Diesel,false,false,HOME,1,1,0
pinnacle-Slc,Oakmont Office,CAB,"May 21, 2026",23:00,"3,137,745",LOGOUT,false,Aarav Mikhailov Travel,DUS 245 GP,DUS 245 GP,3,31.26,33.17,"1,779,404,400","1,779,407,820","1,779,402,609","1,779,407,127",NODELAY,0,AUTO,Diesel,false,false,HOME,1,1,0
pinnacle-Slc,Oakmont Office,CAB,"May 18, 2026",21:30,"3,118,619",LOGOUT,true,Aarav Mikhailov Travel,ZWQ 206 GP,ZWQ 206 GP,3,12.23,10.9,"1,779,139,800","1,779,141,600","1,779,138,007","1,779,140,127",NODELAY,0,AUTO,Diesel,false,false,HOME,2,2,0
pinnacle-Slc,Oakmont Office,CAB,"May 25, 2026",14:30,"3,149,993",LOGOUT,false,Divya Mikhailov Travel,QUE 328 GP,QUE 328 GP,3,17.02,16.37,"1,779,719,400","1,779,722,160","1,779,719,334","1,779,722,843",NODELAY,0,AUTO,Diesel,false,false,NA,3,2,1
pinnacle-Slc,Clearwater Campus,CAB,"May 25, 2026",14:30,"3,152,806",LOGOUT,false,Rahul Mikhailov Travel,ELX 258 GP,ELX 258 GP,3,18.34,23.5,"1,779,719,400","1,779,722,760","1,779,719,770","1,779,722,371",NODELAY,0,AUTO,Diesel,false,false,NA,3,2,0
pinnacle-Slc,Willow Bend Campus,CAB,"May 25, 2026",07:30,"3,149,457",LOGIN,false,Rohan Mikhailov Travel,ADJ 661 GP,ADJ 661 GP,3,18.81,18.58,"1,779,691,500","1,779,693,900","1,779,691,715","1,779,693,622",NODELAY,0,AUTO,Diesel,false,false,NA,1,1,0
pinnacle-Slc,Willow Bend Campus,CAB,"July 24, 2026",08:30,"3,443,480",LOGIN,false,Divya Mikhailov Travel,ZTI 658 GP,ZTI 658 GP,3,15.27,21.61,"1,784,877,660","1,784,881,500","1,784,879,282","1,784,882,622",NODELAY,0,AUTO,Diesel,false,false,HOME,3,1,0
pinnacle-Slc,Clearwater Campus,CAB,"July 27, 2026",09:30,"3,452,711",LOGIN,false,Rahul Morozov Travel,WUA 393 GP,WUA 393 GP,3,8.31,7.83,"1,785,141,600","1,785,144,300","1,785,141,681","1,785,144,468",NODELAY,0,AUTO,Diesel,false,false,NA,3,3,0
pinnacle-Slc,Clearwater Campus,CAB,"July 27, 2026",Non Shift,"3,460,424",LOGOUT,false,Rohan Mikhailov Travel,LOI 977 GP,LOI 977 GP,3,6.36,5.31,"1,785,182,400","1,785,187,800","1,785,183,154","1,785,184,613",NODELAY,0,AUTO,Diesel,false,false,NA,1,1,0
pinnacle-Slc,Clearwater Campus,CAB,"July 30, 2026",14:30,"3,475,823",LOGOUT,false,Aarav Mikhailov Travel,WGJ 598 GP,WGJ 598 GP,3,19.29,19.3,"1,785,421,800","1,785,424,620","1,785,421,965","1,785,426,091",NODELAY,0,AUTO,Diesel,false,false,NA,2,2,0
pinnacle-Slc,Clearwater Campus,CAB,"July 30, 2026",15:00,"3,476,067",LOGOUT,false,Arjun Mikhailov Travel,BZQ 652 GP,BZQ 652 GP,3,32.58,32,"1,785,423,600","1,785,428,340","1,785,423,857","1,785,430,416",NODELAY,0,AUTO,Diesel,false,false,NA,2,2,0
pinnacle-Slc,Oakmont Office,CAB,"July 29, 2026",08:30,"3,465,763",LOGIN,false,Arjun Mikhailov Travel,BUS 380 GP,BUS 380 GP,3,18.21,16.97,"1,785,309,660","1,785,313,500","1,785,310,231","1,785,313,428",NODELAY,0,AUTO,Diesel,false,false,NA,1,1,0
pinnacle-Slc,Oakmont Office,CAB,"July 30, 2026",07:30,"3,471,579",LOGIN,false,Sanjay Mikhailov Travel,WQO 727 GP,WQO 727 GP,3,13.42,11.07,"1,785,393,780","1,785,396,300","1,785,394,239","1,785,396,136",NODELAY,0,AUTO,Diesel,false,false,NA,2,2,0
pinnacle-Slc,Oakmont Office,CAB,"July 31, 2026",18:00,"3,478,771",LOGIN,false,Karan Mikhailov Travel,ZJM 782 GP,ZJM 782 GP,3,18.57,17.14,"1,785,515,400","1,785,520,500","1,785,515,926","1,785,519,727",NODELAY,0,AUTO,Diesel,false,false,HOME,1,1,0
pinnacle-Slc,Oakmont Office,CAB,"July 29, 2026",03:00,"3,466,675",LOGOUT,true,Pooja Mikhailov Travel,ZMZ 145 GP,ZMZ 145 GP,3,9.4,9.93,"1,785,294,000","1,785,295,320","1,785,295,117","1,785,296,422",DRIVER,4,AUTO,Diesel,false,false,HOME,3,3,0
pinnacle-Slc,Oakmont Office,CAB,"July 31, 2026",08:30,"3,478,492",LOGIN,false,Rohan Mikhailov Travel,KDO 657 GP,KDO 657 GP,3,4.39,4.1,"1,785,485,100","1,785,486,300","1,785,485,349","1,785,486,177",NODELAY,0,AUTO,Diesel,false,false,NA,2,2,0
vanta-Aus,Cedar Ridge Office,CAB,"June 12, 2026",23:15,"1,171,469",LOGOUT,true,Meera Pavlov Travel,RJF 984 GP,RJF 984 GP,3,23.74,14.9,"1,781,307,000","1,781,311,020","1,781,305,707","1,781,308,822",NODELAY,0,AUTO,Diesel,false,false,NA,2,2,1
vanta-Aus,Cedar Ridge Office,CAB,"June 30, 2026",06:15,"1,202,400",LOGOUT,true,Sneha Mikhailov Travel,GDR 346 GP,GDR 346 GP,3,6.04,7.9,"1,782,801,000","1,782,802,080","1,782,800,043","1,782,800,978",NODELAY,0,AUTO,Electric,false,false,NA,1,2,0
orbit-Slc,Lakeside Commons,CAB,"June 11, 2026",20:00,"1,274,963",LOGOUT,false,Anjali Mikhailov Travel,TIT 925 GP,TIT 925 GP,3,34.75,34.7,"1,781,208,900","1,781,215,260","1,781,208,735","1,781,215,370",NODELAY,0,AUTO,Electric,false,false,HOME,3,2,1
vanta-Aus,Cedar Ridge Office,CAB,"June 15, 2026",23:15,"1,175,510",LOGOUT,false,Sanjay Mikhailov Travel,MFE 972 GP,MFE 972 GP,5,32.88,34.1,"1,781,566,200","1,781,570,700","1,781,564,727","1,781,569,551",NODELAY,0,AUTO,Electric,false,false,HOME,4,4,0
catalyst-Sac,Santa Clara Office,CAB,"June 19, 2026",03:00,"1,501,705",LOGOUT,true,Vikram Mikhailov Travel,PHF 214 GP,PHF 214 GP,4,24.71,24.7,"1,781,838,900","1,781,843,520","1,781,839,071","1,781,844,772",NODELAY,0,AUTO,Petrol,false,false,NA,1,2,0
orbit-Slc,Eastgate Office,CAB,"June 15, 2026",22:00,"1,279,582",LOGOUT,true,Rohan Mikhailov Travel,AGW 135 GP,AGW 135 GP,3,20.5,32.75,"1,781,561,700","1,781,565,360","1,781,561,126","1,781,567,392",NODELAY,0,AUTO,Diesel,false,false,HOME,2,3,0
vanta-Aus,Cedar Ridge Office,CAB,"June 30, 2026",14:00,"1,202,058",LOGIN,false,Meera Pavlov Travel,KOF 838 GP,KOF 838 GP,3,8.85,6.6,"1,782,824,520","1,782,827,100","1,782,825,686","1,782,827,300",NODELAY,0,AUTO,Diesel,false,false,NA,3,2,1
orbit-Slc,Eastgate Office,BUS,"June 19, 2026",15:30,"1,289,035",LOGOUT,false,Rohan Mikhailov Travel,DCW 734 GP,DCW 734 GP,3,17.87,22.4,"1,781,883,900","1,781,886,720","1,781,883,767","1,781,887,785",NODELAY,0,MANUAL,Diesel,false,false,NODAL,2,2,0
orbit-Slc,Eastgate Office,CAB,"June 23, 2026",22:00,"1,295,417",LOGOUT,false,Rohan Mikhailov Travel,UGD 387 GP,UGD 387 GP,6,31.98,30.9,"1,782,252,900","1,782,256,680","1,782,252,793","1,782,256,449",NODELAY,0,AUTO,Diesel,false,false,HOME,4,4,0
vanta-Sea,Denver Office,CAB,"May 28, 2026",08:00,"4,891,278",LOGIN,false,Anjali Mikhailov Travel,DCY 130 GP,DCY 130 GP,3,27.3,27.6,"1,779,950,940","1,779,954,300","1,779,951,247","1,779,954,365",NODELAY,0,AUTO,Electric,false,false,NA,1,1,0
pinnacle-Slc,Oakmont Office,CAB,"May 4, 2026",13:30,"3,056,744",LOGOUT,false,Rohan Mikhailov Travel,UPD 092 GP,UPD 092 GP,3,22.82,22.88,"1,777,901,400","1,777,904,340","1,777,900,704","1,777,904,522",NODELAY,0,AUTO,Diesel,false,false,NA,1,1,0
pinnacle-Slc,Willow Bend Campus,CAB,"May 5, 2026",09:00,"3,061,847",LOGIN,false,Rohan Mikhailov Travel,OKA 256 GP,OKA 256 GP,3,13.81,12.95,"1,777,967,820","1,777,971,300","1,777,968,296","1,777,971,465",NODELAY,0,AUTO,Diesel,false,false,HOME,2,2,0
pinnacle-Slc,Oakmont Office,CAB,"May 6, 2026",09:30,"3,066,475",LOGIN,false,Aarav Mikhailov Travel,CHY 445 GP,CHY 445 GP,3,8.4,7.45,"1,778,056,740","1,778,059,500","1,778,057,051","1,778,060,264",NODELAY,0,AUTO,Diesel,false,false,NA,3,3,0
vanta-Sea,Denver Office,BUS,"May 29, 2026",13:00,"4,895,893",LOGIN,false,Sanjay Mikhailov Travel,YRC 597 GP,YRC 597 GP,5,27.39,26.8,"1,780,053,900","1,780,058,700","1,780,053,464","1,780,058,575",NODELAY,0,MANUAL,Petrol,false,false,NODAL,4,4,0
pinnacle-Slc,Clearwater Campus,CAB,"May 11, 2026",15:00,"3,089,039",LOGOUT,false,Divya Sokolov Travel,EVM 510 GP,EVM 510 GP,3,14.29,14.19,"1,778,511,600","1,778,513,940","1,778,512,492","1,778,515,296",DRIVER,1,AUTO,Diesel,false,false,HOME,2,1,0
pinnacle-Slc,Willow Bend Campus,CAB,"May 7, 2026",07:30,"3,073,174",LOGIN,false,Rahul Mikhailov Travel,JFO 665 GP,JFO 665 GP,3,23.13,21.65,"1,778,135,580","1,778,138,700","1,778,136,146","1,778,138,416",NODELAY,0,AUTO,Diesel,false,false,NA,2,1,0
orbit-Slc,Lakeside Commons,CAB,"July 27, 2026",06:30,"1,354,150",LOGIN,true,Rahul Mikhailov Travel,BZC 636 GP,BZC 636 GP,6,32.58,36.7,"1,785,128,400","1,785,132,900","1,785,127,232","1,785,132,747",NODELAY,0,AUTO,Diesel,false,false,HOME,3,3,1
vanta-Sea,Denver Office,BUS,"July 7, 2026",15:16,"5,022,061",LOGOUT,false,Priya Mikhailov Travel,ZPW 250 GP,ZPW 250 GP,3,20.84,11.2,"1,783,437,360","1,783,439,700","1,783,436,710","1,783,440,702",NODELAY,0,SHUTTLE_SERVICE,Electric,false,false,HOME,2,2,0
vanta-Aus,Cedar Ridge Office,CAB,"July 24, 2026",11:00,"1,245,724",LOGIN,false,Anjali Mikhailov Travel,NTC 299 GP,NTC 299 GP,3,21.04,22,"1,784,884,740","1,784,889,900","1,784,884,832","1,784,889,543",NODELAY,0,AUTO,Diesel,false,false,NA,2,2,0
vanta-Aus,Cedar Ridge Office,CAB,"July 28, 2026",16:15,"1,252,856",LOGOUT,false,Sneha Mikhailov Travel,PWM 014 GP,PWM 014 GP,3,21.85,21.7,"1,785,256,200","1,785,259,500","1,785,255,089","1,785,258,059",NODELAY,0,AUTO,Diesel,false,false,HOME,1,1,0
vanta-Aus,Cedar Ridge Office,CAB,"July 27, 2026",12:00,"1,249,843",LOGIN,false,Meera Pavlov Travel,GEV 887 GP,GEV 887 GP,5,5.93,7.4,"1,785,150,000","1,785,152,700","1,785,150,260","1,785,152,731",NODELAY,0,AUTO,Diesel,false,false,NA,5,5,0
vanta-Sea,Denver Office,CAB,"July 6, 2026",23:16,"5,020,104",LOGOUT,false,Anjali Mikhailov Travel,WFG 241 GP,WFG 241 GP,5,7.05,5,"1,783,380,660","1,783,381,440","1,783,379,617","1,783,381,048",NODELAY,0,AUTO,Petrol,false,false,HOME,5,5,0
vanta-Aus,Cedar Ridge Office,CAB,"July 29, 2026",12:00,"1,254,048",LOGIN,false,Sneha Mikhailov Travel,JVS 294 GP,JVS 294 GP,5,6.1,4.6,"1,785,323,100","1,785,325,500","1,785,323,791","1,785,325,743",NODELAY,0,AUTO,Diesel,false,false,NA,5,5,0
vanta-Aus,Cedar Ridge Office,CAB,"July 30, 2026",11:00,"1,256,125",LOGIN,false,Priya Mikhailov Travel,CMQ 587 GP,CMQ 587 GP,5,11.79,6.5,"1,785,404,700","1,785,408,300","1,785,406,687","1,785,408,208",NODELAY,0,AUTO,Diesel,false,false,HOME,3,2,1
vanta-Sea,Denver Office,CAB,"July 8, 2026",Non Shift,"5,026,340",LOGOUT,false,Aarav Petrov Travel,LUC 469 GP,LUC 469 GP,3,12.77,12.9,"1,783,527,960","1,783,531,560","1,783,528,417","1,783,530,736",NODELAY,0,AUTO,Petrol,false,false,NA,1,1,0
vanta-Sea,Denver Office,CAB,"July 13, 2026",06:00,"5,037,874",LOGIN,true,Isha Mikhailov Travel,RVU 129 GP,RVU 129 GP,3,13.53,17.9,"1,783,919,940","1,783,921,500","1,783,919,469","1,783,921,327",NODELAY,0,AUTO,Petrol,false,false,HOME,1,2,0
vanta-Sea,Denver Office,BUS,"July 14, 2026",09:00,"5,042,334",LOGIN,false,Sanjay Mikhailov Travel,DIK 938 GP,DIK 938 GP,3,24.02,19.1,"1,784,015,400","1,784,018,700","1,784,015,171","1,784,019,485",NODELAY,0,SHUTTLE_SERVICE,Petrol,false,false,HOME,2,2,0
vanta-Sea,Denver Office,CAB,"July 13, 2026",22:16,"5,041,251",LOGOUT,false,Aarav Petrov Travel,VIM 917 GP,VIM 917 GP,3,8.56,8.5,"1,783,981,860","1,783,982,640","1,783,980,888","1,783,982,950",NODELAY,0,AUTO,Electric,false,false,HOME,2,2,0
vanta-Sea,Denver Office,BUS,"July 16, 2026",14:00,"5,052,249",LOGIN,false,Aarav Petrov Travel,EKO 542 GP,EKO 542 GP,3,9.23,9.5,"1,784,208,240","1,784,209,500","1,784,206,473","1,784,209,337",NODELAY,0,MANUAL,Petrol,false,false,HOME,1,1,0
catalyst-Sac,Santa Clara Office,CAB,"June 26, 2026",03:00,"1,511,774",LOGOUT,true,Vikram Mikhailov Travel,PHF 214 GP,PHF 214 GP,4,26.98,25.65,"1,782,443,700","1,782,446,700","1,782,443,647","1,782,446,469",NODELAY,0,AUTO,Petrol,false,false,NA,1,2,0
vanta-Sea,Denver Office,CAB,"June 10, 2026",17:16,"4,932,488",LOGOUT,false,Aarav Mikhailov Travel,JHD 139 GP,JHD 139 GP,5,10.92,11.9,"1,781,112,660","1,781,113,560","1,781,111,169","1,781,115,669",NODELAY,0,AUTO,Petrol,false,false,NA,5,5,0
vanta-Sea,Denver Office,CAB,"June 5, 2026",22:16,"4,920,099",LOGOUT,true,Sanjay Mikhailov Travel,GIL 326 GP,GIL 326 GP,3,7.34,7.1,"1,780,698,660","1,780,699,020","1,780,697,647","1,780,701,038",NODELAY,0,AUTO,Electric,false,false,NA,2,3,0
vanta-Sea,Denver Office,CAB,"June 6, 2026",09:00,"4,920,793",LOGIN,false,Sanjay Mikhailov Travel,YFK 806 GP,YFK 806 GP,5,26.94,29.4,"1,780,731,240","1,780,735,500","1,780,731,630","1,780,735,061",NODELAY,0,AUTO,Petrol,false,false,NA,1,1,0
vanta-Sea,Denver Office,CAB,"June 8, 2026",22:16,"4,925,756",LOGOUT,false,Priya Mikhailov Travel,GWD 816 GP,GWD 816 GP,3,26.83,26.7,"1,780,957,860","1,780,959,720","1,780,957,048","1,780,961,258",NODELAY,0,AUTO,Petrol,false,false,NA,2,2,0
vanta-Sea,Denver Office,CAB,"June 11, 2026",22:00,"4,935,808",LOGIN,false,Anjali Mikhailov Travel,ETI 350 GP,ETI 350 GP,3,16.23,16,"1,781,212,380","1,781,214,300","1,781,211,983","1,781,215,249",NODELAY,0,AUTO,Petrol,false,false,HOME,1,1,0
pinnacle-Slc,Clearwater Campus,CAB,"June 2, 2026",08:30,"3,178,321",LOGIN,false,Aarav Mikhailov Travel,SID 294 GP,SID 294 GP,3,17.05,16.6,"1,780,385,220","1,780,388,700","1,780,385,594","1,780,389,441",NODELAY,0,AUTO,Diesel,false,false,NA,2,2,0
pinnacle-Slc,Clearwater Campus,CAB,"June 3, 2026",09:30,"3,185,534",LOGIN,false,Rohan Mikhailov Travel,OFS 715 GP,OFS 715 GP,3,7.66,7.1,"1,780,475,700","1,780,478,700","1,780,476,875","1,780,479,527",NODELAY,0,AUTO,Diesel,false,false,HOME,3,1,0
vanta-Sea,Denver Office,BUS,"June 15, 2026",11:00,"4,945,339",LOGIN,false,Priya Mikhailov Travel,OZI 345 GP,OZI 345 GP,12,30.87,27.4,"1,781,514,000","1,781,520,300","1,781,513,428","1,781,522,266",TRAFFIC,17,MANUAL,Petrol,false,false,HOME,7,7,0
pinnacle-Slc,Oakmont Office,CAB,"May 12, 2026",19:30,"3,092,633",LOGIN,true,Pooja Mikhailov Travel,SHJ 268 GP,SHJ 268 GP,3,20.79,21.33,"1,778,607,060","1,778,613,900","1,778,607,521","1,778,613,535",NODELAY,0,AUTO,Diesel,false,false,NA,4,3,0
pinnacle-Slc,Oakmont Office,CAB,"May 14, 2026",14:30,"3,105,874",LOGOUT,false,Rahul Mikhailov Travel,YQF 968 GP,YQF 968 GP,5,20.42,22,"1,778,769,000","1,778,771,880","1,778,769,171","1,778,772,375",NODELAY,0,AUTO,Diesel,false,false,NA,2,2,0
pinnacle-Slc,Oakmont Office,CAB,"May 8, 2026",15:30,"3,080,267",LOGOUT,false,Aarav Mikhailov Travel,MJE 020 GP,MJE 020 GP,3,11.73,15.16,"1,778,254,200","1,778,257,380","1,778,254,492","1,778,258,026",NODELAY,0,AUTO,Diesel,false,false,NODAL,3,2,0
pinnacle-Slc,Willow Bend Campus,CAB,"May 11, 2026",15:00,"3,087,025",LOGOUT,false,Arjun Mikhailov Travel,QHR 049 GP,QHR 049 GP,3,31.48,28.31,"1,778,511,600","1,778,516,280","1,778,512,855","1,778,519,198",EMPLOYEE,8,AUTO,Diesel,false,false,NODAL,1,1,0
pinnacle-Slc,Oakmont Office,CAB,"May 13, 2026",09:30,"3,098,259",LOGIN,false,Divya Sokolov Travel,ZSZ 758 GP,ZSZ 758 GP,3,9.21,9,"1,778,661,900","1,778,664,300","1,778,663,016","1,778,665,048",NODELAY,0,AUTO,Diesel,false,false,HOME,1,1,0
pinnacle-Slc,Oakmont Office,CAB,"May 19, 2026",18:00,"3,120,731",LOGIN,false,Rahul Mikhailov Travel,GUT 097 GP,GUT 097 GP,3,14.53,14.01,"1,779,207,600","1,779,213,300","1,779,208,112","1,779,211,342",NODELAY,0,AUTO,Diesel,false,false,HOME,2,2,0
pinnacle-Slc,Clearwater Campus,CAB,"May 25, 2026",15:00,"3,152,125",LOGOUT,false,Pooja Mikhailov Travel,TFF 801 GP,TFF 801 GP,3,9.59,9.05,"1,779,721,200","1,779,722,460","1,779,721,351","1,779,723,894",NODELAY,0,AUTO,Diesel,false,false,HOME,3,3,0
pinnacle-Slc,Willow Bend Campus,CAB,"May 14, 2026",13:30,"3,104,828",LOGOUT,false,Aarav Mikhailov Travel,UMW 840 GP,UMW 840 GP,3,15.3,16.34,"1,778,765,400","1,778,768,040","1,778,765,149","1,778,768,163",NODELAY,0,AUTO,Diesel,false,false,NA,1,1,0
pinnacle-Slc,Clearwater Campus,CAB,"May 18, 2026",15:30,"3,120,150",LOGOUT,false,Rahul Mikhailov Travel,JGK 006 GP,JGK 006 GP,3,2.1,1.8,"1,779,118,200","1,779,118,620","1,779,117,974","1,779,118,579",NODELAY,0,AUTO,Diesel,false,false,HOME,1,1,0
pinnacle-Slc,Willow Bend Campus,CAB,"May 18, 2026",16:30,"3,118,868",LOGOUT,false,Divya Mikhailov Travel,POM 938 GP,POM 938 GP,3,18.2,18.93,"1,779,121,800","1,779,124,800","1,779,121,812","1,779,126,569",NODELAY,0,AUTO,Diesel,false,false,HOME,2,2,0
pinnacle-Slc,Willow Bend Campus,CAB,"May 15, 2026",08:30,"3,109,950",LOGIN,false,Sanjay Mikhailov Travel,TCP 365 GP,TCP 365 GP,3,17.78,18.57,"1,778,830,320","1,778,833,500","1,778,830,416","1,778,833,315",NODELAY,0,AUTO,Diesel,false,false,HOME,3,3,0
vanta-Aus,Cedar Ridge Office,CAB,"July 5, 2026",09:00,"1,211,666",LOGIN,false,Sneha Mikhailov Travel,AWM 424 GP,AWM 424 GP,3,10.27,9.2,"1,783,239,300","1,783,241,100","1,783,238,993","1,783,240,538",NODELAY,0,AUTO,Diesel,false,false,NODAL,3,3,0
orbit-Slc,Eastgate Office,BUS,"July 1, 2026",13:00,"1,309,282",LOGIN,false,Rohan Mikhailov Travel,KWZ 138 GP,KWZ 138 GP,3,28.47,25.5,"1,782,905,700","1,782,909,900","1,782,906,428","1,782,910,262",NODELAY,0,MANUAL,Electric,false,false,NODAL,3,3,0
vanta-Aus,Cedar Ridge Office,CAB,"July 2, 2026",12:00,"1,206,572",LOGIN,false,Meera Pavlov Travel,EVN 754 GP,EVN 754 GP,3,28.92,28,"1,782,988,260","1,782,992,700","1,782,988,087","1,782,991,321",NODELAY,0,AUTO,Electric,false,false,NODAL,2,2,0
catalyst-Sac,Santa Clara Office,CAB,"July 9, 2026",02:00,"1,528,742",LOGOUT,false,Divya Mikhailov Travel,PKE 632 GP,PKE 632 GP,4,13.54,14.18,"1,783,563,300","1,783,564,020","1,783,563,371","1,783,565,692",NODELAY,0,AUTO,Petrol,false,false,NA,4,4,0
vanta-Aus,Cedar Ridge Office,CAB,"July 7, 2026",12:00,"1,214,703",LOGIN,false,Anjali Mikhailov Travel,XDZ 948 GP,XDZ 948 GP,5,6.32,5.9,"1,783,422,000","1,783,424,700","1,783,422,518","1,783,424,469",NODELAY,0,AUTO,Diesel,false,false,NODAL,5,5,0
vanta-Aus,Cedar Ridge Office,CAB,"July 11, 2026",03:15,"1,223,544",LOGOUT,true,Priya Mikhailov Travel,LDD 430 GP,LDD 430 GP,3,15.33,20.9,"1,783,740,600","1,783,742,580","1,783,740,103","1,783,742,125",NODELAY,0,AUTO,Electric,false,false,NA,1,2,1
vanta-Sea,Denver Office,BUS,"July 1, 2026",09:00,"5,002,146",LOGIN,false,Sanjay Mikhailov Travel,RFQ 823 GP,RFQ 823 GP,3,10.49,12.5,"1,782,893,400","1,782,895,500","1,782,891,605","1,782,895,534",NODELAY,0,MANUAL,Electric,false,false,HOME,2,2,0
vanta-Sea,Denver Office,CAB,"June 17, 2026",17:16,"4,956,296",LOGOUT,false,Isha Mikhailov Travel,SCX 268 GP,SCX 268 GP,3,8.11,7.9,"1,781,717,460","1,781,718,360","1,781,716,664","1,781,721,675",NODELAY,0,AUTO,Petrol,false,false,NA,1,1,0
vanta-Sea,Denver Office,BUS,"June 18, 2026",12:16,"4,960,785",LOGOUT,false,Anjali Mikhailov Travel,HHW 336 GP,HHW 336 GP,3,12.3,12.8,"1,781,784,960","1,781,788,200","1,781,784,849","1,781,787,548",NODELAY,0,MANUAL,Petrol,false,false,NA,1,1,0
pinnacle-Slc,Oakmont Office,CAB,"June 1, 2026",08:30,"3,173,690",LOGIN,false,Aarav Mikhailov Travel,ZWQ 206 GP,ZWQ 206 GP,3,14.73,14.68,"1,780,299,480","1,780,302,300","1,780,299,663","1,780,302,296",NODELAY,0,AUTO,Diesel,false,false,NA,1,1,0
pinnacle-Slc,Willow Bend Campus,CAB,"June 3, 2026",09:00,"3,187,032",LOGIN,false,Rohan Mikhailov Travel,JON 511 GP,JON 511 GP,3,5.77,6.2,"1,780,474,440","1,780,476,900","1,780,474,600","1,780,476,767",NODELAY,0,AUTO,Diesel,false,false,NODAL,2,2,0
vanta-Sea,Denver Office,BUS,"June 18, 2026",09:00,"4,958,606",LOGIN,false,Sanjay Mikhailov Travel,HIE 625 GP,HIE 625 GP,5,19.87,19.2,"1,781,767,860","1,781,772,300","1,781,767,935","1,781,773,043",NODELAY,0,MANUAL,Petrol,false,false,NODAL,4,4,0
pinnacle-Slc,Oakmont Office,CAB,"June 8, 2026",16:30,"3,208,808",LOGOUT,false,Rahul Morozov Travel,YLK 489 GP,YLK 489 GP,3,11.03,12.88,"1,780,936,200","1,780,938,240","1,780,936,398","1,780,939,336",NODELAY,0,AUTO,Diesel,false,false,HOME,1,1,0
pinnacle-Slc,Clearwater Campus,CAB,"June 9, 2026",08:30,"3,211,426",LOGIN,false,Amit Mikhailov Travel,HLG 288 GP,HLG 288 GP,3,11.59,10.7,"1,780,990,320","1,780,993,500","1,780,990,841","1,780,993,360",NODELAY,0,AUTO,Diesel,false,false,NODAL,2,2,0
pinnacle-Slc,Willow Bend Campus,CAB,"June 10, 2026",15:30,"3,221,567",LOGOUT,false,Aarav Mikhailov Travel,NAV 008 GP,NAV 008 GP,3,2.75,0.9,"1,781,105,400","1,781,106,060","1,781,105,448","1,781,106,051",NODELAY,0,AUTO,Diesel,false,false,HOME,1,1,0
pinnacle-Slc,Willow Bend Campus,CAB,"June 11, 2026",09:00,"3,226,816",LOGIN,false,Rahul Orlov Travel,XYR 258 GP,XYR 258 GP,3,16.88,22.62,"1,781,164,920","1,781,168,100","1,781,164,724","1,781,171,267",TRAFFIC,32,AUTO,Diesel,false,false,NODAL,1,1,0
pinnacle-Slc,Clearwater Campus,CAB,"June 9, 2026",15:00,"3,215,616",LOGOUT,false,Divya Mikhailov Travel,KDO 932 GP,KDO 932 GP,3,4.54,4.76,"1,781,017,200","1,781,018,160","1,781,017,473","1,781,020,710",NODELAY,0,AUTO,Diesel,false,false,NODAL,3,2,0
pinnacle-Slc,Oakmont Office,CAB,"June 5, 2026",09:30,"3,199,945",LOGIN,false,Rohan Mikhailov Travel,NYG 302 GP,NYG 302 GP,3,7.45,7.74,"1,780,648,920","1,780,651,500","1,780,650,156","1,780,652,988",DRIVER,4,AUTO,Diesel,false,false,NODAL,3,1,0
pinnacle-Slc,Oakmont Office,CAB,"June 8, 2026",08:30,"3,207,513",LOGIN,false,Rohan Mikhailov Travel,AWT 819 GP,AWT 819 GP,3,14.2,11.54,"1,780,903,800","1,780,907,100","1,780,903,880","1,780,906,719",NODELAY,0,AUTO,Diesel,false,false,NA,2,2,0
pinnacle-Slc,Clearwater Campus,CAB,"June 12, 2026",15:00,"3,238,020",LOGOUT,false,Rohan Mikhailov Travel,COW 962 GP,COW 962 GP,3,25.51,27.8,"1,781,276,400","1,781,279,100","1,781,274,801","1,781,278,778",NODELAY,0,AUTO,Diesel,false,false,NODAL,2,1,0
pinnacle-Slc,Oakmont Office,CAB,"July 13, 2026",09:00,"3,383,322",LOGIN,false,Pooja Mikhailov Travel,ZAB 928 GP,ZAB 928 GP,3,9.51,9.1,"1,783,930,440","1,783,932,900","1,783,931,964","1,783,934,414",DRIVER,5,AUTO,Diesel,false,false,NA,2,1,0
pinnacle-Slc,Clearwater Campus,CAB,"July 14, 2026",15:30,"3,394,366",LOGOUT,false,Rohan Mikhailov Travel,WHB 450 GP,WHB 450 GP,3,32.82,32.2,"1,784,043,000","1,784,048,520","1,784,042,539","1,784,048,972",NODELAY,0,AUTO,Diesel,false,false,NODAL,2,2,0
pinnacle-Slc,Clearwater Campus,CAB,"July 16, 2026",09:30,"3,402,826",LOGIN,false,Rahul Mikhailov Travel,ALQ 309 GP,ALQ 309 GP,3,1.64,1.2,"1,784,193,120","1,784,193,900","1,784,193,418","1,784,193,943",NODELAY,0,AUTO,Diesel,false,false,NA,1,1,0
pinnacle-Slc,Willow Bend Campus,CAB,"July 21, 2026",15:00,"3,425,196",LOGOUT,false,Rohan Mikhailov Travel,VVZ 006 GP,VVZ 006 GP,3,14.19,14.9,"1,784,646,000","1,784,648,580","1,784,646,984","1,784,650,905",EMPLOYEE,4,AUTO,Diesel,false,false,HOME,1,1,0
pinnacle-Slc,Ashford Commons,SPOT_2.0,"July 22, 2026",Non Shift,"3,428,312",LOGIN,false,Pooja Sokolov Travel,DVN 464 GP,COM 464 GP,3,0,5.95,"1,784,718,000","1,784,718,443","1,784,721,709","1,784,722,894",DRIVER,54,RENTLZ,Diesel,false,false,NA,1,1,0
pinnacle-Slc,Willow Bend Campus,CAB,"July 21, 2026",08:30,"3,423,085",LOGIN,false,Rahul Mikhailov Travel,ALQ 309 GP,ALQ 309 GP,3,4.36,3.9,"1,784,620,440","1,784,622,300","1,784,620,501","1,784,622,173",NODELAY,0,AUTO,Diesel,false,false,NA,2,1,0
catalyst-Sac,Redwood City Center,CAB,"May 20, 2026",19:00,"1,463,799",LOGOUT,true,Aarav Mikhailov Travel,SYH 783 GP,SYH 783 GP,4,13.28,13.9,"1,779,304,500","1,779,305,340","1,779,304,285","1,779,311,574",NODELAY,0,AUTO,Petrol,false,false,HOME,3,4,0
orbit-Slc,Eastgate Office,BUS,"May 5, 2026",13:00,"1,213,552",LOGIN,false,Rohan Mikhailov Travel,IZV 921 GP,IZV 921 GP,3,16.52,17.24,"1,777,980,900","1,777,985,100","1,777,981,691","1,777,984,938",NODELAY,0,MANUAL,Diesel,false,false,HOME,3,3,0
catalyst-Sac,Fairview Commons,CAB,"May 19, 2026",20:00,"1,461,847",LOGOUT,false,Sanjay Mikhailov Travel,IBN 799 GP,IBN 799 GP,4,31.08,31.1,"1,779,221,700","1,779,224,160","1,779,220,666","1,779,227,443",NODELAY,0,AUTO,Petrol,false,false,NA,2,2,0
catalyst-Sac,Santa Clara Office,CAB,"May 20, 2026",22:30,"1,464,550",LOGOUT,true,Divya Mikhailov Travel,GWL 440 GP,GWL 440 GP,4,8.52,6.3,"1,779,317,100","1,779,317,760","1,779,317,191","1,779,319,187",NODELAY,0,AUTO,Petrol,false,false,NA,2,3,0
orbit-Slc,Eastgate Office,BUS,"May 15, 2026",15:30,"1,230,871",LOGOUT,false,Rohan Mikhailov Travel,RXN 836 GP,RXN 836 GP,3,17.96,22.56,"1,778,859,900","1,778,862,300","1,778,859,347","1,778,863,380",NODELAY,0,MANUAL,Electric,false,false,NA,3,3,0
vanta-Sea,Denver Office,BUS,"May 4, 2026",10:00,"4,817,085",LOGIN,false,Sanjay Mikhailov Travel,HDO 648 GP,HDO 648 GP,5,8.65,10.7,"1,777,886,220","1,777,887,900","1,777,884,769","1,777,888,427",NODELAY,0,MANUAL,Petrol,false,false,NA,5,5,0
vanta-Aus,Cedar Ridge Office,CAB,"May 29, 2026",19:15,"1,147,188",LOGOUT,false,Priya Mikhailov Travel,ZIE 708 GP,ZIE 708 GP,3,16.6,17.7,"1,780,083,000","1,780,084,380","1,780,081,561","1,780,085,701",NODELAY,0,AUTO,Electric,false,false,NA,2,2,0
vanta-Sea,Denver Office,BUS,"May 6, 2026",11:00,"4,824,774",LOGIN,false,Sanjay Mikhailov Travel,WVV 263 GP,WVV 263 GP,3,1.65,1.3,"1,778,064,300","1,778,064,900","1,778,064,238","1,778,064,961",NODELAY,0,MANUAL,Electric,false,false,NODAL,2,1,1
vanta-Aus,Cedar Ridge Office,CAB,"May 27, 2026",15:15,"1,142,854",LOGOUT,false,Priya Mikhailov Travel,XNO 394 GP,XNO 394 GP,3,26.74,27.9,"1,779,895,800","1,779,899,520","1,779,894,506","1,779,899,575",NODELAY,0,AUTO,Electric,false,false,HOME,1,1,0
catalyst-Sac,Fairview Commons,CAB,"June 1, 2026",21:30,"1,476,774",LOGOUT,false,Vikram Mikhailov Travel,KVI 122 GP,KVI 122 GP,4,33.33,33.8,"1,780,350,300","1,780,354,980","1,780,349,987","1,780,354,989",NODELAY,0,AUTO,Petrol,false,false,HOME,2,2,0
vanta-Aus,Cedar Ridge Office,CAB,"June 18, 2026",22:15,"1,181,916",LOGOUT,true,Anjali Mikhailov Travel,JYG 611 GP,JYG 611 GP,5,27.97,25.1,"1,781,821,800","1,781,824,860","1,781,820,870","1,781,825,396",NODELAY,0,AUTO,Diesel,false,false,HOME,3,3,1
vanta-Sea,Denver Office,CAB,"June 1, 2026",20:16,"4,902,989",LOGOUT,false,Isha Mikhailov Travel,EAE 864 GP,EAE 864 GP,5,19.2,17.6,"1,780,345,860","1,780,348,740","1,780,344,576","1,780,349,485",NODELAY,0,AUTO,Petrol,false,false,NA,5,5,1
vanta-Aus,Cedar Ridge Office,CAB,"June 19, 2026",19:15,"1,183,935",LOGOUT,false,Priya Mikhailov Travel,UMO 939 GP,UMO 939 GP,3,11.88,6.6,"1,781,897,400","1,781,898,060","1,781,896,398","1,781,898,250",NODELAY,0,AUTO,Electric,false,false,HOME,2,1,1
vanta-Sea,Denver Office,BUS,"June 1, 2026",12:00,"4,901,373",LOGIN,false,Aarav Petrov Travel,BTG 330 GP,BTG 330 GP,3,16.29,16.3,"1,780,311,600","1,780,314,300","1,780,309,929","1,780,314,865",NODELAY,0,MANUAL,Petrol,false,false,NA,2,2,0
vanta-Sea,Denver Office,BUS,"June 1, 2026",11:00,"4,901,132",LOGIN,false,Isha Mikhailov Travel,TSO 051 GP,TSO 051 GP,3,20.38,19.3,"1,780,306,800","1,780,310,700","1,780,305,797","1,780,314,836",TRAFFIC,53,MANUAL,Petrol,false,false,NA,1,1,0
vanta-Aus,Cedar Ridge Office,CAB,"June 22, 2026",20:15,"1,188,221",LOGOUT,false,Priya Mikhailov Travel,NXN 781 GP,NXN 781 GP,3,25.07,25.3,"1,782,160,200","1,782,164,700","1,782,158,922","1,782,164,654",NODELAY,0,AUTO,Electric,false,false,HOME,3,2,1
vanta-Aus,Cedar Ridge Office,CAB,"June 10, 2026",09:00,"1,165,083",LOGIN,false,Priya Mikhailov Travel,HLW 506 GP,HLW 506 GP,3,23.1,6.4,"1,781,077,440","1,781,081,100","1,781,077,462","1,781,081,233",NODELAY,0,AUTO,Electric,false,false,HOME,2,2,0
catalyst-Sac,Santa Clara Office,CAB,"June 12, 2026",20:30,"1,492,963",LOGOUT,false,Vikram Mikhailov Travel,UAO 906 GP,UAO 906 GP,4,15.31,15.32,"1,781,297,100","1,781,299,620","1,781,296,885","1,781,299,916",NODELAY,0,AUTO,Petrol,false,false,HOME,3,3,0
orbit-Slc,Cedar Ridge Office,BUS,"June 11, 2026",11:00,"1,273,295",LOGIN,false,Anjali Mikhailov Travel,EAT 366 GP,EAT 366 GP,3,22.62,25.9,"1,781,167,560","1,781,174,700","1,781,168,214","1,781,175,413",NODELAY,0,MANUAL,Diesel,false,false,HOME,2,2,0
catalyst-Sac,Santa Clara Office,CAB,"May 1, 2026",06:30,"1,441,314",LOGOUT,false,Vikram Mikhailov Travel,XYC 046 GP,XYC 046 GP,4,22.77,21.66,"1,777,617,900","1,777,618,500","1,777,617,593","1,777,620,749",NODELAY,0,AUTO,Petrol,false,false,NA,2,2,0
orbit-Slc,Lakeside Commons,CAB,"May 5, 2026",23:00,"1,214,703",LOGOUT,false,Rahul Mikhailov Travel,SKZ 936 GP,SKZ 936 GP,3,39.67,39.39,"1,778,022,900","1,778,030,040","1,778,023,024","1,778,027,695",NODELAY,0,AUTO,Electric,false,false,HOME,1,1,0
orbit-Slc,Eastgate Office,CAB,"May 19, 2026",22:00,"1,236,770",LOGOUT,false,Rohan Mikhailov Travel,JQV 861 GP,JQV 861 GP,3,14.44,20.69,"1,779,228,900","1,779,231,480","1,779,229,448","1,779,232,544",NODELAY,0,AUTO,Diesel,false,false,HOME,3,3,0
vanta-Aus,Cedar Ridge Office,CAB,"May 11, 2026",15:15,"1,113,695",LOGOUT,false,Sneha Mikhailov Travel,MDO 808 GP,MDO 808 GP,3,18.02,25.8,"1,778,513,400","1,778,517,420","1,778,512,091","1,778,516,659",NODELAY,0,AUTO,Diesel,false,false,NA,2,2,0
catalyst-Sac,Santa Clara Office,CAB,"May 12, 2026",11:30,"1,451,725",LOGIN,false,Vikram Mikhailov Travel,PGJ 973 GP,PGJ 973 GP,4,11.4,11.4,"1,778,580,600","1,778,583,600","1,778,580,651","1,778,583,560",NODELAY,0,AUTO,Petrol,false,false,NA,1,1,0
catalyst-Sac,Redwood City Center,CAB,"May 7, 2026",20:30,"1,448,146",LOGOUT,false,Sanjay Mikhailov Travel,UIC 759 GP,UIC 759 GP,4,17.95,18.3,"1,778,186,700","1,778,189,760","1,778,186,485","1,778,189,990",NODELAY,0,AUTO,Petrol,false,false,NA,1,1,0
orbit-Slc,Eastgate Office,BUS,"May 27, 2026",15:30,"1,249,528",LOGOUT,false,Rohan Mikhailov Travel,KLT 429 GP,KLT 429 GP,3,15.86,20.09,"1,779,896,700","1,779,900,000","1,779,896,470","1,779,899,495",NODELAY,0,MANUAL,Electric,false,false,HOME,3,3,0
vanta-Aus,Cedar Ridge Office,CAB,"May 15, 2026",10:00,"1,121,048",LOGIN,false,Meera Pavlov Travel,PVK 376 GP,PVK 376 GP,3,26.49,27.4,"1,778,834,100","1,778,838,300","1,778,833,924","1,778,838,283",NODELAY,0,AUTO,Diesel,false,false,HOME,2,2,0
catalyst-Sac,Fairview Commons,CAB,"May 26, 2026",20:00,"1,470,051",LOGOUT,false,Arjun Mikhailov Travel,GLX 915 GP,GLX 915 GP,4,36.86,35.71,"1,779,826,500","1,779,832,980","1,779,826,124","1,779,834,356",NODELAY,0,AUTO,Petrol,false,false,NA,2,2,0
catalyst-Sac,Redwood City Center,CAB,"May 21, 2026",06:30,"1,464,982",LOGIN,true,Sanjay Mikhailov Travel,FLP 981 GP,FLP 981 GP,4,23.7,23.9,"1,779,339,720","1,779,343,200","1,779,339,895","1,779,343,364",NODELAY,0,AUTO,Petrol,false,false,HOME,3,4,0
orbit-Slc,Cedar Ridge Office,BUS,"July 17, 2026",11:00,"1,339,198",LOGIN,false,Rahul Mikhailov Travel,OBZ 393 GP,OBZ 393 GP,3,11.78,15.6,"1,784,280,000","1,784,285,100","1,784,279,641","1,784,283,950",NODELAY,0,MANUAL,Electric,false,false,HOME,3,3,0
catalyst-Sac,Santa Clara Office,CAB,"July 15, 2026",21:30,"1,538,264",LOGOUT,true,Vikram Mikhailov Travel,JKV 988 GP,JKV 988 GP,4,23.28,23.3,"1,784,151,900","1,784,155,620","1,784,152,218","1,784,159,538",NODELAY,0,AUTO,Petrol,false,false,NA,3,4,0
vanta-Aus,Cedar Ridge Office,CAB,"July 17, 2026",23:15,"1,235,817",LOGOUT,false,Anjali Mikhailov Travel,KFL 890 GP,KFL 890 GP,5,16.35,15.9,"1,784,331,000","1,784,333,760","1,784,330,062","1,784,332,853",NODELAY,0,AUTO,Diesel,false,false,NA,2,2,0
orbit-Slc,Lakeside Commons,CAB,"July 20, 2026",20:00,"1,344,152",LOGOUT,false,Rahul Mikhailov Travel,ZTR 159 GP,ZTR 159 GP,6,5.43,8.8,"1,784,578,500","1,784,579,400","1,784,578,597","1,784,580,390",NODELAY,0,AUTO,Diesel,false,false,HOME,3,3,0
catalyst-Sac,Santa Clara Office,CAB,"July 29, 2026",07:00,"1,555,374",LOGIN,true,Divya Mikhailov Travel,BDP 271 GP,BDP 271 GP,4,13.93,13.5,"1,785,304,860","1,785,306,600","1,785,303,110","1,785,306,248",NODELAY,0,AUTO,Petrol,false,false,NA,1,2,0
orbit-Slc,Cedar Ridge Office,BUS,"July 29, 2026",15:30,"1,362,427",LOGOUT,false,Rahul Mikhailov Travel,SKS 019 GP,SKS 019 GP,3,29.2,33.76,"1,785,339,900","1,785,343,200","1,785,339,820","1,785,347,832",NODELAY,0,MANUAL,Electric,false,false,NA,2,2,0
orbit-Slc,Lakeside Commons,CAB,"July 31, 2026",22:00,"1,367,623",LOGOUT,false,Rahul Mikhailov Travel,ZLK 227 GP,ZLK 227 GP,3,3.98,5.6,"1,785,536,100","1,785,537,600","1,785,536,165","1,785,537,352",NODELAY,0,AUTO,Diesel,false,false,NA,2,2,0
catalyst-Sac,Crestwood Campus,CAB,"July 23, 2026",15:30,"1,547,516",LOGOUT,false,Divya Mikhailov Travel,GWL 440 GP,GWL 440 GP,4,25.61,26.88,"1,784,821,500","1,784,826,480","1,784,820,794","1,784,825,576",NODELAY,0,AUTO,Petrol,false,false,NA,1,1,0
pinnacle-Slc,Clearwater Campus,CAB,"June 16, 2026",10:30,"3,248,731",LOGIN,false,Rahul Mikhailov Travel,MHT 373 GP,MHT 373 GP,3,9.6,10.3,"1,781,601,960","1,781,605,500","1,781,602,181","1,781,605,818",NODELAY,0,AUTO,Diesel,false,false,NODAL,3,2,0
pinnacle-Slc,Willow Bend Campus,CAB,"June 9, 2026",15:00,"3,214,780",LOGOUT,false,Amit Volkov Travel,AYG 639 GP,AYG 639 GP,3,3.25,3.11,"1,781,017,200","1,781,017,800","1,781,017,563","1,781,019,654",NODELAY,0,AUTO,Diesel,false,false,NODAL,3,3,0
pinnacle-Slc,Willow Bend Campus,CAB,"June 16, 2026",14:30,"3,252,471",LOGOUT,false,Divya Mikhailov Travel,NTN 118 GP,NTN 118 GP,3,8.59,10.03,"1,781,620,200","1,781,621,640","1,781,620,642","1,781,622,343",NODELAY,0,AUTO,Diesel,false,false,NA,1,1,0
vanta-Sea,Denver Office,BUS,"June 23, 2026",16:16,"4,976,290",LOGOUT,false,Karan Mikhailov Travel,XPR 978 GP,XPR 978 GP,3,10.81,11.8,"1,782,231,360","1,782,233,160","1,782,231,206","1,782,234,452",NODELAY,0,MANUAL,Petrol,false,false,HOME,2,2,0
pinnacle-Slc,Clearwater Campus,CAB,"June 17, 2026",10:30,"3,255,907",LOGIN,false,Divya Mikhailov Travel,PPO 987 GP,PPO 987 GP,3,9.98,9.61,"1,781,689,320","1,781,691,900","1,781,690,248","1,781,692,738",NODELAY,0,AUTO,Diesel,false,false,NODAL,1,1,0
pinnacle-Slc,Willow Bend Campus,CAB,"June 11, 2026",14:30,"3,228,888",LOGOUT,false,Divya Mikhailov Travel,FQI 700 GP,FQI 700 GP,3,6.37,6.79,"1,781,188,200","1,781,189,400","1,781,188,215","1,781,191,250",NODELAY,0,AUTO,Diesel,false,false,NA,3,3,0
pinnacle-Slc,Ashford Commons,CAB,"June 12, 2026",Non Shift,"3,239,050",LOGOUT,true,Karan Mikhailov Travel,AHW 793 GP,AHW 793 GP,3,6.85,6.9,"1,781,226,000","1,781,235,780","1,781,231,828","1,781,232,638",EMPLOYEE,83,AUTO,Diesel,false,false,NA,2,2,0
vanta-Sea,Denver Office,CAB,"June 23, 2026",06:00,"4,973,989",LOGIN,false,Anjali Mikhailov Travel,LIE 454 GP,LIE 454 GP,5,4.92,5,"1,782,192,660","1,782,193,500","1,782,192,811","1,782,194,090",NODELAY,0,AUTO,Petrol,false,false,HOME,3,3,0
vanta-Sea,Denver Office,CAB,"June 21, 2026",22:16,"4,969,593",LOGOUT,true,Anjali Mikhailov Travel,BFH 825 GP,BFH 825 GP,3,8.76,8.9,"1,782,081,060","1,782,082,020","1,782,080,079","1,782,081,728",NODELAY,0,AUTO,Petrol,false,false,NA,1,2,0
pinnacle-Slc,Clearwater Campus,CAB,"June 5, 2026",08:30,"3,197,717",LOGIN,false,Sanjay Mikhailov Travel,YAL 662 GP,YAL 662 GP,3,4.26,3.96,"1,780,646,700","1,780,647,900","1,780,647,666","1,780,649,921",DRIVER,13,AUTO,Diesel,false,false,NA,2,2,0
pinnacle-Slc,Willow Bend Campus,CAB,"June 8, 2026",09:30,"3,207,053",LOGIN,false,Divya Kozlov Travel,DNI 298 GP,DNI 298 GP,3,27.14,27.44,"1,780,905,120","1,780,910,700","1,780,905,554","1,780,911,771",NODELAY,0,AUTO,Diesel,false,false,NA,2,2,0
vanta-Sea,Denver Office,CAB,"July 20, 2026",18:16,"5,063,360",LOGOUT,false,Aarav Petrov Travel,EKO 542 GP,EKO 542 GP,3,18.94,20.5,"1,784,572,260","1,784,575,140","1,784,571,307","1,784,577,949",NODELAY,0,AUTO,Petrol,false,false,HOME,1,2,0
vanta-Sea,Denver Office,CAB,"July 21, 2026",20:16,"5,067,648",LOGOUT,true,Aarav Petrov Travel,HSN 939 GP,HSN 939 GP,3,20.73,20.7,"1,784,665,860","1,784,668,560","1,784,665,287","1,784,670,273",NODELAY,0,AUTO,Petrol,false,false,HOME,2,3,0
vanta-Sea,Denver Office,CAB,"July 23, 2026",Non Shift,"5,073,073",LOGOUT,false,Priya Mikhailov Travel,DCR 980 GP,DCR 980 GP,3,15.87,14.2,"1,784,769,900","1,784,773,500","1,784,770,033","1,784,771,510",NODELAY,0,AUTO,Petrol,false,false,NA,1,1,0
vanta-Sea,Denver Office,CAB,"July 30, 2026",19:16,"5,100,597",LOGOUT,false,Aarav Mikhailov Travel,DKL 843 GP,DKL 843 GP,3,26.57,27.4,"1,785,439,860","1,785,442,080","1,785,438,975","1,785,444,048",NODELAY,0,AUTO,Petrol,false,false,HOME,1,1,0
vanta-Sea,Denver Office,CAB,"July 30, 2026",03:16,"5,098,092",LOGOUT,false,Sanjay Mikhailov Travel,GCZ 582 GP,GCZ 582 GP,3,12.32,12.6,"1,785,382,260","1,785,383,400","1,785,381,316","1,785,382,675",NODELAY,0,AUTO,Petrol,false,false,HOME,1,1,0
vanta-Sea,Denver Office,BUS,"July 30, 2026",12:00,"5,098,671",LOGIN,false,Aarav Petrov Travel,HVA 937 GP,HVA 937 GP,12,7.85,4.6,"1,785,411,840","1,785,412,800","1,785,411,272","1,785,412,991",NODELAY,0,MANUAL,Petrol,false,false,HOME,12,10,2
vanta-Sea,Denver Office,CAB,"July 28, 2026",21:16,"5,092,592",LOGOUT,true,Sanjay Mikhailov Travel,BSZ 411 GP,BSZ 411 GP,5,23.58,23.8,"1,785,274,260","1,785,278,460","1,785,273,495","1,785,277,555",NODELAY,0,AUTO,Electric,false,false,HOME,3,4,0
pinnacle-Slc,Willow Bend Campus,CAB,"July 2, 2026",10:30,"3,336,707",LOGIN,false,Sanjay Mikhailov Travel,GDH 009 GP,GDH 009 GP,3,32.47,33.4,"1,782,982,200","1,782,987,900","1,782,983,001","1,782,990,253",EMPLOYEE,19,AUTO,Diesel,false,false,NA,2,2,0
pinnacle-Slc,Clearwater Campus,CAB,"June 26, 2026",09:30,"3,307,712",LOGIN,false,Rohan Mikhailov Travel,ZUC 840 GP,ZUC 840 GP,3,4.7,4.29,"1,782,464,640","1,782,465,900","1,782,464,478","1,782,465,870",NODELAY,0,AUTO,Diesel,false,false,HOME,3,3,0
pinnacle-Slc,Clearwater Campus,CAB,"June 23, 2026",08:30,"3,286,676",LOGIN,false,Rahul Mikhailov Travel,GMV 596 GP,GMV 596 GP,3,5.66,5.5,"1,782,201,120","1,782,203,100","1,782,201,643","1,782,203,073",NODELAY,0,AUTO,Diesel,false,false,NODAL,2,1,0
pinnacle-Slc,Clearwater Campus,CAB,"June 24, 2026",08:30,"3,293,143",LOGIN,false,Sanjay Mikhailov Travel,IPP 101 GP,IPP 101 GP,3,8.89,8.8,"1,782,287,160","1,782,289,500","1,782,287,501","1,782,289,383",NODELAY,0,AUTO,Diesel,false,false,HOME,1,1,0
pinnacle-Slc,Clearwater Campus,CAB,"June 29, 2026",09:30,"3,318,836",LOGIN,false,Sanjay Mikhailov Travel,VKL 771 GP,VKL 771 GP,3,10.13,9.72,"1,782,722,100","1,782,725,100","1,782,722,558","1,782,726,053",NODELAY,0,AUTO,Diesel,false,false,NA,2,2,0
pinnacle-Slc,Oakmont Office,CAB,"June 30, 2026",10:30,"3,324,400",LOGIN,false,Rahul Mikhailov Travel,CNJ 417 GP,CNJ 417 GP,3,1.63,0.6,"1,782,814,140","1,782,815,100","1,782,814,502","1,782,814,675",NODELAY,0,AUTO,Diesel,false,false,NODAL,2,1,0
vanta-Sea,Denver Office,CAB,"May 8, 2026",22:16,"4,834,662",LOGOUT,false,Sanjay Mikhailov Travel,RSM 142 GP,RSM 142 GP,3,25,24.3,"1,778,279,460","1,778,281,380","1,778,278,830","1,778,282,698",NODELAY,0,AUTO,Petrol,false,false,NA,3,3,0
vanta-Sea,Denver Office,CAB,"May 15, 2026",15:16,"4,854,639",LOGOUT,false,Sanjay Mikhailov Travel,ZVI 832 GP,ZVI 832 GP,3,32.15,32.9,"1,778,859,060","1,778,862,780","1,778,857,757","1,778,863,583",NODELAY,0,AUTO,Electric,false,false,NA,1,1,0
vanta-Sea,Denver Office,CAB,"May 8, 2026",05:00,"4,831,429",LOGIN,false,Isha Mikhailov Travel,SIW 990 GP,SIW 990 GP,3,25.05,26.5,"1,778,213,820","1,778,215,500","1,778,213,805","1,778,216,391",NODELAY,0,AUTO,Petrol,false,false,NA,1,1,0
vanta-Sea,Denver Office,BUS,"May 11, 2026",14:00,"4,838,465",LOGIN,false,Sanjay Mikhailov Travel,RDZ 547 GP,RDZ 547 GP,12,19.93,18.5,"1,778,503,800","1,778,507,100","1,778,503,386","1,778,507,330",NODELAY,0,MANUAL,Petrol,false,false,HOME,3,2,1
vanta-Sea,Denver Office,BUS,"May 12, 2026",10:00,"4,841,304",LOGIN,false,Aarav Mikhailov Travel,QIQ 831 GP,QIQ 831 GP,3,21.01,19.4,"1,778,573,340","1,778,579,100","1,778,571,778","1,778,578,740",NODELAY,0,MANUAL,Petrol,false,false,HOME,3,3,0
vanta-Sea,Denver Office,BUS,"May 7, 2026",13:00,"4,829,115",LOGIN,false,Priya Mikhailov Travel,UJO 202 GP,UJO 202 GP,3,19.65,21.3,"1,778,154,240","1,778,157,900","1,778,154,223","1,778,157,360",NODELAY,0,MANUAL,Petrol,false,false,NODAL,2,2,0
vanta-Sea,Denver Office,BUS,"May 12, 2026",09:00,"4,841,095",LOGIN,false,Aarav Mikhailov Travel,VZQ 721 GP,VZQ 721 GP,12,3.39,2.8,"1,778,575,200","1,778,576,100","1,778,574,571","1,778,576,288",NODELAY,0,MANUAL,Petrol,false,false,NA,7,5,2
vanta-Sea,Denver Office,BUS,"May 14, 2026",11:00,"4,849,836",LOGIN,false,Aarav Petrov Travel,OVZ 644 GP,OVZ 644 GP,3,6.92,7.7,"1,778,754,300","1,778,755,500","1,778,754,196","1,778,756,443",NODELAY,0,MANUAL,Petrol,false,false,NA,3,3,0
vanta-Sea,Denver Office,CAB,"May 14, 2026",01:16,"4,849,113",LOGOUT,true,Priya Mikhailov Travel,WLZ 816 GP,WLZ 816 GP,5,8.9,7.6,"1,778,722,260","1,778,723,040","1,778,721,411","1,778,722,554",NODELAY,0,AUTO,Petrol,false,false,NA,3,4,0
vanta-Sea,Denver Office,CAB,"May 23, 2026",00:16,"4,877,241",LOGOUT,false,Aarav Mikhailov Travel,WEZ 538 GP,WEZ 538 GP,3,26.7,27.2,"1,779,496,260","1,779,498,300","1,779,495,183","1,779,500,256",NODELAY,0,AUTO,Petrol,false,false,NA,2,2,0
vanta-Sea,Denver Office,CAB,"May 18, 2026",20:16,"4,861,147",LOGOUT,false,Isha Mikhailov Travel,VVG 208 GP,VVG 208 GP,3,31.79,22.9,"1,779,136,260","1,779,142,380","1,779,135,265","1,779,141,047",NODELAY,0,AUTO,Petrol,false,false,NA,2,2,0
vanta-Sea,Denver Office,CAB,"May 19, 2026",17:16,"4,864,159",LOGOUT,false,Aarav Mikhailov Travel,FLW 674 GP,FLW 674 GP,3,9.45,7.4,"1,779,211,860","1,779,212,520","1,779,211,102","1,779,213,223",NODELAY,0,AUTO,Petrol,false,false,NA,2,1,1
vanta-Sea,Denver Office,CAB,"May 20, 2026",08:00,"4,865,947",LOGIN,false,Priya Mikhailov Travel,YZB 757 GP,YZB 757 GP,3,8.92,7.2,"1,779,261,720","1,779,263,100","1,779,262,503","1,779,263,686",NODELAY,0,AUTO,Electric,false,false,HOME,2,1,1
vanta-Sea,Denver Office,BUS,"May 22, 2026",11:00,"4,874,307",LOGIN,false,Isha Mikhailov Travel,EHI 275 GP,EHI 275 GP,12,3.55,3.4,"1,779,445,920","1,779,447,300","1,779,444,819","1,779,447,427",NODELAY,0,MANUAL,Petrol,false,false,HOME,12,7,4
vanta-Sea,Denver Office,BUS,"May 19, 2026",18:30,"4,864,465",LOGOUT,false,Priya Mikhailov Travel,LAC 166 GP,LAC 166 GP,12,6.05,5.1,"1,779,215,400","1,779,219,120","1,779,215,600","1,779,218,696",NODELAY,0,MANUAL,Petrol,false,false,NA,9,9,1
vanta-Sea,Denver Office,CAB,"July 30, 2026",20:16,"5,100,868",LOGOUT,true,Aarav Petrov Travel,QXS 102 GP,QXS 102 GP,5,16.48,17,"1,785,443,460","1,785,445,620","1,785,442,459","1,785,446,166",NODELAY,0,AUTO,Petrol,false,false,HOME,4,5,1
pinnacle-Slc,Oakmont Office,CAB,"July 2, 2026",14:30,"3,339,820",LOGOUT,false,Aarav Mikhailov Travel,BBZ 730 GP,BBZ 730 GP,3,6.11,7.19,"1,783,002,600","1,783,004,280","1,783,003,175","1,783,005,973",EMPLOYEE,12,AUTO,Diesel,false,false,NA,2,2,0
vanta-Sea,Denver Office,BUS,"July 31, 2026",19:30,"5,105,214",LOGOUT,false,Priya Mikhailov Travel,LIG 270 GP,LIG 270 GP,12,3,4.1,"1,785,526,200","1,785,528,120","1,785,526,287","1,785,527,976",NODELAY,0,MANUAL,Petrol,false,false,NODAL,1,1,0
pinnacle-Slc,Clearwater Campus,CAB,"July 8, 2026",Non Shift,"3,372,790",LOGOUT,false,Karan Mikhailov Travel,MQJ 859 GP,MQJ 859 GP,3,9.87,8.7,"1,783,540,800","1,783,544,400","1,783,541,867","1,783,543,667",EMPLOYEE,2,AUTO,Diesel,false,false,NA,1,1,0
pinnacle-Slc,Oakmont Office,CAB,"July 7, 2026",10:30,"3,356,874",LOGIN,false,Rohan Mikhailov Travel,FXV 905 GP,FXV 905 GP,3,5.11,5.03,"1,783,417,380","1,783,419,900","1,783,418,224","1,783,420,196",NODELAY,0,AUTO,Diesel,false,false,NA,3,2,0
pinnacle-Slc,Oakmont Office,CAB,"July 9, 2026",13:00,"3,369,828",LOGIN,false,Amit Mikhailov Travel,BKS 457 GP,BKS 457 GP,3,17.59,17.7,"1,783,598,280","1,783,601,700","1,783,597,800","1,783,601,715",NODELAY,0,AUTO,Diesel,false,false,NA,2,1,0
pinnacle-Slc,Clearwater Campus,CAB,"July 13, 2026",16:30,"3,387,324",LOGOUT,false,Rahul Orlov Travel,BLF 300 GP,BLF 300 GP,3,27.53,25.01,"1,783,960,200","1,783,965,300","1,783,958,891","1,783,963,977",NODELAY,0,AUTO,Diesel,false,false,NA,2,1,0
pinnacle-Slc,Clearwater Campus,CAB,"July 13, 2026",13:30,"3,387,091",LOGOUT,false,Pooja Mikhailov Travel,KQG 266 GP,KQG 266 GP,3,30.78,9.5,"1,783,949,400","1,783,953,840","1,783,949,199","1,783,954,427",NODELAY,0,AUTO,Diesel,false,false,NA,3,3,0
pinnacle-Slc,Willow Bend Campus,CAB,"July 14, 2026",17:30,"3,392,292",LOGOUT,false,Divya Mikhailov Travel,RCB 891 GP,RCB 891 GP,3,5.86,7.7,"1,784,050,200","1,784,052,060","1,784,049,685","1,784,052,639",NODELAY,0,AUTO,Diesel,false,false,NA,2,2,0
vanta-Sea,Denver Office,CAB,"June 30, 2026",17:16,"4,999,788",LOGOUT,false,Aarav Mikhailov Travel,BBV 133 GP,BBV 133 GP,3,18.61,19.3,"1,782,840,660","1,782,843,300","1,782,840,661","1,782,845,136",NODELAY,0,AUTO,Petrol,false,false,HOME,1,1,0
pinnacle-Slc,Oakmont Office,CAB,"June 15, 2026",15:30,"3,244,370",LOGOUT,false,Sanjay Mikhailov Travel,RJG 014 GP,RJG 014 GP,3,9.19,8.7,"1,781,537,400","1,781,539,020","1,781,537,760","1,781,540,160",NODELAY,0,AUTO,Diesel,false,false,NODAL,3,2,0
vanta-Sea,Denver Office,BUS,"June 30, 2026",13:00,"4,998,578",LOGIN,false,Anjali Mikhailov Travel,XPF 642 GP,XPF 642 GP,12,11.68,10.7,"1,782,821,280","1,782,823,500","1,782,821,151","1,782,823,899",NODELAY,0,MANUAL,Petrol,false,false,HOME,9,7,2
pinnacle-Slc,Clearwater Campus,CAB,"June 15, 2026",10:30,"3,245,404",LOGIN,false,Divya Mikhailov Travel,AMQ 254 GP,AMQ 254 GP,3,9.95,10.15,"1,781,515,260","1,781,519,100","1,781,517,737","1,781,521,136",DRIVER,13,AUTO,Diesel,false,false,HOME,3,2,0
pinnacle-Slc,Oakmont Office,CAB,"June 19, 2026",08:30,"3,273,551",LOGIN,false,Amit Mikhailov Travel,NRD 798 GP,NRD 798 GP,3,9.06,9.79,"1,781,854,740","1,781,857,500","1,781,855,733","1,781,858,502",NODELAY,0,AUTO,Diesel,false,false,NODAL,3,2,0
pinnacle-Slc,Willow Bend Campus,CAB,"June 19, 2026",15:30,"3,275,453",LOGOUT,false,Rohan Mikhailov Travel,NUG 366 GP,NUG 366 GP,3,5.71,5.86,"1,781,883,000","1,781,884,080","1,781,883,255","1,781,885,200",NODELAY,0,AUTO,Diesel,false,false,NODAL,1,1,0
pinnacle-Slc,Oakmont Office,CAB,"June 23, 2026",20:30,"3,290,775",LOGOUT,false,Aarav Mikhailov Travel,DKT 229 GP,DKT 229 GP,3,6.08,6.1,"1,782,246,600","1,782,247,860","1,782,246,680","1,782,247,890",NODELAY,0,AUTO,Diesel,false,false,NA,1,1,0
pinnacle-Slc,Willow Bend Campus,CAB,"May 19, 2026",13:30,"3,124,038",LOGOUT,false,Rohan Mikhailov Travel,XVG 739 GP,XVG 739 GP,3,10.64,10.6,"1,779,197,400","1,779,198,120","1,779,197,684","1,779,200,251",NODELAY,0,AUTO,Diesel,false,false,NA,2,2,0
pinnacle-Slc,Clearwater Campus,CAB,"May 22, 2026",08:30,"3,141,599",LOGIN,false,Divya Mikhailov Travel,HOO 191 GP,HOO 191 GP,3,4.69,6.2,"1,779,436,500","1,779,438,300","1,779,436,699","1,779,438,212",NODELAY,0,AUTO,Diesel,false,false,HOME,3,2,0
pinnacle-Slc,Clearwater Campus,CAB,"May 27, 2026",10:30,"3,160,345",LOGIN,false,Pooja Mikhailov Travel,TBO 292 GP,TBO 292 GP,3,1.93,1.4,"1,779,876,840","1,779,877,500","1,779,876,873","1,779,877,250",NODELAY,0,AUTO,Diesel,false,false,NODAL,1,1,0
pinnacle-Slc,Oakmont Office,SPOT_2.0,"May 30, 2026",Non Shift,"3,172,974",LOGIN,false,Pooja Mikhailov Travel,PEM 233 GP,FEE 081 GP,3,0,42.19,"1,780,174,800","1,780,179,291","1,780,173,282","1,780,182,299",TRAFFIC,30,RENTLZ,Diesel,false,false,NA,1,1,0
pinnacle-Slc,Clearwater Campus,CAB,"May 25, 2026",09:00,"3,151,185",LOGIN,false,Divya Mikhailov Travel,DUB 532 GP,DUB 532 GP,3,18.97,16.72,"1,779,694,680","1,779,699,300","1,779,695,115","1,779,699,470",NODELAY,0,AUTO,Diesel,false,false,HOME,3,3,0
pinnacle-Slc,Oakmont Office,CAB,"May 27, 2026",15:30,"3,163,654",LOGOUT,false,Rohan Mikhailov Travel,AJZ 991 GP,AJZ 991 GP,3,4.14,5.46,"1,779,895,800","1,779,896,700","1,779,896,768","1,779,898,784",DRIVER,2,AUTO,Diesel,false,false,NA,1,1,0
pinnacle-Slc,Clearwater Campus,CAB,"July 29, 2026",09:30,"3,464,418",LOGIN,false,Arjun Mikhailov Travel,AAZ 672 GP,AAZ 672 GP,3,9.69,9.62,"1,785,313,920","1,785,317,100","1,785,316,285","1,785,320,628",DRIVER,38,AUTO,Diesel,false,false,NA,3,2,0
pinnacle-Slc,San Jose Commons,SPOT_2.0,"July 29, 2026",Non Shift,"3,467,795",LOGIN,false,Pooja Sokolov Travel,CKA 704 GP,COM 464 GP,3,0,42.55,"1,785,340,200","1,785,344,532","1,785,341,099","1,785,347,895",TRAFFIC,36,RENTLZ,Diesel,false,false,NA,0,2,0
pinnacle-Slc,Willow Bend Campus,CAB,"July 31, 2026",15:00,"3,482,035",LOGOUT,false,Sanjay Mikhailov Travel,TAT 491 GP,TAT 491 GP,3,6.32,6.2,"1,785,510,000","1,785,511,260","1,785,509,791","1,785,511,978",NODELAY,0,AUTO,Diesel,false,false,HOME,2,2,0
pinnacle-Slc,Oakmont Office,CAB,"July 30, 2026",13:30,"3,471,808",LOGIN,false,Sanjay Mikhailov Travel,KLM 081 GP,KLM 081 GP,3,31.17,30.66,"1,785,412,620","1,785,417,900","1,785,412,926","1,785,419,234",EMPLOYEE,2,AUTO,Diesel,false,false,NA,1,1,0
vanta-Sea,Denver Office,BUS,"June 3, 2026",18:30,"4,910,873",LOGOUT,false,Isha Mikhailov Travel,LOZ 136 GP,LOZ 136 GP,12,5.42,4.8,"1,780,511,400","1,780,514,700","1,780,510,814","1,780,513,169",NODELAY,0,MANUAL,Petrol,false,false,HOME,4,4,0
vanta-Aus,Cedar Ridge Office,CAB,"June 29, 2026",10:00,"1,199,602",LOGIN,false,Meera Pavlov Travel,CPA 087 GP,CPA 087 GP,3,18.45,15.3,"1,782,722,700","1,782,726,300","1,782,722,505","1,782,725,155",NODELAY,0,AUTO,Electric,false,false,NODAL,2,2,0
vanta-Aus,Cedar Ridge Office,CAB,"June 29, 2026",19:00,"1,200,614",LOGIN,false,Meera Pavlov Travel,RJF 984 GP,RJF 984 GP,3,23.01,23.1,"1,782,754,380","1,782,758,700","1,782,754,392","1,782,758,252",NODELAY,0,AUTO,Diesel,false,false,HOME,2,2,0
catalyst-Sac,Fairview Commons,CAB,"June 15, 2026",21:30,"1,494,606",LOGOUT,false,Sanjay Mikhailov Travel,HKM 720 GP,HKM 720 GP,4,29.61,29.7,"1,781,559,900","1,781,561,280","1,781,559,924","1,781,564,241",NODELAY,0,AUTO,Petrol,false,false,HOME,2,2,0
vanta-Aus,Cedar Ridge Office,CAB,"June 15, 2026",13:00,"1,173,977",LOGIN,false,Sneha Mikhailov Travel,ZRW 743 GP,ZRW 743 GP,3,6.33,5.1,"1,781,525,340","1,781,527,500","1,781,525,315","1,781,526,234",NODELAY,0,AUTO,Diesel,false,false,HOME,1,1,0
orbit-Slc,Eastgate Office,CAB,"June 16, 2026",00:00,"1,280,802",LOGOUT,false,Rohan Mikhailov Travel,ODS 107 GP,ODS 107 GP,3,16.27,17.6,"1,781,568,900","1,781,570,400","1,781,569,417","1,781,571,294",NODELAY,0,AUTO,Diesel,false,false,HOME,2,2,0
vanta-Sea,Denver Office,BUS,"June 4, 2026",13:00,"4,914,064",LOGIN,false,Anjali Mikhailov Travel,ROB 665 GP,ROB 665 GP,3,29.16,27.4,"1,780,572,300","1,780,577,100","1,780,572,039","1,780,578,650",TRAFFIC,10,MANUAL,Petrol,false,false,NA,3,2,1
vanta-Sea,Denver Office,CAB,"June 3, 2026",21:16,"4,911,461",LOGOUT,true,Sanjay Mikhailov Travel,GWS 614 GP,GWS 614 GP,5,36.28,20.6,"1,780,522,260","1,780,525,440","1,780,521,789","1,780,527,841",NODELAY,0,AUTO,Petrol,false,false,NA,4,5,0
catalyst-Sac,Fairview Commons,CAB,"June 22, 2026",20:00,"1,503,973",LOGOUT,false,Arjun Mikhailov Travel,FOK 831 GP,FOK 831 GP,4,26.89,26.91,"1,782,159,300","1,782,160,680","1,782,158,825","1,782,164,081",NODELAY,0,AUTO,Petrol,false,false,NA,4,4,0
catalyst-Sac,Santa Clara Office,CAB,"June 22, 2026",19:00,"1,503,578",LOGIN,false,Divya Mikhailov Travel,OGO 162 GP,OGO 162 GP,6,21.5,20.42,"1,782,147,540","1,782,153,000","1,782,147,792","1,782,154,457",DRIVER,9,AUTO,Petrol,false,false,NA,6,6,0
orbit-Slc,Cedar Ridge Office,BUS,"June 24, 2026",15:30,"1,297,766",LOGOUT,false,Anjali Mikhailov Travel,JUV 136 GP,JUV 136 GP,3,19.1,23.2,"1,782,315,900","1,782,318,900","1,782,315,506","1,782,321,789",NODELAY,0,MANUAL,Diesel,false,false,NA,2,2,0
orbit-Slc,Lakeside Commons,CAB,"June 25, 2026",06:30,"1,298,341",LOGIN,true,Anjali Mikhailov Travel,CZF 703 GP,CZF 703 GP,6,22.9,29,"1,782,364,800","1,782,368,100","1,782,362,052","1,782,367,860",NODELAY,0,AUTO,Diesel,false,false,HOME,3,4,0
catalyst-Sac,Santa Clara Office,CAB,"June 26, 2026",01:30,"1,511,506",LOGOUT,false,Vikram Mikhailov Travel,TYG 678 GP,TYG 678 GP,4,10.24,9.69,"1,782,438,300","1,782,438,900","1,782,438,403","1,782,439,617",NODELAY,0,AUTO,Petrol,false,false,NA,4,4,0
vanta-Sea,Denver Office,CAB,"May 20, 2026",22:00,"4,867,689",LOGIN,false,Sanjay Mikhailov Travel,QXE 065 GP,QXE 065 GP,3,19.37,19.5,"1,779,310,980","1,779,313,500","1,779,310,725","1,779,314,056",NODELAY,0,AUTO,Petrol,false,false,HOME,1,1,0
pinnacle-Slc,Oakmont Office,CAB,"May 4, 2026",14:30,"3,057,030",LOGOUT,false,Divya Mikhailov Travel,DQP 370 GP,DQP 370 GP,3,17.88,18,"1,777,905,000","1,777,907,700","1,777,905,252","1,777,907,987",NODELAY,0,AUTO,Diesel,false,false,NA,1,1,0
vanta-Sea,Denver Office,CAB,"May 26, 2026",05:16,"4,884,308",LOGOUT,true,Aarav Petrov Travel,RIN 845 GP,RIN 845 GP,3,24.04,24.7,"1,779,773,460","1,779,775,620","1,779,772,268","1,779,774,792",NODELAY,0,AUTO,Petrol,false,false,NA,1,2,0
vanta-Sea,Denver Office,BUS,"May 27, 2026",14:00,"4,888,244",LOGIN,false,Anjali Mikhailov Travel,OOW 735 GP,OOW 735 GP,12,11.85,10.7,"1,779,886,500","1,779,889,500","1,779,884,844","1,779,888,397",NODELAY,0,MANUAL,Petrol,false,false,NA,4,4,0
vanta-Sea,Denver Office,CAB,"May 27, 2026",08:00,"4,887,138",LOGIN,false,Sanjay Mikhailov Travel,UGP 890 GP,UGP 890 GP,5,17.39,17.4,"1,779,865,500","1,779,867,900","1,779,865,596","1,779,868,965",TRAFFIC,2,AUTO,Petrol,false,false,HOME,3,3,0
pinnacle-Slc,Willow Bend Campus,CAB,"May 4, 2026",07:30,"3,055,513",LOGIN,false,Rohan Mikhailov Travel,VMH 588 GP,VMH 588 GP,3,32.28,32.13,"1,777,875,240","1,777,879,500","1,777,875,454","1,777,878,722",NODELAY,0,AUTO,Diesel,false,false,NA,1,1,0
pinnacle-Slc,Clearwater Campus,CAB,"May 4, 2026",14:30,"3,057,297",LOGOUT,false,Rahul Orlov Travel,PPO 002 GP,PPO 002 GP,3,23.2,19.03,"1,777,905,000","1,777,908,360","1,777,904,358","1,777,907,300",NODELAY,0,AUTO,Diesel,false,false,HOME,1,1,0
pinnacle-Slc,Willow Bend Campus,CAB,"May 5, 2026",15:00,"3,063,112",LOGOUT,false,Arjun Mikhailov Travel,KFT 181 GP,KFT 181 GP,3,5,6.7,"1,777,993,200","1,777,994,760","1,777,993,691","1,777,995,335",NODELAY,0,AUTO,Diesel,false,false,NA,2,2,0
pinnacle-Slc,Oakmont Office,CAB,"May 6, 2026",13:30,"3,067,931",LOGOUT,false,Pooja Mikhailov Travel,OLK 579 GP,OLK 579 GP,3,21.58,23.47,"1,778,074,200","1,778,078,280","1,778,075,024","1,778,079,466",NODELAY,0,AUTO,Diesel,false,false,NA,1,1,0
catalyst-Sac,Fairview Commons,CAB,"July 27, 2026",22:30,"1,552,687",LOGOUT,false,Arjun Mikhailov Travel,HZK 576 GP,HZK 576 GP,4,4.05,3.9,"1,785,192,300","1,785,193,260","1,785,192,154","1,785,192,824",NODELAY,0,AUTO,Petrol,false,false,NA,1,1,0
vanta-Sea,Denver Office,BUS,"July 7, 2026",10:00,"5,020,992",LOGIN,false,Aarav Mikhailov Travel,EDL 147 GP,EDL 147 GP,3,7.03,6.62,"1,783,415,280","1,783,417,500","1,783,414,424","1,783,418,767",TRAFFIC,6,SHUTTLE_SERVICE,Electric,false,false,HOME,3,3,0
vanta-Aus,Cedar Ridge Office,CAB,"July 27, 2026",10:00,"1,249,528",LOGIN,false,Sneha Mikhailov Travel,NTT 261 GP,NTT 261 GP,3,18.37,18.5,"1,785,141,600","1,785,145,500","1,785,141,638","1,785,145,757",NODELAY,0,AUTO,Diesel,false,false,HOME,3,2,1
vanta-Aus,Cedar Ridge Office,CAB,"July 30, 2026",12:00,"1,256,339",LOGIN,false,Meera Pavlov Travel,APW 658 GP,APW 658 GP,3,24.54,26,"1,785,406,500","1,785,411,900","1,785,406,595","1,785,413,073",TRAFFIC,4,AUTO,Diesel,false,false,HOME,3,3,0
vanta-Sea,Denver Office,BUS,"July 16, 2026",13:00,"5,052,002",LOGIN,false,Sanjay Mikhailov Travel,LKX 935 GP,LKX 935 GP,12,8.93,10.5,"1,784,204,940","1,784,205,900","1,784,204,270","1,784,206,842",NODELAY,0,MANUAL,Petrol,false,false,HOME,3,2,1
vanta-Sea,Denver Office,BUS,"July 17, 2026",15:16,"5,057,321",LOGOUT,false,Aarav Mikhailov Travel,UNR 915 GP,UNR 915 GP,3,12.8,14.9,"1,784,301,360","1,784,301,540","1,784,300,629","1,784,304,591",NODELAY,0,MANUAL,Petrol,false,false,HOME,2,2,0
vanta-Sea,Denver Office,BUS,"July 14, 2026",14:00,"5,043,176",LOGIN,false,Isha Mikhailov Travel,BIX 891 GP,BIX 891 GP,3,25.18,15.05,"1,784,034,780","1,784,036,700","1,784,034,556","1,784,038,571",TRAFFIC,16,SHUTTLE_SERVICE,Petrol,false,false,HOME,1,1,0
vanta-Sea,Denver Office,CAB,"July 20, 2026",21:16,"5,064,060",LOGOUT,false,Isha Mikhailov Travel,WLV 703 GP,WLV 703 GP,3,18.08,18.3,"1,784,583,060","1,784,587,140","1,784,582,085","1,784,585,949",NODELAY,0,AUTO,Petrol,false,false,HOME,3,3,0
vanta-Sea,Denver Office,CAB,"June 10, 2026",22:16,"4,933,743",LOGOUT,false,Isha Mikhailov Travel,LRP 159 GP,LRP 159 GP,3,37.37,38.3,"1,781,130,660","1,781,135,400","1,781,129,945","1,781,135,204",NODELAY,0,AUTO,Petrol,false,false,NA,2,2,0
orbit-Slc,Cedar Ridge Office,CAB,"June 25, 2026",22:00,"1,300,528",LOGOUT,false,Anjali Mikhailov Travel,XQI 710 GP,XQI 710 GP,6,16.1,14.5,"1,782,425,700","1,782,427,500","1,782,426,060","1,782,428,760",NODELAY,0,AUTO,Diesel,false,false,HOME,3,2,1
vanta-Sea,Denver Office,BUS,"June 8, 2026",09:00,"4,922,820",LOGIN,false,Priya Mikhailov Travel,OOM 170 GP,OOM 170 GP,3,8.4,9.3,"1,780,906,200","1,780,908,300","1,780,906,021","1,780,908,112",NODELAY,0,MANUAL,Petrol,false,false,HOME,1,1,0
vanta-Sea,Denver Office,CAB,"June 10, 2026",19:16,"4,932,890",LOGOUT,false,Rohan Mikhailov Travel,CAD 431 GP,CAD 431 GP,12,9.06,8.3,"1,781,119,860","1,781,120,280","1,781,118,565","1,781,121,294",NODELAY,0,AUTO,Petrol,false,false,NA,5,5,0
vanta-Sea,Denver Office,CAB,"June 8, 2026",17:16,"4,924,686",LOGOUT,false,Aarav Mikhailov Travel,VYL 616 GP,VYL 616 GP,5,10.14,11.1,"1,780,939,860","1,780,941,120","1,780,938,652","1,780,942,028",NODELAY,0,AUTO,Petrol,false,false,NA,3,2,1
vanta-Sea,Denver Office,CAB,"June 5, 2026",21:16,"4,919,821",LOGOUT,true,Isha Mikhailov Travel,OME 195 GP,OME 195 GP,3,24.15,24.7,"1,780,695,060","1,780,698,720","1,780,694,255","1,780,698,560",NODELAY,0,AUTO,Petrol,false,false,NA,1,3,0
vanta-Sea,Denver Office,CAB,"June 8, 2026",20:16,"4,925,269",LOGOUT,false,Sanjay Mikhailov Travel,NMK 206 GP,NMK 206 GP,3,20.26,20.5,"1,780,950,660","1,780,952,820","1,780,949,808","1,780,954,516",NODELAY,0,AUTO,Petrol,false,false,NA,1,1,0
vanta-Sea,Denver Office,BUS,"June 18, 2026",12:00,"4,959,431",LOGIN,false,Sanjay Mikhailov Travel,YQI 314 GP,YQI 314 GP,12,4.24,3.5,"1,781,782,680","1,781,783,700","1,781,782,800","1,781,784,434",NODELAY,0,MANUAL,Petrol,false,false,NODAL,3,2,1
pinnacle-Slc,Clearwater Campus,CAB,"May 13, 2026",15:30,"3,101,024",LOGOUT,false,Rahul Mikhailov Travel,LCF 102 GP,LCF 102 GP,3,5.13,4.6,"1,778,686,200","1,778,687,280","1,778,686,678","1,778,687,752",NODELAY,0,AUTO,Diesel,false,false,NA,3,1,1
pinnacle-Slc,Clearwater Campus,CAB,"May 15, 2026",21:30,"3,108,979",LOGIN,true,Rohan Mikhailov Travel,DMM 420 GP,DMM 420 GP,3,1.9,1.6,"1,778,879,580","1,778,880,300","1,778,878,447","1,778,879,811",NODELAY,0,AUTO,Diesel,false,false,HOME,2,2,0
pinnacle-Slc,Clearwater Campus,CAB,"May 14, 2026",09:00,"3,102,603",LOGIN,false,Rahul Mikhailov Travel,NOD 974 GP,NOD 974 GP,3,2.41,1.51,"1,778,747,820","1,778,748,900","1,778,747,961","1,778,749,470",NODELAY,0,AUTO,Diesel,false,false,NODAL,2,2,0
pinnacle-Slc,Oakmont Office,CAB,"May 14, 2026",18:00,"3,104,599",LOGIN,false,Sanjay Mikhailov Travel,FND 148 GP,FND 148 GP,3,23.56,21.9,"1,778,775,000","1,778,781,300","1,778,775,316","1,778,780,108",NODELAY,0,AUTO,Diesel,false,false,NA,3,3,0
pinnacle-Slc,Clearwater Campus,CAB,"May 19, 2026",14:30,"3,126,798",LOGOUT,false,Rahul Morozov Travel,BPD 422 GP,BPD 422 GP,3,7.51,7.44,"1,779,201,000","1,779,202,260","1,779,201,574","1,779,203,905",EMPLOYEE,5,AUTO,Diesel,false,false,NA,2,2,0
pinnacle-Slc,Willow Bend Campus,CAB,"May 20, 2026",15:00,"3,131,418",LOGOUT,false,Sanjay Mikhailov Travel,YWO 001 GP,YWO 001 GP,3,6.84,7.14,"1,779,289,200","1,779,290,100","1,779,289,527","1,779,291,789",NODELAY,0,AUTO,Diesel,false,false,NA,3,3,0
pinnacle-Slc,Clearwater Campus,CAB,"May 19, 2026",17:30,"3,126,354",LOGOUT,false,Amit Mikhailov Travel,BCG 701 GP,BCG 701 GP,3,8.95,8.88,"1,779,211,800","1,779,213,540","1,779,212,347","1,779,214,557",NODELAY,0,AUTO,Diesel,false,false,NA,1,1,0
pinnacle-Slc,Willow Bend Campus,CAB,"May 13, 2026",08:30,"3,097,317",LOGIN,false,Rohan Mikhailov Travel,FOU 652 GP,FOU 652 GP,3,4.13,4.82,"1,778,658,900","1,778,660,700","1,778,659,323","1,778,660,763",NODELAY,0,AUTO,Diesel,false,false,SHUTTLE,3,1,0
pinnacle-Slc,Clearwater Campus,CAB,"May 15, 2026",15:30,"3,112,714",LOGOUT,false,Arjun Mikhailov Travel,ZMM 193 GP,ZMM 193 GP,3,19.85,18.86,"1,778,859,000","1,778,861,580","1,778,859,088","1,778,862,764",NODELAY,0,AUTO,Diesel,false,false,NA,3,3,0
catalyst-Sac,Santa Clara Office,CAB,"July 7, 2026",07:00,"1,524,212",LOGIN,true,Vikram Mikhailov Travel,RYS 199 GP,RYS 199 GP,4,15.32,15.31,"1,783,402,500","1,783,405,800","1,783,401,023","1,783,405,280",NODELAY,0,AUTO,Petrol,false,false,NA,2,3,0
orbit-Slc,Eastgate Office,CAB,"July 13, 2026",20:00,"1,331,090",LOGOUT,false,Rohan Mikhailov Travel,WGN 522 GP,WGN 522 GP,6,16.38,19.3,"1,783,973,700","1,783,975,440","1,783,973,413","1,783,977,178",NODELAY,0,AUTO,Diesel,false,false,HOME,4,3,1
orbit-Slc,Cedar Ridge Office,BUS,"July 3, 2026",15:30,"1,315,357",LOGOUT,false,Anjali Mikhailov Travel,OPN 365 GP,OPN 365 GP,3,17.77,16.6,"1,783,093,500","1,783,097,100","1,783,093,166","1,783,097,808",NODELAY,0,MANUAL,Diesel,false,false,HOME,2,2,0
vanta-Aus,Cedar Ridge Office,CAB,"July 7, 2026",10:00,"1,214,479",LOGIN,false,Sneha Mikhailov Travel,XIT 133 GP,XIT 133 GP,3,4.65,4.6,"1,783,415,280","1,783,417,500","1,783,415,628","1,783,417,061",NODELAY,0,AUTO,Electric,false,false,HOME,2,2,0
catalyst-Sac,Santa Clara Office,CAB,"July 8, 2026",00:30,"1,526,136",LOGOUT,false,Rohan Mikhailov Travel,HRV 741 GP,HRV 741 GP,4,27.27,25.93,"1,783,471,500","1,783,475,580","1,783,471,590","1,783,475,047",NODELAY,0,AUTO,Petrol,false,false,NA,3,3,0
vanta-Aus,Cedar Ridge Office,CAB,"July 7, 2026",14:00,"1,214,912",LOGIN,false,Sneha Mikhailov Travel,TPB 043 GP,TPB 043 GP,5,30.58,28.7,"1,783,428,120","1,783,431,900","1,783,428,111","1,783,431,581",NODELAY,0,AUTO,Diesel,false,false,HOME,2,1,1
vanta-Aus,Cedar Ridge Office,CAB,"July 9, 2026",21:15,"1,220,558",LOGOUT,false,Sanjay Mikhailov Travel,MWJ 692 GP,MWJ 692 GP,3,11.91,14.8,"1,783,632,600","1,783,634,880","1,783,631,498","1,783,635,269",NODELAY,0,AUTO,Electric,false,false,HOME,3,3,0
vanta-Aus,Cedar Ridge Office,CAB,"July 13, 2026",10:00,"1,225,171",LOGIN,false,Priya Mikhailov Travel,EOA 431 GP,EOA 431 GP,3,11.47,8,"1,783,933,020","1,783,935,900","1,783,934,412","1,783,936,257",NODELAY,0,AUTO,Electric,false,false,HOME,3,2,1
orbit-Slc,Eastgate Office,CAB,"July 14, 2026",07:00,"1,331,978",LOGOUT,false,Rohan Mikhailov Travel,WGN 522 GP,WGN 522 GP,6,19.17,22.7,"1,784,013,300","1,784,016,600","1,784,012,413","1,784,014,148",NODELAY,0,AUTO,Diesel,false,false,HOME,1,1,0
catalyst-Sac,Crestwood Campus,CAB,"July 10, 2026",19:00,"1,531,347",LOGIN,false,Vikram Mikhailov Travel,QGM 129 GP,QGM 129 GP,4,27.56,28.98,"1,783,701,000","1,783,708,200","1,783,700,692","1,783,706,805",NODELAY,0,AUTO,Petrol,false,false,NA,1,1,0
vanta-Aus,Cedar Ridge Office,CAB,"July 12, 2026",21:00,"1,224,367",LOGIN,true,Sneha Mikhailov Travel,DNB 609 GP,DNB 609 GP,3,15.19,14.2,"1,783,885,500","1,783,889,100","1,783,884,676","1,783,887,976",NODELAY,0,AUTO,Electric,false,false,HOME,1,2,0
orbit-Slc,Eastgate Office,CAB,"July 16, 2026",05:30,"1,336,734",LOGIN,true,Rohan Mikhailov Travel,IZR 782 GP,IZR 782 GP,6,19.29,18.9,"1,784,176,500","1,784,178,900","1,784,173,553","1,784,178,127",NODELAY,0,AUTO,Diesel,false,false,HOME,1,2,0
catalyst-Sac,Fairview Commons,CAB,"July 18, 2026",04:30,"1,542,206",LOGOUT,false,Arjun Mikhailov Travel,BKT 224 GP,BKT 224 GP,6,10.86,10.9,"1,784,349,900","1,784,351,280","1,784,349,815","1,784,351,282",NODELAY,0,AUTO,Petrol,false,false,NA,1,1,0
vanta-Aus,Cedar Ridge Office,CAB,"July 15, 2026",15:15,"1,230,509",LOGOUT,false,Anjali Mikhailov Travel,IJD 156 GP,IJD 156 GP,6,7.9,9.4,"1,784,129,400","1,784,131,800","1,784,128,432","1,784,130,608",NODELAY,0,AUTO,Electric,false,false,NA,1,1,0
vanta-Sea,Denver Office,CAB,"June 16, 2026",20:16,"4,952,929",LOGOUT,true,Anjali Mikhailov Travel,AVM 079 GP,AVM 079 GP,5,14.02,15.3,"1,781,641,860","1,781,643,180","1,781,640,920","1,781,646,028",NODELAY,0,AUTO,Petrol,false,false,NA,3,4,0
vanta-Sea,Denver Office,CAB,"June 16, 2026",23:16,"4,953,745",LOGOUT,true,Anjali Mikhailov Travel,TEF 968 GP,TEF 968 GP,3,21,24.4,"1,781,652,660","1,781,655,900","1,781,651,952","1,781,655,146",NODELAY,0,AUTO,Petrol,false,false,NA,2,3,0
pinnacle-Slc,Willow Bend Campus,CAB,"June 8, 2026",16:30,"3,208,274",LOGOUT,false,Rahul Orlov Travel,WRM 089 GP,WRM 089 GP,3,10.29,10.3,"1,780,936,200","1,780,937,760","1,780,936,080","1,780,939,942",NODELAY,0,AUTO,Diesel,false,false,NODAL,2,2,0
pinnacle-Slc,Clearwater Campus,CAB,"June 2, 2026",09:00,"3,178,760",LOGIN,false,Karan Mikhailov Travel,OQO 004 GP,OQO 004 GP,3,21.7,22.67,"1,780,387,440","1,780,390,500","1,780,387,612","1,780,395,115",TRAFFIC,56,AUTO,Diesel,false,false,HOME,2,2,0
pinnacle-Slc,Clearwater Campus,CAB,"June 2, 2026",10:30,"3,178,991",LOGIN,false,Rahul Morozov Travel,XNU 227 GP,XNU 227 GP,3,12.04,11.82,"1,780,392,900","1,780,395,900","1,780,393,266","1,780,396,394",NODELAY,0,AUTO,Diesel,false,false,HOME,2,2,0
pinnacle-Slc,Willow Bend Campus,CAB,"June 4, 2026",09:00,"3,192,997",LOGIN,false,Divya Sokolov Travel,LGC 652 GP,LGC 652 GP,3,12.78,15.1,"1,780,560,480","1,780,563,300","1,780,560,388","1,780,563,024",NODELAY,0,AUTO,Diesel,false,false,NA,1,1,0
pinnacle-Slc,Oakmont Office,CAB,"June 4, 2026",09:30,"3,193,703",LOGIN,false,Rahul Mikhailov Travel,RQV 109 GP,RQV 109 GP,3,4.97,4.8,"1,780,563,540","1,780,565,100","1,780,563,974","1,780,565,556",NODELAY,0,AUTO,Diesel,false,false,HOME,1,1,0
pinnacle-Slc,Clearwater Campus,CAB,"June 5, 2026",09:00,"3,197,941",LOGIN,false,Rohan Mikhailov Travel,PUT 175 GP,PUT 175 GP,3,8.21,8.33,"1,780,647,660","1,780,649,700","1,780,648,371","1,780,651,020",EMPLOYEE,2,AUTO,Diesel,false,false,NODAL,2,1,0
pinnacle-Slc,Clearwater Campus,CAB,"June 1, 2026",08:30,"3,175,441",LOGIN,false,Rahul Orlov Travel,FQY 687 GP,FQY 687 GP,3,6.6,8.04,"1,780,300,260","1,780,302,300","1,780,300,668","1,780,302,246",NODELAY,0,AUTO,Diesel,false,false,NA,2,1,0
pinnacle-Slc,Clearwater Campus,CAB,"June 1, 2026",15:00,"3,176,583",LOGOUT,false,Rohan Mikhailov Travel,IIC 616 GP,IIC 616 GP,3,8.44,8,"1,780,326,000","1,780,327,500","1,780,325,841","1,780,328,550",NODELAY,0,AUTO,Diesel,false,false,HOME,3,3,0
pinnacle-Slc,Clearwater Campus,CAB,"June 4, 2026",08:30,"3,191,358",LOGIN,false,Rohan Mikhailov Travel,BAR 175 GP,BAR 175 GP,3,9.2,8.9,"1,780,559,280","1,780,561,500","1,780,559,196","1,780,561,248",NODELAY,0,AUTO,Diesel,false,false,HOME,3,3,0
pinnacle-Slc,Oakmont Office,CAB,"June 5, 2026",08:00,"3,199,701",LOGIN,false,Rahul Mikhailov Travel,OZX 642 GP,OZX 642 GP,3,15.53,14.76,"1,780,643,640","1,780,646,100","1,780,643,874","1,780,646,689",NODELAY,0,AUTO,Diesel,false,false,NODAL,1,1,0
pinnacle-Slc,Willow Bend Campus,CAB,"June 5, 2026",19:00,"3,200,974",LOGOUT,false,Rahul Mikhailov Travel,UJX 431 GP,UJX 431 GP,3,16.27,16.9,"1,780,686,000","1,780,689,300","1,780,685,744","1,780,690,391",NODELAY,0,AUTO,Diesel,false,false,NODAL,1,1,0
pinnacle-Slc,Willow Bend Campus,CAB,"June 9, 2026",07:30,"3,213,241",LOGIN,false,Sanjay Mikhailov Travel,MLL 437 GP,MLL 437 GP,3,7.8,8,"1,780,988,100","1,780,989,900","1,780,988,586","1,780,989,963",NODELAY,0,AUTO,Diesel,false,false,NA,3,2,0
pinnacle-Slc,Clearwater Campus,CAB,"June 3, 2026",13:30,"3,188,023",LOGOUT,false,Rahul Mikhailov Travel,NYE 513 GP,NYE 513 GP,3,4.16,4.44,"1,780,493,400","1,780,494,120","1,780,493,554","1,780,495,522",NODELAY,0,AUTO,Diesel,false,false,NA,3,2,0
pinnacle-Slc,Willow Bend Campus,CAB,"June 4, 2026",14:30,"3,195,296",LOGOUT,false,Divya Mikhailov Travel,FQI 700 GP,FQI 700 GP,3,3.54,3.3,"1,780,583,400","1,780,583,940","1,780,583,263","1,780,584,255",NODELAY,0,AUTO,Diesel,false,false,NODAL,3,3,0
pinnacle-Slc,Willow Bend Campus,CAB,"June 17, 2026",13:30,"3,258,994",LOGOUT,false,Sanjay Mikhailov Travel,IPP 101 GP,IPP 101 GP,3,14.52,14.11,"1,781,703,000","1,781,704,080","1,781,703,614","1,781,706,641",NODELAY,0,AUTO,Diesel,false,false,NODAL,3,3,0
pinnacle-Slc,Clearwater Campus,CAB,"July 14, 2026",17:30,"3,394,127",LOGOUT,false,Karan Mikhailov Travel,OQO 004 GP,OQO 004 GP,3,17.17,21.67,"1,784,050,200","1,784,054,340","1,784,050,175","1,784,054,027",NODELAY,0,AUTO,Diesel,false,false,NA,3,2,0
pinnacle-Slc,Willow Bend Campus,CAB,"July 17, 2026",07:30,"3,411,310",LOGIN,false,Rahul Orlov Travel,FKY 553 GP,FKY 553 GP,3,15.74,16.4,"1,784,270,220","1,784,273,100","1,784,270,456","1,784,272,538",NODELAY,0,AUTO,Diesel,false,false,HOME,2,1,0
pinnacle-Slc,Oakmont Office,CAB,"July 14, 2026",20:30,"3,391,789",LOGOUT,true,Aarav Mikhailov Travel,BSE 953 GP,BSE 953 GP,3,4.29,4.2,"1,784,061,000","1,784,062,140","1,784,061,394","1,784,062,869",NODELAY,0,AUTO,Diesel,false,false,HOME,2,2,0
pinnacle-Slc,Clearwater Campus,CAB,"July 15, 2026",09:00,"3,395,972",LOGIN,false,Rahul Orlov Travel,NOF 214 GP,NOF 214 GP,3,7.2,8.12,"1,784,103,240","1,784,105,700","1,784,103,050","1,784,105,729",NODELAY,0,AUTO,Diesel,false,false,NODAL,3,2,1
pinnacle-Slc,Willow Bend Campus,CAB,"July 20, 2026",11:00,"3,417,464",LOGIN,false,Rohan Mikhailov Travel,DJF 293 GP,DJF 293 GP,3,8.22,8.32,"1,784,542,740","1,784,544,900","1,784,543,022","1,784,545,206",NODELAY,0,AUTO,Diesel,false,false,HOME,1,1,0
pinnacle-Slc,Oakmont Office,CAB,"July 22, 2026",08:30,"3,429,839",LOGIN,false,Divya Mikhailov Travel,XEZ 432 GP,XEZ 432 GP,3,20.33,18.79,"1,784,704,500","1,784,708,700","1,784,704,432","1,784,708,224",NODELAY,0,AUTO,Diesel,false,false,HOME,3,3,0
pinnacle-Slc,Willow Bend Campus,CAB,"July 22, 2026",08:30,"3,430,520",LOGIN,false,Rahul Morozov Travel,CMQ 915 GP,CMQ 915 GP,3,21.32,17.95,"1,784,704,080","1,784,708,700","1,784,704,820","1,784,707,748",NODELAY,0,AUTO,Diesel,false,false,HOME,3,3,0
pinnacle-Slc,Clearwater Campus,CAB,"July 23, 2026",09:30,"3,435,764",LOGIN,false,Divya Kozlov Travel,HAU 222 GP,HAU 222 GP,3,4.43,3.58,"1,784,796,840","1,784,798,700","1,784,797,231","1,784,799,398",NODELAY,0,AUTO,Diesel,false,false,NA,3,3,0
pinnacle-Slc,Clearwater Campus,CAB,"July 23, 2026",15:30,"3,440,171",LOGOUT,false,Sanjay Mikhailov Travel,IBA 360 GP,IBA 360 GP,3,20.56,22.1,"1,784,820,600","1,784,823,900","1,784,820,591","1,784,824,254",NODELAY,0,AUTO,Diesel,false,false,NA,2,2,0
pinnacle-Slc,Clearwater Campus,CAB,"July 23, 2026",15:00,"3,439,923",LOGOUT,false,Sanjay Mikhailov Travel,HZN 980 GP,HZN 980 GP,3,6.16,6.1,"1,784,818,800","1,784,820,180","1,784,818,785","1,784,820,462",NODELAY,0,AUTO,Diesel,false,false,HOME,3,2,0
vanta-Aus,Cedar Ridge Office,CAB,"May 20, 2026",16:15,"1,130,531",LOGOUT,false,Meera Pavlov Travel,PVK 376 GP,PVK 376 GP,3,29.17,9.6,"1,779,294,600","1,779,297,120","1,779,293,288","1,779,300,462",NODELAY,0,AUTO,Diesel,false,false,NA,2,2,0
orbit-Slc,Lakeside Commons,BUS,"May 6, 2026",13:00,"1,214,912",LOGIN,false,Anjali Mikhailov Travel,EBL 087 GP,EBL 087 GP,6,15.08,15,"1,778,067,000","1,778,071,500","1,778,068,966","1,778,071,958",NODELAY,0,MANUAL,Diesel,false,false,HOME,3,2,1
catalyst-Sac,Santa Clara Office,CAB,"May 27, 2026",19:00,"1,471,858",LOGOUT,true,Rohan Mikhailov Travel,GAW 854 GP,GAW 854 GP,4,7.51,7.5,"1,779,909,300","1,779,911,160","1,779,909,526","1,779,913,509",NODELAY,0,AUTO,Petrol,false,false,NA,1,2,0
catalyst-Sac,Fairview Commons,CAB,"May 27, 2026",19:30,"1,471,532",LOGIN,false,Arjun Mikhailov Travel,FOK 831 GP,FOK 831 GP,4,36.39,36.4,"1,779,900,900","1,779,908,400","1,779,901,148","1,779,907,969",NODELAY,0,AUTO,Petrol,false,false,NA,2,2,0
orbit-Slc,Lakeside Commons,BUS,"May 8, 2026",15:30,"1,220,558",LOGOUT,false,Anjali Mikhailov Travel,RXN 454 GP,RXN 454 GP,3,26.83,27.2,"1,778,255,100","1,778,260,800","1,778,254,935","1,778,260,623",NODELAY,0,MANUAL,Electric,false,false,NODAL,1,1,0
orbit-Slc,Cedar Ridge Office,CAB,"May 19, 2026",06:30,"1,235,605",LOGIN,true,Rahul Mikhailov Travel,IIC 616 GP,IIC 616 GP,6,15.34,19.13,"1,779,168,900","1,779,171,300","1,779,167,169","1,779,170,720",NODELAY,0,AUTO,Diesel,false,false,HOME,1,2,0
vanta-Sea,Denver Office,CAB,"May 1, 2026",10:00,"4,813,329",LOGIN,false,Anjali Mikhailov Travel,AHO 460 GP,AHO 460 GP,3,2.29,2,"1,777,628,100","1,777,628,700","1,777,628,200","1,777,628,793",NODELAY,0,AUTO,Petrol,false,false,HOME,2,2,0
orbit-Slc,Lakeside Commons,BUS,"May 12, 2026",11:00,"1,224,367",LOGIN,false,Anjali Mikhailov Travel,YKF 093 GP,YKF 093 GP,6,39.87,38.24,"1,778,575,200","1,778,582,700","1,778,575,960","1,778,583,297",NODELAY,0,MANUAL,Diesel,false,false,NODAL,5,4,1
orbit-Slc,Eastgate Office,BUS,"May 12, 2026",15:30,"1,225,171",LOGOUT,false,Rohan Mikhailov Travel,QFA 462 GP,QFA 462 GP,3,12.3,14.08,"1,778,600,700","1,778,603,220","1,778,600,711","1,778,603,038",NODELAY,0,MANUAL,Diesel,false,false,NODAL,2,2,0
orbit-Slc,Cedar Ridge Office,BUS,"May 26, 2026",13:00,"1,246,979",LOGIN,false,Rahul Mikhailov Travel,BOG 402 GP,BOG 402 GP,3,30.26,28.1,"1,779,793,200","1,779,799,500","1,779,792,859","1,779,799,359",NODELAY,0,MANUAL,Electric,false,false,HOME,2,2,0
orbit-Slc,Lakeside Commons,CAB,"May 19, 2026",22:00,"1,237,272",LOGOUT,false,Anjali Mikhailov Travel,LDG 340 GP,LDG 340 GP,3,14.2,13.9,"1,779,228,900","1,779,231,300","1,779,228,836","1,779,230,963",NODELAY,0,AUTO,Diesel,false,false,HOME,2,1,1
vanta-Sea,Denver Office,CAB,"May 4, 2026",23:16,"4,820,103",LOGOUT,true,Aarav Mikhailov Travel,BLG 625 GP,BLG 625 GP,5,3.78,3,"1,777,937,460","1,777,937,760","1,777,936,385","1,777,937,348",NODELAY,0,AUTO,Petrol,false,false,NA,4,4,1
vanta-Sea,Denver Office,CAB,"May 6, 2026",08:00,"4,824,110",LOGIN,false,Karan Mikhailov Travel,XPR 978 GP,XPR 978 GP,3,23.88,22.1,"1,778,050,500","1,778,053,500","1,778,050,693","1,778,054,164",NODELAY,0,AUTO,Petrol,false,false,NODAL,2,2,0
vanta-Aus,Cedar Ridge Office,CAB,"May 25, 2026",19:15,"1,138,846",LOGOUT,true,Meera Pavlov Travel,KWN 903 GP,KWN 903 GP,5,9.32,11.4,"1,779,737,400","1,779,739,140","1,779,736,201","1,779,739,790",NODELAY,0,AUTO,Diesel,false,false,NA,3,4,0
orbit-Slc,Lakeside Commons,CAB,"May 28, 2026",03:30,"1,250,449",LOGOUT,true,Rahul Mikhailov Travel,MMB 454 GP,MMB 454 GP,3,38.89,35.3,"1,779,939,900","1,779,943,740","1,779,940,009","1,779,943,306",NODELAY,0,AUTO,Electric,false,false,HOME,2,3,0
vanta-Aus,Cedar Ridge Office,CAB,"May 29, 2026",10:00,"1,145,906",LOGIN,false,Meera Pavlov Travel,CWF 316 GP,CWF 316 GP,5,17.46,17.2,"1,780,043,100","1,780,047,900","1,780,043,359","1,780,046,141",NODELAY,0,AUTO,Diesel,false,false,NODAL,3,3,0
vanta-Aus,Cedar Ridge Office,CAB,"May 27, 2026",12:00,"1,142,057",LOGIN,false,Priya Mikhailov Travel,ZIE 708 GP,ZIE 708 GP,3,13.9,12.9,"1,779,879,180","1,779,882,300","1,779,879,109","1,779,881,590",NODELAY,0,AUTO,Electric,false,false,HOME,2,2,0
catalyst-Sac,Redwood City Center,CAB,"June 3, 2026",06:30,"1,479,328",LOGIN,true,Priya Mikhailov Travel,LVU 790 GP,LVU 790 GP,4,5.69,5.61,"1,780,464,840","1,780,466,400","1,780,465,135","1,780,466,080",NODELAY,0,AUTO,Petrol,false,false,NA,2,3,0
catalyst-Sac,Santa Clara Office,CAB,"June 3, 2026",03:30,"1,479,563",LOGOUT,false,Rohan Mikhailov Travel,HXA 606 GP,HXA 606 GP,4,26.12,26.2,"1,780,458,300","1,780,458,720","1,780,458,210","1,780,461,847",NODELAY,0,AUTO,Petrol,false,false,NA,3,3,0
vanta-Sea,Denver Office,CAB,"June 1, 2026",22:16,"4,903,500",LOGOUT,false,Anjali Mikhailov Travel,UNA 488 GP,UNA 488 GP,3,25.71,28.3,"1,780,353,060","1,780,356,000","1,780,352,063","1,780,356,281",NODELAY,0,AUTO,Electric,false,false,NA,2,2,0
orbit-Slc,Lakeside Commons,CAB,"June 3, 2026",20:00,"1,260,386",LOGOUT,false,Rahul Mikhailov Travel,RSX 909 GP,RSX 909 GP,3,20.96,22.01,"1,780,517,700","1,780,520,940","1,780,517,824","1,780,521,953",NODELAY,0,AUTO,Diesel,false,false,NA,2,2,0
orbit-Slc,Lakeside Commons,CAB,"June 2, 2026",00:00,"1,256,876",LOGOUT,false,Rahul Mikhailov Travel,IRK 591 GP,IRK 591 GP,3,24.46,29.5,"1,780,359,300","1,780,363,800","1,780,358,692","1,780,361,598",NODELAY,0,AUTO,Diesel,false,false,NA,1,1,0
vanta-Aus,Cedar Ridge Office,CAB,"June 8, 2026",11:00,"1,161,551",LOGIN,false,Sanjay Mikhailov Travel,JMW 697 GP,JMW 697 GP,3,16.47,17.1,"1,780,911,300","1,780,915,500","1,780,912,196","1,780,916,110",NODELAY,0,AUTO,Diesel,false,false,NA,2,2,0
catalyst-Sac,Santa Clara Office,CAB,"June 5, 2026",21:30,"1,483,336",LOGIN,false,Rohan Mikhailov Travel,WIF 948 GP,WIF 948 GP,4,23.16,23.3,"1,780,688,100","1,780,693,200","1,780,688,001","1,780,694,288",TRAFFIC,3,AUTO,Petrol,false,false,NA,2,2,0
vanta-Aus,Cedar Ridge Office,CAB,"June 24, 2026",21:15,"1,192,604",LOGOUT,true,Anjali Mikhailov Travel,BPJ 917 GP,BPJ 917 GP,3,11.11,15.7,"1,782,336,600","1,782,338,940","1,782,335,266","1,782,338,290",NODELAY,0,AUTO,Diesel,false,false,HOME,2,3,0
orbit-Slc,Lakeside Commons,BUS,"June 10, 2026",11:00,"1,270,826",LOGIN,false,Anjali Mikhailov Travel,EQJ 647 GP,EQJ 647 GP,6,22.95,22.84,"1,781,082,840","1,781,088,300","1,781,082,845","1,781,089,117",NODELAY,0,MANUAL,Diesel,false,false,HOME,5,5,0
vanta-Sea,Denver Office,BUS,"June 2, 2026",12:00,"4,905,335",LOGIN,false,Isha Mikhailov Travel,TGQ 422 GP,TGQ 422 GP,5,8.73,2.8,"1,780,399,980","1,780,401,300","1,780,398,191","1,780,403,236",TRAFFIC,17,MANUAL,Petrol,false,false,HOME,4,1,3
vanta-Sea,Denver Office,BUS,"June 2, 2026",13:00,"4,905,571",LOGIN,false,Priya Mikhailov Travel,NNB 014 GP,NNB 014 GP,12,5.01,6.4,"1,780,403,700","1,780,404,900","1,780,402,384","1,780,405,528",NODELAY,0,MANUAL,Petrol,false,false,NA,4,4,0
catalyst-Sac,Fairview Commons,CAB,"June 11, 2026",19:30,"1,490,605",LOGIN,false,Arjun Mikhailov Travel,QXJ 207 GP,QXJ 207 GP,4,29.44,28.02,"1,781,197,500","1,781,204,400","1,781,197,597","1,781,202,917",NODELAY,0,AUTO,Petrol,false,false,NA,1,1,0
catalyst-Sac,Santa Clara Office,CAB,"June 13, 2026",02:30,"1,493,569",LOGOUT,false,Divya Mikhailov Travel,DXY 924 GP,DXY 924 GP,4,24.9,26.1,"1,781,318,700","1,781,322,060","1,781,318,644","1,781,322,141",NODELAY,0,AUTO,Petrol,false,false,HOME,3,3,0
vanta-Aus,Cedar Ridge Office,CAB,"June 10, 2026",18:15,"1,166,525",LOGOUT,false,Meera Pavlov Travel,RFH 703 GP,RFH 703 GP,5,4.58,6,"1,781,116,200","1,781,116,800","1,781,114,550","1,781,119,382",NODELAY,0,AUTO,Electric,false,false,HOME,5,5,0
catalyst-Sac,Santa Clara Office,CAB,"June 16, 2026",20:30,"1,496,132",LOGIN,true,Vikram Mikhailov Travel,TZI 711 GP,TZI 711 GP,4,26.46,26.5,"1,781,635,260","1,781,640,000","1,781,634,552","1,781,643,221",EMPLOYEE,38,AUTO,Petrol,false,false,NA,3,4,0
catalyst-Sac,Santa Clara Office,CAB,"May 6, 2026",02:00,"1,445,399",LOGOUT,true,Rohan Mikhailov Travel,XQS 455 GP,XQS 455 GP,4,15.87,16.69,"1,778,033,700","1,778,034,180","1,778,033,589","1,778,037,569",NODELAY,0,AUTO,Petrol,false,false,HOME,2,3,0
orbit-Slc,Lakeside Commons,CAB,"May 5, 2026",22:00,"1,214,479",LOGOUT,true,Rahul Mikhailov Travel,LDU 492 GP,LDU 492 GP,12,26.2,29.9,"1,778,019,300","1,778,024,160","1,778,019,793","1,778,023,983",NODELAY,0,AUTO,Diesel,false,false,HOME,6,7,0
catalyst-Sac,Santa Clara Office,CAB,"May 8, 2026",20:30,"1,449,665",LOGOUT,true,Rohan Mikhailov Travel,FVQ 573 GP,FVQ 573 GP,4,27.51,27.5,"1,778,273,100","1,778,276,520","1,778,272,953","1,778,281,104",NODELAY,0,AUTO,Petrol,false,false,NA,2,3,0
catalyst-Sac,Redwood City Center,CAB,"May 6, 2026",20:30,"1,446,396",LOGOUT,true,Priya Mikhailov Travel,XCY 119 GP,XCY 119 GP,4,20.21,20.2,"1,778,100,300","1,778,101,440","1,778,100,421","1,778,107,259",NODELAY,0,AUTO,Petrol,false,false,NA,2,3,0
catalyst-Sac,Santa Clara Office,CAB,"May 12, 2026",04:30,"1,452,358",LOGOUT,false,Vikram Mikhailov Travel,QDK 268 GP,QDK 268 GP,4,25.07,23.66,"1,778,561,100","1,778,561,820","1,778,560,744","1,778,564,053",NODELAY,0,AUTO,Petrol,false,false,NA,3,3,0
vanta-Aus,Cedar Ridge Office,CAB,"May 13, 2026",14:00,"1,117,246",LOGIN,false,Meera Pavlov Travel,DEX 329 GP,DEX 329 GP,3,23.87,24.1,"1,778,676,300","1,778,679,900","1,778,676,366","1,778,679,450",NODELAY,0,AUTO,Diesel,false,false,NODAL,2,2,0
vanta-Aus,Cedar Ridge Office,CAB,"May 13, 2026",23:15,"1,118,762",LOGOUT,false,Sanjay Mikhailov Travel,PHS 265 GP,PHS 265 GP,5,4.04,8.4,"1,778,715,000","1,778,716,020","1,778,713,670","1,778,716,203",NODELAY,0,AUTO,Diesel,false,false,NA,2,2,0
vanta-Aus,Cedar Ridge Office,CAB,"May 14, 2026",22:15,"1,120,739",LOGOUT,true,Meera Pavlov Travel,IRH 625 GP,IRH 625 GP,3,30.25,31.4,"1,778,797,800","1,778,802,180","1,778,796,575","1,778,801,452",NODELAY,0,AUTO,Electric,false,false,HOME,1,2,0
catalyst-Sac,Redwood City Center,CAB,"May 17, 2026",06:30,"1,458,856",LOGIN,false,Aarav Mikhailov Travel,EXO 241 GP,EXO 241 GP,4,13.01,12.64,"1,778,995,200","1,778,997,600","1,778,995,342","1,778,996,857",NODELAY,0,AUTO,Petrol,false,false,NA,1,1,0
vanta-Aus,Cedar Ridge Office,CAB,"May 15, 2026",22:15,"1,122,703",LOGOUT,true,Anjali Mikhailov Travel,XVY 390 GP,XVY 390 GP,5,5.83,9.1,"1,778,884,200","1,778,885,820","1,778,883,017","1,778,885,949",NODELAY,0,AUTO,Diesel,false,false,NA,3,3,1
vanta-Aus,Cedar Ridge Office,CAB,"May 17, 2026",20:15,"1,124,456",LOGOUT,false,Anjali Mikhailov Travel,WSH 185 GP,WSH 185 GP,5,24.41,25.6,"1,779,049,800","1,779,053,820","1,779,048,543","1,779,052,506",NODELAY,0,AUTO,Diesel,false,false,NA,2,2,0
orbit-Slc,Eastgate Office,CAB,"May 21, 2026",06:30,"1,239,305",LOGIN,false,Rohan Mikhailov Travel,WMF 193 GP,WMF 193 GP,3,10.24,10.5,"1,779,342,000","1,779,344,100","1,779,342,288","1,779,343,621",NODELAY,0,AUTO,Diesel,false,false,HOME,2,2,0
vanta-Aus,Cedar Ridge Office,CAB,"May 18, 2026",23:15,"1,126,673",LOGOUT,true,Meera Pavlov Travel,VKK 372 GP,VKK 372 GP,5,6.65,9.3,"1,779,147,000","1,779,148,380","1,779,145,898","1,779,148,556",NODELAY,0,AUTO,Diesel,false,false,NA,4,5,0
catalyst-Sac,Santa Clara Office,CAB,"May 20, 2026",00:30,"1,462,655",LOGOUT,true,Vikram Mikhailov Travel,TGF 214 GP,TGF 214 GP,4,8.15,7.35,"1,779,237,900","1,779,239,040","1,779,237,903","1,779,240,429",NODELAY,0,AUTO,Petrol,false,false,NA,1,2,0
orbit-Slc,Cedar Ridge Office,CAB,"July 17, 2026",20:00,"1,341,323",LOGOUT,true,Anjali Mikhailov Travel,LAG 901 GP,LAG 901 GP,3,17.35,17.02,"1,784,319,300","1,784,322,000","1,784,319,697","1,784,323,843",NODELAY,0,AUTO,Diesel,false,false,HOME,2,2,1
vanta-Aus,Cedar Ridge Office,CAB,"July 15, 2026",12:00,"1,229,584",LOGIN,false,Sneha Mikhailov Travel,NGH 175 GP,NGH 175 GP,6,3.49,3.3,"1,784,114,760","1,784,115,900","1,784,114,787","1,784,116,448",NODELAY,0,AUTO,Diesel,false,false,NA,5,4,1
vanta-Aus,Cedar Ridge Office,CAB,"July 14, 2026",11:00,"1,227,173",LOGIN,false,Sneha Mikhailov Travel,HIF 913 GP,HIF 913 GP,5,2.96,4.8,"1,784,023,620","1,784,025,900","1,784,023,295","1,784,025,793",NODELAY,0,AUTO,Diesel,false,false,HOME,5,5,0
orbit-Slc,Lakeside Commons,CAB,"July 16, 2026",22:00,"1,339,665",LOGOUT,false,Rahul Mikhailov Travel,RSX 909 GP,RSX 909 GP,3,21.99,24.2,"1,784,240,100","1,784,243,340","1,784,240,408","1,784,244,506",NODELAY,0,AUTO,Diesel,false,false,HOME,3,3,0
vanta-Aus,Cedar Ridge Office,CAB,"July 17, 2026",21:15,"1,235,605",LOGOUT,true,Anjali Mikhailov Travel,XVY 390 GP,XVY 390 GP,5,19.41,20.5,"1,784,323,800","1,784,326,980","1,784,322,354","1,784,327,534",NODELAY,0,AUTO,Diesel,false,false,NA,4,5,0
catalyst-Sac,Santa Clara Office,CAB,"July 25, 2026",02:00,"1,551,195",LOGOUT,true,Rohan Mikhailov Travel,WVD 177 GP,WVD 177 GP,4,29.94,29.94,"1,784,945,700","1,784,949,840","1,784,945,563","1,784,951,654",NODELAY,0,AUTO,Petrol,false,false,HOME,2,3,0
catalyst-Sac,Redwood City Center,CAB,"July 28, 2026",06:30,"1,553,152",LOGIN,true,Sanjay Mikhailov Travel,DDP 824 GP,DDP 824 GP,4,14.54,13.96,"1,785,215,340","1,785,218,400","1,785,215,439","1,785,218,322",NODELAY,0,AUTO,Petrol,false,false,NA,3,4,0
pinnacle-Slc,Willow Bend Campus,CAB,"June 15, 2026",08:30,"3,243,625",LOGIN,false,Anjali Mikhailov Travel,QDJ 972 GP,QDJ 972 GP,3,32.36,31.4,"1,781,505,780","1,781,511,900","1,781,507,135","1,781,513,099",NODELAY,0,AUTO,Diesel,false,false,NA,2,2,0
pinnacle-Slc,Clearwater Campus,CAB,"June 9, 2026",14:30,"3,216,328",LOGOUT,false,Aarav Mikhailov Travel,ZNI 210 GP,ZNI 210 GP,3,16.23,16.1,"1,781,015,400","1,781,017,740","1,781,015,662","1,781,019,273",NODELAY,0,AUTO,Diesel,false,false,NODAL,3,2,0
pinnacle-Slc,Clearwater Campus,CAB,"June 8, 2026",14:30,"3,210,359",LOGOUT,false,Rahul Mikhailov Travel,TQK 792 GP,TQK 792 GP,3,9.02,7.9,"1,780,929,000","1,780,930,260","1,780,929,072","1,780,930,902",NODELAY,0,AUTO,Diesel,false,false,NA,2,2,0
pinnacle-Slc,Willow Bend Campus,CAB,"June 9, 2026",15:30,"3,215,034",LOGOUT,false,Rahul Mikhailov Travel,CUF 884 GP,CUF 884 GP,3,6.7,8.37,"1,781,019,000","1,781,020,200","1,781,019,155","1,781,023,393",NODELAY,0,AUTO,Diesel,false,false,NODAL,3,3,0
vanta-Sea,Denver Office,BUS,"June 22, 2026",11:00,"4,970,447",LOGIN,false,Sanjay Mikhailov Travel,QOE 418 GP,QOE 418 GP,12,4.09,3.8,"1,782,124,680","1,782,125,700","1,782,123,897","1,782,126,152",NODELAY,0,MANUAL,Petrol,false,false,NODAL,6,4,2
vanta-Sea,Denver Office,CAB,"June 26, 2026",07:00,"4,987,145",LOGIN,true,Isha Mikhailov Travel,ADS 894 GP,ADS 894 GP,3,22.19,22.9,"1,782,453,660","1,782,456,300","1,782,453,641","1,782,456,392",NODELAY,0,AUTO,Petrol,false,false,HOME,1,2,0
vanta-Sea,Denver Office,BUS,"June 22, 2026",16:16,"4,971,982",LOGOUT,false,Karan Mikhailov Travel,WPI 044 GP,WPI 044 GP,3,19.49,20.7,"1,782,144,960","1,782,145,860","1,782,145,156","1,782,150,370",NODELAY,0,MANUAL,Petrol,false,false,NA,1,1,0
pinnacle-Slc,Willow Bend Campus,CAB,"June 15, 2026",15:00,"3,242,399",LOGOUT,false,Rohan Mikhailov Travel,CWI 112 GP,CWI 112 GP,3,16.19,16.36,"1,781,535,600","1,781,538,960","1,781,535,622","1,781,539,112",NODELAY,0,AUTO,Diesel,false,false,NODAL,2,2,0
pinnacle-Slc,Clearwater Campus,CAB,"June 17, 2026",15:00,"3,260,126",LOGOUT,false,Rohan Mikhailov Travel,ZWK 483 GP,ZWK 483 GP,3,13.35,13.7,"1,781,708,400","1,781,710,500","1,781,708,685","1,781,710,962",NODELAY,0,AUTO,Diesel,false,false,HOME,1,1,0
pinnacle-Slc,Willow Bend Campus,CAB,"June 10, 2026",07:30,"3,220,163",LOGIN,false,Karan Mikhailov Travel,TJZ 991 GP,TJZ 991 GP,3,14.68,16.1,"1,781,073,480","1,781,076,300","1,781,073,806","1,781,075,962",NODELAY,0,AUTO,Diesel,false,false,NA,2,1,0
vanta-Sea,Denver Office,BUS,"June 23, 2026",13:00,"4,975,216",LOGIN,false,Sanjay Mikhailov Travel,CDD 849 GP,CDD 849 GP,5,15.77,14.9,"1,782,215,940","1,782,218,700","1,782,214,194","1,782,220,362",TRAFFIC,12,MANUAL,Electric,false,false,HOME,2,2,0
vanta-Sea,Denver Office,BUS,"June 25, 2026",12:00,"4,983,947",LOGIN,false,Aarav Petrov Travel,QXS 102 GP,QXS 102 GP,5,5.34,5.1,"1,782,386,580","1,782,387,900","1,782,386,225","1,782,388,307",NODELAY,0,MANUAL,Petrol,false,false,NODAL,5,5,0
vanta-Sea,Denver Office,BUS,"June 24, 2026",13:00,"4,979,717",LOGIN,false,Isha Mikhailov Travel,VKR 437 GP,VKR 437 GP,12,4.11,6.2,"1,782,304,680","1,782,305,700","1,782,303,296","1,782,305,988",NODELAY,0,MANUAL,Petrol,false,false,NA,8,5,3
pinnacle-Slc,Oakmont Office,CAB,"June 20, 2026",04:30,"3,275,778",LOGOUT,false,Rahul Mikhailov Travel,IBV 753 GP,IBV 753 GP,3,9.97,9.8,"1,781,929,800","1,781,930,700","1,781,931,146","1,781,932,231",EMPLOYEE,8,AUTO,Diesel,false,false,HOME,2,2,0
vanta-Sea,Denver Office,CAB,"June 29, 2026",20:16,"4,996,313",LOGOUT,false,Sanjay Mikhailov Travel,QGC 141 GP,QGC 141 GP,12,7.63,5.7,"1,782,765,060","1,782,765,660","1,782,764,037","1,782,766,095",NODELAY,0,AUTO,Petrol,false,false,NA,7,4,3
vanta-Sea,Denver Office,CAB,"July 20, 2026",16:16,"5,063,021",LOGOUT,false,Sanjay Mikhailov Travel,AMO 550 GP,AMO 550 GP,3,25.05,26.9,"1,784,565,060","1,784,568,420","1,784,564,874","1,784,569,890",NODELAY,0,AUTO,Petrol,false,false,HOME,1,1,0
vanta-Sea,Denver Office,CAB,"July 20, 2026",20:16,"5,063,823",LOGOUT,false,Isha Mikhailov Travel,IUN 361 GP,IUN 361 GP,12,16.17,15.2,"1,784,579,460","1,784,581,560","1,784,578,436","1,784,583,030",NODELAY,0,AUTO,Petrol,false,false,HOME,3,3,0
vanta-Sea,Denver Office,BUS,"July 22, 2026",09:00,"5,068,986",LOGIN,false,Isha Mikhailov Travel,UDG 874 GP,UDG 874 GP,5,20.86,17.1,"1,784,706,480","1,784,709,900","1,784,706,074","1,784,711,222",TRAFFIC,7,MANUAL,Electric,false,false,HOME,3,3,0
vanta-Sea,Denver Office,CAB,"July 23, 2026",21:16,"5,076,766",LOGOUT,false,Aarav Mikhailov Travel,XIC 394 GP,XIC 394 GP,5,33.55,33.4,"1,784,842,260","1,784,847,180","1,784,841,334","1,784,847,291",NODELAY,0,AUTO,Petrol,false,false,HOME,4,4,0
vanta-Sea,Denver Office,BUS,"July 24, 2026",09:00,"5,077,884",LOGIN,false,Isha Mikhailov Travel,CPC 854 GP,CPC 854 GP,3,10.6,9.9,"1,784,879,220","1,784,882,700","1,784,877,671","1,784,881,806",NODELAY,0,MANUAL,Electric,false,false,HOME,2,2,0
vanta-Sea,Denver Office,CAB,"July 28, 2026",06:00,"5,088,813",LOGIN,true,Priya Mikhailov Travel,ZRF 704 GP,ZRF 704 GP,3,24.79,25.1,"1,785,215,220","1,785,217,500","1,785,215,602","1,785,218,181",NODELAY,0,AUTO,Petrol,false,false,HOME,1,2,0
pinnacle-Slc,Clearwater Campus,CAB,"July 1, 2026",14:30,"3,329,521",LOGOUT,false,Arjun Mikhailov Travel,LXZ 525 GP,LXZ 525 GP,3,28.31,27,"1,782,916,200","1,782,920,040","1,782,916,398","1,782,921,078",NODELAY,0,AUTO,Diesel,false,false,NA,1,1,0
pinnacle-Slc,Oakmont Office,CAB,"July 6, 2026",08:30,"3,351,040",LOGIN,false,Arjun Mikhailov Travel,RZS 365 GP,RZS 365 GP,3,18.44,18.53,"1,783,322,040","1,783,326,300","1,783,321,759","1,783,325,490",NODELAY,0,AUTO,Diesel,false,false,HOME,1,1,0
vanta-Sea,Denver Office,CAB,"July 30, 2026",21:16,"5,101,170",LOGOUT,false,Isha Mikhailov Travel,XRX 110 GP,XRX 110 GP,5,21.92,21.2,"1,785,447,060","1,785,451,740","1,785,446,245","1,785,449,973",NODELAY,0,AUTO,Electric,false,false,HOME,3,3,0
pinnacle-Slc,Oakmont Office,CAB,"June 29, 2026",18:00,"3,316,854",LOGIN,false,Karan Mikhailov Travel,IJQ 363 GP,IJQ 363 GP,3,5.39,4.4,"1,782,752,399","1,782,755,700","1,782,752,673","1,782,753,294",NODELAY,0,AUTO,Diesel,false,false,HOME,1,1,0
pinnacle-Slc,Oakmont Office,CAB,"June 26, 2026",Non Shift,"3,315,408",LOGOUT,false,Pooja Mikhailov Travel,CFW 551 GP,CFW 551 GP,3,1.09,1.6,"1,782,516,600","1,782,520,200","1,782,516,724","1,782,517,040",NODELAY,0,AUTO,Diesel,false,false,NA,1,1,0
pinnacle-Slc,Willow Bend Campus,CAB,"June 23, 2026",13:30,"3,288,372",LOGIN,false,Divya Sokolov Travel,VXN 431 GP,VXN 431 GP,3,19.38,18.91,"1,782,216,720","1,782,221,100","1,782,217,094","1,782,221,308",NODELAY,0,AUTO,Diesel,false,false,HOME,1,1,0
vanta-Sea,Denver Office,CAB,"May 12, 2026",19:16,"4,843,730",LOGOUT,true,Aarav Mikhailov Travel,YBZ 741 GP,YBZ 741 GP,5,33.41,24.3,"1,778,614,260","1,778,617,140","1,778,612,999","1,778,619,607",NODELAY,0,AUTO,Petrol,false,false,NA,3,4,0
vanta-Sea,Denver Office,CAB,"May 13, 2026",10:00,"4,845,724",LOGIN,false,Sanjay Mikhailov Travel,KMG 652 GP,KMG 652 GP,3,7.83,5.9,"1,778,664,180","1,778,665,500","1,778,664,538","1,778,667,292",TRAFFIC,14,AUTO,Electric,false,false,NA,1,1,0
vanta-Sea,Denver Office,BUS,"May 12, 2026",11:00,"4,841,772",LOGIN,false,Priya Mikhailov Travel,RCQ 685 GP,RCQ 685 GP,5,21.26,23.9,"1,778,578,140","1,778,582,700","1,778,576,346","1,778,583,330",NODELAY,0,MANUAL,Petrol,false,false,HOME,4,3,1
vanta-Sea,Denver Office,CAB,"May 7, 2026",18:16,"4,830,144",LOGOUT,false,Sanjay Mikhailov Travel,CJP 363 GP,CJP 363 GP,12,18.22,15.7,"1,778,178,660","1,778,180,100","1,778,177,726","1,778,182,292",NODELAY,0,AUTO,Petrol,false,false,NA,3,2,1
vanta-Sea,Denver Office,CAB,"May 13, 2026",21:00,"4,846,713",LOGIN,true,Priya Mikhailov Travel,DCR 980 GP,DCR 980 GP,3,11.19,9.2,"1,778,703,720","1,778,705,100","1,778,703,296","1,778,705,524",NODELAY,0,AUTO,Petrol,false,false,NA,1,2,0
vanta-Sea,Denver Office,CAB,"May 15, 2026",20:16,"4,855,460",LOGOUT,true,Sanjay Mikhailov Travel,ZTY 767 GP,ZTY 767 GP,3,18.8,18,"1,778,877,060","1,778,879,520","1,778,876,112","1,778,881,091",NODELAY,0,AUTO,Electric,false,false,NA,2,2,1
vanta-Sea,Denver Office,CAB,"May 19, 2026",23:16,"4,865,705",LOGOUT,true,Anjali Mikhailov Travel,TIX 407 GP,TIX 407 GP,3,25.78,18.5,"1,779,233,460","1,779,235,620","1,779,232,832","1,779,234,831",NODELAY,0,AUTO,Petrol,false,false,NA,2,2,1
vanta-Sea,Denver Office,CAB,"May 19, 2026",21:16,"4,865,187",LOGOUT,false,Aarav Petrov Travel,EKO 542 GP,EKO 542 GP,3,12.31,12.5,"1,779,226,260","1,779,227,760","1,779,225,430","1,779,228,346",NODELAY,0,AUTO,Petrol,false,false,NA,2,2,0
vanta-Sea,Denver Office,CAB,"May 20, 2026",20:16,"4,868,982",LOGOUT,true,Isha Mikhailov Travel,CZE 490 GP,CZE 490 GP,3,13.81,13.7,"1,779,309,060","1,779,310,980","1,779,307,717","1,779,311,447",NODELAY,0,AUTO,Petrol,false,false,NA,2,3,0
vanta-Sea,Denver Office,CAB,"July 28, 2026",20:16,"5,092,325",LOGOUT,true,Priya Mikhailov Travel,YMV 628 GP,YMV 628 GP,5,25.62,27.5,"1,785,270,660","1,785,274,080","1,785,269,747","1,785,275,993",NODELAY,0,AUTO,Petrol,false,false,HOME,3,4,0
pinnacle-Slc,Oakmont Office,CAB,"July 7, 2026",08:30,"3,356,642",LOGIN,false,Divya Mikhailov Travel,HCJ 059 GP,HCJ 059 GP,3,14.38,13.86,"1,783,409,820","1,783,412,700","1,783,410,162","1,783,413,912",NODELAY,0,AUTO,Diesel,false,false,NA,1,1,0
pinnacle-Slc,Willow Bend Campus,CAB,"July 8, 2026",08:30,"3,363,321",LOGIN,false,Amit Volkov Travel,HJT 512 GP,HJT 512 GP,3,12.23,13.45,"1,783,496,400","1,783,499,100","1,783,496,794","1,783,500,572",EMPLOYEE,3,AUTO,Diesel,false,false,NA,3,3,0
pinnacle-Slc,Willow Bend Campus,CAB,"July 7, 2026",10:30,"3,357,560",LOGIN,false,Rahul Morozov Travel,IJW 452 GP,IJW 452 GP,3,16.14,16.13,"1,783,415,220","1,783,419,900","1,783,414,813","1,783,420,153",NODELAY,0,AUTO,Diesel,false,false,NA,2,2,0
pinnacle-Slc,Willow Bend Campus,CAB,"July 10, 2026",14:30,"3,378,271",LOGOUT,false,Rohan Mikhailov Travel,EST 480 GP,EST 480 GP,3,24.79,19.78,"1,783,693,800","1,783,697,220","1,783,694,188","1,783,698,679",NODELAY,0,AUTO,Diesel,false,false,NODAL,1,1,0
pinnacle-Slc,Clearwater Campus,CAB,"June 15, 2026",14:30,"3,246,055",LOGOUT,false,Divya Sokolov Travel,FIC 298 GP,FIC 298 GP,3,9.65,9.25,"1,781,533,800","1,781,535,240","1,781,533,907","1,781,536,377",NODELAY,0,AUTO,Diesel,false,false,NODAL,3,3,0
pinnacle-Slc,Willow Bend Campus,CAB,"June 16, 2026",09:00,"3,249,808",LOGIN,false,Sanjay Mikhailov Travel,VYL 616 GP,VYL 616 GP,3,4.48,4.52,"1,781,598,000","1,781,600,100","1,781,598,240","1,781,600,016",NODELAY,0,AUTO,Diesel,false,false,NODAL,3,1,0
vanta-Sea,Denver Office,BUS,"June 24, 2026",12:00,"4,979,511",LOGIN,false,Aarav Mikhailov Travel,FOU 462 GP,FOU 462 GP,12,6.91,6,"1,782,299,640","1,782,301,500","1,782,298,014","1,782,301,311",NODELAY,0,MANUAL,Petrol,false,false,NODAL,12,8,4
vanta-Sea,Denver Office,CAB,"June 30, 2026",21:16,"5,001,004",LOGOUT,true,Sanjay Mikhailov Travel,TXK 690 GP,TXK 690 GP,12,9.1,8.5,"1,782,855,060","1,782,855,600","1,782,854,144","1,782,856,516",NODELAY,0,AUTO,Petrol,false,false,HOME,4,4,1
pinnacle-Slc,Willow Bend Campus,CAB,"June 19, 2026",07:30,"3,273,287",LOGIN,false,Rahul Morozov Travel,FQY 170 GP,FQY 170 GP,3,20.27,20.3,"1,781,851,080","1,781,853,900","1,781,851,339","1,781,853,636",NODELAY,0,AUTO,Diesel,false,false,NA,1,1,0
pinnacle-Slc,Willow Bend Campus,CAB,"June 22, 2026",08:30,"3,280,937",LOGIN,false,Rahul Morozov Travel,UYN 869 GP,UYN 869 GP,3,5.89,5.77,"1,782,115,080","1,782,116,700","1,782,115,534","1,782,117,213",NODELAY,0,AUTO,Diesel,false,false,NA,2,2,0
pinnacle-Slc,Oakmont Office,CAB,"June 22, 2026",15:30,"3,281,947",LOGOUT,false,Rahul Morozov Travel,DZC 032 GP,DZC 032 GP,3,19.82,19.6,"1,782,142,200","1,782,146,700","1,782,142,586","1,782,145,992",NODELAY,0,AUTO,Diesel,false,false,NA,2,2,0
vanta-Sea,Denver Office,CAB,"June 25, 2026",17:16,"4,985,323",LOGOUT,false,Anjali Mikhailov Travel,DYY 378 GP,DYY 378 GP,12,11.97,11.3,"1,782,408,660","1,782,409,680","1,782,407,621","1,782,412,346",NODELAY,0,AUTO,Petrol,false,false,NA,5,5,0
pinnacle-Slc,Oakmont Office,CAB,"June 22, 2026",09:00,"3,280,466",LOGIN,false,Karan Mikhailov Travel,KLN 999 GP,KLN 999 GP,3,8.6,9.4,"1,782,116,340","1,782,118,500","1,782,116,946","1,782,119,421",NODELAY,0,AUTO,Diesel,false,false,HOME,1,1,0
pinnacle-Slc,Clearwater Campus,CAB,"May 26, 2026",09:30,"3,155,892",LOGIN,false,Amit Mikhailov Travel,PKF 448 GP,PKF 448 GP,3,5.19,7.28,"1,779,785,220","1,779,787,500","1,779,785,835","1,779,788,212",NODELAY,0,AUTO,Diesel,false,false,HOME,3,2,0
pinnacle-Slc,Clearwater Campus,CAB,"May 22, 2026",16:30,"3,145,731",LOGOUT,false,Divya Mikhailov Travel,RLX 332 GP,RLX 332 GP,3,24.05,24.5,"1,779,467,400","1,779,471,720","1,779,467,521","1,779,472,334",NODELAY,0,AUTO,Diesel,false,false,HOME,1,1,0
pinnacle-Slc,Clearwater Campus,CAB,"May 21, 2026",18:30,"3,139,782",LOGOUT,false,Rohan Mikhailov Travel,FKJ 143 GP,FKJ 143 GP,3,2.15,1.9,"1,779,388,200","1,779,388,680","1,779,388,250","1,779,388,911",NODELAY,0,AUTO,Diesel,false,false,NA,1,1,0
pinnacle-Slc,Clearwater Campus,CAB,"May 25, 2026",08:30,"3,150,964",LOGIN,false,Rahul Orlov Travel,NJI 260 GP,NJI 260 GP,3,8.39,9.38,"1,779,695,100","1,779,697,500","1,779,695,299","1,779,698,894",TRAFFIC,3,AUTO,Diesel,false,false,NODAL,3,2,0
pinnacle-Slc,Clearwater Campus,CAB,"May 26, 2026",16:30,"3,158,363",LOGOUT,false,Amit Mikhailov Travel,ONF 704 GP,ONF 704 GP,5,10.45,8.41,"1,779,813,000","1,779,814,680","1,779,813,317","1,779,816,523",NODELAY,0,AUTO,Diesel,false,false,NA,2,2,0
pinnacle-Slc,Willow Bend Campus,CAB,"May 27, 2026",16:30,"3,163,921",LOGOUT,false,Arjun Mikhailov Travel,PBQ 302 GP,PBQ 302 GP,3,5.12,8.1,"1,779,899,400","1,779,900,720","1,779,899,913","1,779,901,565",NODELAY,0,AUTO,Diesel,false,false,HOME,1,1,0
pinnacle-Slc,Willow Bend Campus,CAB,"May 29, 2026",15:30,"3,169,674",LOGOUT,false,Aarav Mikhailov Travel,VKL 433 GP,VKL 433 GP,3,3.02,4.8,"1,780,068,600","1,780,070,280","1,780,068,594","1,780,069,527",NODELAY,0,AUTO,Diesel,false,false,NA,2,1,0
pinnacle-Slc,Clearwater Campus,CAB,"May 25, 2026",10:30,"3,151,625",LOGIN,false,Arjun Mikhailov Travel,LIW 688 GP,LIW 688 GP,3,6.14,7.3,"1,779,702,300","1,779,704,700","1,779,702,615","1,779,705,528",NODELAY,0,AUTO,Diesel,false,false,HOME,3,2,0
pinnacle-Slc,Willow Bend Campus,CAB,"May 27, 2026",07:30,"3,161,235",LOGIN,false,Rohan Mikhailov Travel,SHV 226 GP,SHV 226 GP,3,13.83,16.6,"1,779,864,480","1,779,866,700","1,779,864,977","1,779,867,787",NODELAY,0,AUTO,Diesel,false,false,NA,2,2,0
pinnacle-Slc,Oakmont Office,CAB,"July 22, 2026",16:30,"3,431,731",LOGOUT,false,Rahul Morozov Travel,CUJ 999 GP,CUJ 999 GP,3,4.71,5.92,"1,784,737,800","1,784,739,180","1,784,738,421","1,784,740,471",NODELAY,0,AUTO,Diesel,false,false,NA,1,1,0
pinnacle-Slc,Clearwater Campus,CAB,"July 24, 2026",16:30,"3,446,878",LOGOUT,false,Sanjay Mikhailov Travel,KUT 073 GP,KUT 073 GP,3,20.98,18.46,"1,784,910,600","1,784,915,820","1,784,911,122","1,784,915,329",NODELAY,0,AUTO,Diesel,false,false,NA,2,1,0
pinnacle-Slc,Clearwater Campus,CAB,"July 24, 2026",Non Shift,"3,448,587",LOGOUT,false,Arjun Mikhailov Travel,FIK 526 GP,FIK 526 GP,3,3.54,4.68,"1,784,921,400","1,784,925,000","1,784,922,078","1,784,924,631",NODELAY,0,AUTO,Diesel,false,false,NA,1,1,0
pinnacle-Slc,Willow Bend Campus,CAB,"July 29, 2026",08:30,"3,466,238",LOGIN,false,Sanjay Mikhailov Travel,BYF 511 GP,BYF 511 GP,3,9.82,9,"1,785,310,560","1,785,313,500","1,785,310,957","1,785,313,092",NODELAY,0,AUTO,Diesel,false,false,HOME,3,3,0
pinnacle-Slc,Willow Bend Campus,CAB,"July 29, 2026",13:30,"3,465,043",LOGOUT,false,Amit Mikhailov Travel,TYG 994 GP,TYG 994 GP,3,18.4,18.3,"1,785,331,800","1,785,334,860","1,785,330,021","1,785,333,055",NODELAY,0,AUTO,Diesel,false,false,HOME,1,1,0
orbit-Slc,Eastgate Office,CAB,"June 8, 2026",22:00,"1,267,152",LOGOUT,false,Rohan Mikhailov Travel,KZE 377 GP,KZE 377 GP,6,17.71,19.2,"1,780,956,900","1,780,960,080","1,780,956,681","1,780,960,022",NODELAY,0,AUTO,Diesel,false,false,HOME,4,4,0
orbit-Slc,Eastgate Office,BUS,"June 16, 2026",11:00,"1,281,526",LOGIN,false,Rohan Mikhailov Travel,XPM 353 GP,XPM 353 GP,3,34.95,43.38,"1,781,601,360","1,781,606,700","1,781,602,344","1,781,607,262",NODELAY,0,MANUAL,Diesel,false,false,NODAL,3,2,1
catalyst-Sac,Crestwood Campus,CAB,"June 17, 2026",04:00,"1,497,840",LOGOUT,false,Vikram Mikhailov Travel,JBW 860 GP,JBW 860 GP,4,34.63,35.2,"1,781,669,700","1,781,671,020","1,781,669,378","1,781,673,919",NODELAY,0,AUTO,Petrol,false,false,NA,3,3,0
orbit-Slc,Lakeside Commons,BUS,"June 15, 2026",11:00,"1,277,531",LOGIN,false,Rahul Mikhailov Travel,SLY 898 GP,SLY 898 GP,6,30.9,29.12,"1,781,513,400","1,781,520,300","1,781,513,714","1,781,520,353",NODELAY,0,MANUAL,Diesel,false,false,HOME,4,3,1
catalyst-Sac,Redwood City Center,CAB,"June 17, 2026",16:00,"1,497,247",LOGOUT,false,Sanjay Mikhailov Travel,FLP 981 GP,FLP 981 GP,4,14.81,14.8,"1,781,712,900","1,781,715,840","1,781,712,239","1,781,719,862",NODELAY,0,AUTO,Petrol,false,false,NA,1,1,0
catalyst-Sac,Fairview Commons,CAB,"June 25, 2026",01:00,"1,509,481",LOGOUT,true,Arjun Mikhailov Travel,WED 588 GP,WED 588 GP,4,20.81,20.8,"1,782,350,100","1,782,352,260","1,782,349,788","1,782,354,537",NODELAY,0,AUTO,Petrol,false,false,NA,1,2,0
orbit-Slc,Lakeside Commons,BUS,"June 24, 2026",11:00,"1,296,329",LOGIN,false,Anjali Mikhailov Travel,PWO 700 GP,PWO 700 GP,12,7.76,12.5,"1,782,294,600","1,782,297,900","1,782,297,170","1,782,299,790",DRIVER,16,MANUAL,Diesel,false,false,NA,5,4,1
catalyst-Sac,Santa Clara Office,CAB,"June 23, 2026",19:00,"1,506,018",LOGOUT,true,Vikram Mikhailov Travel,QOT 426 GP,QOT 426 GP,4,36.94,36.9,"1,782,242,100","1,782,245,580","1,782,241,868","1,782,253,384",NODELAY,0,AUTO,Petrol,false,false,HOME,3,4,0
catalyst-Sac,Crestwood Campus,CAB,"June 26, 2026",21:30,"1,512,646",LOGOUT,false,Divya Mikhailov Travel,KPM 523 GP,KPM 523 GP,4,38.64,36.67,"1,782,510,300","1,782,510,780","1,782,510,317","1,782,513,758",NODELAY,0,AUTO,Petrol,false,false,NA,2,2,0
orbit-Slc,Eastgate Office,BUS,"June 22, 2026",11:00,"1,291,894",LOGIN,false,Rohan Mikhailov Travel,HVY 882 GP,HVY 882 GP,6,18.94,21.36,"1,782,121,200","1,782,125,100","1,782,121,947","1,782,126,030",NODELAY,0,MANUAL,Diesel,false,false,NODAL,5,3,2
vanta-Sea,Denver Office,CAB,"May 22, 2026",17:16,"4,875,941",LOGOUT,false,Sanjay Mikhailov Travel,HGD 788 GP,HGD 788 GP,5,19.79,18.6,"1,779,471,060","1,779,473,100","1,779,469,841","1,779,474,763",NODELAY,0,AUTO,Petrol,false,false,NA,3,3,0
vanta-Sea,Denver Office,CAB,"May 27, 2026",12:00,"4,888,002",LOGIN,false,Sanjay Mikhailov Travel,OZK 142 GP,OZK 142 GP,3,17.32,13.7,"1,779,879,840","1,779,882,300","1,779,879,330","1,779,882,469",NODELAY,0,AUTO,Petrol,false,false,HOME,1,1,0
vanta-Sea,Denver Office,CAB,"May 29, 2026",08:00,"4,894,785",LOGIN,false,Aarav Mikhailov Travel,YBZ 741 GP,YBZ 741 GP,5,14.72,12,"1,780,039,320","1,780,040,700","1,780,039,153","1,780,041,529",NODELAY,0,AUTO,Petrol,false,false,NA,2,2,0
pinnacle-Slc,Oakmont Office,CAB,"May 4, 2026",08:30,"3,055,746",LOGIN,false,Rohan Mikhailov Travel,NAE 245 GP,NAE 245 GP,3,15.21,14.8,"1,777,879,620","1,777,883,100","1,777,880,067","1,777,883,099",NODELAY,0,AUTO,Diesel,false,false,NA,2,2,0
vanta-Sea,Denver Office,BUS,"May 26, 2026",17:30,"4,885,313",LOGOUT,false,Isha Mikhailov Travel,EHI 275 GP,EHI 275 GP,12,2.46,2.7,"1,779,816,600","1,779,819,900","1,779,816,541","1,779,818,898",NODELAY,0,MANUAL,Petrol,false,false,NA,12,9,3
vanta-Sea,Denver Office,BUS,"May 26, 2026",10:00,"4,883,408",LOGIN,false,Sanjay Mikhailov Travel,MFF 800 GP,MFF 800 GP,12,10.11,18.7,"1,779,785,160","1,779,788,700","1,779,783,402","1,779,788,357",NODELAY,0,MANUAL,Petrol,false,false,HOME,3,2,1
pinnacle-Slc,Willow Bend Campus,CAB,"May 4, 2026",15:30,"3,056,490",LOGOUT,false,Aarav Mikhailov Travel,ENT 372 GP,ENT 372 GP,3,24.39,26.93,"1,777,908,600","1,777,913,460","1,777,908,585","1,777,913,315",NODELAY,0,AUTO,Diesel,false,false,NA,1,1,0
pinnacle-Slc,Oakmont Office,CAB,"May 12, 2026",08:30,"3,092,178",LOGIN,false,Rohan Mikhailov Travel,JAD 426 GP,JAD 426 GP,3,9.31,9,"1,778,572,200","1,778,574,300","1,778,572,176","1,778,574,160",NODELAY,0,AUTO,Diesel,false,false,HOME,2,2,0
vanta-Aus,Cedar Ridge Office,CAB,"July 24, 2026",18:15,"1,246,979",LOGOUT,false,Sneha Mikhailov Travel,KIQ 433 GP,KIQ 433 GP,3,5.67,5.7,"1,784,917,800","1,784,919,000","1,784,916,523","1,784,918,559",NODELAY,0,AUTO,Diesel,false,false,NA,2,2,0
vanta-Sea,Denver Office,BUS,"July 7, 2026",11:00,"5,021,198",LOGIN,false,Priya Mikhailov Travel,FCM 751 GP,FCM 751 GP,3,9.42,7.26,"1,783,419,300","1,783,421,100","1,783,419,269","1,783,421,536",NODELAY,0,SHUTTLE_SERVICE,Electric,false,false,HOME,3,3,0
vanta-Sea,Denver Office,BUS,"July 9, 2026",10:00,"5,028,848",LOGIN,false,Sanjay Mikhailov Travel,MVS 657 GP,MVS 657 GP,3,2.04,2.05,"1,783,590,180","1,783,590,900","1,783,588,776","1,783,590,842",NODELAY,0,SHUTTLE_SERVICE,Electric,false,false,HOME,3,3,0
vanta-Sea,Denver Office,CAB,"July 11, 2026",09:00,"5,035,718",LOGIN,false,Anjali Mikhailov Travel,TKW 361 GP,TKW 361 GP,3,12.8,12.5,"1,783,758,300","1,783,759,500","1,783,757,729","1,783,759,046",NODELAY,0,AUTO,Petrol,false,false,HOME,1,1,0
vanta-Sea,Denver Office,BUS,"July 14, 2026",11:00,"5,042,545",LOGIN,false,Anjali Mikhailov Travel,XTR 584 GP,XTR 584 GP,5,15.01,14.97,"1,784,021,640","1,784,025,900","1,784,020,494","1,784,026,052",NODELAY,0,SHUTTLE_SERVICE,Petrol,false,false,HOME,4,4,0
vanta-Sea,Denver Office,BUS,"July 10, 2026",10:00,"5,032,404",LOGIN,false,Isha Mikhailov Travel,TSO 051 GP,TSO 051 GP,3,30.44,21.32,"1,783,673,640","1,783,676,700","1,783,671,849","1,783,676,303",NODELAY,0,SHUTTLE_SERVICE,Petrol,false,false,HOME,2,2,0
vanta-Sea,Denver Office,BUS,"July 10, 2026",18:30,"5,034,209",LOGOUT,false,Priya Mikhailov Travel,YAS 590 GP,YAS 590 GP,12,5.68,4,"1,783,708,200","1,783,711,800","1,783,707,781","1,783,710,435",NODELAY,0,SHUTTLE_SERVICE,Petrol,false,false,NODAL,4,4,0
vanta-Sea,Denver Office,CAB,"July 17, 2026",19:16,"5,057,875",LOGOUT,false,Aarav Petrov Travel,IFP 341 GP,IFP 341 GP,3,10.05,9.7,"1,784,316,660","1,784,317,560","1,784,315,864","1,784,318,855",NODELAY,0,AUTO,Electric,false,false,HOME,1,1,0
vanta-Sea,Denver Office,BUS,"July 20, 2026",09:00,"5,060,984",LOGIN,false,Priya Mikhailov Travel,KKT 886 GP,KKT 886 GP,5,8.54,8.3,"1,784,535,900","1,784,537,100","1,784,534,910","1,784,537,712",NODELAY,0,MANUAL,Petrol,false,false,HOME,4,3,1
vanta-Aus,Cedar Ridge Office,CAB,"July 3, 2026",10:00,"1,208,785",LOGIN,false,Meera Pavlov Travel,QCW 070 GP,QCW 070 GP,3,26.39,25,"1,783,066,560","1,783,071,900","1,783,066,420","1,783,071,475",NODELAY,0,AUTO,Electric,false,false,HOME,3,3,0
catalyst-Sac,Fairview Commons,CAB,"July 2, 2026",07:00,"1,519,261",LOGIN,true,Arjun Mikhailov Travel,FRK 060 GP,FRK 060 GP,4,27.69,27.91,"1,782,970,260","1,782,973,800","1,782,969,511","1,782,973,087",NODELAY,0,AUTO,Petrol,false,false,NA,1,2,0
catalyst-Sac,Santa Clara Office,CAB,"July 2, 2026",20:30,"1,520,345",LOGOUT,true,Vikram Mikhailov Travel,APH 662 GP,APH 662 GP,6,30.15,30.1,"1,783,025,100","1,783,028,340","1,783,025,390","1,783,032,801",NODELAY,0,AUTO,Petrol,false,false,NA,4,5,0
orbit-Slc,Eastgate Office,CAB,"July 7, 2026",20:00,"1,320,627",LOGOUT,false,Rohan Mikhailov Travel,XPS 253 GP,XPS 253 GP,3,24.67,29.32,"1,783,455,300","1,783,458,900","1,783,455,146","1,783,459,296",NODELAY,0,AUTO,Electric,false,false,HOME,2,2,0
catalyst-Sac,Santa Clara Office,CAB,"July 6, 2026",20:30,"1,523,446",LOGOUT,false,Vikram Mikhailov Travel,TJJ 983 GP,TJJ 983 GP,4,13.63,13.6,"1,783,370,700","1,783,371,420","1,783,370,566","1,783,374,580",NODELAY,0,AUTO,Petrol,false,false,NA,4,4,0
catalyst-Sac,Crestwood Campus,CAB,"July 7, 2026",04:30,"1,523,778",LOGIN,true,Arjun Mikhailov Travel,AZH 504 GP,AZH 504 GP,4,14.96,14.3,"1,783,394,040","1,783,396,800","1,783,394,077","1,783,396,028",NODELAY,0,AUTO,Petrol,false,false,NA,2,3,0
orbit-Slc,Lakeside Commons,BUS,"July 8, 2026",13:00,"1,322,879",LOGIN,false,Rahul Mikhailov Travel,HJS 286 GP,HJS 286 GP,3,14.1,13.2,"1,783,509,900","1,783,514,700","1,783,509,995","1,783,512,308",NODELAY,0,MANUAL,Diesel,false,false,HOME,2,1,1
vanta-Sea,Denver Office,CAB,"July 2, 2026",01:16,"5,006,392",LOGOUT,false,Aarav Mikhailov Travel,ZWP 639 GP,ZWP 639 GP,3,7.08,7.1,"1,782,955,860","1,782,956,280","1,782,954,758","1,782,956,061",NODELAY,0,AUTO,Petrol,false,false,HOME,1,1,0
vanta-Aus,Cedar Ridge Office,CAB,"July 14, 2026",14:00,"1,227,721",LOGIN,false,Sanjay Mikhailov Travel,RVC 303 GP,RVC 303 GP,4,18.27,17.9,"1,784,031,600","1,784,036,700","1,784,032,814","1,784,036,393",NODELAY,0,AUTO,Electric,false,false,HOME,3,2,1
catalyst-Sac,Santa Clara Office,CAB,"July 14, 2026",19:00,"1,535,275",LOGOUT,true,Rohan Mikhailov Travel,JXU 601 GP,JXU 601 GP,6,21.71,21.8,"1,784,056,500","1,784,058,840","1,784,056,341","1,784,064,437",NODELAY,0,AUTO,Petrol,false,false,HOME,4,5,0
vanta-Sea,Denver Office,CAB,"July 1, 2026",17:16,"5,004,364",LOGOUT,false,Priya Mikhailov Travel,DJR 237 GP,DJR 237 GP,3,13.41,13.7,"1,782,927,060","1,782,928,320","1,782,926,018","1,782,929,750",NODELAY,0,AUTO,Petrol,false,false,HOME,3,3,0
vanta-Aus,Cedar Ridge Office,CAB,"July 14, 2026",21:15,"1,228,907",LOGOUT,false,Sanjay Mikhailov Travel,SIN 292 GP,SIN 292 GP,4,31.35,32.5,"1,784,064,600","1,784,067,000","1,784,063,464","1,784,069,002",NODELAY,0,AUTO,Diesel,false,false,NA,2,2,0
pinnacle-Slc,Oakmont Office,CAB,"June 1, 2026",07:30,"3,173,933",LOGIN,false,Arjun Mikhailov Travel,RQF 960 GP,RQF 960 GP,3,9.23,8.7,"1,780,297,260","1,780,298,700","1,780,297,340","1,780,298,505",NODELAY,0,AUTO,Diesel,false,false,HOME,1,1,0
pinnacle-Slc,Clearwater Campus,CAB,"June 4, 2026",08:30,"3,191,575",LOGIN,false,Rahul Orlov Travel,BLF 300 GP,BLF 300 GP,3,14.68,14.48,"1,780,558,260","1,780,561,500","1,780,558,587","1,780,562,129",NODELAY,0,AUTO,Diesel,false,false,HOME,2,2,0
pinnacle-Slc,Oakmont Office,CAB,"June 5, 2026",15:00,"3,201,248",LOGOUT,false,Amit Volkov Travel,OMZ 672 GP,OMZ 672 GP,3,14.73,16.9,"1,780,671,600","1,780,673,760","1,780,671,614","1,780,675,368",NODELAY,0,AUTO,Diesel,false,false,HOME,2,2,0
pinnacle-Slc,Clearwater Campus,CAB,"June 9, 2026",09:00,"3,211,864",LOGIN,false,Rahul Mikhailov Travel,NOD 974 GP,NOD 974 GP,3,2.84,2.53,"1,780,994,160","1,780,995,300","1,780,994,791","1,780,996,180",NODELAY,0,AUTO,Diesel,false,false,NODAL,3,3,0
pinnacle-Slc,Clearwater Campus,CAB,"June 5, 2026",Non Shift,"3,203,880",LOGOUT,false,Arjun Mikhailov Travel,GBW 837 GP,GBW 837 GP,3,2.29,2.37,"1,780,680,600","1,780,684,200","1,780,681,327","1,780,682,231",NODELAY,0,AUTO,Diesel,false,false,NA,1,1,0
pinnacle-Slc,Clearwater Campus,CAB,"June 9, 2026",09:30,"3,212,099",LOGIN,false,Sanjay Mikhailov Travel,TAT 491 GP,TAT 491 GP,3,8.13,7.07,"1,780,994,460","1,780,997,100","1,780,994,902","1,780,997,595",NODELAY,0,AUTO,Diesel,false,false,NODAL,3,2,1
pinnacle-Slc,Clearwater Campus,CAB,"June 3, 2026",08:30,"3,184,869",LOGIN,false,Rahul Mikhailov Travel,XTW 874 GP,XTW 874 GP,3,5.65,5.1,"1,780,473,300","1,780,475,100","1,780,473,730","1,780,475,807",NODELAY,0,AUTO,Diesel,false,false,NA,3,2,0
pinnacle-Slc,Clearwater Campus,CAB,"July 14, 2026",Non Shift,"3,399,829",LOGOUT,true,Aarav Mikhailov Travel,IMH 455 GP,IMH 455 GP,3,3.84,4.2,"1,784,061,000","1,784,064,600","1,784,061,589","1,784,063,245",NODELAY,0,AUTO,Diesel,false,false,NA,2,2,0
pinnacle-Slc,Clearwater Campus,CAB,"July 16, 2026",15:30,"3,407,577",LOGOUT,false,Karan Mikhailov Travel,MMV 201 GP,MMV 201 GP,3,11.65,11.39,"1,784,215,800","1,784,218,080","1,784,216,177","1,784,219,137",NODELAY,0,AUTO,Diesel,false,false,NA,3,3,0
pinnacle-Slc,Clearwater Campus,CAB,"July 14, 2026",21:30,"3,394,576",LOGOUT,false,Karan Mikhailov Travel,JPP 981 GP,JPP 981 GP,3,9.96,10,"1,784,064,600","1,784,066,400","1,784,063,843","1,784,065,607",NODELAY,0,AUTO,Diesel,false,false,HOME,1,1,0
pinnacle-Slc,Willow Bend Campus,CAB,"July 17, 2026",08:30,"3,410,558",LOGIN,false,Rohan Mikhailov Travel,PRR 381 GP,PRR 381 GP,3,12.49,12.1,"1,784,274,240","1,784,276,700","1,784,274,407","1,784,276,575",NODELAY,0,AUTO,Diesel,false,false,HOME,2,2,0
pinnacle-Slc,Oakmont Office,CAB,"July 16, 2026",Non Shift,"3,411,634",LOGOUT,false,Aarav Mikhailov Travel,WTU 538 GP,WTU 538 GP,3,8.27,10,"1,784,237,400","1,784,239,200","1,784,237,332","1,784,239,587",NODELAY,0,AUTO,Diesel,false,false,NA,1,1,0
pinnacle-Slc,Clearwater Campus,CAB,"July 17, 2026",14:30,"3,414,510",LOGOUT,false,Aarav Mikhailov Travel,ENT 372 GP,ENT 372 GP,3,5.56,5.5,"1,784,298,600","1,784,299,800","1,784,298,678","1,784,300,293",NODELAY,0,AUTO,Diesel,false,false,HOME,3,3,0
pinnacle-Slc,Oakmont Office,CAB,"July 17, 2026",07:30,"3,411,053",LOGIN,false,Arjun Mikhailov Travel,GOL 545 GP,GOL 545 GP,3,22.88,21.9,"1,784,270,160","1,784,273,100","1,784,270,177","1,784,272,437",NODELAY,0,AUTO,Diesel,false,false,HOME,1,1,0
pinnacle-Slc,Willow Bend Campus,CAB,"July 28, 2026",07:30,"3,457,728",LOGIN,false,Rahul Mikhailov Travel,FVO 285 GP,FVO 285 GP,3,19.15,19.1,"1,785,220,080","1,785,223,500","1,785,220,824","1,785,223,825",NODELAY,0,AUTO,Diesel,false,false,NODAL,3,3,0
orbit-Slc,Cedar Ridge Office,CAB,"May 7, 2026",20:00,"1,219,229",LOGOUT,true,Anjali Mikhailov Travel,LNB 402 GP,LNB 402 GP,3,18.12,16.75,"1,778,184,900","1,778,187,780","1,778,185,070","1,778,188,342",NODELAY,0,AUTO,Diesel,false,false,HOME,2,3,0
orbit-Slc,Eastgate Office,CAB,"May 14, 2026",22:00,"1,228,907",LOGOUT,false,Rohan Mikhailov Travel,CVQ 952 GP,CVQ 952 GP,3,18.01,28.46,"1,778,796,900","1,778,800,200","1,778,796,577","1,778,799,581",NODELAY,0,AUTO,Electric,false,false,HOME,2,2,0
orbit-Slc,Eastgate Office,CAB,"May 11, 2026",22:00,"1,222,764",LOGOUT,false,Rohan Mikhailov Travel,IZV 921 GP,IZV 921 GP,3,17.02,21.3,"1,778,537,700","1,778,540,760","1,778,537,415","1,778,540,696",NODELAY,0,AUTO,Diesel,false,false,HOME,3,3,0
vanta-Sea,Denver Office,CAB,"May 1, 2026",13:00,"4,813,546",LOGIN,false,Aarav Petrov Travel,AMP 179 GP,AMP 179 GP,3,16.65,14.9,"1,777,637,100","1,777,639,500","1,777,637,455","1,777,639,416",NODELAY,0,AUTO,Electric,false,false,NA,1,1,0
vanta-Sea,Denver Office,CAB,"May 4, 2026",08:00,"4,816,867",LOGIN,false,Isha Mikhailov Travel,IVI 922 GP,IVI 922 GP,3,13.85,12.3,"1,777,879,020","1,777,880,700","1,777,878,995","1,777,881,032",NODELAY,0,AUTO,Petrol,false,false,NA,2,2,0
vanta-Aus,Cedar Ridge Office,CAB,"May 30, 2026",05:15,"1,147,974",LOGOUT,false,Priya Mikhailov Travel,LDD 430 GP,LDD 430 GP,3,39.4,32.7,"1,780,119,000","1,780,121,820","1,780,117,593","1,780,120,491",NODELAY,0,AUTO,Electric,false,false,NA,1,1,0
orbit-Slc,Cedar Ridge Office,BUS,"May 25, 2026",13:00,"1,244,027",LOGIN,false,Rahul Mikhailov Travel,UCD 749 GP,UCD 749 GP,3,28.61,29.9,"1,779,706,800","1,779,713,100","1,779,707,785","1,779,712,485",NODELAY,0,MANUAL,Diesel,false,false,HOME,3,2,1
vanta-Sea,Denver Office,BUS,"May 6, 2026",12:00,"4,825,048",LOGIN,false,Priya Mikhailov Travel,OVO 690 GP,OVO 690 GP,3,10.28,9.1,"1,778,065,560","1,778,067,900","1,778,065,721","1,778,068,337",NODELAY,0,MANUAL,Petrol,false,false,NA,3,2,1
catalyst-Sac,Santa Clara Office,CAB,"June 1, 2026",07:00,"1,476,076",LOGIN,false,Vikram Mikhailov Travel,JKV 988 GP,JKV 988 GP,4,16.4,16.1,"1,780,293,060","1,780,295,400","1,780,292,857","1,780,294,837",NODELAY,0,AUTO,Petrol,false,false,HOME,2,2,0
vanta-Aus,Cedar Ridge Office,CAB,"June 3, 2026",16:15,"1,153,961",LOGOUT,false,Priya Mikhailov Travel,RUG 033 GP,RUG 033 GP,5,15.68,15.3,"1,780,504,200","1,780,506,420","1,780,503,255","1,780,506,315",NODELAY,0,AUTO,Diesel,false,false,NA,2,1,1
catalyst-Sac,Fairview Commons,CAB,"June 3, 2026",21:30,"1,480,496",LOGOUT,true,Arjun Mikhailov Travel,ILD 522 GP,ILD 522 GP,4,9.32,9.3,"1,780,523,100","1,780,524,600","1,780,522,971","1,780,526,462",NODELAY,0,AUTO,Petrol,false,false,NA,2,3,0
orbit-Slc,Lakeside Commons,BUS,"June 2, 2026",11:00,"1,256,543",LOGIN,false,Rahul Mikhailov Travel,CBA 752 GP,CBA 752 GP,6,34.45,31.74,"1,780,389,600","1,780,397,100","1,780,390,072","1,780,397,655",NODELAY,0,MANUAL,Diesel,false,false,NA,4,4,0
vanta-Sea,Denver Office,BUS,"June 1, 2026",10:00,"4,900,892",LOGIN,false,Anjali Mikhailov Travel,PIB 499 GP,PIB 499 GP,3,18.65,18.5,"1,780,302,420","1,780,307,100","1,780,300,646","1,780,307,245",NODELAY,0,MANUAL,Petrol,false,false,NA,2,1,1
vanta-Sea,Denver Office,CAB,"June 2, 2026",07:16,"4,905,784",LOGOUT,false,Aarav Petrov Travel,EVI 428 GP,EVI 428 GP,3,6.29,6.2,"1,780,385,460","1,780,385,760","1,780,384,336","1,780,385,267",NODELAY,0,AUTO,Petrol,false,false,NA,1,1,0
vanta-Aus,Cedar Ridge Office,CAB,"June 18, 2026",19:15,"1,181,516",LOGOUT,false,Meera Pavlov Travel,MZO 811 GP,MZO 811 GP,3,11.71,15.2,"1,781,811,000","1,781,812,800","1,781,809,748","1,781,814,211",NODELAY,0,AUTO,Diesel,false,false,HOME,3,3,0
catalyst-Sac,Santa Clara Office,CAB,"June 9, 2026",02:30,"1,486,270",LOGOUT,true,Divya Mikhailov Travel,OPI 968 GP,OPI 968 GP,4,25.67,25.7,"1,780,973,100","1,780,973,580","1,780,973,323","1,780,979,694",NODELAY,0,AUTO,Petrol,false,false,NA,3,4,0
vanta-Aus,Cedar Ridge Office,CAB,"June 24, 2026",20:15,"1,192,366",LOGOUT,false,Meera Pavlov Travel,HQK 619 GP,HQK 619 GP,5,10.59,8.4,"1,782,333,000","1,782,333,480","1,782,331,848","1,782,334,853",NODELAY,0,AUTO,Diesel,false,false,NA,4,4,1
vanta-Aus,Cedar Ridge Office,CAB,"June 25, 2026",10:00,"1,193,007",LOGIN,false,Anjali Mikhailov Travel,JYG 611 GP,JYG 611 GP,5,4.43,4.5,"1,782,378,300","1,782,380,700","1,782,378,297","1,782,379,676",NODELAY,0,AUTO,Diesel,false,false,HOME,5,5,0
catalyst-Sac,Santa Clara Office,CAB,"June 12, 2026",04:00,"1,492,188",LOGOUT,true,Divya Mikhailov Travel,SFD 909 GP,SFD 909 GP,4,3.73,3.7,"1,781,237,700","1,781,238,540","1,781,237,983","1,781,239,175",NODELAY,0,AUTO,Petrol,false,false,NA,3,4,0
vanta-Aus,Cedar Ridge Office,CAB,"June 11, 2026",06:00,"1,167,331",LOGIN,false,Sneha Mikhailov Travel,GDR 346 GP,GDR 346 GP,3,21.39,21.1,"1,781,154,300","1,781,156,700","1,781,154,449","1,781,156,608",NODELAY,0,AUTO,Electric,false,false,HOME,1,1,0
vanta-Aus,Cedar Ridge Office,CAB,"May 5, 2026",00:15,"1,102,236",LOGOUT,true,Anjali Mikhailov Travel,USH 325 GP,USH 325 GP,5,18.59,16.7,"1,777,941,000","1,777,943,160","1,777,939,870","1,777,942,077",NODELAY,0,AUTO,Diesel,false,false,HOME,2,2,1
vanta-Aus,Cedar Ridge Office,CAB,"May 5, 2026",22:15,"1,104,258",LOGOUT,false,Anjali Mikhailov Travel,YKS 083 GP,YKS 083 GP,5,26.71,27.7,"1,778,020,200","1,778,024,520","1,778,019,089","1,778,023,632",NODELAY,0,AUTO,Diesel,false,false,NA,2,2,0
catalyst-Sac,Santa Clara Office,CAB,"May 8, 2026",19:30,"1,449,307",LOGIN,false,Vikram Mikhailov Travel,MSG 826 GP,MSG 826 GP,4,22.67,22.7,"1,778,261,400","1,778,266,800","1,778,260,874","1,778,268,415",TRAFFIC,11,AUTO,Petrol,false,false,NA,3,3,0
orbit-Slc,Lakeside Commons,CAB,"May 13, 2026",20:00,"1,227,721",LOGOUT,false,Rahul Mikhailov Travel,CBU 383 GP,CBU 383 GP,6,35.66,43.19,"1,778,703,300","1,778,708,520","1,778,703,527","1,778,710,208",NODELAY,0,AUTO,Diesel,false,false,HOME,6,5,1
vanta-Aus,Cedar Ridge Office,CAB,"May 6, 2026",06:15,"1,105,362",LOGOUT,true,Sneha Mikhailov Travel,IOK 338 GP,IOK 338 GP,3,8.85,8.4,"1,778,049,000","1,778,051,040","1,778,048,045","1,778,049,192",NODELAY,0,AUTO,Diesel,false,false,HOME,1,2,0
vanta-Aus,Cedar Ridge Office,CAB,"May 11, 2026",22:15,"1,114,440",LOGOUT,false,Sanjay Mikhailov Travel,DGY 999 GP,DGY 999 GP,5,9.55,10.5,"1,778,538,600","1,778,539,800","1,778,537,256","1,778,539,495",NODELAY,0,AUTO,Electric,false,false,HOME,2,2,0
catalyst-Sac,Santa Clara Office,CAB,"May 15, 2026",01:00,"1,457,643",LOGOUT,false,Divya Mikhailov Travel,MDZ 514 GP,MDZ 514 GP,4,30.26,29.7,"1,778,807,700","1,778,809,500","1,778,807,718","1,778,812,218",NODELAY,0,AUTO,Petrol,false,false,NA,4,4,0
catalyst-Sac,Santa Clara Office,CAB,"May 13, 2026",19:00,"1,454,882",LOGOUT,true,Divya Mikhailov Travel,FMB 463 GP,FMB 463 GP,4,5.96,6,"1,778,699,700","1,778,700,960","1,778,699,823","1,778,703,789",NODELAY,0,AUTO,Petrol,false,false,HOME,1,2,0
vanta-Aus,Cedar Ridge Office,CAB,"May 18, 2026",13:00,"1,125,106",LOGIN,false,Meera Pavlov Travel,DDG 033 GP,DDG 033 GP,3,19.69,20.9,"1,779,103,800","1,779,108,300","1,779,103,765","1,779,107,471",NODELAY,0,AUTO,Diesel,false,false,NA,2,2,0
vanta-Aus,Cedar Ridge Office,CAB,"May 13, 2026",20:15,"1,118,457",LOGOUT,true,Sneha Mikhailov Travel,AVS 411 GP,AVS 411 GP,3,29.47,23.3,"1,778,704,200","1,778,706,360","1,778,703,623","1,778,708,102",NODELAY,0,AUTO,Diesel,false,false,NA,3,2,2
orbit-Slc,Lakeside Commons,CAB,"May 7, 2026",06:30,"1,217,331",LOGIN,true,Anjali Mikhailov Travel,DXG 840 GP,DXG 840 GP,3,26.84,26.8,"1,778,130,000","1,778,134,500","1,778,130,652","1,778,133,211",NODELAY,0,AUTO,Diesel,false,false,HOME,1,2,0
vanta-Aus,Cedar Ridge Office,CAB,"July 13, 2026",21:00,"1,225,615",LOGIN,false,Priya Mikhailov Travel,LDH 031 GP,LDH 031 GP,4,10.58,9.5,"1,783,973,700","1,783,975,500","1,783,973,405","1,783,974,576",NODELAY,0,AUTO,Electric,false,false,NA,1,1,0
orbit-Slc,Lakeside Commons,CAB,"July 16, 2026",20:00,"1,338,760",LOGOUT,false,Rahul Mikhailov Travel,ZTR 159 GP,ZTR 159 GP,6,6.48,8.63,"1,784,232,900","1,784,233,620","1,784,232,954","1,784,236,111",NODELAY,0,AUTO,Diesel,false,false,HOME,2,2,0
vanta-Aus,Cedar Ridge Office,CAB,"July 16, 2026",21:15,"1,233,441",LOGOUT,false,Sanjay Mikhailov Travel,MWR 631 GP,MWR 631 GP,5,17.74,22.3,"1,784,237,400","1,784,241,240","1,784,235,975","1,784,241,433",NODELAY,0,AUTO,Electric,false,false,NA,5,5,0
orbit-Slc,Lakeside Commons,CAB,"July 23, 2026",06:30,"1,349,599",LOGIN,false,Rahul Mikhailov Travel,AST 331 GP,AST 331 GP,3,19.83,17.9,"1,784,785,500","1,784,787,300","1,784,785,462","1,784,787,374",NODELAY,0,AUTO,Electric,false,false,HOME,1,1,0
vanta-Aus,Cedar Ridge Office,CAB,"July 23, 2026",12:00,"1,244,027",LOGIN,false,Meera Pavlov Travel,HDL 657 GP,HDL 657 GP,5,2.75,3.3,"1,784,805,480","1,784,807,100","1,784,805,321","1,784,806,676",NODELAY,0,AUTO,Diesel,false,false,HOME,4,4,0
orbit-Slc,Lakeside Commons,BUS,"July 24, 2026",13:00,"1,352,218",LOGIN,false,Anjali Mikhailov Travel,QDG 067 GP,QDG 067 GP,12,33.07,35.6,"1,784,889,900","1,784,897,100","1,784,890,298","1,784,897,612",NODELAY,0,MANUAL,Diesel,false,false,HOME,7,6,1
catalyst-Sac,Crestwood Campus,CAB,"July 21, 2026",02:30,"1,544,025",LOGOUT,false,Rohan Mikhailov Travel,FVQ 573 GP,FVQ 573 GP,4,25.6,24.32,"1,784,601,900","1,784,604,780","1,784,601,611","1,784,604,806",NODELAY,0,AUTO,Petrol,false,false,NA,4,4,0
catalyst-Sac,Santa Clara Office,CAB,"July 30, 2026",17:30,"1,557,171",LOGOUT,false,Divya Mikhailov Travel,GWL 440 GP,GWL 440 GP,4,23.63,22.42,"1,785,433,500","1,785,437,820","1,785,432,926","1,785,435,684",NODELAY,0,AUTO,Petrol,false,false,NA,1,1,0
catalyst-Sac,Crestwood Campus,CAB,"July 31, 2026",02:00,"1,559,233",LOGOUT,false,Vikram Mikhailov Travel,NPA 667 GP,NPA 667 GP,4,14.76,15.54,"1,785,464,100","1,785,466,620","1,785,463,639","1,785,465,858",NODELAY,0,AUTO,Petrol,false,false,NA,2,2,0
orbit-Slc,Lakeside Commons,CAB,"July 28, 2026",20:30,"1,358,520",LOGIN,false,Anjali Mikhailov Travel,XTT 137 GP,XTT 137 GP,6,21.03,25.41,"1,785,264,000","1,785,269,700","1,785,264,139","1,785,268,542",NODELAY,0,AUTO,Diesel,false,false,NA,1,1,0
catalyst-Sac,Santa Clara Office,CAB,"July 30, 2026",20:00,"1,558,498",LOGOUT,false,Sanjay Mikhailov Travel,LMS 565 GP,LMS 565 GP,4,27.33,26.9,"1,785,442,500","1,785,446,400","1,785,442,495","1,785,447,428",NODELAY,0,AUTO,Petrol,false,false,NA,3,3,0
pinnacle-Slc,Clearwater Campus,CAB,"June 15, 2026",09:00,"3,244,952",LOGIN,false,Karan Mikhailov Travel,LMB 879 GP,LMB 879 GP,3,11.28,10.9,"1,781,511,120","1,781,513,700","1,781,510,764","1,781,513,317",NODELAY,0,AUTO,Diesel,false,false,HOME,2,2,0
vanta-Sea,Denver Office,CAB,"June 19, 2026",20:16,"4,966,440",LOGOUT,true,Priya Mikhailov Travel,UJO 202 GP,UJO 202 GP,3,24.23,24.4,"1,781,901,060","1,781,904,600","1,781,900,192","1,781,904,689",NODELAY,0,AUTO,Petrol,false,false,NA,1,2,0
pinnacle-Slc,Willow Bend Campus,CAB,"June 10, 2026",20:30,"3,221,835",LOGOUT,false,Aarav Mikhailov Travel,OWE 856 GP,OWE 856 GP,3,8.48,9,"1,781,125,200","1,781,132,399","1,781,125,577","1,781,127,333",NODELAY,0,AUTO,Diesel,false,false,NA,1,1,0
pinnacle-Slc,Oakmont Office,CAB,"June 11, 2026",07:30,"3,226,337",LOGIN,false,Amit Mikhailov Travel,IDQ 421 GP,IDQ 421 GP,3,16.7,16.3,"1,781,160,540","1,781,162,700","1,781,160,717","1,781,162,568",NODELAY,0,AUTO,Diesel,false,false,NA,1,1,0
vanta-Sea,Denver Office,CAB,"June 22, 2026",21:00,"4,971,214",LOGIN,true,Isha Mikhailov Travel,WVV 798 GP,WVV 798 GP,3,20.96,18.9,"1,782,158,880","1,782,161,100","1,782,157,941","1,782,162,377",TRAFFIC,6,AUTO,Petrol,false,false,HOME,1,2,0
pinnacle-Slc,Clearwater Campus,CAB,"June 10, 2026",15:00,"3,222,226",LOGOUT,false,Aarav Mikhailov Travel,LPZ 520 GP,LPZ 520 GP,3,5.31,7.5,"1,781,103,600","1,781,104,620","1,781,103,797","1,781,105,637",NODELAY,0,AUTO,Diesel,false,false,NA,3,3,0
vanta-Sea,Denver Office,BUS,"June 26, 2026",12:00,"4,987,925",LOGIN,false,Aarav Petrov Travel,RJA 896 GP,RJA 896 GP,12,5.48,5.6,"1,782,473,340","1,782,474,300","1,782,472,869","1,782,475,158",NODELAY,0,MANUAL,Petrol,false,false,NODAL,12,9,3
vanta-Sea,Denver Office,BUS,"June 19, 2026",18:30,"4,966,104",LOGOUT,false,Aarav Mikhailov Travel,VZQ 721 GP,VZQ 721 GP,12,4.6,1.9,"1,781,893,800","1,781,896,800","1,781,892,517","1,781,894,575",NODELAY,0,MANUAL,Petrol,false,false,HOME,1,1,0
vanta-Sea,Denver Office,CAB,"June 24, 2026",23:16,"4,982,578",LOGOUT,false,Isha Mikhailov Travel,XIL 119 GP,XIL 119 GP,3,20.01,19.9,"1,782,343,860","1,782,346,020","1,782,342,997","1,782,346,037",NODELAY,0,AUTO,Petrol,false,false,NA,2,2,0
pinnacle-Slc,Clearwater Campus,CAB,"June 18, 2026",09:00,"3,264,908",LOGIN,false,Sanjay Mikhailov Travel,EJG 442 GP,EJG 442 GP,3,4.34,3.8,"1,781,771,400","1,781,772,900","1,781,771,669","1,781,773,327",NODELAY,0,AUTO,Diesel,false,false,HOME,3,3,0
pinnacle-Slc,Clearwater Campus,CAB,"June 22, 2026",16:30,"3,284,317",LOGOUT,false,Rahul Orlov Travel,DAX 160 GP,DAX 160 GP,3,11.12,10.54,"1,782,145,800","1,782,147,660","1,782,146,224","1,782,149,670",EMPLOYEE,1,AUTO,Diesel,false,false,HOME,3,3,0
vanta-Sea,Denver Office,CAB,"July 16, 2026",23:16,"5,054,947",LOGOUT,false,Aarav Mikhailov Travel,GOK 266 GP,GOK 266 GP,5,21.29,21.6,"1,784,244,660","1,784,248,740","1,784,243,484","1,784,247,461",NODELAY,0,AUTO,Petrol,false,false,HOME,4,4,0
vanta-Sea,Denver Office,CAB,"July 21, 2026",22:16,"5,068,215",LOGOUT,false,Priya Mikhailov Travel,PAU 416 GP,PAU 416 GP,5,7.29,6.9,"1,784,673,060","1,784,674,080","1,784,672,356","1,784,674,460",NODELAY,0,AUTO,Petrol,false,false,HOME,4,4,0
vanta-Sea,Denver Office,CAB,"July 27, 2026",21:16,"5,088,200",LOGOUT,false,Sanjay Mikhailov Travel,QBU 872 GP,QBU 872 GP,3,10.57,13.3,"1,785,187,860","1,785,189,000","1,785,186,743","1,785,190,075",NODELAY,0,AUTO,Petrol,false,false,HOME,3,3,1
vanta-Sea,Denver Office,CAB,"July 13, 2026",09:00,"5,038,323",LOGIN,false,Priya Mikhailov Travel,PGO 659 GP,PGO 659 GP,3,26.74,28.3,"1,783,927,560","1,783,932,300","1,783,927,686","1,783,932,420",NODELAY,0,AUTO,Petrol,false,false,HOME,1,1,0
vanta-Sea,Denver Office,BUS,"July 16, 2026",12:00,"5,051,795",LOGIN,false,Anjali Mikhailov Travel,EUU 248 GP,EUU 248 GP,12,24.75,20.6,"1,784,198,400","1,784,202,300","1,784,197,480","1,784,202,818",NODELAY,0,MANUAL,Petrol,false,false,HOME,10,8,2
vanta-Sea,Denver Office,CAB,"July 17, 2026",17:16,"5,057,600",LOGOUT,false,Aarav Mikhailov Travel,TOU 829 GP,TOU 829 GP,5,20.49,23.6,"1,784,309,460","1,784,311,740","1,784,308,283","1,784,315,795",NODELAY,0,AUTO,Petrol,false,false,HOME,2,2,0
vanta-Sea,Denver Office,CAB,"July 23, 2026",06:00,"5,072,859",LOGIN,false,Anjali Mikhailov Travel,TEF 968 GP,TEF 968 GP,3,6.01,5.6,"1,784,784,900","1,784,785,500","1,784,785,126","1,784,785,694",NODELAY,0,AUTO,Petrol,false,false,HOME,1,1,0
vanta-Sea,Denver Office,CAB,"July 22, 2026",18:16,"5,071,405",LOGOUT,false,Isha Mikhailov Travel,SCX 268 GP,SCX 268 GP,3,15.84,14.4,"1,784,745,060","1,784,746,500","1,784,744,387","1,784,748,429",NODELAY,0,AUTO,Petrol,false,false,HOME,1,1,0
vanta-Sea,Denver Office,BUS,"July 28, 2026",13:00,"5,090,107",LOGIN,false,Anjali Mikhailov Travel,PLJ 706 GP,PLJ 706 GP,12,7.48,11.3,"1,785,239,640","1,785,242,700","1,785,238,282","1,785,241,519",NODELAY,0,MANUAL,Petrol,false,false,HOME,1,1,0
vanta-Sea,Denver Office,CAB,"July 28, 2026",19:16,"5,092,021",LOGOUT,false,Priya Mikhailov Travel,PTE 814 GP,PTE 814 GP,3,23.88,23.9,"1,785,267,060","1,785,270,240","1,785,265,966","1,785,271,827",NODELAY,0,AUTO,Petrol,false,false,HOME,2,2,0
vanta-Sea,Denver Office,BUS,"July 21, 2026",11:00,"5,065,469",LOGIN,false,Aarav Mikhailov Travel,HNG 976 GP,HNG 976 GP,3,19.26,16.3,"1,784,626,680","1,784,630,700","1,784,626,723","1,784,631,824",TRAFFIC,3,MANUAL,Petrol,false,false,HOME,3,2,1
vanta-Sea,Denver Office,BUS,"July 28, 2026",12:00,"5,089,800",LOGIN,false,Aarav Mikhailov Travel,YET 234 GP,YET 234 GP,5,13.91,16.1,"1,785,236,280","1,785,239,100","1,785,234,517","1,785,239,978",NODELAY,0,MANUAL,Petrol,false,false,HOME,4,4,0
pinnacle-Slc,Oakmont Office,CAB,"July 2, 2026",09:00,"3,337,191",LOGIN,false,Divya Mikhailov Travel,VCD 007 GP,VCD 007 GP,3,11.34,10.6,"1,782,980,160","1,782,982,500","1,782,980,485","1,782,983,274",NODELAY,0,AUTO,Diesel,false,false,HOME,1,1,0
pinnacle-Slc,Clearwater Campus,CAB,"June 25, 2026",15:00,"3,303,371",LOGOUT,false,Sanjay Mikhailov Travel,VAK 234 GP,VAK 234 GP,3,2.47,4.4,"1,782,399,600","1,782,400,500","1,782,400,560","1,782,401,656",EMPLOYEE,2,AUTO,Diesel,false,false,NODAL,3,1,0
pinnacle-Slc,Clearwater Campus,CAB,"June 25, 2026",15:30,"3,303,628",LOGOUT,false,Amit Mikhailov Travel,UOM 125 GP,UOM 125 GP,3,1.9,2,"1,782,401,400","1,782,402,000","1,782,401,786","1,782,402,704",NODELAY,0,AUTO,Diesel,false,false,NODAL,3,1,1
pinnacle-Slc,Oakmont Office,CAB,"June 24, 2026",03:00,"3,298,487",LOGOUT,true,Sanjay Mikhailov Travel,ZCZ 477 GP,ZCZ 477 GP,3,20.54,21.94,"1,782,270,000","1,782,272,100","1,782,271,035","1,782,273,724",EMPLOYEE,2,AUTO,Diesel,false,false,HOME,3,3,0
pinnacle-Slc,Willow Bend Campus,CAB,"June 25, 2026",13:00,"3,302,536",LOGIN,false,Amit Mikhailov Travel,HNA 455 GP,HNA 455 GP,3,15.46,14.9,"1,782,389,520","1,782,392,100","1,782,389,597","1,782,392,413",NODELAY,0,AUTO,Diesel,false,false,HOME,1,1,0
pinnacle-Slc,Oakmont Office,CAB,"June 26, 2026",03:00,"3,311,093",LOGOUT,true,Rahul Mikhailov Travel,UIK 570 GP,UIK 570 GP,3,13.68,12.85,"1,782,442,800","1,782,444,300","1,782,443,754","1,782,445,640",EMPLOYEE,3,AUTO,Diesel,false,false,HOME,3,3,0
vanta-Sea,Denver Office,BUS,"May 14, 2026",12:00,"4,850,074",LOGIN,false,Aarav Mikhailov Travel,AUF 191 GP,AUF 191 GP,3,14.19,17.1,"1,778,754,360","1,778,759,100","1,778,752,787","1,778,758,250",NODELAY,0,MANUAL,Petrol,false,false,NODAL,3,2,1
vanta-Sea,Denver Office,CAB,"May 11, 2026",20:16,"4,839,924",LOGOUT,false,Isha Mikhailov Travel,RUN 731 GP,RUN 731 GP,3,35.37,35.2,"1,778,531,460","1,778,534,940","1,778,530,249","1,778,536,918",NODELAY,0,AUTO,Petrol,false,false,NA,3,3,0
vanta-Sea,Denver Office,CAB,"May 5, 2026",20:16,"4,823,061",LOGOUT,false,Aarav Petrov Travel,EVI 428 GP,EVI 428 GP,3,5.02,26.2,"1,778,013,060","1,778,013,420","1,778,012,993","1,778,018,507",NODELAY,0,AUTO,Petrol,false,false,NA,1,1,1
vanta-Sea,Denver Office,BUS,"May 20, 2026",12:00,"4,867,064",LOGIN,false,Anjali Mikhailov Travel,NJM 871 GP,NJM 871 GP,3,19.88,19.5,"1,779,274,320","1,779,277,500","1,779,274,237","1,779,277,957",NODELAY,0,MANUAL,Petrol,false,false,HOME,1,1,0
vanta-Sea,Denver Office,CAB,"May 15, 2026",08:00,"4,852,883",LOGIN,false,Priya Mikhailov Travel,WCB 219 GP,WCB 219 GP,3,21.77,21.4,"1,778,827,560","1,778,831,100","1,778,827,979","1,778,831,085",NODELAY,0,AUTO,Petrol,false,false,HOME,2,2,0
vanta-Sea,Denver Office,CAB,"May 20, 2026",19:16,"4,868,743",LOGOUT,false,Anjali Mikhailov Travel,TRH 159 GP,TRH 159 GP,3,6.19,7.8,"1,779,305,460","1,779,306,060","1,779,304,420","1,779,307,640",NODELAY,0,AUTO,Petrol,false,false,NA,3,3,0
pinnacle-Slc,Clearwater Campus,CAB,"July 3, 2026",15:00,"3,345,321",LOGOUT,false,Rohan Mikhailov Travel,DTR 890 GP,DTR 890 GP,3,30.08,29.8,"1,783,090,800","1,783,095,120","1,783,090,998","1,783,096,306",NODELAY,0,AUTO,Diesel,false,false,HOME,3,2,0
pinnacle-Slc,Willow Bend Campus,CAB,"July 7, 2026",22:30,"3,358,871",LOGOUT,false,Divya Sokolov Travel,KIZ 187 GP,KIZ 187 GP,3,7.36,7.5,"1,783,463,400","1,783,464,660","1,783,463,369","1,783,464,681",NODELAY,0,AUTO,Diesel,false,false,NA,1,1,0
pinnacle-Slc,Willow Bend Campus,CAB,"July 3, 2026",07:30,"3,344,232",LOGIN,false,Amit Mikhailov Travel,TFT 793 GP,TFT 793 GP,3,22.36,22.01,"1,783,060,560","1,783,063,500","1,783,060,670","1,783,062,895",NODELAY,0,AUTO,Diesel,false,false,NA,1,1,0
pinnacle-Slc,Clearwater Campus,CAB,"July 3, 2026",09:30,"3,342,691",LOGIN,false,Rahul Morozov Travel,DVE 754 GP,DVE 754 GP,3,3.43,4.21,"1,783,068,480","1,783,070,700","1,783,068,868","1,783,070,029",NODELAY,0,AUTO,Diesel,false,false,NA,3,2,0
pinnacle-Slc,Clearwater Campus,CAB,"July 3, 2026",10:30,"3,342,937",LOGIN,false,Arjun Mikhailov Travel,FIK 526 GP,FIK 526 GP,3,7.88,7.2,"1,783,071,840","1,783,074,300","1,783,071,930","1,783,073,858",NODELAY,0,AUTO,Diesel,false,false,NA,2,1,0
pinnacle-Slc,Clearwater Campus,CAB,"July 7, 2026",10:30,"3,356,163",LOGIN,false,Divya Mikhailov Travel,HCJ 059 GP,HCJ 059 GP,3,9.57,10,"1,783,417,020","1,783,419,900","1,783,417,057","1,783,420,356",NODELAY,0,AUTO,Diesel,false,false,NA,2,1,0
pinnacle-Slc,Clearwater Campus,CAB,"July 7, 2026",15:30,"3,360,629",LOGOUT,false,Rahul Morozov Travel,LXQ 726 GP,LXQ 726 GP,3,0.85,1.5,"1,783,438,200","1,783,438,680","1,783,438,179","1,783,440,732",NODELAY,0,AUTO,Diesel,false,false,NA,4,3,0
pinnacle-Slc,Clearwater Campus,CAB,"July 6, 2026",14:30,"3,354,502",LOGOUT,false,Divya Kozlov Travel,JWT 666 GP,JWT 666 GP,3,7.7,7.4,"1,783,348,200","1,783,350,120","1,783,348,277","1,783,349,339",NODELAY,0,AUTO,Diesel,false,false,HOME,2,1,0
pinnacle-Slc,Oakmont Office,CAB,"July 8, 2026",16:30,"3,364,870",LOGOUT,false,Divya Kozlov Travel,YQL 290 GP,YQL 290 GP,3,20.7,25.47,"1,783,528,200","1,783,533,240","1,783,527,215","1,783,532,491",NODELAY,0,AUTO,Diesel,false,false,NA,1,1,0
pinnacle-Slc,Willow Bend Campus,CAB,"July 13, 2026",09:00,"3,384,014",LOGIN,false,Rahul Orlov Travel,WSJ 726 GP,WSJ 726 GP,3,16.22,17.22,"1,783,928,760","1,783,932,900","1,783,929,043","1,783,933,342",NODELAY,0,AUTO,Diesel,false,false,NA,3,3,0
pinnacle-Slc,Willow Bend Campus,CAB,"July 14, 2026",08:30,"3,390,188",LOGIN,false,Divya Mikhailov Travel,AKW 429 GP,AKW 429 GP,3,11.81,12.13,"1,784,014,500","1,784,017,500","1,784,015,316","1,784,018,808",DRIVER,1,AUTO,Diesel,false,false,NA,3,2,0
vanta-Sea,Denver Office,CAB,"June 25, 2026",22:16,"4,986,533",LOGOUT,false,Sanjay Mikhailov Travel,ALT 033 GP,ALT 033 GP,3,11.96,11.7,"1,782,426,660","1,782,427,980","1,782,425,404","1,782,428,118",NODELAY,0,AUTO,Electric,false,false,NA,2,2,0
vanta-Sea,Denver Office,BUS,"June 29, 2026",11:00,"4,993,883",LOGIN,false,Aarav Petrov Travel,EML 326 GP,EML 326 GP,12,8.34,11,"1,782,726,840","1,782,729,900","1,782,726,376","1,782,730,604",NODELAY,0,MANUAL,Petrol,false,false,NODAL,12,12,0
pinnacle-Slc,Oakmont Office,CAB,"June 16, 2026",06:30,"3,250,754",LOGIN,true,Karan Mikhailov Travel,TJZ 991 GP,TJZ 991 GP,3,32.15,30.9,"1,781,587,860","1,781,591,100","1,781,587,260","1,781,591,417",NODELAY,0,AUTO,Diesel,false,false,NA,2,2,0
pinnacle-Slc,Clearwater Campus,CAB,"June 24, 2026",15:30,"3,296,625",LOGOUT,false,Rahul Mikhailov Travel,MED 823 GP,MED 823 GP,3,3.86,4.05,"1,782,315,000","1,782,315,900","1,782,315,353","1,782,316,912",NODELAY,0,AUTO,Diesel,false,false,NA,3,2,0
pinnacle-Slc,Clearwater Campus,CAB,"June 18, 2026",13:30,"3,269,356",LOGOUT,false,Rohan Mikhailov Travel,PCO 174 GP,PCO 174 GP,3,33.71,31.73,"1,781,789,400","1,781,793,840","1,781,789,413","1,781,793,949",NODELAY,0,AUTO,Diesel,false,false,NA,1,1,0
pinnacle-Slc,Oakmont Office,CAB,"June 19, 2026",11:30,"3,273,815",LOGIN,false,Rohan Mikhailov Travel,RJD 274 GP,RJD 274 GP,3,8.83,7.5,"1,781,866,320","1,781,868,300","1,781,866,267","1,781,867,893",NODELAY,0,AUTO,Diesel,false,false,HOME,1,1,0
vanta-Sea,Denver Office,CAB,"June 29, 2026",19:16,"4,996,042",LOGOUT,false,Priya Mikhailov Travel,HEP 220 GP,HEP 220 GP,3,20.12,19,"1,782,761,460","1,782,762,900","1,782,760,310","1,782,765,527",NODELAY,0,AUTO,Petrol,false,false,NA,3,3,0
pinnacle-Slc,Clearwater Campus,CAB,"June 29, 2026",15:30,"3,319,790",LOGOUT,false,Rohan Mikhailov Travel,WSK 557 GP,WSK 557 GP,3,8.96,8.7,"1,782,747,000","1,782,749,100","1,782,747,293","1,782,750,232",NODELAY,0,AUTO,Diesel,false,false,NODAL,3,3,0
pinnacle-Slc,Willow Bend Campus,CAB,"June 25, 2026",14:30,"3,305,186",LOGOUT,false,Rahul Morozov Travel,WWG 573 GP,WWG 573 GP,3,15.17,11.23,"1,782,397,800","1,782,400,500","1,782,397,692","1,782,402,148",NODELAY,0,AUTO,Diesel,false,false,NODAL,3,2,0
pinnacle-Slc,Clearwater Campus,CAB,"June 23, 2026",08:30,"3,286,463",LOGIN,false,Amit Mikhailov Travel,UCR 309 GP,UCR 309 GP,3,14.13,15.6,"1,782,199,020","1,782,203,100","1,782,199,306","1,782,202,294",NODELAY,0,AUTO,Diesel,false,false,HOME,2,2,0
pinnacle-Slc,Clearwater Campus,CAB,"June 18, 2026",16:30,"3,269,832",LOGOUT,false,Karan Mikhailov Travel,GGL 140 GP,GGL 140 GP,3,7.43,9.62,"1,781,800,200","1,781,802,240","1,781,800,065","1,781,802,666",NODELAY,0,AUTO,Diesel,false,false,NA,2,1,0
pinnacle-Slc,Willow Bend Campus,CAB,"June 24, 2026",15:30,"3,297,681",LOGOUT,false,Arjun Mikhailov Travel,TVX 204 GP,TVX 204 GP,3,18.56,19.09,"1,782,315,000","1,782,317,880","1,782,315,275","1,782,319,428",NODELAY,0,AUTO,Diesel,false,false,HOME,2,2,0
pinnacle-Slc,Clearwater Campus,CAB,"June 25, 2026",08:30,"3,299,870",LOGIN,false,Divya Mikhailov Travel,JVB 486 GP,JVB 486 GP,3,4.03,4.99,"1,782,374,100","1,782,375,900","1,782,374,429","1,782,376,031",NODELAY,0,AUTO,Diesel,false,false,NODAL,3,2,0
pinnacle-Slc,Clearwater Campus,CAB,"May 27, 2026",09:30,"3,160,121",LOGIN,false,Divya Kozlov Travel,ZYA 297 GP,ZYA 297 GP,3,16.58,15.92,"1,779,871,140","1,779,873,900","1,779,871,074","1,779,875,289",TRAFFIC,3,AUTO,Diesel,false,false,NODAL,3,3,0
pinnacle-Slc,Oakmont Office,CAB,"May 22, 2026",16:30,"3,144,223",LOGIN,false,Rohan Mikhailov Travel,FQG 499 GP,FQG 499 GP,3,18.66,18.5,"1,779,463,860","1,779,467,100","1,779,463,112","1,779,466,312",NODELAY,0,AUTO,Diesel,false,false,HOME,1,1,0
pinnacle-Slc,Clearwater Campus,CAB,"May 22, 2026",09:00,"3,141,821",LOGIN,false,Amit Volkov Travel,LOC 918 GP,LOC 918 GP,3,2.08,2.55,"1,779,438,720","1,779,440,100","1,779,438,788","1,779,440,258",NODELAY,0,AUTO,Diesel,false,false,HOME,3,2,0
pinnacle-Slc,Clearwater Campus,CAB,"May 26, 2026",08:30,"3,155,243",LOGIN,false,Rahul Orlov Travel,UFN 313 GP,UFN 313 GP,3,17.09,18.1,"1,779,780,420","1,779,783,900","1,779,780,552","1,779,783,563",NODELAY,0,AUTO,Diesel,false,false,NODAL,2,1,0
pinnacle-Slc,Clearwater Campus,CAB,"May 25, 2026",15:30,"3,152,586",LOGOUT,false,Karan Mikhailov Travel,BDV 515 GP,BDV 515 GP,3,18.17,18.2,"1,779,723,000","1,779,725,640","1,779,722,909","1,779,727,719",NODELAY,0,AUTO,Diesel,false,false,HOME,3,3,0
pinnacle-Slc,Willow Bend Campus,CAB,"July 23, 2026",07:30,"3,437,328",LOGIN,false,Aarav Mikhailov Travel,ADS 018 GP,ADS 018 GP,3,15.29,16.58,"1,784,788,980","1,784,791,500","1,784,789,194","1,784,791,390",NODELAY,0,AUTO,Diesel,false,false,NA,3,3,0
pinnacle-Slc,Oakmont Office,CAB,"July 24, 2026",04:00,"3,444,529",LOGOUT,true,Rahul Mikhailov Travel,PYC 871 GP,PYC 871 GP,3,6.49,6.3,"1,784,865,600","1,784,866,560","1,784,866,378","1,784,867,530",EMPLOYEE,2,AUTO,Diesel,false,false,HOME,3,3,0
pinnacle-Slc,Oakmont Office,CAB,"July 27, 2026",09:00,"3,449,722",LOGIN,false,Divya Mikhailov Travel,RLX 332 GP,RLX 332 GP,3,10.27,10.03,"1,785,138,900","1,785,142,500","1,785,139,250","1,785,142,980",NODELAY,0,AUTO,Diesel,false,false,NA,3,3,0
pinnacle-Slc,Willow Bend Campus,CAB,"July 29, 2026",20:30,"3,465,531",LOGOUT,true,Rahul Mikhailov Travel,HOO 670 GP,HOO 670 GP,3,11.88,12.9,"1,785,357,000","1,785,359,580","1,785,356,954","1,785,359,989",NODELAY,0,AUTO,Diesel,false,false,NA,2,2,0
pinnacle-Slc,Oakmont Office,CAB,"July 30, 2026",08:30,"3,471,345",LOGIN,false,Rahul Mikhailov Travel,YLW 206 GP,YLW 206 GP,3,3.9,5,"1,785,397,740","1,785,399,900","1,785,397,771","1,785,398,854",NODELAY,0,AUTO,Diesel,false,false,NA,3,2,0
pinnacle-Slc,Clearwater Campus,CAB,"July 29, 2026",10:30,"3,464,655",LOGIN,false,Rohan Mikhailov Travel,QFO 000 GP,QFO 000 GP,3,17.77,18.63,"1,785,315,360","1,785,320,700","1,785,315,843","1,785,321,665",NODELAY,0,AUTO,Diesel,false,false,HOME,3,2,0
pinnacle-Slc,Clearwater Campus,CAB,"July 31, 2026",09:00,"3,480,624",LOGIN,false,Rahul Orlov Travel,PPO 002 GP,PPO 002 GP,3,19.25,19.56,"1,785,484,800","1,785,488,100","1,785,485,139","1,785,488,662",NODELAY,0,AUTO,Diesel,false,false,NODAL,2,2,0
pinnacle-Slc,Clearwater Campus,CAB,"July 31, 2026",10:30,"3,481,115",LOGIN,false,Karan Mikhailov Travel,RSL 057 GP,RSL 057 GP,3,23.46,24.03,"1,785,488,580","1,785,493,500","1,785,488,869","1,785,492,832",NODELAY,0,AUTO,Diesel,false,false,NA,1,1,0
vanta-Aus,Cedar Ridge Office,CAB,"June 10, 2026",11:00,"1,165,356",LOGIN,false,Sneha Mikhailov Travel,PFK 499 GP,PFK 499 GP,3,12.53,11.7,"1,781,084,220","1,781,088,300","1,781,084,179","1,781,088,441",NODELAY,0,AUTO,Electric,false,false,NA,3,3,0
vanta-Aus,Cedar Ridge Office,CAB,"June 10, 2026",14:00,"1,165,636",LOGIN,false,Sneha Mikhailov Travel,WEY 396 GP,WEY 396 GP,3,38.36,37.4,"1,781,093,100","1,781,099,100","1,781,092,917","1,781,099,313",NODELAY,0,AUTO,Diesel,false,false,HOME,1,1,0
catalyst-Sac,Santa Clara Office,CAB,"June 15, 2026",19:00,"1,494,000",LOGIN,false,Vikram Mikhailov Travel,BLD 178 GP,BLD 178 GP,4,24.99,23.75,"1,781,542,200","1,781,548,200","1,781,541,842","1,781,547,791",NODELAY,0,AUTO,Petrol,false,false,NA,4,3,1
vanta-Aus,Cedar Ridge Office,CAB,"June 25, 2026",21:15,"1,194,838",LOGOUT,true,Meera Pavlov Travel,CVH 177 GP,CVH 177 GP,3,14.38,17.2,"1,782,423,000","1,782,426,480","1,782,421,985","1,782,424,753",NODELAY,0,AUTO,Diesel,false,false,NA,2,3,0
catalyst-Sac,Santa Clara Office,CAB,"June 18, 2026",04:30,"1,500,105",LOGOUT,true,Vikram Mikhailov Travel,SHT 613 GP,SHT 613 GP,4,19.85,20.79,"1,781,757,900","1,781,759,340","1,781,758,077","1,781,762,981",NODELAY,0,AUTO,Petrol,false,false,HOME,2,3,0
vanta-Sea,Denver Office,CAB,"June 4, 2026",19:16,"4,915,440",LOGOUT,true,Anjali Mikhailov Travel,NEU 862 GP,NEU 862 GP,3,5.78,5.2,"1,780,601,460","1,780,601,820","1,780,600,611","1,780,603,457",NODELAY,0,AUTO,Petrol,false,false,NA,2,2,1
vanta-Sea,Denver Office,BUS,"June 4, 2026",09:00,"4,912,573",LOGIN,false,Priya Mikhailov Travel,VOH 695 GP,VOH 695 GP,5,21.09,18.8,"1,780,558,680","1,780,562,700","1,780,557,086","1,780,562,812",NODELAY,0,MANUAL,Petrol,false,false,NODAL,4,3,1
orbit-Slc,Eastgate Office,CAB,"June 13, 2026",03:30,"1,276,915",LOGOUT,false,Rohan Mikhailov Travel,XPS 253 GP,XPS 253 GP,3,19.92,20.67,"1,781,322,300","1,781,325,900","1,781,322,457","1,781,324,516",NODELAY,0,AUTO,Electric,false,false,HOME,1,1,0
vanta-Sea,Denver Office,CAB,"June 5, 2026",23:16,"4,920,342",LOGOUT,false,Aarav Mikhailov Travel,AOF 731 GP,AOF 731 GP,3,19.28,20.6,"1,780,702,260","1,780,704,480","1,780,701,504","1,780,704,956",NODELAY,0,AUTO,Electric,false,false,NA,1,1,0
catalyst-Sac,Redwood City Center,CAB,"June 24, 2026",21:30,"1,508,198",LOGIN,false,Sanjay Mikhailov Travel,LSQ 366 GP,LSQ 366 GP,4,22.16,21.86,"1,782,330,300","1,782,334,800","1,782,330,179","1,782,334,610",NODELAY,0,AUTO,Petrol,false,false,HOME,1,1,0
vanta-Sea,Denver Office,CAB,"May 27, 2026",09:00,"4,887,345",LOGIN,false,Sanjay Mikhailov Travel,RVB 605 GP,RVB 605 GP,3,4.69,3.6,"1,779,870,960","1,779,871,500","1,779,871,122","1,779,873,329",TRAFFIC,15,AUTO,Petrol,false,false,NA,1,1,0
vanta-Sea,Denver Office,CAB,"May 22, 2026",21:16,"4,876,731",LOGOUT,true,Isha Mikhailov Travel,BPI 174 GP,BPI 174 GP,5,12.59,11.9,"1,779,485,460","1,779,486,900","1,779,484,291","1,779,487,569",NODELAY,0,AUTO,Petrol,false,false,NA,4,4,1
vanta-Sea,Denver Office,CAB,"May 25, 2026",09:00,"4,879,649",LOGIN,false,Aarav Petrov Travel,DRN 512 GP,DRN 512 GP,3,14.63,12.7,"1,779,696,120","1,779,698,700","1,779,696,588","1,779,700,426",EMPLOYEE,13,AUTO,Petrol,false,false,HOME,1,1,0
vanta-Sea,Denver Office,CAB,"May 25, 2026",21:16,"4,882,472",LOGOUT,true,Isha Mikhailov Travel,OQE 574 GP,OQE 574 GP,3,20.37,20.1,"1,779,744,660","1,779,747,060","1,779,743,738","1,779,747,223",NODELAY,0,AUTO,Petrol,false,false,NA,2,2,1
vanta-Sea,Denver Office,CAB,"May 25, 2026",22:16,"4,882,710",LOGOUT,true,Priya Mikhailov Travel,PGT 720 GP,PGT 720 GP,5,22.82,21.6,"1,779,748,260","1,779,751,440","1,779,747,419","1,779,750,444",NODELAY,0,AUTO,Petrol,false,false,NA,3,3,1
pinnacle-Slc,Willow Bend Campus,CAB,"May 5, 2026",15:30,"3,063,356",LOGOUT,false,Divya Mikhailov Travel,RGG 061 GP,RGG 061 GP,3,26.78,29.12,"1,777,995,000","1,777,999,800","1,777,995,553","1,778,002,207",NODELAY,0,AUTO,Diesel,false,false,NA,2,2,0
pinnacle-Slc,Clearwater Campus,CAB,"May 6, 2026",16:30,"3,070,521",LOGOUT,false,Pooja Mikhailov Travel,FTQ 588 GP,FTQ 588 GP,3,5,5.53,"1,778,085,000","1,778,086,260","1,778,084,978","1,778,087,022",NODELAY,0,AUTO,Diesel,false,false,HOME,3,2,0
vanta-Sea,Denver Office,BUS,"May 29, 2026",16:16,"4,896,905",LOGOUT,false,Aarav Mikhailov Travel,ZMM 330 GP,ZMM 330 GP,12,18.68,17.2,"1,780,071,360","1,780,071,600","1,780,070,477","1,780,076,158",NODELAY,0,MANUAL,Petrol,false,false,NA,4,4,0
pinnacle-Slc,Clearwater Campus,CAB,"May 4, 2026",09:30,"3,054,184",LOGIN,false,Rahul Mikhailov Travel,YLW 206 GP,YLW 206 GP,3,4.85,4.6,"1,777,884,900","1,777,886,700","1,777,885,622","1,777,886,890",NODELAY,0,AUTO,Diesel,false,false,NA,3,2,0
pinnacle-Slc,Oakmont Office,CAB,"May 7, 2026",14:30,"3,075,157",LOGOUT,false,Pooja Mikhailov Travel,IZD 691 GP,IZD 691 GP,3,8.57,9,"1,778,164,200","1,778,165,400","1,778,164,436","1,778,166,405",NODELAY,0,AUTO,Diesel,false,false,NODAL,2,2,0
pinnacle-Slc,Willow Bend Campus,CAB,"May 11, 2026",14:30,"3,087,525",LOGOUT,false,Pooja Mikhailov Travel,ZYV 971 GP,ZYV 971 GP,3,10.95,12.42,"1,778,509,800","1,778,511,960","1,778,509,613","1,778,512,025",NODELAY,0,AUTO,Diesel,false,false,NA,2,2,0
pinnacle-Slc,Oakmont Office,CAB,"May 7, 2026",09:30,"3,073,658",LOGIN,false,Sanjay Mikhailov Travel,FVG 534 GP,FVG 534 GP,3,3.2,2.7,"1,778,144,940","1,778,145,900","1,778,145,193","1,778,145,900",NODELAY,0,AUTO,Diesel,false,false,NA,1,1,0
vanta-Sea,Denver Office,BUS,"July 6, 2026",12:00,"5,017,977",LOGIN,false,Aarav Petrov Travel,DMM 705 GP,DMM 705 GP,3,28.86,30.88,"1,783,332,960","1,783,338,300","1,783,331,829","1,783,339,027",NODELAY,0,SHUTTLE_SERVICE,Electric,false,false,HOME,3,2,1
vanta-Sea,Denver Office,CAB,"July 6, 2026",21:16,"5,019,528",LOGOUT,true,Anjali Mikhailov Travel,BGJ 459 GP,BGJ 459 GP,5,9.96,10.5,"1,783,373,460","1,783,374,420","1,783,372,560","1,783,375,476",NODELAY,0,AUTO,Petrol,false,false,HOME,4,5,0
vanta-Aus,Cedar Ridge Office,CAB,"July 29, 2026",21:15,"1,255,503",LOGOUT,false,Anjali Mikhailov Travel,KFL 890 GP,KFL 890 GP,5,5.12,9.7,"1,785,360,600","1,785,361,320","1,785,359,336","1,785,363,017",NODELAY,0,AUTO,Diesel,false,false,NA,5,6,2
vanta-Sea,Denver Office,BUS,"July 8, 2026",14:00,"5,025,183",LOGIN,false,Aarav Mikhailov Travel,DJD 537 GP,DJD 537 GP,12,12.95,7.59,"1,783,516,440","1,783,518,300","1,783,514,699","1,783,518,440",NODELAY,0,SHUTTLE_SERVICE,Petrol,false,false,HOME,1,1,0
vanta-Sea,Denver Office,CAB,"July 9, 2026",23:16,"5,031,540",LOGOUT,false,Sanjay Mikhailov Travel,WZC 925 GP,WZC 925 GP,5,6.22,9.2,"1,783,639,860","1,783,640,520","1,783,638,981","1,783,640,740",NODELAY,0,AUTO,Petrol,false,false,HOME,3,3,0
vanta-Sea,Denver Office,BUS,"July 13, 2026",11:00,"5,038,779",LOGIN,false,Isha Mikhailov Travel,RUN 731 GP,RUN 731 GP,3,24.12,23.37,"1,783,934,520","1,783,939,500","1,783,934,014","1,783,941,274",TRAFFIC,14,SHUTTLE_SERVICE,Petrol,false,false,HOME,3,3,0
vanta-Sea,Denver Office,BUS,"July 13, 2026",14:00,"5,039,206",LOGIN,false,Aarav Mikhailov Travel,NXE 856 GP,NXE 856 GP,3,15.01,11.89,"1,783,948,260","1,783,950,300","1,783,948,192","1,783,950,099",NODELAY,0,SHUTTLE_SERVICE,Petrol,false,false,HOME,3,2,1
vanta-Sea,Denver Office,CAB,"July 15, 2026",21:16,"5,049,935",LOGOUT,false,Priya Mikhailov Travel,GWY 509 GP,GWY 509 GP,12,17.38,20.8,"1,784,151,060","1,784,154,660","1,784,150,167","1,784,155,104",NODELAY,0,AUTO,Petrol,false,false,HOME,4,4,0
vanta-Sea,Denver Office,CAB,"July 15, 2026",22:16,"5,050,203",LOGOUT,true,Priya Mikhailov Travel,BMJ 914 GP,BMJ 914 GP,3,27.38,28.7,"1,784,154,660","1,784,158,920","1,784,154,113","1,784,158,226",NODELAY,0,AUTO,Petrol,false,false,HOME,1,2,0
vanta-Sea,Denver Office,CAB,"July 7, 2026",20:16,"5,023,003",LOGOUT,true,Isha Mikhailov Travel,IUN 361 GP,IUN 361 GP,12,10.52,9.6,"1,783,456,260","1,783,457,400","1,783,455,513","1,783,458,509",NODELAY,0,AUTO,Petrol,false,false,HOME,4,3,2
vanta-Sea,Denver Office,CAB,"July 14, 2026",23:16,"5,045,441",LOGOUT,false,Sanjay Mikhailov Travel,IDR 854 GP,IDR 854 GP,5,8.56,8.5,"1,784,071,860","1,784,073,000","1,784,070,635","1,784,072,507",NODELAY,0,AUTO,Petrol,false,false,HOME,4,4,0
catalyst-Sac,Santa Clara Office,CAB,"June 29, 2026",19:00,"1,513,934",LOGOUT,true,Vikram Mikhailov Travel,PXH 397 GP,PXH 397 GP,4,23.95,24,"1,782,760,500","1,782,762,780","1,782,760,502","1,782,765,890",NODELAY,0,AUTO,Petrol,false,false,HOME,2,3,0
vanta-Sea,Denver Office,CAB,"June 9, 2026",08:00,"4,926,302",LOGIN,false,Karan Mikhailov Travel,BTF 871 GP,BTF 871 GP,3,16.9,18.5,"1,780,988,760","1,780,991,100","1,780,989,001","1,780,991,915",NODELAY,0,AUTO,Petrol,false,false,HOME,2,2,0
vanta-Sea,Denver Office,CAB,"June 9, 2026",21:16,"4,929,115",LOGOUT,false,Isha Mikhailov Travel,LSY 538 GP,LSY 538 GP,3,16.14,16.2,"1,781,040,660","1,781,042,280","1,781,039,686","1,781,042,762",NODELAY,0,AUTO,Petrol,false,false,NA,2,2,0
orbit-Slc,Lakeside Commons,BUS,"June 30, 2026",15:30,"1,308,005",LOGOUT,false,Rahul Mikhailov Travel,ZIS 968 GP,ZIS 968 GP,3,23.89,25.1,"1,782,834,300","1,782,837,900","1,782,833,714","1,782,840,712",NODELAY,0,MANUAL,Diesel,false,false,HOME,2,2,0
vanta-Sea,Denver Office,CAB,"June 10, 2026",08:00,"4,930,235",LOGIN,false,Sanjay Mikhailov Travel,SNS 092 GP,SNS 092 GP,3,21.23,17.9,"1,781,074,620","1,781,077,500","1,781,074,875","1,781,077,467",NODELAY,0,AUTO,Petrol,false,false,NA,2,2,0
vanta-Sea,Denver Office,BUS,"June 17, 2026",09:00,"4,954,360",LOGIN,false,Aarav Petrov Travel,JAO 114 GP,JAO 114 GP,3,33.06,29.3,"1,781,681,520","1,781,685,900","1,781,680,713","1,781,685,823",NODELAY,0,MANUAL,Petrol,false,false,HOME,1,1,0
vanta-Sea,Denver Office,BUS,"June 16, 2026",11:00,"4,950,481",LOGIN,false,Sanjay Mikhailov Travel,AHP 249 GP,AHP 249 GP,12,15.63,16.5,"1,781,602,860","1,781,606,700","1,781,602,220","1,781,608,300",DRIVER,11,MANUAL,Petrol,false,false,NA,7,6,1
pinnacle-Slc,Willow Bend Campus,CAB,"May 11, 2026",09:30,"3,086,277",LOGIN,false,Rohan Mikhailov Travel,DCP 894 GP,DCP 894 GP,3,17.16,16.8,"1,778,486,700","1,778,491,500","1,778,487,078","1,778,491,634",NODELAY,0,AUTO,Diesel,false,false,NA,1,1,0
pinnacle-Slc,Oakmont Office,CAB,"May 13, 2026",08:30,"3,098,021",LOGIN,false,Rahul Mikhailov Travel,SKH 909 GP,SKH 909 GP,3,30.22,29.7,"1,778,655,120","1,778,660,700","1,778,655,300","1,778,659,188",NODELAY,0,AUTO,Diesel,false,false,HOME,1,1,0
pinnacle-Slc,Clearwater Campus,CAB,"May 13, 2026",10:30,"3,096,954",LOGIN,false,Rahul Mikhailov Travel,YNU 372 GP,YNU 372 GP,3,6.62,6.32,"1,778,665,320","1,778,667,900","1,778,665,620","1,778,668,212",NODELAY,0,AUTO,Diesel,false,false,NODAL,3,3,0
pinnacle-Slc,Oakmont Office,CAB,"May 15, 2026",09:30,"3,109,459",LOGIN,false,Rohan Mikhailov Travel,DJQ 450 GP,DJQ 450 GP,3,2.94,3.8,"1,778,835,480","1,778,837,100","1,778,836,265","1,778,837,012",NODELAY,0,AUTO,Diesel,false,false,NODAL,3,1,0
pinnacle-Slc,Clearwater Campus,CAB,"May 13, 2026",16:30,"3,100,785",LOGOUT,false,Aarav Mikhailov Travel,RNB 459 GP,RNB 459 GP,3,3.55,3.64,"1,778,689,800","1,778,691,540","1,778,690,898","1,778,692,084",EMPLOYEE,3,AUTO,Diesel,false,false,HOME,3,1,0
pinnacle-Slc,Clearwater Campus,CAB,"May 12, 2026",08:30,"3,090,422",LOGIN,false,Divya Sokolov Travel,KIZ 187 GP,KIZ 187 GP,3,4.49,6.5,"1,778,572,620","1,778,574,300","1,778,573,038","1,778,574,981",NODELAY,0,AUTO,Diesel,false,false,NA,3,1,0
pinnacle-Slc,Clearwater Campus,CAB,"May 11, 2026",09:30,"3,088,360",LOGIN,false,Aarav Mikhailov Travel,VTE 285 GP,VTE 285 GP,5,4.56,4.07,"1,778,489,580","1,778,491,500","1,778,489,999","1,778,492,232",NODELAY,0,AUTO,Diesel,false,false,HOME,3,2,0
pinnacle-Slc,Oakmont Office,CAB,"May 21, 2026",09:30,"3,136,520",LOGIN,false,Rahul Morozov Travel,EOL 363 GP,EOL 363 GP,3,4.63,4.16,"1,779,354,000","1,779,355,500","1,779,355,134","1,779,356,060",NODELAY,0,AUTO,Diesel,false,false,HOME,2,1,0
pinnacle-Slc,Willow Bend Campus,CAB,"May 21, 2026",15:30,"3,138,244",LOGOUT,false,Rohan Mikhailov Travel,LPL 849 GP,LPL 849 GP,3,6.43,6.65,"1,779,377,400","1,779,378,540","1,779,376,880","1,779,380,088",NODELAY,0,AUTO,Diesel,false,false,HOME,3,3,0
pinnacle-Slc,Clearwater Campus,CAB,"May 21, 2026",15:30,"3,140,012",LOGOUT,false,Aarav Mikhailov Travel,VAM 965 GP,VAM 965 GP,3,11.27,3.2,"1,779,377,400","1,779,379,500","1,779,378,456","1,779,381,622",EMPLOYEE,8,AUTO,Diesel,false,false,NA,1,1,0
pinnacle-Slc,Willow Bend Campus,CAB,"May 25, 2026",14:30,"3,150,505",LOGOUT,false,Sanjay Mikhailov Travel,ZBF 982 GP,ZBF 982 GP,3,6.75,6.8,"1,779,719,400","1,779,720,480","1,779,719,608","1,779,721,512",NODELAY,0,AUTO,Diesel,false,false,NA,2,2,0
pinnacle-Slc,Clearwater Campus,CAB,"May 18, 2026",08:30,"3,116,751",LOGIN,false,Aarav Mikhailov Travel,QBR 736 GP,QBR 736 GP,3,16.92,22.18,"1,779,089,160","1,779,092,700","1,779,089,562","1,779,092,468",NODELAY,0,AUTO,Diesel,false,false,HOME,3,2,0
pinnacle-Slc,Clearwater Campus,CAB,"May 15, 2026",15:00,"3,112,227",LOGOUT,false,Karan Mikhailov Travel,IGA 535 GP,IGA 535 GP,3,13.42,13.2,"1,778,857,200","1,778,860,260","1,778,857,554","1,778,859,858",NODELAY,0,AUTO,Diesel,false,false,HOME,3,1,0
catalyst-Sac,Santa Clara Office,CAB,"July 1, 2026",21:30,"1,518,584",LOGOUT,true,Vikram Mikhailov Travel,SAB 062 GP,SAB 062 GP,4,33.16,33.2,"1,782,942,300","1,782,945,660","1,782,942,398","1,782,949,526",NODELAY,0,AUTO,Petrol,false,false,HOME,3,4,0
vanta-Aus,Cedar Ridge Office,CAB,"July 2, 2026",06:00,"1,206,327",LOGIN,false,Sneha Mikhailov Travel,BGM 899 GP,BGM 899 GP,3,15.77,17.3,"1,782,968,880","1,782,971,100","1,782,968,735","1,782,970,391",NODELAY,0,AUTO,Diesel,false,false,HOME,1,1,0
vanta-Aus,Cedar Ridge Office,CAB,"July 2, 2026",11:00,"1,206,853",LOGIN,false,Anjali Mikhailov Travel,KOW 752 GP,KOW 752 GP,6,11.53,11.6,"1,782,985,620","1,782,989,100","1,782,985,789","1,782,989,376",NODELAY,0,AUTO,Diesel,false,false,HOME,5,5,0
orbit-Slc,Lakeside Commons,BUS,"July 1, 2026",15:30,"1,310,457",LOGOUT,false,Rahul Mikhailov Travel,KUT 414 GP,KUT 414 GP,3,27.37,32.9,"1,782,920,700","1,782,921,900","1,782,920,387","1,782,928,437",NODELAY,0,MANUAL,Diesel,false,false,NODAL,3,3,0
orbit-Slc,Eastgate Office,CAB,"July 2, 2026",22:00,"1,313,316",LOGOUT,false,Rohan Mikhailov Travel,ROJ 199 GP,ROJ 199 GP,3,27.89,29.7,"1,783,030,500","1,783,035,300","1,783,030,688","1,783,034,117",NODELAY,0,AUTO,Diesel,false,false,HOME,1,1,0
catalyst-Sac,Santa Clara Office,CAB,"July 2, 2026",19:00,"1,519,998",LOGOUT,true,Vikram Mikhailov Travel,IBV 622 GP,IBV 622 GP,4,13.46,13.5,"1,783,019,700","1,783,021,620","1,783,019,761","1,783,025,717",NODELAY,0,AUTO,Petrol,false,false,HOME,2,3,0
catalyst-Sac,Fairview Commons,CAB,"July 8, 2026",20:30,"1,527,920",LOGOUT,true,Vikram Mikhailov Travel,YEG 199 GP,YEG 199 GP,4,28.3,28.3,"1,783,543,500","1,783,547,820","1,783,543,136","1,783,552,546",NODELAY,0,AUTO,Petrol,false,false,NA,3,4,0
vanta-Aus,Cedar Ridge Office,CAB,"July 8, 2026",12:00,"1,217,115",LOGIN,false,Sneha Mikhailov Travel,EKP 191 GP,EKP 191 GP,3,14.6,15.1,"1,783,507,200","1,783,511,100","1,783,506,876","1,783,512,086",TRAFFIC,1,AUTO,Electric,false,false,NODAL,3,3,0
orbit-Slc,Lakeside Commons,BUS,"July 13, 2026",13:00,"1,329,338",LOGIN,false,Rahul Mikhailov Travel,HIN 388 GP,HIN 388 GP,6,27.36,28.9,"1,783,939,500","1,783,946,700","1,783,939,382","1,783,946,734",NODELAY,0,MANUAL,Diesel,false,false,NODAL,5,5,0
vanta-Sea,Denver Office,BUS,"July 1, 2026",14:00,"5,003,230",LOGIN,false,Rohan Mikhailov Travel,UTW 177 GP,UTW 177 GP,12,7.09,6.4,"1,782,912,180","1,782,913,500","1,782,911,042","1,782,914,689",TRAFFIC,4,MANUAL,Petrol,false,false,HOME,2,1,1
pinnacle-Slc,Clearwater Campus,CAB,"June 5, 2026",16:30,"3,202,582",LOGOUT,false,Sanjay Mikhailov Travel,EBZ 369 GP,EBZ 369 GP,3,3.82,5.2,"1,780,677,000","1,780,678,140","1,780,677,976","1,780,679,465",DRIVER,1,AUTO,Diesel,false,false,NA,2,1,0
vanta-Sea,Denver Office,CAB,"June 19, 2026",08:00,"4,963,926",LOGIN,false,Sanjay Mikhailov Travel,JEH 322 GP,JEH 322 GP,3,19.74,20.6,"1,781,852,400","1,781,855,100","1,781,852,672","1,781,855,575",NODELAY,0,AUTO,Electric,false,false,HOME,2,2,0
pinnacle-Slc,Oakmont Office,CAB,"June 2, 2026",02:00,"3,182,205",LOGOUT,false,Aarav Mikhailov Travel,ZWQ 206 GP,ZWQ 206 GP,3,24.22,23.8,"1,780,365,600","1,780,367,760","1,780,367,384","1,780,370,191",EMPLOYEE,14,AUTO,Diesel,false,false,NA,1,1,0
vanta-Sea,Denver Office,CAB,"June 17, 2026",20:16,"4,956,872",LOGOUT,false,Priya Mikhailov Travel,KBK 497 GP,KBK 497 GP,12,11.25,14.3,"1,781,728,260","1,781,729,040","1,781,727,103","1,781,731,459",NODELAY,0,AUTO,Petrol,false,false,NA,3,3,0
pinnacle-Slc,Clearwater Campus,CAB,"June 10, 2026",14:30,"3,223,157",LOGOUT,false,Amit Mikhailov Travel,DTV 200 GP,DTV 200 GP,3,8.1,8.02,"1,781,101,800","1,781,103,240","1,781,102,188","1,781,105,143",NODELAY,0,AUTO,Diesel,false,false,NODAL,1,1,0
pinnacle-Slc,Clearwater Campus,CAB,"June 12, 2026",09:30,"3,232,677",LOGIN,false,Rahul Orlov Travel,TAD 291 GP,TAD 291 GP,3,19,18.8,"1,781,252,220","1,781,256,300","1,781,252,314","1,781,255,725",NODELAY,0,AUTO,Diesel,false,false,NA,3,2,0
vanta-Sea,Denver Office,CAB,"June 18, 2026",07:00,"4,958,024",LOGIN,true,Isha Mikhailov Travel,FVO 975 GP,FVO 975 GP,5,12.04,11.6,"1,781,763,420","1,781,765,100","1,781,763,440","1,781,766,348",TRAFFIC,5,AUTO,Petrol,false,false,HOME,3,3,1
pinnacle-Slc,Clearwater Campus,CAB,"July 16, 2026",15:00,"3,408,422",LOGOUT,false,Rahul Morozov Travel,SLQ 170 GP,SLQ 170 GP,3,4.31,4.3,"1,784,214,000","1,784,214,720","1,784,212,476","1,784,213,727",NODELAY,0,AUTO,Diesel,false,false,NA,1,1,0
pinnacle-Slc,Clearwater Campus,CAB,"July 17, 2026",16:30,"3,414,058",LOGOUT,false,Karan Mikhailov Travel,IJQ 363 GP,IJQ 363 GP,3,4.81,7.3,"1,784,305,800","1,784,307,600","1,784,306,016","1,784,308,910",NODELAY,0,AUTO,Diesel,false,false,NA,3,2,0
pinnacle-Slc,Clearwater Campus,CAB,"July 16, 2026",08:30,"3,402,139",LOGIN,false,Rohan Mikhailov Travel,XUY 104 GP,XUY 104 GP,3,17.7,21.39,"1,784,186,820","1,784,190,300","1,784,187,116","1,784,190,580",NODELAY,0,AUTO,Diesel,false,false,NA,3,3,0
pinnacle-Slc,Oakmont Office,CAB,"July 16, 2026",09:00,"3,404,417",LOGIN,false,Divya Sokolov Travel,SFY 268 GP,SFY 268 GP,3,8.07,7.62,"1,784,189,820","1,784,192,100","1,784,189,516","1,784,192,259",NODELAY,0,AUTO,Diesel,false,false,NODAL,2,2,0
pinnacle-Slc,Clearwater Campus,CAB,"July 14, 2026",09:30,"3,389,708",LOGIN,false,Amit Mikhailov Travel,KDO 189 GP,KDO 189 GP,3,4.95,4.4,"1,784,019,360","1,784,021,100","1,784,019,379","1,784,021,080",NODELAY,0,AUTO,Diesel,false,false,NA,3,3,0
pinnacle-Slc,Willow Bend Campus,CAB,"July 16, 2026",17:30,"3,404,151",LOGIN,false,Karan Mikhailov Travel,VWS 825 GP,VWS 825 GP,3,11.52,11.56,"1,784,220,000","1,784,222,700","1,784,219,541","1,784,225,385",TRAFFIC,24,AUTO,Diesel,false,false,HOME,1,1,0
pinnacle-Slc,Clearwater Campus,CAB,"July 21, 2026",16:30,"3,427,148",LOGOUT,false,Amit Volkov Travel,PHP 478 GP,PHP 478 GP,3,12.55,11.23,"1,784,651,400","1,784,653,860","1,784,651,215","1,784,653,538",NODELAY,0,AUTO,Diesel,false,false,NA,1,1,0
pinnacle-Slc,Clearwater Campus,CAB,"July 22, 2026",09:00,"3,428,918",LOGIN,false,Amit Volkov Travel,YLQ 973 GP,YLQ 973 GP,3,9.08,9.6,"1,784,707,500","1,784,710,500","1,784,707,575","1,784,711,023",NODELAY,0,AUTO,Diesel,false,false,NODAL,3,2,0
pinnacle-Slc,Oakmont Office,CAB,"July 23, 2026",09:00,"3,436,382",LOGIN,false,Rohan Mikhailov Travel,HDR 162 GP,HDR 162 GP,3,20.95,17.58,"1,784,791,920","1,784,796,900","1,784,792,146","1,784,798,328",TRAFFIC,3,AUTO,Diesel,false,false,NA,3,3,0
pinnacle-Slc,Clearwater Campus,CAB,"July 20, 2026",10:30,"3,419,686",LOGIN,false,Amit Mikhailov Travel,IDQ 421 GP,IDQ 421 GP,3,10.7,9.9,"1,784,539,740","1,784,543,100","1,784,540,323","1,784,543,022",NODELAY,0,AUTO,Diesel,false,false,NA,3,2,0
pinnacle-Slc,Clearwater Campus,CAB,"July 23, 2026",09:00,"3,435,517",LOGIN,false,Divya Mikhailov Travel,RLX 332 GP,RLX 332 GP,3,6.36,5.46,"1,784,795,220","1,784,796,900","1,784,795,396","1,784,797,575",NODELAY,0,AUTO,Diesel,false,false,HOME,2,2,0
pinnacle-Slc,Willow Bend Campus,CAB,"July 20, 2026",16:30,"3,418,259",LOGOUT,false,Aarav Mikhailov Travel,ENT 372 GP,ENT 372 GP,3,19.61,20.83,"1,784,565,000","1,784,569,980","1,784,565,735","1,784,571,662",NODELAY,0,AUTO,Diesel,false,false,HOME,1,1,0
catalyst-Sac,Santa Clara Office,CAB,"May 23, 2026",00:00,"1,467,865",LOGOUT,true,Rohan Mikhailov Travel,KNE 581 GP,KNE 581 GP,4,15.93,15.9,"1,779,495,300","1,779,496,980","1,779,495,207","1,779,500,113",NODELAY,0,AUTO,Petrol,false,false,NA,1,2,0
vanta-Sea,Denver Office,CAB,"May 2, 2026",16:16,"4,815,568",LOGOUT,false,Anjali Mikhailov Travel,HPZ 957 GP,HPZ 957 GP,3,27.19,27.5,"1,777,739,460","1,777,743,720","1,777,738,375","1,777,742,971",NODELAY,0,AUTO,Petrol,false,false,NA,1,1,0
orbit-Slc,Cedar Ridge Office,BUS,"May 26, 2026",15:30,"1,248,045",LOGOUT,false,Rahul Mikhailov Travel,FLH 478 GP,FLH 478 GP,3,22.07,26.6,"1,779,810,300","1,779,814,380","1,779,809,869","1,779,816,424",NODELAY,0,MANUAL,Diesel,false,false,HOME,2,2,0
vanta-Sea,Denver Office,CAB,"May 6, 2026",22:16,"4,827,359",LOGOUT,false,Sanjay Mikhailov Travel,ZTY 767 GP,ZTY 767 GP,3,30.92,22.4,"1,778,106,660","1,778,109,360","1,778,105,742","1,778,110,223",NODELAY,0,AUTO,Electric,false,false,NA,2,2,0
vanta-Aus,Cedar Ridge Office,CAB,"May 25, 2026",21:00,"1,137,955",LOGIN,false,Meera Pavlov Travel,QCW 070 GP,QCW 070 GP,3,28.66,28.4,"1,779,736,800","1,779,741,900","1,779,736,476","1,779,741,091",NODELAY,0,AUTO,Electric,false,false,NA,1,1,0
vanta-Aus,Cedar Ridge Office,CAB,"May 25, 2026",21:15,"1,139,117",LOGOUT,true,Meera Pavlov Travel,KWN 903 GP,KWN 903 GP,5,14.38,14.8,"1,779,744,600","1,779,748,080","1,779,743,363","1,779,746,043",NODELAY,0,AUTO,Diesel,false,false,NA,2,3,0
vanta-Aus,Cedar Ridge Office,CAB,"May 26, 2026",20:15,"1,141,169",LOGOUT,false,Meera Pavlov Travel,YMA 662 GP,YMA 662 GP,3,36.51,36.5,"1,779,827,400","1,779,832,560","1,779,826,193","1,779,833,255",NODELAY,0,AUTO,Diesel,false,false,HOME,2,2,0
vanta-Aus,Cedar Ridge Office,CAB,"June 17, 2026",20:15,"1,179,330",LOGOUT,false,Sneha Mikhailov Travel,NLB 076 GP,NLB 076 GP,3,27.69,26.6,"1,781,728,200","1,781,732,760","1,781,726,925","1,781,733,524",NODELAY,0,AUTO,Diesel,false,false,NA,3,2,1
vanta-Aus,Cedar Ridge Office,CAB,"June 17, 2026",22:15,"1,179,636",LOGOUT,true,Sanjay Mikhailov Travel,LFK 426 GP,LFK 426 GP,3,27.09,23.1,"1,781,735,400","1,781,739,900","1,781,734,504","1,781,738,243",NODELAY,0,AUTO,Diesel,false,false,HOME,2,2,1
catalyst-Sac,Crestwood Campus,CAB,"June 8, 2026",07:00,"1,484,761",LOGIN,true,Vikram Mikhailov Travel,DUD 158 GP,DUD 158 GP,4,20.72,21.74,"1,780,897,800","1,780,900,200","1,780,896,295","1,780,899,096",NODELAY,0,AUTO,Petrol,false,false,HOME,1,2,0
vanta-Aus,Cedar Ridge Office,CAB,"June 5, 2026",21:15,"1,158,766",LOGOUT,true,Priya Mikhailov Travel,HLW 506 GP,HLW 506 GP,3,8.03,3,"1,780,695,000","1,780,695,720","1,780,693,608","1,780,695,491",NODELAY,0,AUTO,Electric,false,false,NA,2,3,0
orbit-Slc,Cedar Ridge Office,CAB,"May 6, 2026",20:00,"1,217,115",LOGOUT,true,Rahul Mikhailov Travel,PBD 840 GP,PBD 840 GP,3,28.26,33.92,"1,778,098,500","1,778,103,000","1,778,098,629","1,778,104,873",NODELAY,0,AUTO,Diesel,false,false,NA,2,3,0
orbit-Slc,Cedar Ridge Office,BUS,"May 11, 2026",11:00,"1,221,437",LOGIN,false,Rahul Mikhailov Travel,UKV 358 GP,UKV 358 GP,3,20.34,21.51,"1,778,489,700","1,778,496,300","1,778,489,768","1,778,495,072",NODELAY,0,MANUAL,Diesel,false,false,HOME,3,3,0
vanta-Aus,Cedar Ridge Office,CAB,"May 11, 2026",10:00,"1,112,676",LOGIN,false,Sneha Mikhailov Travel,JFF 146 GP,JFF 146 GP,5,26.78,29.8,"1,778,487,000","1,778,492,700","1,778,487,300","1,778,491,841",NODELAY,0,AUTO,Diesel,false,false,HOME,3,3,0
catalyst-Sac,Redwood City Center,CAB,"May 5, 2026",02:30,"1,443,559",LOGOUT,false,Aarav Mikhailov Travel,GKC 201 GP,GKC 201 GP,4,24.11,23.4,"1,777,949,100","1,777,952,760","1,777,948,854","1,777,951,041",NODELAY,0,AUTO,Petrol,false,false,NA,2,2,0
catalyst-Sac,Santa Clara Office,CAB,"May 11, 2026",21:00,"1,450,936",LOGIN,false,Vikram Mikhailov Travel,FSU 389 GP,FSU 389 GP,4,33.86,35.6,"1,778,523,900","1,778,531,400","1,778,524,160","1,778,530,391",NODELAY,0,AUTO,Petrol,false,false,NA,1,1,0
orbit-Slc,Eastgate Office,BUS,"May 25, 2026",13:00,"1,245,424",LOGIN,false,Rohan Mikhailov Travel,SPL 946 GP,SPL 946 GP,6,19.07,17.53,"1,779,709,200","1,779,713,100","1,779,709,241","1,779,712,383",NODELAY,0,MANUAL,Diesel,false,false,HOME,4,3,1
catalyst-Sac,Santa Clara Office,CAB,"May 15, 2026",04:00,"1,458,157",LOGOUT,true,Vikram Mikhailov Travel,MEG 874 GP,MEG 874 GP,4,22.47,22.24,"1,778,818,500","1,778,818,980","1,778,818,548","1,778,821,261",NODELAY,0,AUTO,Petrol,false,false,NA,3,4,0
orbit-Slc,Eastgate Office,CAB,"May 21, 2026",20:00,"1,241,362",LOGOUT,true,Rohan Mikhailov Travel,WMF 193 GP,WMF 193 GP,3,14.76,19.63,"1,779,394,500","1,779,397,199","1,779,394,470","1,779,400,667",NODELAY,0,AUTO,Diesel,false,false,NA,2,3,0
catalyst-Sac,Santa Clara Office,CAB,"May 26, 2026",19:30,"1,469,716",LOGIN,false,Divya Mikhailov Travel,BDP 271 GP,BDP 271 GP,4,7.11,7.1,"1,779,820,200","1,779,822,000","1,779,819,887","1,779,822,050",NODELAY,0,AUTO,Petrol,false,false,NA,1,1,0
catalyst-Sac,Santa Clara Office,CAB,"July 15, 2026",02:30,"1,536,733",LOGOUT,true,Vikram Mikhailov Travel,NPA 667 GP,NPA 667 GP,4,16.33,16.3,"1,784,083,500","1,784,085,060","1,784,083,482","1,784,088,495",NODELAY,0,AUTO,Petrol,false,false,NA,3,4,0
catalyst-Sac,Santa Clara Office,CAB,"July 15, 2026",19:30,"1,537,526",LOGIN,false,Vikram Mikhailov Travel,JGU 133 GP,JGU 133 GP,4,14.3,14.3,"1,784,137,800","1,784,142,000","1,784,137,917","1,784,143,467",TRAFFIC,9,AUTO,Petrol,false,false,NA,3,3,0
vanta-Aus,Cedar Ridge Office,CAB,"July 21, 2026",23:15,"1,241,362",LOGOUT,false,Anjali Mikhailov Travel,KFL 890 GP,KFL 890 GP,5,32.78,38.6,"1,784,676,600","1,784,680,500","1,784,675,621","1,784,679,497",NODELAY,0,AUTO,Diesel,false,false,NA,3,3,0
vanta-Aus,Cedar Ridge Office,CAB,"July 22, 2026",20:15,"1,243,074",LOGOUT,false,Anjali Mikhailov Travel,YKS 083 GP,YKS 083 GP,5,8.69,9.4,"1,784,752,200","1,784,752,680","1,784,750,628","1,784,753,742",NODELAY,0,AUTO,Diesel,false,false,HOME,6,6,0
orbit-Slc,Cedar Ridge Office,BUS,"July 21, 2026",13:00,"1,344,898",LOGIN,false,Rahul Mikhailov Travel,SWD 173 GP,SWD 173 GP,3,19.92,19.08,"1,784,632,500","1,784,637,900","1,784,634,995","1,784,639,207",DRIVER,6,MANUAL,Electric,false,false,HOME,3,3,0
vanta-Sea,Denver Office,CAB,"July 2, 2026",23:16,"5,010,205",LOGOUT,true,Sanjay Mikhailov Travel,OUR 655 GP,OUR 655 GP,5,30.07,29,"1,783,035,060","1,783,037,280","1,783,033,741","1,783,037,952",NODELAY,0,AUTO,Electric,false,false,HOME,3,3,1
orbit-Slc,Eastgate Office,BUS,"July 23, 2026",15:00,"1,350,116",LOGIN,false,Rohan Mikhailov Travel,VKV 800 GP,VKV 800 GP,3,9.64,12.33,"1,784,814,840","1,784,817,900","1,784,815,841","1,784,818,003",NODELAY,0,MANUAL,Diesel,false,false,HOME,2,2,0
orbit-Slc,Cedar Ridge Office,BUS,"July 24, 2026",15:30,"1,353,640",LOGOUT,false,Anjali Mikhailov Travel,MDK 454 GP,MDK 454 GP,3,9.03,9.96,"1,784,907,900","1,784,909,100","1,784,907,723","1,784,910,139",NODELAY,0,MANUAL,Diesel,false,false,HOME,3,3,0
vanta-Aus,Cedar Ridge Office,CAB,"July 27, 2026",20:15,"1,251,150",LOGOUT,false,Meera Pavlov Travel,QZH 501 GP,QZH 501 GP,5,28.3,32.7,"1,785,184,200","1,785,189,060","1,785,182,930","1,785,189,556",NODELAY,0,AUTO,Diesel,false,false,NA,2,3,0
pinnacle-Slc,Oakmont Office,CAB,"June 15, 2026",13:30,"3,244,103",LOGOUT,false,Sanjay Mikhailov Travel,RED 732 GP,RED 732 GP,5,24.13,26.05,"1,781,530,200","1,781,533,620","1,781,530,540","1,781,535,168",NODELAY,0,AUTO,Diesel,false,false,NA,2,2,0
pinnacle-Slc,Willow Bend Campus,CAB,"June 10, 2026",15:00,"3,221,315",LOGOUT,false,Divya Mikhailov Travel,GZZ 726 GP,GZZ 726 GP,3,6.68,7.82,"1,781,103,600","1,781,104,980","1,781,104,012","1,781,106,364",NODELAY,0,AUTO,Diesel,false,false,NODAL,2,2,0
vanta-Sea,Denver Office,CAB,"June 23, 2026",08:00,"4,974,261",LOGIN,false,Priya Mikhailov Travel,YTT 098 GP,YTT 098 GP,3,6.96,6.5,"1,782,199,740","1,782,200,700","1,782,200,118","1,782,201,450",NODELAY,0,AUTO,Electric,false,false,NA,1,1,0
pinnacle-Slc,Clearwater Campus,CAB,"June 17, 2026",09:00,"3,255,458",LOGIN,false,Karan Mikhailov Travel,GJK 064 GP,GJK 064 GP,3,1.4,1.9,"1,781,685,000","1,781,686,500","1,781,685,124","1,781,686,049",NODELAY,0,AUTO,Diesel,false,false,HOME,3,2,0
pinnacle-Slc,Clearwater Campus,CAB,"June 10, 2026",15:30,"3,222,696",LOGOUT,false,Rahul Morozov Travel,DEV 808 GP,DEV 808 GP,3,6.88,8.3,"1,781,105,400","1,781,106,960","1,781,105,568","1,781,107,816",NODELAY,0,AUTO,Diesel,false,false,NA,3,2,0
vanta-Sea,Denver Office,BUS,"June 22, 2026",21:30,"4,973,262",LOGOUT,false,Priya Mikhailov Travel,LAC 166 GP,LAC 166 GP,12,3.91,5.4,"1,782,163,800","1,782,164,100","1,782,163,202","1,782,165,186",NODELAY,0,MANUAL,Petrol,false,false,HOME,1,1,1
vanta-Sea,Denver Office,BUS,"June 29, 2026",15:16,"4,995,299",LOGOUT,false,Aarav Mikhailov Travel,JHO 719 GP,JHO 719 GP,5,32.44,33.7,"1,782,746,160","1,782,747,900","1,782,745,718","1,782,753,631",NODELAY,0,MANUAL,Petrol,false,false,NA,1,1,0
vanta-Sea,Denver Office,BUS,"July 16, 2026",17:30,"5,053,627",LOGOUT,false,Aarav Mikhailov Travel,TAC 276 GP,TAC 276 GP,3,2,2.1,"1,784,223,000","1,784,224,920","1,784,222,145","1,784,224,023",NODELAY,0,MANUAL,Electric,false,false,NODAL,2,2,0
vanta-Sea,Denver Office,BUS,"July 20, 2026",13:00,"5,062,066",LOGIN,false,Isha Mikhailov Travel,OME 195 GP,OME 195 GP,3,23.4,23.7,"1,784,547,840","1,784,551,500","1,784,546,943","1,784,551,270",NODELAY,0,MANUAL,Petrol,false,false,HOME,1,1,0
vanta-Sea,Denver Office,BUS,"July 22, 2026",14:16,"5,070,656",LOGOUT,false,Aarav Mikhailov Travel,XIC 394 GP,XIC 394 GP,5,8.9,6.9,"1,784,729,760","1,784,744,700","1,784,729,443","1,784,731,668",NODELAY,0,MANUAL,Petrol,false,false,HOME,4,4,0
vanta-Sea,Denver Office,BUS,"July 28, 2026",16:16,"5,091,185",LOGOUT,false,Priya Mikhailov Travel,YEJ 327 GP,YEJ 327 GP,5,32.79,32,"1,785,255,360","1,785,258,240","1,785,255,468","1,785,262,897",NODELAY,0,MANUAL,Petrol,false,false,HOME,1,1,0
vanta-Sea,Denver Office,BUS,"July 27, 2026",16:16,"5,086,849",LOGOUT,false,Aarav Mikhailov Travel,VJR 984 GP,VJR 984 GP,5,31.55,25.7,"1,785,168,960","1,785,171,660","1,785,167,993","1,785,175,555",NODELAY,0,MANUAL,Petrol,false,false,HOME,3,3,0
vanta-Sea,Denver Office,CAB,"July 27, 2026",20:16,"5,087,898",LOGOUT,true,Sanjay Mikhailov Travel,GPD 135 GP,GPD 135 GP,3,12.82,11.3,"1,785,184,260","1,785,185,760","1,785,183,093","1,785,185,983",NODELAY,0,AUTO,Electric,false,false,HOME,3,3,1
pinnacle-Slc,Clearwater Campus,CAB,"July 2, 2026",18:30,"3,338,728",LOGOUT,false,Pooja Mikhailov Travel,JQF 041 GP,JQF 041 GP,3,7.47,7.71,"1,783,017,000","1,783,018,800","1,783,017,212","1,783,019,841",NODELAY,0,AUTO,Diesel,false,false,HOME,1,1,0
pinnacle-Slc,Oakmont Office,CAB,"July 3, 2026",15:30,"3,346,233",LOGOUT,false,Karan Mikhailov Travel,BIT 461 GP,BIT 461 GP,3,20.16,19.38,"1,783,092,600","1,783,096,080","1,783,091,605","1,783,095,379",NODELAY,0,AUTO,Diesel,false,false,NA,1,1,0
pinnacle-Slc,Oakmont Office,CAB,"July 1, 2026",15:00,"3,332,000",LOGOUT,false,Rohan Mikhailov Travel,DJF 293 GP,DJF 293 GP,3,9.39,9.3,"1,782,918,000","1,782,919,860","1,782,918,257","1,782,920,415",NODELAY,0,AUTO,Diesel,false,false,NA,2,2,0
pinnacle-Slc,Willow Bend Campus,CAB,"July 3, 2026",14:30,"3,347,080",LOGOUT,false,Rohan Mikhailov Travel,NCD 689 GP,NCD 689 GP,3,5.43,4.7,"1,783,089,000","1,783,089,840","1,783,089,083","1,783,090,072",NODELAY,0,AUTO,Diesel,false,false,NODAL,2,2,0
pinnacle-Slc,Clearwater Campus,CAB,"June 30, 2026",15:30,"3,322,974",LOGOUT,false,Amit Volkov Travel,PHP 478 GP,PHP 478 GP,3,4.85,4.2,"1,782,833,400","1,782,834,120","1,782,833,674","1,782,835,219",NODELAY,0,AUTO,Diesel,false,false,NA,3,3,0
pinnacle-Slc,Willow Bend Campus,CAB,"June 25, 2026",17:30,"3,304,681",LOGOUT,false,Sanjay Mikhailov Travel,TCP 365 GP,TCP 365 GP,3,7.84,9.1,"1,782,408,600","1,782,410,640","1,782,408,780","1,782,411,300",NODELAY,0,AUTO,Diesel,false,false,NA,1,1,0
pinnacle-Slc,Willow Bend Campus,CAB,"June 30, 2026",07:30,"3,323,938",LOGIN,false,Sanjay Mikhailov Travel,MUL 451 GP,MUL 451 GP,3,8.63,8.8,"1,782,802,440","1,782,804,300","1,782,803,060","1,782,804,650",NODELAY,0,AUTO,Diesel,false,false,HOME,3,3,0
pinnacle-Slc,Oakmont Office,CAB,"June 30, 2026",04:30,"3,325,761",LOGOUT,true,Rahul Mikhailov Travel,CYT 692 GP,CYT 692 GP,3,22.99,23,"1,782,793,800","1,782,796,380","1,782,794,290","1,782,796,774",NODELAY,0,AUTO,Diesel,false,false,HOME,3,3,0
vanta-Sea,Denver Office,CAB,"May 11, 2026",21:16,"4,840,131",LOGOUT,false,Priya Mikhailov Travel,NLD 688 GP,NLD 688 GP,5,30.36,30.2,"1,778,535,060","1,778,537,280","1,778,534,091","1,778,539,587",NODELAY,0,AUTO,Petrol,false,false,NA,4,4,0
vanta-Sea,Denver Office,CAB,"May 13, 2026",18:16,"4,847,486",LOGOUT,false,Anjali Mikhailov Travel,AYC 907 GP,AYC 907 GP,12,11.14,9.5,"1,778,697,060","1,778,697,780","1,778,695,871","1,778,699,451",NODELAY,0,AUTO,Petrol,false,false,NA,5,4,1
vanta-Sea,Denver Office,CAB,"May 8, 2026",20:16,"4,834,206",LOGOUT,true,Aarav Mikhailov Travel,DYW 293 GP,DYW 293 GP,12,6.91,5.2,"1,778,272,260","1,778,272,560","1,778,270,913","1,778,272,981",NODELAY,0,AUTO,Petrol,false,false,NA,5,5,1
vanta-Sea,Denver Office,BUS,"May 12, 2026",16:16,"4,843,150",LOGOUT,false,Sanjay Mikhailov Travel,ZMK 613 GP,ZMK 613 GP,3,11.85,10.9,"1,778,602,560","1,778,603,100","1,778,601,725","1,778,604,836",NODELAY,0,MANUAL,Electric,false,false,NA,1,1,0
vanta-Sea,Denver Office,BUS,"May 13, 2026",12:00,"4,846,175",LOGIN,false,Anjali Mikhailov Travel,XTR 584 GP,XTR 584 GP,5,13.88,16.2,"1,778,669,760","1,778,672,700","1,778,669,911","1,778,673,178",NODELAY,0,MANUAL,Petrol,false,false,HOME,5,5,0
vanta-Sea,Denver Office,BUS,"May 18, 2026",11:00,"4,858,693",LOGIN,false,Priya Mikhailov Travel,KBK 497 GP,KBK 497 GP,12,9.11,8.6,"1,779,099,360","1,779,101,100","1,779,099,087","1,779,101,855",NODELAY,0,MANUAL,Petrol,false,false,NA,9,8,1
vanta-Sea,Denver Office,CAB,"May 20, 2026",18:16,"4,868,503",LOGOUT,false,Anjali Mikhailov Travel,SES 704 GP,SES 704 GP,3,17.9,9.9,"1,779,301,860","1,779,304,440","1,779,301,450","1,779,304,882",NODELAY,0,AUTO,Electric,false,false,NA,2,2,2
vanta-Sea,Denver Office,BUS,"May 14, 2026",13:00,"4,850,315",LOGIN,false,Priya Mikhailov Travel,ANW 271 GP,ANW 271 GP,3,8.85,7.1,"1,778,760,840","1,778,762,700","1,778,759,404","1,778,762,697",NODELAY,0,MANUAL,Electric,false,false,NODAL,2,1,1
vanta-Sea,Denver Office,CAB,"May 16, 2026",13:00,"4,856,466",LOGIN,false,Aarav Mikhailov Travel,RNH 185 GP,RNH 185 GP,3,15.97,13.2,"1,778,932,680","1,778,935,500","1,778,932,293","1,778,936,564",TRAFFIC,2,AUTO,Petrol,false,false,NA,1,1,0
vanta-Sea,Denver Office,BUS,"May 18, 2026",13:00,"4,859,147",LOGIN,false,Aarav Mikhailov Travel,MUB 901 GP,MUB 901 GP,12,3.82,5.6,"1,779,107,700","1,779,108,900","1,779,106,572","1,779,109,178",NODELAY,0,MANUAL,Petrol,false,false,NA,5,7,0
vanta-Sea,Denver Office,CAB,"May 18, 2026",18:16,"4,860,628",LOGOUT,false,Sanjay Mikhailov Travel,CJP 363 GP,CJP 363 GP,12,17.33,14.7,"1,779,129,060","1,779,129,840","1,779,127,804","1,779,132,924",NODELAY,0,AUTO,Petrol,false,false,NA,5,5,0
vanta-Sea,Denver Office,CAB,"May 23, 2026",18:16,"4,878,092",LOGOUT,false,Sanjay Mikhailov Travel,RSM 142 GP,RSM 142 GP,3,14.44,14.9,"1,779,561,060","1,779,563,280","1,779,560,252","1,779,563,179",NODELAY,0,AUTO,Petrol,false,false,NA,2,2,0
pinnacle-Slc,Willow Bend Campus,CAB,"July 3, 2026",08:30,"3,343,456",LOGIN,false,Pooja Mikhailov Travel,JQF 041 GP,JQF 041 GP,3,5.66,4.9,"1,783,065,660","1,783,067,100","1,783,065,758","1,783,066,970",NODELAY,0,AUTO,Diesel,false,false,HOME,3,3,0
pinnacle-Slc,Clearwater Campus,CAB,"July 3, 2026",09:00,"3,342,463",LOGIN,false,Rahul Morozov Travel,CUJ 999 GP,CUJ 999 GP,3,8.79,6.7,"1,783,066,620","1,783,068,900","1,783,067,000","1,783,069,266",NODELAY,0,AUTO,Diesel,false,false,HOME,3,3,0
pinnacle-Slc,Clearwater Campus,CAB,"July 6, 2026",15:30,"3,354,240",LOGOUT,false,Amit Volkov Travel,IFP 855 GP,IFP 855 GP,3,3.04,8.95,"1,783,351,800","1,783,353,240","1,783,352,345","1,783,355,558",NODELAY,0,AUTO,Diesel,false,false,NA,2,1,0
pinnacle-Slc,Clearwater Campus,CAB,"July 10, 2026",15:30,"3,380,611",LOGOUT,false,Divya Kozlov Travel,IVD 698 GP,IVD 698 GP,3,21.15,21.42,"1,783,697,400","1,783,700,280","1,783,697,357","1,783,701,441",NODELAY,0,AUTO,Diesel,false,false,NA,1,1,0
pinnacle-Slc,Oakmont Office,CAB,"July 10, 2026",16:30,"3,378,572",LOGOUT,false,Amit Volkov Travel,CMC 730 GP,CMC 730 GP,3,8.76,10.3,"1,783,701,000","1,783,703,640","1,783,701,505","1,783,703,773",NODELAY,0,AUTO,Diesel,false,false,NA,1,1,0
pinnacle-Slc,Clearwater Campus,CAB,"July 8, 2026",09:00,"3,362,080",LOGIN,false,Rohan Mikhailov Travel,NBM 011 GP,NBM 011 GP,3,8.75,8.41,"1,783,498,500","1,783,500,900","1,783,498,726","1,783,500,605",NODELAY,0,AUTO,Diesel,false,false,NA,2,1,1
pinnacle-Slc,Clearwater Campus,CAB,"July 15, 2026",08:30,"3,395,531",LOGIN,false,Pooja Mikhailov Travel,TEP 605 GP,TEP 605 GP,3,10.03,8.62,"1,784,101,320","1,784,103,900","1,784,101,381","1,784,103,206",NODELAY,0,AUTO,Diesel,false,false,HOME,2,1,0
pinnacle-Slc,Willow Bend Campus,CAB,"July 15, 2026",09:00,"3,397,008",LOGIN,false,Rahul Mikhailov Travel,HBJ 781 GP,HBJ 781 GP,3,15.13,16.15,"1,784,101,860","1,784,105,700","1,784,102,282","1,784,105,960",NODELAY,0,AUTO,Diesel,false,false,NA,1,1,0
pinnacle-Slc,Clearwater Campus,CAB,"July 8, 2026",09:30,"3,362,518",LOGIN,false,Rohan Mikhailov Travel,XRR 069 GP,XRR 069 GP,3,5.25,4.21,"1,783,501,020","1,783,502,700","1,783,501,302","1,783,502,901",NODELAY,0,AUTO,Diesel,false,false,NA,2,2,0
pinnacle-Slc,Clearwater Campus,CAB,"July 10, 2026",16:30,"3,380,376",LOGOUT,false,Rahul Morozov Travel,CGO 005 GP,CGO 005 GP,3,37.62,38.35,"1,783,701,000","1,783,706,940","1,783,701,482","1,783,708,707",NODELAY,0,AUTO,Diesel,false,false,NA,1,1,0
vanta-Sea,Denver Office,CAB,"June 26, 2026",19:16,"4,989,842",LOGOUT,false,Anjali Mikhailov Travel,TAT 491 GP,TAT 491 GP,3,24.47,19,"1,782,502,260","1,782,504,720","1,782,501,424","1,782,505,967",NODELAY,0,AUTO,Petrol,false,false,NA,2,1,1
vanta-Sea,Denver Office,CAB,"June 27, 2026",17:16,"4,991,850",LOGOUT,false,Anjali Mikhailov Travel,GWR 475 GP,GWR 475 GP,5,15.95,16.1,"1,782,581,460","1,782,582,900","1,782,580,450","1,782,583,602",NODELAY,0,AUTO,Petrol,false,false,NA,1,1,0
vanta-Sea,Denver Office,BUS,"June 30, 2026",12:00,"4,998,308",LOGIN,false,Sanjay Mikhailov Travel,WJY 462 GP,WJY 462 GP,5,8.68,8.7,"1,782,818,160","1,782,819,900","1,782,816,640","1,782,821,667",TRAFFIC,14,MANUAL,Petrol,false,false,HOME,5,2,3
pinnacle-Slc,Willow Bend Campus,CAB,"June 23, 2026",11:00,"3,288,141",LOGIN,false,Divya Sokolov Travel,PUX 580 GP,PUX 580 GP,3,4.55,4.2,"1,782,210,480","1,782,212,100","1,782,210,167","1,782,211,442",NODELAY,0,AUTO,Diesel,false,false,HOME,1,1,0
pinnacle-Slc,Willow Bend Campus,CAB,"June 24, 2026",08:30,"3,294,602",LOGIN,false,Pooja Mikhailov Travel,PEE 708 GP,PEE 708 GP,3,3.75,4.8,"1,782,288,000","1,782,289,500","1,782,288,094","1,782,288,863",NODELAY,0,AUTO,Diesel,false,false,HOME,3,2,0
pinnacle-Slc,Oakmont Office,CAB,"June 18, 2026",09:30,"3,266,183",LOGIN,false,Rahul Mikhailov Travel,ALQ 309 GP,ALQ 309 GP,3,2.67,1.7,"1,781,773,380","1,781,774,700","1,781,773,549","1,781,774,795",NODELAY,0,AUTO,Diesel,false,false,HOME,3,3,0
pinnacle-Slc,Willow Bend Campus,CAB,"June 29, 2026",15:30,"3,317,830",LOGOUT,false,Rahul Orlov Travel,WOV 617 GP,WOV 617 GP,3,8,10.3,"1,782,747,000","1,782,749,280","1,782,746,719","1,782,749,659",NODELAY,0,AUTO,Diesel,false,false,HOME,3,2,0
pinnacle-Slc,Oakmont Office,CAB,"June 24, 2026",13:30,"3,297,955",LOGOUT,false,Rohan Mikhailov Travel,JAD 426 GP,JAD 426 GP,3,24.2,26.78,"1,782,307,800","1,782,311,880","1,782,308,244","1,782,312,577",NODELAY,0,AUTO,Diesel,false,false,HOME,2,2,0
pinnacle-Slc,Clearwater Campus,CAB,"June 25, 2026",09:00,"3,300,306",LOGIN,false,Amit Volkov Travel,AYV 335 GP,AYV 335 GP,3,5.69,5.8,"1,782,375,660","1,782,377,700","1,782,375,806","1,782,377,686",NODELAY,0,AUTO,Diesel,false,false,HOME,3,2,0
pinnacle-Slc,Clearwater Campus,CAB,"June 25, 2026",09:30,"3,300,536",LOGIN,false,Rahul Morozov Travel,EQS 489 GP,EQS 489 GP,3,8.39,7.22,"1,782,377,460","1,782,379,500","1,782,377,478","1,782,380,249",NODELAY,0,AUTO,Diesel,false,false,NA,2,2,0
pinnacle-Slc,Willow Bend Campus,CAB,"May 27, 2026",09:00,"3,160,994",LOGIN,false,Rohan Mikhailov Travel,WBD 000 GP,WBD 000 GP,3,17.76,15.78,"1,779,869,760","1,779,872,100","1,779,869,940","1,779,875,056",EMPLOYEE,29,AUTO,Diesel,false,false,NODAL,2,2,0
pinnacle-Slc,Willow Bend Campus,CAB,"May 29, 2026",09:00,"3,168,758",LOGIN,false,Rahul Morozov Travel,GSE 877 GP,GSE 877 GP,3,3.32,3,"1,780,043,880","1,780,044,900","1,780,044,102","1,780,044,748",NODELAY,0,AUTO,Diesel,false,false,HOME,2,2,0
pinnacle-Slc,Willow Bend Campus,CAB,"May 20, 2026",08:30,"3,129,949",LOGIN,false,Amit Mikhailov Travel,CUU 142 GP,CUU 142 GP,3,7.75,7.1,"1,779,263,100","1,779,265,500","1,779,263,299","1,779,264,910",NODELAY,0,AUTO,Diesel,false,false,NA,2,2,0
pinnacle-Slc,Willow Bend Campus,CAB,"May 22, 2026",09:00,"3,144,456",LOGIN,false,Karan Mikhailov Travel,HPC 008 GP,HPC 008 GP,3,3.48,4.9,"1,779,438,480","1,779,440,100","1,779,438,829","1,779,439,965",NODELAY,0,AUTO,Diesel,false,false,NA,3,2,0
pinnacle-Slc,Clearwater Campus,CAB,"May 25, 2026",09:00,"3,151,407",LOGIN,false,Divya Sokolov Travel,XAF 268 GP,XAF 268 GP,3,10.73,10.41,"1,779,696,840","1,779,699,300","1,779,697,077","1,779,700,142",NODELAY,0,AUTO,Diesel,false,false,HOME,1,1,0
pinnacle-Slc,Clearwater Campus,CAB,"May 26, 2026",15:30,"3,158,125",LOGOUT,false,Aarav Mikhailov Travel,VLP 543 GP,VLP 543 GP,3,3.12,2.53,"1,779,809,400","1,779,810,480","1,779,810,324","1,779,813,463",NODELAY,0,AUTO,Diesel,false,false,HOME,3,1,0
pinnacle-Slc,Clearwater Campus,CAB,"July 27, 2026",09:00,"3,452,483",LOGIN,false,Rohan Mikhailov Travel,JHU 428 GP,JHU 428 GP,3,14.43,14.4,"1,785,138,240","1,785,142,500","1,785,138,464","1,785,143,796",DRIVER,1,AUTO,Diesel,false,false,NODAL,3,3,0
pinnacle-Slc,Willow Bend Campus,CAB,"July 31, 2026",11:00,"3,479,269",LOGIN,false,Rahul Orlov Travel,PPO 002 GP,PPO 002 GP,3,4.3,4.2,"1,785,493,440","1,785,495,300","1,785,493,957","1,785,495,087",NODELAY,0,AUTO,Diesel,false,false,HOME,2,1,0
pinnacle-Slc,Clearwater Campus,CAB,"July 28, 2026",14:00,"3,459,218",LOGIN,false,Rahul Morozov Travel,SLQ 170 GP,SLQ 170 GP,3,2.13,1.7,"1,785,246,000","1,785,246,900","1,785,245,343","1,785,246,003",NODELAY,0,AUTO,Diesel,false,false,NA,1,1,0
orbit-Slc,Eastgate Office,BUS,"June 10, 2026",13:00,"1,270,410",LOGIN,false,Rohan Mikhailov Travel,SMR 923 GP,SMR 923 GP,6,28.33,30.4,"1,781,090,100","1,781,095,500","1,781,089,897","1,781,095,104",NODELAY,0,MANUAL,Diesel,false,false,HOME,5,4,1
vanta-Aus,Cedar Ridge Office,CAB,"June 12, 2026",11:00,"1,169,735",LOGIN,false,Sneha Mikhailov Travel,AGD 193 GP,AGD 193 GP,3,8,10.1,"1,781,258,700","1,781,261,100","1,781,259,215","1,781,260,976",NODELAY,0,AUTO,Diesel,false,false,HOME,2,1,1
vanta-Sea,Denver Office,BUS,"June 3, 2026",11:00,"4,908,690",LOGIN,false,Anjali Mikhailov Travel,IOJ 547 GP,IOJ 547 GP,12,11.55,11.9,"1,780,480,080","1,780,483,500","1,780,480,053","1,780,485,612",TRAFFIC,20,MANUAL,Petrol,false,false,NA,10,7,3
vanta-Aus,Cedar Ridge Office,CAB,"June 26, 2026",21:15,"1,196,982",LOGOUT,false,Sneha Mikhailov Travel,ICJ 857 GP,ICJ 857 GP,3,21.84,22.2,"1,782,509,400","1,782,513,120","1,782,507,885","1,782,512,685",NODELAY,0,AUTO,Electric,false,false,HOME,3,3,0
orbit-Slc,Eastgate Office,BUS,"June 17, 2026",11:00,"1,284,195",LOGIN,false,Rohan Mikhailov Travel,YZA 841 GP,YZA 841 GP,3,15.82,18.3,"1,781,688,900","1,781,693,100","1,781,688,627","1,781,692,164",NODELAY,0,MANUAL,Diesel,false,false,NODAL,3,2,1
orbit-Slc,Eastgate Office,CAB,"June 17, 2026",22:00,"1,284,894",LOGOUT,true,Rohan Mikhailov Travel,PXD 204 GP,PXD 204 GP,12,19.18,28.88,"1,781,734,500","1,781,736,300","1,781,734,054","1,781,741,043",NODELAY,0,AUTO,Diesel,false,false,HOME,8,9,0
orbit-Slc,Eastgate Office,CAB,"June 15, 2026",06:30,"1,278,632",LOGIN,true,Rohan Mikhailov Travel,XPM 353 GP,XPM 353 GP,3,12.17,14,"1,781,501,700","1,781,504,100","1,781,499,122","1,781,503,569",NODELAY,0,AUTO,Diesel,false,false,HOME,1,2,0
catalyst-Sac,Crestwood Campus,CAB,"June 23, 2026",05:00,"1,505,588",LOGOUT,false,Rohan Mikhailov Travel,ETL 782 GP,ETL 782 GP,4,16.08,16.2,"1,782,191,700","1,782,193,380","1,782,191,578","1,782,193,264",NODELAY,0,AUTO,Petrol,false,false,HOME,1,1,0
vanta-Sea,Denver Office,BUS,"June 5, 2026",10:00,"4,917,334",LOGIN,false,Priya Mikhailov Travel,YAK 549 GP,YAK 549 GP,3,20.73,19.9,"1,780,648,260","1,780,652,700","1,780,646,466","1,780,651,863",NODELAY,0,MANUAL,Petrol,false,false,HOME,1,1,0
catalyst-Sac,Redwood City Center,CAB,"June 29, 2026",06:30,"1,513,568",LOGIN,false,Amit Mikhailov Travel,ZVQ 456 GP,ZVQ 456 GP,4,8.03,7.6,"1,782,711,180","1,782,712,800","1,782,710,890","1,782,711,787",NODELAY,0,AUTO,Petrol,false,false,NA,1,1,0
orbit-Slc,Eastgate Office,CAB,"June 18, 2026",22:00,"1,288,070",LOGOUT,true,Rohan Mikhailov Travel,TWT 091 GP,TWT 091 GP,3,26.67,37.25,"1,781,820,900","1,781,823,660","1,781,821,137","1,781,826,626",NODELAY,0,AUTO,Electric,false,false,HOME,2,3,0
vanta-Sea,Denver Office,CAB,"May 31, 2026",11:00,"4,899,669",LOGIN,false,Sanjay Mikhailov Travel,CLN 266 GP,CLN 266 GP,3,19.25,17.5,"1,780,220,460","1,780,224,300","1,780,220,606","1,780,222,509",NODELAY,0,AUTO,Petrol,false,false,HOME,2,1,1
vanta-Sea,Denver Office,BUS,"May 26, 2026",08:01,"4,883,199",LOGIN,false,Aarav Petrov Travel,YSM 438 GP,YSM 438 GP,12,2.69,2.4,"1,779,781,620","1,779,782,100","1,779,781,263","1,779,781,905",NODELAY,0,MANUAL,Petrol,false,false,NA,1,1,0
vanta-Sea,Denver Office,CAB,"May 27, 2026",18:16,"4,889,496",LOGOUT,true,Aarav Petrov Travel,YSK 200 GP,YSK 200 GP,3,24.8,26.4,"1,779,906,660","1,779,910,740","1,779,905,390","1,779,911,309",NODELAY,0,AUTO,Electric,false,false,NA,2,3,0
vanta-Sea,Denver Office,CAB,"May 28, 2026",17:16,"4,893,241",LOGOUT,false,Priya Mikhailov Travel,VWL 237 GP,VWL 237 GP,3,24.92,14.9,"1,779,989,460","1,779,993,480","1,779,989,264","1,779,991,856",NODELAY,0,AUTO,Electric,false,false,NA,1,1,1
pinnacle-Slc,Willow Bend Campus,CAB,"May 5, 2026",07:30,"3,062,072",LOGIN,false,Sanjay Mikhailov Travel,FND 148 GP,FND 148 GP,3,25.24,24.2,"1,777,962,600","1,777,965,900","1,777,962,793","1,777,965,744",NODELAY,0,AUTO,Diesel,false,false,NA,1,1,0
pinnacle-Slc,Oakmont Office,CAB,"May 5, 2026",08:30,"3,062,296",LOGIN,false,Rohan Mikhailov Travel,RDF 561 GP,RDF 561 GP,3,15.27,13.36,"1,777,965,480","1,777,969,500","1,777,965,910","1,777,968,191",NODELAY,0,AUTO,Diesel,false,false,NA,3,3,0
pinnacle-Slc,Clearwater Campus,CAB,"May 4, 2026",10:30,"3,054,411",LOGIN,false,Divya Mikhailov Travel,OMY 441 GP,OMY 441 GP,3,5.28,7.26,"1,777,887,840","1,777,890,300","1,777,888,452","1,777,891,930",EMPLOYEE,7,AUTO,Diesel,false,false,HOME,3,2,0
pinnacle-Slc,Clearwater Campus,CAB,"May 4, 2026",15:00,"3,057,519",LOGOUT,false,Divya Kozlov Travel,VMB 820 GP,VMB 820 GP,3,12.45,12.4,"1,777,906,800","1,777,908,480","1,777,906,793","1,777,909,227",NODELAY,0,AUTO,Diesel,false,false,NODAL,2,2,0
pinnacle-Slc,Clearwater Campus,CAB,"May 6, 2026",09:00,"3,067,719",LOGIN,false,Arjun Mikhailov Travel,HWL 372 GP,HWL 372 GP,5,7.13,6.67,"1,778,055,300","1,778,057,700","1,778,055,957","1,778,058,727",NODELAY,0,AUTO,Diesel,false,false,NA,3,3,0
pinnacle-Slc,Clearwater Campus,CAB,"May 6, 2026",15:00,"3,071,004",LOGOUT,false,Divya Mikhailov Travel,SZA 134 GP,SZA 134 GP,3,5.65,5.4,"1,778,079,600","1,778,080,800","1,778,079,733","1,778,081,555",NODELAY,0,AUTO,Diesel,false,false,HOME,3,3,0
vanta-Aus,Cedar Ridge Office,CAB,"July 22, 2026",14:00,"1,242,080",LOGIN,false,Meera Pavlov Travel,OPQ 495 GP,OPQ 495 GP,5,14.52,17.5,"1,784,723,340","1,784,727,900","1,784,723,363","1,784,726,602",NODELAY,0,AUTO,Diesel,false,false,HOME,4,3,1
vanta-Sea,Denver Office,CAB,"July 10, 2026",11:00,"5,032,091",LOGIN,false,Isha Mikhailov Travel,OQE 574 GP,OQE 574 GP,3,18.98,19,"1,783,676,400","1,783,680,300","1,783,676,619","1,783,680,490",NODELAY,0,AUTO,Petrol,false,false,HOME,1,1,0
vanta-Sea,Denver Office,BUS,"July 9, 2026",13:00,"5,029,270",LOGIN,false,Priya Mikhailov Travel,GWD 816 GP,GWD 816 GP,3,24.02,18.28,"1,783,597,860","1,783,601,100","1,783,596,269","1,783,602,297",TRAFFIC,4,SHUTTLE_SERVICE,Petrol,false,false,HOME,1,1,0
vanta-Sea,Denver Office,BUS,"July 15, 2026",11:00,"5,046,933",LOGIN,false,Sanjay Mikhailov Travel,RDZ 547 GP,RDZ 547 GP,12,11.69,11,"1,784,108,700","1,784,112,300","1,784,108,074","1,784,113,393",TRAFFIC,3,MANUAL,Petrol,false,false,HOME,12,11,0
orbit-Slc,Cedar Ridge Office,BUS,"June 29, 2026",11:00,"1,303,049",LOGIN,false,Rahul Mikhailov Travel,LJF 581 GP,LJF 581 GP,3,5.55,10,"1,782,725,100","1,782,729,900","1,782,725,019","1,782,728,422",NODELAY,0,MANUAL,Diesel,false,false,HOME,3,3,0
orbit-Slc,Lakeside Commons,CAB,"June 30, 2026",06:30,"1,306,672",LOGIN,true,Anjali Mikhailov Travel,EBL 087 GP,EBL 087 GP,6,33.43,35.15,"1,782,795,600","1,782,800,100","1,782,794,955","1,782,800,546",NODELAY,0,AUTO,Diesel,false,false,HOME,4,4,1
vanta-Sea,Denver Office,CAB,"June 9, 2026",17:16,"4,928,258",LOGOUT,false,Sanjay Mikhailov Travel,CLA 844 GP,CLA 844 GP,12,9.46,8,"1,781,026,260","1,781,026,980","1,781,025,043","1,781,028,692",NODELAY,0,AUTO,Petrol,false,false,NA,3,3,0
orbit-Slc,Lakeside Commons,BUS,"June 22, 2026",15:00,"1,290,274",LOGIN,false,Anjali Mikhailov Travel,IGH 043 GP,IGH 043 GP,3,22.63,28.6,"1,782,133,800","1,782,139,500","1,782,133,979","1,782,138,744",NODELAY,0,MANUAL,Diesel,false,false,NODAL,3,3,0
vanta-Sea,Denver Office,BUS,"June 10, 2026",12:00,"4,931,023",LOGIN,false,Isha Mikhailov Travel,PJG 979 GP,PJG 979 GP,3,20.35,20.4,"1,781,088,420","1,781,091,900","1,781,086,625","1,781,094,221",TRAFFIC,23,MANUAL,Petrol,false,false,NODAL,3,2,1
vanta-Sea,Denver Office,BUS,"June 10, 2026",14:00,"4,931,508",LOGIN,false,Sanjay Mikhailov Travel,CIT 179 GP,CIT 179 GP,12,4.1,5,"1,781,098,920","1,781,099,700","1,781,097,238","1,781,099,889",NODELAY,0,MANUAL,Petrol,false,false,NA,1,1,0
vanta-Sea,Denver Office,CAB,"June 11, 2026",21:16,"4,937,564",LOGOUT,true,Sanjay Mikhailov Travel,ROL 972 GP,ROL 972 GP,12,12.65,13.4,"1,781,213,460","1,781,215,200","1,781,212,633","1,781,217,348",NODELAY,0,AUTO,Petrol,false,false,NA,3,4,0
vanta-Sea,Denver Office,CAB,"June 13, 2026",14:00,"4,942,721",LOGIN,false,Anjali Mikhailov Travel,NEU 862 GP,NEU 862 GP,3,3.72,3.3,"1,781,357,820","1,781,358,300","1,781,358,232","1,781,359,185",NODELAY,0,AUTO,Petrol,false,false,NA,2,2,0
pinnacle-Slc,Clearwater Campus,CAB,"May 15, 2026",09:30,"3,108,734",LOGIN,false,Karan Mikhailov Travel,AHW 793 GP,AHW 793 GP,3,6.68,5.18,"1,778,835,600","1,778,837,100","1,778,835,667","1,778,837,368",NODELAY,0,AUTO,Diesel,false,false,HOME,1,1,0
pinnacle-Slc,Oakmont Office,CAB,"May 11, 2026",09:30,"3,085,579",LOGIN,false,Rahul Morozov Travel,OQR 457 GP,OQR 457 GP,3,11.03,10,"1,778,488,560","1,778,491,500","1,778,488,436","1,778,490,612",NODELAY,0,AUTO,Diesel,false,false,NA,2,2,0
pinnacle-Slc,Willow Bend Campus,CAB,"May 18, 2026",09:30,"3,117,901",LOGIN,false,Divya Kozlov Travel,WDT 031 GP,WDT 031 GP,3,4.03,3.5,"1,779,095,400","1,779,096,300","1,779,095,687","1,779,096,446",NODELAY,0,AUTO,Diesel,false,false,SHUTTLE,1,1,0
pinnacle-Slc,Willow Bend Campus,CAB,"May 15, 2026",05:30,"3,110,459",LOGIN,true,Rohan Mikhailov Travel,OBK 763 GP,OBK 763 GP,3,8.07,7.6,"1,778,821,620","1,778,822,700","1,778,821,276","1,778,822,476",NODELAY,0,AUTO,Diesel,false,false,HOME,2,2,0
pinnacle-Slc,Oakmont Office,CAB,"May 15, 2026",15:30,"3,110,758",LOGOUT,false,Divya Mikhailov Travel,BIW 011 GP,BIW 011 GP,3,9.73,11.52,"1,778,859,000","1,778,860,260","1,778,858,843","1,778,860,890",NODELAY,0,AUTO,Diesel,false,false,NA,2,1,0
pinnacle-Slc,Clearwater Campus,CAB,"May 15, 2026",14:30,"3,112,961",LOGOUT,false,Rohan Mikhailov Travel,DCP 894 GP,DCP 894 GP,3,22.36,19.88,"1,778,855,400","1,778,857,800","1,778,855,485","1,778,859,944",NODELAY,0,AUTO,Diesel,false,false,NA,3,2,0
pinnacle-Slc,Clearwater Campus,CAB,"May 15, 2026",07:30,"3,108,035",LOGIN,false,Aarav Mikhailov Travel,NCT 263 GP,NCT 263 GP,3,12.44,11.4,"1,778,826,960","1,778,829,900","1,778,828,078","1,778,829,520",NODELAY,0,AUTO,Diesel,false,false,HOME,3,1,0
pinnacle-Slc,Clearwater Campus,CAB,"May 18, 2026",07:30,"3,117,421",LOGIN,false,Divya Sokolov Travel,PZX 338 GP,PZX 338 GP,3,22.21,21.9,"1,779,085,620","1,779,089,100","1,779,085,941","1,779,088,623",NODELAY,0,AUTO,Diesel,false,false,HOME,2,1,0
catalyst-Sac,Redwood City Center,CAB,"July 1, 2026",20:00,"1,518,315",LOGOUT,true,Arjun Mikhailov Travel,HZK 576 GP,HZK 576 GP,4,14.64,14.6,"1,782,936,900","1,782,939,840","1,782,936,614","1,782,943,033",NODELAY,0,AUTO,Petrol,false,false,NA,3,4,0
vanta-Aus,Cedar Ridge Office,CAB,"July 3, 2026",16:15,"1,209,770",LOGOUT,false,Priya Mikhailov Travel,BHA 170 GP,BHA 170 GP,3,9.97,11.4,"1,783,096,200","1,783,097,280","1,783,094,864","1,783,097,819",NODELAY,0,AUTO,Electric,false,false,HOME,2,2,0
vanta-Aus,Cedar Ridge Office,CAB,"July 6, 2026",20:15,"1,213,868",LOGOUT,false,Sneha Mikhailov Travel,PAH 489 GP,PAH 489 GP,6,19.49,20.9,"1,783,369,800","1,783,371,000","1,783,368,608","1,783,373,454",NODELAY,0,AUTO,Electric,false,false,NA,2,2,0
catalyst-Sac,Oakmont Office,CAB,"July 9, 2026",19:00,"1,529,809",LOGOUT,true,Priya Mikhailov Travel,DVY 685 GP,DVY 685 GP,4,24.73,24.7,"1,783,624,500","1,783,630,860","1,783,624,435","1,783,631,624",NODELAY,0,AUTO,Petrol,false,false,HOME,1,2,0
orbit-Slc,Eastgate Office,CAB,"July 2, 2026",22:00,"1,313,664",LOGOUT,false,Rohan Mikhailov Travel,LKT 565 GP,LKT 565 GP,6,14.7,18.7,"1,783,030,500","1,783,032,000","1,783,030,680","1,783,033,620",NODELAY,0,AUTO,Diesel,false,false,HOME,4,4,0
catalyst-Sac,Santa Clara Office,CAB,"July 9, 2026",06:30,"1,529,317",LOGOUT,false,Vikram Mikhailov Travel,TJJ 983 GP,TJJ 983 GP,4,22.06,21.25,"1,783,579,500","1,783,580,760","1,783,579,583","1,783,582,848",NODELAY,0,AUTO,Petrol,false,false,NA,2,2,0
catalyst-Sac,Santa Clara Office,CAB,"July 10, 2026",20:30,"1,531,774",LOGOUT,false,Rohan Mikhailov Travel,UMV 666 GP,UMV 666 GP,6,16.61,15.86,"1,783,716,300","1,783,719,780","1,783,716,489","1,783,720,348",NODELAY,0,AUTO,Petrol,false,false,NA,6,6,0
vanta-Aus,Cedar Ridge Office,CAB,"July 10, 2026",10:00,"1,221,197",LOGIN,false,Priya Mikhailov Travel,OFE 859 GP,OFE 859 GP,3,7.43,7.2,"1,783,674,180","1,783,676,700","1,783,674,166","1,783,676,299",NODELAY,0,AUTO,Electric,false,false,HOME,2,2,0
orbit-Slc,Cedar Ridge Office,BUS,"July 15, 2026",13:00,"1,334,961",LOGIN,false,Anjali Mikhailov Travel,OIJ 482 GP,OIJ 482 GP,3,15.42,16.28,"1,784,114,100","1,784,119,500","1,784,117,601","1,784,121,461",DRIVER,17,MANUAL,Diesel,false,false,HOME,2,2,0
vanta-Sea,Denver Office,CAB,"June 17, 2026",21:16,"4,957,176",LOGOUT,true,Sanjay Mikhailov Travel,ATP 413 GP,ATP 413 GP,3,15.55,12.4,"1,781,731,860","1,781,733,540","1,781,731,016","1,781,735,140",NODELAY,0,AUTO,Petrol,false,false,NA,2,2,1
vanta-Sea,Denver Office,BUS,"June 11, 2026",09:00,"4,934,531",LOGIN,false,Priya Mikhailov Travel,IDL 155 GP,IDL 155 GP,5,19.01,17.4,"1,781,164,020","1,781,167,500","1,781,164,114","1,781,168,603",TRAFFIC,3,MANUAL,Petrol,false,false,HOME,3,2,1
vanta-Sea,Denver Office,CAB,"June 5, 2026",20:16,"4,919,577",LOGOUT,false,Rohan Mikhailov Travel,OXH 473 GP,OXH 473 GP,12,10.85,9.8,"1,780,691,460","1,780,692,000","1,780,690,575","1,780,693,364",NODELAY,0,AUTO,Petrol,false,false,NA,6,5,1
vanta-Sea,Denver Office,BUS,"June 8, 2026",11:00,"4,923,061",LOGIN,false,Priya Mikhailov Travel,LVJ 138 GP,LVJ 138 GP,12,10.14,4.5,"1,780,913,700","1,780,916,100","1,780,913,788","1,780,916,240",NODELAY,0,MANUAL,Petrol,false,false,HOME,12,9,4
vanta-Sea,Denver Office,BUS,"June 11, 2026",12:00,"4,935,283",LOGIN,false,Sanjay Mikhailov Travel,FAD 917 GP,FAD 917 GP,3,35.88,32.5,"1,781,172,300","1,781,178,300","1,781,171,009","1,781,181,046",TRAFFIC,30,MANUAL,Petrol,false,false,HOME,3,3,0
vanta-Sea,Denver Office,CAB,"June 10, 2026",23:16,"4,933,980",LOGOUT,true,Aarav Mikhailov Travel,NLW 519 GP,NLW 519 GP,5,19.45,19.4,"1,781,134,260","1,781,136,060","1,781,133,334","1,781,136,667",NODELAY,0,AUTO,Petrol,false,false,NA,3,4,1
vanta-Sea,Denver Office,CAB,"June 11, 2026",Non Shift,"4,938,076",LOGOUT,true,Aarav Petrov Travel,OVZ 644 GP,OVZ 644 GP,3,30.89,30.9,"1,781,220,720","1,781,224,260","1,781,220,836","1,781,223,603",NODELAY,0,AUTO,Petrol,false,false,NA,1,2,0
pinnacle-Slc,Clearwater Campus,CAB,"June 1, 2026",09:30,"3,176,104",LOGIN,false,Rohan Mikhailov Travel,USE 013 GP,USE 013 GP,3,8.58,8.42,"1,780,303,380","1,780,305,900","1,780,303,772","1,780,306,466",NODELAY,0,AUTO,Diesel,false,false,NA,3,3,0
pinnacle-Slc,Willow Bend Campus,CAB,"June 2, 2026",09:30,"3,179,533",LOGIN,false,Rahul Orlov Travel,DUX 495 GP,DUX 495 GP,3,16.92,16.6,"1,780,387,560","1,780,392,300","1,780,388,440","1,780,394,543",DRIVER,17,AUTO,Diesel,false,false,NA,2,2,0
pinnacle-Slc,Willow Bend Campus,CAB,"June 3, 2026",20:00,"3,190,013",LOGOUT,true,Karan Mikhailov Travel,GJK 064 GP,GJK 064 GP,3,11.91,11.9,"1,780,516,800","1,780,519,260","1,780,517,514","1,780,522,505",NODELAY,0,AUTO,Diesel,false,false,HOME,2,2,0
vanta-Sea,Denver Office,BUS,"June 15, 2026",10:00,"4,945,094",LOGIN,false,Priya Mikhailov Travel,LAC 166 GP,LAC 166 GP,12,3.45,3.5,"1,781,516,520","1,781,517,300","1,781,515,341","1,781,517,486",NODELAY,0,MANUAL,Petrol,false,false,HOME,12,12,0
vanta-Sea,Denver Office,CAB,"June 16, 2026",19:16,"4,952,620",LOGOUT,false,Sanjay Mikhailov Travel,GCZ 582 GP,GCZ 582 GP,3,22.45,20.4,"1,781,638,260","1,781,641,860","1,781,637,097","1,781,643,209",NODELAY,0,AUTO,Petrol,false,false,NA,2,2,0
vanta-Sea,Denver Office,CAB,"June 15, 2026",22:16,"4,948,709",LOGOUT,false,Priya Mikhailov Travel,WCB 219 GP,WCB 219 GP,3,19.97,19.9,"1,781,562,660","1,781,564,280","1,781,561,890","1,781,565,091",NODELAY,0,AUTO,Petrol,false,false,NA,2,2,0
pinnacle-Slc,Clearwater Campus,CAB,"May 8, 2026",07:30,"3,080,804",LOGIN,false,Rahul Morozov Travel,OAH 464 GP,OAH 464 GP,3,31.04,30.9,"1,778,221,440","1,778,225,100","1,778,222,048","1,778,225,105",NODELAY,0,AUTO,Diesel,false,false,NA,1,1,0
pinnacle-Slc,Clearwater Campus,CAB,"May 8, 2026",10:30,"3,081,704",LOGIN,false,Rohan Mikhailov Travel,UVZ 431 GP,UVZ 431 GP,3,9.05,8.6,"1,778,233,740","1,778,235,900","1,778,233,196","1,778,235,082",NODELAY,0,AUTO,Diesel,false,false,NA,1,1,0
pinnacle-Slc,Oakmont Office,CAB,"May 13, 2026",15:30,"3,099,183",LOGOUT,false,Amit Mikhailov Travel,PVU 763 GP,PVU 763 GP,3,15.98,17.8,"1,778,686,200","1,778,688,420","1,778,686,331","1,778,690,376",NODELAY,0,AUTO,Diesel,false,false,HOME,2,2,0
pinnacle-Slc,Oakmont Office,CAB,"May 19, 2026",08:30,"3,121,373",LOGIN,false,Rahul Morozov Travel,DEV 808 GP,DEV 808 GP,3,6.34,5.6,"1,779,177,240","1,779,179,100","1,779,177,060","1,779,178,777",NODELAY,0,AUTO,Diesel,false,false,HOME,2,2,0
pinnacle-Slc,Clearwater Campus,CAB,"May 12, 2026",16:30,"3,094,765",LOGOUT,false,Divya Sokolov Travel,SFY 268 GP,SFY 268 GP,3,8.53,8.87,"1,778,603,400","1,778,605,140","1,778,604,730","1,778,606,636",DRIVER,8,AUTO,Diesel,false,false,NA,1,1,0
pinnacle-Slc,Oakmont Office,CAB,"May 14, 2026",16:30,"3,105,622",LOGOUT,false,Rohan Mikhailov Travel,FKJ 143 GP,FKJ 143 GP,3,9.34,10.91,"1,778,776,200","1,778,777,880","1,778,775,393","1,778,778,746",NODELAY,0,AUTO,Diesel,false,false,HOME,2,2,0
pinnacle-Slc,Clearwater Campus,CAB,"May 20, 2026",14:30,"3,133,480",LOGOUT,false,Karan Mikhailov Travel,TJZ 991 GP,TJZ 991 GP,3,16.75,16.46,"1,779,287,400","1,779,289,920","1,779,288,111","1,779,291,166",NODELAY,0,AUTO,Diesel,false,false,NA,3,2,0
pinnacle-Slc,Clearwater Campus,CAB,"May 21, 2026",16:30,"3,139,554",LOGOUT,false,Divya Mikhailov Travel,PHW 454 GP,PHW 454 GP,3,7.96,8.26,"1,779,381,000","1,779,382,680","1,779,382,139","1,779,385,072",EMPLOYEE,5,AUTO,Diesel,false,false,NA,3,3,0
pinnacle-Slc,Willow Bend Campus,CAB,"May 19, 2026",17:30,"3,124,281",LOGOUT,false,Sanjay Mikhailov Travel,OAT 577 GP,OAT 577 GP,3,14.92,14.4,"1,779,211,800","1,779,214,680","1,779,212,470","1,779,215,873",NODELAY,0,AUTO,Diesel,false,false,NA,1,1,0
pinnacle-Slc,San Jose Commons,SPOT_2.0,"May 17, 2026",Non Shift,"3,115,197",LOGIN,false,Pooja Mikhailov Travel,MEV 056 GP,FEE 081 GP,3,0,50.56,"1,779,036,300","1,779,040,492","1,779,034,137","1,779,042,410",TRAFFIC,11,RENTLZ,Diesel,false,false,NA,0,2,0
vanta-Aus,Cedar Ridge Office,CAB,"July 1, 2026",09:00,"1,204,027",LOGIN,false,Meera Pavlov Travel,ZWQ 408 GP,ZWQ 408 GP,5,28.33,26.2,"1,782,890,880","1,782,895,500","1,782,890,786","1,782,894,861",NODELAY,0,AUTO,Diesel,false,false,NODAL,3,3,0
catalyst-Sac,Crestwood Campus,CAB,"July 1, 2026",22:30,"1,517,912",LOGIN,false,Vikram Mikhailov Travel,NKP 066 GP,NKP 066 GP,4,33.37,31.73,"1,782,937,800","1,782,943,200","1,782,936,007","1,782,942,679",NODELAY,0,AUTO,Petrol,false,false,NA,1,1,0
orbit-Slc,Cedar Ridge Office,CAB,"July 7, 2026",06:30,"1,319,445",LOGIN,true,Rahul Mikhailov Travel,IWF 731 GP,IWF 731 GP,3,25.02,41.13,"1,783,401,300","1,783,404,900","1,783,398,862","1,783,405,062",NODELAY,0,AUTO,Diesel,false,false,HOME,2,3,0
orbit-Slc,Lakeside Commons,BUS,"July 7, 2026",11:00,"1,319,920",LOGIN,false,Rahul Mikhailov Travel,SRW 184 GP,SRW 184 GP,3,37.62,39.1,"1,783,413,600","1,783,421,100","1,783,413,553","1,783,421,293",NODELAY,0,MANUAL,Electric,false,false,HOME,2,1,1
catalyst-Sac,Santa Clara Office,CAB,"July 1, 2026",04:00,"1,517,548",LOGOUT,false,Rohan Mikhailov Travel,JXU 601 GP,JXU 601 GP,6,14.57,15.23,"1,782,879,300","1,782,879,660","1,782,879,427","1,782,882,097",NODELAY,0,AUTO,Petrol,false,false,NA,5,5,0
catalyst-Sac,Santa Clara Office,CAB,"July 8, 2026",07:00,"1,526,461",LOGIN,true,Vikram Mikhailov Travel,FMR 149 GP,FMR 149 GP,4,15.22,15.7,"1,783,490,280","1,783,492,200","1,783,489,846","1,783,492,250",NODELAY,0,AUTO,Petrol,false,false,HOME,2,3,0
vanta-Aus,Cedar Ridge Office,CAB,"July 6, 2026",22:15,"1,214,165",LOGOUT,false,Meera Pavlov Travel,QBN 938 GP,QBN 938 GP,6,5.92,7.8,"1,783,377,000","1,783,377,240","1,783,375,862","1,783,377,710",NODELAY,0,AUTO,Diesel,false,false,NA,5,4,1
vanta-Sea,Denver Office,CAB,"July 1, 2026",21:16,"5,005,370",LOGOUT,false,Aarav Petrov Travel,KFI 535 GP,KFI 535 GP,3,9.01,8.4,"1,782,941,460","1,782,942,600","1,782,940,641","1,782,943,210",NODELAY,0,AUTO,Petrol,false,false,HOME,2,2,0
vanta-Aus,Cedar Ridge Office,CAB,"July 12, 2026",16:15,"1,224,792",LOGOUT,false,Anjali Mikhailov Travel,DAY 082 GP,DAY 082 GP,6,14.05,13.6,"1,783,873,800","1,783,876,740","1,783,872,413","1,783,875,223",NODELAY,0,AUTO,Diesel,false,false,NA,3,3,0
catalyst-Sac,Santa Clara Office,CAB,"July 13, 2026",21:30,"1,533,870",LOGOUT,true,Vikram Mikhailov Travel,FSU 389 GP,FSU 389 GP,4,16.15,17.01,"1,783,979,100","1,783,979,700","1,783,979,165","1,783,983,276",NODELAY,0,AUTO,Petrol,false,false,NA,3,4,0
catalyst-Sac,Santa Clara Office,CAB,"July 20, 2026",12:30,"1,541,892",LOGIN,false,Divya Mikhailov Travel,GWL 440 GP,GWL 440 GP,4,23.39,23.1,"1,784,544,300","1,784,548,800","1,784,544,328","1,784,547,847",NODELAY,0,AUTO,Petrol,false,false,NA,1,1,0
vanta-Sea,Denver Office,CAB,"June 18, 2026",22:16,"4,962,916",LOGOUT,false,Anjali Mikhailov Travel,OKN 927 GP,OKN 927 GP,3,11.93,13.1,"1,781,821,860","1,781,823,600","1,781,820,873","1,781,823,869",NODELAY,0,AUTO,Petrol,false,false,NA,3,3,0
vanta-Sea,Denver Office,CAB,"June 16, 2026",08:00,"4,949,351",LOGIN,false,Priya Mikhailov Travel,DOX 076 GP,DOX 076 GP,3,20.59,19.7,"1,781,593,080","1,781,595,900","1,781,592,856","1,781,595,828",NODELAY,0,AUTO,Petrol,false,false,NODAL,2,2,0
pinnacle-Slc,Willow Bend Campus,CAB,"June 3, 2026",07:30,"3,187,277",LOGIN,false,Aarav Mikhailov Travel,JLC 337 GP,JLC 337 GP,3,20.73,23.9,"1,780,468,200","1,780,471,500","1,780,469,098","1,780,471,459",NODELAY,0,AUTO,Diesel,false,false,NA,2,2,0
pinnacle-Slc,Clearwater Campus,CAB,"June 4, 2026",14:30,"3,195,539",LOGOUT,false,Karan Mikhailov Travel,ROC 470 GP,ROC 470 GP,3,8.95,8.52,"1,780,583,400","1,780,584,900","1,780,583,722","1,780,585,974",NODELAY,0,AUTO,Diesel,false,false,HOME,1,1,0
pinnacle-Slc,Oakmont Office,CAB,"June 5, 2026",04:30,"3,201,562",LOGOUT,true,Aarav Mikhailov Travel,JPV 270 GP,JPV 270 GP,3,26.4,28.45,"1,780,633,800","1,780,636,200","1,780,635,040","1,780,637,823",EMPLOYEE,6,AUTO,Diesel,false,false,HOME,2,2,0
pinnacle-Slc,Willow Bend Campus,CAB,"June 2, 2026",15:00,"3,181,165",LOGOUT,false,Sanjay Mikhailov Travel,EBZ 369 GP,EBZ 369 GP,3,13.93,16.2,"1,780,412,400","1,780,414,860","1,780,412,378","1,780,416,234",NODELAY,0,AUTO,Diesel,false,false,HOME,3,3,0
pinnacle-Slc,Clearwater Campus,CAB,"June 2, 2026",09:00,"3,178,536",LOGIN,false,Aarav Mikhailov Travel,YFQ 181 GP,YFQ 181 GP,3,6.95,6.99,"1,780,388,340","1,780,390,500","1,780,389,091","1,780,393,848",DRIVER,35,AUTO,Diesel,false,false,HOME,3,3,0
pinnacle-Slc,Clearwater Campus,CAB,"June 9, 2026",16:30,"3,215,851",LOGOUT,false,Amit Mikhailov Travel,XFO 035 GP,XFO 035 GP,3,23.81,25.99,"1,781,022,600","1,781,027,700","1,781,024,627","1,781,030,254",DRIVER,18,AUTO,Diesel,false,false,HOME,2,1,0
pinnacle-Slc,Oakmont Office,CAB,"June 9, 2026",08:30,"3,213,469",LOGIN,false,Rohan Mikhailov Travel,BCP 975 GP,BCP 975 GP,3,9.66,9.1,"1,780,990,920","1,780,993,500","1,780,991,624","1,780,995,546",DRIVER,14,AUTO,Diesel,false,false,NA,3,2,0
pinnacle-Slc,Clearwater Campus,CAB,"June 5, 2026",15:30,"3,202,330",LOGOUT,false,Sanjay Mikhailov Travel,GKX 882 GP,GKX 882 GP,3,18.26,17.16,"1,780,673,400","1,780,676,580","1,780,674,387","1,780,679,365",EMPLOYEE,9,AUTO,Diesel,false,false,NODAL,3,2,0
pinnacle-Slc,Oakmont Office,CAB,"June 10, 2026",03:00,"3,221,090",LOGOUT,true,Divya Mikhailov Travel,YGT 401 GP,YGT 401 GP,3,9.95,10.4,"1,781,060,400","1,781,061,600","1,781,061,225","1,781,062,365",NODELAY,0,AUTO,Diesel,false,false,NA,2,2,0
pinnacle-Slc,Willow Bend Campus,CAB,"June 8, 2026",07:30,"3,207,285",LOGIN,false,Karan Mikhailov Travel,JIG 110 GP,JIG 110 GP,3,18.95,18.66,"1,780,900,920","1,780,903,500","1,780,900,972","1,780,903,112",NODELAY,0,AUTO,Diesel,false,false,NA,1,1,0
pinnacle-Slc,Clearwater Campus,CAB,"June 9, 2026",08:30,"3,211,643",LOGIN,false,Rahul Mikhailov Travel,ELX 258 GP,ELX 258 GP,3,16.67,17.45,"1,780,989,000","1,780,993,500","1,780,989,685","1,780,993,668",NODELAY,0,AUTO,Diesel,false,false,NA,3,2,0
pinnacle-Slc,Clearwater Campus,CAB,"July 17, 2026",08:30,"3,409,488",LOGIN,false,Divya Sokolov Travel,OPE 076 GP,OPE 076 GP,3,5.15,4.5,"1,784,274,480","1,784,276,700","1,784,275,577","1,784,277,126",NODELAY,0,AUTO,Diesel,false,false,HOME,3,1,0
pinnacle-Slc,Clearwater Campus,CAB,"July 21, 2026",13:30,"3,426,369",LOGOUT,false,Karan Mikhailov Travel,XEI 365 GP,XEI 365 GP,3,31.48,31.8,"1,784,640,600","1,784,645,520","1,784,640,776","1,784,645,930",NODELAY,0,AUTO,Diesel,false,false,NA,3,3,0
pinnacle-Slc,Oakmont Office,CAB,"July 23, 2026",17:30,"3,436,846",LOGIN,false,Karan Mikhailov Travel,GGL 140 GP,GGL 140 GP,3,17.6,15.83,"1,784,822,640","1,784,827,500","1,784,822,954","1,784,826,077",NODELAY,0,AUTO,Diesel,false,false,NA,1,1,0
pinnacle-Slc,Clearwater Campus,CAB,"July 22, 2026",07:30,"3,429,393",LOGIN,false,Rohan Mikhailov Travel,PCO 174 GP,PCO 174 GP,3,8.21,9,"1,784,703,120","1,784,705,100","1,784,703,447","1,784,704,813",NODELAY,0,AUTO,Diesel,false,false,HOME,3,2,0
pinnacle-Slc,Clearwater Campus,SPOT_2.0,"July 23, 2026",Non Shift,"3,434,853",LOGIN,false,Pooja Mikhailov Travel,UHJ 433 GP,FEE 081 GP,3,0,67.07,"1,784,797,200","1,784,802,904","1,784,797,823","1,784,804,664",DRIVER,9,RENTLZ,Diesel,false,false,NA,1,1,0
vanta-Aus,Cedar Ridge Office,CAB,"May 20, 2026",20:15,"1,130,868",LOGOUT,true,Priya Mikhailov Travel,RUG 033 GP,RUG 033 GP,5,10.14,11.3,"1,779,309,000","1,779,309,420","1,779,307,648","1,779,311,984",NODELAY,0,AUTO,Diesel,false,false,NA,4,5,0
catalyst-Sac,Fairview Commons,CAB,"May 25, 2026",20:00,"1,468,599",LOGOUT,true,Vikram Mikhailov Travel,YEG 199 GP,YEG 199 GP,4,26.72,28.03,"1,779,740,100","1,779,745,200","1,779,739,900","1,779,748,127",NODELAY,0,AUTO,Petrol,false,false,NA,3,4,0
vanta-Sea,Denver Office,BUS,"May 4, 2026",18:30,"4,819,022",LOGOUT,false,Priya Mikhailov Travel,RBL 446 GP,RBL 446 GP,12,8.19,8.6,"1,777,919,400","1,777,921,320","1,777,919,090","1,777,922,998",NODELAY,0,MANUAL,Petrol,false,false,NA,10,8,2
catalyst-Sac,Santa Clara Office,CAB,"May 29, 2026",01:00,"1,474,245",LOGOUT,true,Divya Mikhailov Travel,QSJ 440 GP,QSJ 440 GP,4,10.91,11.55,"1,780,017,300","1,780,018,380","1,780,017,318","1,780,020,403",NODELAY,0,AUTO,Petrol,false,false,NA,3,4,0
orbit-Slc,Eastgate Office,BUS,"May 12, 2026",11:00,"1,224,792",LOGIN,false,Rohan Mikhailov Travel,NOF 824 GP,NOF 824 GP,3,23,23.61,"1,778,577,600","1,778,582,700","1,778,577,447","1,778,581,488",NODELAY,0,MANUAL,Diesel,false,false,NODAL,3,2,1
vanta-Sea,Denver Office,CAB,"May 1, 2026",00:16,"4,813,120",LOGOUT,false,Anjali Mikhailov Travel,NMU 005 GP,NMU 005 GP,5,18.42,21.5,"1,777,595,460","1,777,596,600","1,777,594,322","1,777,598,039",NODELAY,0,AUTO,Petrol,false,false,NA,2,2,0
vanta-Sea,Denver Office,BUS,"May 6, 2026",11:00,"4,824,567",LOGIN,false,Anjali Mikhailov Travel,OOW 735 GP,OOW 735 GP,12,7.28,9,"1,778,062,560","1,778,064,300","1,778,062,116","1,778,064,832",NODELAY,0,MANUAL,Petrol,false,false,NA,12,7,4
vanta-Sea,Denver Office,CAB,"May 6, 2026",19:16,"4,826,574",LOGOUT,true,Anjali Mikhailov Travel,AUQ 099 GP,AUQ 099 GP,5,14.07,14.7,"1,778,095,860","1,778,097,180","1,778,094,667","1,778,098,861",NODELAY,0,AUTO,Petrol,false,false,NA,4,4,1
orbit-Slc,Cedar Ridge Office,BUS,"May 21, 2026",11:00,"1,240,248",LOGIN,false,Anjali Mikhailov Travel,XRL 216 GP,XRL 216 GP,6,19.37,17.7,"1,779,354,300","1,779,360,300","1,779,354,603","1,779,360,688",NODELAY,0,MANUAL,Diesel,false,false,HOME,5,3,2
orbit-Slc,Cedar Ridge Office,CAB,"May 26, 2026",22:00,"1,248,486",LOGOUT,true,Rahul Mikhailov Travel,VAU 502 GP,VAU 502 GP,3,12.48,15.63,"1,779,833,700","1,779,835,200","1,779,834,116","1,779,836,895",NODELAY,0,AUTO,Electric,false,false,HOME,2,3,0
vanta-Aus,Cedar Ridge Office,CAB,"May 28, 2026",22:15,"1,145,563",LOGOUT,true,Sanjay Mikhailov Travel,JFT 538 GP,JFT 538 GP,3,12.82,12.9,"1,780,007,400","1,780,009,980","1,780,006,476","1,780,009,268",NODELAY,0,AUTO,Diesel,false,false,NA,1,2,0
catalyst-Sac,Santa Clara Office,CAB,"June 4, 2026",04:00,"1,481,415",LOGOUT,true,Vikram Mikhailov Travel,TYG 678 GP,TYG 678 GP,4,23.96,26.89,"1,780,546,500","1,780,547,040","1,780,546,543","1,780,549,786",NODELAY,0,AUTO,Petrol,false,false,NA,3,4,0
vanta-Aus,Cedar Ridge Office,CAB,"June 19, 2026",22:15,"1,184,269",LOGOUT,false,Sneha Mikhailov Travel,HIF 913 GP,HIF 913 GP,5,19.64,8.7,"1,781,908,200","1,781,911,560","1,781,907,668","1,781,909,480",NODELAY,0,AUTO,Diesel,false,false,NA,2,1,2
vanta-Aus,Cedar Ridge Office,CAB,"June 4, 2026",10:00,"1,154,979",LOGIN,false,Priya Mikhailov Travel,NKI 409 GP,NKI 409 GP,3,11.35,17.6,"1,780,562,820","1,780,566,300","1,780,562,995","1,780,567,288",TRAFFIC,1,AUTO,Electric,false,false,NA,3,3,0
vanta-Aus,Cedar Ridge Office,CAB,"June 4, 2026",19:15,"1,156,395",LOGOUT,false,Meera Pavlov Travel,JWL 180 GP,JWL 180 GP,3,35.78,39.8,"1,780,601,400","1,780,606,800","1,780,600,414","1,780,608,197",NODELAY,0,AUTO,Diesel,false,false,NA,3,3,0
catalyst-Sac,Santa Clara Office,CAB,"June 4, 2026",21:30,"1,481,716",LOGIN,true,Rohan Mikhailov Travel,FQS 683 GP,FQS 683 GP,4,8.51,8.07,"1,780,604,700","1,780,606,800","1,780,603,786","1,780,606,482",NODELAY,0,AUTO,Petrol,false,false,NA,1,2,0
orbit-Slc,Lakeside Commons,CAB,"June 4, 2026",22:00,"1,262,397",LOGOUT,true,Rahul Mikhailov Travel,QHQ 753 GP,QHQ 753 GP,6,41.31,39.85,"1,780,611,300","1,780,617,900","1,780,611,502","1,780,616,930",NODELAY,0,AUTO,Diesel,false,false,HOME,4,4,1
catalyst-Sac,Santa Clara Office,CAB,"June 5, 2026",03:00,"1,483,029",LOGOUT,false,Rohan Mikhailov Travel,KSE 489 GP,KSE 489 GP,4,15.51,15.9,"1,780,629,300","1,780,630,620","1,780,629,140","1,780,630,770",NODELAY,0,AUTO,Petrol,false,false,HOME,1,1,0
orbit-Slc,Lakeside Commons,BUS,"June 5, 2026",15:30,"1,264,052",LOGOUT,false,Anjali Mikhailov Travel,TIT 925 GP,TIT 925 GP,3,8.71,13.7,"1,780,674,300","1,780,674,900","1,780,674,061","1,780,678,284",NODELAY,0,MANUAL,Electric,false,false,NA,2,2,0
vanta-Aus,Cedar Ridge Office,CAB,"June 24, 2026",10:00,"1,190,902",LOGIN,false,Priya Mikhailov Travel,IKR 144 GP,IKR 144 GP,3,13.76,21.2,"1,782,291,240","1,782,294,300","1,782,291,324","1,782,294,822",NODELAY,0,AUTO,Electric,false,false,HOME,3,3,0
catalyst-Sac,Santa Clara Office,CAB,"June 9, 2026",20:30,"1,487,233",LOGOUT,true,Rohan Mikhailov Travel,MYT 885 GP,MYT 885 GP,6,26.83,25.2,"1,781,037,900","1,781,041,620","1,781,037,745","1,781,044,968",NODELAY,0,AUTO,Petrol,false,false,HOME,3,4,0
vanta-Aus,Cedar Ridge Office,CAB,"June 24, 2026",12:00,"1,191,204",LOGIN,false,Anjali Mikhailov Travel,NDU 454 GP,NDU 454 GP,5,7.21,6.4,"1,782,299,100","1,782,301,500","1,782,299,220","1,782,302,325",NODELAY,0,AUTO,Diesel,false,false,NODAL,5,5,0
vanta-Aus,Cedar Ridge Office,CAB,"June 24, 2026",22:00,"1,191,418",LOGIN,true,Sanjay Mikhailov Travel,PNX 523 GP,PNX 523 GP,3,15.54,13,"1,782,333,420","1,782,337,500","1,782,331,851","1,782,335,548",NODELAY,0,AUTO,Diesel,false,false,HOME,2,3,0
vanta-Aus,Cedar Ridge Office,CAB,"June 8, 2026",10:00,"1,160,978",LOGIN,false,Sneha Mikhailov Travel,QWL 361 GP,QWL 361 GP,5,30.22,30.4,"1,780,906,500","1,780,911,900","1,780,906,676","1,780,912,133",NODELAY,0,AUTO,Diesel,false,false,HOME,3,3,0
vanta-Sea,Denver Office,CAB,"June 2, 2026",Adhoc,"4,907,050",LOGOUT,true,Sanjay Mikhailov Travel,CLN 266 GP,CLN 266 GP,3,23.84,8.4,"1,780,432,559","1,780,435,177","1,780,432,559","1,780,435,177",NODELAY,0,AUTO,Petrol,false,false,NA,3,3,0
catalyst-Sac,Redwood City Center,CAB,"May 6, 2026",22:30,"1,446,846",LOGOUT,true,Aarav Mikhailov Travel,SYH 783 GP,SYH 783 GP,4,12.66,13.23,"1,778,107,500","1,778,108,160","1,778,107,478","1,778,111,447",NODELAY,0,AUTO,Petrol,false,false,NA,2,3,0
orbit-Slc,Eastgate Office,CAB,"May 19, 2026",06:30,"1,234,913",LOGIN,true,Rohan Mikhailov Travel,APE 976 GP,APE 976 GP,3,20.11,23.56,"1,779,168,000","1,779,171,300","1,779,164,699","1,779,171,282",NODELAY,0,AUTO,Diesel,false,false,NA,2,3,0
vanta-Aus,Cedar Ridge Office,CAB,"May 12, 2026",19:15,"1,116,059",LOGOUT,true,Meera Pavlov Travel,CVH 177 GP,CVH 177 GP,3,10.43,30.1,"1,778,614,200","1,778,615,460","1,778,613,269","1,778,619,891",NODELAY,0,AUTO,Diesel,false,false,NA,2,3,1
catalyst-Sac,Fairview Commons,CAB,"May 14, 2026",21:30,"1,457,118",LOGOUT,true,Priya Mikhailov Travel,YAS 846 GP,YAS 846 GP,4,21.26,22.16,"1,778,795,100","1,778,798,100","1,778,794,750","1,778,799,546",NODELAY,0,AUTO,Petrol,false,false,NA,2,3,0
vanta-Aus,Cedar Ridge Office,CAB,"May 19, 2026",19:15,"1,128,438",LOGOUT,true,Priya Mikhailov Travel,XZM 938 GP,XZM 938 GP,3,7.24,7.4,"1,779,219,000","1,779,220,440","1,779,217,991","1,779,220,899",NODELAY,0,AUTO,Electric,false,false,NA,2,2,1
vanta-Aus,Cedar Ridge Office,CAB,"May 18, 2026",17:15,"1,125,937",LOGOUT,false,Priya Mikhailov Travel,DIR 234 GP,DIR 234 GP,3,11.18,11.2,"1,779,125,400","1,779,126,720","1,779,124,340","1,779,126,712",NODELAY,0,AUTO,Electric,false,false,HOME,3,2,1
catalyst-Sac,Santa Clara Office,CAB,"May 20, 2026",02:30,"1,462,937",LOGOUT,false,Vikram Mikhailov Travel,PHF 214 GP,PHF 214 GP,4,20.17,20.3,"1,779,245,100","1,779,247,320","1,779,245,062","1,779,248,108",NODELAY,0,AUTO,Petrol,false,false,NA,4,4,0
vanta-Aus,Cedar Ridge Office,CAB,"July 16, 2026",10:00,"1,231,485",LOGIN,false,Sneha Mikhailov Travel,WOS 645 GP,WOS 645 GP,4,12.58,16.5,"1,784,191,320","1,784,195,100","1,784,191,312","1,784,195,459",NODELAY,0,AUTO,Electric,false,false,HOME,2,2,0
orbit-Slc,Eastgate Office,CAB,"July 17, 2026",22:00,"1,340,704",LOGOUT,false,Rohan Mikhailov Travel,RXN 836 GP,RXN 836 GP,3,17.85,19.5,"1,784,326,500","1,784,327,100","1,784,326,606","1,784,329,421",NODELAY,0,AUTO,Electric,false,false,HOME,3,3,0
catalyst-Sac,Santa Clara Office,CAB,"July 16, 2026",07:00,"1,538,941",LOGIN,true,Rohan Mikhailov Travel,KSE 489 GP,KSE 489 GP,4,8.24,8.5,"1,784,181,300","1,784,183,400","1,784,180,241","1,784,182,996",NODELAY,0,AUTO,Petrol,false,false,HOME,3,4,0
vanta-Aus,Cedar Ridge Office,CAB,"July 21, 2026",22:00,"1,239,959",LOGIN,false,Sneha Mikhailov Travel,BGM 899 GP,BGM 899 GP,3,12.82,11.8,"1,784,667,600","1,784,670,300","1,784,667,449","1,784,669,562",NODELAY,0,AUTO,Diesel,false,false,HOME,1,1,0
vanta-Sea,Denver Office,CAB,"July 6, 2026",17:16,"5,018,749",LOGOUT,false,Anjali Mikhailov Travel,MSL 758 GP,MSL 758 GP,12,8.96,9.5,"1,783,359,060","1,783,360,140","1,783,357,983","1,783,360,995",NODELAY,0,AUTO,Petrol,false,false,HOME,3,3,0
vanta-Sea,Denver Office,BUS,"July 2, 2026",14:00,"5,007,660",LOGIN,false,Sanjay Mikhailov Travel,FKL 217 GP,FKL 217 GP,12,7.09,8.3,"1,782,998,580","1,782,999,900","1,782,997,123","1,783,000,143",NODELAY,0,MANUAL,Petrol,false,false,HOME,2,2,0
vanta-Sea,Denver Office,CAB,"July 3, 2026",21:16,"5,013,651",LOGOUT,false,Sanjay Mikhailov Travel,RVB 605 GP,RVB 605 GP,3,17.19,17.5,"1,783,114,260","1,783,116,120","1,783,113,360","1,783,116,934",NODELAY,0,AUTO,Petrol,false,false,HOME,2,2,0
vanta-Sea,Denver Office,CAB,"July 3, 2026",08:00,"5,010,607",LOGIN,false,Karan Mikhailov Travel,POW 154 GP,POW 154 GP,3,17.17,16.2,"1,783,063,020","1,783,064,700","1,783,062,962","1,783,065,534",NODELAY,0,AUTO,Petrol,false,false,HOME,2,2,0
catalyst-Sac,Santa Clara Office,CAB,"July 22, 2026",20:30,"1,546,907",LOGOUT,true,Rohan Mikhailov Travel,ABZ 986 GP,ABZ 986 GP,4,16.1,16.1,"1,784,753,100","1,784,756,760","1,784,753,639","1,784,759,560",NODELAY,0,AUTO,Petrol,false,false,HOME,3,3,1
catalyst-Sac,Santa Clara Office,CAB,"July 27, 2026",20:30,"1,552,324",LOGOUT,true,Vikram Mikhailov Travel,HEW 301 GP,HEW 301 GP,4,28.69,30.24,"1,785,185,100","1,785,190,080","1,785,185,253","1,785,194,763",NODELAY,0,AUTO,Petrol,false,false,NA,3,4,0
orbit-Slc,Eastgate Office,BUS,"July 30, 2026",18:30,"1,364,131",LOGIN,false,Rohan Mikhailov Travel,KCE 462 GP,KCE 462 GP,3,24.11,28.04,"1,785,430,200","1,785,435,300","1,785,430,979","1,785,435,675",NODELAY,0,MANUAL,Diesel,false,false,NA,1,1,0
catalyst-Sac,Santa Clara Office,CAB,"July 23, 2026",19:30,"1,548,401",LOGIN,false,Vikram Mikhailov Travel,TVN 911 GP,TVN 911 GP,4,13.48,12.8,"1,784,829,780","1,784,833,200","1,784,830,065","1,784,832,437",NODELAY,0,AUTO,Petrol,false,false,NA,1,1,0
catalyst-Sac,Santa Clara Office,CAB,"July 21, 2026",19:00,"1,544,737",LOGOUT,true,Divya Mikhailov Travel,KMB 432 GP,KMB 432 GP,6,16.75,16.75,"1,784,661,300","1,784,664,180","1,784,661,730","1,784,666,721",NODELAY,0,AUTO,Petrol,false,false,NA,5,6,0
pinnacle-Slc,Clearwater Campus,CAB,"June 5, 2026",14:30,"3,201,800",LOGOUT,false,Amit Volkov Travel,AMJ 183 GP,AMJ 183 GP,3,16.88,21.1,"1,780,669,800","1,780,672,740","1,780,668,678","1,780,671,082",NODELAY,0,AUTO,Diesel,false,false,NODAL,3,2,0
pinnacle-Slc,Clearwater Campus,CAB,"June 15, 2026",15:00,"3,246,293",LOGOUT,false,Divya Sokolov Travel,LDN 901 GP,LDN 901 GP,3,7.92,7.7,"1,781,535,600","1,781,536,080","1,781,535,891","1,781,537,907",NODELAY,0,AUTO,Diesel,false,false,HOME,3,2,0
pinnacle-Slc,Clearwater Campus,CAB,"June 12, 2026",Non Shift,"3,240,446",LOGOUT,false,Rahul Orlov Travel,BLF 300 GP,BLF 300 GP,3,25.27,29.02,"1,781,280,000","1,781,287,200","1,781,281,002","1,781,287,186",DRIVER,3,AUTO,Diesel,false,false,NA,1,1,0
vanta-Sea,Denver Office,BUS,"June 23, 2026",11:00,"4,974,773",LOGIN,false,Priya Mikhailov Travel,OZI 345 GP,OZI 345 GP,12,30.72,28,"1,782,205,200","1,782,211,500","1,782,205,142","1,782,212,972",TRAFFIC,9,MANUAL,Petrol,false,false,SHUTTLE,5,5,0
pinnacle-Slc,Clearwater Campus,CAB,"June 16, 2026",15:00,"3,252,970",LOGOUT,false,Rohan Mikhailov Travel,MMG 909 GP,MMG 909 GP,3,20.24,19.37,"1,781,622,000","1,781,626,140","1,781,622,733","1,781,628,256",EMPLOYEE,3,AUTO,Diesel,false,false,HOME,1,1,0
vanta-Sea,Denver Office,BUS,"June 22, 2026",13:00,"4,970,930",LOGIN,false,Priya Mikhailov Travel,CGS 328 GP,CGS 328 GP,3,21.69,20.6,"1,782,128,160","1,782,132,300","1,782,128,017","1,782,132,239",NODELAY,0,MANUAL,Petrol,false,false,NODAL,2,2,0
pinnacle-Slc,Clearwater Campus,CAB,"June 2, 2026",15:30,"3,183,043",LOGOUT,false,Amit Mikhailov Travel,LHX 288 GP,LHX 288 GP,3,11.17,10.9,"1,780,414,200","1,780,417,980","1,780,414,620","1,780,417,980",EMPLOYEE,3,AUTO,Diesel,false,false,NA,3,2,0
pinnacle-Slc,Clearwater Campus,CAB,"June 19, 2026",15:30,"3,276,670",LOGOUT,false,Aarav Mikhailov Travel,KZY 649 GP,KZY 649 GP,3,19.65,19.7,"1,781,883,000","1,781,886,000","1,781,884,094","1,781,888,980",EMPLOYEE,5,AUTO,Diesel,false,false,HOME,1,1,0
pinnacle-Slc,Oakmont Office,CAB,"June 22, 2026",14:30,"3,282,487",LOGOUT,false,Rahul Morozov Travel,NWM 838 GP,NWM 838 GP,3,14.39,15.3,"1,782,138,600","1,782,141,180","1,782,138,780","1,782,142,980",NODELAY,0,AUTO,Diesel,false,false,NA,3,3,0
vanta-Sea,Denver Office,BUS,"June 30, 2026",11:00,"4,998,003",LOGIN,false,Isha Mikhailov Travel,VKR 437 GP,VKR 437 GP,12,4.47,3.8,"1,782,815,520","1,782,816,900","1,782,815,689","1,782,817,153",NODELAY,0,MANUAL,Petrol,false,false,HOME,12,7,5
vanta-Sea,Denver Office,CAB,"June 30, 2026",19:16,"5,000,154",LOGOUT,true,Isha Mikhailov Travel,PVB 498 GP,PVB 498 GP,3,16.47,17.9,"1,782,847,860","1,782,850,800","1,782,846,818","1,782,850,928",NODELAY,0,AUTO,Electric,false,false,HOME,2,3,0
vanta-Sea,Denver Office,BUS,"June 24, 2026",11:00,"4,979,307",LOGIN,false,Aarav Mikhailov Travel,RYG 438 GP,RYG 438 GP,12,27.27,24.4,"1,782,293,280","1,782,297,900","1,782,291,807","1,782,299,043",TRAFFIC,4,MANUAL,Petrol,false,false,HOME,12,11,1
vanta-Sea,Denver Office,CAB,"July 18, 2026",17:16,"5,059,673",LOGOUT,false,Isha Mikhailov Travel,QKJ 546 GP,QKJ 546 GP,3,12.27,12.9,"1,784,395,860","1,784,398,740","1,784,394,710","1,784,397,119",NODELAY,0,AUTO,Petrol,false,false,HOME,1,1,0
vanta-Sea,Denver Office,CAB,"July 19, 2026",14:16,"5,060,338",LOGOUT,false,Aarav Petrov Travel,HSN 939 GP,HSN 939 GP,3,13.58,13.5,"1,784,471,460","1,784,474,340","1,784,470,660","1,784,472,406",NODELAY,0,AUTO,Petrol,false,false,HOME,1,1,0
vanta-Sea,Denver Office,BUS,"July 22, 2026",16:30,"5,071,030",LOGOUT,false,Aarav Petrov Travel,HVA 937 GP,HVA 937 GP,12,4.37,4.1,"1,784,737,800","1,784,739,420","1,784,737,602","1,784,739,112",NODELAY,0,MANUAL,Petrol,false,false,NODAL,2,2,0
vanta-Sea,Denver Office,BUS,"July 22, 2026",12:00,"5,069,682",LOGIN,false,Isha Mikhailov Travel,AYI 832 GP,AYI 832 GP,3,13.81,11.9,"1,784,718,540","1,784,720,700","1,784,717,581","1,784,721,995",TRAFFIC,6,MANUAL,Electric,false,false,HOME,2,2,0
vanta-Sea,Denver Office,BUS,"July 24, 2026",11:00,"5,078,366",LOGIN,false,Aarav Petrov Travel,UFT 013 GP,UFT 013 GP,5,21.24,29,"1,784,885,460","1,784,889,900","1,784,883,782","1,784,890,034",NODELAY,0,MANUAL,Petrol,false,false,HOME,5,5,0
vanta-Sea,Denver Office,CAB,"July 24, 2026",23:16,"5,081,491",LOGOUT,false,Aarav Mikhailov Travel,RNH 185 GP,RNH 185 GP,3,27.3,26.4,"1,784,935,860","1,784,939,640","1,784,934,988","1,784,939,156",NODELAY,0,AUTO,Petrol,false,false,HOME,3,3,0
vanta-Sea,Denver Office,BUS,"July 31, 2026",14:00,"5,103,620",LOGIN,false,Aarav Mikhailov Travel,DJD 537 GP,DJD 537 GP,12,11.74,12.8,"1,785,503,520","1,785,505,500","1,785,501,762","1,785,505,629",NODELAY,0,MANUAL,Petrol,false,false,HOME,2,2,0
vanta-Sea,Denver Office,BUS,"July 27, 2026",09:00,"5,084,873",LOGIN,false,Sanjay Mikhailov Travel,QOE 418 GP,QOE 418 GP,12,4.49,4.3,"1,785,141,660","1,785,142,500","1,785,140,688","1,785,142,781",NODELAY,0,MANUAL,Petrol,false,false,HOME,1,1,0
vanta-Sea,Denver Office,BUS,"July 28, 2026",16:00,"5,090,653",LOGIN,false,Anjali Mikhailov Travel,DCY 130 GP,DCY 130 GP,3,26.31,30.8,"1,785,249,060","1,785,253,500","1,785,247,722","1,785,252,554",NODELAY,0,MANUAL,Electric,false,false,HOME,2,2,0
vanta-Sea,Denver Office,CAB,"July 31, 2026",21:16,"5,105,518",LOGOUT,true,Sanjay Mikhailov Travel,XKG 342 GP,XKG 342 GP,5,18.6,20,"1,785,533,460","1,785,535,920","1,785,532,379","1,785,537,436",NODELAY,0,AUTO,Electric,false,false,HOME,4,5,0
pinnacle-Slc,Clearwater Campus,CAB,"July 2, 2026",09:00,"3,335,066",LOGIN,false,Karan Mikhailov Travel,HFJ 381 GP,HFJ 381 GP,3,11.78,10.81,"1,782,980,160","1,782,982,500","1,782,981,094","1,782,984,539",DRIVER,13,AUTO,Diesel,false,false,NA,1,1,0
pinnacle-Slc,Oakmont Office,CAB,"June 27, 2026",04:00,"3,312,815",LOGOUT,true,Rahul Mikhailov Travel,HOO 670 GP,HOO 670 GP,3,24.4,24.3,"1,782,532,800","1,782,535,380","1,782,533,780","1,782,536,699",EMPLOYEE,2,AUTO,Diesel,false,false,NA,3,3,0
pinnacle-Slc,Willow Bend Campus,CAB,"June 30, 2026",14:30,"3,325,991",LOGOUT,false,Pooja Mikhailov Travel,IZD 691 GP,IZD 691 GP,3,10.56,12.34,"1,782,829,800","1,782,831,420","1,782,830,018","1,782,832,911",NODELAY,0,AUTO,Diesel,false,false,HOME,3,3,0
vanta-Sea,Denver Office,CAB,"May 11, 2026",19:16,"4,839,703",LOGOUT,false,Isha Mikhailov Travel,QKJ 546 GP,QKJ 546 GP,3,9.3,8.5,"1,778,527,860","1,778,528,700","1,778,526,561","1,778,530,097",NODELAY,0,AUTO,Petrol,false,false,NA,3,2,1
vanta-Sea,Denver Office,CAB,"May 7, 2026",23:16,"4,831,159",LOGOUT,true,Aarav Mikhailov Travel,YET 234 GP,YET 234 GP,5,9.68,9.9,"1,778,196,660","1,778,197,440","1,778,195,544","1,778,197,484",NODELAY,0,AUTO,Petrol,false,false,NA,3,4,0
vanta-Sea,Denver Office,BUS,"May 11, 2026",11:00,"4,837,835",LOGIN,false,Priya Mikhailov Travel,XGO 986 GP,XGO 986 GP,3,34.22,35.8,"1,778,490,360","1,778,496,300","1,778,490,097","1,778,497,386",TRAFFIC,3,MANUAL,Petrol,false,false,NA,1,1,0
vanta-Sea,Denver Office,BUS,"May 7, 2026",16:30,"4,829,871",LOGOUT,false,Isha Mikhailov Travel,LOZ 136 GP,LOZ 136 GP,12,6.24,5.2,"1,778,171,400","1,778,173,440","1,778,170,934","1,778,173,241",NODELAY,0,MANUAL,Petrol,false,false,HOME,7,5,2
vanta-Sea,Denver Office,CAB,"May 18, 2026",05:16,"4,859,364",LOGOUT,true,Aarav Mikhailov Travel,YOP 521 GP,YOP 521 GP,3,18.81,19.5,"1,779,082,260","1,779,084,540","1,779,081,030","1,779,082,627",NODELAY,0,AUTO,Petrol,false,false,NA,1,2,0
vanta-Sea,Denver Office,BUS,"May 18, 2026",12:00,"4,858,934",LOGIN,false,Aarav Petrov Travel,HGJ 350 GP,HGJ 350 GP,12,4.65,4.7,"1,779,104,220","1,779,105,300","1,779,104,141","1,779,106,274",DRIVER,1,MANUAL,Petrol,false,false,HOME,11,9,2
vanta-Sea,Denver Office,BUS,"May 25, 2026",11:00,"4,879,860",LOGIN,false,Isha Mikhailov Travel,LOZ 136 GP,LOZ 136 GP,12,3.88,3.3,"1,779,705,420","1,779,706,500","1,779,704,882","1,779,706,709",NODELAY,0,MANUAL,Petrol,false,false,HOME,12,8,4
vanta-Sea,Denver Office,BUS,"May 26, 2026",16:16,"4,885,009",LOGOUT,false,Priya Mikhailov Travel,MPB 685 GP,MPB 685 GP,12,13.33,11.1,"1,779,812,160","1,779,812,520","1,779,811,633","1,779,815,578",NODELAY,0,MANUAL,Petrol,false,false,NA,4,4,0
vanta-Sea,Denver Office,BUS,"May 21, 2026",13:00,"4,871,154",LOGIN,false,Priya Mikhailov Travel,USE 013 GP,USE 013 GP,3,21.18,15.5,"1,779,365,100","1,779,367,500","1,779,364,819","1,779,368,387",NODELAY,0,MANUAL,Petrol,false,false,NODAL,1,1,0
vanta-Sea,Denver Office,BUS,"May 21, 2026",12:00,"4,870,944",LOGIN,false,Aarav Mikhailov Travel,GMK 615 GP,GMK 615 GP,3,4.07,4.8,"1,779,363,180","1,779,364,500","1,779,362,044","1,779,365,344",NODELAY,0,MANUAL,Electric,false,false,HOME,3,1,2
vanta-Sea,Denver Office,CAB,"May 22, 2026",09:00,"4,874,061",LOGIN,false,Priya Mikhailov Travel,YAK 549 GP,YAK 549 GP,3,9.28,8.9,"1,779,438,480","1,779,439,500","1,779,438,120","1,779,440,372",NODELAY,0,AUTO,Petrol,false,false,HOME,1,1,0
vanta-Sea,Denver Office,CAB,"July 31, 2026",00:16,"5,102,250",LOGOUT,false,Priya Mikhailov Travel,BFG 044 GP,BFG 044 GP,3,26.82,27.2,"1,785,457,860","1,785,459,840","1,785,457,009","1,785,461,072",NODELAY,0,AUTO,Petrol,false,false,HOME,2,2,0
pinnacle-Slc,Clearwater Campus,CAB,"July 3, 2026",08:30,"3,342,228",LOGIN,false,Divya Mikhailov Travel,LZO 518 GP,LZO 518 GP,3,30.8,32.1,"1,783,061,760","1,783,067,100","1,783,062,110","1,783,065,911",NODELAY,0,AUTO,Diesel,false,false,NA,3,1,0
pinnacle-Slc,Willow Bend Campus,CAB,"July 6, 2026",14:30,"3,352,370",LOGOUT,false,Rahul Morozov Travel,KFI 535 GP,KFI 535 GP,3,18.21,18.8,"1,783,348,200","1,783,350,720","1,783,348,345","1,783,351,361",NODELAY,0,AUTO,Diesel,false,false,HOME,2,2,0
pinnacle-Slc,Oakmont Office,CAB,"July 8, 2026",07:30,"3,364,256",LOGIN,false,Rohan Mikhailov Travel,WHB 450 GP,WHB 450 GP,3,36.45,24.24,"1,783,490,700","1,783,495,500","1,783,491,971","1,783,496,788",DRIVER,1,AUTO,Diesel,false,false,NA,2,2,0
pinnacle-Slc,Oakmont Office,CAB,"July 10, 2026",18:00,"3,376,546",LOGIN,false,Pooja Mikhailov Travel,LQD 953 GP,LQD 953 GP,3,26.55,25.1,"1,783,699,200","1,783,706,100","1,783,699,442","1,783,704,205",NODELAY,0,AUTO,Diesel,false,false,SHUTTLE,2,1,0
pinnacle-Slc,Willow Bend Campus,CAB,"July 13, 2026",16:30,"3,385,053",LOGOUT,false,Rohan Mikhailov Travel,ZEE 455 GP,ZEE 455 GP,3,10.06,9.9,"1,783,960,200","1,783,962,660","1,783,960,420","1,783,963,136",NODELAY,0,AUTO,Diesel,false,false,NODAL,2,2,0
pinnacle-Slc,Oakmont Office,CAB,"July 7, 2026",18:30,"3,357,110",LOGIN,false,Sanjay Mikhailov Travel,TMZ 317 GP,TMZ 317 GP,3,4.45,5.2,"1,783,446,600","1,783,448,700","1,783,447,125","1,783,449,246",NODELAY,0,AUTO,Diesel,false,false,NA,1,1,0
pinnacle-Slc,Willow Bend Campus,CAB,"July 14, 2026",13:30,"3,392,040",LOGOUT,false,Pooja Mikhailov Travel,MVM 862 GP,MVM 862 GP,3,36.49,35.76,"1,784,035,800","1,784,040,600","1,784,035,804","1,784,040,680",NODELAY,0,AUTO,Diesel,false,false,NA,3,3,0
pinnacle-Slc,Willow Bend Campus,CAB,"July 9, 2026",07:30,"3,370,500",LOGIN,false,Sanjay Mikhailov Travel,DSB 862 GP,DSB 862 GP,3,20.92,20.51,"1,783,579,020","1,783,581,900","1,783,578,968","1,783,581,715",NODELAY,0,AUTO,Diesel,false,false,HOME,2,2,0
vanta-Sea,Denver Office,CAB,"June 25, 2026",19:16,"4,985,721",LOGOUT,true,Sanjay Mikhailov Travel,TZL 325 GP,TZL 325 GP,12,10.56,8.3,"1,782,415,860","1,782,416,640","1,782,414,607","1,782,418,002",NODELAY,0,AUTO,Petrol,false,false,NA,5,6,0
pinnacle-Slc,Willow Bend Campus,CAB,"June 1, 2026",15:00,"3,174,664",LOGOUT,false,Rahul Morozov Travel,IQW 507 GP,IQW 507 GP,3,14.14,10.3,"1,780,326,000","1,780,328,700","1,780,325,160","1,780,326,900",NODELAY,0,AUTO,Diesel,false,false,NA,1,1,0
vanta-Sea,Denver Office,CAB,"June 30, 2026",09:00,"4,997,701",LOGIN,false,Priya Mikhailov Travel,BVT 363 GP,BVT 363 GP,3,25.12,24.7,"1,782,804,780","1,782,809,100","1,782,804,658","1,782,809,479",NODELAY,0,AUTO,Petrol,false,false,HOME,1,1,0
pinnacle-Slc,Oakmont Office,CAB,"June 4, 2026",16:00,"3,194,305",LOGOUT,false,Amit Mikhailov Travel,LHX 288 GP,LHX 288 GP,3,13.29,13.3,"1,780,588,800","1,780,591,500","1,780,589,514","1,780,592,332",NODELAY,0,AUTO,Diesel,false,false,NODAL,1,1,0
pinnacle-Slc,Clearwater Campus,CAB,"June 26, 2026",06:30,"3,307,981",LOGIN,true,Karan Mikhailov Travel,ZJM 782 GP,ZJM 782 GP,3,23.9,21.8,"1,782,452,760","1,782,455,100","1,782,452,828","1,782,455,254",NODELAY,0,AUTO,Diesel,false,false,NA,2,2,0
pinnacle-Slc,Clearwater Campus,CAB,"June 24, 2026",14:30,"3,296,102",LOGOUT,false,Rohan Mikhailov Travel,ZJI 624 GP,ZJI 624 GP,3,25.23,21.66,"1,782,311,400","1,782,314,040","1,782,311,627","1,782,316,469",NODELAY,0,AUTO,Diesel,false,false,NA,3,2,0
pinnacle-Slc,Clearwater Campus,CAB,"June 24, 2026",07:30,"3,293,831",LOGIN,false,Divya Mikhailov Travel,XZX 057 GP,XZX 057 GP,3,6.78,9.4,"1,782,283,980","1,782,285,900","1,782,283,931","1,782,285,008",NODELAY,0,AUTO,Diesel,false,false,HOME,2,1,0
pinnacle-Slc,Oakmont Office,CAB,"June 25, 2026",15:30,"3,304,401",LOGOUT,false,Rohan Mikhailov Travel,CQD 298 GP,CQD 298 GP,3,6.47,6,"1,782,401,400","1,782,402,660","1,782,401,646","1,782,402,969",NODELAY,0,AUTO,Diesel,false,false,NODAL,2,2,0
pinnacle-Slc,Clearwater Campus,CAB,"June 19, 2026",15:00,"3,276,152",LOGOUT,false,Divya Mikhailov Travel,GLN 575 GP,GLN 575 GP,3,5.82,5.6,"1,781,881,200","1,781,881,800","1,781,880,816","1,781,882,735",NODELAY,0,AUTO,Diesel,false,false,HOME,3,3,0
pinnacle-Slc,Clearwater Campus,CAB,"June 25, 2026",07:30,"3,300,771",LOGIN,false,Amit Mikhailov Travel,QUU 347 GP,QUU 347 GP,3,32.58,29.59,"1,782,369,000","1,782,372,300","1,782,369,344","1,782,372,888",NODELAY,0,AUTO,Diesel,false,false,NA,1,1,0
pinnacle-Slc,Oakmont Office,CAB,"May 26, 2026",16:30,"3,156,387",LOGOUT,false,Pooja Mikhailov Travel,KPF 791 GP,KPF 791 GP,3,23.46,23.98,"1,779,813,000","1,779,817,320","1,779,812,537","1,779,819,070",NODELAY,0,AUTO,Diesel,false,false,HOME,2,2,0
pinnacle-Slc,Oakmont Office,CAB,"May 20, 2026",09:00,"3,129,498",LOGIN,false,Rahul Mikhailov Travel,GKE 474 GP,GKE 474 GP,3,6.84,6.8,"1,779,264,720","1,779,267,300","1,779,265,668","1,779,268,086",NODELAY,0,AUTO,Diesel,false,false,HOME,3,2,0
pinnacle-Slc,Clearwater Campus,CAB,"May 22, 2026",15:30,"3,145,984",LOGOUT,false,Karan Mikhailov Travel,PMC 031 GP,PMC 031 GP,3,5.55,6.28,"1,779,463,800","1,779,465,060","1,779,463,876","1,779,465,822",NODELAY,0,AUTO,Diesel,false,false,NA,2,1,0
pinnacle-Slc,Oakmont Office,CAB,"May 27, 2026",08:30,"3,161,470",LOGIN,false,Rohan Mikhailov Travel,OVI 690 GP,OVI 690 GP,3,9.32,9.1,"1,779,869,160","1,779,870,300","1,779,869,503","1,779,871,346",NODELAY,0,AUTO,Diesel,false,false,NODAL,1,1,0
pinnacle-Slc,Clearwater Campus,CAB,"May 29, 2026",15:00,"3,170,313",LOGOUT,false,Pooja Mikhailov Travel,BQK 471 GP,BQK 471 GP,3,3.47,5.72,"1,780,066,800","1,780,067,940","1,780,067,373","1,780,069,462",EMPLOYEE,2,AUTO,Diesel,false,false,HOME,3,2,0
pinnacle-Slc,Clearwater Campus,CAB,"May 26, 2026",09:00,"3,155,671",LOGIN,false,Arjun Mikhailov Travel,TUW 163 GP,TUW 163 GP,3,9.59,9.81,"1,779,783,420","1,779,785,700","1,779,783,621","1,779,788,401",EMPLOYEE,25,AUTO,Diesel,false,false,NA,3,3,0
pinnacle-Slc,Oakmont Office,CAB,"July 28, 2026",02:00,"3,459,727",LOGOUT,true,Pooja Mikhailov Travel,TEP 605 GP,TEP 605 GP,3,6.14,6.1,"1,785,204,000","1,785,204,840","1,785,204,632","1,785,205,508",NODELAY,0,AUTO,Diesel,false,false,NA,2,2,0
pinnacle-Slc,Willow Bend Campus,CAB,"July 27, 2026",09:30,"3,450,423",LOGIN,false,Sanjay Mikhailov Travel,QOW 872 GP,QOW 872 GP,3,9.98,11.8,"1,785,141,120","1,785,144,300","1,785,141,056","1,785,143,904",NODELAY,0,AUTO,Diesel,false,false,NA,1,1,0
pinnacle-Slc,Clearwater Campus,CAB,"July 30, 2026",17:30,"3,476,558",LOGOUT,false,Rahul Morozov Travel,IGH 178 GP,IGH 178 GP,3,23.81,23.96,"1,785,432,600","1,785,433,920","1,785,433,108","1,785,441,094",NODELAY,0,AUTO,Diesel,false,false,NA,2,1,0
pinnacle-Slc,Willow Bend Campus,CAB,"July 30, 2026",07:30,"3,472,285",LOGIN,false,Arjun Mikhailov Travel,ENZ 320 GP,ENZ 320 GP,3,8.66,8.9,"1,785,393,900","1,785,396,300","1,785,394,183","1,785,396,970",NODELAY,0,AUTO,Diesel,false,false,NA,3,2,0
pinnacle-Slc,Willow Bend Campus,CAB,"July 30, 2026",09:00,"3,472,057",LOGIN,false,Karan Mikhailov Travel,UYR 364 GP,UYR 364 GP,3,8.6,7.72,"1,785,399,120","1,785,401,700","1,785,399,389","1,785,402,834",NODELAY,0,AUTO,Diesel,false,false,HOME,3,3,0
pinnacle-Slc,Clearwater Campus,CAB,"July 27, 2026",16:30,"3,454,276",LOGOUT,false,Rahul Mikhailov Travel,AZQ 081 GP,AZQ 081 GP,3,7.46,7.82,"1,785,169,800","1,785,171,540","1,785,169,890","1,785,172,680",NODELAY,0,AUTO,Diesel,false,false,HOME,3,3,0
pinnacle-Slc,Oakmont Office,CAB,"July 30, 2026",15:00,"3,472,524",LOGOUT,false,Karan Mikhailov Travel,IJQ 363 GP,IJQ 363 GP,3,6.08,8.2,"1,785,423,600","1,785,424,980","1,785,423,839","1,785,425,681",NODELAY,0,AUTO,Diesel,false,false,NA,1,1,0
pinnacle-Slc,Clearwater Campus,CAB,"July 29, 2026",08:30,"3,463,926",LOGIN,false,Divya Sokolov Travel,QLW 548 GP,QLW 548 GP,3,15.46,25.7,"1,785,309,780","1,785,313,500","1,785,309,686","1,785,313,790",NODELAY,0,AUTO,Diesel,false,false,NA,2,2,0
pinnacle-Slc,Willow Bend Campus,CAB,"July 31, 2026",15:30,"3,482,304",LOGOUT,false,Divya Sokolov Travel,SDR 222 GP,SDR 222 GP,3,33.97,33.4,"1,785,511,800","1,785,516,900","1,785,511,835","1,785,518,217",NODELAY,0,AUTO,Diesel,false,false,NODAL,1,1,0
pinnacle-Slc,Oakmont Office,CAB,"July 30, 2026",22:00,"3,472,993",LOGOUT,false,Rahul Morozov Travel,KLT 606 GP,KLT 606 GP,3,14.83,16.21,"1,785,448,800","1,785,451,500","1,785,449,496","1,785,452,748",NODELAY,0,AUTO,Diesel,false,false,HOME,1,1,0
vanta-Sea,Denver Office,CAB,"June 2, 2026",Adhoc,"4,907,477",LOGOUT,true,Isha Mikhailov Travel,IUN 361 GP,IUN 361 GP,12,42.58,15.9,"1,780,437,072","1,780,442,185","1,780,437,072","1,780,442,185",NODELAY,0,AUTO,Petrol,false,false,NA,10,10,0
orbit-Slc,Lakeside Commons,CAB,"June 9, 2026",20:00,"1,269,989",LOGOUT,true,Rahul Mikhailov Travel,NPH 740 GP,NPH 740 GP,3,14.19,15.91,"1,781,036,100","1,781,038,500","1,781,035,776","1,781,039,480",NODELAY,0,AUTO,Electric,false,false,HOME,1,2,0
vanta-Sea,Denver Office,CAB,"June 3, 2026",08:00,"4,908,205",LOGIN,false,Priya Mikhailov Travel,MUX 553 GP,MUX 553 GP,3,25.72,25.5,"1,780,469,700","1,780,472,700","1,780,469,824","1,780,474,234",TRAFFIC,10,AUTO,Petrol,false,false,HOME,3,3,0
vanta-Sea,Denver Office,CAB,"June 3, 2026",17:16,"4,910,631",LOGOUT,false,Anjali Mikhailov Travel,GWR 475 GP,GWR 475 GP,5,15.76,18.2,"1,780,507,860","1,780,508,760","1,780,506,726","1,780,512,471",NODELAY,0,AUTO,Petrol,false,false,NA,3,3,0
vanta-Aus,Cedar Ridge Office,CAB,"June 15, 2026",11:00,"1,173,730",LOGIN,false,Priya Mikhailov Travel,HHO 118 GP,HHO 118 GP,3,34.76,39.7,"1,781,514,600","1,781,520,300","1,781,514,650","1,781,520,950",NODELAY,0,AUTO,Electric,false,false,NA,3,3,0
vanta-Sea,Denver Office,BUS,"June 4, 2026",15:00,"4,914,310",LOGIN,false,Isha Mikhailov Travel,SCX 268 GP,SCX 268 GP,3,26.89,28.3,"1,780,581,900","1,780,584,300","1,780,580,917","1,780,585,273",TRAFFIC,1,MANUAL,Petrol,false,false,NA,1,1,0
vanta-Sea,Denver Office,BUS,"June 4, 2026",16:16,"4,914,847",LOGOUT,false,Isha Mikhailov Travel,RYZ 369 GP,RYZ 369 GP,5,21.36,16.2,"1,780,589,760","1,780,591,740","1,780,590,089","1,780,594,846",NODELAY,0,MANUAL,Electric,false,false,NA,2,1,2
catalyst-Sac,Santa Clara Office,CAB,"June 18, 2026",19:00,"1,500,534",LOGOUT,true,Rohan Mikhailov Travel,HJO 085 GP,HJO 085 GP,4,17.11,17.1,"1,781,810,100","1,781,811,120","1,781,810,027","1,781,817,255",NODELAY,0,AUTO,Petrol,false,false,HOME,3,4,0
vanta-Aus,Cedar Ridge Office,CAB,"June 16, 2026",11:00,"1,176,034",LOGIN,false,Priya Mikhailov Travel,IZZ 207 GP,IZZ 207 GP,5,3.99,5.8,"1,781,604,000","1,781,606,700","1,781,603,912","1,781,606,365",NODELAY,0,AUTO,Diesel,false,false,NA,5,5,0
vanta-Aus,Cedar Ridge Office,CAB,"June 16, 2026",20:15,"1,177,196",LOGOUT,false,Priya Mikhailov Travel,GKS 358 GP,GKS 358 GP,3,26.57,33.6,"1,781,641,800","1,781,645,760","1,781,640,411","1,781,646,582",NODELAY,0,AUTO,Electric,false,false,NA,2,2,0
orbit-Slc,Lakeside Commons,CAB,"June 18, 2026",13:00,"1,285,910",LOGIN,false,Rahul Mikhailov Travel,XJC 255 GP,XJC 255 GP,6,33.7,29.35,"1,781,781,300","1,781,786,700","1,781,781,419","1,781,785,884",NODELAY,0,AUTO,Diesel,false,false,HOME,4,4,0
catalyst-Sac,Santa Clara Office,CAB,"June 23, 2026",02:30,"1,505,257",LOGOUT,false,Divya Mikhailov Travel,VUU 763 GP,VUU 763 GP,4,32.27,31.9,"1,782,182,700","1,782,185,160","1,782,182,502","1,782,186,162",NODELAY,0,AUTO,Petrol,false,false,HOME,3,3,0
orbit-Slc,Cedar Ridge Office,BUS,"June 24, 2026",11:00,"1,296,707",LOGIN,false,Rahul Mikhailov Travel,SKS 019 GP,SKS 019 GP,3,34.97,33.49,"1,782,290,100","1,782,297,900","1,782,290,177","1,782,298,754",NODELAY,0,MANUAL,Electric,false,false,NA,2,2,0
catalyst-Sac,Santa Clara Office,CAB,"June 25, 2026",05:00,"1,510,126",LOGOUT,true,Vikram Mikhailov Travel,TQZ 317 GP,TQZ 317 GP,4,3.06,3.26,"1,782,364,500","1,782,365,040","1,782,364,583","1,782,366,433",NODELAY,0,AUTO,Petrol,false,false,NA,2,3,0
vanta-Sea,Denver Office,CAB,"May 29, 2026",19:16,"4,897,485",LOGOUT,false,Priya Mikhailov Travel,WLZ 816 GP,WLZ 816 GP,5,10.11,9.8,"1,780,083,060","1,780,083,960","1,780,081,975","1,780,086,033",NODELAY,0,AUTO,Petrol,false,false,NA,4,3,1
vanta-Sea,Denver Office,BUS,"May 28, 2026",12:00,"4,891,974",LOGIN,false,Anjali Mikhailov Travel,EUU 248 GP,EUU 248 GP,12,22.78,21.2,"1,779,965,160","1,779,968,700","1,779,964,125","1,779,968,251",NODELAY,0,MANUAL,Petrol,false,false,NA,9,5,4
vanta-Sea,Denver Office,BUS,"May 29, 2026",14:00,"4,896,100",LOGIN,false,Aarav Mikhailov Travel,WDU 492 GP,WDU 492 GP,3,21.86,17.3,"1,780,058,880","1,780,062,300","1,780,057,201","1,780,060,628",NODELAY,0,MANUAL,Petrol,false,false,HOME,1,1,0
vanta-Sea,Denver Office,BUS,"May 25, 2026",12:00,"4,880,104",LOGIN,false,Aarav Petrov Travel,HVA 937 GP,HVA 937 GP,12,7.62,7,"1,779,707,520","1,779,709,500","1,779,706,938","1,779,709,975",NODELAY,0,MANUAL,Petrol,false,false,NA,11,11,2
vanta-Sea,Denver Office,BUS,"May 27, 2026",11:00,"4,887,553",LOGIN,false,Anjali Mikhailov Travel,IQE 810 GP,IQE 810 GP,5,11.14,9,"1,779,875,460","1,779,878,700","1,779,873,956","1,779,878,368",NODELAY,0,MANUAL,Petrol,false,false,NA,4,3,1
vanta-Sea,Denver Office,BUS,"May 27, 2026",21:30,"4,890,338",LOGOUT,false,Priya Mikhailov Travel,NNB 014 GP,NNB 014 GP,12,9.66,4.3,"1,779,917,400","1,779,919,260","1,779,917,386","1,779,919,052",NODELAY,0,MANUAL,Petrol,false,false,NA,8,6,2
vanta-Sea,Denver Office,BUS,"May 28, 2026",13:00,"4,892,183",LOGIN,false,Sanjay Mikhailov Travel,UKJ 004 GP,UKJ 004 GP,5,15.35,16.6,"1,779,969,000","1,779,972,300","1,779,967,653","1,779,971,986",NODELAY,0,MANUAL,Petrol,false,false,NA,5,5,0
pinnacle-Slc,Willow Bend Campus,CAB,"May 8, 2026",15:00,"3,079,183",LOGIN,false,Rohan Mikhailov Travel,RJD 274 GP,RJD 274 GP,3,9.57,9.2,"1,778,250,420","1,778,252,100","1,778,250,597","1,778,251,743",NODELAY,0,AUTO,Diesel,false,false,HOME,1,1,0
pinnacle-Slc,Oakmont Office,CAB,"May 11, 2026",16:30,"3,086,776",LOGOUT,false,Rahul Morozov Travel,VHZ 053 GP,VHZ 053 GP,3,10.83,10.1,"1,778,517,000","1,778,518,500","1,778,517,146","1,778,519,844",NODELAY,0,AUTO,Diesel,false,false,NA,2,2,0
pinnacle-Slc,Oakmont Office,CAB,"May 8, 2026",10:30,"3,078,437",LOGIN,false,Amit Mikhailov Travel,BPI 174 GP,BPI 174 GP,5,8.38,7.71,"1,778,233,860","1,778,235,900","1,778,234,152","1,778,236,476",NODELAY,0,AUTO,Diesel,false,false,HOME,2,2,0
pinnacle-Slc,Willow Bend Campus,CAB,"May 6, 2026",15:30,"3,068,896",LOGOUT,false,Rohan Mikhailov Travel,OVI 690 GP,OVI 690 GP,3,8.41,8.4,"1,778,081,400","1,778,083,260","1,778,081,540","1,778,083,663",NODELAY,0,AUTO,Diesel,false,false,NA,3,2,0
pinnacle-Slc,Clearwater Campus,CAB,"May 7, 2026",09:00,"3,072,286",LOGIN,false,Pooja Mikhailov Travel,YDO 438 GP,YDO 438 GP,3,4.01,3.63,"1,778,142,540","1,778,144,100","1,778,142,426","1,778,144,515",NODELAY,0,AUTO,Diesel,false,false,HOME,3,3,0
vanta-Aus,Cedar Ridge Office,CAB,"July 25, 2026",22:15,"1,248,486",LOGOUT,true,Meera Pavlov Travel,UCL 320 GP,UCL 320 GP,3,19.99,24,"1,785,018,600","1,785,022,500","1,785,017,650","1,785,020,821",NODELAY,0,AUTO,Electric,false,false,HOME,2,3,0
vanta-Aus,Cedar Ridge Office,CAB,"July 28, 2026",20:15,"1,253,214",LOGOUT,false,Anjali Mikhailov Travel,FKI 748 GP,FKI 748 GP,5,11.99,13.8,"1,785,270,600","1,785,272,280","1,785,269,167","1,785,274,759",NODELAY,0,AUTO,Diesel,false,false,HOME,4,4,0
vanta-Sea,Denver Office,CAB,"July 7, 2026",23:16,"5,023,842",LOGOUT,false,Isha Mikhailov Travel,MID 581 GP,MID 581 GP,3,5.21,5.3,"1,783,467,060","1,783,467,660","1,783,465,837","1,783,467,592",NODELAY,0,AUTO,Electric,false,false,HOME,3,3,0
vanta-Sea,Denver Office,CAB,"July 9, 2026",22:16,"5,031,262",LOGOUT,true,Anjali Mikhailov Travel,AHO 460 GP,AHO 460 GP,3,13.13,9.2,"1,783,636,260","1,783,638,120","1,783,635,409","1,783,637,895",NODELAY,0,AUTO,Petrol,false,false,HOME,3,3,1
vanta-Sea,Denver Office,CAB,"July 10, 2026",17:16,"5,033,904",LOGOUT,false,Isha Mikhailov Travel,KAB 200 GP,KAB 200 GP,12,8.49,8,"1,783,704,660","1,783,706,100","1,783,703,685","1,783,705,807",NODELAY,0,AUTO,Petrol,false,false,HOME,7,6,1
vanta-Sea,Denver Office,BUS,"July 17, 2026",08:01,"5,055,575",LOGIN,false,Aarav Petrov Travel,RJA 896 GP,RJA 896 GP,12,4.24,4.8,"1,784,273,640","1,784,274,900","1,784,273,500","1,784,274,206",NODELAY,0,MANUAL,Petrol,false,false,NODAL,1,1,0
vanta-Sea,Denver Office,BUS,"July 17, 2026",12:00,"5,056,376",LOGIN,false,Sanjay Mikhailov Travel,AMO 550 GP,AMO 550 GP,3,2.99,2.8,"1,784,288,340","1,784,289,300","1,784,286,956","1,784,289,091",NODELAY,0,MANUAL,Petrol,false,false,HOME,1,1,0
catalyst-Sac,Fairview Commons,CAB,"June 30, 2026",04:30,"1,515,080",LOGIN,true,Arjun Mikhailov Travel,AIW 368 GP,AIW 368 GP,6,8.94,8.8,"1,782,790,740","1,782,792,000","1,782,790,172","1,782,791,323",NODELAY,0,AUTO,Petrol,false,false,NA,1,2,0
vanta-Sea,Denver Office,BUS,"June 15, 2026",12:00,"4,945,859",LOGIN,false,Anjali Mikhailov Travel,HVM 927 GP,HVM 927 GP,5,5.67,4,"1,781,523,240","1,781,524,500","1,781,522,876","1,781,524,487",NODELAY,0,MANUAL,Electric,false,false,NODAL,5,5,0
vanta-Sea,Denver Office,BUS,"June 16, 2026",10:00,"4,950,025",LOGIN,false,Isha Mikhailov Travel,LEA 114 GP,LEA 114 GP,5,14.75,10.6,"1,781,599,860","1,781,603,100","1,781,599,278","1,781,603,904",NODELAY,0,MANUAL,Petrol,false,false,HOME,4,3,1
catalyst-Sac,Fairview Commons,CAB,"June 29, 2026",23:30,"1,514,727",LOGOUT,false,Priya Mikhailov Travel,NFN 870 GP,NFN 870 GP,4,33.16,33.1,"1,782,776,700","1,782,779,700","1,782,776,778","1,782,780,010",NODELAY,0,AUTO,Petrol,false,false,NA,1,1,0
orbit-Slc,Lakeside Commons,CAB,"June 29, 2026",22:00,"1,306,096",LOGOUT,false,Anjali Mikhailov Travel,BDY 719 GP,BDY 719 GP,6,28.42,28.22,"1,782,771,300","1,782,776,400","1,782,771,340","1,782,776,114",NODELAY,0,AUTO,Diesel,false,false,HOME,3,3,0
vanta-Sea,Denver Office,CAB,"June 11, 2026",19:16,"4,936,955",LOGOUT,true,Isha Mikhailov Travel,YOQ 527 GP,YOQ 527 GP,3,1.5,1.6,"1,781,206,260","1,781,206,560","1,781,205,160","1,781,205,966",NODELAY,0,AUTO,Petrol,false,false,NA,2,2,1
vanta-Sea,Denver Office,CAB,"June 11, 2026",20:16,"4,937,255",LOGOUT,false,Sanjay Mikhailov Travel,YQX 391 GP,YQX 391 GP,3,18.73,17.1,"1,781,209,860","1,781,211,840","1,781,209,097","1,781,213,533",NODELAY,0,AUTO,Petrol,false,false,NA,2,1,1
orbit-Slc,Eastgate Office,BUS,"June 30, 2026",13:00,"1,307,201",LOGIN,false,Rohan Mikhailov Travel,ONL 427 GP,ONL 427 GP,6,16.88,27,"1,782,819,480","1,782,823,500","1,782,818,964","1,782,822,517",NODELAY,0,MANUAL,Diesel,false,false,HOME,6,6,0
vanta-Sea,Denver Office,BUS,"June 9, 2026",14:00,"4,927,469",LOGIN,false,Aarav Mikhailov Travel,XEQ 993 GP,XEQ 993 GP,5,12.12,9,"1,781,010,720","1,781,012,700","1,781,010,257","1,781,013,030",NODELAY,0,MANUAL,Petrol,false,false,HOME,4,4,0
vanta-Sea,Denver Office,CAB,"June 9, 2026",22:16,"4,929,387",LOGOUT,false,Sanjay Mikhailov Travel,IDR 854 GP,IDR 854 GP,5,7.54,6.7,"1,781,044,260","1,781,044,980","1,781,043,114","1,781,045,398",NODELAY,0,AUTO,Petrol,false,false,NA,5,4,1
vanta-Sea,Denver Office,CAB,"June 10, 2026",05:00,"4,929,962",LOGIN,true,Isha Mikhailov Travel,APV 629 GP,APV 629 GP,3,17.94,18.5,"1,781,065,440","1,781,066,700","1,781,065,057","1,781,067,446",NODELAY,0,AUTO,Petrol,false,false,NA,1,2,0
vanta-Sea,Denver Office,CAB,"June 14, 2026",14:16,"4,944,178",LOGOUT,false,Priya Mikhailov Travel,BFG 044 GP,BFG 044 GP,3,18.73,21.4,"1,781,447,460","1,781,451,420","1,781,446,394","1,781,448,711",NODELAY,0,AUTO,Petrol,false,false,NA,1,1,0
vanta-Sea,Denver Office,CAB,"June 15, 2026",19:16,"4,947,826",LOGOUT,false,Isha Mikhailov Travel,UBU 595 GP,UBU 595 GP,3,12.35,12.7,"1,781,551,860","1,781,552,640","1,781,550,713","1,781,553,450",NODELAY,0,AUTO,Electric,false,false,NA,3,2,1
pinnacle-Slc,Clearwater Campus,CAB,"May 13, 2026",09:00,"3,096,511",LOGIN,false,Sanjay Mikhailov Travel,NFC 474 GP,NFC 474 GP,3,4.53,4.1,"1,778,660,760","1,778,662,500","1,778,660,848","1,778,662,629",NODELAY,0,AUTO,Diesel,false,false,HOME,3,3,0
pinnacle-Slc,Clearwater Campus,CAB,"May 11, 2026",Non Shift,"3,094,230",LOGOUT,false,Arjun Mikhailov Travel,PKM 992 GP,PKM 992 GP,3,13.78,13.6,"1,778,527,800","1,778,531,400","1,778,528,847","1,778,531,188",EMPLOYEE,2,AUTO,Diesel,false,false,NA,1,1,0
pinnacle-Slc,Oakmont Office,CAB,"May 8, 2026",05:30,"3,078,697",LOGIN,true,Rahul Mikhailov Travel,TNE 609 GP,TNE 609 GP,3,2.73,2.9,"1,778,217,060","1,778,217,900","1,778,216,648","1,778,217,497",NODELAY,0,AUTO,Diesel,false,false,NA,2,2,0
pinnacle-Slc,Clearwater Campus,CAB,"May 12, 2026",09:00,"3,090,635",LOGIN,false,Pooja Mikhailov Travel,WNN 554 GP,WNN 554 GP,3,4.48,4,"1,778,574,600","1,778,576,100","1,778,574,695","1,778,576,434",NODELAY,0,AUTO,Diesel,false,false,NA,3,3,0
pinnacle-Slc,Willow Bend Campus,CAB,"May 20, 2026",13:30,"3,130,647",LOGIN,false,Amit Mikhailov Travel,ZTZ 971 GP,ZTZ 971 GP,3,13.13,12.75,"1,779,281,040","1,779,283,500","1,779,281,704","1,779,285,210",DRIVER,8,AUTO,Diesel,false,false,NA,1,1,0
pinnacle-Slc,Clearwater Campus,CAB,"May 20, 2026",15:30,"3,133,259",LOGOUT,false,Rahul Orlov Travel,NHO 734 GP,NHO 734 GP,3,7.74,7.72,"1,779,291,000","1,779,291,540","1,779,291,064","1,779,293,643",NODELAY,0,AUTO,Diesel,false,false,NA,3,3,0
pinnacle-Slc,Oakmont Office,CAB,"May 23, 2026",04:30,"3,144,975",LOGOUT,true,Rohan Mikhailov Travel,BFU 013 GP,BFU 013 GP,3,13.36,13.4,"1,779,510,600","1,779,511,980","1,779,511,414","1,779,512,809",NODELAY,0,AUTO,Diesel,false,false,NA,2,2,0
pinnacle-Slc,Oakmont Office,CAB,"May 18, 2026",17:30,"3,118,381",LOGOUT,false,Divya Kozlov Travel,TEJ 824 GP,TEJ 824 GP,3,21.05,27.17,"1,779,125,400","1,779,130,140","1,779,125,936","1,779,136,396",NODELAY,0,AUTO,Diesel,false,false,NA,1,1,0
pinnacle-Slc,Clearwater Campus,CAB,"May 13, 2026",08:30,"3,096,287",LOGIN,false,Rohan Mikhailov Travel,NQH 646 GP,NQH 646 GP,3,13.24,13.07,"1,778,657,520","1,778,660,700","1,778,657,819","1,778,661,234",NODELAY,0,AUTO,Diesel,false,false,NA,2,2,0
pinnacle-Slc,Willow Bend Campus,CAB,"May 14, 2026",20:00,"3,105,097",LOGOUT,false,Rahul Mikhailov Travel,QPU 991 GP,QPU 991 GP,3,7.58,9.16,"1,778,788,800","1,778,790,540","1,778,787,757","1,778,790,262",NODELAY,0,AUTO,Diesel,false,false,HOME,1,1,0
vanta-Aus,Cedar Ridge Office,CAB,"July 1, 2026",21:15,"1,205,925",LOGOUT,false,Sneha Mikhailov Travel,DPJ 961 GP,DPJ 961 GP,4,4.22,6.2,"1,782,941,400","1,782,941,820","1,782,940,431","1,782,941,885",NODELAY,0,AUTO,Diesel,false,false,NA,3,2,1
orbit-Slc,Eastgate Office,CAB,"July 6, 2026",15:30,"1,318,490",LOGOUT,false,Rohan Mikhailov Travel,JZI 697 GP,JZI 697 GP,6,22.66,25.9,"1,783,352,700","1,783,358,880","1,783,352,371","1,783,356,278",NODELAY,0,MANUAL,Diesel,false,false,HOME,1,1,0
vanta-Aus,Cedar Ridge Office,CAB,"July 3, 2026",23:15,"1,210,451",LOGOUT,false,Priya Mikhailov Travel,ODU 262 GP,ODU 262 GP,3,10.1,11.4,"1,783,121,400","1,783,123,140","1,783,120,395","1,783,122,651",NODELAY,0,AUTO,Diesel,false,false,HOME,2,2,0
orbit-Slc,Cedar Ridge Office,CAB,"July 9, 2026",00:00,"1,324,387",LOGOUT,false,Anjali Mikhailov Travel,EAT 366 GP,EAT 366 GP,3,21.62,21.6,"1,783,556,100","1,783,560,000","1,783,556,118","1,783,559,080",NODELAY,0,AUTO,Diesel,false,false,HOME,1,1,0
orbit-Slc,Cedar Ridge Office,CAB,"July 9, 2026",06:30,"1,324,633",LOGIN,false,Anjali Mikhailov Travel,YOR 869 GP,YOR 869 GP,6,24.48,26.7,"1,783,574,100","1,783,577,700","1,783,574,550","1,783,577,302",NODELAY,0,AUTO,Diesel,false,false,NA,2,2,0
vanta-Sea,Denver Office,CAB,"July 2, 2026",04:16,"5,006,942",LOGOUT,true,Isha Mikhailov Travel,OOI 000 GP,OOI 000 GP,3,5.57,5.8,"1,782,966,660","1,782,967,080","1,782,965,331","1,782,966,144",NODELAY,0,AUTO,Petrol,false,false,HOME,1,2,0
vanta-Sea,Denver Office,CAB,"July 3, 2026",02:16,"5,010,819",LOGOUT,false,Aarav Petrov Travel,RIN 845 GP,RIN 845 GP,3,10.49,9.1,"1,783,045,860","1,783,046,460","1,783,044,654","1,783,045,999",NODELAY,0,AUTO,Petrol,false,false,HOME,1,1,0
vanta-Sea,Denver Office,BUS,"June 18, 2026",11:00,"4,959,153",LOGIN,false,Priya Mikhailov Travel,PLP 150 GP,PLP 150 GP,3,11.79,8.9,"1,781,776,860","1,781,779,500","1,781,776,239","1,781,779,684",NODELAY,0,MANUAL,Electric,false,false,NODAL,1,1,0
vanta-Sea,Denver Office,CAB,"June 16, 2026",21:16,"4,953,203",LOGOUT,true,Sanjay Mikhailov Travel,COI 397 GP,COI 397 GP,5,21.53,21.5,"1,781,645,460","1,781,648,520","1,781,644,306","1,781,649,004",NODELAY,0,AUTO,Petrol,false,false,NA,4,4,1
pinnacle-Slc,Willow Bend Campus,CAB,"June 5, 2026",10:30,"3,199,456",LOGIN,false,Rahul Morozov Travel,PJO 672 GP,PJO 672 GP,3,8.14,7.91,"1,780,653,240","1,780,655,100","1,780,653,945","1,780,657,621",EMPLOYEE,22,AUTO,Diesel,false,false,NODAL,1,1,0
pinnacle-Slc,Clearwater Campus,CAB,"June 8, 2026",15:30,"3,210,137",LOGOUT,false,Aarav Mikhailov Travel,CSI 104 GP,CSI 104 GP,3,18.91,18.6,"1,780,932,600","1,780,935,840","1,780,931,770","1,780,937,775",NODELAY,0,AUTO,Diesel,false,false,NA,4,3,0
vanta-Sea,Denver Office,BUS,"June 17, 2026",14:00,"4,955,355",LOGIN,false,Aarav Mikhailov Travel,HYW 022 GP,HYW 022 GP,12,11.27,10.4,"1,781,701,260","1,781,703,900","1,781,701,584","1,781,704,002",NODELAY,0,MANUAL,Petrol,false,false,NODAL,3,3,0
pinnacle-Slc,Oakmont Office,CAB,"June 2, 2026",10:30,"3,180,574",LOGIN,false,Amit Volkov Travel,UTA 080 GP,UTA 080 GP,3,11.17,9.09,"1,780,392,840","1,780,395,900","1,780,393,434","1,780,397,478",EMPLOYEE,6,AUTO,Diesel,false,false,HOME,2,2,0
pinnacle-Slc,Oakmont Office,CAB,"June 4, 2026",06:30,"3,193,935",LOGIN,false,Pooja Mikhailov Travel,CMB 156 GP,CMB 156 GP,3,17.28,16.1,"1,780,552,200","1,780,554,300","1,780,552,324","1,780,553,860",NODELAY,0,AUTO,Diesel,false,false,NA,1,1,0
pinnacle-Slc,Clearwater Campus,CAB,"June 11, 2026",15:30,"3,230,201",LOGOUT,false,Rahul Orlov Travel,ZTX 314 GP,ZTX 314 GP,3,14.66,16.6,"1,781,191,800","1,781,195,640","1,781,191,836","1,781,196,104",NODELAY,0,AUTO,Diesel,false,false,NA,3,2,0
pinnacle-Slc,Oakmont Office,CAB,"June 9, 2026",03:00,"3,214,479",LOGOUT,true,Aarav Mikhailov Travel,ZWQ 206 GP,ZWQ 206 GP,3,9.55,9,"1,780,974,000","1,780,975,020","1,780,974,828","1,780,975,901",NODELAY,0,AUTO,Diesel,false,false,HOME,2,2,0
pinnacle-Slc,Northgate Campus,BUS,"June 9, 2026",08:30,"3,217,162",LOGIN,false,Sanjay Mikhailov Travel,VOB 230 GP,VOB 230 GP,12,9.44,8.99,"1,780,991,400","1,780,993,800","1,780,991,444","1,780,992,870",NODELAY,0,SHUTTLE_SERVICE,Diesel,false,false,NA,1,1,0
pinnacle-Slc,Clearwater Campus,CAB,"June 4, 2026",15:30,"3,196,014",LOGOUT,false,Rohan Mikhailov Travel,AQE 842 GP,AQE 842 GP,3,14.87,13.63,"1,780,587,000","1,780,589,520","1,780,587,116","1,780,589,660",NODELAY,0,AUTO,Diesel,false,false,NA,2,1,0
pinnacle-Slc,Oakmont Office,CAB,"June 12, 2026",07:30,"3,234,205",LOGIN,false,Rahul Orlov Travel,VSD 313 GP,VSD 313 GP,3,12.41,12.2,"1,781,247,300","1,781,249,100","1,781,247,331","1,781,249,109",NODELAY,0,AUTO,Diesel,false,false,NA,1,1,0
pinnacle-Slc,Clearwater Campus,CAB,"June 8, 2026",13:30,"3,209,435",LOGOUT,false,Divya Sokolov Travel,TBV 359 GP,TBV 359 GP,3,18.29,18.1,"1,780,925,400","1,780,927,620","1,780,925,479","1,780,928,947",NODELAY,0,AUTO,Diesel,false,false,NA,2,2,0
pinnacle-Slc,Oakmont Office,CAB,"June 12, 2026",08:30,"3,233,927",LOGIN,false,Divya Sokolov Travel,GUY 397 GP,GUY 397 GP,3,14.95,15.47,"1,781,249,760","1,781,252,700","1,781,250,310","1,781,254,394",EMPLOYEE,8,AUTO,Diesel,false,false,HOME,2,1,0
pinnacle-Slc,Oakmont Office,CAB,"June 12, 2026",15:00,"3,234,939",LOGOUT,false,Rahul Morozov Travel,HDG 103 GP,HDG 103 GP,3,4.32,3.04,"1,781,276,400","1,781,277,360","1,781,276,725","1,781,279,829",NODELAY,0,AUTO,Diesel,false,false,NODAL,2,2,0
pinnacle-Slc,Willow Bend Campus,CAB,"June 17, 2026",14:00,"3,257,211",LOGIN,false,Rahul Mikhailov Travel,RQC 973 GP,RQC 973 GP,3,10.16,9.64,"1,781,702,340","1,781,704,500","1,781,702,453","1,781,704,526",NODELAY,0,AUTO,Diesel,false,false,NODAL,1,1,0
pinnacle-Slc,Oakmont Office,CAB,"July 17, 2026",09:00,"3,410,802",LOGIN,false,Arjun Mikhailov Travel,QTC 679 GP,QTC 679 GP,3,3.9,3.6,"1,784,276,940","1,784,278,500","1,784,277,343","1,784,278,369",NODELAY,0,AUTO,Diesel,false,false,NODAL,2,1,0
pinnacle-Slc,Clearwater Campus,CAB,"July 14, 2026",09:00,"3,389,469",LOGIN,false,Amit Mikhailov Travel,SGS 953 GP,SGS 953 GP,3,17.15,16.92,"1,784,015,160","1,784,019,300","1,784,015,589","1,784,019,517",NODELAY,0,AUTO,Diesel,false,false,NA,2,2,0
pinnacle-Slc,Clearwater Campus,CAB,"July 21, 2026",07:30,"3,422,642",LOGIN,false,Aarav Mikhailov Travel,HYE 500 GP,HYE 500 GP,3,20.79,21,"1,784,615,100","1,784,618,700","1,784,615,381","1,784,618,614",NODELAY,0,AUTO,Diesel,false,false,NA,3,3,0
pinnacle-Slc,Willow Bend Campus,CAB,"July 21, 2026",14:30,"3,425,676",LOGOUT,false,Sanjay Mikhailov Travel,LGP 306 GP,LGP 306 GP,3,11.44,11.89,"1,784,644,200","1,784,646,180","1,784,644,507","1,784,646,612",NODELAY,0,AUTO,Diesel,false,false,NA,1,1,0
pinnacle-Slc,Clearwater Campus,CAB,"July 23, 2026",07:30,"3,436,025",LOGIN,false,Sanjay Mikhailov Travel,GUL 031 GP,GUL 031 GP,3,25.55,25.1,"1,784,788,020","1,784,791,500","1,784,788,417","1,784,791,638",NODELAY,0,AUTO,Diesel,false,false,HOME,3,3,0
pinnacle-Slc,Clearwater Campus,CAB,"July 22, 2026",15:30,"3,433,526",LOGOUT,false,Aarav Mikhailov Travel,HUW 638 GP,HUW 638 GP,3,21.49,22.4,"1,784,734,200","1,784,738,520","1,784,734,800","1,784,739,960",EMPLOYEE,1,AUTO,Diesel,false,false,HOME,3,3,0
pinnacle-Slc,Oakmont Office,CAB,"July 22, 2026",17:00,"3,430,303",LOGIN,false,Rahul Mikhailov Travel,IWF 731 GP,IWF 731 GP,3,25.05,28.17,"1,784,733,900","1,784,739,300","1,784,734,913","1,784,740,219",NODELAY,0,AUTO,Diesel,false,false,HOME,1,1,0
pinnacle-Slc,Clearwater Campus,CAB,"July 27, 2026",08:30,"3,452,031",LOGIN,false,Rahul Orlov Travel,TST 657 GP,TST 657 GP,3,22.97,25.5,"1,785,134,940","1,785,140,700","1,785,135,251","1,785,138,973",NODELAY,0,AUTO,Diesel,false,false,HOME,2,1,0
orbit-Slc,Lakeside Commons,BUS,"May 4, 2026",13:00,"1,210,451",LOGIN,false,Anjali Mikhailov Travel,YMH 322 GP,YMH 322 GP,6,19.8,22.12,"1,777,893,000","1,777,898,700","1,777,892,914","1,777,896,903",NODELAY,0,MANUAL,Diesel,false,false,HOME,4,4,0
catalyst-Sac,Santa Clara Office,CAB,"May 19, 2026",04:00,"1,461,042",LOGOUT,false,Rohan Mikhailov Travel,AEK 638 GP,AEK 638 GP,6,20.05,20.48,"1,779,164,100","1,779,165,300","1,779,164,128","1,779,167,545",NODELAY,0,AUTO,Petrol,false,false,NA,6,6,0
vanta-Aus,Cedar Ridge Office,CAB,"May 21, 2026",21:15,"1,133,309",LOGOUT,true,Sneha Mikhailov Travel,TSC 921 GP,TSC 921 GP,3,35,33.5,"1,779,399,000","1,779,403,440","1,779,397,798","1,779,403,905",NODELAY,0,AUTO,Diesel,false,false,NA,2,2,1
vanta-Aus,Cedar Ridge Office,CAB,"May 22, 2026",11:00,"1,133,959",LOGIN,false,Sanjay Mikhailov Travel,ZGR 698 GP,ZGR 698 GP,5,2.08,3.3,"1,779,444,900","1,779,446,700","1,779,445,279","1,779,446,055",NODELAY,0,AUTO,Electric,false,false,HOME,5,3,2
catalyst-Sac,Santa Clara Office,CAB,"May 29, 2026",04:00,"1,474,591",LOGOUT,false,Divya Mikhailov Travel,OGO 162 GP,OGO 162 GP,6,3.86,4.09,"1,780,028,100","1,780,028,580","1,780,028,311","1,780,029,748",NODELAY,0,AUTO,Petrol,false,false,HOME,6,6,0
orbit-Slc,Lakeside Commons,CAB,"May 14, 2026",20:00,"1,229,794",LOGOUT,false,Anjali Mikhailov Travel,UFS 977 GP,UFS 977 GP,3,34.68,33.3,"1,778,789,700","1,778,796,000","1,778,789,629","1,778,795,662",NODELAY,0,AUTO,Electric,false,false,HOME,3,3,0
vanta-Sea,Denver Office,CAB,"May 4, 2026",22:16,"4,819,867",LOGOUT,false,Sanjay Mikhailov Travel,QTN 625 GP,QTN 625 GP,3,18,10.5,"1,777,933,860","1,777,935,360","1,777,933,045","1,777,934,793",NODELAY,0,AUTO,Electric,false,false,NA,3,1,2
vanta-Sea,Denver Office,BUS,"May 6, 2026",14:00,"4,825,321",LOGIN,false,Isha Mikhailov Travel,LOZ 136 GP,LOZ 136 GP,12,3.33,3.1,"1,778,074,980","1,778,075,700","1,778,074,761","1,778,075,802",NODELAY,0,MANUAL,Petrol,false,false,NA,3,3,0
vanta-Sea,Denver Office,BUS,"May 4, 2026",11:00,"4,817,299",LOGIN,false,Sanjay Mikhailov Travel,CET 123 GP,CET 123 GP,12,4.26,7.6,"1,777,890,600","1,777,892,100","1,777,889,447","1,777,891,726",NODELAY,0,MANUAL,Petrol,false,false,NA,6,4,3
vanta-Sea,Denver Office,CAB,"May 5, 2026",19:16,"4,822,791",LOGOUT,true,Aarav Mikhailov Travel,TYD 953 GP,TYD 953 GP,3,12.91,12.3,"1,778,009,460","1,778,010,840","1,778,008,574","1,778,012,915",NODELAY,0,AUTO,Electric,false,false,NA,2,3,0
vanta-Sea,Denver Office,BUS,"May 6, 2026",15:16,"4,825,862",LOGOUT,false,Priya Mikhailov Travel,CGU 441 GP,CGU 441 GP,3,27.48,33.5,"1,778,080,560","1,778,082,180","1,778,079,825","1,778,084,467",NODELAY,0,MANUAL,Petrol,false,false,NA,2,2,0
vanta-Aus,Cedar Ridge Office,CAB,"May 26, 2026",14:00,"1,139,973",LOGIN,false,Priya Mikhailov Travel,HHO 118 GP,HHO 118 GP,3,14.75,14.4,"1,779,799,680","1,779,803,100","1,779,799,771","1,779,801,957",NODELAY,0,AUTO,Electric,false,false,NA,2,2,0
catalyst-Sac,Crestwood Campus,CAB,"June 3, 2026",05:30,"1,479,005",LOGIN,false,Priya Mikhailov Travel,CVA 255 GP,CVA 255 GP,4,28.07,27.17,"1,780,459,200","1,780,462,800","1,780,459,364","1,780,462,317",NODELAY,0,AUTO,Petrol,false,false,NA,3,3,0
vanta-Aus,Cedar Ridge Office,CAB,"June 1, 2026",09:00,"1,149,594",LOGIN,false,Sneha Mikhailov Travel,IBQ 042 GP,IBQ 042 GP,5,11.29,17.6,"1,780,301,220","1,780,303,500","1,780,301,419","1,780,303,618",NODELAY,0,AUTO,Diesel,false,false,HOME,3,2,1
vanta-Aus,Cedar Ridge Office,CAB,"June 4, 2026",21:15,"1,156,674",LOGOUT,false,Priya Mikhailov Travel,AZJ 865 GP,AZJ 865 GP,3,39.52,37.8,"1,780,608,600","1,780,613,520","1,780,607,301","1,780,612,981",NODELAY,0,AUTO,Electric,false,false,NA,2,2,0
vanta-Aus,Cedar Ridge Office,CAB,"June 2, 2026",23:15,"1,152,576",LOGOUT,true,Sanjay Mikhailov Travel,LSE 915 GP,LSE 915 GP,3,19.5,21.1,"1,780,443,000","1,780,447,200","1,780,441,799","1,780,445,344",NODELAY,0,AUTO,Electric,false,false,NA,2,3,0
orbit-Slc,Lakeside Commons,BUS,"June 4, 2026",13:00,"1,261,087",LOGIN,false,Rahul Mikhailov Travel,EVN 736 GP,EVN 736 GP,12,35.52,38.9,"1,780,569,900","1,780,577,100","1,780,570,504","1,780,578,555",TRAFFIC,9,MANUAL,Diesel,false,false,NA,7,5,2
vanta-Sea,Denver Office,BUS,"June 1, 2026",14:00,"4,901,587",LOGIN,false,Aarav Mikhailov Travel,ZKW 061 GP,ZKW 061 GP,12,4.15,4.2,"1,780,321,380","1,780,322,100","1,780,320,240","1,780,322,409",NODELAY,0,MANUAL,Petrol,false,false,NA,5,4,1
vanta-Aus,Cedar Ridge Office,CAB,"June 19, 2026",05:15,"1,182,856",LOGOUT,false,Meera Pavlov Travel,AMI 814 GP,AMI 814 GP,3,14.21,14.9,"1,781,847,000","1,781,848,560","1,781,846,273","1,781,847,818",NODELAY,0,AUTO,Electric,false,false,HOME,1,1,0
vanta-Sea,Denver Office,CAB,"June 1, 2026",21:16,"4,903,258",LOGOUT,false,Anjali Mikhailov Travel,NTG 316 GP,NTG 316 GP,3,13.56,13.2,"1,780,349,460","1,780,351,140","1,780,348,409","1,780,351,691",NODELAY,0,AUTO,Petrol,false,false,NA,2,1,1
orbit-Slc,Eastgate Office,BUS,"June 5, 2026",11:00,"1,263,442",LOGIN,false,Rohan Mikhailov Travel,CLC 674 GP,CLC 674 GP,6,18.09,21.6,"1,780,652,100","1,780,656,300","1,780,652,065","1,780,656,201",NODELAY,0,MANUAL,Diesel,false,false,HOME,5,5,0
catalyst-Sac,Santa Clara Office,CAB,"June 10, 2026",19:00,"1,488,950",LOGOUT,false,Vikram Mikhailov Travel,UZE 603 GP,UZE 603 GP,4,18.81,17.86,"1,781,118,900","1,781,120,580","1,781,118,840","1,781,123,088",NODELAY,0,AUTO,Petrol,false,false,NA,3,3,0
vanta-Aus,Cedar Ridge Office,CAB,"June 25, 2026",11:00,"1,193,254",LOGIN,false,Priya Mikhailov Travel,ZTV 514 GP,ZTV 514 GP,3,3.4,4.3,"1,782,382,260","1,782,384,300","1,782,382,513","1,782,383,480",NODELAY,0,AUTO,Electric,false,false,HOME,3,2,1
vanta-Aus,Cedar Ridge Office,CAB,"June 8, 2026",12:00,"1,161,247",LOGIN,false,Anjali Mikhailov Travel,USH 325 GP,USH 325 GP,5,10.62,12.7,"1,780,916,820","1,780,919,100","1,780,917,092","1,780,919,543",NODELAY,0,AUTO,Diesel,false,false,HOME,5,5,0
vanta-Aus,Cedar Ridge Office,CAB,"June 23, 2026",20:15,"1,190,196",LOGOUT,true,Sanjay Mikhailov Travel,MWR 631 GP,MWR 631 GP,5,8.39,23.5,"1,782,246,600","1,782,248,820","1,782,245,557","1,782,250,650",NODELAY,0,AUTO,Electric,false,false,NA,3,4,1
catalyst-Sac,Santa Clara Office,CAB,"June 16, 2026",21:30,"1,496,847",LOGOUT,true,Divya Mikhailov Travel,KUX 691 GP,KUX 691 GP,4,23.12,23.1,"1,781,646,300","1,781,648,520","1,781,647,459","1,781,653,912",DRIVER,2,AUTO,Petrol,false,false,HOME,3,4,0
vanta-Aus,Cedar Ridge Office,CAB,"May 7, 2026",18:15,"1,108,158",LOGOUT,false,Priya Mikhailov Travel,WDU 626 GP,WDU 626 GP,3,18.46,21,"1,778,178,600","1,778,181,840","1,778,177,613","1,778,183,767",NODELAY,0,AUTO,Electric,false,false,NA,2,2,0
catalyst-Sac,Santa Clara Office,CAB,"May 12, 2026",20:30,"1,453,203",LOGOUT,false,Vikram Mikhailov Travel,WKC 101 GP,WKC 101 GP,4,7.55,7.34,"1,778,618,700","1,778,619,600","1,778,618,698","1,778,620,345",NODELAY,0,AUTO,Petrol,false,false,HOME,3,3,0
catalyst-Sac,Santa Clara Office,CAB,"May 1, 2026",02:00,"1,441,079",LOGOUT,false,Vikram Mikhailov Travel,JKV 988 GP,JKV 988 GP,4,13.17,13.2,"1,777,601,700","1,777,602,180","1,777,601,500","1,777,603,505",NODELAY,0,AUTO,Petrol,false,false,NA,2,2,0
vanta-Aus,Cedar Ridge Office,CAB,"May 8, 2026",21:15,"1,110,446",LOGOUT,true,Priya Mikhailov Travel,SWQ 374 GP,SWQ 374 GP,3,20.45,17.2,"1,778,275,800","1,778,278,620","1,778,274,806","1,778,278,410",NODELAY,0,AUTO,Electric,false,false,NA,2,2,1
catalyst-Sac,Santa Clara Office,CAB,"May 12, 2026",22:30,"1,453,506",LOGOUT,true,Rohan Mikhailov Travel,SQY 915 GP,SQY 915 GP,4,20.26,20.3,"1,778,625,900","1,778,628,000","1,778,625,811","1,778,631,354",NODELAY,0,AUTO,Petrol,false,false,NA,2,3,0
catalyst-Sac,Santa Clara Office,CAB,"May 15, 2026",19:00,"1,458,525",LOGOUT,true,Vikram Mikhailov Travel,BWC 900 GP,BWC 900 GP,4,16.36,16.4,"1,778,872,500","1,778,874,480","1,778,872,220","1,778,880,739",NODELAY,0,AUTO,Petrol,false,false,HOME,3,4,0
catalyst-Sac,Oakmont Office,CAB,"May 18, 2026",20:00,"1,460,021",LOGOUT,true,Aarav Mikhailov Travel,JDC 184 GP,JDC 184 GP,4,27.3,27.3,"1,779,135,300","1,779,140,220","1,779,134,655","1,779,147,807",NODELAY,0,AUTO,Petrol,false,false,NA,1,2,0
vanta-Aus,Cedar Ridge Office,CAB,"May 13, 2026",18:15,"1,118,179",LOGOUT,true,Priya Mikhailov Travel,VGZ 244 GP,VGZ 244 GP,3,16.57,16.7,"1,778,697,000","1,778,698,500","1,778,695,827","1,778,699,657",NODELAY,0,AUTO,Electric,false,false,HOME,2,3,0
vanta-Aus,Cedar Ridge Office,CAB,"May 21, 2026",19:15,"1,132,975",LOGOUT,true,Sanjay Mikhailov Travel,PHS 265 GP,PHS 265 GP,5,19.51,21.3,"1,779,391,800","1,779,394,920","1,779,390,601","1,779,396,301",NODELAY,0,AUTO,Diesel,false,false,NA,4,5,0
vanta-Aus,Cedar Ridge Office,CAB,"July 17, 2026",13:00,"1,234,137",LOGIN,false,Meera Pavlov Travel,JDQ 803 GP,JDQ 803 GP,5,17.1,23.7,"1,784,288,820","1,784,292,300","1,784,288,929","1,784,292,692",NODELAY,0,AUTO,Diesel,false,false,NA,2,2,0
vanta-Aus,Cedar Ridge Office,CAB,"July 15, 2026",14:00,"1,229,794",LOGIN,false,Anjali Mikhailov Travel,PBC 436 GP,PBC 436 GP,3,13.53,14,"1,784,119,860","1,784,123,100","1,784,119,949","1,784,122,247",NODELAY,0,AUTO,Diesel,false,false,HOME,1,1,0
orbit-Slc,Eastgate Office,BUS,"July 22, 2026",13:00,"1,347,834",LOGIN,false,Rohan Mikhailov Travel,VFZ 430 GP,VFZ 430 GP,3,16.78,24.13,"1,784,719,920","1,784,724,300","1,784,720,440","1,784,723,740",NODELAY,0,MANUAL,Diesel,false,false,HOME,3,3,0
vanta-Aus,Cedar Ridge Office,CAB,"July 20, 2026",11:00,"1,237,612",LOGIN,false,Sneha Mikhailov Travel,JLZ 891 GP,JLZ 891 GP,5,18.64,19.1,"1,784,541,000","1,784,544,300","1,784,540,931","1,784,545,443",TRAFFIC,4,AUTO,Diesel,false,false,HOME,2,2,0
catalyst-Sac,Santa Clara Office,CAB,"July 22, 2026",04:30,"1,546,329",LOGOUT,true,Vikram Mikhailov Travel,IXK 816 GP,IXK 816 GP,4,5.23,5.23,"1,784,695,500","1,784,696,040","1,784,695,665","1,784,697,052",NODELAY,0,AUTO,Petrol,false,false,NA,1,2,0
orbit-Slc,Lakeside Commons,CAB,"July 28, 2026",22:00,"1,360,415",LOGOUT,false,Rahul Mikhailov Travel,DVE 747 GP,DVE 747 GP,3,11.8,16.64,"1,785,276,900","1,785,278,580","1,785,277,186","1,785,280,331",NODELAY,0,AUTO,Diesel,false,false,NA,3,3,0
catalyst-Sac,Santa Clara Office,CAB,"July 29, 2026",01:30,"1,555,075",LOGOUT,true,Divya Mikhailov Travel,TJD 965 GP,TJD 965 GP,4,25.38,24.13,"1,785,289,500","1,785,292,920","1,785,289,613","1,785,292,272",NODELAY,0,AUTO,Petrol,false,false,NA,3,4,0
vanta-Aus,Cedar Ridge Office,CAB,"July 23, 2026",17:15,"1,244,691",LOGOUT,false,Priya Mikhailov Travel,UJU 481 GP,UJU 481 GP,3,19.83,20.8,"1,784,827,800","1,784,831,880","1,784,826,804","1,784,831,551",NODELAY,0,AUTO,Diesel,false,false,NA,1,1,0
pinnacle-Slc,Oakmont Office,CAB,"June 11, 2026",16:30,"3,227,870",LOGOUT,false,Divya Mikhailov Travel,PZE 123 GP,PZE 123 GP,3,10.58,10.19,"1,781,195,400","1,781,197,500","1,781,195,422","1,781,198,377",NODELAY,0,AUTO,Diesel,false,false,NA,1,1,0
pinnacle-Slc,Clearwater Campus,CAB,"June 16, 2026",07:30,"3,247,833",LOGIN,false,Amit Mikhailov Travel,LMQ 475 GP,LMQ 475 GP,3,20.5,20.17,"1,781,591,940","1,781,594,700","1,781,591,576","1,781,593,581",NODELAY,0,AUTO,Diesel,false,false,NODAL,1,1,0
pinnacle-Slc,Oakmont Office,CAB,"June 9, 2026",15:30,"3,214,232",LOGOUT,false,Pooja Mikhailov Travel,BCB 203 GP,BCB 203 GP,3,10.56,12.3,"1,781,019,000","1,781,020,620","1,781,018,933","1,781,022,085",NODELAY,0,AUTO,Diesel,false,false,NODAL,2,2,0
pinnacle-Slc,Oakmont Office,CAB,"June 9, 2026",Non Shift,"3,218,979",LOGOUT,false,Divya Sokolov Travel,SFY 268 GP,SFY 268 GP,3,4.45,5.81,"1,781,026,200","1,781,027,880","1,781,026,663","1,781,028,289",NODELAY,0,AUTO,Diesel,false,false,NA,1,1,0
pinnacle-Slc,Willow Bend Campus,CAB,"June 11, 2026",21:30,"3,227,288",LOGIN,true,Karan Mikhailov Travel,TJZ 991 GP,TJZ 991 GP,3,14.84,15.74,"1,781,210,700","1,781,213,100","1,781,208,927","1,781,212,494",NODELAY,0,AUTO,Diesel,false,false,HOME,2,2,0
vanta-Sea,Denver Office,BUS,"June 23, 2026",12:00,"4,975,009",LOGIN,false,Anjali Mikhailov Travel,QFR 271 GP,QFR 271 GP,5,18.72,20.7,"1,782,210,360","1,782,215,100","1,782,210,391","1,782,215,838",NODELAY,0,MANUAL,Electric,false,false,HOME,4,4,0
vanta-Sea,Denver Office,CAB,"June 23, 2026",18:16,"4,976,691",LOGOUT,false,Anjali Mikhailov Travel,GCI 982 GP,GCI 982 GP,3,7.95,8,"1,782,239,460","1,782,240,480","1,782,238,372","1,782,242,461",NODELAY,0,AUTO,Electric,false,false,NA,2,2,0
vanta-Sea,Denver Office,BUS,"June 24, 2026",14:00,"4,979,992",LOGIN,false,Aarav Petrov Travel,ENH 223 GP,ENH 223 GP,3,19.05,16.4,"1,782,306,540","1,782,308,700","1,782,306,324","1,782,310,165",TRAFFIC,9,MANUAL,Electric,false,false,NA,1,1,0
vanta-Sea,Denver Office,CAB,"June 25, 2026",07:00,"4,982,887",LOGIN,true,Aarav Petrov Travel,HLE 689 GP,HLE 689 GP,3,11.43,11,"1,782,368,700","1,782,369,900","1,782,368,746","1,782,369,991",NODELAY,0,AUTO,Petrol,false,false,HOME,1,2,0
vanta-Sea,Denver Office,CAB,"June 29, 2026",17:16,"4,995,705",LOGOUT,false,Anjali Mikhailov Travel,GJD 967 GP,GJD 967 GP,5,13.76,13.5,"1,782,754,260","1,782,756,180","1,782,753,025","1,782,757,044",NODELAY,0,AUTO,Petrol,false,false,NA,3,2,1
vanta-Sea,Denver Office,CAB,"June 22, 2026",Non Shift,"4,972,993",LOGOUT,false,Priya Mikhailov Travel,LVJ 138 GP,LVJ 138 GP,12,0.0003,8.7,"1,782,160,380","1,782,163,860","1,782,160,617","1,782,162,082",NODELAY,0,AUTO,Petrol,false,false,NA,1,3,1
vanta-Sea,Denver Office,BUS,"June 23, 2026",10:00,"4,974,534",LOGIN,false,Sanjay Mikhailov Travel,BAI 916 GP,BAI 916 GP,5,33,27.5,"1,782,202,020","1,782,207,900","1,782,201,042","1,782,209,920",TRAFFIC,18,MANUAL,Petrol,false,false,HOME,5,5,0
vanta-Sea,Denver Office,BUS,"June 26, 2026",10:00,"4,987,382",LOGIN,false,Priya Mikhailov Travel,RKQ 133 GP,RKQ 133 GP,5,27.56,23.5,"1,782,462,120","1,782,467,100","1,782,461,075","1,782,465,999",NODELAY,0,MANUAL,Petrol,false,false,NODAL,3,2,1
vanta-Sea,Denver Office,CAB,"June 29, 2026",05:00,"4,993,335",LOGIN,true,Priya Mikhailov Travel,HOH 327 GP,HOH 327 GP,3,3.63,1.7,"1,782,707,640","1,782,708,300","1,782,707,584","1,782,707,851",NODELAY,0,AUTO,Petrol,false,false,NA,1,2,0
pinnacle-Slc,Willow Bend Campus,CAB,"June 18, 2026",22:30,"3,267,801",LOGOUT,false,Rohan Mikhailov Travel,PHW 642 GP,PHW 642 GP,3,30.6,30.8,"1,781,821,800","1,781,825,640","1,781,821,480","1,781,825,379",NODELAY,0,AUTO,Diesel,false,false,HOME,1,1,0
vanta-Sea,Denver Office,CAB,"June 26, 2026",03:16,"4,987,622",LOGOUT,false,Isha Mikhailov Travel,SIW 990 GP,SIW 990 GP,3,15.74,16.2,"1,782,444,660","1,782,447,060","1,782,443,887","1,782,445,724",NODELAY,0,AUTO,Petrol,false,false,NA,1,1,0
vanta-Sea,Denver Office,CAB,"June 30, 2026",08:00,"4,997,462",LOGIN,false,Priya Mikhailov Travel,ZIP 549 GP,ZIP 549 GP,3,32.15,32,"1,782,802,380","1,782,805,500","1,782,802,622","1,782,807,438",TRAFFIC,17,AUTO,Petrol,false,false,HOME,1,1,0
vanta-Sea,Denver Office,CAB,"June 23, 2026",20:16,"4,977,272",LOGOUT,false,Isha Mikhailov Travel,NUS 595 GP,NUS 595 GP,5,12.04,12,"1,782,246,660","1,782,247,620","1,782,245,758","1,782,249,198",NODELAY,0,AUTO,Petrol,false,false,NA,5,5,0
vanta-Sea,Denver Office,CAB,"June 24, 2026",08:00,"4,978,726",LOGIN,false,Isha Mikhailov Travel,UCU 973 GP,UCU 973 GP,3,11.59,10.1,"1,782,285,600","1,782,287,100","1,782,285,504","1,782,288,225",TRAFFIC,3,AUTO,Electric,false,false,HOME,3,3,0
vanta-Sea,Pinecrest Office,SPOT_2.0,"July 27, 2026",Non Shift,"5,086,347",LOGIN,false,Meera Lebedev Travel,VHQ 143 GP,VHQ 143 GP,5,0,47.3,"1,785,163,500","1,785,167,850","1,785,162,932","1,785,167,761",NODELAY,0,RENTLZ,Petrol,false,false,NA,1,1,0
vanta-Sea,Denver Office,CAB,"July 22, 2026",11:00,"5,069,445",LOGIN,false,Aarav Mikhailov Travel,AOP 570 GP,AOP 570 GP,3,11.04,9.2,"1,784,715,900","1,784,717,100","1,784,715,547","1,784,718,497",TRAFFIC,8,AUTO,Electric,false,false,HOME,2,1,1
vanta-Sea,Denver Office,BUS,"July 23, 2026",12:00,"5,073,789",LOGIN,false,Priya Mikhailov Travel,VQN 690 GP,VQN 690 GP,3,18.53,17.5,"1,784,803,320","1,784,807,100","1,784,802,931","1,784,807,547",NODELAY,0,MANUAL,Petrol,false,false,HOME,3,3,0
vanta-Sea,Denver Office,BUS,"July 27, 2026",12:00,"5,085,596",LOGIN,false,Sanjay Mikhailov Travel,BOZ 314 GP,BOZ 314 GP,5,13.43,13.2,"1,785,149,460","1,785,152,700","1,785,148,642","1,785,152,722",NODELAY,0,MANUAL,Petrol,false,false,HOME,5,5,0
vanta-Sea,Denver Office,CAB,"July 29, 2026",08:00,"5,093,439",LOGIN,false,Aarav Petrov Travel,IJY 693 GP,IJY 693 GP,3,14.79,15.1,"1,785,309,540","1,785,311,100","1,785,309,470","1,785,313,365",TRAFFIC,22,AUTO,Electric,false,false,HOME,1,1,0
vanta-Sea,Denver Office,BUS,"July 28, 2026",11:00,"5,089,557",LOGIN,false,Isha Mikhailov Travel,VVG 208 GP,VVG 208 GP,3,15.56,15.4,"1,785,231,660","1,785,235,500","1,785,231,405","1,785,237,211",TRAFFIC,13,MANUAL,Petrol,false,false,HOME,3,3,0
vanta-Sea,Denver Office,BUS,"July 29, 2026",11:00,"5,094,006",LOGIN,false,Priya Mikhailov Travel,ULW 340 GP,ULW 340 GP,5,5.11,5,"1,785,320,760","1,785,321,900","1,785,318,978","1,785,322,374",NODELAY,0,MANUAL,Petrol,false,false,HOME,5,5,0
vanta-Sea,Denver Office,CAB,"July 29, 2026",20:16,"5,096,680",LOGOUT,false,Sanjay Mikhailov Travel,KJH 158 GP,KJH 158 GP,3,8.67,8.5,"1,785,357,060","1,785,358,500","1,785,355,752","1,785,358,714",NODELAY,0,AUTO,Electric,false,false,HOME,3,2,1
vanta-Sea,Denver Office,BUS,"July 29, 2026",13:00,"5,094,487",LOGIN,false,Priya Mikhailov Travel,OAB 319 GP,OAB 319 GP,12,9.83,9,"1,785,327,360","1,785,329,100","1,785,325,836","1,785,330,010",NODELAY,0,MANUAL,Petrol,false,false,HOME,11,8,3
vanta-Sea,Denver Office,CAB,"July 29, 2026",22:16,"5,097,249",LOGOUT,true,Priya Mikhailov Travel,SRJ 226 GP,SRJ 226 GP,3,16.26,16.5,"1,785,364,260","1,785,366,420","1,785,363,554","1,785,366,573",NODELAY,0,AUTO,Petrol,false,false,HOME,2,3,0
vanta-Sea,Denver Office,CAB,"July 30, 2026",08:00,"5,097,874",LOGIN,false,Priya Mikhailov Travel,DQL 151 GP,DQL 151 GP,3,9.1,7.6,"1,785,396,000","1,785,397,500","1,785,396,154","1,785,397,280",NODELAY,0,AUTO,Petrol,false,false,HOME,2,1,1
vanta-Sea,Denver Office,BUS,"July 30, 2026",11:00,"5,098,426",LOGIN,false,Aarav Mikhailov Travel,DDV 587 GP,DDV 587 GP,5,1.65,1.3,"1,785,408,840","1,785,409,200","1,785,407,176","1,785,409,755",NODELAY,0,MANUAL,Petrol,false,false,HOME,5,2,4
pinnacle-Slc,Clearwater Campus,CAB,"July 1, 2026",18:30,"3,330,251",LOGOUT,false,Karan Mikhailov Travel,WQJ 862 GP,WQJ 862 GP,3,8.62,8.59,"1,782,930,600","1,782,931,200","1,782,931,726","1,782,934,954",DRIVER,12,AUTO,Diesel,false,false,NODAL,2,2,0
pinnacle-Slc,Willow Bend Campus,CAB,"July 2, 2026",09:00,"3,336,471",LOGIN,false,Amit Mikhailov Travel,MNV 329 GP,MNV 329 GP,3,26.48,25.89,"1,782,978,360","1,782,982,500","1,782,978,510","1,782,984,775",TRAFFIC,17,AUTO,Diesel,false,false,HOME,2,2,0
pinnacle-Slc,Willow Bend Campus,CAB,"June 26, 2026",16:30,"3,311,971",LOGOUT,false,Divya Mikhailov Travel,FTB 659 GP,FTB 659 GP,3,33.08,35.52,"1,782,491,400","1,782,495,600","1,782,490,261","1,782,495,696",NODELAY,0,AUTO,Diesel,false,false,HOME,1,1,0
pinnacle-Slc,Clearwater Campus,CAB,"June 30, 2026",16:30,"3,322,744",LOGOUT,false,Amit Volkov Travel,ANR 733 GP,ANR 733 GP,3,16.63,16.1,"1,782,837,000","1,782,840,780","1,782,837,862","1,782,842,251",NODELAY,0,AUTO,Diesel,false,false,NA,2,1,0
pinnacle-Slc,Clearwater Campus,CAB,"June 30, 2026",07:30,"3,322,074",LOGIN,false,Amit Mikhailov Travel,CGS 328 GP,CGS 328 GP,3,43.91,43.5,"1,782,800,100","1,782,804,300","1,782,800,498","1,782,804,999",NODELAY,0,AUTO,Diesel,false,false,HOME,2,2,0
pinnacle-Slc,Willow Bend Campus,CAB,"June 30, 2026",15:00,"3,325,240",LOGOUT,false,Rohan Mikhailov Travel,QZV 898 GP,QZV 898 GP,3,6.84,10.2,"1,782,831,600","1,782,834,120","1,782,832,190","1,782,835,363",NODELAY,0,AUTO,Diesel,false,false,HOME,2,2,0
vanta-Sea,Denver Office,BUS,"May 12, 2026",13:00,"4,842,401",LOGIN,false,Priya Mikhailov Travel,BZF 515 GP,BZF 515 GP,5,41.3,33.3,"1,778,584,800","1,778,589,900","1,778,584,533","1,778,593,835",TRAFFIC,50,MANUAL,Petrol,false,false,HOME,4,4,0
vanta-Sea,Denver Office,CAB,"May 14, 2026",17:16,"4,851,104",LOGOUT,false,Anjali Mikhailov Travel,NMX 008 GP,NMX 008 GP,5,16,16.7,"1,778,779,860","1,778,781,180","1,778,778,790","1,778,784,161",NODELAY,0,AUTO,Petrol,false,false,NA,4,4,0
vanta-Sea,Denver Office,BUS,"May 8, 2026",16:16,"4,833,589",LOGOUT,false,Isha Mikhailov Travel,SKG 314 GP,SKG 314 GP,5,33.4,24.3,"1,778,256,960","1,778,258,520","1,778,256,866","1,778,262,142",NODELAY,0,MANUAL,Petrol,false,false,NA,1,2,0
vanta-Sea,Denver Office,CAB,"May 8, 2026",08:00,"4,831,671",LOGIN,false,Aarav Mikhailov Travel,LJA 682 GP,LJA 682 GP,3,12.57,11.5,"1,778,224,200","1,778,226,300","1,778,224,514","1,778,226,210",NODELAY,0,AUTO,Electric,false,false,HOME,2,2,0
vanta-Sea,Denver Office,CAB,"May 11, 2026",17:16,"4,839,392",LOGOUT,false,Isha Mikhailov Travel,TZO 151 GP,TZO 151 GP,3,25.16,26.3,"1,778,520,660","1,778,523,480","1,778,519,740","1,778,525,281",NODELAY,0,AUTO,Petrol,false,false,NA,1,1,0
vanta-Sea,Denver Office,BUS,"May 19, 2026",14:00,"4,863,216",LOGIN,false,Sanjay Mikhailov Travel,XIE 876 GP,XIE 876 GP,3,10.56,10.2,"1,779,197,820","1,779,198,300","1,779,197,004","1,779,200,425",TRAFFIC,20,MANUAL,Electric,false,false,NA,1,1,0
vanta-Sea,Denver Office,CAB,"May 15, 2026",21:16,"4,855,735",LOGOUT,true,Priya Mikhailov Travel,XTP 672 GP,XTP 672 GP,3,2.34,3.6,"1,778,880,660","1,778,881,140","1,778,879,868","1,778,881,486",NODELAY,0,AUTO,Petrol,false,false,NA,2,3,1
vanta-Sea,Denver Office,BUS,"May 13, 2026",09:00,"4,845,450",LOGIN,false,Aarav Petrov Travel,TQK 349 GP,TQK 349 GP,3,22.35,20.5,"1,778,659,200","1,778,661,900","1,778,658,536","1,778,662,548",NODELAY,0,MANUAL,Petrol,false,false,HOME,1,1,0
vanta-Sea,Denver Office,BUS,"May 20, 2026",14:00,"4,867,310",LOGIN,false,Isha Mikhailov Travel,KGJ 437 GP,KGJ 437 GP,5,31.89,30.4,"1,779,280,560","1,779,284,700","1,779,279,199","1,779,286,510",TRAFFIC,15,MANUAL,Petrol,false,false,HOME,4,4,0
vanta-Sea,Denver Office,CAB,"May 23, 2026",11:00,"4,877,483",LOGIN,false,Sanjay Mikhailov Travel,BBA 637 GP,BBA 637 GP,3,13.62,13.5,"1,779,530,700","1,779,533,100","1,779,530,659","1,779,532,935",NODELAY,0,AUTO,Electric,false,false,HOME,1,1,0
vanta-Sea,Denver Office,BUS,"May 22, 2026",12:00,"4,874,551",LOGIN,false,Anjali Mikhailov Travel,DYY 378 GP,DYY 378 GP,12,23.22,19.4,"1,779,446,100","1,779,450,300","1,779,444,494","1,779,450,652",NODELAY,0,MANUAL,Petrol,false,false,HOME,12,9,3
vanta-Sea,Denver Office,CAB,"May 21, 2026",19:16,"4,872,494",LOGOUT,false,Aarav Mikhailov Travel,BIE 446 GP,BIE 446 GP,3,13.04,13.1,"1,779,391,860","1,779,392,880","1,779,391,194","1,779,395,871",NODELAY,0,AUTO,Petrol,false,false,NA,1,1,0
vanta-Sea,Denver Office,CAB,"May 21, 2026",01:16,"4,870,016",LOGOUT,false,Sanjay Mikhailov Travel,MHJ 152 GP,MHJ 152 GP,3,30,31.6,"1,779,327,060","1,779,330,240","1,779,326,135","1,779,329,368",NODELAY,0,AUTO,Petrol,false,false,NA,1,1,0
pinnacle-Slc,San Jose Commons,SPOT_2.0,"July 1, 2026",Non Shift,"3,285,792",LOGIN,false,Pooja Mikhailov Travel,QTU 889 GP,FEE 081 GP,3,0,23.57,"1,782,891,000","1,782,892,200","1,782,889,985","1,782,943,677",TRAFFIC,837,RENTLZ,Diesel,false,false,NA,0,2,0
pinnacle-Slc,Oakmont Office,CAB,"July 1, 2026",19:30,"3,332,260",LOGOUT,false,Rahul Mikhailov Travel,QBK 873 GP,QBK 873 GP,3,15.7,15.5,"1,782,934,200","1,782,937,260","1,782,933,908","1,782,936,502",NODELAY,0,AUTO,Diesel,false,false,NA,1,1,0
pinnacle-Slc,Clearwater Campus,CAB,"July 2, 2026",15:30,"3,338,260",LOGOUT,false,Pooja Mikhailov Travel,QSQ 091 GP,QSQ 091 GP,3,3.46,5.82,"1,783,006,200","1,783,007,520","1,783,006,677","1,783,008,245",NODELAY,0,AUTO,Diesel,false,false,NA,3,2,0
pinnacle-Slc,Willow Bend Campus,CAB,"July 8, 2026",09:00,"3,363,538",LOGIN,false,Amit Volkov Travel,AUU 731 GP,AUU 731 GP,3,6.24,5.84,"1,783,499,340","1,783,500,900","1,783,500,103","1,783,501,573",NODELAY,0,AUTO,Diesel,false,false,NA,2,2,0
pinnacle-Slc,Clearwater Campus,CAB,"July 6, 2026",15:00,"3,354,006",LOGOUT,false,Rahul Mikhailov Travel,IOC 896 GP,IOC 896 GP,3,14.14,17.8,"1,783,350,000","1,783,352,640","1,783,350,334","1,783,354,414",NODELAY,0,AUTO,Diesel,false,false,HOME,3,3,0
pinnacle-Slc,Oakmont Office,CAB,"July 6, 2026",22:00,"3,352,124",LOGOUT,true,Rohan Mikhailov Travel,CTL 404 GP,CTL 404 GP,3,4.74,4.51,"1,783,375,200","1,783,376,100","1,783,375,295","1,783,376,184",NODELAY,0,AUTO,Diesel,false,false,NA,2,2,0
pinnacle-Slc,Clearwater Campus,CAB,"July 8, 2026",14:30,"3,367,362",LOGOUT,false,Karan Mikhailov Travel,JPP 981 GP,JPP 981 GP,3,11.15,11.6,"1,783,521,000","1,783,523,220","1,783,521,349","1,783,523,518",NODELAY,0,AUTO,Diesel,false,false,NA,2,2,0
pinnacle-Slc,Clearwater Campus,CAB,"July 3, 2026",18:30,"3,345,842",LOGOUT,false,Sanjay Mikhailov Travel,RJG 014 GP,RJG 014 GP,3,13.47,13.3,"1,783,103,400","1,783,105,920","1,783,104,259","1,783,106,791",EMPLOYEE,1,AUTO,Diesel,false,false,NA,1,1,0
pinnacle-Slc,Clearwater Campus,CAB,"July 7, 2026",08:30,"3,355,496",LOGIN,false,Aarav Mikhailov Travel,ZTC 608 GP,ZTC 608 GP,3,6.25,6.33,"1,783,410,420","1,783,412,700","1,783,410,998","1,783,412,898",NODELAY,0,AUTO,Diesel,false,false,NA,3,2,0
pinnacle-Slc,Oakmont Office,CAB,"July 13, 2026",11:30,"3,383,558",LOGIN,false,Karan Mikhailov Travel,RTT 961 GP,RTT 961 GP,3,10.5,8.7,"1,783,939,500","1,783,941,900","1,783,939,816","1,783,941,987",NODELAY,0,AUTO,Diesel,false,false,NODAL,1,1,0
pinnacle-Slc,Clearwater Campus,CAB,"July 9, 2026",08:30,"3,368,420",LOGIN,false,Divya Sokolov Travel,PUX 580 GP,PUX 580 GP,3,26.87,27.47,"1,783,581,060","1,783,585,500","1,783,581,039","1,783,585,593",NODELAY,0,AUTO,Diesel,false,false,SHUTTLE,3,3,0
pinnacle-Slc,Oakmont Office,CAB,"July 9, 2026",09:30,"3,369,594",LOGIN,false,Rohan Mikhailov Travel,JHU 428 GP,JHU 428 GP,3,6.16,5.69,"1,783,586,820","1,783,589,100","1,783,588,469","1,783,590,124",NODELAY,0,AUTO,Diesel,false,false,NA,3,1,0
pinnacle-Slc,Clearwater Campus,CAB,"July 9, 2026",09:00,"3,368,638",LOGIN,false,Rohan Mikhailov Travel,TRK 259 GP,TRK 259 GP,3,11.95,11.79,"1,783,585,020","1,783,587,300","1,783,585,447","1,783,588,481",NODELAY,0,AUTO,Diesel,false,false,NA,1,1,0
pinnacle-Slc,Oakmont Office,CAB,"July 9, 2026",16:30,"3,371,442",LOGOUT,false,Rahul Morozov Travel,UOH 931 GP,UOH 931 GP,3,9.05,8.7,"1,783,614,600","1,783,616,520","1,783,614,659","1,783,617,376",NODELAY,0,AUTO,Diesel,false,false,NA,3,3,0
pinnacle-Slc,Willow Bend Campus,CAB,"July 15, 2026",08:00,"3,396,793",LOGIN,false,Karan Mikhailov Travel,IVB 285 GP,IVB 285 GP,3,23.07,22.8,"1,784,098,200","1,784,102,100","1,784,099,552","1,784,103,253",NODELAY,0,AUTO,Diesel,false,false,HOME,1,1,0
pinnacle-Slc,Clearwater Campus,CAB,"July 8, 2026",18:30,"3,366,885",LOGOUT,false,Rohan Mikhailov Travel,PUT 175 GP,PUT 175 GP,3,6.67,5.1,"1,783,535,400","1,783,537,140","1,783,535,519","1,783,537,377",NODELAY,0,AUTO,Diesel,false,false,HOME,1,1,0
pinnacle-Slc,Willow Bend Campus,CAB,"July 9, 2026",20:00,"3,371,715",LOGOUT,false,Rohan Mikhailov Travel,DVH 110 GP,DVH 110 GP,3,13.42,14.4,"1,783,627,200","1,783,630,200","1,783,627,104","1,783,629,855",NODELAY,0,AUTO,Diesel,false,false,HOME,1,1,0
vanta-Sea,Denver Office,BUS,"June 22, 2026",10:00,"4,970,204",LOGIN,false,Aarav Petrov Travel,HGJ 350 GP,HGJ 350 GP,12,26.5,24.3,"1,782,116,040","1,782,121,500","1,782,115,958","1,782,122,282",NODELAY,0,MANUAL,Petrol,false,false,HOME,7,7,0
pinnacle-Slc,Oakmont Office,CAB,"June 17, 2026",20:30,"3,258,746",LOGOUT,true,Karan Mikhailov Travel,PMJ 729 GP,PMJ 729 GP,3,7.28,8.01,"1,781,728,200","1,781,729,640","1,781,728,473","1,781,730,168",NODELAY,0,AUTO,Diesel,false,false,NA,2,2,0
pinnacle-Slc,Willow Bend Campus,CAB,"June 18, 2026",14:30,"3,268,067",LOGOUT,false,Rahul Mikhailov Travel,IBV 753 GP,IBV 753 GP,3,11.47,14.4,"1,781,793,000","1,781,795,100","1,781,792,427","1,781,794,984",NODELAY,0,AUTO,Diesel,false,false,HOME,1,1,0
pinnacle-Slc,Oakmont Office,CAB,"June 18, 2026",16:30,"3,268,368",LOGOUT,false,Rohan Mikhailov Travel,COW 962 GP,COW 962 GP,3,2.45,3.33,"1,781,800,200","1,781,800,920","1,781,799,251","1,781,800,591",NODELAY,0,AUTO,Diesel,false,false,HOME,1,1,0
pinnacle-Slc,Clearwater Campus,CAB,"June 23, 2026",15:00,"3,289,691",LOGOUT,false,Pooja Mikhailov Travel,TEP 605 GP,TEP 605 GP,3,12.75,12,"1,782,226,800","1,782,228,840","1,782,227,133","1,782,230,436",NODELAY,0,AUTO,Diesel,false,false,HOME,3,1,0
pinnacle-Slc,Willow Bend Campus,CAB,"June 23, 2026",20:00,"3,291,363",LOGOUT,true,Rohan Mikhailov Travel,GVE 690 GP,GVE 690 GP,3,20.36,20.4,"1,782,244,800","1,782,248,940","1,782,247,642","1,782,252,381",EMPLOYEE,33,AUTO,Diesel,false,false,NA,2,2,0
pinnacle-Slc,Clearwater Campus,CAB,"June 18, 2026",15:00,"3,269,598",LOGOUT,false,Amit Volkov Travel,AUU 731 GP,AUU 731 GP,3,11.77,10.3,"1,781,794,800","1,781,796,360","1,781,794,912","1,781,798,314",NODELAY,0,AUTO,Diesel,false,false,HOME,3,3,0
pinnacle-Slc,Clearwater Campus,CAB,"June 19, 2026",08:30,"3,271,650",LOGIN,false,Aarav Mikhailov Travel,WKD 303 GP,WKD 303 GP,3,8.08,7.8,"1,781,855,999","1,781,857,500","1,781,856,658","1,781,857,957",NODELAY,0,AUTO,Diesel,false,false,HOME,3,1,0
pinnacle-Slc,Willow Bend Campus,CAB,"June 22, 2026",09:00,"3,281,177",LOGIN,false,Arjun Mikhailov Travel,AYW 404 GP,AYW 404 GP,3,17.01,16.45,"1,782,114,480","1,782,118,500","1,782,115,783","1,782,122,370",DRIVER,43,AUTO,Diesel,false,false,HOME,3,2,0
pinnacle-Slc,Oakmont Office,CAB,"May 29, 2026",18:00,"3,168,484",LOGIN,false,Sanjay Mikhailov Travel,FGH 005 GP,FGH 005 GP,3,8.47,7.9,"1,780,074,480","1,780,077,300","1,780,075,629","1,780,076,809",NODELAY,0,AUTO,Diesel,false,false,NA,1,1,0
pinnacle-Slc,Clearwater Campus,CAB,"May 20, 2026",09:30,"3,128,592",LOGIN,false,Rohan Mikhailov Travel,BOQ 340 GP,BOQ 340 GP,3,6.46,6.1,"1,779,266,880","1,779,269,100","1,779,267,851","1,779,269,691",NODELAY,0,AUTO,Diesel,false,false,HOME,3,2,0
pinnacle-Slc,Willow Bend Campus,CAB,"May 26, 2026",02:00,"3,157,353",LOGOUT,false,Divya Mikhailov Travel,JUS 164 GP,JUS 164 GP,3,12.36,12.6,"1,779,760,800","1,779,762,120","1,779,761,229","1,779,762,538",NODELAY,0,AUTO,Diesel,false,false,NA,1,1,0
pinnacle-Slc,Clearwater Campus,CAB,"May 19, 2026",08:30,"3,122,766",LOGIN,false,Rohan Mikhailov Travel,ZEO 677 GP,ZEO 677 GP,3,16.98,22.56,"1,779,175,620","1,779,179,100","1,779,175,833","1,779,180,203",NODELAY,0,AUTO,Diesel,false,false,NA,3,3,0
pinnacle-Slc,Willow Bend Campus,CAB,"May 19, 2026",14:30,"3,124,522",LOGOUT,false,Rahul Mikhailov Travel,VUK 273 GP,VUK 273 GP,3,23.22,22,"1,779,201,000","1,779,203,040","1,779,201,871","1,779,206,390",EMPLOYEE,1,AUTO,Diesel,false,false,NA,3,3,0
pinnacle-Slc,Clearwater Campus,CAB,"May 21, 2026",14:30,"3,140,240",LOGOUT,false,Divya Sokolov Travel,RUR 671 GP,RUR 671 GP,5,32.72,33,"1,779,373,800","1,779,378,000","1,779,374,276","1,779,378,641",NODELAY,0,AUTO,Diesel,false,false,NA,1,1,0
pinnacle-Slc,Willow Bend Campus,CAB,"May 27, 2026",14:30,"3,164,396",LOGOUT,false,Rahul Orlov Travel,ARH 095 GP,ARH 095 GP,3,6.3,7.2,"1,779,892,200","1,779,893,100","1,779,892,283","1,779,894,307",NODELAY,0,AUTO,Diesel,false,false,NA,3,3,0
pinnacle-Slc,Oakmont Office,CAB,"May 26, 2026",19:30,"3,153,676",LOGIN,true,Pooja Mikhailov Travel,LQD 953 GP,LQD 953 GP,3,21.67,20.37,"1,779,817,800","1,779,823,500","1,779,820,906","1,779,827,220",DRIVER,41,AUTO,Diesel,false,false,HOME,2,2,0
pinnacle-Slc,Clearwater Campus,CAB,"May 29, 2026",08:30,"3,167,562",LOGIN,false,Divya Sokolov Travel,NKP 382 GP,NKP 382 GP,3,27.47,24.14,"1,780,039,080","1,780,043,100","1,780,039,067","1,780,042,105",NODELAY,0,AUTO,Diesel,false,false,HOME,2,1,0
pinnacle-Slc,Clearwater Campus,CAB,"July 28, 2026",09:00,"3,458,716",LOGIN,false,Aarav Mikhailov Travel,KQZ 888 GP,KQZ 888 GP,3,20.06,19.8,"1,785,223,980","1,785,228,900","1,785,224,280","1,785,229,860",NODELAY,0,AUTO,Diesel,false,false,NA,1,1,0
pinnacle-Slc,Willow Bend Campus,CAB,"July 30, 2026",15:00,"3,474,174",LOGOUT,false,Rahul Orlov Travel,BUI 189 GP,BUI 189 GP,3,33.24,30.91,"1,785,423,600","1,785,427,860","1,785,423,984","1,785,428,779",NODELAY,0,AUTO,Diesel,false,false,NODAL,1,1,0
pinnacle-Slc,Clearwater Campus,CAB,"July 27, 2026",15:00,"3,453,772",LOGOUT,false,Divya Sokolov Travel,HHI 631 GP,HHI 631 GP,3,8.7,7.95,"1,785,164,400","1,785,165,960","1,785,164,285","1,785,166,879",NODELAY,0,AUTO,Diesel,false,false,HOME,3,3,0
pinnacle-Slc,Clearwater Campus,CAB,"July 30, 2026",09:30,"3,473,695",LOGIN,false,Rohan Mikhailov Travel,QNF 330 GP,QNF 330 GP,3,5.24,6.2,"1,785,401,460","1,785,403,500","1,785,402,087","1,785,404,540",NODELAY,0,AUTO,Diesel,false,false,HOME,2,2,0
pinnacle-Slc,Willow Bend Campus,CAB,"July 28, 2026",15:00,"3,459,953",LOGOUT,false,Rohan Mikhailov Travel,FYQ 160 GP,FYQ 160 GP,3,5.19,7.27,"1,785,250,800","1,785,252,120","1,785,251,073","1,785,254,301",NODELAY,0,AUTO,Diesel,false,false,HOME,3,3,0
pinnacle-Slc,Oakmont Office,CAB,"July 29, 2026",20:30,"3,466,458",LOGOUT,true,Rohan Mikhailov Travel,DCC 355 GP,DCC 355 GP,3,8.62,8.1,"1,785,357,000","1,785,359,040","1,785,355,432","1,785,357,781",NODELAY,0,AUTO,Diesel,false,false,NA,2,2,0
orbit-Slc,Lakeside Commons,CAB,"June 8, 2026",22:00,"1,267,743",LOGOUT,false,Anjali Mikhailov Travel,QDG 067 GP,QDG 067 GP,12,26.3,32.8,"1,780,956,900","1,780,960,920","1,780,956,540","1,780,961,902",NODELAY,0,AUTO,Diesel,false,false,HOME,4,4,0
vanta-Aus,Cedar Ridge Office,CAB,"June 11, 2026",17:15,"1,168,512",LOGOUT,false,Anjali Mikhailov Travel,NTC 299 GP,NTC 299 GP,3,19.77,21.6,"1,781,199,000","1,781,203,500","1,781,197,881","1,781,205,360",NODELAY,0,AUTO,Diesel,false,false,NA,2,2,0
vanta-Aus,Cedar Ridge Office,CAB,"June 13, 2026",16:15,"1,172,240",LOGOUT,false,Sneha Mikhailov Travel,TSC 921 GP,TSC 921 GP,3,3.59,6.1,"1,781,368,200","1,781,368,440","1,781,366,431","1,781,369,022",NODELAY,0,AUTO,Diesel,false,false,NA,3,2,1
catalyst-Sac,Crestwood Campus,CAB,"June 17, 2026",02:30,"1,497,515",LOGOUT,false,Vikram Mikhailov Travel,FMR 149 GP,FMR 149 GP,4,32.96,34.65,"1,781,664,300","1,781,666,220","1,781,664,289","1,781,668,913",NODELAY,0,AUTO,Petrol,false,false,HOME,3,3,0
catalyst-Sac,Santa Clara Office,CAB,"June 23, 2026",01:00,"1,504,953",LOGOUT,true,Rohan Mikhailov Travel,NDB 525 GP,NDB 525 GP,4,30.75,30.8,"1,782,177,300","1,782,178,500","1,782,177,297","1,782,185,682",NODELAY,0,AUTO,Petrol,false,false,NA,3,4,0
vanta-Sea,Denver Office,BUS,"May 22, 2026",12:00,"4,874,760",LOGIN,false,Aarav Mikhailov Travel,QDP 195 GP,QDP 195 GP,3,16.19,15.2,"1,779,447,000","1,779,450,300","1,779,446,657","1,779,450,215",NODELAY,0,MANUAL,Petrol,false,false,HOME,2,2,0
pinnacle-Slc,Willow Bend Campus,CAB,"May 4, 2026",09:00,"3,055,277",LOGIN,false,Karan Mikhailov Travel,KGE 560 GP,KGE 560 GP,3,4.54,3.8,"1,777,883,640","1,777,884,900","1,777,884,154","1,777,885,596",NODELAY,0,AUTO,Diesel,false,false,NA,1,1,0
pinnacle-Slc,Clearwater Campus,CAB,"May 4, 2026",15:30,"3,057,748",LOGOUT,false,Amit Volkov Travel,IIJ 017 GP,IIJ 017 GP,3,4.76,5.6,"1,777,908,600","1,777,909,620","1,777,908,839","1,777,910,045",NODELAY,0,AUTO,Diesel,false,false,HOME,1,1,0
pinnacle-Slc,Oakmont Office,CAB,"May 6, 2026",03:00,"3,068,434",LOGOUT,false,Divya Mikhailov Travel,KYU 380 GP,KYU 380 GP,3,9.56,8.9,"1,778,036,400","1,778,037,540","1,778,037,632","1,778,038,575",DRIVER,6,AUTO,Diesel,false,false,NA,1,1,0
pinnacle-Slc,Oakmont Office,CAB,"May 6, 2026",08:00,"3,066,235",LOGIN,false,Arjun Mikhailov Travel,SAD 694 GP,SAD 694 GP,3,15.17,15.1,"1,778,051,340","1,778,054,100","1,778,051,282","1,778,053,316",NODELAY,0,AUTO,Diesel,false,false,HOME,1,1,0
pinnacle-Slc,Clearwater Campus,CAB,"May 7, 2026",15:30,"3,076,440",LOGOUT,false,Divya Sokolov Travel,UJC 062 GP,UJC 062 GP,3,4.13,5,"1,778,167,800","1,778,168,580","1,778,168,055","1,778,168,998",NODELAY,0,AUTO,Diesel,false,false,NODAL,3,1,0
pinnacle-Slc,Willow Bend Campus,CAB,"May 12, 2026",08:30,"3,091,493",LOGIN,false,Rahul Morozov Travel,DEV 808 GP,DEV 808 GP,3,6.92,6.53,"1,778,572,980","1,778,574,300","1,778,572,594","1,778,573,777",NODELAY,0,AUTO,Diesel,false,false,NA,1,1,0
pinnacle-Slc,Willow Bend Campus,CAB,"May 8, 2026",09:00,"3,078,932",LOGIN,false,Karan Mikhailov Travel,DFM 540 GP,DFM 540 GP,3,25.25,19.3,"1,778,226,780","1,778,230,500","1,778,227,027","1,778,230,958",NODELAY,0,AUTO,Diesel,false,false,NA,2,2,0
pinnacle-Slc,Willow Bend Campus,CAB,"May 6, 2026",11:00,"3,066,009",LOGIN,false,Karan Mikhailov Travel,ANY 113 GP,ANY 113 GP,3,15.68,16.6,"1,778,061,120","1,778,064,900","1,778,060,767","1,778,065,084",NODELAY,0,AUTO,Diesel,false,false,NA,1,1,0
pinnacle-Slc,Oakmont Office,CAB,"May 5, 2026",07:30,"3,062,530",LOGIN,false,Rohan Mikhailov Travel,REK 891 GP,REK 891 GP,3,11.5,10.61,"1,777,964,100","1,777,965,900","1,777,964,283","1,777,965,735",NODELAY,0,AUTO,Diesel,false,false,NA,1,1,0
pinnacle-Slc,Clearwater Campus,CAB,"May 5, 2026",08:30,"3,059,680",LOGIN,false,Divya Mikhailov Travel,HOO 191 GP,HOO 191 GP,3,4.86,6,"1,777,967,220","1,777,969,500","1,777,968,033","1,777,969,760",NODELAY,0,AUTO,Diesel,false,false,HOME,3,2,0
vanta-Sea,Denver Office,BUS,"July 6, 2026",14:00,"5,018,191",LOGIN,false,Aarav Mikhailov Travel,DHO 778 GP,DHO 778 GP,3,17.97,17.35,"1,783,342,680","1,783,345,500","1,783,340,659","1,783,344,476",NODELAY,0,SHUTTLE_SERVICE,Petrol,false,false,HOME,1,1,0
catalyst-Sac,Santa Clara Office,CAB,"July 23, 2026",20:30,"1,548,800",LOGOUT,true,Vikram Mikhailov Travel,ODL 069 GP,ODL 069 GP,4,25.98,26,"1,784,839,500","1,784,844,060","1,784,839,544","1,784,848,685",NODELAY,0,AUTO,Petrol,false,false,HOME,2,3,0
vanta-Sea,Denver Office,CAB,"July 8, 2026",21:16,"5,027,218",LOGOUT,false,Sanjay Mikhailov Travel,OPC 239 GP,OPC 239 GP,3,9.91,13.3,"1,783,546,260","1,783,547,280","1,783,545,119","1,783,548,469",NODELAY,0,AUTO,Petrol,false,false,HOME,2,2,0
vanta-Aus,Cedar Ridge Office,CAB,"July 27, 2026",05:15,"1,250,116",LOGOUT,false,Anjali Mikhailov Travel,AUV 360 GP,AUV 360 GP,5,5.89,5.4,"1,785,130,200","1,785,131,040","1,785,128,657","1,785,129,455",NODELAY,0,AUTO,Diesel,false,false,HOME,1,1,0
vanta-Sea,Denver Office,BUS,"July 7, 2026",13:00,"5,021,617",LOGIN,false,Anjali Mikhailov Travel,SES 704 GP,SES 704 GP,3,12.28,6.57,"1,783,426,620","1,783,428,300","1,783,426,054","1,783,428,231",NODELAY,0,SHUTTLE_SERVICE,Electric,false,false,HOME,2,2,0
vanta-Sea,Denver Office,BUS,"July 10, 2026",13:00,"5,032,827",LOGIN,false,Aarav Petrov Travel,UFT 013 GP,UFT 013 GP,5,37.78,25.01,"1,783,683,000","1,783,687,500","1,783,682,259","1,783,687,233",NODELAY,0,SHUTTLE_SERVICE,Petrol,false,false,HOME,2,2,0
orbit-Slc,Eastgate Office,BUS,"July 29, 2026",15:00,"1,361,435",LOGIN,false,Rohan Mikhailov Travel,OVW 841 GP,OVW 841 GP,3,19.66,26.33,"1,785,331,800","1,785,336,300","1,785,332,537","1,785,334,960",NODELAY,0,MANUAL,Electric,false,false,HOME,1,1,0
orbit-Slc,Cedar Ridge Office,BUS,"July 30, 2026",13:00,"1,363,649",LOGIN,false,Anjali Mikhailov Travel,LNB 402 GP,LNB 402 GP,3,15.71,16.3,"1,785,410,700","1,785,415,500","1,785,410,705","1,785,414,315",NODELAY,0,MANUAL,Diesel,false,false,NODAL,2,1,1
catalyst-Sac,Santa Clara Office,CAB,"July 30, 2026",04:00,"1,557,794",LOGOUT,false,Vikram Mikhailov Travel,BVU 840 GP,BVU 840 GP,6,30.63,29.7,"1,785,384,900","1,785,388,620","1,785,385,196","1,785,389,056",NODELAY,0,AUTO,Petrol,false,false,NA,5,5,0
catalyst-Sac,Redwood City Center,CAB,"July 30, 2026",22:30,"1,558,833",LOGOUT,false,Aarav Mikhailov Travel,ZNS 774 GP,ZNS 774 GP,4,28.4,28.4,"1,785,451,500","1,785,457,200","1,785,451,095","1,785,455,096",NODELAY,0,AUTO,Petrol,false,false,HOME,1,1,0
vanta-Sea,Denver Office,BUS,"July 9, 2026",16:16,"5,029,953",LOGOUT,false,Sanjay Mikhailov Travel,HJI 980 GP,HJI 980 GP,5,49.09,31.6,"1,783,613,760","1,783,615,800","1,783,613,276","1,783,620,092",NODELAY,0,SHUTTLE_SERVICE,Petrol,false,false,HOME,1,1,0
vanta-Sea,Denver Office,CAB,"July 14, 2026",12:00,"5,042,753",LOGIN,false,Karan Mikhailov Travel,POW 154 GP,POW 154 GP,3,5.24,4.7,"1,784,028,900","1,784,029,500","1,784,028,746","1,784,030,565",TRAFFIC,2,AUTO,Petrol,false,false,HOME,1,1,0
vanta-Sea,Denver Office,BUS,"July 10, 2026",15:16,"5,033,524",LOGOUT,false,Sanjay Mikhailov Travel,YIM 053 GP,YIM 053 GP,3,40.07,28.2,"1,783,696,560","1,783,698,300","1,783,695,212","1,783,701,926",NODELAY,0,SHUTTLE_SERVICE,Electric,false,false,HOME,2,1,1
vanta-Sea,Denver Office,BUS,"June 5, 2026",11:00,"4,917,580",LOGIN,false,Priya Mikhailov Travel,ACS 565 GP,ACS 565 GP,3,23.56,20.9,"1,780,652,400","1,780,656,300","1,780,651,096","1,780,657,876",TRAFFIC,11,MANUAL,Electric,false,false,HOME,1,1,0
vanta-Sea,Denver Office,CAB,"June 8, 2026",21:16,"4,925,512",LOGOUT,false,Priya Mikhailov Travel,RBS 390 GP,RBS 390 GP,3,19.26,19.4,"1,780,954,260","1,780,957,320","1,780,953,458","1,780,956,685",NODELAY,0,AUTO,Petrol,false,false,NA,2,1,1
vanta-Sea,Denver Office,CAB,"June 7, 2026",06:16,"4,921,883",LOGOUT,true,Sanjay Mikhailov Travel,POO 533 GP,POO 533 GP,3,5.57,5.5,"1,780,813,860","1,780,814,280","1,780,812,523","1,780,813,566",NODELAY,0,AUTO,Petrol,false,false,NA,1,2,0
vanta-Sea,Denver Office,CAB,"June 9, 2026",23:16,"4,929,656",LOGOUT,true,Isha Mikhailov Travel,SMO 723 GP,SMO 723 GP,3,14.85,8.5,"1,781,047,860","1,781,048,760","1,781,047,659","1,781,049,071",NODELAY,0,AUTO,Petrol,false,false,NA,2,3,1
vanta-Sea,Denver Office,BUS,"June 16, 2026",15:00,"4,951,247",LOGIN,false,Anjali Mikhailov Travel,KQF 451 GP,KQF 451 GP,3,27.3,25.5,"1,781,617,020","1,781,621,100","1,781,616,167","1,781,621,221",NODELAY,0,MANUAL,Petrol,false,false,HOME,2,2,0
pinnacle-Slc,Clearwater Campus,CAB,"May 8, 2026",08:30,"3,081,037",LOGIN,false,Rohan Mikhailov Travel,BOC 006 GP,BOC 006 GP,3,3.73,2.7,"1,778,227,440","1,778,228,700","1,778,227,573","1,778,228,902",NODELAY,0,AUTO,Diesel,false,false,SHUTTLE,3,3,0
pinnacle-Slc,Willow Bend Campus,CAB,"May 13, 2026",09:00,"3,097,539",LOGIN,false,Aarav Mikhailov Travel,ABB 082 GP,ABB 082 GP,3,7.3,7.8,"1,778,660,400","1,778,662,500","1,778,660,677","1,778,662,888",NODELAY,0,AUTO,Diesel,false,false,NA,3,3,0
pinnacle-Slc,Willow Bend Campus,CAB,"May 8, 2026",13:30,"3,079,439",LOGOUT,false,Sanjay Mikhailov Travel,KYL 135 GP,KYL 135 GP,3,16.84,18.3,"1,778,247,000","1,778,249,760","1,778,245,515","1,778,248,602",NODELAY,0,AUTO,Diesel,false,false,NA,2,2,0
pinnacle-Slc,Willow Bend Campus,CAB,"May 12, 2026",18:30,"3,093,278",LOGOUT,false,Karan Mikhailov Travel,IJM 643 GP,IJM 643 GP,3,18.56,20.15,"1,778,610,600","1,778,614,080","1,778,609,376","1,778,613,271",NODELAY,0,AUTO,Diesel,false,false,NODAL,1,1,0
pinnacle-Slc,Clearwater Campus,CAB,"May 14, 2026",08:30,"3,102,388",LOGIN,false,Karan Mikhailov Travel,SDT 087 GP,SDT 087 GP,3,13.13,12.3,"1,778,744,100","1,778,747,100","1,778,744,160","1,778,747,100",NODELAY,0,AUTO,Diesel,false,false,NA,2,2,0
pinnacle-Slc,Clearwater Campus,CAB,"May 14, 2026",09:00,"3,102,819",LOGIN,false,Divya Mikhailov Travel,HCJ 059 GP,HCJ 059 GP,3,12.89,12.61,"1,778,746,080","1,778,748,900","1,778,746,933","1,778,749,951",NODELAY,0,AUTO,Diesel,false,false,HOME,1,1,0
pinnacle-Slc,Clearwater Campus,CAB,"May 20, 2026",07:30,"3,127,946",LOGIN,false,Sanjay Mikhailov Travel,AGK 311 GP,AGK 311 GP,3,19.68,18.74,"1,779,258,780","1,779,261,900","1,779,258,937","1,779,260,950",NODELAY,0,AUTO,Diesel,false,false,NODAL,3,1,0
pinnacle-Slc,Willow Bend Campus,CAB,"May 20, 2026",02:30,"3,131,924",LOGOUT,true,Karan Mikhailov Travel,KGE 560 GP,KGE 560 GP,3,20.77,20.4,"1,779,244,200","1,779,246,480","1,779,243,198","1,779,245,360",NODELAY,0,AUTO,Diesel,false,false,HOME,2,2,0
pinnacle-Slc,Oakmont Office,CAB,"May 13, 2026",19:30,"3,098,491",LOGIN,true,Rahul Morozov Travel,BPD 422 GP,BPD 422 GP,3,9.99,10.6,"1,778,696,220","1,778,700,300","1,778,694,925","1,778,698,469",NODELAY,0,AUTO,Diesel,false,false,HOME,2,2,0
pinnacle-Slc,Clearwater Campus,CAB,"May 19, 2026",07:30,"3,122,554",LOGIN,false,Divya Sokolov Travel,XGF 372 GP,XGF 372 GP,3,31.39,31.69,"1,779,170,880","1,779,175,500","1,779,171,600","1,779,175,760",NODELAY,0,AUTO,Diesel,false,false,NA,3,3,0
pinnacle-Slc,Oakmont Office,CAB,"June 9, 2026",07:30,"3,213,708",LOGIN,false,Karan Mikhailov Travel,KVP 706 GP,KVP 706 GP,3,30.62,28.4,"1,780,985,880","1,780,989,900","1,780,986,969","1,780,990,066",NODELAY,0,AUTO,Diesel,false,false,NA,2,2,0
pinnacle-Slc,Clearwater Campus,CAB,"June 2, 2026",07:30,"3,178,102",LOGIN,false,Arjun Mikhailov Travel,DWP 975 GP,DWP 975 GP,3,21.59,21.8,"1,780,381,260","1,780,385,100","1,780,382,374","1,780,385,429",NODELAY,0,AUTO,Diesel,false,false,NA,3,3,0
pinnacle-Slc,Willow Bend Campus,CAB,"June 5, 2026",09:00,"3,199,224",LOGIN,false,Karan Mikhailov Travel,SUN 713 GP,SUN 713 GP,3,5.73,5.7,"1,780,647,960","1,780,649,700","1,780,648,488","1,780,650,033",NODELAY,0,AUTO,Diesel,false,false,HOME,3,2,0
vanta-Sea,Denver Office,BUS,"June 19, 2026",11:00,"4,964,384",LOGIN,false,Sanjay Mikhailov Travel,WXF 624 GP,WXF 624 GP,3,25.41,23.3,"1,781,861,460","1,781,865,900","1,781,861,168","1,781,864,848",NODELAY,0,MANUAL,Petrol,false,false,NA,3,3,0
pinnacle-Slc,Willow Bend Campus,CAB,"June 2, 2026",07:30,"3,179,765",LOGIN,false,Divya Mikhailov Travel,FQI 700 GP,FQI 700 GP,3,15.68,18.5,"1,780,382,520","1,780,385,100","1,780,382,008","1,780,384,368",NODELAY,0,AUTO,Diesel,false,false,NA,1,1,0
pinnacle-Slc,Oakmont Office,CAB,"June 1, 2026",15:00,"3,174,176",LOGOUT,false,Rahul Orlov Travel,NNK 300 GP,NNK 300 GP,3,19.05,16.76,"1,780,326,000","1,780,328,820","1,780,327,008","1,780,330,012",DRIVER,2,AUTO,Diesel,false,false,NODAL,1,1,0
pinnacle-Slc,Clearwater Campus,CAB,"June 3, 2026",09:00,"3,185,306",LOGIN,false,Rahul Morozov Travel,CMQ 915 GP,CMQ 915 GP,3,4.08,5.1,"1,780,475,820","1,780,476,900","1,780,478,569","1,780,480,047",DRIVER,32,AUTO,Diesel,false,false,HOME,1,1,0
pinnacle-Slc,Willow Bend Campus,CAB,"June 10, 2026",09:00,"3,219,925",LOGIN,false,Aarav Mikhailov Travel,PTE 814 GP,PTE 814 GP,3,17.29,18.76,"1,781,077,320","1,781,081,700","1,781,077,676","1,781,084,029",EMPLOYEE,18,AUTO,Diesel,false,false,NODAL,3,3,0
pinnacle-Slc,Willow Bend Campus,CAB,"June 8, 2026",08:30,"3,206,821",LOGIN,false,Aarav Mikhailov Travel,PYT 219 GP,PYT 219 GP,3,8.82,9.56,"1,780,904,460","1,780,907,100","1,780,905,550","1,780,907,743",NODELAY,0,AUTO,Diesel,false,false,NA,2,1,0
pinnacle-Slc,Clearwater Campus,CAB,"June 10, 2026",16:30,"3,222,463",LOGOUT,false,Rahul Mikhailov Travel,JFO 665 GP,JFO 665 GP,3,5.6,7.2,"1,781,109,000","1,781,110,799","1,781,109,623","1,781,112,044",EMPLOYEE,2,AUTO,Diesel,false,false,NA,3,2,1
pinnacle-Slc,Willow Bend Campus,CAB,"July 13, 2026",08:30,"3,383,790",LOGIN,false,Rohan Mikhailov Travel,AUH 376 GP,AUH 376 GP,3,10.27,11.87,"1,783,928,220","1,783,931,100","1,783,928,643","1,783,931,026",NODELAY,0,AUTO,Diesel,false,false,SHUTTLE,3,2,0
pinnacle-Slc,Oakmont Office,CAB,"July 14, 2026",17:30,"3,391,547",LOGOUT,false,Karan Mikhailov Travel,WQJ 862 GP,WQJ 862 GP,3,17.42,16.9,"1,784,050,200","1,784,053,980","1,784,050,884","1,784,056,277",DRIVER,6,AUTO,Diesel,false,false,HOME,2,2,0
pinnacle-Slc,Oakmont Office,CAB,"July 16, 2026",21:30,"3,406,221",LOGOUT,true,Sanjay Mikhailov Travel,WDC 414 GP,WDC 414 GP,3,8.62,7.9,"1,784,237,400","1,784,238,960","1,784,238,123","1,784,240,226",NODELAY,0,AUTO,Diesel,false,false,NA,2,2,0
pinnacle-Slc,Clearwater Campus,CAB,"July 20, 2026",15:30,"3,420,479",LOGOUT,false,Arjun Mikhailov Travel,GMM 961 GP,GMM 961 GP,3,3.86,4.1,"1,784,561,400","1,784,562,900","1,784,561,973","1,784,563,487",NODELAY,0,AUTO,Diesel,false,false,NA,1,1,0
pinnacle-Slc,Clearwater Campus,CAB,"July 17, 2026",15:30,"3,414,290",LOGOUT,false,Amit Mikhailov Travel,MMA 929 GP,MMA 929 GP,3,3.36,3.2,"1,784,302,200","1,784,302,860","1,784,302,137","1,784,303,079",NODELAY,0,AUTO,Diesel,false,false,HOME,1,1,0
pinnacle-Slc,Clearwater Campus,CAB,"July 22, 2026",15:00,"3,433,275",LOGOUT,false,Sanjay Mikhailov Travel,RAA 557 GP,RAA 557 GP,3,7.17,6.48,"1,784,732,400","1,784,734,080","1,784,732,849","1,784,736,310",EMPLOYEE,2,AUTO,Diesel,false,false,HOME,3,3,0
pinnacle-Slc,Oakmont Office,CAB,"July 21, 2026",13:30,"3,424,379",LOGOUT,false,Rahul Orlov Travel,UAH 121 GP,UAH 121 GP,3,24.32,24.51,"1,784,640,600","1,784,643,720","1,784,640,742","1,784,644,154",NODELAY,0,AUTO,Diesel,false,false,NODAL,1,1,0
pinnacle-Slc,Willow Bend Campus,CAB,"July 23, 2026",09:00,"3,437,098",LOGIN,false,Karan Mikhailov Travel,QYO 910 GP,QYO 910 GP,3,3.21,2.2,"1,784,795,460","1,784,796,900","1,784,795,709","1,784,796,455",NODELAY,0,AUTO,Diesel,false,false,NA,3,2,1
pinnacle-Slc,Clearwater Campus,CAB,"July 24, 2026",08:30,"3,441,684",LOGIN,false,Divya Mikhailov Travel,AMQ 254 GP,AMQ 254 GP,3,21.6,21.87,"1,784,877,540","1,784,881,500","1,784,877,744","1,784,881,467",NODELAY,0,AUTO,Diesel,false,false,HOME,1,1,0
pinnacle-Slc,Clearwater Campus,CAB,"July 27, 2026",14:30,"3,453,534",LOGOUT,false,Sanjay Mikhailov Travel,TAT 491 GP,TAT 491 GP,3,16.3,15.6,"1,785,162,600","1,785,165,600","1,785,162,713","1,785,166,463",NODELAY,0,AUTO,Diesel,false,false,HOME,3,3,0
pinnacle-Slc,Willow Bend Campus,CAB,"July 27, 2026",13:30,"3,450,661",LOGIN,false,Divya Mikhailov Travel,PPO 987 GP,PPO 987 GP,3,19.37,19,"1,785,155,400","1,785,158,700","1,785,155,040","1,785,157,845",NODELAY,0,AUTO,Diesel,false,false,NA,1,1,0
pinnacle-Slc,Oakmont Office,CAB,"July 28, 2026",15:30,"3,459,499",LOGOUT,false,Sanjay Mikhailov Travel,ENL 539 GP,ENL 539 GP,3,22.4,22.58,"1,785,252,600","1,785,257,400","1,785,253,167","1,785,259,571",NODELAY,0,AUTO,Diesel,false,false,NA,3,3,0
pinnacle-Slc,Willow Bend Campus,CAB,"July 21, 2026",09:30,"3,423,311",LOGIN,false,Amit Volkov Travel,OGD 351 GP,OGD 351 GP,3,2.61,2.1,"1,784,624,400","1,784,625,900","1,784,624,572","1,784,625,552",NODELAY,0,AUTO,Diesel,false,false,NODAL,3,1,0
orbit-Slc,Cedar Ridge Office,CAB,"May 8, 2026",22:00,"1,221,197",LOGOUT,true,Anjali Mikhailov Travel,DPQ 567 GP,DPQ 567 GP,3,25.97,26.05,"1,778,278,500","1,778,282,700","1,778,278,010","1,778,282,923",NODELAY,0,AUTO,Diesel,false,false,HOME,2,3,0
catalyst-Sac,Santa Clara Office,CAB,"May 30, 2026",02:00,"1,475,744",LOGOUT,true,Vikram Mikhailov Travel,QGM 129 GP,QGM 129 GP,4,9.75,9.8,"1,780,107,300","1,780,108,560","1,780,107,240","1,780,110,000",NODELAY,0,AUTO,Petrol,false,false,HOME,2,4,0
vanta-Aus,Cedar Ridge Office,CAB,"May 21, 2026",12:00,"1,131,761",LOGIN,false,Priya Mikhailov Travel,SQK 598 GP,SQK 598 GP,3,7.61,7.8,"1,779,361,800","1,779,363,900","1,779,361,970","1,779,364,331",NODELAY,0,AUTO,Electric,false,false,NA,2,2,0
orbit-Slc,Eastgate Office,BUS,"May 8, 2026",15:00,"1,219,443",LOGIN,false,Rohan Mikhailov Travel,ONL 427 GP,ONL 427 GP,6,17.19,16.3,"1,778,247,600","1,778,251,500","1,778,247,642","1,778,250,055",NODELAY,0,MANUAL,Diesel,false,false,NODAL,2,2,0
vanta-Aus,Cedar Ridge Office,CAB,"May 26, 2026",18:15,"1,140,865",LOGOUT,false,Meera Pavlov Travel,QZH 501 GP,QZH 501 GP,5,9.08,11.2,"1,779,820,200","1,779,821,640","1,779,818,841","1,779,822,681",NODELAY,0,AUTO,Diesel,false,false,NA,4,4,0
vanta-Sea,Denver Office,CAB,"May 6, 2026",23:16,"4,827,597",LOGOUT,true,Aarav Mikhailov Travel,RND 625 GP,RND 625 GP,3,2.53,2.8,"1,778,110,260","1,778,110,560","1,778,109,164","1,778,110,498",NODELAY,0,AUTO,Petrol,false,false,NA,2,3,0
vanta-Sea,Denver Office,BUS,"May 7, 2026",10:00,"4,828,320",LOGIN,false,Sanjay Mikhailov Travel,ISY 089 GP,ISY 089 GP,3,27.35,26.3,"1,778,142,780","1,778,147,100","1,778,142,172","1,778,147,652",NODELAY,0,MANUAL,Electric,false,false,HOME,1,1,0
vanta-Sea,Denver Office,BUS,"May 8, 2026",13:00,"4,832,551",LOGIN,false,Sanjay Mikhailov Travel,OAM 545 GP,OAM 545 GP,3,5.75,7.1,"1,778,243,160","1,778,244,300","1,778,243,294","1,778,244,975",NODELAY,0,MANUAL,Petrol,false,false,NA,1,1,1
vanta-Sea,Denver Office,BUS,"May 7, 2026",12:00,"4,828,740",LOGIN,false,Isha Mikhailov Travel,BDE 812 GP,BDE 812 GP,3,16.24,11.9,"1,778,151,480","1,778,154,300","1,778,151,248","1,778,154,937",NODELAY,0,MANUAL,Petrol,false,false,NA,3,2,1
vanta-Aus,Cedar Ridge Office,CAB,"May 25, 2026",10:00,"1,137,492",LOGIN,false,Sneha Mikhailov Travel,SWG 567 GP,SWG 567 GP,3,6.74,6.6,"1,779,700,740","1,779,702,300","1,779,699,986","1,779,702,179",NODELAY,0,AUTO,Diesel,false,false,NA,3,3,0
vanta-Aus,Cedar Ridge Office,CAB,"May 29, 2026",22:15,"1,147,522",LOGOUT,false,Meera Pavlov Travel,ZWQ 408 GP,ZWQ 408 GP,5,6.39,9.6,"1,780,093,800","1,780,095,240","1,780,092,832","1,780,094,480",NODELAY,0,AUTO,Diesel,false,false,NA,1,2,0
vanta-Sea,Denver Office,BUS,"May 5, 2026",14:00,"4,821,525",LOGIN,false,Anjali Mikhailov Travel,NJM 871 GP,NJM 871 GP,3,19.38,15.5,"1,777,985,700","1,777,988,700","1,777,985,447","1,777,988,684",NODELAY,0,MANUAL,Petrol,false,false,HOME,1,1,0
vanta-Aus,Cedar Ridge Office,CAB,"May 27, 2026",11:00,"1,141,846",LOGIN,false,Meera Pavlov Travel,VFZ 300 GP,VFZ 300 GP,5,9.49,10.7,"1,779,875,220","1,779,878,700","1,779,875,831","1,779,877,947",NODELAY,0,AUTO,Diesel,false,false,NA,5,3,2
vanta-Aus,Cedar Ridge Office,CAB,"June 1, 2026",17:15,"1,150,605",LOGOUT,false,Sneha Mikhailov Travel,IPL 900 GP,IPL 900 GP,3,3.31,6.1,"1,780,335,000","1,780,336,200","1,780,333,630","1,780,335,812",NODELAY,0,AUTO,Diesel,false,false,NA,2,2,0
catalyst-Sac,Santa Clara Office,CAB,"June 2, 2026",20:30,"1,478,703",LOGOUT,true,Rohan Mikhailov Travel,ABZ 986 GP,ABZ 986 GP,4,22.08,23.1,"1,780,433,100","1,780,436,520","1,780,433,246","1,780,440,837",NODELAY,0,AUTO,Petrol,false,false,NODAL,2,3,0
vanta-Aus,Cedar Ridge Office,CAB,"June 1, 2026",20:15,"1,150,912",LOGOUT,true,Sanjay Mikhailov Travel,LSE 915 GP,LSE 915 GP,3,32.05,33.3,"1,780,345,800","1,780,350,840","1,780,344,458","1,780,350,071",NODELAY,0,AUTO,Electric,false,false,HOME,1,2,0
orbit-Slc,Eastgate Office,CAB,"June 3, 2026",22:00,"1,259,889",LOGOUT,false,Rohan Mikhailov Travel,FHR 883 GP,FHR 883 GP,3,11.73,13.31,"1,780,524,900","1,780,526,700","1,780,524,527","1,780,526,830",NODELAY,0,AUTO,Electric,false,false,HOME,3,3,0
vanta-Aus,Cedar Ridge Office,CAB,"June 22, 2026",22:15,"1,188,522",LOGOUT,false,Sanjay Mikhailov Travel,NPX 445 GP,NPX 445 GP,5,8.36,10.5,"1,782,167,400","1,782,167,820","1,782,165,994","1,782,169,415",NODELAY,0,AUTO,Electric,false,false,NA,5,4,1
vanta-Aus,Cedar Ridge Office,CAB,"June 23, 2026",22:15,"1,190,564",LOGOUT,true,Sneha Mikhailov Travel,NGH 175 GP,NGH 175 GP,5,4.5,6.5,"1,782,253,800","1,782,255,060","1,782,252,664","1,782,255,283",NODELAY,0,AUTO,Diesel,false,false,HOME,3,4,1
vanta-Aus,Cedar Ridge Office,CAB,"June 7, 2026",07:00,"1,160,183",LOGIN,true,Priya Mikhailov Travel,QQX 202 GP,QQX 202 GP,3,12.88,13.7,"1,780,812,720","1,780,814,700","1,780,811,765","1,780,813,880",NODELAY,0,AUTO,Electric,false,false,NA,2,3,0
catalyst-Sac,Fairview Commons,CAB,"June 12, 2026",01:00,"1,491,787",LOGOUT,true,Priya Mikhailov Travel,NFN 870 GP,NFN 870 GP,4,25.13,26.4,"1,781,226,900","1,781,229,840","1,781,226,868","1,781,232,567",NODELAY,0,AUTO,Petrol,false,false,NA,2,3,0
vanta-Aus,Cedar Ridge Office,CAB,"May 2, 2026",11:00,"1,098,744",LOGIN,false,Sneha Mikhailov Travel,GDR 346 GP,GDR 346 GP,3,13.34,11.5,"1,777,715,940","1,777,718,700","1,777,715,759","1,777,717,078",NODELAY,0,AUTO,Electric,false,false,HOME,1,1,0
vanta-Aus,Cedar Ridge Office,CAB,"May 7, 2026",14:00,"1,107,427",LOGIN,false,Sneha Mikhailov Travel,QJN 857 GP,QJN 857 GP,3,36.46,35.4,"1,778,156,940","1,778,161,500","1,778,157,108","1,778,160,200",NODELAY,0,AUTO,Diesel,false,false,NA,1,1,0
catalyst-Sac,Santa Clara Office,CAB,"May 7, 2026",19:30,"1,447,779",LOGIN,false,Divya Mikhailov Travel,GZS 919 GP,GZS 919 GP,4,24.1,21.47,"1,778,174,400","1,778,180,400","1,778,174,388","1,778,181,127",NODELAY,0,AUTO,Petrol,false,false,NA,4,4,0
orbit-Slc,Lakeside Commons,CAB,"May 12, 2026",03:30,"1,224,043",LOGOUT,false,Rahul Mikhailov Travel,OCP 209 GP,OCP 209 GP,3,28.36,35.4,"1,778,557,500","1,778,561,220","1,778,556,329","1,778,559,282",NODELAY,0,AUTO,Diesel,false,false,NA,2,2,0
vanta-Aus,Cedar Ridge Office,CAB,"May 13, 2026",09:00,"1,116,798",LOGIN,false,Sneha Mikhailov Travel,WJX 229 GP,WJX 229 GP,3,26.18,25.8,"1,778,658,180","1,778,661,900","1,778,658,877","1,778,662,477",NODELAY,0,AUTO,Diesel,false,false,NA,1,1,0
orbit-Slc,Cedar Ridge Office,BUS,"May 7, 2026",11:00,"1,217,816",LOGIN,false,Rahul Mikhailov Travel,IAL 783 GP,IAL 783 GP,3,32.29,37.07,"1,778,143,500","1,778,150,700","1,778,143,619","1,778,149,821",NODELAY,0,MANUAL,Diesel,false,false,NA,2,2,0
vanta-Aus,Cedar Ridge Office,CAB,"May 11, 2026",20:15,"1,114,166",LOGOUT,false,Sneha Mikhailov Travel,GXU 186 GP,GXU 186 GP,3,19.84,21.6,"1,778,531,400","1,778,535,180","1,778,530,393","1,778,534,731",NODELAY,0,AUTO,Diesel,false,false,NA,2,2,0
catalyst-Sac,Fairview Commons,CAB,"May 7, 2026",04:30,"1,447,544",LOGOUT,false,Priya Mikhailov Travel,CVA 255 GP,CVA 255 GP,4,12.25,9.6,"1,778,129,100","1,778,130,360","1,778,128,826","1,778,130,043",NODELAY,0,AUTO,Petrol,false,false,NA,1,1,0
vanta-Aus,Cedar Ridge Office,CAB,"May 7, 2026",10:00,"1,106,980",LOGIN,false,Meera Pavlov Travel,HIC 237 GP,HIC 237 GP,3,12.02,13.6,"1,778,144,760","1,778,147,100","1,778,144,684","1,778,147,222",NODELAY,0,AUTO,Electric,false,false,HOME,3,3,0
vanta-Aus,Cedar Ridge Office,CAB,"May 14, 2026",12:00,"1,119,341",LOGIN,false,Priya Mikhailov Travel,CNQ 952 GP,CNQ 952 GP,3,11.53,13.9,"1,778,757,120","1,778,759,100","1,778,757,120","1,778,759,139",NODELAY,0,AUTO,Diesel,false,false,NA,2,2,0
catalyst-Sac,Fairview Commons,CAB,"May 14, 2026",19:00,"1,456,817",LOGOUT,false,Sanjay Mikhailov Travel,IBN 799 GP,IBN 799 GP,4,28.11,28.1,"1,778,786,100","1,778,791,320","1,778,785,797","1,778,792,013",NODELAY,0,AUTO,Petrol,false,false,HOME,1,1,0
vanta-Aus,Cedar Ridge Office,CAB,"May 15, 2026",19:15,"1,122,401",LOGOUT,false,Meera Pavlov Travel,CKW 921 GP,CKW 921 GP,5,14.89,15.1,"1,778,873,400","1,778,875,380","1,778,872,328","1,778,875,897",NODELAY,0,AUTO,Diesel,false,false,NA,2,2,0
vanta-Aus,Cedar Ridge Office,CAB,"May 19, 2026",10:00,"1,126,959",LOGIN,false,Meera Pavlov Travel,GKS 792 GP,GKS 792 GP,3,17.73,18.9,"1,779,179,520","1,779,183,900","1,779,179,603","1,779,182,829",NODELAY,0,AUTO,Diesel,false,false,NODAL,2,2,0
catalyst-Sac,Redwood City Center,CAB,"July 17, 2026",20:00,"1,541,550",LOGOUT,true,Priya Mikhailov Travel,GDQ 379 GP,GDQ 379 GP,4,24.96,25,"1,784,319,300","1,784,322,600","1,784,319,288","1,784,327,600",NODELAY,0,AUTO,Petrol,false,false,HOME,2,3,0
vanta-Aus,Cedar Ridge Office,CAB,"July 15, 2026",11:00,"1,229,316",LOGIN,false,Priya Mikhailov Travel,JZK 044 GP,JZK 044 GP,4,20.58,21.2,"1,784,107,740","1,784,112,300","1,784,107,994","1,784,112,997",NODELAY,0,AUTO,Electric,false,false,NA,3,2,1
vanta-Sea,Denver Office,CAB,"July 3, 2026",20:16,"5,013,381",LOGOUT,false,Sanjay Mikhailov Travel,YPS 992 GP,YPS 992 GP,3,12.83,14.6,"1,783,110,660","1,783,112,460","1,783,109,681","1,783,114,328",NODELAY,0,AUTO,Electric,false,false,HOME,3,3,0
orbit-Slc,Eastgate Office,CAB,"July 21, 2026",22:00,"1,346,703",LOGOUT,false,Rohan Mikhailov Travel,HVY 882 GP,HVY 882 GP,6,8.22,12.5,"1,784,672,100","1,784,672,700","1,784,672,140","1,784,675,582",NODELAY,0,AUTO,Diesel,false,false,NA,4,4,0
vanta-Sea,Denver Office,BUS,"July 3, 2026",11:00,"5,011,162",LOGIN,false,Isha Mikhailov Travel,NFQ 337 GP,NFQ 337 GP,12,3.55,1.9,"1,783,075,260","1,783,076,100","1,783,074,096","1,783,075,956",NODELAY,0,MANUAL,Petrol,false,false,HOME,10,9,1
orbit-Slc,Lakeside Commons,CAB,"July 22, 2026",06:30,"1,347,351",LOGIN,false,Rahul Mikhailov Travel,BVM 718 GP,BVM 718 GP,3,22.79,30.8,"1,784,697,000","1,784,700,900","1,784,697,555","1,784,700,649",NODELAY,0,AUTO,Diesel,false,false,NA,3,3,0
orbit-Slc,Eastgate Office,CAB,"July 27, 2026",22:00,"1,356,977",LOGOUT,true,Rohan Mikhailov Travel,XOE 653 GP,XOE 653 GP,6,16.95,21.13,"1,785,190,500","1,785,190,800","1,785,191,025","1,785,196,607",NODELAY,0,AUTO,Diesel,false,false,HOME,5,6,0
catalyst-Sac,Santa Clara Office,CAB,"July 28, 2026",19:30,"1,553,765",LOGIN,false,Rohan Mikhailov Travel,RKE 528 GP,RKE 528 GP,4,7.71,8.1,"1,785,261,900","1,785,265,200","1,785,261,903","1,785,265,231",NODELAY,0,AUTO,Petrol,false,false,HOME,4,4,0
catalyst-Sac,Santa Clara Office,CAB,"July 29, 2026",04:30,"1,555,744",LOGOUT,false,Vikram Mikhailov Travel,VQQ 827 GP,VQQ 827 GP,4,15.71,16.1,"1,785,300,300","1,785,303,180","1,785,300,458","1,785,302,756",NODELAY,0,AUTO,Petrol,false,false,NA,4,4,0
catalyst-Sac,Santa Clara Office,CAB,"July 21, 2026",05:30,"1,544,325",LOGOUT,true,Vikram Mikhailov Travel,PGJ 973 GP,PGJ 973 GP,4,22.45,22.37,"1,784,612,700","1,784,615,460","1,784,612,947","1,784,615,448",NODELAY,0,AUTO,Petrol,false,false,NA,1,2,0
pinnacle-Slc,Clearwater Campus,CAB,"June 12, 2026",08:30,"3,232,190",LOGIN,false,Pooja Mikhailov Travel,WJP 647 GP,WJP 647 GP,3,15.72,18,"1,781,248,800","1,781,252,700","1,781,249,644","1,781,254,628",EMPLOYEE,12,AUTO,Diesel,false,false,HOME,3,1,0
pinnacle-Slc,Oakmont Office,CAB,"June 10, 2026",13:30,"3,220,552",LOGOUT,false,Pooja Mikhailov Travel,OHE 787 GP,OHE 787 GP,3,24.53,26.3,"1,781,098,200","1,781,101,860","1,781,099,101","1,781,103,826",DRIVER,1,AUTO,Diesel,false,false,NODAL,2,2,0
pinnacle-Slc,Oakmont Office,CAB,"June 10, 2026",15:30,"3,220,826",LOGOUT,false,Amit Mikhailov Travel,WMD 973 GP,WMD 973 GP,3,23.49,26.28,"1,781,105,400","1,781,110,200","1,781,105,695","1,781,112,114",NODELAY,0,AUTO,Diesel,false,false,NODAL,3,3,0
pinnacle-Slc,Clearwater Campus,CAB,"June 15, 2026",09:00,"3,245,184",LOGIN,false,Pooja Mikhailov Travel,ZOZ 409 GP,ZOZ 409 GP,3,18.5,19.1,"1,781,509,800","1,781,513,700","1,781,510,109","1,781,514,048",NODELAY,0,AUTO,Diesel,false,false,NODAL,1,1,0
vanta-Sea,Denver Office,CAB,"June 19, 2026",21:16,"4,966,719",LOGOUT,false,Sanjay Mikhailov Travel,CIT 179 GP,CIT 179 GP,12,13.5,16.4,"1,781,904,660","1,781,905,440","1,781,903,909","1,781,907,843",NODELAY,0,AUTO,Petrol,false,false,NA,3,1,2
vanta-Sea,Denver Office,CAB,"June 19, 2026",23:16,"4,967,057",LOGOUT,false,Anjali Mikhailov Travel,GHP 054 GP,GHP 054 GP,3,25.03,28.1,"1,781,911,860","1,781,914,560","1,781,910,760","1,781,915,678",NODELAY,0,AUTO,Petrol,false,false,NA,3,3,0
vanta-Sea,Denver Office,BUS,"June 22, 2026",12:00,"4,970,689",LOGIN,false,Isha Mikhailov Travel,KAB 200 GP,KAB 200 GP,12,4.63,4.7,"1,782,127,500","1,782,128,700","1,782,126,955","1,782,129,050",NODELAY,0,MANUAL,Petrol,false,false,NODAL,5,4,1
pinnacle-Slc,Clearwater Campus,CAB,"June 17, 2026",08:30,"3,255,023",LOGIN,false,Arjun Mikhailov Travel,ZGP 480 GP,ZGP 480 GP,3,5.95,8.4,"1,781,682,480","1,781,684,700","1,781,682,994","1,781,685,640",NODELAY,0,AUTO,Diesel,false,false,HOME,3,3,0
pinnacle-Slc,Willow Bend Campus,CAB,"June 12, 2026",09:00,"3,233,396",LOGIN,false,Rohan Mikhailov Travel,AQE 842 GP,AQE 842 GP,3,27.64,26.5,"1,781,250,960","1,781,254,500","1,781,250,544","1,781,254,490",NODELAY,0,AUTO,Diesel,false,false,NA,1,1,0
vanta-Sea,Denver Office,CAB,"June 23, 2026",22:16,"4,977,821",LOGOUT,true,Anjali Mikhailov Travel,FRO 035 GP,FRO 035 GP,3,15.55,12.7,"1,782,253,860","1,782,255,180","1,782,253,010","1,782,255,826",NODELAY,0,AUTO,Petrol,false,false,NA,2,3,0
vanta-Sea,Denver Office,CAB,"June 23, 2026",22:00,"4,975,775",LOGIN,false,Priya Mikhailov Travel,GDD 269 GP,GDD 269 GP,3,10.19,9.9,"1,782,249,840","1,782,251,100","1,782,249,722","1,782,251,163",NODELAY,0,AUTO,Petrol,false,false,HOME,1,1,0
vanta-Sea,Denver Office,CAB,"July 21, 2026",18:16,"5,067,312",LOGOUT,false,Priya Mikhailov Travel,KYP 482 GP,KYP 482 GP,3,6.09,6.1,"1,784,658,660","1,784,659,200","1,784,657,736","1,784,660,614",NODELAY,0,AUTO,Petrol,false,false,HOME,1,2,0
vanta-Sea,Denver Office,BUS,"July 22, 2026",10:00,"5,069,200",LOGIN,false,Aarav Mikhailov Travel,HCQ 652 GP,HCQ 652 GP,3,8.72,8.7,"1,784,710,800","1,784,714,400","1,784,709,606","1,784,714,332",NODELAY,0,MANUAL,Electric,false,false,HOME,2,2,0
vanta-Sea,Denver Office,CAB,"July 20, 2026",23:16,"5,064,533",LOGOUT,true,Aarav Mikhailov Travel,ZCW 462 GP,ZCW 462 GP,3,17.95,17.3,"1,784,590,260","1,784,592,360","1,784,589,279","1,784,592,714",NODELAY,0,AUTO,Petrol,false,false,HOME,2,3,0
vanta-Sea,Denver Office,BUS,"July 27, 2026",11:00,"5,085,324",LOGIN,false,Isha Mikhailov Travel,XEH 854 GP,XEH 854 GP,5,20.86,22.7,"1,785,144,660","1,785,149,100","1,785,143,009","1,785,150,240",EMPLOYEE,4,MANUAL,Petrol,false,false,HOME,5,4,1
vanta-Sea,Denver Office,BUS,"July 28, 2026",10:00,"5,089,314",LOGIN,false,Sanjay Mikhailov Travel,MFF 800 GP,MFF 800 GP,12,10.77,14,"1,785,228,480","1,785,231,900","1,785,226,977","1,785,232,485",NODELAY,0,MANUAL,Petrol,false,false,HOME,3,2,1
vanta-Sea,Denver Office,BUS,"July 31, 2026",13:16,"5,104,139",LOGOUT,false,Isha Mikhailov Travel,FHG 233 GP,FHG 233 GP,3,27.33,29.6,"1,785,503,760","1,785,506,400","1,785,504,041","1,785,509,860",NODELAY,0,MANUAL,Electric,false,false,HOME,2,2,0
pinnacle-Slc,Oakmont Office,CAB,"June 24, 2026",15:30,"3,298,235",LOGOUT,false,Aarav Mikhailov Travel,PHQ 029 GP,PHQ 029 GP,3,25.74,25.85,"1,782,315,000","1,782,320,580","1,782,315,145","1,782,322,214",NODELAY,0,AUTO,Diesel,false,false,HOME,3,3,0
pinnacle-Slc,Clearwater Campus,CAB,"June 25, 2026",14:30,"3,303,130",LOGOUT,false,Sanjay Mikhailov Travel,ENL 539 GP,ENL 539 GP,3,12.06,8.46,"1,782,397,800","1,782,399,540","1,782,397,966","1,782,401,042",EMPLOYEE,6,AUTO,Diesel,false,false,NA,3,3,0
pinnacle-Slc,Clearwater Campus,CAB,"June 30, 2026",Non Shift,"3,333,329",LOGOUT,false,Arjun Mikhailov Travel,OXK 358 GP,OXK 358 GP,3,4.21,4.7,"1,782,847,800","1,782,851,400","1,782,847,974","1,782,849,688",NODELAY,0,AUTO,Diesel,false,false,NA,1,1,0
pinnacle-Slc,Clearwater Campus,CAB,"June 30, 2026",09:00,"3,321,620",LOGIN,false,Karan Mikhailov Travel,SHG 109 GP,SHG 109 GP,3,6.04,6.13,"1,782,807,660","1,782,809,700","1,782,808,165","1,782,810,741",NODELAY,0,AUTO,Diesel,false,false,HOME,1,1,0
pinnacle-Slc,Clearwater Campus,CAB,"June 30, 2026",08:30,"3,321,398",LOGIN,false,Divya Mikhailov Travel,NRQ 296 GP,NRQ 296 GP,3,22.94,21.92,"1,782,803,400","1,782,807,900","1,782,803,401","1,782,808,001",NODELAY,0,AUTO,Diesel,false,false,HOME,2,2,0
pinnacle-Slc,Oakmont Office,CAB,"June 30, 2026",08:30,"3,324,161",LOGIN,false,Rahul Morozov Travel,XHA 830 GP,XHA 830 GP,3,19.31,18.5,"1,782,803,760","1,782,807,900","1,782,803,994","1,782,807,267",NODELAY,0,AUTO,Diesel,false,false,HOME,3,3,0
vanta-Sea,Denver Office,CAB,"May 11, 2026",06:00,"4,837,100",LOGIN,true,Sanjay Mikhailov Travel,HLV 022 GP,HLV 022 GP,3,20.16,20.1,"1,778,476,200","1,778,478,300","1,778,475,879","1,778,477,985",NODELAY,0,AUTO,Petrol,false,false,NA,1,2,0
vanta-Sea,Denver Office,CAB,"May 12, 2026",23:16,"4,844,901",LOGOUT,true,Sanjay Mikhailov Travel,KWM 686 GP,KWM 686 GP,3,19.32,19.5,"1,778,628,660","1,778,630,820","1,778,627,959","1,778,630,716",NODELAY,0,AUTO,Petrol,false,false,NA,2,3,0
vanta-Sea,Denver Office,CAB,"May 11, 2026",23:16,"4,840,645",LOGOUT,false,Anjali Mikhailov Travel,XRJ 526 GP,XRJ 526 GP,3,13.87,13.7,"1,778,542,260","1,778,543,760","1,778,541,046","1,778,543,718",NODELAY,0,AUTO,Petrol,false,false,NA,2,2,0
vanta-Sea,Denver Office,BUS,"May 8, 2026",11:00,"4,832,124",LOGIN,false,Anjali Mikhailov Travel,GWR 475 GP,GWR 475 GP,5,24.2,24.8,"1,778,231,400","1,778,237,100","1,778,230,642","1,778,236,061",NODELAY,0,MANUAL,Petrol,false,false,NA,5,4,1
vanta-Sea,Denver Office,CAB,"May 8, 2026",18:16,"4,833,865",LOGOUT,false,Anjali Mikhailov Travel,HBC 667 GP,HBC 667 GP,3,16.21,22.6,"1,778,265,060","1,778,267,100","1,778,264,122","1,778,269,013",NODELAY,0,AUTO,Petrol,false,false,NA,2,2,0
vanta-Sea,Denver Office,BUS,"May 8, 2026",12:16,"4,833,131",LOGOUT,false,Aarav Mikhailov Travel,MDY 030 GP,MDY 030 GP,3,15.42,16.5,"1,778,242,560","1,778,242,740","1,778,241,355","1,778,245,203",NODELAY,0,MANUAL,Petrol,false,false,NA,1,1,0
vanta-Sea,Denver Office,CAB,"May 10, 2026",08:00,"4,836,261",LOGIN,false,Aarav Petrov Travel,SFV 424 GP,SFV 424 GP,3,20.38,19,"1,778,397,000","1,778,399,100","1,778,397,502","1,778,399,448",NODELAY,0,AUTO,Electric,false,false,NA,1,1,0
vanta-Sea,Denver Office,BUS,"May 11, 2026",12:00,"4,838,253",LOGIN,false,Isha Mikhailov Travel,OBU 249 GP,OBU 249 GP,3,21.33,19.4,"1,778,495,160","1,778,499,900","1,778,495,397","1,778,500,339",NODELAY,0,MANUAL,Petrol,false,false,HOME,2,2,0
vanta-Sea,Denver Office,CAB,"May 11, 2026",22:16,"4,840,376",LOGOUT,false,Sanjay Mikhailov Travel,IDR 854 GP,IDR 854 GP,5,7.32,6.7,"1,778,538,660","1,778,539,140","1,778,537,630","1,778,539,515",NODELAY,0,AUTO,Petrol,false,false,NA,5,3,2
vanta-Sea,Denver Office,CAB,"May 15, 2026",00:16,"4,852,639",LOGOUT,false,Sanjay Mikhailov Travel,YDV 991 GP,YDV 991 GP,3,6.14,6,"1,778,805,060","1,778,805,480","1,778,804,356","1,778,805,335",NODELAY,0,AUTO,Electric,false,false,NA,2,1,1
vanta-Sea,Denver Office,CAB,"May 15, 2026",22:16,"4,855,980",LOGOUT,false,Anjali Mikhailov Travel,OUQ 671 GP,OUQ 671 GP,3,15.42,15.5,"1,778,884,260","1,778,885,640","1,778,883,400","1,778,886,441",NODELAY,0,AUTO,Electric,false,false,NA,3,3,0
vanta-Sea,Denver Office,CAB,"May 21, 2026",18:16,"4,872,252",LOGOUT,false,Sanjay Mikhailov Travel,YPS 992 GP,YPS 992 GP,3,10.25,12.5,"1,779,388,260","1,779,388,860","1,779,387,150","1,779,391,790",NODELAY,0,AUTO,Electric,false,false,NA,3,3,0
vanta-Sea,Denver Office,CAB,"May 26, 2026",20:16,"4,885,972",LOGOUT,false,Isha Mikhailov Travel,CWC 672 GP,CWC 672 GP,3,12.47,13.5,"1,779,827,460","1,779,828,600","1,779,826,615","1,779,829,644",NODELAY,0,AUTO,Electric,false,false,NA,4,2,2
vanta-Sea,Denver Office,CAB,"July 29, 2026",09:00,"5,093,669",LOGIN,false,Sanjay Mikhailov Travel,HVQ 574 GP,HVQ 574 GP,3,17.48,14.6,"1,785,312,660","1,785,314,700","1,785,312,646","1,785,319,221",TRAFFIC,60,AUTO,Electric,false,false,HOME,1,1,0
pinnacle-Slc,Clearwater Campus,CAB,"July 1, 2026",09:00,"3,328,112",LOGIN,false,Aarav Mikhailov Travel,EFJ 397 GP,EFJ 397 GP,3,8.32,6.9,"1,782,893,280","1,782,896,100","1,782,893,679","1,782,896,071",NODELAY,0,AUTO,Diesel,false,false,NA,3,3,0
pinnacle-Slc,Clearwater Campus,CAB,"July 1, 2026",10:30,"3,328,562",LOGIN,false,Pooja Mikhailov Travel,GQT 665 GP,GQT 665 GP,3,5.56,6.76,"1,782,899,100","1,782,901,500","1,782,899,775","1,782,902,200",NODELAY,0,AUTO,Diesel,false,false,NA,3,2,0
pinnacle-Slc,Oakmont Office,CAB,"July 3, 2026",08:30,"3,343,709",LOGIN,false,Arjun Mikhailov Travel,XXO 987 GP,XXO 987 GP,3,7.22,5.4,"1,783,065,180","1,783,067,100","1,783,065,268","1,783,067,023",NODELAY,0,AUTO,Diesel,false,false,HOME,3,3,0
pinnacle-Slc,Clearwater Campus,CAB,"July 7, 2026",16:30,"3,360,391",LOGOUT,false,Aarav Mikhailov Travel,LJU 450 GP,LJU 450 GP,3,3.94,4.56,"1,783,441,800","1,783,443,360","1,783,442,687","1,783,444,677",DRIVER,2,AUTO,Diesel,false,false,NA,3,2,0
pinnacle-Slc,Willow Bend Campus,CAB,"July 10, 2026",08:30,"3,376,787",LOGIN,false,Rahul Morozov Travel,MMG 536 GP,MMG 536 GP,3,8.83,9.07,"1,783,669,320","1,783,671,900","1,783,670,205","1,783,671,843",NODELAY,0,AUTO,Diesel,false,false,NA,3,2,0
pinnacle-Slc,Clearwater Campus,CAB,"July 13, 2026",08:30,"3,385,937",LOGIN,false,Arjun Mikhailov Travel,SMC 112 GP,SMC 112 GP,3,25.95,25.56,"1,783,926,000","1,783,931,100","1,783,926,480","1,783,930,848",NODELAY,0,AUTO,Diesel,false,false,NA,1,1,0
pinnacle-Slc,Willow Bend Campus,CAB,"July 8, 2026",14:30,"3,365,882",LOGOUT,false,Rohan Mikhailov Travel,CTL 404 GP,CTL 404 GP,3,6.17,6.3,"1,783,521,000","1,783,522,140","1,783,521,370","1,783,523,304",NODELAY,0,AUTO,Diesel,false,false,NA,1,1,0
pinnacle-Slc,Clearwater Campus,CAB,"July 10, 2026",10:30,"3,375,742",LOGIN,false,Sanjay Mikhailov Travel,HJL 641 GP,HJL 641 GP,3,8.88,8.16,"1,783,676,640","1,783,679,100","1,783,677,019","1,783,679,621",NODELAY,0,AUTO,Diesel,false,false,HOME,3,2,0
pinnacle-Slc,Willow Bend Campus,CAB,"July 14, 2026",14:30,"3,392,534",LOGOUT,false,Aarav Mikhailov Travel,WGJ 598 GP,WGJ 598 GP,3,19.29,19.3,"1,784,039,400","1,784,042,460","1,784,039,469","1,784,042,853",NODELAY,0,AUTO,Diesel,false,false,NA,2,2,0
pinnacle-Slc,Clearwater Campus,CAB,"July 14, 2026",15:00,"3,393,911",LOGOUT,false,Divya Sokolov Travel,DWO 313 GP,DWO 313 GP,3,16.12,14.9,"1,784,041,200","1,784,043,840","1,784,040,397","1,784,042,907",NODELAY,0,AUTO,Diesel,false,false,HOME,1,1,0
vanta-Sea,Denver Office,CAB,"June 23, 2026",19:16,"4,976,966",LOGOUT,false,Sanjay Mikhailov Travel,NSQ 039 GP,NSQ 039 GP,3,24.83,25.2,"1,782,243,060","1,782,247,080","1,782,242,228","1,782,247,670",NODELAY,0,AUTO,Petrol,false,false,NA,2,2,0
vanta-Sea,Denver Office,BUS,"June 25, 2026",14:00,"4,984,185",LOGIN,false,Isha Mikhailov Travel,WLV 703 GP,WLV 703 GP,3,33.16,27.5,"1,782,390,720","1,782,395,100","1,782,390,091","1,782,395,997",NODELAY,0,MANUAL,Petrol,false,false,HOME,3,3,0
pinnacle-Slc,Oakmont Office,CAB,"June 25, 2026",03:00,"3,304,941",LOGOUT,true,Aarav Mikhailov Travel,VEH 150 GP,VEH 150 GP,3,4.11,4.8,"1,782,356,400","1,782,357,240","1,782,357,565","1,782,358,182",EMPLOYEE,5,AUTO,Diesel,false,false,HOME,3,2,0
pinnacle-Slc,Oakmont Office,CAB,"June 19, 2026",15:00,"3,274,595",LOGOUT,false,Rahul Orlov Travel,BCF 302 GP,BCF 302 GP,3,4.96,5.9,"1,781,881,200","1,781,882,280","1,781,881,294","1,781,884,714",NODELAY,0,AUTO,Diesel,false,false,NODAL,2,2,0
vanta-Sea,Denver Office,CAB,"June 29, 2026",22:16,"4,996,854",LOGOUT,true,Sanjay Mikhailov Travel,DSK 699 GP,DSK 699 GP,3,20.13,20,"1,782,772,260","1,782,773,880","1,782,771,148","1,782,775,306",NODELAY,0,AUTO,Petrol,false,false,NA,2,3,0
pinnacle-Slc,Willow Bend Campus,CAB,"June 19, 2026",13:30,"3,274,892",LOGOUT,false,Pooja Mikhailov Travel,TFF 801 GP,TFF 801 GP,3,23.87,25.7,"1,781,875,800","1,781,878,380","1,781,876,493","1,781,880,535",DRIVER,2,AUTO,Diesel,false,false,NA,2,2,0
pinnacle-Slc,Clearwater Campus,CAB,"June 5, 2026",10:30,"3,198,409",LOGIN,false,Rahul Morozov Travel,EQU 476 GP,EQU 476 GP,3,7.11,7.2,"1,780,652,700","1,780,655,100","1,780,653,195","1,780,654,898",NODELAY,0,AUTO,Diesel,false,false,HOME,3,1,0
pinnacle-Slc,Oakmont Office,CAB,"June 19, 2026",03:00,"3,275,168",LOGOUT,false,Sanjay Mikhailov Travel,ZCZ 477 GP,ZCZ 477 GP,3,9.57,10.2,"1,781,838,000","1,781,839,140","1,781,839,299","1,781,840,479",EMPLOYEE,9,AUTO,Diesel,false,false,HOME,1,1,0
pinnacle-Slc,Oakmont Office,CAB,"June 3, 2026",08:30,"3,186,339",LOGIN,false,Rahul Morozov Travel,OQR 457 GP,OQR 457 GP,3,19.67,19.5,"1,780,470,660","1,780,475,100","1,780,470,840","1,780,474,380",NODELAY,0,AUTO,Diesel,false,false,HOME,3,3,0
pinnacle-Slc,Willow Bend Campus,CAB,"June 26, 2026",07:30,"3,308,630",LOGIN,false,Sanjay Mikhailov Travel,IHY 124 GP,IHY 124 GP,3,15.34,14.9,"1,782,456,900","1,782,458,700","1,782,457,180","1,782,459,193",NODELAY,0,AUTO,Diesel,false,false,HOME,2,2,0
pinnacle-Slc,Oakmont Office,CAB,"June 26, 2026",08:30,"3,308,894",LOGIN,false,Rahul Mikhailov Travel,ALQ 309 GP,ALQ 309 GP,3,6.1,5.9,"1,782,460,680","1,782,462,300","1,782,461,384","1,782,462,520",NODELAY,0,AUTO,Diesel,false,false,NA,3,2,0
pinnacle-Slc,Clearwater Campus,CAB,"June 26, 2026",15:00,"3,309,582",LOGOUT,false,Karan Mikhailov Travel,BZE 013 GP,BZE 013 GP,3,14.79,14,"1,782,486,000","1,782,487,740","1,782,486,383","1,782,488,782",NODELAY,0,AUTO,Diesel,false,false,NODAL,2,1,0
pinnacle-Slc,Willow Bend Campus,CAB,"June 23, 2026",13:30,"3,291,090",LOGOUT,false,Pooja Mikhailov Travel,GQT 665 GP,GQT 665 GP,3,8.07,8.3,"1,782,221,400","1,782,222,420","1,782,221,583","1,782,223,539",NODELAY,0,AUTO,Diesel,false,false,NA,2,2,0
pinnacle-Slc,Oakmont Office,CAB,"May 19, 2026",10:30,"3,121,587",LOGIN,false,Rohan Mikhailov Travel,CQD 298 GP,CQD 298 GP,3,16.5,16.7,"1,779,182,520","1,779,186,300","1,779,182,472","1,779,187,111",NODELAY,0,AUTO,Diesel,false,false,HOME,1,1,0
pinnacle-Slc,Oakmont Office,CAB,"May 26, 2026",07:30,"3,154,325",LOGIN,false,Pooja Mikhailov Travel,YQR 696 GP,YQR 696 GP,3,22.47,21.9,"1,779,777,240","1,779,780,300","1,779,777,510","1,779,780,550",NODELAY,0,AUTO,Diesel,false,false,HOME,2,1,0
pinnacle-Slc,Oakmont Office,CAB,"May 26, 2026",20:30,"3,156,643",LOGOUT,true,Rahul Mikhailov Travel,AZG 371 GP,AZG 371 GP,3,13.25,12.48,"1,779,827,400","1,779,829,680","1,779,826,738","1,779,829,162",NODELAY,0,AUTO,Diesel,false,false,NA,2,2,0
pinnacle-Slc,Willow Bend Campus,CAB,"May 25, 2026",09:00,"3,149,220",LOGIN,false,Divya Mikhailov Travel,HOO 191 GP,HOO 191 GP,3,5.9,5.1,"1,779,697,440","1,779,699,300","1,779,697,791","1,779,700,550",NODELAY,0,AUTO,Diesel,false,false,NODAL,3,3,0
pinnacle-Slc,Clearwater Campus,CAB,"May 26, 2026",08:30,"3,155,452",LOGIN,false,Rohan Mikhailov Travel,EEV 688 GP,EEV 688 GP,3,1.93,1.4,"1,779,783,300","1,779,783,900","1,779,782,922","1,779,783,174",NODELAY,0,AUTO,Diesel,false,false,NA,1,1,0
pinnacle-Slc,Oakmont Office,CAB,"May 21, 2026",20:00,"3,137,225",LOGIN,true,Karan Mikhailov Travel,IJQ 363 GP,IJQ 363 GP,3,12.31,13.99,"1,779,387,600","1,779,393,300","1,779,387,652","1,779,392,952",NODELAY,0,AUTO,Diesel,false,false,NA,3,3,0
pinnacle-Slc,Clearwater Campus,CAB,"May 22, 2026",08:30,"3,141,376",LOGIN,false,Pooja Mikhailov Travel,HMD 191 GP,HMD 191 GP,3,22.89,19.36,"1,779,434,760","1,779,438,300","1,779,435,310","1,779,438,852",NODELAY,0,AUTO,Diesel,false,false,NA,3,2,0
pinnacle-Slc,Willow Bend Campus,CAB,"May 26, 2026",07:30,"3,154,998",LOGIN,false,Sanjay Mikhailov Travel,DPN 974 GP,DPN 974 GP,3,9.76,9.39,"1,779,778,620","1,779,780,300","1,779,778,737","1,779,780,037",NODELAY,0,AUTO,Diesel,false,false,NA,1,1,0
pinnacle-Slc,Willow Bend Campus,CAB,"May 26, 2026",15:00,"3,156,870",LOGOUT,false,Divya Kozlov Travel,HAU 222 GP,HAU 222 GP,3,5.63,6.6,"1,779,807,600","1,779,808,680","1,779,807,125","1,779,808,893",NODELAY,0,AUTO,Diesel,false,false,HOME,2,2,0
pinnacle-Slc,Willow Bend Campus,CAB,"May 27, 2026",08:30,"3,160,777",LOGIN,false,Karan Mikhailov Travel,KVP 668 GP,KVP 668 GP,3,15.23,14.92,"1,779,868,380","1,779,870,300","1,779,868,669","1,779,871,686",EMPLOYEE,3,AUTO,Diesel,false,false,NA,1,1,0
pinnacle-Slc,Clearwater Campus,CAB,"July 28, 2026",08:30,"3,458,249",LOGIN,false,Divya Kozlov Travel,NFK 896 GP,NFK 896 GP,3,11.88,11.11,"1,785,223,980","1,785,227,100","1,785,224,095","1,785,227,180",NODELAY,0,AUTO,Diesel,false,false,HOME,3,3,0
pinnacle-Slc,Clearwater Campus,CAB,"July 27, 2026",15:30,"3,454,029",LOGOUT,false,Aarav Mikhailov Travel,JHK 787 GP,JHK 787 GP,3,10.1,10.4,"1,785,166,200","1,785,168,540","1,785,165,854","1,785,168,845",NODELAY,0,AUTO,Diesel,false,false,NA,3,3,0
pinnacle-Slc,Ashford Commons,CAB,"July 28, 2026",Non Shift,"3,463,539",LOGOUT,false,Aarav Mikhailov Travel,YZA 895 GP,YZA 895 GP,3,4.67,5.83,"1,785,259,800","1,785,263,400","1,785,259,764","1,785,262,480",NODELAY,0,AUTO,Diesel,false,false,NA,1,1,0
pinnacle-Slc,Oakmont Office,CAB,"July 29, 2026",04:00,"3,466,892",LOGOUT,false,Karan Mikhailov Travel,KGE 560 GP,KGE 560 GP,3,20.16,20.2,"1,785,297,600","1,785,299,940","1,785,298,843","1,785,301,115",EMPLOYEE,6,AUTO,Diesel,false,false,NA,2,2,0
pinnacle-Slc,Willow Bend Campus,CAB,"July 29, 2026",22:30,"3,465,292",LOGOUT,true,Karan Mikhailov Travel,KGE 560 GP,KGE 560 GP,3,19.21,20.65,"1,785,364,200","1,785,367,380","1,785,364,479","1,785,367,552",NODELAY,0,AUTO,Diesel,false,false,HOME,2,2,0
pinnacle-Slc,Clearwater Campus,CAB,"July 31, 2026",14:30,"3,483,938",LOGOUT,false,Rohan Mikhailov Travel,BVQ 749 GP,BVQ 749 GP,3,9.57,9.4,"1,785,508,200","1,785,509,040","1,785,508,055","1,785,509,981",NODELAY,0,AUTO,Diesel,false,false,NA,2,2,0
pinnacle-Slc,Clearwater Campus,CAB,"July 31, 2026",16:30,"3,484,468",LOGOUT,false,Rohan Mikhailov Travel,EST 480 GP,EST 480 GP,3,5.25,5.32,"1,785,515,400","1,785,516,780","1,785,515,681","1,785,517,336",NODELAY,0,AUTO,Diesel,false,false,NA,3,2,0
vanta-Aus,Cedar Ridge Office,CAB,"June 12, 2026",16:15,"1,170,686",LOGOUT,false,Sneha Mikhailov Travel,EFN 105 GP,EFN 105 GP,3,3.68,4.8,"1,781,281,800","1,781,282,040","1,781,280,551","1,781,282,636",NODELAY,0,AUTO,Diesel,false,false,NA,3,2,1
vanta-Aus,Cedar Ridge Office,CAB,"June 11, 2026",12:00,"1,167,783",LOGIN,false,Sneha Mikhailov Travel,KIQ 433 GP,KIQ 433 GP,3,32.98,5.1,"1,781,172,300","1,781,178,300","1,781,172,375","1,781,178,630",NODELAY,0,AUTO,Diesel,false,false,HOME,3,3,0
vanta-Aus,Cedar Ridge Office,CAB,"June 30, 2026",21:15,"1,203,619",LOGOUT,false,Sanjay Mikhailov Travel,PHY 705 GP,PHY 705 GP,3,20.64,22.6,"1,782,855,000","1,782,858,840","1,782,854,052","1,782,857,986",NODELAY,0,AUTO,Electric,false,false,NA,2,2,0
catalyst-Sac,Santa Clara Office,CAB,"June 17, 2026",20:00,"1,498,481",LOGOUT,true,Vikram Mikhailov Travel,QDK 268 GP,QDK 268 GP,4,16.05,16,"1,781,727,300","1,781,728,320","1,781,727,325","1,781,733,487",NODELAY,0,AUTO,Petrol,false,false,NA,2,3,0
catalyst-Sac,Fairview Commons,CAB,"June 16, 2026",07:00,"1,495,465",LOGIN,false,Arjun Mikhailov Travel,AZH 504 GP,AZH 504 GP,4,24.29,24.5,"1,781,589,000","1,781,591,400","1,781,589,059","1,781,591,790",NODELAY,0,AUTO,Petrol,false,false,NA,1,1,0
catalyst-Sac,Santa Clara Office,CAB,"June 16, 2026",00:30,"1,495,133",LOGOUT,false,Divya Mikhailov Travel,IJA 122 GP,IJA 122 GP,4,3.58,3.6,"1,781,570,700","1,781,571,300","1,781,570,923","1,781,571,580",NODELAY,0,AUTO,Petrol,false,false,HOME,1,1,0
vanta-Sea,Denver Office,BUS,"June 4, 2026",10:00,"4,912,814",LOGIN,false,Priya Mikhailov Travel,ZSJ 428 GP,ZSJ 428 GP,3,6.39,5.1,"1,780,564,560","1,780,566,300","1,780,563,871","1,780,568,502",TRAFFIC,21,MANUAL,Electric,false,false,NA,2,2,0
vanta-Sea,Denver Office,BUS,"June 4, 2026",11:00,"4,913,368",LOGIN,false,Priya Mikhailov Travel,UNJ 940 GP,UNJ 940 GP,3,9.15,8.7,"1,780,567,320","1,780,569,900","1,780,566,482","1,780,570,066",NODELAY,0,MANUAL,Petrol,false,false,NA,3,3,0
catalyst-Sac,Fairview Commons,CAB,"June 19, 2026",19:00,"1,502,165",LOGOUT,true,Arjun Mikhailov Travel,QXJ 207 GP,QXJ 207 GP,4,21.71,21.7,"1,781,896,500","1,781,900,220","1,781,895,950","1,781,905,581",NODELAY,0,AUTO,Petrol,false,false,HOME,1,2,0
vanta-Sea,Denver Office,CAB,"May 28, 2026",20:16,"4,893,751",LOGOUT,true,Isha Mikhailov Travel,REM 881 GP,REM 881 GP,3,29.67,32.6,"1,780,000,260","1,780,004,820","1,779,999,464","1,780,004,337",NODELAY,0,AUTO,Petrol,false,false,NA,2,3,0
vanta-Sea,Denver Office,BUS,"May 29, 2026",11:00,"4,895,471",LOGIN,false,Anjali Mikhailov Travel,YPC 276 GP,YPC 276 GP,5,3.87,2.1,"1,780,050,420","1,780,052,100","1,780,048,974","1,780,051,261",NODELAY,0,MANUAL,Petrol,false,false,HOME,5,3,2
vanta-Sea,Denver Office,BUS,"May 28, 2026",16:16,"4,892,997",LOGOUT,false,Sanjay Mikhailov Travel,GOH 670 GP,GOH 670 GP,12,8.01,7.6,"1,779,984,960","1,779,985,080","1,779,984,244","1,779,986,189",NODELAY,0,MANUAL,Petrol,false,false,NA,4,4,0
vanta-Sea,Denver Office,CAB,"May 26, 2026",22:16,"4,886,487",LOGOUT,true,Sanjay Mikhailov Travel,GCZ 582 GP,GCZ 582 GP,3,21.51,22.7,"1,779,834,660","1,779,836,880","1,779,833,744","1,779,837,511",NODELAY,0,AUTO,Petrol,false,false,NA,2,3,0
pinnacle-Slc,Willow Bend Campus,CAB,"May 5, 2026",08:30,"3,061,626",LOGIN,false,Aarav Mikhailov Travel,SNI 363 GP,SNI 363 GP,3,11.93,12,"1,777,966,980","1,777,969,500","1,777,967,424","1,777,969,840",NODELAY,0,AUTO,Diesel,false,false,NA,1,1,0
pinnacle-Slc,Oakmont Office,CAB,"May 5, 2026",13:30,"3,062,755",LOGIN,false,Amit Mikhailov Travel,ZWW 499 GP,ZWW 499 GP,5,12.72,12.04,"1,777,984,980","1,777,987,500","1,777,984,850","1,777,987,641",NODELAY,0,AUTO,Diesel,false,false,NA,2,2,0
pinnacle-Slc,Clearwater Campus,CAB,"May 7, 2026",08:30,"3,071,972",LOGIN,false,Rahul Mikhailov Travel,LFN 940 GP,LFN 940 GP,3,6.38,7.5,"1,778,140,320","1,778,142,300","1,778,140,207","1,778,141,756",NODELAY,0,AUTO,Diesel,false,false,NA,2,1,0
pinnacle-Slc,Clearwater Campus,CAB,"May 4, 2026",21:30,"3,057,989",LOGOUT,false,Divya Mikhailov Travel,YGT 401 GP,YGT 401 GP,3,8.93,8.8,"1,777,930,200","1,777,931,460","1,777,928,967","1,777,930,431",NODELAY,0,AUTO,Diesel,false,false,NA,2,2,0
pinnacle-Slc,Clearwater Campus,CAB,"May 7, 2026",09:30,"3,072,506",LOGIN,false,Rahul Morozov Travel,GSE 877 GP,GSE 877 GP,3,7.53,7.48,"1,778,143,740","1,778,145,900","1,778,143,424","1,778,146,599",NODELAY,0,AUTO,Diesel,false,false,NA,2,2,0
pinnacle-Slc,Clearwater Campus,CAB,"May 7, 2026",08:30,"3,071,755",LOGIN,false,Rahul Mikhailov Travel,QPU 991 GP,QPU 991 GP,3,15.53,16.8,"1,778,139,060","1,778,142,300","1,778,139,426","1,778,143,001",NODELAY,0,AUTO,Diesel,false,false,NA,3,3,0
pinnacle-Slc,Willow Bend Campus,CAB,"May 7, 2026",14:30,"3,075,406",LOGOUT,false,Amit Volkov Travel,HRC 759 GP,HRC 759 GP,3,11.04,11.32,"1,778,164,200","1,778,166,180","1,778,164,588","1,778,167,141",NODELAY,0,AUTO,Diesel,false,false,NA,1,1,0
pinnacle-Slc,Oakmont Office,CAB,"May 7, 2026",19:30,"3,073,895",LOGIN,false,Sanjay Mikhailov Travel,KFT 720 GP,KFT 720 GP,3,13.97,14.69,"1,778,176,560","1,778,181,900","1,778,177,393","1,778,180,700",NODELAY,0,AUTO,Diesel,false,false,NA,2,2,0
vanta-Sea,Denver Office,CAB,"July 7, 2026",21:16,"5,023,272",LOGOUT,true,Anjali Mikhailov Travel,LJM 773 GP,LJM 773 GP,12,10.84,10.4,"1,783,459,860","1,783,461,180","1,783,459,254","1,783,462,476",NODELAY,0,AUTO,Petrol,false,false,HOME,4,5,0
vanta-Sea,Denver Office,CAB,"July 8, 2026",07:00,"5,024,113",LOGIN,false,Anjali Mikhailov Travel,MDM 194 GP,MDM 194 GP,3,8.44,8,"1,783,492,080","1,783,493,100","1,783,491,716","1,783,492,507",NODELAY,0,AUTO,Petrol,false,false,HOME,1,1,0
vanta-Aus,Cedar Ridge Office,CAB,"July 31, 2026",21:15,"1,259,889",LOGOUT,false,Priya Mikhailov Travel,MAH 266 GP,MAH 266 GP,5,35.44,39,"1,785,533,400","1,785,537,900","1,785,532,228","1,785,537,274",NODELAY,0,AUTO,Diesel,false,false,NA,3,1,2
catalyst-Sac,Santa Clara Office,CAB,"July 31, 2026",20:30,"1,560,363",LOGOUT,false,Divya Mikhailov Travel,HFG 700 GP,HFG 700 GP,4,40.71,42.7,"1,785,530,700","1,785,534,840","1,785,530,726","1,785,537,098",NODELAY,0,AUTO,Petrol,false,false,NA,1,1,0
vanta-Aus,Cedar Ridge Office,CAB,"July 31, 2026",10:00,"1,258,101",LOGIN,false,Sneha Mikhailov Travel,ZUD 930 GP,ZUD 930 GP,5,12.67,13.9,"1,785,487,680","1,785,491,100","1,785,487,788","1,785,491,920",NODELAY,0,AUTO,Diesel,false,false,NODAL,5,5,0
catalyst-Sac,Santa Clara Office,CAB,"July 31, 2026",04:00,"1,559,564",LOGOUT,true,Vikram Mikhailov Travel,FMR 149 GP,FMR 149 GP,4,14.22,13.5,"1,785,471,300","1,785,474,180","1,785,471,126","1,785,473,574",NODELAY,0,AUTO,Petrol,false,false,NA,3,4,0
vanta-Aus,Cedar Ridge Office,CAB,"July 29, 2026",14:00,"1,254,266",LOGIN,false,Anjali Mikhailov Travel,MUD 895 GP,MUD 895 GP,3,5.91,7.7,"1,785,330,300","1,785,332,700","1,785,330,487","1,785,332,677",NODELAY,0,AUTO,Diesel,false,false,HOME,3,3,0
vanta-Sea,Denver Office,CAB,"July 13, 2026",20:16,"5,040,501",LOGOUT,false,Aarav Mikhailov Travel,WXT 451 GP,WXT 451 GP,5,10.56,11.2,"1,783,974,660","1,783,975,920","1,783,973,513","1,783,976,523",NODELAY,0,AUTO,Petrol,false,false,HOME,4,5,0
vanta-Sea,Denver Office,SPOT_2.0,"July 15, 2026",Non Shift,"5,047,386",LOGIN,false,Meera Lebedev Travel,SCD 210 GP,SCD 210 GP,5,0,1.1,"1,784,107,800","1,784,108,130","1,784,107,843","1,784,108,059",NODELAY,0,RENTLZ,Petrol,false,false,NA,1,1,0
vanta-Sea,Denver Office,CAB,"July 14, 2026",19:16,"5,044,321",LOGOUT,true,Sanjay Mikhailov Travel,XOJ 582 GP,XOJ 582 GP,3,20.01,18.1,"1,784,057,460","1,784,059,440","1,784,056,182","1,784,062,055",NODELAY,0,AUTO,Electric,false,false,HOME,2,3,0
vanta-Sea,Denver Office,BUS,"July 14, 2026",13:00,"5,042,965",LOGIN,false,Aarav Mikhailov Travel,JKK 282 GP,JKK 282 GP,3,19.69,15.72,"1,784,030,340","1,784,033,100","1,784,029,724","1,784,033,375",NODELAY,0,SHUTTLE_SERVICE,Petrol,false,false,HOME,2,2,0
vanta-Sea,Denver Office,CAB,"July 15, 2026",19:16,"5,049,398",LOGOUT,true,Aarav Mikhailov Travel,VSX 695 GP,VSX 695 GP,3,8.58,8.4,"1,784,143,860","1,784,144,700","1,784,142,840","1,784,145,998",NODELAY,0,AUTO,Electric,false,false,HOME,2,3,0
vanta-Aus,Cedar Ridge Office,CAB,"July 31, 2026",14:00,"1,258,325",LOGIN,false,Sneha Mikhailov Travel,PLN 080 GP,PLN 080 GP,3,28.9,27.4,"1,785,500,100","1,785,505,500","1,785,500,227","1,785,504,649",NODELAY,0,AUTO,Diesel,false,false,NA,3,3,0
vanta-Sea,Denver Office,BUS,"July 17, 2026",11:00,"5,056,103",LOGIN,false,Isha Mikhailov Travel,EVR 813 GP,EVR 813 GP,3,12.95,12.4,"1,784,282,400","1,784,285,100","1,784,280,855","1,784,285,054",NODELAY,0,MANUAL,Petrol,false,false,HOME,2,2,0
vanta-Sea,Denver Office,CAB,"July 16, 2026",21:16,"5,054,609",LOGOUT,true,Isha Mikhailov Travel,LOV 151 GP,LOV 151 GP,3,6.15,6.3,"1,784,237,460","1,784,238,060","1,784,236,684","1,784,239,430",NODELAY,0,AUTO,Petrol,false,false,HOME,2,3,0
catalyst-Sac,Crestwood Campus,CAB,"June 20, 2026",02:30,"1,503,117",LOGOUT,false,Vikram Mikhailov Travel,NVD 318 GP,NVD 318 GP,4,28.04,28.3,"1,781,923,500","1,781,926,260","1,781,922,925","1,781,925,594",NODELAY,0,AUTO,Petrol,false,false,HOME,1,1,0
orbit-Slc,Lakeside Commons,CAB,"June 22, 2026",20:00,"1,292,984",LOGOUT,true,Anjali Mikhailov Travel,EVM 215 GP,EVM 215 GP,6,6.62,12.71,"1,782,159,300","1,782,160,080","1,782,159,397","1,782,162,366",NODELAY,0,AUTO,Diesel,false,false,HOME,3,3,1
vanta-Sea,Denver Office,BUS,"June 15, 2026",13:00,"4,946,364",LOGIN,false,Isha Mikhailov Travel,ZCO 474 GP,ZCO 474 GP,3,32.69,32.5,"1,781,522,640","1,781,527,500","1,781,521,890","1,781,527,892",NODELAY,0,MANUAL,Petrol,false,false,NODAL,3,3,0
vanta-Sea,Denver Office,CAB,"June 9, 2026",20:16,"4,928,846",LOGOUT,false,Isha Mikhailov Travel,HSJ 231 GP,HSJ 231 GP,12,22.82,19.4,"1,781,037,060","1,781,039,100","1,781,036,137","1,781,041,332",NODELAY,0,AUTO,Petrol,false,false,NA,6,5,1
vanta-Sea,Denver Office,BUS,"June 10, 2026",11:00,"4,930,785",LOGIN,false,Sanjay Mikhailov Travel,CXQ 049 GP,CXQ 049 GP,12,19.61,17.7,"1,781,083,140","1,781,088,300","1,781,082,806","1,781,090,045",TRAFFIC,14,MANUAL,Petrol,false,false,NODAL,8,7,1
orbit-Slc,Cedar Ridge Office,CAB,"June 22, 2026",22:00,"1,293,429",LOGOUT,false,Anjali Mikhailov Travel,GRH 734 GP,GRH 734 GP,6,25.19,28.7,"1,782,166,500","1,782,171,000","1,782,166,488","1,782,170,159",NODELAY,0,AUTO,Diesel,false,false,HOME,4,4,0
vanta-Sea,Denver Office,BUS,"June 10, 2026",13:00,"4,931,265",LOGIN,false,Priya Mikhailov Travel,LAC 166 GP,LAC 166 GP,12,2.56,2.9,"1,781,095,860","1,781,096,100","1,781,094,389","1,781,096,311",NODELAY,0,MANUAL,Petrol,false,false,NODAL,6,6,0
vanta-Sea,Denver Office,BUS,"June 12, 2026",17:30,"4,940,646",LOGOUT,false,Sanjay Mikhailov Travel,WXP 233 GP,WXP 233 GP,12,9.66,4.3,"1,781,285,400","1,781,287,260","1,781,283,788","1,781,288,411",NODELAY,0,MANUAL,Petrol,false,false,HOME,9,7,3
pinnacle-Slc,Clearwater Campus,CAB,"May 6, 2026",14:30,"3,070,801",LOGOUT,false,Sanjay Mikhailov Travel,KUT 073 GP,KUT 073 GP,3,10.75,11.59,"1,778,077,800","1,778,079,900","1,778,078,231","1,778,080,903",NODELAY,0,AUTO,Diesel,false,false,NODAL,2,1,0
pinnacle-Slc,Willow Bend Campus,CAB,"May 14, 2026",12:00,"3,103,899",LOGIN,false,Rahul Orlov Travel,DAX 160 GP,DAX 160 GP,3,11.28,11.3,"1,778,757,180","1,778,759,700","1,778,756,801","1,778,759,726",NODELAY,0,AUTO,Diesel,false,false,HOME,1,1,0
pinnacle-Slc,Ashford Commons,SPOT_2.0,"May 8, 2026",Non Shift,"3,082,992",LOGIN,false,Pooja Mikhailov Travel,PQA 765 GP,FEE 081 GP,3,0,80,"1,778,274,000","1,778,279,330","1,778,274,421","1,778,281,331",DRIVER,13,RENTLZ,Diesel,false,false,NA,1,1,0
pinnacle-Slc,Clearwater Campus,CAB,"May 13, 2026",09:00,"3,096,730",LOGIN,false,Pooja Mikhailov Travel,MPA 234 GP,MPA 234 GP,3,8.95,8.5,"1,778,660,220","1,778,662,500","1,778,660,351","1,778,662,357",NODELAY,0,AUTO,Diesel,false,false,HOME,1,1,0
pinnacle-Slc,Clearwater Campus,CAB,"May 21, 2026",10:30,"3,135,750",LOGIN,false,Sanjay Mikhailov Travel,VNR 353 GP,VNR 353 GP,3,5.35,4.9,"1,779,357,360","1,779,359,100","1,779,357,649","1,779,359,014",NODELAY,0,AUTO,Diesel,false,false,NA,3,3,0
pinnacle-Slc,Willow Bend Campus,CAB,"May 18, 2026",08:30,"3,117,672",LOGIN,false,Amit Volkov Travel,KKR 338 GP,KKR 338 GP,3,12.8,12.2,"1,779,089,820","1,779,092,700","1,779,090,158","1,779,092,872",NODELAY,0,AUTO,Diesel,false,false,SHUTTLE,3,3,0
pinnacle-Slc,Clearwater Campus,CAB,"May 20, 2026",08:30,"3,128,160",LOGIN,false,Divya Kozlov Travel,AHC 232 GP,AHC 232 GP,3,7.85,7.54,"1,779,263,700","1,779,265,500","1,779,263,896","1,779,265,352",NODELAY,0,AUTO,Diesel,false,false,NODAL,2,2,0
catalyst-Sac,Crestwood Campus,CAB,"July 4, 2026",03:00,"1,522,520",LOGOUT,false,Vikram Mikhailov Travel,PGJ 973 GP,PGJ 973 GP,4,42.14,39.99,"1,783,134,900","1,783,140,480","1,783,134,776","1,783,138,842",NODELAY,0,AUTO,Petrol,false,false,NA,2,2,0
catalyst-Sac,Fairview Commons,CAB,"July 3, 2026",21:30,"1,522,036",LOGOUT,false,Priya Mikhailov Travel,XCY 119 GP,XCY 119 GP,4,31.9,32.45,"1,783,115,100","1,783,121,160","1,783,114,995","1,783,120,603",NODELAY,0,AUTO,Petrol,false,false,HOME,1,1,0
vanta-Aus,Cedar Ridge Office,CAB,"July 2, 2026",21:15,"1,208,107",LOGOUT,false,Anjali Mikhailov Travel,OGG 856 GP,OGG 856 GP,5,7.16,4.8,"1,783,027,800","1,783,028,340","1,783,026,453","1,783,028,070",NODELAY,0,AUTO,Diesel,false,false,HOME,4,3,1
orbit-Slc,Lakeside Commons,BUS,"July 2, 2026",13:00,"1,311,608",LOGIN,false,Rahul Mikhailov Travel,RVG 637 GP,RVG 637 GP,3,42.4,37.5,"1,782,988,800","1,782,996,300","1,782,988,335","1,782,995,730",NODELAY,0,MANUAL,Diesel,false,false,HOME,3,2,1
catalyst-Sac,Santa Clara Office,CAB,"July 8, 2026",03:30,"1,526,815",LOGOUT,false,Divya Mikhailov Travel,UFP 850 GP,UFP 850 GP,4,21.47,21.5,"1,783,482,300","1,783,484,760","1,783,482,253","1,783,484,800",NODELAY,0,AUTO,Petrol,false,false,NA,3,3,0
vanta-Aus,Cedar Ridge Office,CAB,"July 7, 2026",21:15,"1,216,183",LOGOUT,false,Anjali Mikhailov Travel,JYG 611 GP,JYG 611 GP,5,16.4,17.1,"1,783,459,800","1,783,461,720","1,783,458,479","1,783,462,290",NODELAY,0,AUTO,Diesel,false,false,HOME,3,3,0
catalyst-Sac,Crestwood Campus,CAB,"July 8, 2026",19:30,"1,527,254",LOGIN,false,Divya Mikhailov Travel,TJD 965 GP,TJD 965 GP,4,8.01,7.6,"1,783,534,500","1,783,537,200","1,783,535,033","1,783,536,945",NODELAY,0,AUTO,Petrol,false,false,NA,4,4,0
vanta-Aus,Cedar Ridge Office,CAB,"July 8, 2026",11:00,"1,216,847",LOGIN,false,Priya Mikhailov Travel,CNQ 952 GP,CNQ 952 GP,3,18.95,19.1,"1,783,503,000","1,783,507,500","1,783,502,992","1,783,508,209",NODELAY,0,AUTO,Diesel,false,false,HOME,3,2,1
catalyst-Sac,Santa Clara Office,CAB,"July 7, 2026",04:00,"1,524,583",LOGOUT,true,Rohan Mikhailov Travel,NDB 525 GP,NDB 525 GP,4,26.17,26.2,"1,783,397,700","1,783,400,280","1,783,397,723","1,783,404,009",NODELAY,0,AUTO,Petrol,false,false,NA,3,4,0
catalyst-Sac,Crestwood Campus,CAB,"July 13, 2026",20:00,"1,533,571",LOGOUT,true,Rohan Mikhailov Travel,DDV 948 GP,DDV 948 GP,4,20.35,20.4,"1,783,973,700","1,783,977,000","1,783,973,488","1,783,980,129",NODELAY,0,AUTO,Petrol,false,false,NA,2,3,0
catalyst-Sac,Santa Clara Office,CAB,"July 14, 2026",01:30,"1,534,305",LOGOUT,true,Vikram Mikhailov Travel,KVI 122 GP,KVI 122 GP,4,25.35,25.3,"1,783,993,500","1,783,994,760","1,783,993,432","1,783,998,729",NODELAY,0,AUTO,Petrol,false,false,NA,2,3,0
orbit-Slc,Cedar Ridge Office,CAB,"July 15, 2026",22:00,"1,336,342",LOGOUT,false,Rahul Mikhailov Travel,FLH 478 GP,FLH 478 GP,3,33.12,30.8,"1,784,153,700","1,784,159,640","1,784,154,353","1,784,158,365",NODELAY,0,AUTO,Diesel,false,false,HOME,2,2,0
vanta-Sea,Denver Office,BUS,"July 2, 2026",12:00,"5,007,418",LOGIN,false,Isha Mikhailov Travel,FKP 486 GP,FKP 486 GP,5,2.21,1.9,"1,782,992,760","1,782,993,300","1,782,991,325","1,782,993,621",NODELAY,0,MANUAL,Petrol,false,false,HOME,5,4,1
vanta-Sea,Denver Office,BUS,"June 18, 2026",16:30,"4,961,315",LOGOUT,false,Priya Mikhailov Travel,KIG 900 GP,KIG 900 GP,12,7.05,4.6,"1,781,800,200","1,781,802,480","1,781,799,972","1,781,802,086",NODELAY,0,MANUAL,Petrol,false,false,NA,3,2,1
vanta-Sea,Denver Office,BUS,"June 17, 2026",11:00,"4,954,632",LOGIN,false,Aarav Petrov Travel,SBK 445 GP,SBK 445 GP,12,8.44,9.7,"1,781,690,760","1,781,693,100","1,781,689,960","1,781,693,955",NODELAY,0,MANUAL,Petrol,false,false,NODAL,12,8,4
vanta-Sea,Denver Office,BUS,"June 17, 2026",11:00,"4,954,840",LOGIN,false,Anjali Mikhailov Travel,XUG 996 GP,XUG 996 GP,5,18.24,18.5,"1,781,689,140","1,781,693,100","1,781,688,878","1,781,693,502",NODELAY,0,MANUAL,Petrol,false,false,NODAL,4,4,0
vanta-Sea,Denver Office,CAB,"June 18, 2026",20:16,"4,962,189",LOGOUT,false,Sanjay Mikhailov Travel,UHB 723 GP,UHB 723 GP,12,9.85,9.9,"1,781,814,660","1,781,815,020","1,781,813,403","1,781,818,307",NODELAY,0,AUTO,Petrol,false,false,NA,9,8,1
vanta-Sea,Denver Office,BUS,"June 19, 2026",10:00,"4,964,168",LOGIN,false,Aarav Mikhailov Travel,BNB 354 GP,BNB 354 GP,3,9.81,11.8,"1,781,860,320","1,781,862,300","1,781,860,290","1,781,862,900",NODELAY,0,MANUAL,Petrol,false,false,HOME,3,3,0
pinnacle-Slc,Willow Bend Campus,CAB,"June 1, 2026",09:00,"3,173,230",LOGIN,false,Arjun Mikhailov Travel,VBQ 843 GP,VBQ 843 GP,3,15.13,16.11,"1,780,299,900","1,780,304,100","1,780,300,813","1,780,304,642",NODELAY,0,AUTO,Diesel,false,false,NODAL,2,1,0
pinnacle-Slc,Willow Bend Campus,CAB,"June 1, 2026",14:30,"3,174,927",LOGOUT,false,Rohan Mikhailov Travel,DMM 420 GP,DMM 420 GP,3,2.19,2.36,"1,780,324,200","1,780,324,560","1,780,324,307","1,780,325,992",NODELAY,0,AUTO,Diesel,false,false,NA,2,2,0
pinnacle-Slc,Oakmont Office,CAB,"June 4, 2026",14:30,"3,194,579",LOGOUT,false,Divya Sokolov Travel,TZN 529 GP,TZN 529 GP,3,24.54,28.17,"1,780,583,400","1,780,586,520","1,780,583,191","1,780,589,305",NODELAY,0,AUTO,Diesel,false,false,HOME,3,3,0
pinnacle-Slc,Clearwater Campus,CAB,"June 3, 2026",14:30,"3,188,240",LOGOUT,false,Amit Volkov Travel,LEA 688 GP,LEA 688 GP,3,16.04,15.4,"1,780,497,000","1,780,499,700","1,780,497,655","1,780,501,139",NODELAY,0,AUTO,Diesel,false,false,HOME,1,1,0
pinnacle-Slc,Clearwater Campus,CAB,"June 11, 2026",08:30,"3,225,015",LOGIN,false,Karan Mikhailov Travel,LMB 879 GP,LMB 879 GP,3,11.71,14,"1,781,163,540","1,781,166,300","1,781,163,740","1,781,166,030",NODELAY,0,AUTO,Diesel,false,false,HOME,4,3,0
pinnacle-Slc,Clearwater Campus,CAB,"June 11, 2026",09:30,"3,225,466",LOGIN,false,Divya Mikhailov Travel,EDA 950 GP,EDA 950 GP,3,15.7,14.74,"1,781,166,000","1,781,169,900","1,781,167,543","1,781,173,763",DRIVER,44,AUTO,Diesel,false,false,NA,3,2,0
pinnacle-Slc,Clearwater Campus,CAB,"June 2, 2026",14:30,"3,183,275",LOGOUT,false,Divya Mikhailov Travel,FTB 659 GP,FTB 659 GP,3,18.19,17.13,"1,780,410,600","1,780,413,060","1,780,410,019","1,780,413,115",NODELAY,0,AUTO,Diesel,false,false,HOME,1,1,0
pinnacle-Slc,Oakmont Office,CAB,"June 3, 2026",10:30,"3,186,575",LOGIN,false,Rahul Mikhailov Travel,WOF 219 GP,WOF 219 GP,3,8.73,7.65,"1,780,478,400","1,780,482,300","1,780,479,848","1,780,482,863",NODELAY,0,AUTO,Diesel,false,false,NA,3,1,0
pinnacle-Slc,Willow Bend Campus,CAB,"June 3, 2026",13:30,"3,189,749",LOGOUT,false,Amit Mikhailov Travel,NGA 943 GP,NGA 943 GP,3,22.37,24.68,"1,780,493,400","1,780,496,880","1,780,493,730","1,780,497,928",NODELAY,0,AUTO,Diesel,false,false,NA,2,1,0
pinnacle-Slc,Clearwater Campus,CAB,"June 3, 2026",16:30,"3,188,981",LOGOUT,false,Rohan Mikhailov Travel,COW 962 GP,COW 962 GP,3,14.35,15.39,"1,780,504,200","1,780,507,500","1,780,504,314","1,780,508,497",NODELAY,0,AUTO,Diesel,false,false,NA,2,2,0
pinnacle-Slc,Clearwater Campus,CAB,"June 4, 2026",09:00,"3,191,800",LOGIN,false,Amit Mikhailov Travel,JSL 306 GP,JSL 306 GP,3,3.61,3.3,"1,780,561,920","1,780,563,300","1,780,562,838","1,780,563,860",NODELAY,0,AUTO,Diesel,false,false,HOME,3,1,0
pinnacle-Slc,Clearwater Campus,CAB,"June 4, 2026",15:00,"3,195,770",LOGOUT,false,Karan Mikhailov Travel,PMC 031 GP,PMC 031 GP,3,8.18,10.03,"1,780,585,200","1,780,587,060","1,780,585,245","1,780,589,241",EMPLOYEE,3,AUTO,Diesel,false,false,HOME,2,2,0
pinnacle-Slc,Clearwater Campus,CAB,"June 10, 2026",08:30,"3,218,079",LOGIN,false,Rohan Mikhailov Travel,RJD 274 GP,RJD 274 GP,3,31.48,35.56,"1,781,074,800","1,781,079,900","1,781,075,115","1,781,080,366",NODELAY,0,AUTO,Diesel,false,false,NA,3,3,0
pinnacle-Slc,Clearwater Campus,CAB,"June 11, 2026",Non Shift,"3,233,028",LOGOUT,false,Rahul Morozov Travel,XQC 993 GP,XQC 993 GP,3,3.41,6,"1,781,202,600","1,781,206,200","1,781,203,195","1,781,204,976",NODELAY,0,AUTO,Diesel,false,false,NA,1,1,0
pinnacle-Slc,Oakmont Office,CAB,"June 15, 2026",10:30,"3,243,173",LOGIN,false,Aarav Mikhailov Travel,SNS 613 GP,SNS 613 GP,3,9.3,10.71,"1,781,516,100","1,781,519,100","1,781,516,429","1,781,520,861",EMPLOYEE,9,AUTO,Diesel,false,false,NA,2,1,0
pinnacle-Slc,Oakmont Office,CAB,"July 16, 2026",13:00,"3,404,659",LOGIN,false,Divya Mikhailov Travel,NYZ 158 GP,NYZ 158 GP,3,17.73,17.7,"1,784,202,900","1,784,206,500","1,784,202,864","1,784,205,472",NODELAY,0,AUTO,Diesel,false,false,HOME,1,1,0
pinnacle-Slc,Clearwater Campus,CAB,"July 20, 2026",09:00,"3,419,451",LOGIN,false,Amit Mikhailov Travel,NEE 646 GP,NEE 646 GP,3,9.89,9.08,"1,784,534,460","1,784,537,700","1,784,535,083","1,784,538,072",NODELAY,0,AUTO,Diesel,false,false,HOME,2,2,0
pinnacle-Slc,Oakmont Office,CAB,"July 14, 2026",09:00,"3,390,862",LOGIN,false,Amit Mikhailov Travel,VJS 414 GP,VJS 414 GP,3,5.6,5.14,"1,784,017,200","1,784,019,300","1,784,017,968","1,784,019,584",NODELAY,0,AUTO,Diesel,false,false,NA,3,3,0
pinnacle-Slc,Oakmont Office,CAB,"July 22, 2026",10:30,"3,430,072",LOGIN,false,Rohan Mikhailov Travel,AQE 842 GP,AQE 842 GP,3,2.14,1,"1,784,714,940","1,784,715,900","1,784,715,060","1,784,715,644",NODELAY,0,AUTO,Diesel,false,false,HOME,2,2,0
pinnacle-Slc,Ashford Commons,CAB,"July 20, 2026",05:30,"3,416,406",LOGIN,true,Rohan Mikhailov Travel,DMM 420 GP,DMM 420 GP,3,2.45,2.5,"1,784,524,560","1,784,525,100","1,784,524,699","1,784,525,288",NODELAY,0,AUTO,Diesel,true,false,HOME,2,2,0
pinnacle-Slc,Oakmont Office,CAB,"July 22, 2026",15:30,"3,431,958",LOGOUT,false,Aarav Mikhailov Travel,BBO 797 GP,BBO 797 GP,3,5.47,6.86,"1,784,734,200","1,784,735,280","1,784,734,202","1,784,736,026",NODELAY,0,AUTO,Diesel,false,false,NA,3,2,1
pinnacle-Slc,Clearwater Campus,CAB,"July 17, 2026",13:30,"3,413,843",LOGOUT,false,Karan Mikhailov Travel,LMB 879 GP,LMB 879 GP,3,17.2,17.33,"1,784,295,000","1,784,297,400","1,784,294,113","1,784,296,594",NODELAY,0,AUTO,Diesel,false,false,NA,1,1,0
catalyst-Sac,Crestwood Campus,CAB,"May 22, 2026",Non Shift,"1,467,064",LOGIN,false,Amit Mikhailov Travel,HZT 613 GP,HZT 613 GP,4,30.33,29.4,"1,779,423,660","1,779,423,660","1,779,422,845","1,779,424,533",NODELAY,0,AUTO,Petrol,false,false,NA,4,4,0
catalyst-Sac,Redwood City Center,CAB,"May 22, 2026",10:00,"1,466,296",LOGIN,false,Priya Mikhailov Travel,MEH 692 GP,MEH 692 GP,4,25.01,25,"1,779,437,400","1,779,442,200","1,779,437,578","1,779,441,881",NODELAY,0,AUTO,Petrol,false,false,NA,1,1,0
catalyst-Sac,Santa Clara Office,CAB,"May 26, 2026",21:30,"1,470,479",LOGOUT,true,Vikram Mikhailov Travel,JQQ 490 GP,JQQ 490 GP,4,31.02,30.8,"1,779,831,900","1,779,834,060","1,779,832,275","1,779,841,679",NODELAY,0,AUTO,Petrol,false,false,NA,3,4,0
vanta-Aus,Cedar Ridge Office,CAB,"May 20, 2026",06:00,"1,129,185",LOGIN,false,Sneha Mikhailov Travel,ORN 478 GP,ORN 478 GP,5,18.37,15.9,"1,779,253,800","1,779,255,900","1,779,253,860","1,779,256,812",NODELAY,0,AUTO,Diesel,false,false,HOME,1,1,0
vanta-Sea,Denver Office,BUS,"May 4, 2026",14:16,"4,818,384",LOGOUT,false,Isha Mikhailov Travel,LSY 538 GP,LSY 538 GP,3,10.67,9,"1,777,904,160","1,777,904,520","1,777,903,011","1,777,905,281",NODELAY,0,MANUAL,Petrol,false,false,NA,1,1,0
vanta-Sea,Denver Office,CAB,"May 7, 2026",07:00,"4,827,899",LOGIN,false,Anjali Mikhailov Travel,GDQ 233 GP,GDQ 233 GP,3,28.48,22,"1,778,133,360","1,778,136,300","1,778,133,446","1,778,135,990",NODELAY,0,AUTO,Petrol,false,false,NA,1,1,0
orbit-Slc,Lakeside Commons,CAB,"May 25, 2026",20:00,"1,246,252",LOGOUT,true,Anjali Mikhailov Travel,KHY 976 GP,KHY 976 GP,6,27.19,29.6,"1,779,740,100","1,779,745,140","1,779,740,302","1,779,745,072",NODELAY,0,AUTO,Diesel,false,false,HOME,3,4,0
vanta-Aus,Cedar Ridge Office,CAB,"May 25, 2026",11:00,"1,137,733",LOGIN,false,Priya Mikhailov Travel,IZZ 207 GP,IZZ 207 GP,5,7.22,7.2,"1,779,702,840","1,779,705,900","1,779,703,670","1,779,705,857",NODELAY,0,AUTO,Diesel,false,false,HOME,5,5,0
orbit-Slc,Lakeside Commons,BUS,"May 26, 2026",11:00,"1,246,646",LOGIN,false,Rahul Mikhailov Travel,JAU 713 GP,JAU 713 GP,3,9.09,9.9,"1,779,789,000","1,779,792,300","1,779,788,976","1,779,791,473",NODELAY,0,MANUAL,Diesel,false,false,HOME,2,2,0
catalyst-Sac,Santa Clara Office,CAB,"June 2, 2026",07:00,"1,477,475",LOGIN,true,Vikram Mikhailov Travel,KPU 701 GP,KPU 701 GP,4,17.14,17.1,"1,780,379,400","1,780,381,800","1,780,379,191","1,780,381,554",NODELAY,0,AUTO,Petrol,false,false,HOME,2,3,0
vanta-Aus,Cedar Ridge Office,CAB,"June 1, 2026",12:00,"1,149,865",LOGIN,false,Sanjay Mikhailov Travel,WDG 410 GP,WDG 410 GP,5,15.99,12.3,"1,780,310,160","1,780,314,300","1,780,310,520","1,780,312,807",NODELAY,0,AUTO,Diesel,false,false,HOME,3,1,2
vanta-Aus,Cedar Ridge Office,CAB,"June 19, 2026",11:00,"1,182,548",LOGIN,false,Sneha Mikhailov Travel,HIF 913 GP,HIF 913 GP,5,6.99,7.9,"1,781,863,500","1,781,865,900","1,781,863,563","1,781,866,182",NODELAY,0,AUTO,Diesel,false,false,NA,5,5,0
vanta-Aus,Cedar Ridge Office,CAB,"June 20, 2026",21:00,"1,184,658",LOGIN,true,Sneha Mikhailov Travel,QKC 609 GP,QKC 609 GP,3,13.22,11.4,"1,781,985,600","1,781,988,300","1,781,985,446","1,781,987,618",NODELAY,0,AUTO,Electric,false,false,HOME,1,2,0
vanta-Aus,Cedar Ridge Office,CAB,"June 18, 2026",11:00,"1,180,290",LOGIN,false,Anjali Mikhailov Travel,JYG 611 GP,JYG 611 GP,5,9.13,8.6,"1,781,776,140","1,781,779,500","1,781,775,780","1,781,778,793",NODELAY,0,AUTO,Diesel,false,false,NA,4,3,1
orbit-Slc,Eastgate Office,CAB,"June 2, 2026",20:00,"1,257,891",LOGOUT,true,Rohan Mikhailov Travel,HXD 408 GP,HXD 408 GP,6,8.64,12.25,"1,780,431,300","1,780,431,840","1,780,431,305","1,780,436,519",NODELAY,0,AUTO,Diesel,false,false,NA,2,3,0
catalyst-Sac,Santa Clara Office,CAB,"June 8, 2026",19:00,"1,485,133",LOGOUT,true,Vikram Mikhailov Travel,NKP 066 GP,NKP 066 GP,4,12.79,12.8,"1,780,946,100","1,780,947,180","1,780,946,649","1,780,953,064",NODELAY,0,AUTO,Petrol,false,false,HOME,2,3,0
vanta-Aus,Cedar Ridge Office,CAB,"June 9, 2026",11:00,"1,163,138",LOGIN,false,Meera Pavlov Travel,PCK 403 GP,PCK 403 GP,3,20.49,20,"1,780,996,920","1,781,001,900","1,780,997,224","1,781,002,142",NODELAY,0,AUTO,Diesel,false,false,NA,3,2,1
catalyst-Sac,Santa Clara Office,CAB,"June 8, 2026",21:30,"1,485,513",LOGOUT,true,Rohan Mikhailov Travel,KNE 581 GP,KNE 581 GP,4,20.7,20.7,"1,780,955,100","1,780,957,080","1,780,956,079","1,780,962,312",NODELAY,0,AUTO,Petrol,false,false,NA,3,4,0
vanta-Aus,Cedar Ridge Office,CAB,"May 5, 2026",20:15,"1,103,986",LOGOUT,true,Sneha Mikhailov Travel,ARJ 244 GP,ARJ 244 GP,5,34.17,40.4,"1,778,013,000","1,778,017,380","1,778,011,767","1,778,018,477",NODELAY,0,AUTO,Diesel,false,false,HOME,4,4,1
orbit-Slc,Cedar Ridge Office,CAB,"May 7, 2026",06:30,"1,216,847",LOGIN,false,Rahul Mikhailov Travel,VCD 560 GP,VCD 560 GP,3,12.08,13.2,"1,778,131,800","1,778,134,500","1,778,132,089","1,778,133,684",NODELAY,0,AUTO,Diesel,false,false,NA,2,2,0
vanta-Aus,Cedar Ridge Office,CAB,"May 6, 2026",10:00,"1,104,736",LOGIN,false,Sneha Mikhailov Travel,ARJ 244 GP,ARJ 244 GP,5,22.98,23.3,"1,778,055,960","1,778,060,700","1,778,056,455","1,778,060,542",NODELAY,0,AUTO,Diesel,false,false,HOME,3,3,0
orbit-Slc,Eastgate Office,CAB,"May 19, 2026",23:00,"1,236,262",LOGOUT,false,Rohan Mikhailov Travel,ODS 107 GP,ODS 107 GP,3,16.24,16.8,"1,779,232,500","1,779,235,200","1,779,232,469","1,779,234,250",NODELAY,0,AUTO,Diesel,false,false,HOME,1,1,0
vanta-Aus,Cedar Ridge Office,CAB,"May 12, 2026",10:00,"1,114,747",LOGIN,false,Anjali Mikhailov Travel,WZI 226 GP,WZI 226 GP,3,18.23,17.6,"1,778,575,320","1,778,579,100","1,778,575,522","1,778,578,637",NODELAY,0,AUTO,Electric,false,false,HOME,3,2,1
catalyst-Sac,Santa Clara Office,CAB,"May 13, 2026",21:30,"1,455,495",LOGOUT,true,Rohan Mikhailov Travel,JSV 080 GP,JSV 080 GP,4,8.01,8.4,"1,778,708,700","1,778,710,920","1,778,708,656","1,778,712,418",NODELAY,0,AUTO,Petrol,false,false,NA,3,4,0
orbit-Slc,Eastgate Office,CAB,"May 25, 2026",22:00,"1,245,980",LOGOUT,false,Rohan Mikhailov Travel,DCW 734 GP,DCW 734 GP,3,27.54,30.3,"1,779,747,300","1,779,753,420","1,779,747,383","1,779,750,268",NODELAY,0,AUTO,Diesel,false,false,HOME,3,3,0
orbit-Slc,Eastgate Office,CAB,"May 6, 2026",20:00,"1,216,183",LOGOUT,true,Rohan Mikhailov Travel,TQN 807 GP,TQN 807 GP,3,13.79,21,"1,778,098,500","1,778,100,300","1,778,098,283","1,778,103,894",NODELAY,0,AUTO,Diesel,false,false,HOME,2,3,0
vanta-Aus,Cedar Ridge Office,CAB,"May 14, 2026",15:15,"1,120,036",LOGOUT,false,Anjali Mikhailov Travel,QUI 582 GP,QUI 582 GP,5,17.95,11.2,"1,778,772,600","1,778,774,880","1,778,771,659","1,778,773,378",NODELAY,0,AUTO,Diesel,false,false,NA,2,1,1
catalyst-Sac,Santa Clara Office,CAB,"May 27, 2026",01:00,"1,470,875",LOGOUT,false,Vikram Mikhailov Travel,BFP 482 GP,BFP 482 GP,6,36.91,33.06,"1,779,844,500","1,779,845,220","1,779,844,462","1,779,849,518",NODELAY,0,AUTO,Petrol,false,false,NA,6,5,1
catalyst-Sac,Santa Clara Office,CAB,"July 15, 2026",23:30,"1,538,641",LOGOUT,true,Rohan Mikhailov Travel,RWJ 250 GP,RWJ 250 GP,4,24.45,25.73,"1,784,159,100","1,784,162,460","1,784,159,242","1,784,166,246",NODELAY,0,AUTO,Petrol,false,false,NA,1,2,0
vanta-Aus,Cedar Ridge Office,CAB,"July 16, 2026",19:15,"1,233,195",LOGOUT,true,Anjali Mikhailov Travel,QNQ 983 GP,QNQ 983 GP,3,16.74,17.6,"1,784,230,200","1,784,233,140","1,784,228,953","1,784,233,000",NODELAY,0,AUTO,Diesel,false,false,NODAL,2,3,0
orbit-Slc,Eastgate Office,CAB,"July 21, 2026",05:30,"1,342,973",LOGOUT,false,Rohan Mikhailov Travel,JQV 861 GP,JQV 861 GP,3,6.01,6.2,"1,784,612,700","1,784,613,600","1,784,612,087","1,784,613,149",NODELAY,0,AUTO,Diesel,false,false,NA,1,1,0
catalyst-Sac,Santa Clara Office,CAB,"July 20, 2026",21:30,"1,543,311",LOGOUT,true,Vikram Mikhailov Travel,XDS 361 GP,XDS 361 GP,4,27.77,27.77,"1,784,583,900","1,784,588,580","1,784,584,292","1,784,591,825",NODELAY,0,AUTO,Petrol,false,false,NA,3,4,0
vanta-Aus,Cedar Ridge Office,CAB,"July 21, 2026",11:00,"1,239,749",LOGIN,false,Priya Mikhailov Travel,CFA 663 GP,CFA 663 GP,3,12.72,12.8,"1,784,627,040","1,784,630,700","1,784,627,132","1,784,631,834",TRAFFIC,3,AUTO,Electric,false,false,HOME,3,3,0
vanta-Sea,Denver Office,CAB,"July 3, 2026",18:16,"5,012,983",LOGOUT,false,Anjali Mikhailov Travel,OUQ 671 GP,OUQ 671 GP,3,29.99,29.2,"1,783,103,460","1,783,108,200","1,783,102,620","1,783,111,660",NODELAY,0,AUTO,Electric,false,false,HOME,2,2,0
vanta-Sea,Denver Office,CAB,"July 4, 2026",06:00,"5,014,436",LOGIN,false,Priya Mikhailov Travel,NAT 547 GP,NAT 547 GP,3,16.28,16.1,"1,783,142,400","1,783,143,900","1,783,142,548","1,783,143,921",NODELAY,0,AUTO,Petrol,false,false,HOME,1,1,0
vanta-Aus,Cedar Ridge Office,CAB,"July 22, 2026",22:15,"1,243,347",LOGOUT,false,Sanjay Mikhailov Travel,CRF 045 GP,CRF 045 GP,3,5.45,9,"1,784,759,400","1,784,759,880","1,784,758,412","1,784,760,248",NODELAY,0,AUTO,Diesel,false,false,NA,2,2,0
catalyst-Sac,Santa Clara Office,CAB,"July 21, 2026",20:30,"1,545,037",LOGOUT,false,Vikram Mikhailov Travel,BFW 315 GP,BFW 315 GP,4,30.72,29.19,"1,784,666,700","1,784,671,620","1,784,666,859","1,784,671,323",NODELAY,0,AUTO,Petrol,false,false,HOME,4,4,0
catalyst-Sac,Santa Clara Office,CAB,"July 30, 2026",19:30,"1,558,097",LOGIN,false,Rohan Mikhailov Travel,WLS 961 GP,WLS 961 GP,4,31.56,31.56,"1,785,429,480","1,785,438,000","1,785,429,294","1,785,436,196",NODELAY,0,AUTO,Petrol,false,false,NA,4,4,0
pinnacle-Slc,Oakmont Office,CAB,"June 10, 2026",09:00,"3,219,212",LOGIN,false,Arjun Mikhailov Travel,AOC 163 GP,AOC 163 GP,3,11.85,10.8,"1,781,078,760","1,781,081,700","1,781,080,664","1,781,084,615",DRIVER,28,AUTO,Diesel,false,false,NODAL,3,3,0
pinnacle-Slc,Clearwater Campus,CAB,"June 16, 2026",09:00,"3,248,266",LOGIN,false,Sanjay Mikhailov Travel,YEZ 107 GP,YEZ 107 GP,3,17.71,19.53,"1,781,595,780","1,781,600,100","1,781,595,876","1,781,602,110",TRAFFIC,13,AUTO,Diesel,false,false,NODAL,3,3,0
vanta-Sea,Denver Office,SPOT_2.0,"June 20, 2026",Non Shift,"4,967,682",LOGIN,false,Meera Lebedev Travel,SUT 212 GP,SUT 212 GP,5,0,28.5,"1,781,950,500","1,781,950,500","1,781,951,704","1,781,956,029",TRAFFIC,77,RENTLZ,Petrol,false,false,NA,0,5,0
pinnacle-Slc,Willow Bend Campus,CAB,"June 12, 2026",07:30,"3,233,661",LOGIN,false,Rahul Morozov Travel,DZC 032 GP,DZC 032 GP,3,19.86,19.37,"1,781,246,280","1,781,249,100","1,781,246,397","1,781,248,900",NODELAY,0,AUTO,Diesel,false,false,NA,1,1,0
pinnacle-Slc,Clearwater Campus,CAB,"June 16, 2026",15:30,"3,253,438",LOGOUT,false,Amit Mikhailov Travel,NGA 943 GP,NGA 943 GP,3,16.84,16.72,"1,781,623,800","1,781,626,920","1,781,624,292","1,781,628,791",NODELAY,0,AUTO,Diesel,false,false,HOME,3,2,0
vanta-Sea,Denver Office,CAB,"June 24, 2026",20:16,"4,981,751",LOGOUT,true,Aarav Mikhailov Travel,DYW 293 GP,DYW 293 GP,12,3.46,3,"1,782,333,060","1,782,333,420","1,782,331,907","1,782,333,953",NODELAY,0,AUTO,Petrol,false,false,NA,6,5,2
pinnacle-Slc,Oakmont Office,CAB,"June 17, 2026",16:30,"3,258,482",LOGOUT,false,Amit Volkov Travel,EAQ 919 GP,EAQ 919 GP,3,14.62,14.39,"1,781,713,800","1,781,716,380","1,781,713,567","1,781,717,104",NODELAY,0,AUTO,Diesel,false,false,HOME,3,3,0
vanta-Sea,Denver Office,BUS,"June 24, 2026",15:16,"4,980,728",LOGOUT,false,Isha Mikhailov Travel,OEE 971 GP,OEE 971 GP,3,22.84,24.1,"1,782,314,160","1,782,314,880","1,782,313,009","1,782,319,648",NODELAY,0,MANUAL,Petrol,false,false,NA,2,2,0
vanta-Sea,Denver Office,BUS,"July 17, 2026",21:30,"5,058,553",LOGOUT,false,Isha Mikhailov Travel,EHI 275 GP,EHI 275 GP,12,2.74,1.6,"1,784,323,800","1,784,324,700","1,784,323,107","1,784,325,121",NODELAY,0,MANUAL,Petrol,false,false,NODAL,4,1,3
vanta-Sea,Denver Office,CAB,"July 22, 2026",20:16,"5,071,752",LOGOUT,true,Anjali Mikhailov Travel,YLG 865 GP,YLG 865 GP,12,14.1,14.3,"1,784,752,260","1,784,754,360","1,784,751,702","1,784,756,401",NODELAY,0,AUTO,Petrol,false,false,HOME,4,5,0
vanta-Sea,Denver Office,BUS,"July 23, 2026",18:00,"5,074,772",LOGIN,false,Priya Mikhailov Travel,CGU 441 GP,CGU 441 GP,3,5.48,4.2,"1,784,828,520","1,784,829,600","1,784,827,956","1,784,830,530",NODELAY,0,MANUAL,Petrol,false,false,HOME,1,1,0
vanta-Sea,Denver Office,CAB,"July 23, 2026",22:00,"5,075,113",LOGIN,false,Priya Mikhailov Travel,DCR 980 GP,DCR 980 GP,3,22.53,22.4,"1,784,840,220","1,784,843,100","1,784,840,319","1,784,843,338",NODELAY,0,AUTO,Petrol,false,false,HOME,1,1,0
vanta-Sea,Denver Office,CAB,"July 24, 2026",20:16,"5,080,879",LOGOUT,false,Isha Mikhailov Travel,LOV 151 GP,LOV 151 GP,3,38.58,29.9,"1,784,925,060","1,784,929,980","1,784,924,796","1,784,930,515",NODELAY,0,AUTO,Petrol,false,false,HOME,1,1,0
vanta-Sea,Denver Office,CAB,"July 27, 2026",18:16,"5,087,294",LOGOUT,true,Sanjay Mikhailov Travel,ZMK 613 GP,ZMK 613 GP,3,24.63,23.8,"1,785,177,060","1,785,181,020","1,785,176,222","1,785,182,240",NODELAY,0,AUTO,Electric,false,false,HOME,2,3,0
vanta-Sea,Denver Office,CAB,"July 29, 2026",19:16,"5,096,371",LOGOUT,false,Isha Mikhailov Travel,ANG 075 GP,ANG 075 GP,3,27.52,30.1,"1,785,353,460","1,785,356,700","1,785,352,506","1,785,358,995",NODELAY,0,AUTO,Petrol,false,false,HOME,3,3,0
pinnacle-Slc,Willow Bend Campus,CAB,"July 1, 2026",15:00,"3,332,719",LOGOUT,false,Rahul Orlov Travel,GEC 042 GP,GEC 042 GP,3,2.07,2.5,"1,782,918,000","1,782,918,660","1,782,918,074","1,782,919,415",NODELAY,0,AUTO,Diesel,false,false,NA,1,1,0
pinnacle-Slc,Clearwater Campus,CAB,"June 29, 2026",10:30,"3,319,057",LOGIN,false,Arjun Mikhailov Travel,FIK 526 GP,FIK 526 GP,3,3.58,3.5,"1,782,726,840","1,782,728,700","1,782,726,788","1,782,727,776",NODELAY,0,AUTO,Diesel,false,false,HOME,3,1,0
pinnacle-Slc,Oakmont Office,CAB,"June 29, 2026",08:30,"3,316,383",LOGIN,false,Aarav Mikhailov Travel,ADS 018 GP,ADS 018 GP,3,5.29,5.2,"1,782,719,460","1,782,721,500","1,782,719,971","1,782,722,056",NODELAY,0,AUTO,Diesel,false,false,HOME,4,2,0
pinnacle-Slc,Clearwater Campus,CAB,"June 26, 2026",14:30,"3,310,409",LOGOUT,false,Karan Mikhailov Travel,HPC 008 GP,HPC 008 GP,3,21.75,21.79,"1,782,484,200","1,782,486,300","1,782,484,378","1,782,488,605",NODELAY,0,AUTO,Diesel,false,false,NA,3,3,0
pinnacle-Slc,Oakmont Office,CAB,"June 30, 2026",06:30,"3,324,630",LOGIN,true,Pooja Mikhailov Travel,TEP 605 GP,TEP 605 GP,3,16.77,16,"1,782,798,720","1,782,800,700","1,782,798,888","1,782,800,564",NODELAY,0,AUTO,Diesel,false,false,HOME,2,2,0
vanta-Sea,Denver Office,BUS,"May 13, 2026",11:00,"4,845,934",LOGIN,false,Isha Mikhailov Travel,UJZ 338 GP,UJZ 338 GP,3,25.71,23.3,"1,778,664,060","1,778,669,100","1,778,663,982","1,778,669,573",NODELAY,0,MANUAL,Petrol,false,false,HOME,2,2,0
vanta-Sea,Denver Office,BUS,"May 13, 2026",16:16,"4,847,217",LOGOUT,false,Sanjay Mikhailov Travel,KVI 744 GP,KVI 744 GP,5,16.22,16,"1,778,688,960","1,778,689,680","1,778,687,956","1,778,692,461",NODELAY,0,MANUAL,Petrol,false,false,NA,2,2,0
vanta-Sea,Denver Office,CAB,"May 16, 2026",20:16,"4,857,044",LOGOUT,true,Aarav Petrov Travel,KSE 742 GP,KSE 742 GP,3,26.2,26.5,"1,778,963,460","1,778,966,760","1,778,962,398","1,778,966,997",NODELAY,0,AUTO,Petrol,false,false,NA,1,2,0
vanta-Sea,Denver Office,CAB,"May 13, 2026",19:16,"4,847,760",LOGOUT,false,Aarav Mikhailov Travel,LZA 385 GP,LZA 385 GP,5,12.84,11.6,"1,778,700,660","1,778,701,980","1,778,699,789","1,778,702,299",NODELAY,0,AUTO,Petrol,false,false,NA,4,1,3
vanta-Sea,Denver Office,BUS,"May 15, 2026",17:30,"4,854,948",LOGOUT,false,Sanjay Mikhailov Travel,YBC 967 GP,YBC 967 GP,12,6.24,4.8,"1,778,866,200","1,778,868,060","1,778,865,655","1,778,867,697",NODELAY,0,MANUAL,Petrol,false,false,HOME,8,9,0
vanta-Sea,Denver Office,BUS,"May 19, 2026",15:16,"4,863,823",LOGOUT,false,Anjali Mikhailov Travel,LJM 773 GP,LJM 773 GP,12,24.77,24.8,"1,779,203,760","1,779,204,660","1,779,203,527","1,779,209,281",NODELAY,0,MANUAL,Petrol,false,false,NA,4,4,0
vanta-Sea,Denver Office,BUS,"May 19, 2026",20:30,"4,864,948",LOGOUT,false,Anjali Mikhailov Travel,ZSV 264 GP,ZSV 264 GP,12,5.52,4.9,"1,779,222,600","1,779,225,240","1,779,222,047","1,779,224,763",NODELAY,0,MANUAL,Petrol,false,false,HOME,10,10,1
vanta-Sea,Denver Office,CAB,"July 29, 2026",21:16,"5,096,980",LOGOUT,false,Priya Mikhailov Travel,AEZ 052 GP,AEZ 052 GP,5,20.86,19.7,"1,785,360,660","1,785,363,240","1,785,359,526","1,785,364,215",NODELAY,0,AUTO,Petrol,false,false,HOME,5,4,1
pinnacle-Slc,Clearwater Campus,CAB,"July 2, 2026",08:30,"3,334,833",LOGIN,false,Aarav Mikhailov Travel,DQF 390 GP,DQF 390 GP,3,9.95,13.14,"1,782,977,940","1,782,980,700","1,782,978,789","1,782,981,785",NODELAY,0,AUTO,Diesel,false,false,NA,3,2,0
pinnacle-Slc,Oakmont Office,CAB,"July 1, 2026",21:30,"3,332,486",LOGOUT,false,Aarav Mikhailov Travel,RYI 112 GP,RYI 112 GP,3,21.19,21.2,"1,782,941,400","1,782,944,280","1,782,941,974","1,782,945,108",NODELAY,0,AUTO,Diesel,false,false,NA,1,1,0
pinnacle-Slc,Oakmont Office,CAB,"July 3, 2026",02:30,"3,346,484",LOGOUT,true,Karan Mikhailov Travel,SHG 109 GP,SHG 109 GP,3,10.69,10.68,"1,783,045,800","1,783,047,180","1,783,046,119","1,783,047,527",NODELAY,0,AUTO,Diesel,false,false,NA,2,2,0
pinnacle-Slc,Clearwater Campus,CAB,"July 8, 2026",08:30,"3,361,858",LOGIN,false,Aarav Mikhailov Travel,GNS 644 GP,GNS 644 GP,3,34.08,31.89,"1,783,492,800","1,783,499,100","1,783,493,271","1,783,497,956",NODELAY,0,AUTO,Diesel,false,false,NA,1,1,0
pinnacle-Slc,Willow Bend Campus,CAB,"July 7, 2026",14:30,"3,359,121",LOGOUT,false,Divya Sokolov Travel,KEC 170 GP,KEC 170 GP,3,7.09,7.04,"1,783,434,600","1,783,435,920","1,783,433,609","1,783,435,976",NODELAY,0,AUTO,Diesel,false,false,HOME,3,3,0
pinnacle-Slc,Clearwater Campus,CAB,"July 9, 2026",14:30,"3,373,885",LOGOUT,false,Amit Mikhailov Travel,QFD 065 GP,QFD 065 GP,3,18.77,28.41,"1,783,607,400","1,783,610,820","1,783,606,452","1,783,610,476",NODELAY,0,AUTO,Diesel,false,false,NA,3,2,0
pinnacle-Slc,Clearwater Campus,CAB,"July 6, 2026",08:30,"3,352,974",LOGIN,false,Rahul Mikhailov Travel,ELX 258 GP,ELX 258 GP,3,13.96,16.49,"1,783,322,280","1,783,326,300","1,783,322,747","1,783,325,954",NODELAY,0,AUTO,Diesel,false,false,NA,3,2,0
pinnacle-Slc,Willow Bend Campus,CAB,"July 10, 2026",15:00,"3,377,959",LOGOUT,false,Rahul Orlov Travel,XYR 258 GP,XYR 258 GP,3,17.58,23.8,"1,783,695,600","1,783,699,200","1,783,695,406","1,783,698,254",NODELAY,0,AUTO,Diesel,false,false,HOME,1,1,0
pinnacle-Slc,Clearwater Campus,CAB,"July 9, 2026",17:30,"3,373,408",LOGOUT,false,Rohan Mikhailov Travel,NCD 689 GP,NCD 689 GP,3,16.89,16.53,"1,783,618,200","1,783,622,040","1,783,618,656","1,783,623,158",EMPLOYEE,1,AUTO,Diesel,false,false,HOME,2,2,0
pinnacle-Slc,Oakmont Office,CAB,"July 10, 2026",23:00,"3,378,848",LOGOUT,false,Karan Mikhailov Travel,RVS 923 GP,RVS 923 GP,3,24.61,24.7,"1,783,724,400","1,783,727,280","1,783,724,034","1,783,726,824",NODELAY,0,AUTO,Diesel,false,false,HOME,1,1,0
pinnacle-Slc,Willow Bend Campus,CAB,"July 10, 2026",Non Shift,"3,381,800",LOGOUT,false,Sanjay Mikhailov Travel,NSY 582 GP,NSY 582 GP,3,9.1,10.81,"1,783,713,600","1,783,717,200","1,783,714,121","1,783,716,493",NODELAY,0,AUTO,Diesel,false,false,NA,1,1,0
pinnacle-Slc,Willow Bend Campus,CAB,"July 14, 2026",11:30,"3,390,638",LOGIN,false,Divya Sokolov Travel,QMT 977 GP,QMT 977 GP,3,5.54,4.1,"1,784,026,560","1,784,028,300","1,784,025,405","1,784,026,495",NODELAY,0,AUTO,Diesel,false,false,HOME,1,1,0
vanta-Sea,Denver Office,BUS,"June 25, 2026",11:00,"4,983,676",LOGIN,false,Isha Mikhailov Travel,IVU 353 GP,IVU 353 GP,5,17.38,14.1,"1,782,380,760","1,782,384,300","1,782,378,967","1,782,384,611",NODELAY,0,MANUAL,Petrol,false,false,NODAL,5,5,0
pinnacle-Slc,Willow Bend Campus,CAB,"June 16, 2026",13:30,"3,251,955",LOGOUT,false,Rohan Mikhailov Travel,OIL 531 GP,OIL 531 GP,3,6.42,7.8,"1,781,616,600","1,781,618,340","1,781,616,876","1,781,618,374",NODELAY,0,AUTO,Diesel,false,false,NA,1,1,0
vanta-Sea,Denver Office,CAB,"June 22, 2026",18:16,"4,972,418",LOGOUT,false,Sanjay Mikhailov Travel,OZK 142 GP,OZK 142 GP,3,17.35,20.9,"1,782,153,060","1,782,156,300","1,782,151,719","1,782,156,341",NODELAY,0,AUTO,Petrol,false,false,NA,1,1,0
pinnacle-Slc,Clearwater Campus,CAB,"June 16, 2026",09:30,"3,248,506",LOGIN,false,Sanjay Mikhailov Travel,KDL 734 GP,KDL 734 GP,3,12.56,13.1,"1,781,598,300","1,781,601,900","1,781,598,600","1,781,602,320",NODELAY,0,AUTO,Diesel,false,false,NA,3,3,0
pinnacle-Slc,Clearwater Campus,CAB,"June 18, 2026",10:30,"3,265,355",LOGIN,false,Pooja Mikhailov Travel,YQR 696 GP,YQR 696 GP,3,4.92,4.31,"1,781,776,320","1,781,778,300","1,781,776,962","1,781,779,188",NODELAY,0,AUTO,Diesel,false,false,NA,2,2,0
pinnacle-Slc,Willow Bend Campus,CAB,"June 18, 2026",08:30,"3,265,959",LOGIN,false,Rahul Morozov Travel,HRB 422 GP,HRB 422 GP,3,21.31,22.43,"1,781,766,600","1,781,771,100","1,781,767,234","1,781,771,689",NODELAY,0,AUTO,Diesel,false,false,HOME,2,2,0
pinnacle-Slc,Clearwater Campus,CAB,"June 19, 2026",09:30,"3,272,113",LOGIN,false,Amit Mikhailov Travel,SGS 953 GP,SGS 953 GP,3,5.96,5.38,"1,781,859,720","1,781,861,100","1,781,860,013","1,781,862,067",NODELAY,0,AUTO,Diesel,false,false,HOME,3,3,0
pinnacle-Slc,Willow Bend Campus,CAB,"June 25, 2026",13:30,"3,304,128",LOGOUT,false,Arjun Mikhailov Travel,QHR 049 GP,QHR 049 GP,3,6.61,7.58,"1,782,394,200","1,782,395,580","1,782,394,469","1,782,396,108",NODELAY,0,AUTO,Diesel,false,false,HOME,2,2,0
pinnacle-Slc,Clearwater Campus,CAB,"June 26, 2026",09:00,"3,307,468",LOGIN,false,Divya Sokolov Travel,YVD 588 GP,YVD 588 GP,3,13.23,12.95,"1,782,461,880","1,782,464,100","1,782,461,524","1,782,463,846",NODELAY,0,AUTO,Diesel,false,false,HOME,2,2,0
pinnacle-Slc,Clearwater Campus,CAB,"June 24, 2026",09:30,"3,293,593",LOGIN,false,Karan Mikhailov Travel,TNQ 301 GP,TNQ 301 GP,3,8.33,8.52,"1,782,290,520","1,782,293,100","1,782,290,974","1,782,294,094",NODELAY,0,AUTO,Diesel,false,false,NA,1,1,0
pinnacle-Slc,Willow Bend Campus,CAB,"June 17, 2026",17:30,"3,259,256",LOGOUT,false,Rahul Morozov Travel,CMQ 915 GP,CMQ 915 GP,3,8.74,8.47,"1,781,717,400","1,781,719,440","1,781,717,276","1,781,720,167",NODELAY,0,AUTO,Diesel,false,false,NA,1,1,0
pinnacle-Slc,Willow Bend Campus,CAB,"June 18, 2026",09:00,"3,266,431",LOGIN,false,Arjun Mikhailov Travel,OXK 358 GP,OXK 358 GP,3,4.37,4.5,"1,781,771,700","1,781,772,900","1,781,772,007","1,781,773,188",NODELAY,0,AUTO,Diesel,false,false,HOME,1,1,0
pinnacle-Slc,Clearwater Campus,CAB,"June 18, 2026",09:30,"3,265,129",LOGIN,false,Divya Mikhailov Travel,PWT 607 GP,PWT 607 GP,3,14.23,14.55,"1,781,770,620","1,781,774,700","1,781,771,016","1,781,775,804",NODELAY,0,AUTO,Diesel,false,false,HOME,3,3,0
pinnacle-Slc,Willow Bend Campus,CAB,"June 18, 2026",10:30,"3,266,683",LOGIN,false,Pooja Mikhailov Travel,WKI 291 GP,WKI 291 GP,3,9.21,8.87,"1,781,775,720","1,781,778,300","1,781,775,724","1,781,777,894",NODELAY,0,AUTO,Diesel,false,false,NA,2,2,0
pinnacle-Slc,Willow Bend Campus,CAB,"May 28, 2026",21:30,"3,165,534",LOGIN,true,Rohan Mikhailov Travel,XFT 088 GP,XFT 088 GP,3,1.72,1.5,"1,780,002,900","1,780,003,500","1,780,001,932","1,780,002,996",NODELAY,0,AUTO,Diesel,false,false,HOME,2,2,0
pinnacle-Slc,Willow Bend Campus,CAB,"May 25, 2026",16:30,"3,150,249",LOGOUT,false,Amit Mikhailov Travel,IDA 997 GP,IDA 997 GP,3,2.07,3.1,"1,779,726,600","1,779,727,440","1,779,727,291","1,779,728,225",NODELAY,0,AUTO,Diesel,false,false,NODAL,3,2,0
pinnacle-Slc,Clearwater Campus,CAB,"May 20, 2026",16:30,"3,132,819",LOGOUT,false,Karan Mikhailov Travel,SAG 208 GP,SAG 208 GP,3,5.17,4.95,"1,779,294,600","1,779,295,980","1,779,295,221","1,779,297,094",NODELAY,0,AUTO,Diesel,false,false,HOME,3,2,0
pinnacle-Slc,Willow Bend Campus,CAB,"May 22, 2026",02:30,"3,143,612",LOGOUT,false,Rohan Mikhailov Travel,FOG 681 GP,FOG 681 GP,3,15.84,15.8,"1,779,417,000","1,779,418,799","1,779,415,636","1,779,418,608",NODELAY,0,AUTO,Diesel,false,false,NA,2,2,0
pinnacle-Slc,Clearwater Campus,CAB,"May 25, 2026",13:30,"3,151,892",LOGOUT,false,Amit Volkov Travel,FOQ 758 GP,FOQ 758 GP,3,7.74,7.7,"1,779,715,800","1,779,716,400","1,779,715,777","1,779,717,559",NODELAY,0,AUTO,Diesel,false,false,HOME,2,2,0
pinnacle-Slc,Clearwater Campus,CAB,"May 27, 2026",14:30,"3,162,321",LOGOUT,false,Sanjay Mikhailov Travel,RED 732 GP,RED 732 GP,5,18.95,17.9,"1,779,892,200","1,779,894,120","1,779,891,980","1,779,895,283",NODELAY,0,AUTO,Diesel,false,false,NA,2,2,0
pinnacle-Slc,Clearwater Campus,CAB,"May 29, 2026",09:00,"3,167,865",LOGIN,false,Arjun Mikhailov Travel,AKQ 607 GP,AKQ 607 GP,5,7.13,8.4,"1,780,042,620","1,780,044,900","1,780,042,694","1,780,044,803",NODELAY,0,AUTO,Diesel,false,false,HOME,3,2,0
pinnacle-Slc,Clearwater Campus,CAB,"May 27, 2026",08:30,"3,159,690",LOGIN,false,Pooja Mikhailov Travel,YRE 204 GP,YRE 204 GP,3,11.02,8.16,"1,779,868,260","1,779,870,300","1,779,868,473","1,779,871,695",DRIVER,3,AUTO,Diesel,false,false,NA,2,2,0
pinnacle-Slc,Oakmont Office,CAB,"May 27, 2026",13:30,"3,161,957",LOGIN,false,Divya Sokolov Travel,TZN 529 GP,TZN 529 GP,3,25.72,24.7,"1,779,885,060","1,779,888,300","1,779,885,142","1,779,889,251",NODELAY,0,AUTO,Diesel,false,false,HOME,1,1,0
pinnacle-Slc,Clearwater Campus,CAB,"May 29, 2026",10:30,"3,168,161",LOGIN,false,Divya Sokolov Travel,PUX 580 GP,PUX 580 GP,3,15.39,14.9,"1,780,047,180","1,780,050,300","1,780,047,294","1,780,050,082",NODELAY,0,AUTO,Diesel,false,false,HOME,2,2,0
pinnacle-Slc,Willow Bend Campus,CAB,"July 27, 2026",08:30,"3,450,188",LOGIN,false,Aarav Mikhailov Travel,BSE 953 GP,BSE 953 GP,3,3.35,4.4,"1,785,139,500","1,785,140,700","1,785,139,657","1,785,140,609",NODELAY,0,AUTO,Diesel,false,false,HOME,2,2,0
pinnacle-Slc,Clearwater Campus,CAB,"July 29, 2026",15:30,"3,468,879",LOGOUT,false,Pooja Mikhailov Travel,QSQ 091 GP,QSQ 091 GP,3,4.84,4.7,"1,785,339,000","1,785,339,900","1,785,339,352","1,785,340,138",NODELAY,0,AUTO,Diesel,false,false,NA,1,1,0
vanta-Aus,Cedar Ridge Office,CAB,"June 14, 2026",20:15,"1,173,352",LOGOUT,false,Priya Mikhailov Travel,EOA 431 GP,EOA 431 GP,3,20.16,20,"1,781,469,000","1,781,472,300","1,781,469,058","1,781,471,774",NODELAY,0,AUTO,Electric,false,false,NA,1,1,0
vanta-Sea,Denver Office,BUS,"June 3, 2026",15:16,"4,910,295",LOGOUT,false,Anjali Mikhailov Travel,AVM 079 GP,AVM 079 GP,5,23.94,21.8,"1,780,499,760","1,780,501,380","1,780,499,593","1,780,504,283",NODELAY,0,MANUAL,Petrol,false,false,NA,4,4,0
vanta-Sea,Denver Office,BUS,"June 3, 2026",12:00,"4,909,170",LOGIN,false,Aarav Mikhailov Travel,HYW 022 GP,HYW 022 GP,12,12.77,12.2,"1,780,483,680","1,780,487,100","1,780,482,148","1,780,488,191",TRAFFIC,3,MANUAL,Petrol,false,false,HOME,12,7,5
catalyst-Sac,Santa Clara Office,CAB,"June 11, 2026",21:30,"1,491,323",LOGOUT,true,Vikram Mikhailov Travel,FNM 903 GP,FNM 903 GP,4,11.75,12.81,"1,781,214,300","1,781,214,900","1,781,214,332","1,781,219,212",NODELAY,0,AUTO,Petrol,false,false,HOME,3,4,0
catalyst-Sac,Santa Clara Office,CAB,"June 18, 2026",02:30,"1,499,776",LOGOUT,true,Divya Mikhailov Travel,THE 001 GP,THE 001 GP,4,16.95,17.75,"1,781,750,700","1,781,751,840","1,781,750,705","1,781,755,218",NODELAY,0,AUTO,Petrol,false,false,HOME,3,4,0
vanta-Aus,Cedar Ridge Office,CAB,"June 15, 2026",17:15,"1,174,878",LOGOUT,false,Meera Pavlov Travel,AMI 814 GP,AMI 814 GP,3,12.61,16.5,"1,781,544,600","1,781,548,020","1,781,543,395","1,781,548,286",NODELAY,0,AUTO,Electric,false,false,NA,1,1,0
vanta-Aus,Cedar Ridge Office,CAB,"June 29, 2026",22:15,"1,201,382",LOGOUT,false,Sneha Mikhailov Travel,GCS 745 GP,GCS 745 GP,3,15.59,3.7,"1,782,772,200","1,782,775,380","1,782,771,281","1,782,772,126",NODELAY,0,AUTO,Diesel,false,false,NA,3,1,2
orbit-Slc,Cedar Ridge Office,BUS,"June 12, 2026",13:00,"1,275,769",LOGIN,false,Rahul Mikhailov Travel,SKL 191 GP,SKL 191 GP,3,15.72,14.9,"1,781,263,800","1,781,268,300","1,781,264,514","1,781,267,308",NODELAY,0,MANUAL,Diesel,false,false,HOME,2,2,0
vanta-Sea,Denver Office,BUS,"June 5, 2026",14:16,"4,918,584",LOGOUT,false,Sanjay Mikhailov Travel,NUK 382 GP,NUK 382 GP,5,16.39,13.8,"1,780,668,960","1,780,669,320","1,780,668,784","1,780,671,004",NODELAY,0,MANUAL,Petrol,false,false,NA,2,2,0
orbit-Slc,Lakeside Commons,BUS,"June 23, 2026",13:00,"1,293,902",LOGIN,false,Rahul Mikhailov Travel,NEW 606 GP,NEW 606 GP,6,12.92,16.7,"1,782,214,500","1,782,218,700","1,782,215,379","1,782,218,442",NODELAY,0,MANUAL,Diesel,false,false,HOME,4,4,0
vanta-Sea,Denver Office,BUS,"May 29, 2026",12:00,"4,895,681",LOGIN,false,Anjali Mikhailov Travel,CKM 715 GP,CKM 715 GP,5,11.84,10.6,"1,780,052,460","1,780,055,100","1,780,051,687","1,780,054,528",NODELAY,0,MANUAL,Petrol,false,false,NA,5,4,0
vanta-Sea,Denver Office,BUS,"May 28, 2026",11:00,"4,891,734",LOGIN,false,Aarav Petrov Travel,XQH 244 GP,XQH 244 GP,5,25.05,24.4,"1,779,960,120","1,779,965,100","1,779,959,725","1,779,963,711",NODELAY,0,MANUAL,Petrol,false,false,HOME,4,2,2
pinnacle-Slc,Clearwater Campus,CAB,"May 5, 2026",15:30,"3,061,180",LOGOUT,false,Divya Sokolov Travel,TVN 759 GP,TVN 759 GP,5,5.85,5.3,"1,777,995,000","1,777,995,960","1,777,995,840","1,777,997,356",NODELAY,0,AUTO,Diesel,false,false,HOME,3,1,0
pinnacle-Slc,Clearwater Campus,CAB,"May 5, 2026",10:30,"3,060,335",LOGIN,false,Divya Sokolov Travel,QLW 548 GP,QLW 548 GP,3,9.6,10.05,"1,777,973,580","1,777,976,700","1,777,973,950","1,777,977,276",NODELAY,0,AUTO,Diesel,false,false,HOME,3,2,0
vanta-Sea,Denver Office,BUS,"May 27, 2026",20:30,"4,889,832",LOGOUT,false,Sanjay Mikhailov Travel,JDC 270 GP,JDC 270 GP,12,3.91,3.6,"1,779,913,800","1,779,916,440","1,779,913,082","1,779,914,923",NODELAY,0,MANUAL,Petrol,false,false,HOME,4,4,0
pinnacle-Slc,Clearwater Campus,CAB,"May 4, 2026",09:00,"3,053,967",LOGIN,false,Divya Mikhailov Travel,XHD 194 GP,XHD 194 GP,5,4.45,4.26,"1,777,883,460","1,777,884,900","1,777,883,750","1,777,885,172",NODELAY,0,AUTO,Diesel,false,false,HOME,3,3,0
pinnacle-Slc,Oakmont Office,CAB,"May 8, 2026",04:00,"3,080,514",LOGOUT,true,Aarav Mikhailov Travel,JPV 270 GP,JPV 270 GP,3,22.57,23.3,"1,778,212,800","1,778,215,200","1,778,214,280","1,778,216,576",EMPLOYEE,10,AUTO,Diesel,false,false,NA,3,2,0
pinnacle-Slc,Clearwater Campus,CAB,"May 11, 2026",16:30,"3,089,257",LOGOUT,false,Amit Mikhailov Travel,LHX 288 GP,LHX 288 GP,3,17.06,23.15,"1,778,517,000","1,778,520,720","1,778,517,538","1,778,521,015",NODELAY,0,AUTO,Diesel,false,false,NA,1,1,0
pinnacle-Slc,Oakmont Office,CAB,"May 12, 2026",14:30,"3,094,019",LOGOUT,false,Rohan Mikhailov Travel,BIB 786 GP,BIB 786 GP,3,7.47,9.3,"1,778,596,200","1,778,598,000","1,778,596,967","1,778,598,784",EMPLOYEE,1,AUTO,Diesel,false,false,NA,1,1,0
pinnacle-Slc,Clearwater Campus,CAB,"May 6, 2026",08:30,"3,067,512",LOGIN,false,Rahul Morozov Travel,CMQ 915 GP,CMQ 915 GP,3,15.07,14.7,"1,778,051,940","1,778,055,900","1,778,052,343","1,778,054,447",NODELAY,0,AUTO,Diesel,false,false,NA,3,3,0
catalyst-Sac,Santa Clara Office,CAB,"July 24, 2026",19:00,"1,550,322",LOGOUT,true,Divya Mikhailov Travel,JHJ 026 GP,JHJ 026 GP,6,25.63,25.63,"1,784,920,500","1,784,924,940","1,784,920,498","1,784,930,077",NODELAY,0,AUTO,Petrol,false,false,NA,5,6,0
vanta-Sea,Denver Office,BUS,"July 7, 2026",08:01,"5,020,763",LOGIN,false,Sanjay Mikhailov Travel,CTD 003 GP,CTD 003 GP,12,3,2.8,"1,783,410,060","1,783,410,900","1,783,409,834","1,783,410,548",NODELAY,0,SHUTTLE_SERVICE,Petrol,false,false,NODAL,2,2,0
vanta-Aus,Cedar Ridge Office,CAB,"July 23, 2026",21:15,"1,245,070",LOGOUT,true,Sanjay Mikhailov Travel,DGY 999 GP,DGY 999 GP,5,21.84,21.3,"1,784,842,200","1,784,845,920","1,784,840,787","1,784,845,128",NODELAY,0,AUTO,Electric,false,false,NA,4,4,1
vanta-Aus,Cedar Ridge Office,CAB,"July 30, 2026",23:15,"1,257,891",LOGOUT,true,Meera Pavlov Travel,DEX 329 GP,DEX 329 GP,3,5.06,5.5,"1,785,454,200","1,785,455,220","1,785,452,896","1,785,454,498",NODELAY,0,AUTO,Diesel,false,false,HOME,2,3,0
vanta-Sea,Denver Office,CAB,"July 13, 2026",17:16,"5,039,892",LOGOUT,false,Aarav Mikhailov Travel,UNR 915 GP,UNR 915 GP,3,29.54,30.3,"1,783,963,860","1,783,967,400","1,783,962,936","1,783,969,972",NODELAY,0,AUTO,Petrol,false,false,HOME,2,2,0
vanta-Sea,Denver Office,CAB,"July 14, 2026",17:16,"5,043,981",LOGOUT,false,Anjali Mikhailov Travel,VKW 226 GP,VKW 226 GP,5,10.01,10,"1,784,050,260","1,784,051,400","1,784,049,326","1,784,053,650",NODELAY,0,AUTO,Petrol,false,false,HOME,2,3,0
vanta-Sea,Denver Office,BUS,"July 15, 2026",11:00,"5,047,138",LOGIN,false,Sanjay Mikhailov Travel,EKH 162 GP,EKH 162 GP,5,5.48,5.1,"1,784,110,980","1,784,112,300","1,784,110,929","1,784,114,710",TRAFFIC,25,MANUAL,Petrol,false,false,HOME,5,4,1
vanta-Aus,Cedar Ridge Office,CAB,"July 31, 2026",18:15,"1,259,491",LOGOUT,true,Priya Mikhailov Travel,VES 432 GP,VES 432 GP,5,14.64,16.1,"1,785,522,600","1,785,524,520","1,785,521,501","1,785,525,840",NODELAY,0,AUTO,Diesel,false,false,NA,2,3,0
vanta-Sea,Denver Office,CAB,"July 13, 2026",19:16,"5,040,198",LOGOUT,true,Sanjay Mikhailov Travel,TZL 325 GP,TZL 325 GP,12,6.25,4.2,"1,783,971,060","1,783,972,020","1,783,969,901","1,783,971,572",NODELAY,0,AUTO,Petrol,false,false,HOME,4,5,0
vanta-Sea,Denver Office,BUS,"July 21, 2026",09:00,"5,065,011",LOGIN,false,Sanjay Mikhailov Travel,GNP 849 GP,GNP 849 GP,3,43.6,43.6,"1,784,617,380","1,784,623,500","1,784,616,490","1,784,623,520",NODELAY,0,MANUAL,Petrol,false,false,HOME,2,2,0
catalyst-Sac,Santa Clara Office,CAB,"June 24, 2026",01:30,"1,507,297",LOGOUT,false,Vikram Mikhailov Travel,MHG 731 GP,MHG 731 GP,4,24.98,25,"1,782,265,500","1,782,268,740","1,782,265,441","1,782,268,495",NODELAY,0,AUTO,Petrol,false,false,HOME,3,3,0
vanta-Sea,Denver Office,CAB,"June 4, 2026",22:16,"4,916,167",LOGOUT,true,Priya Mikhailov Travel,OGP 464 GP,OGP 464 GP,5,16.43,16,"1,780,612,260","1,780,613,880","1,780,611,218","1,780,614,451",NODELAY,0,AUTO,Petrol,false,false,NA,3,4,0
orbit-Slc,Eastgate Office,CAB,"June 18, 2026",20:00,"1,287,283",LOGOUT,false,Rohan Mikhailov Travel,SPL 946 GP,SPL 946 GP,6,13.11,20.92,"1,781,813,700","1,781,815,500","1,781,813,423","1,781,818,584",NODELAY,0,AUTO,Diesel,false,false,HOME,2,2,0
vanta-Sea,Denver Office,BUS,"June 9, 2026",12:00,"4,927,227",LOGIN,false,Priya Mikhailov Travel,ZLF 142 GP,ZLF 142 GP,5,21.68,21.3,"1,781,001,420","1,781,005,500","1,781,001,754","1,781,007,107",TRAFFIC,11,MANUAL,Petrol,false,false,HOME,5,3,2
vanta-Sea,Denver Office,CAB,"June 8, 2026",23:16,"4,926,026",LOGOUT,true,Sanjay Mikhailov Travel,QXE 065 GP,QXE 065 GP,3,18.15,16.4,"1,780,961,460","1,780,962,960","1,780,960,312","1,780,963,390",NODELAY,0,AUTO,Petrol,false,false,NA,2,3,0
vanta-Sea,Denver Office,BUS,"June 10, 2026",10:00,"4,930,511",LOGIN,false,Aarav Petrov Travel,AJD 579 GP,AJD 579 GP,12,4.24,11.6,"1,781,083,920","1,781,085,300","1,781,082,407","1,781,085,720",NODELAY,0,MANUAL,Petrol,false,false,HOME,7,6,1
orbit-Slc,Lakeside Commons,BUS,"June 29, 2026",15:30,"1,305,501",LOGOUT,false,Anjali Mikhailov Travel,HRW 978 GP,HRW 978 GP,6,8.51,12.9,"1,782,747,900","1,782,749,580","1,782,747,547","1,782,750,988",NODELAY,0,MANUAL,Diesel,false,false,HOME,4,4,0
vanta-Sea,Denver Office,BUS,"June 11, 2026",10:00,"4,934,775",LOGIN,false,Isha Mikhailov Travel,PVB 498 GP,PVB 498 GP,3,8.14,7.5,"1,781,169,120","1,781,171,100","1,781,167,333","1,781,172,123",TRAFFIC,2,MANUAL,Electric,false,false,HOME,2,2,0
vanta-Sea,Denver Office,CAB,"June 12, 2026",20:16,"4,941,256",LOGOUT,false,Sanjay Mikhailov Travel,YQX 391 GP,YQX 391 GP,3,17.09,21.7,"1,781,296,260","1,781,298,180","1,781,295,299","1,781,300,913",NODELAY,0,AUTO,Petrol,false,false,NA,2,2,0
vanta-Sea,Denver Office,BUS,"June 17, 2026",19:30,"4,956,632",LOGOUT,false,Priya Mikhailov Travel,YAS 590 GP,YAS 590 GP,12,4.09,3.8,"1,781,724,600","1,781,726,880","1,781,724,070","1,781,726,303",NODELAY,0,MANUAL,Petrol,false,false,NA,1,1,0
vanta-Sea,Denver Office,CAB,"June 17, 2026",22:16,"4,957,415",LOGOUT,true,Anjali Mikhailov Travel,AVM 079 GP,AVM 079 GP,5,11.19,11.4,"1,781,735,460","1,781,736,660","1,781,734,571","1,781,737,527",NODELAY,0,AUTO,Petrol,false,false,NA,4,4,1
vanta-Sea,Denver Office,CAB,"June 16, 2026",22:16,"4,953,476",LOGOUT,false,Isha Mikhailov Travel,HNR 634 GP,HNR 634 GP,3,23.29,25.3,"1,781,649,060","1,781,651,280","1,781,648,313","1,781,652,340",NODELAY,0,AUTO,Petrol,false,false,NA,3,3,0
vanta-Sea,Denver Office,BUS,"June 10, 2026",15:16,"4,932,115",LOGOUT,false,Aarav Petrov Travel,JAO 114 GP,JAO 114 GP,3,25.19,21,"1,781,104,560","1,781,106,900","1,781,103,618","1,781,109,652",NODELAY,0,MANUAL,Petrol,false,false,NA,1,2,0
vanta-Sea,Denver Office,CAB,"June 10, 2026",21:16,"4,933,469",LOGOUT,false,Aarav Petrov Travel,QXS 102 GP,QXS 102 GP,5,8.98,8.8,"1,781,127,060","1,781,127,840","1,781,126,064","1,781,128,459",NODELAY,0,AUTO,Petrol,false,false,NA,4,3,1
vanta-Sea,Denver Office,CAB,"June 11, 2026",06:00,"4,934,285",LOGIN,false,Priya Mikhailov Travel,RLM 414 GP,RLM 414 GP,3,7.06,10.4,"1,781,155,740","1,781,156,700","1,781,155,839","1,781,156,677",NODELAY,0,AUTO,Petrol,false,false,HOME,1,1,0
vanta-Sea,Denver Office,CAB,"June 16, 2026",00:16,"4,949,078",LOGOUT,false,Priya Mikhailov Travel,DHK 658 GP,DHK 658 GP,5,15.93,15.6,"1,781,569,860","1,781,571,000","1,781,569,109","1,781,571,218",NODELAY,0,AUTO,Petrol,false,false,NA,1,1,0
vanta-Sea,Denver Office,BUS,"June 12, 2026",14:00,"4,939,662",LOGIN,false,Priya Mikhailov Travel,RKQ 133 GP,RKQ 133 GP,5,14.99,12,"1,781,270,160","1,781,271,900","1,781,268,386","1,781,272,259",NODELAY,0,MANUAL,Petrol,false,false,NA,1,1,0
pinnacle-Slc,Clearwater Campus,CAB,"May 13, 2026",15:00,"3,100,550",LOGOUT,false,Amit Volkov Travel,PHP 478 GP,PHP 478 GP,3,9.81,7.8,"1,778,684,400","1,778,686,500","1,778,684,629","1,778,686,221",NODELAY,0,AUTO,Diesel,false,false,HOME,3,3,0
pinnacle-Slc,Clearwater Campus,CAB,"May 14, 2026",15:30,"3,107,025",LOGOUT,false,Rohan Mikhailov Travel,HZD 616 GP,HZD 616 GP,3,6.09,6.9,"1,778,772,600","1,778,774,160","1,778,771,985","1,778,773,390",NODELAY,0,AUTO,Diesel,false,false,NA,2,1,0
pinnacle-Slc,Clearwater Campus,CAB,"May 15, 2026",16:30,"3,112,472",LOGOUT,false,Rahul Mikhailov Travel,OZX 642 GP,OZX 642 GP,3,2.06,2.8,"1,778,862,600","1,778,863,020","1,778,862,874","1,778,863,634",NODELAY,0,AUTO,Diesel,false,false,NA,3,2,0
pinnacle-Slc,Clearwater Campus,CAB,"May 14, 2026",14:30,"3,107,253",LOGOUT,false,Arjun Mikhailov Travel,QNW 426 GP,QNW 426 GP,3,9.46,9.79,"1,778,769,000","1,778,770,260","1,778,769,147","1,778,771,486",NODELAY,0,AUTO,Diesel,false,false,NA,3,2,0
pinnacle-Slc,Clearwater Campus,CAB,"May 11, 2026",08:30,"3,087,935",LOGIN,false,Rohan Mikhailov Travel,COW 962 GP,COW 962 GP,3,12.65,13.1,"1,778,484,900","1,778,487,900","1,778,485,070","1,778,487,817",NODELAY,0,AUTO,Diesel,false,false,HOME,3,3,0
pinnacle-Slc,Willow Bend Campus,CAB,"May 14, 2026",14:30,"3,105,356",LOGOUT,false,Divya Mikhailov Travel,SEQ 893 GP,SEQ 893 GP,5,12.62,12.21,"1,778,769,000","1,778,770,620","1,778,769,532","1,778,771,818",NODELAY,0,AUTO,Diesel,false,false,NA,3,3,0
pinnacle-Slc,Oakmont Office,CAB,"May 13, 2026",21:30,"3,099,440",LOGOUT,true,Aarav Mikhailov Travel,ZNI 210 GP,ZNI 210 GP,3,10.14,9.9,"1,778,707,800","1,778,709,780","1,778,708,374","1,778,710,651",NODELAY,0,AUTO,Diesel,false,false,HOME,2,2,0
pinnacle-Slc,Clearwater Campus,CAB,"May 14, 2026",15:00,"3,106,566",LOGOUT,false,Rahul Mikhailov Travel,CUF 884 GP,CUF 884 GP,3,17.29,24.5,"1,778,770,800","1,778,774,160","1,778,770,967","1,778,774,526",NODELAY,0,AUTO,Diesel,false,false,NA,2,2,0
pinnacle-Slc,Willow Bend Campus,CAB,"May 20, 2026",15:30,"3,131,673",LOGOUT,false,Aarav Mikhailov Travel,APT 743 GP,APT 743 GP,3,11.32,10.3,"1,779,291,000","1,779,292,200","1,779,291,153","1,779,293,940",NODELAY,0,AUTO,Diesel,false,false,HOME,3,3,0
pinnacle-Slc,Clearwater Campus,CAB,"May 22, 2026",09:30,"3,142,050",LOGIN,false,Aarav Mikhailov Travel,KLA 221 GP,KLA 221 GP,3,14.77,15.67,"1,779,438,720","1,779,441,900","1,779,438,875","1,779,442,903",NODELAY,0,AUTO,Diesel,false,false,HOME,2,1,0
pinnacle-Slc,Clearwater Campus,CAB,"May 22, 2026",14:30,"3,146,208",LOGOUT,false,Rohan Mikhailov Travel,NYG 302 GP,NYG 302 GP,3,13.6,11.62,"1,779,460,200","1,779,461,580","1,779,460,592","1,779,463,086",NODELAY,0,AUTO,Diesel,false,false,NA,3,2,0
pinnacle-Slc,Clearwater Campus,CAB,"May 19, 2026",09:00,"3,123,194",LOGIN,false,Sanjay Mikhailov Travel,YMK 719 GP,YMK 719 GP,3,8.7,8.1,"1,779,178,680","1,779,180,900","1,779,179,067","1,779,181,222",NODELAY,0,AUTO,Diesel,false,false,HOME,2,2,0
pinnacle-Slc,Oakmont Office,CAB,"May 20, 2026",02:00,"3,131,167",LOGOUT,true,Divya Mikhailov Travel,NYF 932 GP,NYF 932 GP,3,7.09,5,"1,779,242,400","1,779,243,360","1,779,242,540","1,779,243,405",NODELAY,0,AUTO,Diesel,false,false,HOME,2,2,0
pinnacle-Slc,Willow Bend Campus,CAB,"May 18, 2026",14:30,"3,119,121",LOGOUT,false,Rahul Mikhailov Travel,GMV 596 GP,GMV 596 GP,3,17.77,15.68,"1,779,114,600","1,779,117,000","1,779,114,635","1,779,116,857",NODELAY,0,AUTO,Diesel,false,false,HOME,1,1,0
catalyst-Sac,Santa Clara Office,CAB,"July 3, 2026",07:00,"1,521,141",LOGIN,true,Divya Mikhailov Travel,REX 531 GP,REX 531 GP,4,17.56,17.6,"1,783,057,440","1,783,060,200","1,783,056,301","1,783,059,824",NODELAY,0,AUTO,Petrol,false,false,NA,3,4,0
catalyst-Sac,Crestwood Campus,CAB,"July 7, 2026",21:30,"1,525,644",LOGOUT,false,Rohan Mikhailov Travel,MOQ 870 GP,MOQ 870 GP,4,23.63,23.8,"1,783,460,700","1,783,465,080","1,783,460,722","1,783,464,086",NODELAY,0,AUTO,Petrol,false,false,HOME,2,2,0
orbit-Slc,Lakeside Commons,CAB,"July 1, 2026",22:00,"1,311,104",LOGOUT,true,Rahul Mikhailov Travel,JAU 713 GP,JAU 713 GP,3,39,38.63,"1,782,944,100","1,782,950,880","1,782,944,289","1,782,949,431",NODELAY,0,AUTO,Diesel,false,false,HOME,2,3,0
vanta-Sea,Denver Office,CAB,"July 1, 2026",19:16,"5,004,762",LOGOUT,true,Aarav Petrov Travel,HGJ 350 GP,HGJ 350 GP,12,9.17,8.9,"1,782,934,260","1,782,935,160","1,782,933,076","1,782,936,223",NODELAY,0,AUTO,Petrol,false,false,HOME,4,5,0
catalyst-Sac,Santa Clara Office,CAB,"July 14, 2026",20:30,"1,535,575",LOGOUT,true,Rohan Mikhailov Travel,MQR 030 GP,MQR 030 GP,6,24.12,24.1,"1,784,061,900","1,784,063,100","1,784,062,057","1,784,070,512",NODELAY,0,AUTO,Petrol,false,false,HOME,5,6,0
vanta-Sea,Denver Office,CAB,"July 1, 2026",20:16,"5,005,097",LOGOUT,true,Aarav Mikhailov Travel,FYD 164 GP,FYD 164 GP,3,38.35,37.1,"1,782,937,860","1,782,942,240","1,782,936,723","1,782,943,997",NODELAY,0,AUTO,Petrol,false,false,HOME,2,3,0
pinnacle-Slc,Clearwater Campus,CAB,"June 1, 2026",08:30,"3,175,655",LOGIN,false,Pooja Mikhailov Travel,INZ 236 GP,INZ 236 GP,3,17.09,13.31,"1,780,298,580","1,780,302,300","1,780,299,565","1,780,306,045",DRIVER,42,AUTO,Diesel,false,false,NA,4,3,0
vanta-Sea,Denver Office,CAB,"June 18, 2026",21:16,"4,962,492",LOGOUT,false,Aarav Petrov Travel,PKW 997 GP,PKW 997 GP,5,14.37,14,"1,781,818,260","1,781,819,220","1,781,817,195","1,781,820,821",NODELAY,0,AUTO,Petrol,false,false,NA,5,4,1
pinnacle-Slc,Willow Bend Campus,CAB,"June 4, 2026",07:30,"3,193,229",LOGIN,false,Aarav Mikhailov Travel,ADS 018 GP,ADS 018 GP,3,25.89,24.83,"1,780,554,420","1,780,557,900","1,780,554,806","1,780,557,971",NODELAY,0,AUTO,Diesel,false,false,NA,2,2,0
pinnacle-Slc,Oakmont Office,CAB,"June 2, 2026",17:00,"3,180,798",LOGIN,false,Rohan Mikhailov Travel,DNG 129 GP,DNG 129 GP,3,19.48,19.02,"1,780,414,800","1,780,419,300","1,780,415,103","1,780,418,312",NODELAY,0,AUTO,Diesel,false,false,HOME,1,1,0
pinnacle-Slc,Oakmont Office,CAB,"June 3, 2026",16:30,"3,189,244",LOGOUT,false,Rohan Mikhailov Travel,JHU 428 GP,JHU 428 GP,3,17.74,16.93,"1,780,504,200","1,780,507,680","1,780,504,358","1,780,509,712",NODELAY,0,AUTO,Diesel,false,false,NODAL,2,2,0
pinnacle-Slc,Oakmont Office,CAB,"June 3, 2026",20:30,"3,189,529",LOGOUT,true,Divya Sokolov Travel,QLW 548 GP,QLW 548 GP,3,13.25,12,"1,780,518,600","1,780,521,120","1,780,517,094","1,780,519,097",NODELAY,0,AUTO,Diesel,false,false,HOME,2,2,0
pinnacle-Slc,Clearwater Campus,CAB,"June 11, 2026",09:00,"3,225,241",LOGIN,false,Rahul Orlov Travel,ARH 095 GP,ARH 095 GP,3,10.7,10.17,"1,781,165,700","1,781,168,100","1,781,165,951","1,781,169,547",EMPLOYEE,4,AUTO,Diesel,false,false,NODAL,2,2,0
pinnacle-Slc,Willow Bend Campus,CAB,"June 9, 2026",09:00,"3,213,002",LOGIN,false,Rahul Mikhailov Travel,SYM 779 GP,SYM 779 GP,3,5.72,5.5,"1,780,993,500","1,780,995,300","1,780,993,562","1,780,995,380",NODELAY,0,AUTO,Diesel,false,false,NODAL,3,3,0
pinnacle-Slc,Willow Bend Campus,CAB,"July 16, 2026",10:30,"3,403,921",LOGIN,false,Rohan Mikhailov Travel,CHV 846 GP,CHV 846 GP,3,4.1,3.5,"1,784,196,240","1,784,197,500","1,784,195,768","1,784,197,448",NODELAY,0,AUTO,Diesel,false,false,NODAL,1,1,0
pinnacle-Slc,Willow Bend Campus,CAB,"July 10, 2026",09:30,"3,377,031",LOGIN,false,Rahul Morozov Travel,OQR 457 GP,OQR 457 GP,3,9.37,8.02,"1,783,673,220","1,783,675,500","1,783,674,263","1,783,675,940",NODELAY,0,AUTO,Diesel,false,false,NA,2,2,0
pinnacle-Slc,Clearwater Campus,CAB,"July 14, 2026",08:30,"3,389,243",LOGIN,false,Aarav Mikhailov Travel,WGJ 598 GP,WGJ 598 GP,3,9.28,9.1,"1,784,014,920","1,784,017,500","1,784,016,277","1,784,019,049",DRIVER,5,AUTO,Diesel,false,false,HOME,2,1,0
pinnacle-Slc,Clearwater Campus,CAB,"July 15, 2026",16:30,"3,400,659",LOGOUT,false,Rahul Morozov Travel,PQR 576 GP,PQR 576 GP,3,5.16,5,"1,784,133,000","1,784,134,260","1,784,133,002","1,784,135,098",NODELAY,0,AUTO,Diesel,false,false,NA,2,2,0
pinnacle-Slc,Oakmont Office,CAB,"July 16, 2026",14:30,"3,405,985",LOGOUT,false,Rahul Morozov Travel,FQY 170 GP,FQY 170 GP,3,26.89,27.16,"1,784,212,200","1,784,216,400","1,784,211,534","1,784,215,721",NODELAY,0,AUTO,Diesel,false,false,NA,1,1,0
pinnacle-Slc,Clearwater Campus,CAB,"July 20, 2026",13:30,"3,419,923",LOGOUT,false,Aarav Mikhailov Travel,PHT 988 GP,PHT 988 GP,3,16.82,17.25,"1,784,554,200","1,784,556,960","1,784,554,314","1,784,557,877",NODELAY,0,AUTO,Diesel,false,false,NA,2,2,0
pinnacle-Slc,Clearwater Campus,CAB,"July 15, 2026",09:30,"3,396,201",LOGIN,false,Amit Volkov Travel,DWP 975 GP,DWP 975 GP,3,3.78,4.3,"1,784,105,640","1,784,107,500","1,784,106,231","1,784,107,426",NODELAY,0,AUTO,Diesel,false,false,NA,2,1,0
pinnacle-Slc,Clearwater Campus,CAB,"July 21, 2026",09:00,"3,422,182",LOGIN,false,Sanjay Mikhailov Travel,KQE 969 GP,KQE 969 GP,3,12.55,11.1,"1,784,620,680","1,784,624,100","1,784,620,772","1,784,624,135",NODELAY,0,AUTO,Diesel,false,false,HOME,3,3,0
pinnacle-Slc,Oakmont Office,CAB,"July 23, 2026",21:30,"3,438,397",LOGOUT,false,Aarav Mikhailov Travel,RZS 702 GP,RZS 702 GP,3,29.12,23.71,"1,784,842,200","1,784,846,700","1,784,842,975","1,784,849,326",NODELAY,0,AUTO,Diesel,false,false,NA,1,1,0
pinnacle-Slc,Willow Bend Campus,CAB,"July 24, 2026",16:30,"3,444,795",LOGOUT,false,Sanjay Mikhailov Travel,SXF 663 GP,SXF 663 GP,3,1.99,1.66,"1,784,910,600","1,784,911,140","1,784,911,329","1,784,912,380",NODELAY,0,AUTO,Diesel,false,false,NA,1,1,0
pinnacle-Slc,Clearwater Campus,CAB,"July 28, 2026",16:30,"3,462,188",LOGOUT,false,Rohan Mikhailov Travel,AYG 493 GP,AYG 493 GP,3,23.96,24.18,"1,785,256,200","1,785,261,000","1,785,256,410","1,785,261,650",NODELAY,0,AUTO,Diesel,false,false,HOME,2,2,0
vanta-Aus,Cedar Ridge Office,CAB,"May 21, 2026",10:00,"1,131,491",LOGIN,false,Anjali Mikhailov Travel,BPJ 917 GP,BPJ 917 GP,3,17.52,18.2,"1,779,352,320","1,779,356,700","1,779,352,325","1,779,355,716",NODELAY,0,AUTO,Diesel,false,false,NA,2,2,0
catalyst-Sac,Santa Clara Office,CAB,"May 21, 2026",19:30,"1,465,586",LOGIN,false,Rohan Mikhailov Travel,THA 152 GP,THA 152 GP,4,20.47,19.85,"1,779,384,900","1,779,390,000","1,779,384,894","1,779,390,981",EMPLOYEE,1,AUTO,Petrol,false,false,NA,3,3,0
catalyst-Sac,Crestwood Campus,CAB,"May 26, 2026",06:30,"1,469,413",LOGIN,true,Vikram Mikhailov Travel,MEG 874 GP,MEG 874 GP,4,19.45,19.5,"1,779,772,920","1,779,775,200","1,779,771,766","1,779,775,598",NODELAY,0,AUTO,Petrol,false,false,HOME,1,2,0
vanta-Sea,Denver Office,CAB,"May 1, 2026",21:16,"4,814,604",LOGOUT,true,Anjali Mikhailov Travel,OLE 420 GP,OLE 420 GP,3,22.17,21.1,"1,777,671,060","1,777,674,300","1,777,670,257","1,777,674,055",NODELAY,0,AUTO,Electric,false,false,NA,2,3,0
vanta-Sea,Denver Office,CAB,"May 4, 2026",21:16,"4,819,598",LOGOUT,true,Sanjay Mikhailov Travel,JII 812 GP,JII 812 GP,5,17.41,14.6,"1,777,930,260","1,777,931,100","1,777,929,172","1,777,932,460",NODELAY,0,AUTO,Petrol,false,false,NA,4,4,1
vanta-Sea,Denver Office,CAB,"May 4, 2026",17:16,"4,818,755",LOGOUT,false,Priya Mikhailov Travel,FCA 549 GP,FCA 549 GP,12,20.19,21,"1,777,915,860","1,777,918,260","1,777,914,602","1,777,918,773",NODELAY,0,AUTO,Petrol,false,false,NA,3,2,1
orbit-Slc,Eastgate Office,CAB,"May 15, 2026",06:30,"1,230,042",LOGIN,true,Rohan Mikhailov Travel,APE 976 GP,APE 976 GP,3,21.47,24.42,"1,778,821,800","1,778,825,700","1,778,818,827","1,778,825,865",NODELAY,0,AUTO,Diesel,false,false,HOME,1,2,0
vanta-Aus,Cedar Ridge Office,CAB,"May 20, 2026",11:00,"1,129,396",LOGIN,false,Meera Pavlov Travel,IRH 625 GP,IRH 625 GP,3,21.36,21.4,"1,779,269,580","1,779,273,900","1,779,271,038","1,779,274,557",NODELAY,0,AUTO,Electric,false,false,HOME,3,2,1
vanta-Aus,Cedar Ridge Office,CAB,"May 22, 2026",06:00,"1,133,649",LOGIN,false,Meera Pavlov Travel,ZWQ 408 GP,ZWQ 408 GP,5,28.6,28.7,"1,779,426,000","1,779,428,700","1,779,426,125","1,779,429,126",NODELAY,0,AUTO,Diesel,false,false,NA,2,2,0
catalyst-Sac,Santa Clara Office,CAB,"May 28, 2026",05:30,"1,473,340",LOGOUT,true,Vikram Mikhailov Travel,TCH 387 GP,TCH 387 GP,4,38.17,37.7,"1,779,947,100","1,779,949,740","1,779,947,096","1,779,952,075",NODELAY,0,AUTO,Petrol,false,false,HOME,2,3,0
orbit-Slc,Lakeside Commons,BUS,"May 18, 2026",15:30,"1,234,378",LOGOUT,false,Anjali Mikhailov Travel,ERR 738 GP,ERR 738 GP,6,25.71,19.1,"1,779,119,100","1,779,123,060","1,779,118,842","1,779,125,494",NODELAY,0,MANUAL,Diesel,false,false,HOME,4,3,1
vanta-Aus,Cedar Ridge Office,CAB,"May 28, 2026",10:00,"1,143,843",LOGIN,false,Sneha Mikhailov Travel,KIQ 433 GP,KIQ 433 GP,3,33.99,14.8,"1,779,954,420","1,779,961,500","1,779,955,028","1,779,959,157",NODELAY,0,AUTO,Diesel,false,false,NA,3,3,0
vanta-Sea,Denver Office,BUS,"May 7, 2026",11:00,"4,828,535",LOGIN,false,Priya Mikhailov Travel,IGN 966 GP,IGN 966 GP,3,13.78,14.2,"1,778,147,100","1,778,150,700","1,778,145,421","1,778,150,603",NODELAY,0,MANUAL,Petrol,false,false,HOME,2,1,1
catalyst-Sac,Santa Clara Office,CAB,"June 2, 2026",06:30,"1,477,902",LOGOUT,false,Vikram Mikhailov Travel,JBW 860 GP,JBW 860 GP,4,18.59,17.67,"1,780,382,700","1,780,385,040","1,780,382,172","1,780,385,616",NODELAY,0,AUTO,Petrol,false,false,HOME,2,2,0
vanta-Aus,Cedar Ridge Office,CAB,"June 2, 2026",22:00,"1,151,549",LOGIN,false,Meera Pavlov Travel,GKS 792 GP,GKS 792 GP,3,12.63,11.8,"1,780,434,300","1,780,436,700","1,780,434,178","1,780,435,796",NODELAY,0,AUTO,Diesel,false,false,HOME,1,1,0
vanta-Aus,Cedar Ridge Office,CAB,"June 3, 2026",22:15,"1,154,677",LOGOUT,true,Sanjay Mikhailov Travel,MZO 306 GP,MZO 306 GP,5,17.93,18.2,"1,780,525,800","1,780,529,100","1,780,524,786","1,780,527,906",NODELAY,0,AUTO,Diesel,false,false,NA,2,2,1
vanta-Sea,Denver Office,CAB,"June 1, 2026",18:16,"4,902,684",LOGOUT,false,Priya Mikhailov Travel,BID 468 GP,BID 468 GP,5,12.88,13.1,"1,780,338,660","1,780,339,860","1,780,337,494","1,780,341,750",NODELAY,0,AUTO,Petrol,false,false,NA,3,3,0
vanta-Sea,Denver Office,BUS,"June 2, 2026",11:00,"4,904,863",LOGIN,false,Aarav Mikhailov Travel,BLG 625 GP,BLG 625 GP,5,8.44,6.8,"1,780,394,760","1,780,397,100","1,780,394,584","1,780,398,224",TRAFFIC,3,MANUAL,Petrol,false,false,NA,5,3,2
vanta-Sea,Denver Office,BUS,"June 1, 2026",09:00,"4,900,653",LOGIN,false,Priya Mikhailov Travel,ZQQ 285 GP,ZQQ 285 GP,5,11.47,10.8,"1,780,301,640","1,780,303,500","1,780,300,181","1,780,305,065",TRAFFIC,11,MANUAL,Petrol,false,false,NA,4,4,0
catalyst-Sac,Santa Clara Office,CAB,"June 9, 2026",06:00,"1,486,537",LOGOUT,true,Rohan Mikhailov Travel,TQG 918 GP,TQG 918 GP,4,8.14,8.51,"1,780,985,700","1,780,986,480","1,780,985,686","1,780,987,875",NODELAY,0,AUTO,Petrol,false,false,NA,1,2,0
vanta-Aus,Cedar Ridge Office,CAB,"June 5, 2026",12:00,"1,157,541",LOGIN,false,Sneha Mikhailov Travel,TPB 043 GP,TPB 043 GP,5,22.62,27.7,"1,780,655,640","1,780,659,900","1,780,656,280","1,780,660,357",NODELAY,0,AUTO,Diesel,false,false,HOME,3,2,1
catalyst-Sac,Fairview Commons,CAB,"June 9, 2026",00:30,"1,486,002",LOGOUT,true,Arjun Mikhailov Travel,ETU 825 GP,ETU 825 GP,4,32.96,33,"1,780,965,900","1,780,969,500","1,780,965,602","1,780,971,695",NODELAY,0,AUTO,Petrol,false,false,NA,1,2,0
vanta-Aus,Cedar Ridge Office,CAB,"June 9, 2026",20:15,"1,164,410",LOGOUT,false,Sneha Mikhailov Travel,ORN 478 GP,ORN 478 GP,5,19.53,35.7,"1,781,037,000","1,781,040,900","1,781,037,320","1,781,047,230",EMPLOYEE,33,AUTO,Diesel,false,false,HOME,5,6,3
catalyst-Sac,Santa Clara Office,CAB,"May 7, 2026",06:30,"1,447,277",LOGIN,false,Rohan Mikhailov Travel,YBF 948 GP,YBF 948 GP,4,3.68,3.52,"1,778,132,880","1,778,133,600","1,778,132,857","1,778,133,332",NODELAY,0,AUTO,Petrol,false,false,NA,1,1,0
catalyst-Sac,Santa Clara Office,CAB,"May 4, 2026",21:00,"1,442,414",LOGIN,true,Rohan Mikhailov Travel,VFV 673 GP,VFV 673 GP,4,6.68,6.6,"1,777,923,900","1,777,926,600","1,777,924,777","1,777,927,361",NODELAY,0,AUTO,Petrol,false,false,NA,2,3,0
catalyst-Sac,Santa Clara Office,CAB,"May 9, 2026",06:00,"1,450,471",LOGOUT,true,Vikram Mikhailov Travel,NRR 603 GP,NRR 603 GP,4,14.19,14.91,"1,778,307,300","1,778,308,680","1,778,307,141","1,778,309,799",NODELAY,0,AUTO,Petrol,false,false,NA,1,2,0
vanta-Aus,Cedar Ridge Office,CAB,"May 12, 2026",12:00,"1,115,019",LOGIN,false,Priya Mikhailov Travel,TZX 725 GP,TZX 725 GP,3,18.51,20.2,"1,778,582,220","1,778,586,300","1,778,582,952","1,778,587,222",NODELAY,0,AUTO,Electric,false,false,HOME,3,3,0
catalyst-Sac,Santa Clara Office,CAB,"May 8, 2026",02:30,"1,448,967",LOGOUT,false,Divya Mikhailov Travel,JVU 519 GP,JVU 519 GP,4,18.59,17.7,"1,778,208,300","1,778,209,500","1,778,208,160","1,778,210,121",NODELAY,0,AUTO,Petrol,false,false,HOME,3,3,0
catalyst-Sac,Santa Clara Office,CAB,"May 14, 2026",02:00,"1,456,202",LOGOUT,true,Divya Mikhailov Travel,FND 475 GP,FND 475 GP,4,27.92,26.2,"1,778,724,900","1,778,726,280","1,778,725,105","1,778,729,634",NODELAY,0,AUTO,Petrol,false,false,NA,3,4,0
vanta-Aus,Cedar Ridge Office,CAB,"May 19, 2026",11:00,"1,127,452",LOGIN,false,Priya Mikhailov Travel,XZM 938 GP,XZM 938 GP,3,11.92,12.4,"1,779,183,420","1,779,187,500","1,779,183,326","1,779,187,335",NODELAY,0,AUTO,Electric,false,false,NODAL,3,3,0
vanta-Aus,Cedar Ridge Office,CAB,"May 19, 2026",21:15,"1,128,744",LOGOUT,false,Sneha Mikhailov Travel,WEY 396 GP,WEY 396 GP,3,28.91,29.7,"1,779,226,200","1,779,230,700","1,779,224,734","1,779,230,170",NODELAY,0,AUTO,Diesel,false,false,NA,3,3,0
catalyst-Sac,Santa Clara Office,CAB,"May 13, 2026",19:00,"1,454,550",LOGIN,false,Vikram Mikhailov Travel,VII 728 GP,VII 728 GP,6,12.15,13.11,"1,778,693,100","1,778,697,000","1,778,693,265","1,778,696,602",NODELAY,0,AUTO,Petrol,false,false,NA,6,5,1
catalyst-Sac,Crestwood Campus,CAB,"July 17, 2026",02:00,"1,540,813",LOGOUT,true,Divya Mikhailov Travel,RVT 871 GP,RVT 871 GP,4,13.34,13.3,"1,784,254,500","1,784,255,640","1,784,254,623","1,784,258,545",NODELAY,0,AUTO,Petrol,false,false,NA,2,3,0
vanta-Aus,Cedar Ridge Office,CAB,"July 17, 2026",12:00,"1,234,378",LOGIN,false,Anjali Mikhailov Travel,IJD 156 GP,IJD 156 GP,5,30.81,30.8,"1,784,282,520","1,784,288,700","1,784,282,643","1,784,289,319",NODELAY,0,AUTO,Electric,false,false,HOME,4,4,0
catalyst-Sac,Fairview Commons,CAB,"July 15, 2026",20:00,"1,537,939",LOGOUT,true,Arjun Mikhailov Travel,SFL 753 GP,SFL 753 GP,4,5.41,5.4,"1,784,146,500","1,784,147,640","1,784,146,583","1,784,149,681",NODELAY,0,AUTO,Petrol,false,false,NA,1,2,0
catalyst-Sac,Crestwood Campus,CAB,"July 22, 2026",04:30,"1,545,400",LOGIN,true,Sanjay Mikhailov Travel,MAA 733 GP,MAA 733 GP,4,15.86,15.8,"1,784,691,000","1,784,692,800","1,784,691,063","1,784,693,069",NODELAY,0,AUTO,Petrol,false,false,NA,2,3,0
orbit-Slc,Lakeside Commons,CAB,"July 22, 2026",22:00,"1,349,113",LOGOUT,true,Rahul Mikhailov Travel,AKS 483 GP,AKS 483 GP,12,11.92,18.2,"1,784,758,500","1,784,760,720","1,784,758,961","1,784,761,776",NODELAY,0,AUTO,Diesel,false,false,NA,3,4,0
catalyst-Sac,Santa Clara Office,CAB,"July 21, 2026",01:00,"1,543,757",LOGOUT,true,Vikram Mikhailov Travel,TWH 013 GP,TWH 013 GP,4,23.44,23.44,"1,784,596,500","1,784,600,040","1,784,596,382","1,784,601,339",NODELAY,0,AUTO,Petrol,false,false,NA,2,3,0
vanta-Sea,Denver Office,CAB,"July 3, 2026",23:16,"5,013,996",LOGOUT,false,Aarav Petrov Travel,WKF 568 GP,WKF 568 GP,3,4.13,8,"1,783,121,460","1,783,122,000","1,783,120,449","1,783,122,197",NODELAY,0,AUTO,Petrol,false,false,HOME,2,2,0
catalyst-Sac,Santa Clara Office,CAB,"July 20, 2026",20:00,"1,542,978",LOGOUT,true,Vikram Mikhailov Travel,FMR 149 GP,FMR 149 GP,4,15.31,15.31,"1,784,578,500","1,784,580,180","1,784,578,803","1,784,583,704",NODELAY,0,AUTO,Petrol,false,false,NA,1,2,0
vanta-Sea,Denver Office,CAB,"July 2, 2026",17:16,"5,008,693",LOGOUT,false,Sanjay Mikhailov Travel,OAM 545 GP,OAM 545 GP,3,20.14,18.9,"1,783,013,460","1,783,015,260","1,783,012,532","1,783,017,608",NODELAY,0,AUTO,Petrol,false,false,HOME,2,2,0
orbit-Slc,Cedar Ridge Office,BUS,"July 28, 2026",13:00,"1,358,272",LOGIN,false,Rahul Mikhailov Travel,UTQ 633 GP,UTQ 633 GP,6,16.46,16.47,"1,785,237,600","1,785,242,700","1,785,239,178","1,785,243,232",NODELAY,0,MANUAL,Diesel,false,false,HOME,5,4,1
catalyst-Sac,Santa Clara Office,CAB,"July 24, 2026",04:00,"1,549,924",LOGOUT,false,Vikram Mikhailov Travel,ODL 069 GP,ODL 069 GP,4,30.77,32.6,"1,784,866,500","1,784,869,680","1,784,866,593","1,784,870,435",NODELAY,0,AUTO,Petrol,false,false,HOME,3,3,0
orbit-Slc,Eastgate Office,BUS,"July 30, 2026",15:30,"1,364,878",LOGOUT,false,Rohan Mikhailov Travel,ZIF 858 GP,ZIF 858 GP,3,24.13,26.65,"1,785,426,300","1,785,428,400","1,785,426,369","1,785,430,125",NODELAY,0,MANUAL,Electric,false,false,NA,2,1,1
pinnacle-Slc,Clearwater Campus,CAB,"June 15, 2026",08:30,"3,244,730",LOGIN,false,Arjun Mikhailov Travel,TUW 163 GP,TUW 163 GP,3,11.05,0.0095,"1,781,509,440","1,781,511,900","1,781,509,498","1,781,512,647",NODELAY,0,AUTO,Diesel,false,false,HOME,3,3,0
pinnacle-Slc,Oakmont Office,CAB,"June 17, 2026",07:30,"3,257,698",LOGIN,false,Divya Mikhailov Travel,SIQ 037 GP,SIQ 037 GP,3,16.01,15.2,"1,781,678,100","1,781,681,100","1,781,678,205","1,781,680,685",NODELAY,0,AUTO,Diesel,false,false,HOME,3,3,0
vanta-Sea,Denver Office,CAB,"June 24, 2026",19:16,"4,981,483",LOGOUT,false,Isha Mikhailov Travel,BDE 812 GP,BDE 812 GP,3,10.05,13.8,"1,782,329,460","1,782,331,740","1,782,328,457","1,782,331,772",NODELAY,0,AUTO,Petrol,false,false,NA,3,2,1
pinnacle-Slc,Oakmont Office,CAB,"June 16, 2026",20:30,"3,251,470",LOGOUT,true,Rohan Mikhailov Travel,POO 382 GP,POO 382 GP,3,9.85,9.79,"1,781,641,800","1,781,643,840","1,781,642,173","1,781,644,462",NODELAY,0,AUTO,Diesel,true,false,NA,2,2,0
vanta-Sea,Denver Office,CAB,"June 23, 2026",23:16,"4,978,249",LOGOUT,false,Sanjay Mikhailov Travel,QXE 065 GP,QXE 065 GP,3,21.75,21.5,"1,782,257,460","1,782,259,260","1,782,256,499","1,782,260,627",NODELAY,0,AUTO,Petrol,false,false,NA,1,1,0
vanta-Sea,Denver Office,CAB,"July 16, 2026",19:16,"5,053,998",LOGOUT,false,Priya Mikhailov Travel,LEI 786 GP,LEI 786 GP,3,11.71,12,"1,784,230,260","1,784,231,640","1,784,229,055","1,784,234,647",NODELAY,0,AUTO,Electric,false,false,HOME,3,3,0
vanta-Sea,Denver Office,CAB,"July 23, 2026",18:16,"5,075,626",LOGOUT,false,Priya Mikhailov Travel,BTU 080 GP,BTU 080 GP,3,13.28,12.7,"1,784,831,460","1,784,833,020","1,784,830,242","1,784,834,354",NODELAY,0,AUTO,Petrol,false,false,HOME,3,3,0
vanta-Sea,Denver Office,BUS,"July 23, 2026",10:00,"5,073,311",LOGIN,false,Isha Mikhailov Travel,PNK 745 GP,PNK 745 GP,3,20.25,17.5,"1,784,796,300","1,784,799,900","1,784,794,633","1,784,801,126",TRAFFIC,5,MANUAL,Petrol,false,false,HOME,3,2,1
vanta-Sea,Denver Office,CAB,"July 27, 2026",19:16,"5,087,598",LOGOUT,false,Priya Mikhailov Travel,VVG 365 GP,VVG 365 GP,3,20.31,20,"1,785,180,660","1,785,182,100","1,785,179,766","1,785,183,350",NODELAY,0,AUTO,Petrol,false,false,HOME,2,2,0
vanta-Sea,Denver Office,CAB,"July 22, 2026",07:00,"5,068,720",LOGIN,true,Isha Mikhailov Travel,UYN 985 GP,UYN 985 GP,3,34.06,34.5,"1,784,699,280","1,784,702,700","1,784,699,573","1,784,703,190",NODELAY,0,AUTO,Petrol,false,false,HOME,1,2,0
vanta-Sea,Denver Office,BUS,"July 29, 2026",14:00,"5,094,695",LOGIN,false,Sanjay Mikhailov Travel,DUU 972 GP,DUU 972 GP,12,7.03,8.5,"1,785,331,380","1,785,332,700","1,785,329,623","1,785,333,175",NODELAY,0,MANUAL,Petrol,false,false,HOME,1,1,0
vanta-Sea,Denver Office,CAB,"July 30, 2026",22:16,"5,101,472",LOGOUT,true,Aarav Mikhailov Travel,SRY 281 GP,SRY 281 GP,3,31.97,32.2,"1,785,450,660","1,785,455,280","1,785,449,986","1,785,454,354",NODELAY,0,AUTO,Petrol,false,false,HOME,1,2,0
vanta-Sea,Denver Office,CAB,"July 31, 2026",08:00,"5,102,596",LOGIN,false,Anjali Mikhailov Travel,HWI 799 GP,HWI 799 GP,3,33.75,33.1,"1,785,480,840","1,785,483,900","1,785,481,306","1,785,485,497",EMPLOYEE,11,AUTO,Petrol,false,false,HOME,2,2,0
pinnacle-Slc,Clearwater Campus,CAB,"July 1, 2026",15:30,"3,330,023",LOGOUT,false,Arjun Mikhailov Travel,AOC 163 GP,AOC 163 GP,3,23.82,22.8,"1,782,919,800","1,782,924,360","1,782,919,921","1,782,925,410",NODELAY,0,AUTO,Diesel,false,false,NA,3,2,0
pinnacle-Slc,Willow Bend Campus,CAB,"July 1, 2026",12:00,"3,330,916",LOGIN,false,Rahul Orlov Travel,ZAW 045 GP,ZAW 045 GP,3,16.51,16.84,"1,782,903,240","1,782,906,900","1,782,903,779","1,782,907,744",NODELAY,0,AUTO,Diesel,false,false,NODAL,1,1,0
pinnacle-Slc,Clearwater Campus,CAB,"June 29, 2026",07:30,"3,318,166",LOGIN,false,Divya Mikhailov Travel,XZX 057 GP,XZX 057 GP,3,5.47,5.11,"1,782,717,000","1,782,717,900","1,782,716,970","1,782,717,537",NODELAY,0,AUTO,Diesel,false,false,HOME,1,1,0
pinnacle-Slc,Clearwater Campus,CAB,"June 23, 2026",15:30,"3,289,955",LOGOUT,false,Rohan Mikhailov Travel,ETL 782 GP,ETL 782 GP,3,15.99,17.09,"1,782,228,600","1,782,231,540","1,782,228,910","1,782,233,308",NODELAY,0,AUTO,Diesel,false,false,NA,4,3,0
pinnacle-Slc,Clearwater Campus,CAB,"June 24, 2026",15:00,"3,296,352",LOGOUT,false,Arjun Mikhailov Travel,JIF 775 GP,JIF 775 GP,3,3.99,4.16,"1,782,313,200","1,782,314,040","1,782,313,453","1,782,315,183",NODELAY,0,AUTO,Diesel,false,false,NODAL,3,2,0
vanta-Sea,Denver Office,BUS,"May 12, 2026",12:00,"4,842,195",LOGIN,false,Rohan Mikhailov Travel,UTW 177 GP,UTW 177 GP,12,28.58,24.4,"1,778,580,480","1,778,586,300","1,778,579,999","1,778,589,133",TRAFFIC,32,MANUAL,Petrol,false,false,NA,8,6,2
vanta-Sea,Denver Office,BUS,"May 13, 2026",13:00,"4,846,435",LOGIN,false,Anjali Mikhailov Travel,CHF 827 GP,CHF 827 GP,3,30.22,26.6,"1,778,671,500","1,778,676,300","1,778,671,503","1,778,676,898",NODELAY,0,MANUAL,Petrol,false,false,HOME,3,3,0
vanta-Sea,Denver Office,SPOT_2.0,"May 5, 2026",Non Shift,"4,822,204",LOGIN,false,Meera Lebedev Travel,SUT 212 GP,SUT 212 GP,5,0,10.5,"1,778,014,800","1,778,016,450","1,778,016,549","1,778,018,881",DRIVER,25,RENTLZ,Petrol,false,false,NA,2,1,1
vanta-Sea,Denver Office,BUS,"May 6, 2026",09:00,"4,824,358",LOGIN,false,Priya Mikhailov Travel,OVO 690 GP,OVO 690 GP,3,11.07,9.6,"1,778,055,600","1,778,057,100","1,778,055,833","1,778,059,465",TRAFFIC,24,MANUAL,Petrol,false,false,NODAL,1,1,0
vanta-Sea,Denver Office,BUS,"May 20, 2026",16:30,"4,868,229",LOGOUT,false,Aarav Mikhailov Travel,VZQ 721 GP,VZQ 721 GP,12,2.86,1.2,"1,779,294,600","1,779,297,000","1,779,293,767","1,779,296,598",NODELAY,0,MANUAL,Petrol,false,false,NODAL,7,6,1
vanta-Sea,Denver Office,CAB,"May 20, 2026",23:16,"4,869,743",LOGOUT,false,Anjali Mikhailov Travel,TEF 968 GP,TEF 968 GP,3,23.42,27.2,"1,779,319,860","1,779,324,060","1,779,318,904","1,779,322,953",NODELAY,0,AUTO,Petrol,false,false,NA,2,2,0
vanta-Sea,Denver Office,CAB,"July 31, 2026",22:16,"5,105,858",LOGOUT,true,Isha Mikhailov Travel,EQV 017 GP,EQV 017 GP,3,12.24,8.7,"1,785,537,060","1,785,538,200","1,785,536,136","1,785,537,997",NODELAY,0,AUTO,Petrol,false,false,HOME,3,3,1
pinnacle-Slc,Clearwater Campus,CAB,"July 1, 2026",09:30,"3,328,335",LOGIN,false,Rohan Mikhailov Travel,MSH 956 GP,MSH 956 GP,3,8.58,8.8,"1,782,894,660","1,782,897,900","1,782,895,215","1,782,898,107",NODELAY,0,AUTO,Diesel,false,false,HOME,2,2,0
pinnacle-Slc,Willow Bend Campus,CAB,"July 7, 2026",13:30,"3,358,610",LOGOUT,false,Pooja Mikhailov Travel,MPA 234 GP,MPA 234 GP,3,5.88,5.4,"1,783,431,000","1,783,432,080","1,783,431,516","1,783,433,168",NODELAY,0,AUTO,Diesel,false,false,NA,1,1,0
pinnacle-Slc,Oakmont Office,CAB,"July 6, 2026",14:00,"3,351,279",LOGIN,false,Aarav Mikhailov Travel,GTD 535 GP,GTD 535 GP,3,29.16,28.21,"1,783,342,380","1,783,346,100","1,783,342,752","1,783,345,864",NODELAY,0,AUTO,Diesel,false,false,HOME,1,1,0
pinnacle-Slc,Willow Bend Campus,CAB,"July 7, 2026",13:00,"3,357,783",LOGIN,false,Rahul Morozov Travel,TAT 087 GP,TAT 087 GP,3,13.49,13.8,"1,783,426,020","1,783,428,900","1,783,425,571","1,783,428,587",NODELAY,0,AUTO,Diesel,false,false,HOME,1,1,0
pinnacle-Slc,Clearwater Campus,CAB,"July 9, 2026",09:30,"3,368,858",LOGIN,false,Divya Kozlov Travel,EFT 732 GP,EFT 732 GP,3,24.58,22.2,"1,783,584,660","1,783,589,100","1,783,585,592","1,783,590,491",TRAFFIC,3,AUTO,Diesel,false,false,HOME,2,1,0
pinnacle-Slc,Clearwater Campus,CAB,"July 13, 2026",14:30,"3,387,786",LOGOUT,false,Aarav Mikhailov Travel,GKI 124 GP,GKI 124 GP,3,6.3,5.9,"1,783,953,000","1,783,954,200","1,783,951,526","1,783,952,882",NODELAY,0,AUTO,Diesel,false,false,NA,1,1,0
pinnacle-Slc,Oakmont Office,CAB,"July 13, 2026",16:30,"3,384,541",LOGOUT,false,Divya Sokolov Travel,SFY 268 GP,SFY 268 GP,3,12.97,13.6,"1,783,960,200","1,783,962,960","1,783,959,889","1,783,962,938",NODELAY,0,AUTO,Diesel,false,false,NODAL,2,2,0
pinnacle-Slc,Willow Bend Campus,CAB,"July 14, 2026",09:30,"3,390,407",LOGIN,false,Aarav Mikhailov Travel,GNS 644 GP,GNS 644 GP,3,23.09,22.72,"1,784,015,340","1,784,021,100","1,784,016,231","1,784,021,476",NODELAY,0,AUTO,Diesel,false,false,NA,2,2,0
pinnacle-Slc,Oakmont Office,CAB,"July 11, 2026",05:30,"3,379,163",LOGIN,true,Rahul Mikhailov Travel,SYM 779 GP,SYM 779 GP,3,3.95,3.7,"1,783,746,780","1,783,747,500","1,783,746,035","1,783,747,289",NODELAY,0,AUTO,Diesel,false,false,HOME,3,3,0
pinnacle-Slc,Willow Bend Campus,CAB,"June 16, 2026",20:00,"3,252,223",LOGOUT,false,Arjun Mikhailov Travel,BZQ 652 GP,BZQ 652 GP,3,10.44,10.22,"1,781,640,000","1,781,642,040","1,781,640,138","1,781,643,495",NODELAY,0,AUTO,Diesel,false,false,HOME,1,1,0
pinnacle-Slc,Clearwater Campus,CAB,"June 17, 2026",08:30,"3,255,236",LOGIN,false,Aarav Mikhailov Travel,RYI 112 GP,RYI 112 GP,3,11.16,11.2,"1,781,681,820","1,781,684,700","1,781,682,219","1,781,685,804",NODELAY,0,AUTO,Diesel,false,false,HOME,2,2,0
vanta-Sea,Denver Office,CAB,"June 20, 2026",07:00,"4,967,371",LOGIN,false,Priya Mikhailov Travel,EXM 848 GP,EXM 848 GP,3,19.52,19.3,"1,781,935,500","1,781,937,900","1,781,935,934","1,781,937,679",NODELAY,0,AUTO,Petrol,false,false,NA,1,1,0
pinnacle-Slc,Clearwater Campus,CAB,"June 1, 2026",16:30,"3,177,031",LOGOUT,false,Divya Mikhailov Travel,DUB 532 GP,DUB 532 GP,3,17.63,16.8,"1,780,331,400","1,780,334,640","1,780,332,480","1,780,337,280",EMPLOYEE,8,AUTO,Diesel,false,false,NA,3,3,0
pinnacle-Slc,Oakmont Office,CAB,"June 2, 2026",08:30,"3,180,342",LOGIN,false,Arjun Mikhailov Travel,NHX 862 GP,NHX 862 GP,3,24.06,25.6,"1,780,383,900","1,780,388,700","1,780,384,140","1,780,389,000",NODELAY,0,AUTO,Diesel,false,false,NODAL,2,2,0
vanta-Sea,Denver Office,BUS,"June 25, 2026",09:00,"4,983,158",LOGIN,false,Sanjay Mikhailov Travel,GNP 849 GP,GNP 849 GP,3,37.54,31.4,"1,782,371,580","1,782,377,100","1,782,370,624","1,782,377,611",NODELAY,0,MANUAL,Petrol,false,false,HOME,2,2,0
vanta-Sea,Denver Office,BUS,"June 30, 2026",15:16,"4,999,419",LOGOUT,false,Priya Mikhailov Travel,ZIP 549 GP,ZIP 549 GP,3,6.57,5.8,"1,782,832,560","1,782,832,740","1,782,832,138","1,782,834,777",NODELAY,0,MANUAL,Petrol,false,false,HOME,1,1,0
vanta-Sea,Denver Office,BUS,"June 26, 2026",14:00,"4,988,433",LOGIN,false,Priya Mikhailov Travel,KKT 886 GP,KKT 886 GP,5,14.46,12.6,"1,782,480,300","1,782,481,500","1,782,478,661","1,782,481,043",NODELAY,0,MANUAL,Petrol,false,false,NA,1,1,0
vanta-Sea,Denver Office,CAB,"June 27, 2026",11:00,"4,991,097",LOGIN,false,Anjali Mikhailov Travel,ODZ 030 GP,ODZ 030 GP,5,10.48,9.7,"1,782,555,300","1,782,557,100","1,782,555,344","1,782,556,529",NODELAY,0,AUTO,Petrol,false,false,NODAL,1,1,0
vanta-Sea,Denver Office,BUS,"June 29, 2026",12:00,"4,994,153",LOGIN,false,Anjali Mikhailov Travel,IOJ 547 GP,IOJ 547 GP,12,18.97,24.8,"1,782,729,480","1,782,733,500","1,782,727,713","1,782,733,948",NODELAY,0,MANUAL,Petrol,false,false,NA,12,11,1
vanta-Sea,Denver Office,CAB,"June 29, 2026",Non Shift,"4,997,154",LOGOUT,true,Anjali Mikhailov Travel,GDQ 233 GP,GDQ 233 GP,3,30.89,30.8,"1,782,775,800","1,782,779,400","1,782,776,002","1,782,778,713",NODELAY,0,AUTO,Petrol,false,false,NA,1,2,0
pinnacle-Slc,Willow Bend Campus,CAB,"June 22, 2026",15:00,"3,281,664",LOGOUT,false,Rahul Morozov Travel,ADP 307 GP,ADP 307 GP,3,5.66,5.1,"1,782,140,400","1,782,141,240","1,782,140,015","1,782,141,647",NODELAY,0,AUTO,Diesel,false,false,HOME,2,2,0
pinnacle-Slc,Clearwater Campus,CAB,"June 23, 2026",09:00,"3,286,908",LOGIN,false,Amit Volkov Travel,VKC 847 GP,VKC 847 GP,3,3.71,3.92,"1,782,202,860","1,782,204,900","1,782,203,234","1,782,205,455",NODELAY,0,AUTO,Diesel,false,false,HOME,4,2,1
pinnacle-Slc,Oakmont Office,CAB,"May 20, 2026",17:30,"3,130,904",LOGOUT,false,Aarav Mikhailov Travel,ZWQ 206 GP,ZWQ 206 GP,3,9.65,9.83,"1,779,298,200","1,779,300,360","1,779,298,391","1,779,302,502",EMPLOYEE,10,AUTO,Diesel,false,false,NA,1,1,0
pinnacle-Slc,Oakmont Office,CAB,"May 26, 2026",09:00,"3,154,097",LOGIN,false,Amit Mikhailov Travel,WMD 973 GP,WMD 973 GP,3,18.3,18.4,"1,779,781,440","1,779,785,700","1,779,781,053","1,779,785,073",NODELAY,0,AUTO,Diesel,false,false,HOME,2,2,0
pinnacle-Slc,Oakmont Office,CAB,"May 25, 2026",08:00,"3,148,514",LOGIN,false,Divya Sokolov Travel,QLW 548 GP,QLW 548 GP,3,14.49,14,"1,779,693,300","1,779,695,700","1,779,693,602","1,779,695,770",NODELAY,0,AUTO,Diesel,false,false,HOME,1,1,0
pinnacle-Slc,Oakmont Office,CAB,"May 22, 2026",16:30,"3,142,783",LOGOUT,false,Amit Mikhailov Travel,CIU 674 GP,CIU 674 GP,3,26.36,25.8,"1,779,467,400","1,779,472,080","1,779,467,815","1,779,474,039",NODELAY,0,AUTO,Diesel,false,false,HOME,1,1,0
pinnacle-Slc,Clearwater Campus,CAB,"May 27, 2026",15:00,"3,162,553",LOGOUT,false,Pooja Mikhailov Travel,BCB 203 GP,BCB 203 GP,5,6.49,8.68,"1,779,894,000","1,779,895,080","1,779,894,287","1,779,896,960",NODELAY,0,AUTO,Diesel,false,false,NA,3,2,0
pinnacle-Slc,Clearwater Campus,CAB,"May 26, 2026",14:30,"3,157,668",LOGOUT,false,Rohan Mikhailov Travel,SPJ 336 GP,SPJ 336 GP,5,5.72,3.9,"1,779,805,800","1,779,807,060","1,779,805,783","1,779,808,066",NODELAY,0,AUTO,Diesel,false,false,NA,3,3,0
pinnacle-Slc,Clearwater Campus,CAB,"May 26, 2026",07:30,"3,156,115",LOGIN,false,Divya Kozlov Travel,DAA 281 GP,DAA 281 GP,5,8.42,8.6,"1,779,778,620","1,779,780,300","1,779,778,657","1,779,779,863",NODELAY,0,AUTO,Diesel,false,false,NA,3,2,0
pinnacle-Slc,Oakmont Office,CAB,"May 27, 2026",14:30,"3,161,717",LOGIN,false,Rohan Mikhailov Travel,RJD 274 GP,RJD 274 GP,3,16.92,16.6,"1,779,889,620","1,779,891,900","1,779,888,860","1,779,891,044",NODELAY,0,AUTO,Diesel,false,false,HOME,1,1,0
pinnacle-Slc,Clearwater Campus,CAB,"May 25, 2026",Non Shift,"3,158,919",LOGOUT,false,Divya Sokolov Travel,HHI 631 GP,HHI 631 GP,3,3.27,3.83,"1,779,750,000","1,779,753,599","1,779,751,395","1,779,752,829",EMPLOYEE,8,AUTO,Diesel,false,false,NA,1,1,0
pinnacle-Slc,Willow Bend Campus,CAB,"May 26, 2026",08:30,"3,154,546",LOGIN,false,Pooja Mikhailov Travel,QPB 358 GP,QPB 358 GP,3,20.38,20.4,"1,779,779,640","1,779,783,900","1,779,779,871","1,779,784,363",NODELAY,0,AUTO,Diesel,false,false,NA,1,1,0
pinnacle-Slc,Oakmont Office,CAB,"May 18, 2026",07:30,"3,116,326",LOGIN,false,Aarav Mikhailov Travel,NCM 175 GP,NCM 175 GP,3,7.74,6.6,"1,779,087,960","1,779,089,100","1,779,087,900","1,779,088,740",NODELAY,0,AUTO,Diesel,false,false,HOME,1,1,0
pinnacle-Slc,Oakmont Office,CAB,"July 24, 2026",18:00,"3,443,213",LOGIN,false,Rohan Mikhailov Travel,JAD 426 GP,JAD 426 GP,3,18.4,18.35,"1,784,909,700","1,784,915,700","1,784,909,860","1,784,913,407",NODELAY,0,AUTO,Diesel,false,false,HOME,2,1,0
pinnacle-Slc,Willow Bend Campus,CAB,"July 24, 2026",18:00,"3,443,970",LOGIN,false,Rohan Mikhailov Travel,FQG 499 GP,FQG 499 GP,3,19.09,19.1,"1,784,912,400","1,784,915,700","1,784,912,340","1,784,915,708",NODELAY,0,AUTO,Diesel,false,false,HOME,1,1,0
pinnacle-Slc,Clearwater Campus,CAB,"July 28, 2026",15:30,"3,461,953",LOGOUT,false,Rohan Mikhailov Travel,TNS 599 GP,TNS 599 GP,3,14.15,13.68,"1,785,252,600","1,785,255,120","1,785,252,726","1,785,257,441",EMPLOYEE,7,AUTO,Diesel,false,false,NA,3,3,0
pinnacle-Slc,Clearwater Campus,CAB,"July 30, 2026",Non Shift,"3,483,111",LOGOUT,false,Aarav Mikhailov Travel,YKD 864 GP,YKD 864 GP,3,17.02,16.38,"1,785,443,400","1,785,447,000","1,785,444,022","1,785,447,076",NODELAY,0,AUTO,Diesel,false,false,NA,1,1,0
pinnacle-Slc,Oakmont Office,CAB,"July 31, 2026",14:30,"3,481,769",LOGOUT,false,Rahul Orlov Travel,LZQ 728 GP,LZQ 728 GP,3,11.56,11,"1,785,508,200","1,785,510,240","1,785,508,466","1,785,510,780",NODELAY,0,AUTO,Diesel,false,false,NODAL,2,2,0
catalyst-Sac,Santa Clara Office,CAB,"June 15, 2026",19:00,"1,494,241",LOGOUT,true,Divya Mikhailov Travel,WHY 162 GP,WHY 162 GP,4,24.77,24.7,"1,781,550,900","1,781,553,420","1,781,551,039","1,781,558,580",NODELAY,0,AUTO,Petrol,false,false,HOME,3,3,1
vanta-Aus,Cedar Ridge Office,CAB,"June 29, 2026",20:15,"1,201,080",LOGOUT,false,Sneha Mikhailov Travel,JFF 146 GP,JFF 146 GP,5,11.59,13.4,"1,782,765,000","1,782,766,020","1,782,763,531","1,782,766,974",NODELAY,0,AUTO,Diesel,false,false,NA,5,5,0
orbit-Slc,Lakeside Commons,CAB,"June 5, 2026",18:30,"1,262,674",LOGIN,false,Anjali Mikhailov Travel,KIF 263 GP,KIF 263 GP,3,20.83,16.8,"1,780,677,900","1,780,683,300","1,780,677,765","1,780,682,818",NODELAY,0,MANUAL,Electric,false,false,NA,1,1,0
orbit-Slc,Cedar Ridge Office,BUS,"June 9, 2026",15:30,"1,269,332",LOGOUT,false,Rahul Mikhailov Travel,HMH 394 GP,HMH 394 GP,6,10.88,13.19,"1,781,019,900","1,781,021,100","1,781,019,760","1,781,024,071",NODELAY,0,MANUAL,Diesel,false,false,HOME,2,1,1
orbit-Slc,Lakeside Commons,CAB,"June 6, 2026",00:00,"1,264,763",LOGOUT,false,Anjali Mikhailov Travel,RZG 806 GP,RZG 806 GP,3,8.26,12.6,"1,780,704,900","1,780,706,340","1,780,704,359","1,780,706,044",NODELAY,0,AUTO,Electric,false,false,HOME,1,1,0
vanta-Aus,Cedar Ridge Office,CAB,"June 27, 2026",10:00,"1,197,416",LOGIN,false,Sneha Mikhailov Travel,BMV 632 GP,BMV 632 GP,3,10.65,9.4,"1,782,551,040","1,782,553,500","1,782,551,103","1,782,552,047",NODELAY,0,AUTO,Diesel,false,false,HOME,1,1,0
vanta-Aus,Cedar Ridge Office,CAB,"June 30, 2026",10:00,"1,201,784",LOGIN,false,Meera Pavlov Travel,QCH 828 GP,QCH 828 GP,3,35.18,33.3,"1,782,806,220","1,782,812,700","1,782,806,337","1,782,813,086",NODELAY,0,AUTO,Diesel,false,false,NA,2,2,0
vanta-Aus,Cedar Ridge Office,CAB,"June 16, 2026",23:15,"1,177,538",LOGOUT,false,Meera Pavlov Travel,VKK 372 GP,VKK 372 GP,5,8.1,11.7,"1,781,652,600","1,781,654,160","1,781,651,449","1,781,654,189",NODELAY,0,AUTO,Diesel,false,false,NA,5,4,1
catalyst-Sac,Santa Clara Office,CAB,"June 24, 2026",21:30,"1,509,053",LOGOUT,true,Vikram Mikhailov Travel,JGU 133 GP,JGU 133 GP,4,15.9,16.69,"1,782,337,500","1,782,338,400","1,782,337,571","1,782,343,214",NODELAY,0,AUTO,Petrol,false,false,HOME,3,4,0
vanta-Sea,Denver Office,BUS,"June 5, 2026",12:00,"4,917,819",LOGIN,false,Priya Mikhailov Travel,CGU 441 GP,CGU 441 GP,3,25.64,22.7,"1,780,655,640","1,780,659,900","1,780,654,379","1,780,662,090",TRAFFIC,21,MANUAL,Petrol,false,false,NA,2,2,0
vanta-Sea,Denver Office,CAB,"May 27, 2026",17:16,"4,889,190",LOGOUT,false,Anjali Mikhailov Travel,JMG 368 GP,JMG 368 GP,5,18.34,18.9,"1,779,903,060","1,779,905,100","1,779,902,111","1,779,907,046",NODELAY,0,AUTO,Petrol,false,false,NA,3,3,0
vanta-Sea,Denver Office,CAB,"May 28, 2026",Non Shift,"4,890,911",LOGOUT,false,Isha Mikhailov Travel,BKK 240 GP,BKK 240 GP,5,1.67,1.6,"1,779,926,460","1,779,930,060","1,779,926,575","1,779,926,908",NODELAY,0,AUTO,Petrol,false,false,NA,1,1,0
vanta-Sea,Denver Office,BUS,"May 29, 2026",17:30,"4,897,216",LOGOUT,false,Priya Mikhailov Travel,LAC 166 GP,LAC 166 GP,12,6.05,5.2,"1,780,075,800","1,780,078,800","1,780,074,886","1,780,077,861",NODELAY,0,MANUAL,Petrol,false,false,NA,3,5,0
vanta-Sea,Denver Office,CAB,"May 28, 2026",22:16,"4,894,237",LOGOUT,false,Anjali Mikhailov Travel,BGJ 459 GP,BGJ 459 GP,5,5.76,6.9,"1,780,007,460","1,780,007,640","1,780,006,678","1,780,008,948",NODELAY,0,AUTO,Petrol,false,false,NA,5,5,2
pinnacle-Slc,Willow Bend Campus,CAB,"May 4, 2026",13:30,"3,055,978",LOGOUT,false,Rohan Mikhailov Travel,IBB 871 GP,IBB 871 GP,3,10.79,10.9,"1,777,901,400","1,777,903,320","1,777,902,229","1,777,904,125",NODELAY,0,AUTO,Diesel,false,false,NA,1,1,0
pinnacle-Slc,Willow Bend Campus,CAB,"May 7, 2026",13:30,"3,074,379",LOGOUT,false,Arjun Mikhailov Travel,HFF 566 GP,HFF 566 GP,3,5.71,6,"1,778,160,600","1,778,161,620","1,778,159,138","1,778,160,251",NODELAY,0,AUTO,Diesel,false,false,NA,1,1,0
pinnacle-Slc,Oakmont Office,CAB,"May 8, 2026",08:00,"3,078,174",LOGIN,false,Divya Mikhailov Travel,SHD 275 GP,SHD 275 GP,3,21.75,21,"1,778,223,780","1,778,226,900","1,778,223,937","1,778,226,426",NODELAY,0,AUTO,Diesel,false,false,HOME,1,1,0
pinnacle-Slc,Clearwater Campus,CAB,"May 5, 2026",09:00,"3,059,899",LOGIN,false,Rahul Orlov Travel,TCL 613 GP,TCL 613 GP,3,8.33,7.91,"1,777,968,660","1,777,971,300","1,777,968,763","1,777,971,440",NODELAY,0,AUTO,Diesel,false,false,HOME,3,3,0
pinnacle-Slc,Oakmont Office,CAB,"May 7, 2026",08:00,"3,073,423",LOGIN,false,Divya Sokolov Travel,QGC 405 GP,QGC 405 GP,3,42.26,42.3,"1,778,136,120","1,778,140,500","1,778,136,308","1,778,140,277",NODELAY,0,AUTO,Diesel,false,false,NA,1,1,0
pinnacle-Slc,Clearwater Campus,CAB,"May 7, 2026",15:00,"3,075,993",LOGOUT,false,Rohan Mikhailov Travel,NWJ 876 GP,NWJ 876 GP,3,4.46,3.9,"1,778,166,000","1,778,167,260","1,778,166,390","1,778,167,246",NODELAY,0,AUTO,Diesel,false,false,HOME,3,1,0
catalyst-Sac,Fairview Commons,CAB,"July 24, 2026",07:00,"1,549,624",LOGIN,false,Sanjay Mikhailov Travel,PDP 210 GP,PDP 210 GP,4,4.79,4.6,"1,784,873,460","1,784,874,600","1,784,873,249","1,784,873,874",NODELAY,0,AUTO,Petrol,false,false,NODAL,1,1,0
catalyst-Sac,Santa Clara Office,CAB,"July 28, 2026",03:30,"1,553,419",LOGOUT,false,Divya Mikhailov Travel,NRT 100 GP,NRT 100 GP,4,19.09,19.1,"1,785,210,300","1,785,212,580","1,785,210,431","1,785,213,934",NODELAY,0,AUTO,Petrol,false,false,NA,3,3,0
vanta-Aus,Cedar Ridge Office,CAB,"July 29, 2026",09:00,"1,253,776",LOGIN,false,Priya Mikhailov Travel,JZK 044 GP,JZK 044 GP,3,30.23,3.9,"1,785,310,200","1,785,314,700","1,785,310,120","1,785,314,421",NODELAY,0,AUTO,Electric,false,false,NA,2,2,0
vanta-Aus,Cedar Ridge Office,CAB,"July 24, 2026",21:15,"1,247,248",LOGOUT,false,Priya Mikhailov Travel,VGZ 244 GP,VGZ 244 GP,3,29.77,30.2,"1,784,928,600","1,784,932,560","1,784,927,572","1,784,931,360",NODELAY,0,AUTO,Electric,false,false,NA,2,2,0
vanta-Sea,Denver Office,BUS,"July 13, 2026",12:00,"5,038,990",LOGIN,false,Priya Mikhailov Travel,DOX 076 GP,DOX 076 GP,3,29.39,20.71,"1,783,939,320","1,783,943,100","1,783,937,573","1,783,943,370",NODELAY,0,SHUTTLE_SERVICE,Petrol,false,false,HOME,2,2,0
vanta-Sea,Denver Office,CAB,"July 13, 2026",21:16,"5,040,945",LOGOUT,false,Aarav Mikhailov Travel,LEQ 926 GP,LEQ 926 GP,3,30.74,30.5,"1,783,978,260","1,783,981,620","1,783,977,225","1,783,981,776",NODELAY,0,AUTO,Electric,false,false,HOME,2,2,0
vanta-Sea,Denver Office,CAB,"June 4, 2026",17:16,"4,915,134",LOGOUT,false,Isha Mikhailov Travel,RBU 936 GP,RBU 936 GP,5,20.51,22.4,"1,780,594,260","1,780,596,180","1,780,593,297","1,780,599,283",NODELAY,0,AUTO,Petrol,false,false,NA,1,1,0
vanta-Sea,Denver Office,BUS,"June 9, 2026",09:00,"4,926,538",LOGIN,false,Anjali Mikhailov Travel,VLU 139 GP,VLU 139 GP,3,7.53,9.8,"1,780,993,320","1,780,994,700","1,780,991,540","1,780,995,580",NODELAY,0,MANUAL,Electric,false,false,NA,1,1,0
vanta-Sea,Denver Office,BUS,"June 15, 2026",16:16,"4,947,180",LOGOUT,false,Sanjay Mikhailov Travel,KHD 720 GP,KHD 720 GP,5,7.21,8.6,"1,781,540,160","1,781,541,600","1,781,539,707","1,781,542,682",NODELAY,0,MANUAL,Petrol,false,false,NA,2,3,0
vanta-Sea,Denver Office,BUS,"June 16, 2026",13:00,"4,950,959",LOGIN,false,Anjali Mikhailov Travel,PEN 892 GP,PEN 892 GP,5,21.27,20.5,"1,781,610,480","1,781,613,900","1,781,609,166","1,781,614,748",NODELAY,0,MANUAL,Petrol,false,false,HOME,4,4,0
pinnacle-Slc,Clearwater Campus,CAB,"May 8, 2026",15:30,"3,082,512",LOGOUT,false,Aarav Mikhailov Travel,IMH 455 GP,IMH 455 GP,5,11.69,19.3,"1,778,254,200","1,778,256,960","1,778,254,277","1,778,257,258",NODELAY,0,AUTO,Diesel,false,false,HOME,2,1,0
pinnacle-Slc,Clearwater Campus,CAB,"May 12, 2026",15:00,"3,094,546",LOGOUT,false,Rahul Orlov Travel,YZQ 043 GP,YZQ 043 GP,3,33.12,37.16,"1,778,598,000","1,778,605,199","1,778,598,248","1,778,605,915",NODELAY,0,AUTO,Diesel,false,false,NODAL,2,2,0
pinnacle-Slc,Willow Bend Campus,CAB,"May 11, 2026",12:30,"3,086,525",LOGIN,false,Divya Mikhailov Travel,QRA 198 GP,QRA 198 GP,3,13.36,13.4,"1,778,499,720","1,778,502,300","1,778,499,405","1,778,502,333",NODELAY,0,AUTO,Diesel,false,false,HOME,1,1,0
pinnacle-Slc,Willow Bend Campus,CAB,"May 22, 2026",15:30,"3,143,094",LOGOUT,false,Rahul Morozov Travel,EUQ 134 GP,EUQ 134 GP,3,5.93,8.1,"1,779,463,800","1,779,465,300","1,779,464,047","1,779,466,281",NODELAY,0,AUTO,Diesel,false,false,HOME,2,2,0
pinnacle-Slc,Oakmont Office,CAB,"May 21, 2026",09:00,"3,136,293",LOGIN,false,Rahul Mikhailov Travel,OJG 400 GP,OJG 400 GP,3,6.33,5.9,"1,779,352,200","1,779,353,700","1,779,352,624","1,779,354,360",NODELAY,0,AUTO,Diesel,false,false,HOME,1,1,0
pinnacle-Slc,Clearwater Campus,CAB,"May 14, 2026",16:30,"3,106,789",LOGOUT,false,Aarav Mikhailov Travel,MOS 532 GP,MOS 532 GP,3,7.2,7.13,"1,778,776,200","1,778,777,400","1,778,776,362","1,778,778,335",NODELAY,0,AUTO,Diesel,false,false,NA,3,3,0
pinnacle-Slc,Clearwater Campus,CAB,"May 12, 2026",10:30,"3,091,077",LOGIN,false,Amit Mikhailov Travel,MMA 929 GP,MMA 929 GP,3,11.56,12.55,"1,778,578,140","1,778,581,500","1,778,578,504","1,778,583,396",EMPLOYEE,11,AUTO,Diesel,false,false,NA,3,2,0
pinnacle-Slc,Clearwater Campus,CAB,"May 18, 2026",09:30,"3,117,189",LOGIN,false,Arjun Mikhailov Travel,DWP 975 GP,DWP 975 GP,3,4.2,5.5,"1,779,093,840","1,779,096,300","1,779,094,970","1,779,097,043",NODELAY,0,AUTO,Diesel,false,false,SHUTTLE,3,2,0
pinnacle-Slc,Willow Bend Campus,CAB,"May 20, 2026",10:30,"3,130,421",LOGIN,false,Divya Mikhailov Travel,AUA 428 GP,AUA 428 GP,3,16.1,16.63,"1,779,268,680","1,779,272,700","1,779,268,657","1,779,272,620",NODELAY,0,AUTO,Diesel,false,false,HOME,1,1,0
catalyst-Sac,Santa Clara Office,CAB,"July 3, 2026",00:00,"1,520,869",LOGOUT,true,Vikram Mikhailov Travel,FNR 948 GP,FNR 948 GP,4,7.83,5.7,"1,783,037,700","1,783,038,540","1,783,037,769","1,783,040,339",NODELAY,0,AUTO,Petrol,false,false,NA,1,2,0
vanta-Aus,Cedar Ridge Office,CAB,"July 1, 2026",13:00,"1,204,295",LOGIN,false,Sneha Mikhailov Travel,NSS 422 GP,NSS 422 GP,3,25.29,26.6,"1,782,905,280","1,782,909,900","1,782,905,319","1,782,911,123",TRAFFIC,5,AUTO,Diesel,false,false,NODAL,3,3,0
orbit-Slc,Eastgate Office,CAB,"July 10, 2026",22:00,"1,328,670",LOGOUT,false,Rohan Mikhailov Travel,ROJ 199 GP,ROJ 199 GP,3,16.27,23.63,"1,783,721,700","1,783,723,560","1,783,721,707","1,783,725,328",NODELAY,0,AUTO,Diesel,false,false,HOME,3,3,0
orbit-Slc,Eastgate Office,CAB,"July 10, 2026",05:30,"1,326,089",LOGIN,true,Rohan Mikhailov Travel,IZR 782 GP,IZR 782 GP,6,3.14,3.5,"1,783,659,000","1,783,660,500","1,783,658,178","1,783,660,161",NODELAY,0,AUTO,Diesel,false,false,NA,1,2,0
vanta-Aus,Cedar Ridge Office,CAB,"July 9, 2026",18:15,"1,220,250",LOGOUT,false,Sneha Mikhailov Travel,ZPA 062 GP,ZPA 062 GP,5,33.86,33.9,"1,783,621,800","1,783,623,480","1,783,620,785","1,783,626,793",NODELAY,0,AUTO,Diesel,false,false,NA,2,2,0
catalyst-Sac,Fairview Commons,CAB,"July 9, 2026",03:30,"1,529,049",LOGOUT,true,Arjun Mikhailov Travel,KXN 937 GP,KXN 937 GP,4,28.71,28.2,"1,783,568,700","1,783,574,220","1,783,568,348","1,783,572,484",NODELAY,0,AUTO,Petrol,false,false,HOME,3,4,0
catalyst-Sac,Redwood City Center,CAB,"July 14, 2026",22:30,"1,535,971",LOGOUT,true,Priya Mikhailov Travel,GOQ 377 GP,GOQ 377 GP,4,21.24,20,"1,784,069,100","1,784,069,760","1,784,068,919","1,784,075,009",NODELAY,0,AUTO,Petrol,false,false,NA,2,2,1
vanta-Sea,Denver Office,BUS,"July 1, 2026",12:00,"5,002,989",LOGIN,false,Aarav Mikhailov Travel,XEQ 993 GP,XEQ 993 GP,5,23.71,23.5,"1,782,901,980","1,782,906,300","1,782,900,186","1,782,907,260",TRAFFIC,1,MANUAL,Petrol,false,false,HOME,5,4,1
orbit-Slc,Eastgate Office,CAB,"July 14, 2026",22:00,"1,333,448",LOGOUT,false,Rohan Mikhailov Travel,WMF 193 GP,WMF 193 GP,3,25.2,30.57,"1,784,067,300","1,784,069,700","1,784,066,748","1,784,071,282",NODELAY,0,AUTO,Diesel,false,false,HOME,3,3,0
catalyst-Sac,Santa Clara Office,CAB,"July 13, 2026",19:00,"1,533,107",LOGIN,false,Vikram Mikhailov Travel,NIU 608 GP,NIU 608 GP,6,18.79,18.8,"1,783,962,900","1,783,967,400","1,783,962,769","1,783,967,594",NODELAY,0,AUTO,Petrol,false,false,NA,5,5,0
catalyst-Sac,Crestwood Campus,CAB,"July 14, 2026",02:30,"1,534,548",LOGOUT,false,Vikram Mikhailov Travel,EDU 262 GP,EDU 262 GP,4,24.83,25.5,"1,783,997,100","1,784,000,040","1,783,996,697","1,783,999,994",NODELAY,0,AUTO,Petrol,false,false,HOME,3,3,0
catalyst-Sac,Crestwood Campus,CAB,"July 15, 2026",04:00,"1,537,195",LOGOUT,false,Divya Mikhailov Travel,YBX 770 GP,YBX 770 GP,4,38.28,39.1,"1,784,088,900","1,784,092,320","1,784,089,311","1,784,093,735",NODELAY,0,AUTO,Petrol,false,false,NA,4,4,0
vanta-Sea,Denver Office,CAB,"June 17, 2026",23:16,"4,957,685",LOGOUT,false,Isha Mikhailov Travel,CHR 155 GP,CHR 155 GP,3,32.08,26.2,"1,781,739,060","1,781,743,620","1,781,738,005","1,781,741,861",NODELAY,0,AUTO,Petrol,false,false,NA,2,2,0
pinnacle-Slc,Oakmont Office,CAB,"June 5, 2026",13:30,"3,200,219",LOGIN,false,Sanjay Mikhailov Travel,QOW 872 GP,QOW 872 GP,3,16.34,16.12,"1,780,663,140","1,780,665,900","1,780,663,414","1,780,666,418",NODELAY,0,AUTO,Diesel,false,false,NODAL,1,1,0
pinnacle-Slc,Willow Bend Campus,CAB,"June 2, 2026",15:30,"3,181,429",LOGOUT,false,Rahul Morozov Travel,IAF 426 GP,IAF 426 GP,3,15.78,17.63,"1,780,414,200","1,780,417,680","1,780,414,581","1,780,419,077",NODELAY,0,AUTO,Diesel,false,false,HOME,2,2,0
pinnacle-Slc,Willow Bend Campus,CAB,"June 9, 2026",08:30,"3,212,777",LOGIN,false,Rahul Morozov Travel,ADP 307 GP,ADP 307 GP,3,13.04,15,"1,780,990,560","1,780,993,500","1,780,991,016","1,780,995,469",EMPLOYEE,12,AUTO,Diesel,false,false,NA,2,2,0
pinnacle-Slc,Willow Bend Campus,CAB,"June 3, 2026",14:30,"3,190,285",LOGOUT,false,Amit Volkov Travel,QRV 617 GP,QRV 617 GP,3,20.21,21.75,"1,780,497,000","1,780,500,420","1,780,496,395","1,780,500,330",NODELAY,0,AUTO,Diesel,false,false,HOME,1,1,0
pinnacle-Slc,Clearwater Campus,CAB,"June 8, 2026",09:00,"3,205,820",LOGIN,false,Rahul Morozov Travel,SAX 052 GP,SAX 052 GP,3,1.43,1.7,"1,780,907,400","1,780,908,900","1,780,908,046","1,780,908,902",NODELAY,0,AUTO,Diesel,false,false,HOME,3,2,0
pinnacle-Slc,Clearwater Campus,CAB,"June 12, 2026",07:30,"3,231,947",LOGIN,false,Sanjay Mikhailov Travel,KIF 391 GP,KIF 391 GP,3,28.86,28.64,"1,781,245,080","1,781,249,100","1,781,245,832","1,781,249,019",NODELAY,0,AUTO,Diesel,false,false,NA,2,2,0
pinnacle-Slc,Clearwater Campus,CAB,"June 15, 2026",11:30,"3,245,639",LOGIN,false,Karan Mikhailov Travel,EVK 057 GP,EVK 057 GP,3,16.11,18.21,"1,781,519,280","1,781,522,700","1,781,517,794","1,781,522,441",NODELAY,0,AUTO,Diesel,false,false,NA,1,1,0
pinnacle-Slc,Oakmont Office,CAB,"June 16, 2026",10:30,"3,250,529",LOGIN,false,Rohan Mikhailov Travel,VKN 342 GP,VKN 342 GP,3,7.11,6.15,"1,781,603,220","1,781,605,500","1,781,603,006","1,781,605,385",NODELAY,0,AUTO,Diesel,false,false,NODAL,2,1,0
pinnacle-Slc,Clearwater Campus,CAB,"July 15, 2026",15:00,"3,400,423",LOGOUT,false,Arjun Mikhailov Travel,GBW 837 GP,GBW 837 GP,3,11.62,12.01,"1,784,127,600","1,784,129,580","1,784,127,975","1,784,130,927",EMPLOYEE,1,AUTO,Diesel,false,false,HOME,3,3,0
pinnacle-Slc,Clearwater Campus,CAB,"July 15, 2026",15:30,"3,400,904",LOGOUT,false,Rahul Morozov Travel,WWG 573 GP,WWG 573 GP,3,14.88,15.95,"1,784,129,400","1,784,132,460","1,784,129,868","1,784,135,805",NODELAY,0,AUTO,Diesel,false,false,HOME,2,2,0
pinnacle-Slc,Willow Bend Campus,CAB,"July 15, 2026",22:00,"3,399,498",LOGOUT,true,Rohan Mikhailov Travel,CQD 298 GP,CQD 298 GP,3,14.78,16.19,"1,784,152,800","1,784,155,680","1,784,153,058","1,784,156,504",NODELAY,0,AUTO,Diesel,false,false,HOME,2,2,0
pinnacle-Slc,Clearwater Campus,CAB,"July 16, 2026",15:00,"3,407,032",LOGOUT,false,Divya Mikhailov Travel,NYF 932 GP,NYF 932 GP,3,9.07,8.5,"1,784,214,000","1,784,215,500","1,784,214,324","1,784,216,438",NODELAY,0,AUTO,Diesel,false,false,NA,3,2,0
pinnacle-Slc,Clearwater Campus,CAB,"July 16, 2026",17:30,"3,407,309",LOGOUT,false,Rahul Morozov Travel,HDG 103 GP,HDG 103 GP,3,5.63,5.32,"1,784,223,000","1,784,224,320","1,784,224,120","1,784,225,950",EMPLOYEE,3,AUTO,Diesel,false,false,NA,1,1,0
pinnacle-Slc,Oakmont Office,CAB,"July 15, 2026",15:00,"3,398,505",LOGOUT,false,Rahul Morozov Travel,KVM 120 GP,KVM 120 GP,3,21.06,26.24,"1,784,127,600","1,784,130,840","1,784,128,157","1,784,131,730",NODELAY,0,AUTO,Diesel,false,false,HOME,1,1,0
pinnacle-Slc,Oakmont Office,CAB,"July 16, 2026",15:30,"3,405,748",LOGOUT,false,Divya Kozlov Travel,EZU 043 GP,EZU 043 GP,3,5.31,6.58,"1,784,215,800","1,784,217,300","1,784,215,795","1,784,218,175",NODELAY,0,AUTO,Diesel,false,false,NA,2,1,1
pinnacle-Slc,Willow Bend Campus,CAB,"July 21, 2026",15:30,"3,425,446",LOGOUT,false,Sanjay Mikhailov Travel,HGF 809 GP,HGF 809 GP,3,10.35,11.2,"1,784,647,800","1,784,649,960","1,784,648,013","1,784,650,735",NODELAY,0,AUTO,Diesel,false,false,HOME,1,1,0
pinnacle-Slc,Willow Bend Campus,CAB,"July 21, 2026",18:00,"3,423,531",LOGIN,false,Rohan Mikhailov Travel,POO 382 GP,POO 382 GP,3,24.38,24.21,"1,784,651,760","1,784,656,500","1,784,652,178","1,784,657,759",NODELAY,0,AUTO,Diesel,false,false,NA,1,1,0
pinnacle-Slc,Oakmont Office,CAB,"July 24, 2026",09:00,"3,442,955",LOGIN,false,Rohan Mikhailov Travel,DMM 420 GP,DMM 420 GP,3,8.6,9.4,"1,784,881,620","1,784,883,300","1,784,881,584","1,784,883,772",NODELAY,0,AUTO,Diesel,false,false,NA,1,1,0
pinnacle-Slc,Willow Bend Campus,CAB,"July 28, 2026",18:00,"3,457,950",LOGIN,false,Sanjay Mikhailov Travel,VSE 794 GP,VSE 794 GP,3,9.05,8.48,"1,785,258,420","1,785,261,300","1,785,258,742","1,785,261,439",NODELAY,0,AUTO,Diesel,false,false,NA,2,2,0
pinnacle-Slc,Oakmont Office,CAB,"July 21, 2026",14:00,"3,424,002",LOGIN,false,Divya Kozlov Travel,RRP 617 GP,RRP 617 GP,3,24.56,23.8,"1,784,637,600","1,784,642,100","1,784,637,892","1,784,642,439",NODELAY,0,AUTO,Diesel,false,false,HOME,1,1,0
orbit-Slc,Eastgate Office,BUS,"May 27, 2026",13:00,"1,248,764",LOGIN,false,Rohan Mikhailov Travel,LCC 273 GP,LCC 273 GP,6,26.55,25.93,"1,779,880,800","1,779,885,900","1,779,881,157","1,779,885,400",NODELAY,0,MANUAL,Diesel,false,false,HOME,5,5,0
vanta-Aus,Cedar Ridge Office,CAB,"May 22, 2026",16:15,"1,134,943",LOGOUT,false,Priya Mikhailov Travel,EYY 243 GP,EYY 243 GP,5,6.17,7.9,"1,779,467,400","1,779,468,300","1,779,466,153","1,779,468,423",NODELAY,0,AUTO,Diesel,false,false,NA,3,3,0
orbit-Slc,Eastgate Office,BUS,"May 8, 2026",15:30,"1,220,250",LOGOUT,false,Rohan Mikhailov Travel,UUN 936 GP,UUN 936 GP,3,9.93,13.1,"1,778,255,100","1,778,257,500","1,778,254,939","1,778,257,056",NODELAY,0,MANUAL,Diesel,false,false,NODAL,2,2,0
orbit-Slc,Eastgate Office,CAB,"May 14, 2026",06:30,"1,227,992",LOGIN,false,Rohan Mikhailov Travel,YCK 309 GP,YCK 309 GP,3,25.76,31.13,"1,778,735,400","1,778,739,300","1,778,736,804","1,778,739,101",NODELAY,0,AUTO,Diesel,false,false,HOME,1,1,0
vanta-Sea,Denver Office,CAB,"May 3, 2026",14:16,"4,816,267",LOGOUT,false,Sanjay Mikhailov Travel,WGG 817 GP,WGG 817 GP,3,13.65,18,"1,777,818,660","1,777,821,300","1,777,817,826","1,777,820,265",NODELAY,0,AUTO,Electric,false,false,NA,1,1,0
orbit-Slc,Cedar Ridge Office,BUS,"May 20, 2026",15:30,"1,238,950",LOGOUT,false,Anjali Mikhailov Travel,JID 915 GP,JID 915 GP,6,4.32,5.1,"1,779,291,900","1,779,292,800","1,779,291,618","1,779,294,026",NODELAY,0,MANUAL,Diesel,false,false,HOME,1,1,0
vanta-Sea,Denver Office,BUS,"May 5, 2026",12:00,"4,821,251",LOGIN,false,Priya Mikhailov Travel,XGO 986 GP,XGO 986 GP,3,15.52,13.9,"1,777,978,560","1,777,981,500","1,777,977,999","1,777,982,037",NODELAY,0,MANUAL,Petrol,false,false,HOME,3,2,1
orbit-Slc,Lakeside Commons,BUS,"May 22, 2026",13:00,"1,241,871",LOGIN,false,Rahul Mikhailov Travel,WMZ 884 GP,WMZ 884 GP,12,33.4,31.32,"1,779,446,700","1,779,453,900","1,779,447,030","1,779,453,110",NODELAY,0,MANUAL,Diesel,false,false,HOME,7,6,1
vanta-Aus,Cedar Ridge Office,CAB,"May 27, 2026",20:15,"1,143,256",LOGOUT,false,Sneha Mikhailov Travel,RQH 817 GP,RQH 817 GP,5,13.53,13.7,"1,779,913,800","1,779,914,580","1,779,912,291","1,779,916,467",NODELAY,0,AUTO,Electric,false,false,HOME,5,5,0
orbit-Slc,Lakeside Commons,CAB,"May 20, 2026",06:30,"1,238,087",LOGIN,true,Anjali Mikhailov Travel,JNL 218 GP,JNL 218 GP,6,29.21,30.8,"1,779,253,500","1,779,257,700","1,779,253,592","1,779,257,227",NODELAY,0,AUTO,Diesel,false,false,HOME,4,4,1
vanta-Sea,Denver Office,CAB,"May 7, 2026",Non Shift,"4,830,889",LOGOUT,true,Priya Mikhailov Travel,JWI 040 GP,JWI 040 GP,3,13.13,13.5,"1,778,189,760","1,778,193,240","1,778,189,715","1,778,192,331",NODELAY,0,AUTO,Electric,false,false,NA,1,2,0
catalyst-Sac,Santa Clara Office,CAB,"June 1, 2026",19:00,"1,476,378",LOGOUT,true,Divya Mikhailov Travel,YHF 551 GP,YHF 551 GP,4,18.87,18.9,"1,780,341,300","1,780,344,300","1,780,341,084","1,780,348,725",NODELAY,0,AUTO,Petrol,false,false,HOME,3,4,0
catalyst-Sac,Fairview Commons,CAB,"June 3, 2026",23:30,"1,480,847",LOGOUT,true,Sanjay Mikhailov Travel,MAA 733 GP,MAA 733 GP,4,30.95,30.9,"1,780,530,300","1,780,532,640","1,780,529,860","1,780,534,152",NODELAY,0,AUTO,Petrol,false,false,NA,3,4,0
vanta-Sea,Denver Office,BUS,"June 2, 2026",08:01,"4,904,196",LOGIN,false,Priya Mikhailov Travel,YAS 590 GP,YAS 590 GP,12,4.69,4.4,"1,780,385,700","1,780,386,900","1,780,385,872","1,780,386,673",NODELAY,0,MANUAL,Petrol,false,false,NA,1,1,0
orbit-Slc,Eastgate Office,BUS,"June 1, 2026",15:00,"1,255,091",LOGIN,false,Rohan Mikhailov Travel,ZPC 674 GP,ZPC 674 GP,3,10.56,12.5,"1,780,321,500","1,780,325,100","1,780,322,942","1,780,324,861",NODELAY,0,MANUAL,Diesel,false,false,NA,1,1,0
vanta-Sea,Denver Office,CAB,"June 1, 2026",23:16,"4,903,738",LOGOUT,true,Aarav Mikhailov Travel,KFM 606 GP,KFM 606 GP,3,13.18,14.4,"1,780,356,660","1,780,358,760","1,780,355,788","1,780,358,424",NODELAY,0,AUTO,Petrol,false,false,NA,2,3,0
vanta-Sea,Denver Office,BUS,"June 2, 2026",10:00,"4,904,620",LOGIN,false,Aarav Mikhailov Travel,DHX 042 GP,DHX 042 GP,5,2.29,3.3,"1,780,393,620","1,780,394,100","1,780,392,549","1,780,394,156",NODELAY,0,MANUAL,Petrol,false,false,NA,4,4,0
catalyst-Sac,Santa Clara Office,CAB,"June 9, 2026",19:00,"1,486,933",LOGOUT,true,Vikram Mikhailov Travel,SWB 568 GP,SWB 568 GP,4,8.3,10.6,"1,781,032,500","1,781,034,540","1,781,032,468","1,781,036,993",NODELAY,0,AUTO,Petrol,false,false,NA,1,2,0
vanta-Aus,Cedar Ridge Office,CAB,"June 23, 2026",12:00,"1,189,128",LOGIN,false,Meera Pavlov Travel,RAB 575 GP,RAB 575 GP,3,8.22,12.1,"1,782,212,700","1,782,215,100","1,782,212,909","1,782,216,538",TRAFFIC,8,AUTO,Diesel,false,false,HOME,3,3,0
catalyst-Sac,Santa Clara Office,CAB,"June 11, 2026",01:00,"1,489,992",LOGOUT,false,Vikram Mikhailov Travel,TWH 013 GP,TWH 013 GP,4,13.68,14,"1,781,140,500","1,781,142,060","1,781,140,555","1,781,142,084",NODELAY,0,AUTO,Petrol,false,false,NA,1,1,0
catalyst-Sac,Oakmont Office,CAB,"June 11, 2026",20:00,"1,490,946",LOGOUT,true,Amit Mikhailov Travel,LZL 403 GP,LZL 403 GP,4,7.63,7.6,"1,781,208,900","1,781,210,880","1,781,208,590","1,781,212,126",NODELAY,0,AUTO,Petrol,false,false,HOME,1,2,0
orbit-Slc,Cedar Ridge Office,BUS,"June 9, 2026",13:00,"1,268,498",LOGIN,false,Rahul Mikhailov Travel,PBD 840 GP,PBD 840 GP,3,18.59,21.9,"1,781,003,700","1,781,009,100","1,781,007,676","1,781,010,685",DRIVER,11,MANUAL,Diesel,false,false,HOME,2,2,0
vanta-Aus,Cedar Ridge Office,CAB,"June 28, 2026",21:00,"1,198,594",LOGIN,false,Meera Pavlov Travel,PCK 403 GP,PCK 403 GP,3,17.51,16.4,"1,782,676,500","1,782,679,500","1,782,676,397","1,782,678,626",NODELAY,0,AUTO,Diesel,false,false,HOME,1,1,0
vanta-Aus,Cedar Ridge Office,CAB,"May 4, 2026",13:00,"1,100,718",LOGIN,false,Meera Pavlov Travel,VUQ 814 GP,VUQ 814 GP,3,15.46,13.7,"1,777,896,000","1,777,898,700","1,777,896,041","1,777,897,877",NODELAY,0,AUTO,Diesel,false,false,HOME,1,1,0
vanta-Aus,Cedar Ridge Office,CAB,"May 4, 2026",11:00,"1,100,508",LOGIN,false,Anjali Mikhailov Travel,XQV 378 GP,XQV 378 GP,5,3.86,3.8,"1,777,889,100","1,777,891,500","1,777,888,799","1,777,890,482",NODELAY,0,AUTO,Diesel,false,false,NA,5,4,1
catalyst-Sac,Santa Clara Office,CAB,"May 5, 2026",01:00,"1,443,300",LOGOUT,false,Rohan Mikhailov Travel,BPC 669 GP,BPC 669 GP,4,24.11,23.9,"1,777,943,700","1,777,946,400","1,777,943,761","1,777,946,371",NODELAY,0,AUTO,Petrol,false,false,NA,1,1,0
catalyst-Sac,Santa Clara Office,CAB,"May 5, 2026",21:30,"1,444,661",LOGOUT,true,Divya Mikhailov Travel,IQZ 651 GP,IQZ 651 GP,4,21.93,21.9,"1,778,017,500","1,778,020,560","1,778,017,947","1,778,024,316",NODELAY,0,AUTO,Petrol,false,false,NA,2,3,0
catalyst-Sac,Santa Clara Office,CAB,"May 6, 2026",21:00,"1,446,000",LOGIN,true,Vikram Mikhailov Travel,NPK 149 GP,NPK 149 GP,4,4.85,4.8,"1,778,097,000","1,778,099,400","1,778,097,144","1,778,098,751",NODELAY,0,AUTO,Petrol,false,false,NA,2,3,0
vanta-Aus,Cedar Ridge Office,CAB,"May 10, 2026",13:00,"1,111,804",LOGIN,false,Sneha Mikhailov Travel,LRH 278 GP,LRH 278 GP,3,16.13,16.2,"1,778,413,620","1,778,417,100","1,778,413,602","1,778,416,064",NODELAY,0,AUTO,Electric,false,false,HOME,1,1,0
vanta-Aus,Cedar Ridge Office,CAB,"May 13, 2026",11:00,"1,117,038",LOGIN,false,Sneha Mikhailov Travel,TRV 680 GP,TRV 680 GP,5,10.01,13,"1,778,665,680","1,778,669,100","1,778,665,802","1,778,668,673",NODELAY,0,AUTO,Diesel,false,false,NODAL,5,3,2
vanta-Aus,Cedar Ridge Office,CAB,"May 12, 2026",22:00,"1,115,236",LOGIN,true,Sanjay Mikhailov Travel,BMU 252 GP,BMU 252 GP,3,15.55,13,"1,778,618,880","1,778,622,300","1,778,618,411","1,778,620,609",NODELAY,0,AUTO,Electric,false,false,HOME,1,2,0
catalyst-Sac,Santa Clara Office,CAB,"May 14, 2026",04:30,"1,456,484",LOGOUT,false,Vikram Mikhailov Travel,TQZ 317 GP,TQZ 317 GP,4,20.78,20.9,"1,778,733,900","1,778,734,500","1,778,734,466","1,778,737,998",NODELAY,0,AUTO,Petrol,false,false,NA,4,4,0
catalyst-Sac,Fairview Commons,CAB,"May 16, 2026",02:30,"1,459,191",LOGOUT,true,Sanjay Mikhailov Travel,LIX 825 GP,LIX 825 GP,4,21.86,21.9,"1,778,899,500","1,778,902,140","1,778,899,101","1,778,904,790",NODELAY,0,AUTO,Petrol,false,false,NA,1,2,0
orbit-Slc,Eastgate Office,BUS,"May 26, 2026",15:30,"1,247,616",LOGOUT,false,Rohan Mikhailov Travel,UHZ 603 GP,UHZ 603 GP,6,23.02,31.93,"1,779,810,300","1,779,812,700","1,779,810,608","1,779,814,113",NODELAY,0,MANUAL,Diesel,false,false,HOME,4,4,0
catalyst-Sac,Santa Clara Office,CAB,"May 22, 2026",20:30,"1,467,495",LOGOUT,true,Vikram Mikhailov Travel,TWH 013 GP,TWH 013 GP,4,21.2,21.2,"1,779,482,700","1,779,484,200","1,779,482,756","1,779,489,968",NODELAY,0,AUTO,Petrol,false,false,NA,2,3,0
vanta-Aus,Cedar Ridge Office,CAB,"May 20, 2026",13:00,"1,129,635",LOGIN,false,Sneha Mikhailov Travel,FIX 995 GP,FIX 995 GP,3,6.91,5.6,"1,779,278,820","1,779,281,100","1,779,278,279","1,779,280,232",NODELAY,0,AUTO,Diesel,false,false,HOME,2,1,1
catalyst-Sac,Santa Clara Office,CAB,"July 16, 2026",23:30,"1,540,443",LOGOUT,false,Vikram Mikhailov Travel,NVD 318 GP,NVD 318 GP,4,23.01,18.9,"1,784,245,500","1,784,248,200","1,784,245,677","1,784,249,080",NODELAY,0,AUTO,Petrol,false,false,HOME,3,3,0
catalyst-Sac,Crestwood Campus,CAB,"July 17, 2026",04:00,"1,541,218",LOGOUT,true,Rohan Mikhailov Travel,QYX 367 GP,QYX 367 GP,4,23.24,23.7,"1,784,261,700","1,784,263,380","1,784,261,507","1,784,264,199",NODELAY,0,AUTO,Petrol,false,false,NA,3,4,0
vanta-Aus,Cedar Ridge Office,CAB,"July 13, 2026",12:00,"1,225,403",LOGIN,false,Meera Pavlov Travel,AGC 045 GP,AGC 045 GP,4,10.85,10.4,"1,783,939,560","1,783,943,100","1,783,939,763","1,783,942,665",NODELAY,0,AUTO,Electric,false,false,HOME,3,2,1
orbit-Slc,Eastgate Office,BUS,"July 15, 2026",13:00,"1,334,466",LOGIN,false,Rohan Mikhailov Travel,PXD 204 GP,PXD 204 GP,12,11.34,13.2,"1,784,116,140","1,784,119,500","1,784,116,087","1,784,118,550",NODELAY,0,MANUAL,Diesel,false,false,HOME,9,9,0
orbit-Slc,Cedar Ridge Office,BUS,"July 21, 2026",11:00,"1,344,614",LOGIN,false,Anjali Mikhailov Travel,JID 915 GP,JID 915 GP,6,31.32,28.4,"1,784,622,600","1,784,630,700","1,784,622,528","1,784,631,238",NODELAY,0,MANUAL,Diesel,false,false,HOME,4,4,0
vanta-Aus,Cedar Ridge Office,CAB,"July 22, 2026",12:00,"1,241,871",LOGIN,false,Sanjay Mikhailov Travel,CLU 304 GP,CLU 304 GP,5,2.93,4.3,"1,784,718,720","1,784,720,700","1,784,718,933","1,784,720,696",NODELAY,0,AUTO,Diesel,false,false,NA,5,5,0
vanta-Sea,Denver Office,CAB,"July 6, 2026",06:00,"5,016,696",LOGIN,true,Anjali Mikhailov Travel,SGH 105 GP,SGH 105 GP,3,11.28,10.9,"1,783,315,440","1,783,316,700","1,783,315,183","1,783,316,419",NODELAY,0,AUTO,Petrol,false,false,HOME,1,2,0
vanta-Aus,Cedar Ridge Office,CAB,"July 20, 2026",19:15,"1,238,950",LOGOUT,false,Anjali Mikhailov Travel,QHC 625 GP,QHC 625 GP,3,6.69,8.8,"1,784,575,800","1,784,576,340","1,784,574,551","1,784,577,441",NODELAY,0,AUTO,Diesel,false,false,NA,2,2,0
catalyst-Sac,Santa Clara Office,CAB,"July 23, 2026",22:30,"1,549,195",LOGOUT,true,Vikram Mikhailov Travel,QDK 268 GP,QDK 268 GP,4,16.12,16.12,"1,784,846,700","1,784,849,520","1,784,846,740","1,784,851,137",NODELAY,0,AUTO,Petrol,false,false,NA,1,2,0
catalyst-Sac,Fairview Commons,CAB,"July 28, 2026",20:30,"1,554,363",LOGOUT,true,Arjun Mikhailov Travel,UPI 196 GP,UPI 196 GP,4,20.45,20.4,"1,785,271,500","1,785,275,220","1,785,271,058","1,785,279,140",NODELAY,0,AUTO,Petrol,false,false,NA,2,3,0
catalyst-Sac,Redwood City Center,CAB,"July 28, 2026",19:00,"1,554,096",LOGOUT,false,Amit Mikhailov Travel,IAE 722 GP,IAE 722 GP,4,35.18,35.23,"1,785,266,100","1,785,272,460","1,785,266,082","1,785,272,506",NODELAY,0,AUTO,Petrol,false,false,NA,1,1,0
pinnacle-Slc,Oakmont Office,CAB,"June 15, 2026",13:30,"3,243,401",LOGIN,false,Rohan Mikhailov Travel,DNG 129 GP,DNG 129 GP,3,13.37,13.55,"1,781,527,680","1,781,529,900","1,781,528,369","1,781,530,606",NODELAY,0,AUTO,Diesel,false,false,NA,1,1,0
pinnacle-Slc,Willow Bend Campus,CAB,"June 16, 2026",08:30,"3,249,587",LOGIN,false,Rohan Mikhailov Travel,HKB 692 GP,HKB 692 GP,3,12.99,13.03,"1,781,594,640","1,781,598,300","1,781,595,009","1,781,598,531",NODELAY,0,AUTO,Diesel,false,false,NODAL,3,3,0
pinnacle-Slc,Clearwater Campus,CAB,"June 12, 2026",19:30,"3,238,554",LOGOUT,false,Karan Mikhailov Travel,RVS 923 GP,RVS 923 GP,3,17.37,17.16,"1,781,292,600","1,781,295,660","1,781,291,447","1,781,295,384",NODELAY,0,AUTO,Diesel,false,false,HOME,2,2,0
pinnacle-Slc,Clearwater Campus,CAB,"June 12, 2026",18:30,"3,238,300",LOGOUT,false,Karan Mikhailov Travel,OQO 004 GP,OQO 004 GP,3,14.45,15.51,"1,781,289,000","1,781,291,940","1,781,290,439","1,781,295,760",EMPLOYEE,11,AUTO,Diesel,false,false,HOME,1,1,0
pinnacle-Slc,Clearwater Campus,CAB,"June 9, 2026",15:30,"3,216,085",LOGOUT,false,Rohan Mikhailov Travel,RXR 408 GP,RXR 408 GP,3,10.15,11.6,"1,781,019,000","1,781,021,520","1,781,020,008","1,781,023,630",DRIVER,1,AUTO,Diesel,false,false,NODAL,4,3,0
pinnacle-Slc,Willow Bend Campus,CAB,"June 10, 2026",08:30,"3,219,693",LOGIN,false,Amit Mikhailov Travel,RCR 404 GP,RCR 404 GP,3,10.35,8.4,"1,781,077,920","1,781,079,900","1,781,078,616","1,781,080,258",NODELAY,0,AUTO,Diesel,false,false,HOME,1,1,0
vanta-Sea,Denver Office,BUS,"June 24, 2026",09:00,"4,978,965",LOGIN,false,Isha Mikhailov Travel,NXN 901 GP,NXN 901 GP,3,12.2,13.3,"1,782,288,300","1,782,290,700","1,782,286,635","1,782,292,805",EMPLOYEE,20,MANUAL,Electric,false,false,HOME,1,1,0
pinnacle-Slc,Clearwater Campus,CAB,"June 15, 2026",15:30,"3,246,550",LOGOUT,false,Rahul Morozov Travel,XQH 244 GP,XQH 244 GP,3,8.33,11.4,"1,781,537,400","1,781,541,360","1,781,537,280","1,781,540,431",NODELAY,0,AUTO,Diesel,false,false,NA,4,3,0
pinnacle-Slc,Oakmont Office,CAB,"June 15, 2026",08:30,"3,242,934",LOGIN,false,Rohan Mikhailov Travel,OVI 690 GP,OVI 690 GP,3,17.78,16.7,"1,781,508,060","1,781,511,900","1,781,508,247","1,781,512,211",NODELAY,0,AUTO,Diesel,false,false,HOME,3,3,0
vanta-Sea,Denver Office,CAB,"June 24, 2026",17:16,"4,981,084",LOGOUT,false,Priya Mikhailov Travel,USF 018 GP,USF 018 GP,3,26.69,26,"1,782,322,260","1,782,324,480","1,782,321,327","1,782,327,983",NODELAY,0,AUTO,Electric,false,false,NA,2,1,1
vanta-Sea,Denver Office,CAB,"June 25, 2026",10:00,"4,983,402",LOGIN,false,Isha Mikhailov Travel,XJG 500 GP,XJG 500 GP,3,7.01,6.7,"1,782,379,380","1,782,380,700","1,782,380,283","1,782,382,530",EMPLOYEE,15,AUTO,Electric,false,false,NODAL,1,1,0
vanta-Sea,Denver Office,CAB,"June 29, 2026",21:16,"4,996,581",LOGOUT,true,Sanjay Mikhailov Travel,ZLK 335 GP,ZLK 335 GP,5,15.81,21.6,"1,782,768,660","1,782,770,520","1,782,767,669","1,782,772,033",NODELAY,0,AUTO,Petrol,false,false,NA,4,5,1
pinnacle-Slc,Clearwater Campus,CAB,"June 18, 2026",14:30,"3,270,316",LOGOUT,false,Rahul Mikhailov Travel,ETL 876 GP,ETL 876 GP,3,20.34,22.77,"1,781,793,000","1,781,795,640","1,781,792,979","1,781,797,296",NODELAY,0,AUTO,Diesel,false,false,NA,3,2,0
vanta-Sea,Denver Office,CAB,"July 16, 2026",08:00,"5,050,936",LOGIN,false,Anjali Mikhailov Travel,EQM 376 GP,EQM 376 GP,3,33.27,33.1,"1,784,184,660","1,784,187,900","1,784,184,804","1,784,189,390",TRAFFIC,9,AUTO,Petrol,false,false,HOME,2,2,0
vanta-Sea,Denver Office,CAB,"July 17, 2026",20:16,"5,058,179",LOGOUT,true,Aarav Petrov Travel,EVI 428 GP,EVI 428 GP,3,21.25,23.9,"1,784,320,260","1,784,322,120","1,784,319,656","1,784,325,481",NODELAY,0,AUTO,Petrol,false,false,HOME,2,3,0
vanta-Sea,Denver Office,CAB,"July 21, 2026",21:16,"5,067,915",LOGOUT,false,Rohan Mikhailov Travel,OXH 473 GP,OXH 473 GP,12,7.76,9.5,"1,784,669,460","1,784,670,600","1,784,668,726","1,784,671,413",NODELAY,0,AUTO,Petrol,false,false,HOME,3,3,0
vanta-Sea,Denver Office,CAB,"July 23, 2026",22:16,"5,077,034",LOGOUT,false,Anjali Mikhailov Travel,QWT 219 GP,QWT 219 GP,5,24.39,26.2,"1,784,845,860","1,784,849,160","1,784,844,873","1,784,848,881",NODELAY,0,AUTO,Petrol,false,false,HOME,3,3,0
vanta-Sea,Denver Office,CAB,"July 25, 2026",11:00,"5,081,778",LOGIN,false,Anjali Mikhailov Travel,WFG 241 GP,WFG 241 GP,5,21.56,21,"1,784,971,680","1,784,976,300","1,784,971,816","1,784,975,403",NODELAY,0,AUTO,Petrol,false,false,HOME,2,2,0
vanta-Sea,Denver Office,BUS,"July 20, 2026",11:00,"5,061,610",LOGIN,false,Priya Mikhailov Travel,PEP 263 GP,PEP 263 GP,3,22.1,28.8,"1,784,539,920","1,784,544,300","1,784,538,336","1,784,545,277",TRAFFIC,1,MANUAL,Petrol,false,false,HOME,3,3,0
vanta-Sea,Denver Office,SPOT_2.0,"July 23, 2026",Non Shift,"5,074,052",LOGIN,false,Meera Lebedev Travel,OQP 895 GP,OQP 895 GP,5,0,8.1,"1,784,801,700","1,784,803,170","1,784,801,009","1,784,802,930",NODELAY,0,RENTLZ,Petrol,false,false,NA,1,1,0
vanta-Sea,Denver Office,CAB,"July 23, 2026",20:16,"5,076,281",LOGOUT,false,Priya Mikhailov Travel,HCZ 547 GP,HCZ 547 GP,12,15.48,13,"1,784,838,660","1,784,840,700","1,784,837,779","1,784,842,244",NODELAY,0,AUTO,Petrol,false,false,HOME,3,3,0
vanta-Sea,Denver Office,BUS,"July 27, 2026",13:00,"5,085,870",LOGIN,false,Isha Mikhailov Travel,PCU 063 GP,PCU 063 GP,3,28.05,27.8,"1,785,151,740","1,785,156,300","1,785,150,690","1,785,156,479",NODELAY,0,MANUAL,Petrol,false,false,HOME,2,2,0
vanta-Sea,Denver Office,BUS,"July 30, 2026",17:30,"5,100,195",LOGOUT,false,Isha Mikhailov Travel,RBU 936 GP,RBU 936 GP,5,3.07,2.4,"1,785,432,600","1,785,434,580","1,785,432,729","1,785,434,020",NODELAY,0,MANUAL,Petrol,false,false,NODAL,4,5,0
vanta-Sea,Denver Office,CAB,"July 24, 2026",22:16,"5,081,184",LOGOUT,false,Isha Mikhailov Travel,TGQ 422 GP,TGQ 422 GP,5,20.9,22.2,"1,784,932,260","1,784,934,780","1,784,931,427","1,784,936,283",NODELAY,0,AUTO,Petrol,false,false,HOME,4,3,1
vanta-Sea,Denver Office,CAB,"July 21, 2026",17:16,"5,067,012",LOGOUT,false,Aarav Mikhailov Travel,SEW 948 GP,SEW 948 GP,5,20.2,19.5,"1,784,655,060","1,784,658,780","1,784,653,994","1,784,659,948",NODELAY,0,AUTO,Petrol,false,false,HOME,3,3,0
pinnacle-Slc,Clearwater Campus,CAB,"July 2, 2026",12:30,"3,335,740",LOGIN,false,Rohan Mikhailov Travel,WUY 615 GP,WUY 615 GP,3,13.68,13.27,"1,782,992,760","1,782,995,100","1,782,993,450","1,782,995,888",NODELAY,0,AUTO,Diesel,false,false,NA,1,1,0
pinnacle-Slc,Willow Bend Campus,CAB,"July 3, 2026",13:30,"3,344,484",LOGIN,false,Amit Volkov Travel,YZQ 565 GP,YZQ 565 GP,3,10.64,10.4,"1,783,083,000","1,783,085,100","1,783,082,672","1,783,084,430",NODELAY,0,AUTO,Diesel,false,false,NA,1,1,0
pinnacle-Slc,Clearwater Campus,CAB,"July 2, 2026",16:00,"3,338,497",LOGOUT,false,Karan Mikhailov Travel,KVP 706 GP,KVP 706 GP,3,13.08,13.31,"1,783,008,000","1,783,010,640","1,783,008,966","1,783,012,025",DRIVER,2,AUTO,Diesel,false,false,NA,1,1,0
pinnacle-Slc,Willow Bend Campus,CAB,"June 24, 2026",14:00,"3,295,081",LOGIN,false,Pooja Mikhailov Travel,TBO 292 GP,TBO 292 GP,3,3.08,3.7,"1,782,307,800","1,782,309,300","1,782,308,581","1,782,309,400",NODELAY,0,AUTO,Diesel,false,false,HOME,2,1,0
pinnacle-Slc,Willow Bend Campus,CAB,"June 26, 2026",09:00,"3,308,376",LOGIN,false,Pooja Mikhailov Travel,TDF 756 GP,TDF 756 GP,3,7.87,9.55,"1,782,461,640","1,782,464,100","1,782,462,379","1,782,464,169",NODELAY,0,AUTO,Diesel,false,false,HOME,3,1,0
pinnacle-Slc,Oakmont Office,CAB,"June 30, 2026",14:30,"3,325,493",LOGOUT,false,Divya Sokolov Travel,XAF 268 GP,XAF 268 GP,3,7.76,8.63,"1,782,829,800","1,782,831,360","1,782,829,610","1,782,832,307",NODELAY,0,AUTO,Diesel,false,false,NA,1,1,0
vanta-Sea,Denver Office,CAB,"May 12, 2026",22:16,"4,844,666",LOGOUT,false,Aarav Mikhailov Travel,TKT 482 GP,TKT 482 GP,3,18,17.2,"1,778,625,060","1,778,627,580","1,778,624,002","1,778,628,048",NODELAY,0,AUTO,Petrol,false,false,NA,3,3,0
vanta-Sea,Denver Office,CAB,"May 13, 2026",07:00,"4,845,205",LOGIN,true,Aarav Mikhailov Travel,HNG 976 GP,HNG 976 GP,3,19.22,17.4,"1,778,652,000","1,778,654,700","1,778,651,788","1,778,654,510",NODELAY,0,AUTO,Petrol,false,false,HOME,2,3,0
vanta-Sea,Denver Office,BUS,"May 7, 2026",09:00,"4,828,110",LOGIN,false,Priya Mikhailov Travel,KWK 791 GP,KWK 791 GP,5,22.62,28.1,"1,778,139,480","1,778,143,500","1,778,137,700","1,778,144,073",NODELAY,0,MANUAL,Electric,false,false,NODAL,3,2,1
vanta-Sea,Denver Office,CAB,"May 14, 2026",22:16,"4,852,328",LOGOUT,false,Aarav Petrov Travel,IJY 693 GP,IJY 693 GP,3,10.18,9.3,"1,778,797,860","1,778,798,700","1,778,797,080","1,778,799,076",NODELAY,0,AUTO,Electric,false,false,NA,2,1,1
vanta-Sea,Denver Office,CAB,"May 15, 2026",19:16,"4,855,218",LOGOUT,false,Aarav Petrov Travel,KUS 032 GP,KUS 032 GP,3,25.44,25.1,"1,778,873,460","1,778,876,280","1,778,872,220","1,778,878,953",NODELAY,0,AUTO,Petrol,false,false,NA,2,2,0
vanta-Sea,Denver Office,CAB,"May 13, 2026",23:16,"4,848,741",LOGOUT,true,Aarav Mikhailov Travel,XFH 648 GP,XFH 648 GP,3,11.19,10.5,"1,778,715,060","1,778,716,260","1,778,713,927","1,778,716,240",NODELAY,0,AUTO,Electric,false,false,NA,3,3,1
vanta-Sea,Denver Office,CAB,"May 18, 2026",08:00,"4,858,154",LOGIN,false,Aarav Petrov Travel,BTG 330 GP,BTG 330 GP,3,28.47,26.8,"1,779,086,280","1,779,090,300","1,779,086,912","1,779,090,486",NODELAY,0,AUTO,Petrol,false,false,NA,2,1,1
vanta-Sea,Denver Office,CAB,"May 12, 2026",18:16,"4,843,493",LOGOUT,true,Priya Mikhailov Travel,LTU 840 GP,LTU 840 GP,5,29.84,29.7,"1,778,610,660","1,778,613,960","1,778,609,720","1,778,614,161",NODELAY,0,AUTO,Petrol,false,false,NA,4,5,0
vanta-Sea,Denver Office,BUS,"May 18, 2026",16:16,"4,860,033",LOGOUT,false,Isha Mikhailov Travel,DKU 499 GP,DKU 499 GP,12,9.67,9.1,"1,779,120,960","1,779,121,500","1,779,120,381","1,779,123,627",NODELAY,0,MANUAL,Petrol,false,false,NA,3,2,1
vanta-Sea,Denver Office,CAB,"May 17, 2026",16:16,"4,857,680",LOGOUT,false,Sanjay Mikhailov Travel,LXB 751 GP,LXB 751 GP,3,23.48,25.6,"1,779,035,460","1,779,038,280","1,779,033,894","1,779,038,332",NODELAY,0,AUTO,Petrol,false,false,NA,1,1,0
vanta-Sea,Denver Office,CAB,"May 18, 2026",Non Shift,"4,861,903",LOGOUT,true,Isha Mikhailov Travel,IVI 922 GP,IVI 922 GP,3,6.86,6.6,"1,779,147,060","1,779,150,660","1,779,147,167","1,779,148,243",NODELAY,0,AUTO,Petrol,false,false,NA,1,3,0
vanta-Sea,Denver Office,CAB,"May 19, 2026",08:00,"4,862,146",LOGIN,false,Priya Mikhailov Travel,MVJ 379 GP,MVJ 379 GP,3,17.76,15.4,"1,779,175,020","1,779,176,700","1,779,175,378","1,779,177,623",NODELAY,0,AUTO,Petrol,false,false,NA,1,1,0
vanta-Sea,Denver Office,CAB,"May 24, 2026",06:16,"4,878,669",LOGOUT,false,Sanjay Mikhailov Travel,VTX 760 GP,VTX 760 GP,3,6.29,6.2,"1,779,604,260","1,779,604,860","1,779,602,880","1,779,604,014",NODELAY,0,AUTO,Petrol,false,false,NA,1,1,0
vanta-Sea,Denver Office,CAB,"May 25, 2026",20:16,"4,882,233",LOGOUT,false,Rohan Mikhailov Travel,OXH 473 GP,OXH 473 GP,12,13.87,11.3,"1,779,741,060","1,779,741,660","1,779,739,849","1,779,743,788",NODELAY,0,AUTO,Petrol,false,false,NA,6,5,1
vanta-Sea,Denver Office,BUS,"May 21, 2026",16:16,"4,872,007",LOGOUT,false,Sanjay Mikhailov Travel,GIL 326 GP,GIL 326 GP,3,28.87,28.9,"1,779,380,160","1,779,380,520","1,779,379,663","1,779,386,601",NODELAY,0,MANUAL,Electric,false,false,NA,2,2,0
vanta-Sea,Denver Office,CAB,"May 20, 2026",21:16,"4,869,222",LOGOUT,true,Priya Mikhailov Travel,MOG 493 GP,MOG 493 GP,3,21.33,20.7,"1,779,312,660","1,779,314,940","1,779,311,582","1,779,316,501",NODELAY,0,AUTO,Petrol,false,false,NA,2,3,0
pinnacle-Slc,Clearwater Campus,CAB,"July 1, 2026",13:30,"3,329,239",LOGOUT,false,Karan Mikhailov Travel,UYR 364 GP,UYR 364 GP,3,7.39,7.12,"1,782,912,600","1,782,914,400","1,782,912,206","1,782,913,898",NODELAY,0,AUTO,Diesel,false,false,NA,3,1,0
pinnacle-Slc,Clearwater Campus,CAB,"July 2, 2026",15:00,"3,338,024",LOGOUT,false,Aarav Mikhailov Travel,FQC 757 GP,FQC 757 GP,3,28.31,27.05,"1,783,004,400","1,783,008,420","1,783,004,448","1,783,009,778",NODELAY,0,AUTO,Diesel,false,false,NA,2,2,0
pinnacle-Slc,Oakmont Office,CAB,"July 3, 2026",09:30,"3,343,955",LOGIN,false,Amit Volkov Travel,DWP 975 GP,DWP 975 GP,3,6.82,5.6,"1,783,068,360","1,783,070,700","1,783,069,593","1,783,071,213",NODELAY,0,AUTO,Diesel,false,false,HOME,2,1,0
pinnacle-Slc,Willow Bend Campus,CAB,"July 6, 2026",08:30,"3,350,322",LOGIN,false,Karan Mikhailov Travel,KVP 706 GP,KVP 706 GP,3,6.28,5.7,"1,783,324,560","1,783,326,300","1,783,324,941","1,783,326,273",NODELAY,0,AUTO,Diesel,false,false,NODAL,3,3,0
pinnacle-Slc,Willow Bend Campus,CAB,"July 8, 2026",07:30,"3,363,769",LOGIN,false,Amit Mikhailov Travel,ERI 337 GP,ERI 337 GP,3,14.71,14.3,"1,783,492,920","1,783,495,500","1,783,493,450","1,783,495,879",NODELAY,0,AUTO,Diesel,false,false,HOME,1,1,0
pinnacle-Slc,Clearwater Campus,CAB,"July 6, 2026",13:30,"3,353,769",LOGOUT,false,Rahul Morozov Travel,EQS 489 GP,EQS 489 GP,3,23.2,25.54,"1,783,344,600","1,783,348,500","1,783,344,772","1,783,348,989",NODELAY,0,AUTO,Diesel,false,false,NA,2,2,0
pinnacle-Slc,Clearwater Campus,CAB,"July 7, 2026",09:00,"3,355,718",LOGIN,false,Amit Volkov Travel,VTZ 209 GP,VTZ 209 GP,3,6.45,6.53,"1,783,411,500","1,783,414,500","1,783,411,771","1,783,416,252",EMPLOYEE,9,AUTO,Diesel,false,false,HOME,4,3,0
pinnacle-Slc,Clearwater Campus,CAB,"July 9, 2026",15:30,"3,373,660",LOGOUT,false,Amit Volkov Travel,IIJ 017 GP,IIJ 017 GP,3,10.15,11.05,"1,783,611,000","1,783,613,400","1,783,612,174","1,783,614,803",DRIVER,6,AUTO,Diesel,false,false,NA,2,1,0
pinnacle-Slc,Willow Bend Campus,CAB,"July 8, 2026",Non Shift,"3,369,268",LOGOUT,false,Rahul Orlov Travel,RDH 974 GP,RDH 974 GP,3,9.43,10,"1,783,519,200","1,783,522,800","1,783,520,305","1,783,523,662",DRIVER,4,AUTO,Diesel,false,false,NA,1,1,0
pinnacle-Slc,Clearwater Campus,CAB,"July 13, 2026",07:30,"3,385,712",LOGIN,false,Karan Mikhailov Travel,HPC 008 GP,HPC 008 GP,3,19.79,19.5,"1,783,923,840","1,783,927,500","1,783,924,056","1,783,927,449",NODELAY,0,AUTO,Diesel,false,false,NA,2,2,0
pinnacle-Slc,Willow Bend Campus,CAB,"July 15, 2026",16:30,"3,399,232",LOGOUT,false,Rahul Mikhailov Travel,AZQ 081 GP,AZQ 081 GP,3,5.48,5.3,"1,784,133,000","1,784,134,320","1,784,133,016","1,784,135,134",NODELAY,0,AUTO,Diesel,false,false,NA,2,2,0
pinnacle-Slc,Clearwater Campus,CAB,"July 9, 2026",08:30,"3,368,196",LOGIN,false,Karan Mikhailov Travel,FDL 980 GP,FDL 980 GP,3,25.65,25.3,"1,783,582,260","1,783,585,500","1,783,582,203","1,783,585,838",NODELAY,0,AUTO,Diesel,false,false,HOME,3,3,0
vanta-Sea,Denver Office,CAB,"June 28, 2026",06:16,"4,992,446",LOGOUT,false,Aarav Petrov Travel,OVZ 644 GP,OVZ 644 GP,3,27.11,27.4,"1,782,628,260","1,782,630,300","1,782,626,973","1,782,629,593",NODELAY,0,AUTO,Petrol,false,false,NA,1,1,0
vanta-Sea,Denver Office,BUS,"June 18, 2026",10:00,"4,958,880",LOGIN,false,Sanjay Mikhailov Travel,AMO 550 GP,AMO 550 GP,3,27.06,30,"1,781,770,740","1,781,775,900","1,781,769,683","1,781,777,295",TRAFFIC,8,MANUAL,Petrol,false,false,HOME,2,1,1
pinnacle-Slc,Clearwater Campus,CAB,"June 23, 2026",13:30,"3,287,355",LOGIN,false,Karan Mikhailov Travel,GNW 274 GP,GNW 274 GP,3,13.68,13.83,"1,782,218,340","1,782,221,100","1,782,218,718","1,782,220,441",NODELAY,0,AUTO,Diesel,false,false,HOME,1,1,0
pinnacle-Slc,Clearwater Campus,CAB,"June 23, 2026",14:30,"3,289,449",LOGOUT,false,Amit Mikhailov Travel,FXE 483 GP,FXE 483 GP,3,16.14,21.5,"1,782,225,000","1,782,227,640","1,782,225,106","1,782,227,673",NODELAY,0,AUTO,Diesel,false,false,NA,3,2,0
pinnacle-Slc,Clearwater Campus,CAB,"June 22, 2026",08:30,"3,283,204",LOGIN,false,Rohan Mikhailov Travel,XVG 739 GP,XVG 739 GP,3,3.68,3.8,"1,782,115,260","1,782,116,700","1,782,115,431","1,782,117,274",NODELAY,0,AUTO,Diesel,false,false,NA,3,2,0
pinnacle-Slc,Clearwater Campus,CAB,"June 11, 2026",07:30,"3,224,788",LOGIN,false,Amit Mikhailov Travel,YJP 771 GP,YJP 771 GP,3,3.96,3.4,"1,781,162,040","1,781,162,700","1,781,162,424","1,781,162,770",NODELAY,0,AUTO,Diesel,false,false,NA,1,1,0
pinnacle-Slc,Clearwater Campus,CAB,"June 25, 2026",16:30,"3,303,866",LOGOUT,false,Divya Kozlov Travel,DXF 525 GP,DXF 525 GP,3,7.08,6.9,"1,782,405,000","1,782,405,900","1,782,405,375","1,782,406,905",NODELAY,0,AUTO,Diesel,false,false,HOME,3,3,0
pinnacle-Slc,Willow Bend Campus,CAB,"June 30, 2026",08:30,"3,323,481",LOGIN,false,Amit Mikhailov Travel,VUC 541 GP,VUC 541 GP,3,22.08,22.66,"1,782,803,280","1,782,807,900","1,782,804,093","1,782,809,719",EMPLOYEE,10,AUTO,Diesel,false,false,HOME,3,3,0
pinnacle-Slc,Oakmont Office,CAB,"June 25, 2026",21:00,"3,302,294",LOGIN,true,Aarav Mikhailov Travel,OWE 856 GP,OWE 856 GP,3,2.16,2.2,"1,782,420,180","1,782,420,900","1,782,418,505","1,782,420,675",NODELAY,0,AUTO,Diesel,false,false,HOME,2,2,0
pinnacle-Slc,Clearwater Campus,CAB,"June 26, 2026",08:30,"3,307,235",LOGIN,false,Amit Mikhailov Travel,TYG 994 GP,TYG 994 GP,3,19.58,18.3,"1,782,459,180","1,782,462,300","1,782,459,929","1,782,462,588",NODELAY,0,AUTO,Diesel,false,false,NA,3,1,1
pinnacle-Slc,Willow Bend Campus,CAB,"May 21, 2026",15:00,"3,137,984",LOGOUT,false,Amit Mikhailov Travel,BGI 590 GP,BGI 590 GP,3,3.58,5.6,"1,779,375,600","1,779,376,380","1,779,376,342","1,779,377,607",NODELAY,0,AUTO,Diesel,false,false,HOME,2,1,0
pinnacle-Slc,Oakmont Office,CAB,"May 21, 2026",18:00,"3,136,999",LOGIN,false,Amit Mikhailov Travel,ZIB 274 GP,ZIB 274 GP,3,32.9,32.6,"1,779,379,200","1,779,386,100","1,779,379,602","1,779,385,684",NODELAY,0,AUTO,Diesel,false,false,HOME,1,1,0
pinnacle-Slc,Willow Bend Campus,CAB,"May 22, 2026",Non Shift,"3,147,328",LOGOUT,false,Karan Mikhailov Travel,ZXG 996 GP,ZXG 996 GP,3,26.52,28.13,"1,779,474,600","1,779,478,200","1,779,474,440","1,779,480,146",NODELAY,0,AUTO,Diesel,false,false,NA,1,1,0
pinnacle-Slc,Oakmont Office,CAB,"May 29, 2026",03:00,"3,169,379",LOGOUT,false,Rohan Mikhailov Travel,BTJ 301 GP,BTJ 301 GP,3,6.45,6.5,"1,780,023,600","1,780,024,380","1,780,024,535","1,780,025,413",EMPLOYEE,1,AUTO,Diesel,true,false,HOME,1,1,0
pinnacle-Slc,Oakmont Office,CAB,"July 24, 2026",15:30,"3,444,285",LOGOUT,false,Rohan Mikhailov Travel,RGL 627 GP,RGL 627 GP,3,7.79,10.43,"1,784,907,000","1,784,909,280","1,784,907,391","1,784,909,653",NODELAY,0,AUTO,Diesel,false,false,NA,1,1,0
pinnacle-Slc,Northgate Campus,BUS,"July 27, 2026",15:30,"3,455,106",LOGOUT,false,Sanjay Mikhailov Travel,POR 146 GP,POR 146 GP,12,8.42,8.4,"1,785,166,200","1,785,167,340","1,785,164,490","1,785,168,116",NODELAY,0,SHUTTLE_SERVICE,Diesel,false,false,HOME,6,6,0
pinnacle-Slc,Oakmont Office,CAB,"July 28, 2026",07:30,"3,457,504",LOGIN,false,Rahul Orlov Travel,AVB 617 GP,AVB 617 GP,3,37.39,36.5,"1,785,219,420","1,785,223,500","1,785,219,944","1,785,223,229",NODELAY,0,AUTO,Diesel,false,false,NODAL,1,1,0
pinnacle-Slc,Oakmont Office,CAB,"July 27, 2026",18:00,"3,449,959",LOGIN,false,Rohan Mikhailov Travel,YIE 830 GP,YIE 830 GP,3,5.67,7.76,"1,785,171,000","1,785,174,900","1,785,171,557","1,785,174,122",NODELAY,0,AUTO,Diesel,false,false,HOME,1,1,0
pinnacle-Slc,Clearwater Campus,CAB,"July 29, 2026",14:30,"3,468,349",LOGOUT,false,Aarav Mikhailov Travel,OJX 461 GP,OJX 461 GP,3,15.94,16.3,"1,785,335,400","1,785,336,780","1,785,335,031","1,785,340,057",NODELAY,0,AUTO,Diesel,false,false,HOME,3,3,0
pinnacle-Slc,Clearwater Campus,CAB,"July 29, 2026",15:00,"3,468,595",LOGOUT,false,Rohan Mikhailov Travel,MWH 729 GP,MWH 729 GP,3,8.55,10.4,"1,785,337,200","1,785,338,760","1,785,337,159","1,785,339,968",NODELAY,0,AUTO,Diesel,false,false,HOME,3,3,0
pinnacle-Slc,Clearwater Campus,CAB,"July 29, 2026",09:00,"3,464,173",LOGIN,false,Karan Mikhailov Travel,RTT 961 GP,RTT 961 GP,3,11.06,10.35,"1,785,312,420","1,785,315,300","1,785,312,905","1,785,315,276",NODELAY,0,AUTO,Diesel,false,false,NA,3,3,0
pinnacle-Slc,Willow Bend Campus,CAB,"July 31, 2026",08:30,"3,479,020",LOGIN,false,Arjun Mikhailov Travel,SDV 933 GP,SDV 933 GP,3,11.84,12.15,"1,785,483,720","1,785,486,300","1,785,484,227","1,785,486,534",NODELAY,0,AUTO,Diesel,false,false,NA,3,2,0
catalyst-Sac,Crestwood Campus,CAB,"June 11, 2026",02:30,"1,490,242",LOGOUT,false,Vikram Mikhailov Travel,JHO 604 GP,JHO 604 GP,4,22.27,22.08,"1,781,145,900","1,781,146,620","1,781,145,310","1,781,148,586",NODELAY,0,AUTO,Petrol,false,false,HOME,2,2,0
vanta-Aus,Cedar Ridge Office,CAB,"June 29, 2026",12:00,"1,199,942",LOGIN,false,Anjali Mikhailov Travel,NTC 299 GP,NTC 299 GP,3,23.88,25.7,"1,782,728,940","1,782,733,500","1,782,729,106","1,782,733,788",NODELAY,0,AUTO,Diesel,false,false,HOME,1,1,0
vanta-Aus,Cedar Ridge Office,CAB,"June 11, 2026",20:15,"1,168,847",LOGOUT,false,Anjali Mikhailov Travel,KFL 890 GP,KFL 890 GP,5,28.85,38.3,"1,781,209,800","1,781,214,300","1,781,208,885","1,781,214,087",NODELAY,0,AUTO,Diesel,false,false,NA,3,2,1
vanta-Aus,Cedar Ridge Office,CAB,"June 30, 2026",19:15,"1,203,346",LOGOUT,false,Sanjay Mikhailov Travel,PLC 575 GP,PLC 575 GP,5,5.82,5.5,"1,782,847,800","1,782,848,340","1,782,846,792","1,782,848,433",NODELAY,0,AUTO,Diesel,false,false,NA,5,3,2
vanta-Aus,Cedar Ridge Office,CAB,"June 26, 2026",11:00,"1,195,511",LOGIN,false,Sneha Mikhailov Travel,LRZ 922 GP,LRZ 922 GP,3,21.82,21.8,"1,782,465,900","1,782,470,700","1,782,466,704","1,782,469,702",NODELAY,0,AUTO,Diesel,false,false,NA,2,1,1
vanta-Aus,Cedar Ridge Office,CAB,"June 17, 2026",15:15,"1,178,862",LOGOUT,false,Sanjay Mikhailov Travel,PNX 523 GP,PNX 523 GP,3,15.99,16.5,"1,781,710,200","1,781,713,740","1,781,708,844","1,781,712,304",NODELAY,0,AUTO,Diesel,false,false,HOME,3,3,0
orbit-Slc,Lakeside Commons,BUS,"June 16, 2026",15:30,"1,282,346",LOGOUT,false,Rahul Mikhailov Travel,ULA 904 GP,ULA 904 GP,6,18.83,19.6,"1,781,624,700","1,781,627,100","1,781,624,376","1,781,629,290",NODELAY,0,MANUAL,Diesel,false,false,NODAL,4,4,0
vanta-Sea,Denver Office,CAB,"June 4, 2026",07:00,"4,912,230",LOGIN,true,Anjali Mikhailov Travel,AHO 460 GP,AHO 460 GP,3,15.42,15.3,"1,780,554,000","1,780,555,500","1,780,554,173","1,780,555,972",NODELAY,0,AUTO,Petrol,false,false,NA,2,3,0
catalyst-Sac,Santa Clara Office,CAB,"June 30, 2026",04:00,"1,515,475",LOGOUT,true,Vikram Mikhailov Travel,NPA 667 GP,NPA 667 GP,4,11.77,12.39,"1,782,792,900","1,782,793,920","1,782,792,919","1,782,795,984",NODELAY,0,AUTO,Petrol,false,false,NA,3,4,0
catalyst-Sac,Santa Clara Office,CAB,"June 23, 2026",20:30,"1,506,471",LOGOUT,true,Vikram Mikhailov Travel,GNN 572 GP,GNN 572 GP,4,42.35,42.3,"1,782,247,500","1,782,253,140","1,782,247,935","1,782,259,879",NODELAY,0,AUTO,Petrol,false,false,HOME,3,4,0
catalyst-Sac,Santa Clara Office,CAB,"June 29, 2026",20:30,"1,514,234",LOGOUT,false,Vikram Mikhailov Travel,HIP 775 GP,HIP 775 GP,4,22.95,22.02,"1,782,765,900","1,782,766,980","1,782,765,954","1,782,770,661",NODELAY,0,AUTO,Petrol,false,false,HOME,4,4,0
vanta-Sea,Denver Office,BUS,"June 4, 2026",12:00,"4,913,854",LOGIN,false,Sanjay Mikhailov Travel,PHS 741 GP,PHS 741 GP,5,12.86,11.7,"1,780,571,820","1,780,573,500","1,780,570,312","1,780,574,033",NODELAY,0,MANUAL,Petrol,false,false,NODAL,5,5,0
vanta-Sea,Denver Office,BUS,"May 20, 2026",11:00,"4,866,417",LOGIN,false,Priya Mikhailov Travel,PZL 304 GP,PZL 304 GP,12,6.73,8,"1,779,271,500","1,779,273,900","1,779,270,023","1,779,274,061",NODELAY,0,MANUAL,Petrol,false,false,HOME,12,9,3
vanta-Sea,Denver Office,CAB,"May 29, 2026",21:16,"4,898,000",LOGOUT,true,Sanjay Mikhailov Travel,QGC 141 GP,QGC 141 GP,12,10.93,10.9,"1,780,090,260","1,780,091,280","1,780,089,156","1,780,092,525",NODELAY,0,AUTO,Petrol,false,false,NA,4,5,0
vanta-Sea,Denver Office,BUS,"May 26, 2026",13:00,"4,884,062",LOGIN,false,Priya Mikhailov Travel,UHC 742 GP,UHC 742 GP,5,14.14,12.5,"1,779,797,520","1,779,799,500","1,779,796,664","1,779,800,497",TRAFFIC,1,MANUAL,Petrol,false,false,NA,4,4,0
vanta-Sea,Denver Office,CAB,"May 28, 2026",21:16,"4,893,995",LOGOUT,false,Aarav Mikhailov Travel,GMK 615 GP,GMK 615 GP,3,36.75,37.1,"1,780,003,860","1,780,007,580","1,780,003,241","1,780,007,628",NODELAY,0,AUTO,Electric,false,false,NA,1,1,0
pinnacle-Slc,Clearwater Campus,CAB,"May 8, 2026",17:30,"3,082,269",LOGOUT,false,Sanjay Mikhailov Travel,RRS 609 GP,RRS 609 GP,3,14.38,15.26,"1,778,261,400","1,778,263,680","1,778,261,661","1,778,264,693",NODELAY,0,AUTO,Diesel,false,false,HOME,1,1,0
pinnacle-Slc,Oakmont Office,CAB,"May 11, 2026",20:30,"3,087,283",LOGOUT,false,Rahul Mikhailov Travel,GUT 097 GP,GUT 097 GP,3,10.16,10,"1,778,531,400","1,778,532,480","1,778,531,480","1,778,533,548",NODELAY,0,AUTO,Diesel,false,false,HOME,2,2,0
pinnacle-Slc,Willow Bend Campus,CAB,"May 7, 2026",08:30,"3,072,729",LOGIN,false,Rahul Mikhailov Travel,RBW 311 GP,RBW 311 GP,3,5.54,4.73,"1,778,140,560","1,778,142,300","1,778,141,321","1,778,142,943",NODELAY,0,AUTO,Diesel,false,false,NA,3,3,0
catalyst-Sac,Santa Clara Office,CAB,"July 29, 2026",20:30,"1,556,346",LOGOUT,false,Rohan Mikhailov Travel,JXU 601 GP,JXU 601 GP,6,13.66,14,"1,785,357,900","1,785,360,720","1,785,357,864","1,785,361,293",NODELAY,0,AUTO,Petrol,false,false,NA,6,6,0
vanta-Aus,Cedar Ridge Office,CAB,"July 29, 2026",16:15,"1,255,091",LOGOUT,false,Anjali Mikhailov Travel,UHM 659 GP,UHM 659 GP,5,20.59,25,"1,785,342,600","1,785,345,840","1,785,341,632","1,785,348,792",NODELAY,0,AUTO,Diesel,false,false,HOME,1,1,0
vanta-Sea,Denver Office,CAB,"July 7, 2026",18:16,"5,022,636",LOGOUT,false,Sanjay Mikhailov Travel,HJI 980 GP,HJI 980 GP,5,25.85,27.4,"1,783,449,060","1,783,451,340","1,783,447,771","1,783,453,307",NODELAY,0,AUTO,Petrol,false,false,HOME,5,5,0
vanta-Aus,Cedar Ridge Office,CAB,"July 31, 2026",12:00,"1,258,532",LOGIN,false,Meera Pavlov Travel,LJO 740 GP,LJO 740 GP,5,3.77,3.5,"1,785,495,900","1,785,498,300","1,785,496,080","1,785,497,458",NODELAY,0,AUTO,Electric,false,false,NA,5,3,2
vanta-Sea,Denver Office,CAB,"July 8, 2026",23:16,"5,027,787",LOGOUT,false,Aarav Mikhailov Travel,SEW 948 GP,SEW 948 GP,5,17.25,17.1,"1,783,553,460","1,783,555,200","1,783,552,371","1,783,555,557",NODELAY,0,AUTO,Petrol,false,false,HOME,4,4,0
vanta-Sea,Denver Office,CAB,"July 9, 2026",09:00,"5,028,294",LOGIN,false,Priya Mikhailov Travel,AKT 838 GP,AKT 838 GP,3,15.07,14.5,"1,783,585,260","1,783,586,700","1,783,584,199","1,783,587,500",NODELAY,0,AUTO,Petrol,false,false,HOME,1,1,0
vanta-Sea,Denver Office,BUS,"July 10, 2026",11:00,"5,032,614",LOGIN,false,Isha Mikhailov Travel,ELV 858 GP,ELV 858 GP,3,37.08,34.01,"1,783,674,420","1,783,680,300","1,783,674,458","1,783,681,470",TRAFFIC,4,SHUTTLE_SERVICE,Petrol,false,false,HOME,3,3,0
vanta-Sea,Denver Office,BUS,"July 15, 2026",14:00,"5,047,691",LOGIN,false,Aarav Mikhailov Travel,ZMM 330 GP,ZMM 330 GP,12,10.26,9.1,"1,784,121,240","1,784,123,100","1,784,120,193","1,784,123,014",NODELAY,0,MANUAL,Petrol,false,false,HOME,1,1,0
vanta-Sea,Denver Office,BUS,"July 8, 2026",09:00,"5,024,549",LOGIN,false,Isha Mikhailov Travel,CXC 647 GP,CXC 647 GP,5,31.43,18.84,"1,783,495,860","1,783,500,300","1,783,494,070","1,783,499,786",NODELAY,0,SHUTTLE_SERVICE,Petrol,false,false,HOME,4,3,1
vanta-Sea,Denver Office,BUS,"July 10, 2026",14:00,"5,033,039",LOGIN,false,Sanjay Mikhailov Travel,ROL 972 GP,ROL 972 GP,12,22.95,20,"1,783,687,260","1,783,691,100","1,783,687,128","1,783,691,520",NODELAY,0,SHUTTLE_SERVICE,Petrol,false,false,HOME,4,3,1
vanta-Sea,Denver Office,BUS,"July 17, 2026",14:00,"5,056,650",LOGIN,false,Aarav Petrov Travel,JQP 785 GP,JQP 785 GP,3,19.26,19.8,"1,784,292,840","1,784,295,900","1,784,291,516","1,784,295,949",NODELAY,0,MANUAL,Electric,false,false,HOME,3,3,0
vanta-Sea,Denver Office,BUS,"July 16, 2026",16:16,"5,053,193",LOGOUT,false,Priya Mikhailov Travel,ZPW 250 GP,ZPW 250 GP,3,14.03,20,"1,784,218,560","1,784,218,920","1,784,217,776","1,784,226,020",NODELAY,0,MANUAL,Electric,false,false,HOME,1,2,0
vanta-Sea,Denver Office,CAB,"June 5, 2026",13:00,"4,918,038",LOGIN,false,Priya Mikhailov Travel,IZJ 005 GP,IZJ 005 GP,3,10.66,10.6,"1,780,661,640","1,780,663,500","1,780,661,442","1,780,663,256",NODELAY,0,AUTO,Electric,false,false,HOME,1,1,0
vanta-Sea,Denver Office,BUS,"June 8, 2026",14:00,"4,923,732",LOGIN,false,Anjali Mikhailov Travel,OFY 889 GP,OFY 889 GP,5,10.82,12.2,"1,780,925,100","1,780,926,300","1,780,923,648","1,780,926,926",NODELAY,0,MANUAL,Electric,false,false,HOME,1,1,0
vanta-Sea,Denver Office,CAB,"June 12, 2026",19:16,"4,940,984",LOGOUT,true,Aarav Mikhailov Travel,FOU 462 GP,FOU 462 GP,12,7.12,6.4,"1,781,292,660","1,781,293,080","1,781,291,661","1,781,294,587",NODELAY,0,AUTO,Petrol,false,false,NA,6,4,3
catalyst-Sac,Fairview Commons,CAB,"June 30, 2026",20:00,"1,516,172",LOGOUT,false,Arjun Mikhailov Travel,BKT 224 GP,BKT 224 GP,6,10.39,9.88,"1,782,850,500","1,782,851,760","1,782,850,156","1,782,853,559",NODELAY,0,AUTO,Petrol,false,false,NA,5,5,0
vanta-Sea,Denver Office,BUS,"June 12, 2026",11:00,"4,938,873",LOGIN,false,Priya Mikhailov Travel,AEZ 052 GP,AEZ 052 GP,5,5.39,9.2,"1,781,259,300","1,781,261,100","1,781,258,963","1,781,261,114",NODELAY,0,MANUAL,Petrol,false,false,NA,5,4,1
vanta-Sea,Denver Office,CAB,"June 12, 2026",21:16,"4,941,659",LOGOUT,true,Anjali Mikhailov Travel,VAL 435 GP,VAL 435 GP,3,24.85,22.8,"1,781,299,860","1,781,302,800","1,781,299,114","1,781,304,344",NODELAY,0,AUTO,Petrol,false,false,NA,2,3,0
vanta-Sea,Denver Office,BUS,"June 15, 2026",15:00,"4,946,676",LOGIN,false,Priya Mikhailov Travel,SXB 390 GP,SXB 390 GP,5,10.88,11,"1,781,532,600","1,781,534,700","1,781,531,358","1,781,534,183",NODELAY,0,MANUAL,Petrol,false,false,NODAL,1,1,0
vanta-Sea,Denver Office,CAB,"June 15, 2026",20:16,"4,948,096",LOGOUT,true,Anjali Mikhailov Travel,FPX 106 GP,FPX 106 GP,12,5.55,5.1,"1,781,555,460","1,781,555,940","1,781,554,411","1,781,557,392",NODELAY,0,AUTO,Petrol,false,false,NA,5,5,1
vanta-Sea,Denver Office,BUS,"June 16, 2026",16:16,"4,951,909",LOGOUT,false,Priya Mikhailov Travel,DHV 386 GP,DHV 386 GP,3,8.58,10,"1,781,626,560","1,781,627,100","1,781,626,026","1,781,629,756",NODELAY,0,MANUAL,Petrol,false,false,NA,2,2,0
pinnacle-Slc,Willow Bend Campus,CAB,"May 14, 2026",09:00,"3,103,665",LOGIN,false,Amit Mikhailov Travel,GIU 725 GP,GIU 725 GP,3,19.02,18.79,"1,778,744,460","1,778,748,900","1,778,744,989","1,778,749,964",NODELAY,0,AUTO,Diesel,false,false,HOME,3,3,0
pinnacle-Slc,Clearwater Campus,CAB,"May 12, 2026",15:30,"3,094,993",LOGOUT,false,Rahul Orlov Travel,MOQ 121 GP,MOQ 121 GP,3,12.86,14.04,"1,778,599,800","1,778,601,780","1,778,600,410","1,778,604,107",DRIVER,2,AUTO,Diesel,false,false,NODAL,3,3,0
pinnacle-Slc,Clearwater Campus,CAB,"May 8, 2026",15:00,"3,082,023",LOGOUT,false,Amit Mikhailov Travel,QJX 692 GP,QJX 692 GP,3,6.44,7.3,"1,778,252,400","1,778,253,720","1,778,252,562","1,778,254,073",NODELAY,0,AUTO,Diesel,false,false,NODAL,3,1,0
pinnacle-Slc,Clearwater Campus,CAB,"May 25, 2026",17:30,"3,152,344",LOGOUT,false,Pooja Mikhailov Travel,PTX 542 GP,PTX 542 GP,3,27.29,24.46,"1,779,730,200","1,779,733,860","1,779,731,813","1,779,736,811",DRIVER,11,AUTO,Diesel,false,false,NA,1,1,0
pinnacle-Slc,Clearwater Campus,CAB,"May 13, 2026",14:30,"3,101,260",LOGOUT,false,Rohan Mikhailov Travel,VTR 755 GP,VTR 755 GP,3,17.65,15.18,"1,778,682,600","1,778,686,860","1,778,682,250","1,778,684,617",NODELAY,0,AUTO,Diesel,false,false,NA,3,1,0
pinnacle-Slc,Oakmont Office,CAB,"May 16, 2026",04:30,"3,113,964",LOGOUT,true,Sanjay Mikhailov Travel,ITH 731 GP,ITH 731 GP,3,9.98,9.9,"1,778,905,800","1,778,906,940","1,778,906,827","1,778,907,866",EMPLOYEE,3,AUTO,Diesel,false,false,HOME,2,2,0
pinnacle-Slc,Clearwater Campus,CAB,"May 18, 2026",08:30,"3,116,541",LOGIN,false,Rohan Mikhailov Travel,EEV 688 GP,EEV 688 GP,3,24.43,23.71,"1,779,088,500","1,779,092,700","1,779,089,359","1,779,093,154",NODELAY,0,AUTO,Diesel,false,false,HOME,1,1,0
catalyst-Sac,Santa Clara Office,CAB,"July 1, 2026",12:30,"1,516,814",LOGIN,false,Vikram Mikhailov Travel,TEK 410 GP,TEK 410 GP,4,13.69,13.7,"1,782,904,200","1,782,907,200","1,782,903,864","1,782,906,249",NODELAY,0,AUTO,Petrol,false,false,NA,1,1,0
orbit-Slc,Cedar Ridge Office,BUS,"July 1, 2026",11:00,"1,309,626",LOGIN,false,Rahul Mikhailov Travel,ZBL 779 GP,ZBL 779 GP,3,33.27,32.2,"1,782,894,600","1,782,902,700","1,782,895,168","1,782,902,274",NODELAY,0,MANUAL,Diesel,false,false,NODAL,3,3,0
catalyst-Sac,Fairview Commons,CAB,"July 7, 2026",20:00,"1,525,248",LOGOUT,false,Arjun Mikhailov Travel,DTY 174 GP,DTY 174 GP,12,18.26,14,"1,783,455,300","1,783,459,020","1,783,454,760","1,783,461,300",NODELAY,0,AUTO,Petrol,false,false,NA,7,7,1
catalyst-Sac,Santa Clara Office,CAB,"July 6, 2026",20:30,"1,523,049",LOGIN,true,Divya Mikhailov Travel,FGG 529 GP,FGG 529 GP,4,45.91,45.9,"1,783,359,000","1,783,368,000","1,783,358,328","1,783,367,491",NODELAY,0,AUTO,Petrol,false,false,NA,1,2,0
orbit-Slc,Eastgate Office,BUS,"July 2, 2026",13:00,"1,312,379",LOGIN,false,Rohan Mikhailov Travel,UUN 936 GP,UUN 936 GP,3,12.18,12.06,"1,782,993,240","1,782,996,300","1,782,993,555","1,782,995,709",NODELAY,0,MANUAL,Diesel,false,false,HOME,2,2,0
catalyst-Sac,Santa Clara Office,CAB,"July 10, 2026",23:30,"1,532,216",LOGOUT,true,Vikram Mikhailov Travel,MSG 826 GP,MSG 826 GP,4,27.74,27.7,"1,783,727,100","1,783,729,140","1,783,727,204","1,783,733,335",NODELAY,0,AUTO,Petrol,false,false,NA,2,3,0
catalyst-Sac,Santa Clara Office,CAB,"July 7, 2026",19:00,"1,524,916",LOGIN,false,Vikram Mikhailov Travel,TAM 251 GP,TAM 251 GP,4,28.46,28.7,"1,783,443,000","1,783,449,000","1,783,442,895","1,783,449,181",NODELAY,0,AUTO,Petrol,false,false,NA,3,3,0
vanta-Aus,Cedar Ridge Office,CAB,"July 7, 2026",19:15,"1,215,918",LOGOUT,false,Sanjay Mikhailov Travel,MZO 306 GP,MZO 306 GP,5,3.73,4.4,"1,783,452,600","1,783,453,620","1,783,451,208","1,783,454,585",NODELAY,0,AUTO,Diesel,false,false,NA,5,5,0
catalyst-Sac,Crestwood Campus,CAB,"July 10, 2026",02:30,"1,530,981",LOGOUT,true,Divya Mikhailov Travel,QZB 947 GP,QZB 947 GP,4,13.5,13.7,"1,783,651,500","1,783,652,580","1,783,651,364","1,783,653,512",NODELAY,0,AUTO,Petrol,false,false,HOME,3,4,0
orbit-Slc,Lakeside Commons,CAB,"July 13, 2026",20:00,"1,331,625",LOGOUT,false,Rahul Mikhailov Travel,NPH 740 GP,NPH 740 GP,3,7.01,11.3,"1,783,973,700","1,783,974,960","1,783,973,615","1,783,975,771",NODELAY,0,AUTO,Electric,false,false,HOME,3,3,0
pinnacle-Slc,Clearwater Campus,CAB,"June 4, 2026",10:30,"3,192,256",LOGIN,false,Divya Mikhailov Travel,PHW 454 GP,PHW 454 GP,3,10.06,9.98,"1,780,566,060","1,780,568,700","1,780,567,688","1,780,572,114",DRIVER,36,AUTO,Diesel,false,false,HOME,1,1,0
pinnacle-Slc,Clearwater Campus,CAB,"June 4, 2026",Non Shift,"3,198,749",LOGOUT,false,Arjun Mikhailov Travel,SFO 180 GP,SFO 180 GP,3,4.08,4.74,"1,780,594,200","1,780,597,800","1,780,594,507","1,780,596,837",NODELAY,0,AUTO,Diesel,false,false,NA,1,1,0
pinnacle-Slc,Clearwater Campus,CAB,"June 8, 2026",08:30,"3,205,595",LOGIN,false,Arjun Mikhailov Travel,AOC 163 GP,AOC 163 GP,3,16.04,14.52,"1,780,903,200","1,780,907,100","1,780,903,678","1,780,907,543",NODELAY,0,AUTO,Diesel,false,false,NA,3,3,0
pinnacle-Slc,Clearwater Campus,CAB,"June 10, 2026",08:30,"3,217,867",LOGIN,false,Karan Mikhailov Travel,MVP 081 GP,MVP 081 GP,3,13.41,12.8,"1,781,076,720","1,781,079,900","1,781,076,759","1,781,079,474",NODELAY,0,AUTO,Diesel,false,false,NA,2,2,0
pinnacle-Slc,Clearwater Campus,CAB,"June 4, 2026",09:30,"3,192,029",LOGIN,false,Rohan Mikhailov Travel,OFS 715 GP,OFS 715 GP,3,3.66,3.95,"1,780,562,760","1,780,565,100","1,780,564,194","1,780,566,833",EMPLOYEE,8,AUTO,Diesel,false,false,NA,3,1,0
pinnacle-Slc,Clearwater Campus,CAB,"June 3, 2026",10:30,"3,185,755",LOGIN,false,Divya Mikhailov Travel,FTB 659 GP,FTB 659 GP,3,6.78,7.99,"1,780,479,480","1,780,482,300","1,780,479,768","1,780,483,244",NODELAY,0,AUTO,Diesel,false,false,NA,3,2,0
pinnacle-Slc,Clearwater Campus,CAB,"June 5, 2026",15:00,"3,202,069",LOGOUT,false,Rohan Mikhailov Travel,NPP 882 GP,NPP 882 GP,3,18.34,18.83,"1,780,671,600","1,780,674,360","1,780,672,280","1,780,676,620",EMPLOYEE,5,AUTO,Diesel,false,false,NODAL,3,1,0
pinnacle-Slc,Oakmont Office,CAB,"June 11, 2026",14:30,"3,228,127",LOGOUT,false,Arjun Mikhailov Travel,JAS 500 GP,JAS 500 GP,3,5.59,5.9,"1,781,188,200","1,781,189,100","1,781,187,882","1,781,188,662",NODELAY,0,AUTO,Diesel,false,false,NA,1,1,0
pinnacle-Slc,Clearwater Campus,CAB,"June 16, 2026",08:30,"3,248,056",LOGIN,false,Sanjay Mikhailov Travel,BBV 039 GP,BBV 039 GP,3,33.76,33.6,"1,781,592,840","1,781,598,300","1,781,592,803","1,781,598,394",NODELAY,0,AUTO,Diesel,false,false,NA,1,1,0
catalyst-Sac,Santa Clara Office,CAB,"May 2, 2026",06:00,"1,442,077",LOGOUT,true,Vikram Mikhailov Travel,KPU 701 GP,KPU 701 GP,4,16.33,16.3,"1,777,702,500","1,777,702,920","1,777,702,329","1,777,706,643",NODELAY,0,AUTO,Petrol,false,false,NA,3,4,0
vanta-Aus,Cedar Ridge Office,CAB,"May 6, 2026",12:00,"1,105,040",LOGIN,false,Sneha Mikhailov Travel,GXU 186 GP,GXU 186 GP,3,1.42,3.3,"1,778,066,400","1,778,067,900","1,778,066,291","1,778,067,532",NODELAY,0,AUTO,Diesel,false,false,HOME,3,2,1
catalyst-Sac,Santa Clara Office,CAB,"May 5, 2026",19:00,"1,444,264",LOGOUT,true,Divya Mikhailov Travel,TXH 505 GP,TXH 505 GP,4,23.06,23.1,"1,778,008,500","1,778,010,240","1,778,008,285","1,778,018,751",NODELAY,0,AUTO,Petrol,false,false,NODAL,3,4,0
vanta-Aus,Cedar Ridge Office,CAB,"May 8, 2026",11:00,"1,109,049",LOGIN,false,Meera Pavlov Travel,NSM 364 GP,NSM 364 GP,5,19.93,19.5,"1,778,232,300","1,778,237,100","1,778,232,482","1,778,236,462",NODELAY,0,AUTO,Diesel,false,false,HOME,2,2,0
catalyst-Sac,Fairview Commons,CAB,"May 12, 2026",02:30,"1,452,089",LOGOUT,true,Arjun Mikhailov Travel,FRK 060 GP,FRK 060 GP,4,28.49,28.5,"1,778,553,900","1,778,556,060","1,778,553,645","1,778,557,025",NODELAY,0,AUTO,Petrol,false,false,HOME,3,4,0
catalyst-Sac,Oakmont Office,CAB,"May 12, 2026",19:00,"1,452,822",LOGOUT,true,Amit Mikhailov Travel,LZL 403 GP,LZL 403 GP,4,11.81,11.8,"1,778,613,300","1,778,615,280","1,778,612,762","1,778,618,731",NODELAY,0,AUTO,Petrol,false,false,NA,3,4,0
vanta-Aus,Cedar Ridge Office,CAB,"May 8, 2026",06:00,"1,108,803",LOGIN,true,Sneha Mikhailov Travel,WOS 645 GP,WOS 645 GP,3,19.7,20.5,"1,778,216,640","1,778,219,100","1,778,216,015","1,778,219,011",NODELAY,0,AUTO,Electric,false,false,HOME,1,2,0
orbit-Slc,Eastgate Office,BUS,"May 20, 2026",15:30,"1,238,427",LOGOUT,false,Rohan Mikhailov Travel,HFN 198 GP,HFN 198 GP,3,32.93,31.76,"1,779,291,900","1,779,298,800","1,779,292,020","1,779,297,900",NODELAY,0,MANUAL,Diesel,false,false,HOME,3,3,0
catalyst-Sac,Santa Clara Office,CAB,"May 6, 2026",05:00,"1,445,634",LOGOUT,false,Divya Mikhailov Travel,FMB 463 GP,FMB 463 GP,4,17.09,16.2,"1,778,044,500","1,778,045,700","1,778,044,531","1,778,047,553",NODELAY,0,AUTO,Petrol,false,false,NA,3,3,0
orbit-Slc,Cedar Ridge Office,CAB,"May 4, 2026",15:30,"1,212,363",LOGOUT,false,Anjali Mikhailov Travel,IIE 555 GP,IIE 555 GP,3,13.15,15.9,"1,777,909,500","1,777,912,380","1,777,909,499","1,777,913,134",NODELAY,0,MANUAL,Diesel,false,false,HOME,2,2,0
vanta-Aus,Cedar Ridge Office,CAB,"May 16, 2026",01:15,"1,123,046",LOGOUT,true,Sanjay Mikhailov Travel,EKU 830 GP,EKU 830 GP,3,21.82,23.9,"1,778,895,000","1,778,896,920","1,778,893,851","1,778,896,666",NODELAY,0,AUTO,Electric,false,false,NA,1,2,0
vanta-Aus,Cedar Ridge Office,CAB,"May 14, 2026",11:00,"1,119,133",LOGIN,false,Sneha Mikhailov Travel,NGH 175 GP,NGH 175 GP,5,4.94,4.5,"1,778,752,620","1,778,755,500","1,778,753,311","1,778,754,523",NODELAY,0,AUTO,Diesel,false,false,NA,5,4,1
catalyst-Sac,Santa Clara Office,CAB,"May 20, 2026",06:00,"1,463,174",LOGOUT,false,Vikram Mikhailov Travel,NMG 475 GP,NMG 475 GP,4,15.87,15.5,"1,779,257,700","1,779,259,440","1,779,257,854","1,779,259,712",NODELAY,0,AUTO,Petrol,false,false,NA,1,1,0
catalyst-Sac,Santa Clara Office,CAB,"July 16, 2026",19:00,"1,539,641",LOGIN,false,Vikram Mikhailov Travel,MHG 731 GP,MHG 731 GP,4,24.6,23.95,"1,784,220,960","1,784,226,600","1,784,221,398","1,784,226,428",NODELAY,0,AUTO,Petrol,false,false,NA,3,3,0
vanta-Sea,Denver Office,CAB,"July 2, 2026",21:16,"5,009,664",LOGOUT,true,Priya Mikhailov Travel,EXM 848 GP,EXM 848 GP,3,29.17,29.6,"1,783,027,860","1,783,032,300","1,783,026,939","1,783,033,331",NODELAY,0,AUTO,Petrol,false,false,HOME,2,3,0
orbit-Slc,Lakeside Commons,CAB,"July 14, 2026",13:00,"1,332,576",LOGIN,false,Rahul Mikhailov Travel,DBQ 435 GP,DBQ 435 GP,3,9.22,10.3,"1,784,029,500","1,784,033,100","1,784,029,851","1,784,032,494",NODELAY,0,AUTO,Diesel,false,false,HOME,3,3,0
orbit-Slc,Lakeside Commons,BUS,"July 20, 2026",13:00,"1,341,651",LOGIN,false,Anjali Mikhailov Travel,JVT 791 GP,JVT 791 GP,6,21.47,19.7,"1,784,546,400","1,784,551,500","1,784,546,510","1,784,550,227",NODELAY,0,MANUAL,Diesel,false,false,HOME,4,3,1
vanta-Aus,Cedar Ridge Office,CAB,"July 23, 2026",11:00,"1,243,614",LOGIN,false,Priya Mikhailov Travel,JZK 044 GP,JZK 044 GP,3,26.45,9.5,"1,784,798,100","1,784,803,500","1,784,798,396","1,784,804,195",NODELAY,0,AUTO,Electric,false,false,NA,2,1,1
vanta-Aus,Cedar Ridge Office,CAB,"July 17, 2026",10:00,"1,233,870",LOGIN,false,Sneha Mikhailov Travel,IPR 065 GP,IPR 065 GP,3,3,4.6,"1,784,280,000","1,784,281,500","1,784,280,287","1,784,281,663",NODELAY,0,AUTO,Electric,false,false,HOME,3,3,0
catalyst-Sac,Santa Clara Office,CAB,"July 28, 2026",22:30,"1,554,758",LOGOUT,true,Vikram Mikhailov Travel,PUP 598 GP,PUP 598 GP,4,21.1,22.16,"1,785,278,700","1,785,281,880","1,785,278,769","1,785,283,072",NODELAY,0,AUTO,Petrol,false,false,HOME,3,4,0
orbit-Slc,Lakeside Commons,CAB,"July 24, 2026",23:00,"1,354,498",LOGOUT,false,Rahul Mikhailov Travel,BKT 720 GP,BKT 720 GP,3,35.5,35.4,"1,784,934,900","1,784,941,260","1,784,934,712","1,784,939,018",NODELAY,0,AUTO,Diesel,false,false,NA,1,1,0
orbit-Slc,Eastgate Office,BUS,"July 29, 2026",11:00,"1,360,043",LOGIN,false,Rohan Mikhailov Travel,ZIF 858 GP,ZIF 858 GP,3,16.92,20.03,"1,785,317,880","1,785,321,900","1,785,318,452","1,785,322,820",NODELAY,0,AUTO,Electric,false,false,HOME,3,3,0
pinnacle-Slc,Willow Bend Campus,CAB,"June 11, 2026",10:30,"3,227,056",LOGIN,false,Rahul Morozov Travel,CGO 005 GP,CGO 005 GP,3,8.23,7.98,"1,781,170,860","1,781,173,500","1,781,173,158","1,781,176,200",DRIVER,25,AUTO,Diesel,false,false,HOME,3,3,0
pinnacle-Slc,Oakmont Office,CAB,"June 16, 2026",16:30,"3,251,185",LOGOUT,false,Rahul Orlov Travel,ZIQ 223 GP,ZIQ 223 GP,3,2.45,2.24,"1,781,627,400","1,781,628,120","1,781,626,780","1,781,628,814",NODELAY,0,AUTO,Diesel,false,false,HOME,1,1,0
vanta-Sea,Denver Office,CAB,"June 26, 2026",23:16,"4,990,787",LOGOUT,true,Priya Mikhailov Travel,ZSJ 428 GP,ZSJ 428 GP,3,11.64,13.1,"1,782,516,660","1,782,518,340","1,782,515,630","1,782,518,143",NODELAY,0,AUTO,Electric,false,false,NA,2,3,0
vanta-Sea,Denver Office,CAB,"July 20, 2026",20:00,"5,062,655",LOGIN,false,Sanjay Mikhailov Travel,POO 533 GP,POO 533 GP,3,20.05,19.8,"1,784,573,940","1,784,576,700","1,784,574,075","1,784,578,388",TRAFFIC,13,AUTO,Petrol,false,false,HOME,1,1,0
vanta-Sea,Denver Office,CAB,"July 24, 2026",10:00,"5,078,127",LOGIN,false,Aarav Petrov Travel,SFV 424 GP,SFV 424 GP,3,4.77,4.2,"1,784,885,760","1,784,886,300","1,784,886,206","1,784,888,349",EMPLOYEE,19,AUTO,Electric,false,false,HOME,1,1,0
vanta-Sea,Denver Office,BUS,"July 23, 2026",11:00,"5,073,520",LOGIN,false,Priya Mikhailov Travel,PEP 263 GP,PEP 263 GP,3,27.23,27.4,"1,784,797,920","1,784,803,500","1,784,796,837","1,784,804,054",NODELAY,0,MANUAL,Petrol,false,false,HOME,3,2,1
vanta-Sea,Denver Office,BUS,"July 30, 2026",13:00,"5,098,911",LOGIN,false,Isha Mikhailov Travel,GOZ 754 GP,GOZ 754 GP,3,6.86,6.5,"1,785,413,820","1,785,415,500","1,785,413,126","1,785,414,909",NODELAY,0,MANUAL,Electric,false,false,HOME,3,3,0
vanta-Sea,Denver Office,BUS,"July 30, 2026",16:16,"5,099,827",LOGOUT,false,Karan Mikhailov Travel,APH 815 GP,APH 815 GP,3,10.26,9.8,"1,785,428,160","1,785,428,880","1,785,427,086","1,785,430,706",NODELAY,0,MANUAL,Petrol,false,false,HOME,2,2,0
vanta-Sea,Denver Office,BUS,"July 24, 2026",14:00,"5,078,902",LOGIN,false,Isha Mikhailov Travel,DTV 200 GP,DTV 200 GP,3,14.46,13.1,"1,784,899,500","1,784,900,700","1,784,898,383","1,784,901,323",NODELAY,0,MANUAL,Petrol,false,false,HOME,1,1,0
vanta-Sea,Denver Office,CAB,"July 28, 2026",23:16,"5,093,104",LOGOUT,true,Isha Mikhailov Travel,CAB 213 GP,CAB 213 GP,3,35.98,31.7,"1,785,281,460","1,785,285,300","1,785,280,521","1,785,285,071",NODELAY,0,AUTO,Petrol,false,false,HOME,2,3,0
vanta-Sea,Denver Office,BUS,"July 31, 2026",10:00,"5,102,900",LOGIN,false,Anjali Mikhailov Travel,XPF 642 GP,XPF 642 GP,12,10.93,10,"1,785,487,260","1,785,491,100","1,785,485,465","1,785,489,744",NODELAY,0,MANUAL,Petrol,false,false,HOME,12,9,3
pinnacle-Slc,Oakmont Office,CAB,"June 25, 2026",08:30,"3,301,347",LOGIN,false,Rahul Morozov Travel,WMY 267 GP,WMY 267 GP,3,5.45,4.11,"1,782,374,340","1,782,375,900","1,782,374,397","1,782,376,116",NODELAY,0,AUTO,Diesel,false,false,NA,2,2,0
pinnacle-Slc,Oakmont Office,CAB,"June 24, 2026",21:00,"3,295,792",LOGIN,true,Aarav Mikhailov Travel,OWE 856 GP,OWE 856 GP,3,2.16,2,"1,782,333,780","1,782,334,500","1,782,333,349","1,782,334,113",NODELAY,0,AUTO,Diesel,false,false,NA,2,2,0
pinnacle-Slc,Willow Bend Campus,CAB,"June 29, 2026",08:30,"3,316,625",LOGIN,false,Amit Mikhailov Travel,QJX 692 GP,QJX 692 GP,3,26.12,25.7,"1,782,716,400","1,782,721,500","1,782,716,157","1,782,720,827",NODELAY,0,AUTO,Diesel,false,false,HOME,2,2,0
pinnacle-Slc,Oakmont Office,CAB,"June 29, 2026",15:30,"3,316,124",LOGOUT,false,Divya Mikhailov Travel,KYU 380 GP,KYU 380 GP,3,6.6,6.9,"1,782,747,000","1,782,748,380","1,782,746,949","1,782,748,501",NODELAY,0,AUTO,Diesel,false,false,NA,1,1,0
vanta-Sea,Denver Office,CAB,"May 9, 2026",11:00,"4,835,142",LOGIN,false,Isha Mikhailov Travel,TSO 051 GP,TSO 051 GP,3,5.26,4.9,"1,778,322,600","1,778,323,500","1,778,322,469","1,778,323,135",NODELAY,0,AUTO,Petrol,false,false,NA,1,1,0
vanta-Sea,Denver Office,BUS,"May 15, 2026",14:00,"4,854,097",LOGIN,false,Anjali Mikhailov Travel,SES 704 GP,SES 704 GP,3,12.3,12.1,"1,778,849,700","1,778,852,700","1,778,849,114","1,778,851,225",NODELAY,0,MANUAL,Electric,false,false,NA,1,1,0
vanta-Sea,Denver Office,CAB,"May 18, 2026",22:16,"4,861,626",LOGOUT,true,Sanjay Mikhailov Travel,REU 135 GP,REU 135 GP,3,23.08,22.7,"1,779,143,460","1,779,145,560","1,779,142,636","1,779,147,576",NODELAY,0,AUTO,Petrol,false,false,NA,2,2,1
vanta-Sea,Denver Office,CAB,"May 14, 2026",21:16,"4,852,088",LOGOUT,false,Anjali Mikhailov Travel,EUU 248 GP,EUU 248 GP,12,9.98,8.7,"1,778,794,260","1,778,794,920","1,778,793,186","1,778,795,727",NODELAY,0,AUTO,Petrol,false,false,NA,8,4,4
vanta-Sea,Denver Office,CAB,"May 13, 2026",22:16,"4,848,474",LOGOUT,true,Priya Mikhailov Travel,LEI 786 GP,LEI 786 GP,3,27.9,28.3,"1,778,711,460","1,778,716,440","1,778,711,502","1,778,716,237",NODELAY,0,AUTO,Electric,false,false,NA,1,2,0
vanta-Sea,Denver Office,BUS,"May 21, 2026",10:00,"4,870,464",LOGIN,false,Isha Mikhailov Travel,RVU 129 GP,RVU 129 GP,3,24.88,24.4,"1,779,351,840","1,779,356,700","1,779,351,224","1,779,356,848",NODELAY,0,MANUAL,Petrol,false,false,NA,2,2,0
vanta-Sea,Denver Office,CAB,"May 21, 2026",22:16,"4,873,229",LOGOUT,true,Aarav Mikhailov Travel,NEB 188 GP,NEB 188 GP,3,9.82,10.3,"1,779,402,660","1,779,403,500","1,779,402,229","1,779,404,810",NODELAY,0,AUTO,Petrol,false,false,NA,2,2,1
pinnacle-Slc,Clearwater Campus,CAB,"July 7, 2026",09:00,"3,355,941",LOGIN,false,Amit Mikhailov Travel,LPJ 510 GP,LPJ 510 GP,3,13.55,13.2,"1,783,410,480","1,783,414,500","1,783,411,055","1,783,414,451",NODELAY,0,AUTO,Diesel,false,false,NODAL,4,2,1
pinnacle-Slc,Clearwater Campus,CAB,"July 2, 2026",09:00,"3,335,283",LOGIN,false,Sanjay Mikhailov Travel,ERY 048 GP,ERY 048 GP,3,5.29,4.7,"1,782,981,000","1,782,982,500","1,782,981,686","1,782,983,561",NODELAY,0,AUTO,Diesel,false,false,NODAL,1,1,0
pinnacle-Slc,Clearwater Campus,CAB,"July 1, 2026",15:00,"3,329,774",LOGOUT,false,Rahul Morozov Travel,LXQ 726 GP,LXQ 726 GP,3,0.89,1.43,"1,782,918,000","1,782,918,720","1,782,918,900","1,782,919,645",NODELAY,0,AUTO,Diesel,false,false,HOME,3,1,1
pinnacle-Slc,Oakmont Office,CAB,"July 1, 2026",18:00,"3,331,599",LOGIN,false,Rohan Mikhailov Travel,LTP 567 GP,LTP 567 GP,3,16,15.31,"1,782,922,500","1,782,928,500","1,782,923,322","1,782,927,099",NODELAY,0,AUTO,Diesel,false,false,HOME,1,1,0
pinnacle-Slc,Clearwater Campus,CAB,"July 6, 2026",09:30,"3,353,428",LOGIN,false,Aarav Mikhailov Travel,OBU 711 GP,OBU 711 GP,3,8.27,9.68,"1,783,326,540","1,783,329,900","1,783,327,393","1,783,330,777",NODELAY,0,AUTO,Diesel,false,false,HOME,3,2,0
pinnacle-Slc,Willow Bend Campus,CAB,"July 8, 2026",18:30,"3,365,609",LOGOUT,false,Rahul Morozov Travel,VHZ 053 GP,VHZ 053 GP,3,8.83,8.8,"1,783,535,400","1,783,537,500","1,783,535,387","1,783,537,635",NODELAY,0,AUTO,Diesel,false,false,HOME,1,1,0
pinnacle-Slc,Clearwater Campus,CAB,"July 7, 2026",13:30,"3,360,148",LOGOUT,false,Arjun Mikhailov Travel,TSS 041 GP,TSS 041 GP,3,12,11.8,"1,783,431,000","1,783,433,040","1,783,431,371","1,783,433,811",NODELAY,0,AUTO,Diesel,false,false,HOME,2,2,0
pinnacle-Slc,Clearwater Campus,CAB,"July 9, 2026",08:30,"3,370,053",LOGIN,false,Sanjay Mikhailov Travel,GKX 882 GP,GKX 882 GP,3,30.41,30.95,"1,783,581,180","1,783,585,500","1,783,580,753","1,783,585,331",NODELAY,0,AUTO,Diesel,false,false,NA,2,1,0
pinnacle-Slc,Clearwater Campus,CAB,"July 10, 2026",08:30,"3,375,025",LOGIN,false,Rohan Mikhailov Travel,ORD 198 GP,ORD 198 GP,3,16.04,15.81,"1,783,669,380","1,783,671,900","1,783,669,428","1,783,671,961",NODELAY,0,AUTO,Diesel,false,false,HOME,2,2,0
pinnacle-Slc,Oakmont Office,CAB,"July 8, 2026",20:30,"3,365,130",LOGOUT,true,Rahul Mikhailov Travel,LFN 940 GP,LFN 940 GP,3,8.22,8.2,"1,783,542,600","1,783,544,340","1,783,542,895","1,783,544,620",NODELAY,0,AUTO,Diesel,false,false,HOME,2,2,0
pinnacle-Slc,Clearwater Campus,CAB,"June 17, 2026",16:30,"3,260,356",LOGOUT,false,Sanjay Mikhailov Travel,ZXV 238 GP,ZXV 238 GP,3,22.5,22.02,"1,781,713,800","1,781,716,260","1,781,714,390","1,781,718,545",NODELAY,0,AUTO,Diesel,false,false,NA,2,2,0
pinnacle-Slc,Clearwater Campus,CAB,"June 23, 2026",09:30,"3,287,135",LOGIN,false,Aarav Mikhailov Travel,LWP 268 GP,LWP 268 GP,3,3.46,4.52,"1,782,204,720","1,782,206,700","1,782,205,292","1,782,207,175",NODELAY,0,AUTO,Diesel,false,false,NODAL,3,2,0
pinnacle-Slc,Clearwater Campus,CAB,"June 2, 2026",15:00,"3,182,566",LOGOUT,false,Divya Mikhailov Travel,SEI 742 GP,SEI 742 GP,3,17.27,18.7,"1,780,412,400","1,780,414,920","1,780,412,820","1,780,418,040",DRIVER,4,AUTO,Diesel,false,false,HOME,4,3,0
pinnacle-Slc,Clearwater Campus,CAB,"June 22, 2026",13:30,"3,284,066",LOGOUT,false,Amit Mikhailov Travel,PVU 763 GP,PVU 763 GP,3,14.47,16.86,"1,782,135,000","1,782,137,160","1,782,134,930","1,782,138,381",NODELAY,0,AUTO,Diesel,false,false,NA,2,2,0
pinnacle-Slc,Clearwater Campus,CAB,"June 18, 2026",08:30,"3,264,669",LOGIN,false,Rohan Mikhailov Travel,VKN 342 GP,VKN 342 GP,3,22.7,22,"1,781,766,240","1,781,771,100","1,781,766,716","1,781,771,381",NODELAY,0,AUTO,Diesel,false,false,HOME,4,3,0
vanta-Sea,Denver Office,BUS,"June 25, 2026",15:16,"4,984,953",LOGOUT,false,Priya Mikhailov Travel,ZIP 549 GP,ZIP 549 GP,3,8.51,9.2,"1,782,400,560","1,782,400,920","1,782,399,938","1,782,403,059",NODELAY,0,MANUAL,Petrol,false,false,NA,2,2,0
pinnacle-Slc,Clearwater Campus,CAB,"June 26, 2026",15:30,"3,310,143",LOGOUT,false,Rahul Morozov Travel,XJT 526 GP,XJT 526 GP,3,4.37,3.78,"1,782,487,800","1,782,488,580","1,782,488,015","1,782,489,643",NODELAY,0,AUTO,Diesel,false,false,HOME,3,3,0
pinnacle-Slc,Oakmont Office,CAB,"June 25, 2026",07:30,"3,301,830",LOGIN,false,Rohan Mikhailov Travel,NUJ 397 GP,NUJ 397 GP,3,9.77,9.71,"1,782,370,080","1,782,372,300","1,782,370,337","1,782,372,449",NODELAY,0,AUTO,Diesel,false,false,NA,2,1,0
pinnacle-Slc,Willow Bend Campus,CAB,"May 22, 2026",13:30,"3,142,481",LOGOUT,false,Divya Sokolov Travel,PZA 594 GP,PZA 594 GP,3,6.19,7.11,"1,779,456,600","1,779,457,800","1,779,456,949","1,779,459,011",NODELAY,0,AUTO,Diesel,false,false,NA,2,1,0
pinnacle-Slc,Clearwater Campus,CAB,"May 21, 2026",15:00,"3,139,332",LOGOUT,false,Aarav Mikhailov Travel,BSE 953 GP,BSE 953 GP,3,3.37,2.9,"1,779,375,600","1,779,376,320","1,779,375,891","1,779,377,192",NODELAY,0,AUTO,Diesel,false,false,NA,3,2,0
pinnacle-Slc,Clearwater Campus,CAB,"May 21, 2026",09:30,"3,135,522",LOGIN,false,Arjun Mikhailov Travel,PKM 992 GP,PKM 992 GP,3,3.55,2.94,"1,779,353,820","1,779,355,500","1,779,354,610","1,779,355,299",NODELAY,0,AUTO,Diesel,false,false,NA,2,2,0
pinnacle-Slc,Oakmont Office,CAB,"May 25, 2026",09:30,"3,148,747",LOGIN,false,Pooja Mikhailov Travel,VVA 627 GP,VVA 627 GP,3,17.69,16.73,"1,779,697,200","1,779,701,100","1,779,697,534","1,779,702,201",NODELAY,0,AUTO,Diesel,false,false,NODAL,3,3,0
pinnacle-Slc,Oakmont Office,CAB,"May 30, 2026",05:30,"3,169,961",LOGIN,true,Rahul Mikhailov Travel,TNE 609 GP,TNE 609 GP,3,3.38,3.3,"1,780,117,920","1,780,118,700","1,780,117,468","1,780,118,345",NODELAY,0,AUTO,Diesel,false,false,NA,2,2,0
pinnacle-Slc,Oakmont Office,CAB,"July 28, 2026",08:30,"3,457,055",LOGIN,false,Amit Mikhailov Travel,IDQ 421 GP,IDQ 421 GP,3,28.17,27.45,"1,785,220,800","1,785,227,100","1,785,221,006","1,785,225,880",NODELAY,0,AUTO,Diesel,false,false,HOME,3,3,0
pinnacle-Slc,Oakmont Office,CAB,"July 28, 2026",09:00,"3,457,269",LOGIN,false,Arjun Mikhailov Travel,SKB 527 GP,SKB 527 GP,3,5.54,5.79,"1,785,226,560","1,785,228,900","1,785,226,874","1,785,228,563",NODELAY,0,AUTO,Diesel,false,false,HOME,2,1,0
pinnacle-Slc,Clearwater Campus,CAB,"July 28, 2026",15:00,"3,461,708",LOGOUT,false,Arjun Mikhailov Travel,QRA 243 GP,QRA 243 GP,3,9.33,9.41,"1,785,250,800","1,785,252,840","1,785,250,883","1,785,254,026",NODELAY,0,AUTO,Diesel,false,false,HOME,3,3,0
pinnacle-Slc,Clearwater Campus,CAB,"July 28, 2026",09:00,"3,458,488",LOGIN,false,Divya Sokolov Travel,PUX 580 GP,PUX 580 GP,3,34.28,32.75,"1,785,222,900","1,785,228,900","1,785,223,140","1,785,230,399",DRIVER,4,AUTO,Diesel,false,false,HOME,1,1,0
vanta-Sea,Denver Office,BUS,"June 3, 2026",10:00,"4,908,415",LOGIN,false,Priya Mikhailov Travel,ZBS 947 GP,ZBS 947 GP,5,18.39,16.4,"1,780,474,980","1,780,479,900","1,780,474,125","1,780,481,679",TRAFFIC,14,MANUAL,Petrol,false,false,HOME,4,3,1
orbit-Slc,Eastgate Office,BUS,"June 8, 2026",11:00,"1,265,022",LOGIN,false,Rohan Mikhailov Travel,AGW 135 GP,AGW 135 GP,3,24.85,28.72,"1,780,911,000","1,780,915,500","1,780,911,651","1,780,915,135",NODELAY,0,MANUAL,Diesel,false,false,HOME,2,2,0
orbit-Slc,Lakeside Commons,CAB,"June 10, 2026",22:00,"1,272,448",LOGOUT,false,Rahul Mikhailov Travel,FIO 668 GP,FIO 668 GP,3,38.1,38.3,"1,781,129,700","1,781,136,540","1,781,129,490","1,781,135,950",NODELAY,0,AUTO,Diesel,false,false,NA,3,3,0
vanta-Sea,Denver Office,BUS,"June 3, 2026",14:00,"4,909,627",LOGIN,false,Aarav Mikhailov Travel,OLS 644 GP,OLS 644 GP,3,21.99,21,"1,780,491,240","1,780,494,300","1,780,490,828","1,780,497,154",TRAFFIC,32,MANUAL,Petrol,false,false,HOME,2,1,1
vanta-Aus,Cedar Ridge Office,CAB,"June 26, 2026",18:15,"1,196,646",LOGOUT,false,Sneha Mikhailov Travel,AWM 424 GP,AWM 424 GP,3,4.83,5.8,"1,782,498,600","1,782,499,380","1,782,497,613","1,782,499,137",NODELAY,0,AUTO,Diesel,false,false,HOME,2,1,1
vanta-Aus,Cedar Ridge Office,CAB,"June 17, 2026",11:00,"1,178,064",LOGIN,false,Priya Mikhailov Travel,VCE 276 GP,VCE 276 GP,3,17.87,20.2,"1,781,688,840","1,781,693,100","1,781,689,193","1,781,694,313",TRAFFIC,5,AUTO,Electric,false,false,HOME,3,2,1
vanta-Sea,Denver Office,CAB,"June 4, 2026",23:16,"4,916,402",LOGOUT,false,Priya Mikhailov Travel,RHL 957 GP,RHL 957 GP,3,32.14,32.6,"1,780,615,860","1,780,618,740","1,780,614,822","1,780,619,947",NODELAY,0,AUTO,Petrol,false,false,NA,2,3,0
orbit-Slc,Eastgate Office,CAB,"June 25, 2026",22:00,"1,300,191",LOGOUT,false,Rohan Mikhailov Travel,IZR 782 GP,IZR 782 GP,6,28.12,35.77,"1,782,425,700","1,782,427,200","1,782,425,768","1,782,431,486",NODELAY,0,AUTO,Diesel,false,false,HOME,5,5,0
catalyst-Sac,Crestwood Campus,CAB,"June 27, 2026",01:00,"1,513,120",LOGOUT,false,Vikram Mikhailov Travel,JHO 604 GP,JHO 604 GP,4,22.01,21.27,"1,782,522,900","1,782,526,380","1,782,522,464","1,782,525,275",NODELAY,0,AUTO,Petrol,false,false,HOME,3,3,0
vanta-Sea,Denver Office,BUS,"June 5, 2026",09:00,"4,917,090",LOGIN,false,Aarav Petrov Travel,VBR 509 GP,VBR 509 GP,3,27.55,26.3,"1,780,645,380","1,780,649,100","1,780,643,987","1,780,647,456",NODELAY,0,MANUAL,Petrol,false,false,HOME,2,2,0
vanta-Sea,Denver Office,CAB,"May 22, 2026",01:16,"4,873,814",LOGOUT,true,Aarav Mikhailov Travel,YOP 521 GP,YOP 521 GP,3,13.58,17,"1,779,413,460","1,779,415,740","1,779,412,688","1,779,414,545",NODELAY,0,AUTO,Petrol,false,false,NA,1,3,0
vanta-Sea,Denver Office,BUS,"May 22, 2026",14:00,"4,874,969",LOGIN,false,Aarav Mikhailov Travel,ZMM 330 GP,ZMM 330 GP,12,10.72,13.3,"1,779,455,520","1,779,457,500","1,779,455,124","1,779,457,729",NODELAY,0,MANUAL,Petrol,false,false,HOME,1,1,0
pinnacle-Slc,Clearwater Campus,CAB,"May 5, 2026",07:00,"3,059,466",LOGIN,false,Karan Mikhailov Travel,TKT 530 GP,TKT 530 GP,3,24.38,26.6,"1,777,960,860","1,777,964,100","1,777,961,020","1,777,964,081",NODELAY,0,AUTO,Diesel,false,false,NA,1,1,0
pinnacle-Slc,Willow Bend Campus,CAB,"May 6, 2026",08:30,"3,065,771",LOGIN,false,Arjun Mikhailov Travel,UEQ 628 GP,UEQ 628 GP,5,23.13,25.51,"1,778,050,680","1,778,055,900","1,778,051,171","1,778,056,401",NODELAY,0,AUTO,Diesel,false,false,NA,3,3,0
pinnacle-Slc,Clearwater Campus,CAB,"May 6, 2026",15:30,"3,071,207",LOGOUT,false,Aarav Mikhailov Travel,ABB 082 GP,ABB 082 GP,3,20.64,22.83,"1,778,081,400","1,778,084,160","1,778,081,661","1,778,085,573",NODELAY,0,AUTO,Diesel,false,false,NODAL,2,2,0
vanta-Sea,Denver Office,CAB,"July 4, 2026",13:16,"5,015,039",LOGOUT,false,Sanjay Mikhailov Travel,MVS 657 GP,MVS 657 GP,3,11.53,14.3,"1,783,171,860","1,783,173,960","1,783,170,616","1,783,173,223",NODELAY,0,AUTO,Electric,false,false,HOME,1,1,0
orbit-Slc,Eastgate Office,CAB,"July 28, 2026",20:00,"1,359,169",LOGOUT,true,Rohan Mikhailov Travel,ISF 493 GP,ISF 493 GP,3,15.79,19.75,"1,785,269,700","1,785,272,400","1,785,269,543","1,785,274,272",NODELAY,0,AUTO,Diesel,false,false,NA,1,2,0
catalyst-Sac,Santa Clara Office,CAB,"July 27, 2026",20:30,"1,552,023",LOGIN,true,Rohan Mikhailov Travel,RWJ 250 GP,RWJ 250 GP,4,13.85,13.85,"1,785,178,800","1,785,182,400","1,785,178,593","1,785,183,418",EMPLOYEE,1,AUTO,Petrol,false,false,NA,1,2,0
vanta-Sea,Denver Office,CAB,"July 8, 2026",18:16,"5,026,646",LOGOUT,true,Aarav Mikhailov Travel,RNS 407 GP,RNS 407 GP,3,24.92,25.6,"1,783,535,460","1,783,537,740","1,783,534,770","1,783,541,089",NODELAY,0,AUTO,Petrol,false,false,HOME,1,2,0
vanta-Sea,Denver Office,CAB,"July 8, 2026",22:16,"5,027,487",LOGOUT,false,Priya Mikhailov Travel,DOX 076 GP,DOX 076 GP,3,24.79,24.3,"1,783,549,860","1,783,552,260","1,783,549,198","1,783,552,509",NODELAY,0,AUTO,Petrol,false,false,HOME,3,2,1
vanta-Sea,Denver Office,CAB,"July 7, 2026",17:16,"5,022,364",LOGOUT,false,Aarav Mikhailov Travel,WEZ 538 GP,WEZ 538 GP,3,15.89,16.1,"1,783,445,460","1,783,447,020","1,783,444,458","1,783,448,143",NODELAY,0,AUTO,Petrol,false,false,HOME,1,1,0
vanta-Sea,Denver Office,CAB,"July 7, 2026",07:00,"5,020,387",LOGIN,true,Anjali Mikhailov Travel,NMU 005 GP,NMU 005 GP,5,9.05,8.6,"1,783,405,620","1,783,406,700","1,783,406,151","1,783,407,342",NODELAY,0,AUTO,Petrol,false,false,HOME,1,2,0
vanta-Sea,Denver Office,CAB,"July 10, 2026",21:16,"5,035,007",LOGOUT,true,Sanjay Mikhailov Travel,XPT 113 GP,XPT 113 GP,3,33.28,37.6,"1,783,719,060","1,783,723,260","1,783,718,642","1,783,724,162",NODELAY,0,AUTO,Petrol,false,false,HOME,1,2,0
vanta-Sea,Denver Office,BUS,"July 8, 2026",14:16,"5,026,001",LOGOUT,false,Isha Mikhailov Travel,ADS 894 GP,ADS 894 GP,3,46.1,23.4,"1,783,520,160","1,783,521,600","1,783,519,404","1,783,523,408",NODELAY,0,SHUTTLE_SERVICE,Petrol,false,false,HOME,2,2,0
vanta-Sea,Denver Office,CAB,"July 9, 2026",06:00,"5,028,058",LOGIN,false,Sanjay Mikhailov Travel,ZVI 832 GP,ZVI 832 GP,3,5.32,4.9,"1,783,575,300","1,783,575,900","1,783,575,447","1,783,576,154",NODELAY,0,AUTO,Electric,false,false,HOME,1,1,0
catalyst-Sac,Fairview Commons,CAB,"June 25, 2026",21:30,"1,510,954",LOGOUT,true,Sanjay Mikhailov Travel,YZX 675 GP,YZX 675 GP,6,30.77,30.8,"1,782,423,900","1,782,425,640","1,782,423,588","1,782,433,709",NODELAY,0,AUTO,Petrol,false,false,NODAL,5,6,0
orbit-Slc,Eastgate Office,CAB,"June 19, 2026",00:00,"1,287,720",LOGOUT,true,Rohan Mikhailov Travel,BJH 148 GP,BJH 148 GP,3,10.65,13.25,"1,781,828,100","1,781,829,900","1,781,827,874","1,781,831,496",NODELAY,0,AUTO,Diesel,false,false,HOME,1,2,0
vanta-Sea,Denver Office,CAB,"June 4, 2026",21:16,"4,915,923",LOGOUT,false,Anjali Mikhailov Travel,ETI 350 GP,ETI 350 GP,3,34.82,36,"1,780,608,660","1,780,612,860","1,780,607,907","1,780,613,294",NODELAY,0,AUTO,Petrol,false,false,NA,1,1,0
vanta-Sea,Denver Office,BUS,"June 9, 2026",11:00,"4,926,987",LOGIN,false,Sanjay Mikhailov Travel,JII 812 GP,JII 812 GP,5,3.77,3.7,"1,781,001,660","1,781,002,500","1,781,000,088","1,781,003,604",EMPLOYEE,3,MANUAL,Petrol,false,false,NA,5,5,0
vanta-Sea,Denver Office,CAB,"June 8, 2026",19:16,"4,924,997",LOGOUT,true,Aarav Mikhailov Travel,FOU 462 GP,FOU 462 GP,12,16.96,16,"1,780,947,060","1,780,948,080","1,780,945,967","1,780,951,613",NODELAY,0,AUTO,Petrol,false,false,NA,5,5,1
vanta-Sea,Denver Office,BUS,"June 11, 2026",13:00,"4,935,492",LOGIN,false,Sanjay Mikhailov Travel,UCG 572 GP,UCG 572 GP,3,17.64,18.2,"1,781,179,140","1,781,181,900","1,781,178,006","1,781,183,173",TRAFFIC,6,MANUAL,Electric,false,false,NA,1,1,0
vanta-Sea,Denver Office,BUS,"June 12, 2026",13:00,"4,939,414",LOGIN,false,Sanjay Mikhailov Travel,EYB 054 GP,EYB 054 GP,12,13.37,10.4,"1,781,264,820","1,781,268,300","1,781,264,419","1,781,267,029",NODELAY,0,MANUAL,Petrol,false,false,HOME,5,5,0
vanta-Sea,Denver Office,CAB,"June 5, 2026",17:16,"4,918,962",LOGOUT,false,Sanjay Mikhailov Travel,LXB 751 GP,LXB 751 GP,3,15.16,14.2,"1,780,680,660","1,780,682,460","1,780,679,773","1,780,684,522",NODELAY,0,AUTO,Petrol,false,false,NA,2,1,1
catalyst-Sac,Santa Clara Office,CAB,"June 30, 2026",21:30,"1,516,504",LOGOUT,true,Vikram Mikhailov Travel,EGG 139 GP,EGG 139 GP,4,16.14,16.91,"1,782,855,900","1,782,857,820","1,782,855,950","1,782,861,818",NODELAY,0,AUTO,Petrol,false,false,NA,3,4,0
orbit-Slc,Lakeside Commons,CAB,"June 30, 2026",22:00,"1,308,711",LOGOUT,false,Anjali Mikhailov Travel,XUG 493 GP,XUG 493 GP,6,30.41,30.52,"1,782,857,700","1,782,861,840","1,782,857,911","1,782,862,818",NODELAY,0,AUTO,Diesel,false,false,HOME,5,5,0
vanta-Sea,Denver Office,CAB,"June 11, 2026",18:16,"4,936,716",LOGOUT,false,Anjali Mikhailov Travel,LZT 785 GP,LZT 785 GP,12,12.88,12.3,"1,781,202,660","1,781,203,500","1,781,201,480","1,781,207,485",NODELAY,0,AUTO,Petrol,false,false,NA,7,7,0
vanta-Sea,Denver Office,CAB,"June 19, 2026",07:16,"4,964,907",LOGOUT,false,Priya Mikhailov Travel,PPO 845 GP,PPO 845 GP,3,13.33,12.8,"1,781,854,260","1,781,855,460","1,781,853,545","1,781,855,444",NODELAY,0,AUTO,Petrol,false,false,NA,2,2,0
vanta-Sea,Denver Office,BUS,"June 9, 2026",14:16,"4,927,915",LOGOUT,false,Sanjay Mikhailov Travel,ROK 428 GP,ROK 428 GP,3,12.89,12.4,"1,781,014,560","1,781,014,740","1,781,013,413","1,781,016,928",NODELAY,0,MANUAL,Electric,false,false,NA,1,1,0
vanta-Sea,Denver Office,BUS,"June 12, 2026",12:00,"4,939,177",LOGIN,false,Isha Mikhailov Travel,EHI 275 GP,EHI 275 GP,12,3.55,3.2,"1,781,264,100","1,781,265,300","1,781,263,081","1,781,265,774",NODELAY,0,MANUAL,Petrol,false,false,NODAL,12,10,2
pinnacle-Slc,Clearwater Campus,CAB,"May 11, 2026",10:30,"3,088,575",LOGIN,false,Karan Mikhailov Travel,YXI 375 GP,YXI 375 GP,3,9.1,8.9,"1,778,492,340","1,778,495,100","1,778,492,215","1,778,494,934",NODELAY,0,AUTO,Diesel,false,false,NA,3,2,0
pinnacle-Slc,Clearwater Campus,CAB,"May 8, 2026",09:00,"3,081,261",LOGIN,false,Divya Sokolov Travel,LDN 901 GP,LDN 901 GP,3,14.25,15,"1,778,227,320","1,778,230,500","1,778,227,233","1,778,230,352",NODELAY,0,AUTO,Diesel,false,false,NA,2,2,0
pinnacle-Slc,Willow Bend Campus,CAB,"May 11, 2026",08:30,"3,085,810",LOGIN,false,Divya Kozlov Travel,SNL 177 GP,SNL 177 GP,3,2.12,1.7,"1,778,486,820","1,778,487,900","1,778,487,127","1,778,487,652",NODELAY,0,AUTO,Diesel,false,false,NODAL,3,2,0
pinnacle-Slc,Willow Bend Campus,CAB,"May 12, 2026",09:00,"3,091,709",LOGIN,false,Divya Sokolov Travel,IGN 564 GP,IGN 564 GP,3,9.7,9.39,"1,778,573,820","1,778,576,100","1,778,574,016","1,778,577,751",TRAFFIC,7,AUTO,Diesel,false,false,HOME,1,1,0
pinnacle-Slc,Clearwater Campus,CAB,"May 12, 2026",09:30,"3,090,865",LOGIN,false,Sanjay Mikhailov Travel,MLL 437 GP,MLL 437 GP,3,3.91,4,"1,778,576,340","1,778,577,900","1,778,577,620","1,778,579,411",DRIVER,5,AUTO,Diesel,false,false,HOME,3,1,0
pinnacle-Slc,Oakmont Office,CAB,"May 12, 2026",16:30,"3,093,767",LOGOUT,false,Rohan Mikhailov Travel,IBB 871 GP,IBB 871 GP,3,27.22,26.74,"1,778,603,400","1,778,608,320","1,778,603,514","1,778,609,256",NODELAY,0,AUTO,Diesel,false,false,NA,2,2,0
pinnacle-Slc,Clearwater Campus,CAB,"May 20, 2026",09:00,"3,128,380",LOGIN,false,Rohan Mikhailov Travel,MMG 909 GP,MMG 909 GP,3,8.26,7.2,"1,779,264,300","1,779,267,300","1,779,265,509","1,779,267,189",NODELAY,0,AUTO,Diesel,false,false,NA,3,1,0
pinnacle-Slc,Oakmont Office,CAB,"May 18, 2026",09:00,"3,116,105",LOGIN,false,Rohan Mikhailov Travel,KNS 446 GP,KNS 446 GP,3,10.32,9.7,"1,779,091,860","1,779,094,500","1,779,091,949","1,779,094,720",NODELAY,0,AUTO,Diesel,false,false,HOME,3,3,0
pinnacle-Slc,Clearwater Campus,CAB,"May 18, 2026",09:00,"3,116,971",LOGIN,false,Aarav Mikhailov Travel,HYE 500 GP,HYE 500 GP,3,1.95,1.42,"1,779,093,420","1,779,094,500","1,779,093,755","1,779,094,614",NODELAY,0,AUTO,Diesel,false,false,NODAL,3,3,0
pinnacle-Slc,Willow Bend Campus,CAB,"May 19, 2026",07:00,"3,121,819",LOGIN,false,Divya Mikhailov Travel,NLP 234 GP,NLP 234 GP,3,11.55,15.25,"1,779,171,180","1,779,173,700","1,779,171,852","1,779,173,743",NODELAY,0,AUTO,Diesel,false,false,NA,2,1,0
orbit-Slc,Cedar Ridge Office,CAB,"July 6, 2026",20:00,"1,319,006",LOGOUT,true,Rahul Mikhailov Travel,FIO 668 GP,FIO 668 GP,3,16.24,15.3,"1,783,368,900","1,783,371,480","1,783,369,450","1,783,372,034",NODELAY,0,AUTO,Diesel,false,false,HOME,2,2,1
vanta-Aus,Cedar Ridge Office,CAB,"July 6, 2026",13:00,"1,212,853",LOGIN,false,Priya Mikhailov Travel,VES 432 GP,VES 432 GP,5,8.12,7.1,"1,783,339,740","1,783,341,900","1,783,339,733","1,783,340,944",NODELAY,0,AUTO,Diesel,false,false,NODAL,1,1,0
catalyst-Sac,Santa Clara Office,CAB,"July 8, 2026",19:00,"1,527,649",LOGOUT,true,Vikram Mikhailov Travel,JEK 417 GP,JEK 417 GP,4,13.15,13.1,"1,783,538,100","1,783,539,180","1,783,538,174","1,783,546,087",NODELAY,0,AUTO,Petrol,false,false,NA,3,4,0
catalyst-Sac,Santa Clara Office,CAB,"July 3, 2026",19:00,"1,521,608",LOGOUT,true,Vikram Mikhailov Travel,ABI 014 GP,ABI 014 GP,4,27.8,29.19,"1,783,106,100","1,783,109,520","1,783,105,789","1,783,116,614",NODELAY,0,AUTO,Petrol,false,false,HOME,2,3,0
vanta-Sea,Denver Office,BUS,"July 1, 2026",11:00,"5,002,720",LOGIN,false,Anjali Mikhailov Travel,PIB 499 GP,PIB 499 GP,3,22.33,18,"1,782,898,800","1,782,902,700","1,782,898,463","1,782,902,976",NODELAY,0,MANUAL,Petrol,false,false,HOME,3,3,0
catalyst-Sac,Santa Clara Office,CAB,"July 14, 2026",06:30,"1,534,815",LOGOUT,false,Rohan Mikhailov Travel,DDV 948 GP,DDV 948 GP,4,6.38,6.08,"1,784,011,500","1,784,012,160","1,784,011,742","1,784,013,171",NODELAY,0,AUTO,Petrol,false,false,NA,2,2,0
pinnacle-Slc,Clearwater Campus,CAB,"June 1, 2026",15:30,"3,176,810",LOGOUT,false,Sanjay Mikhailov Travel,XMU 703 GP,XMU 703 GP,3,9.03,9.1,"1,780,327,800","1,780,329,300","1,780,328,931","1,780,331,009",DRIVER,3,AUTO,Diesel,false,false,NA,2,2,0
pinnacle-Slc,Clearwater Campus,CAB,"June 11, 2026",13:30,"3,229,478",LOGOUT,false,Amit Volkov Travel,XPV 471 GP,XPV 471 GP,3,29.31,29.68,"1,781,184,600","1,781,188,800","1,781,184,500","1,781,189,283",NODELAY,0,AUTO,Diesel,false,false,NA,1,1,0
pinnacle-Slc,Willow Bend Campus,CAB,"June 11, 2026",13:30,"3,228,362",LOGOUT,false,Rohan Mikhailov Travel,NCD 689 GP,NCD 689 GP,3,24.74,25.07,"1,781,184,600","1,781,187,720","1,781,184,775","1,781,189,320",NODELAY,0,AUTO,Diesel,false,false,NA,2,2,0
pinnacle-Slc,Clearwater Campus,CAB,"June 11, 2026",14:30,"3,230,431",LOGOUT,false,Amit Volkov Travel,ANR 733 GP,ANR 733 GP,3,9.86,8.39,"1,781,188,200","1,781,190,180","1,781,188,060","1,781,191,977",NODELAY,0,AUTO,Diesel,false,false,NA,3,3,0
pinnacle-Slc,Clearwater Campus,CAB,"June 8, 2026",10:30,"3,206,270",LOGIN,false,Divya Mikhailov Travel,KIT 555 GP,KIT 555 GP,3,3.81,5.13,"1,780,912,320","1,780,914,300","1,780,912,651","1,780,914,361",NODELAY,0,AUTO,Diesel,false,false,NODAL,3,2,0
pinnacle-Slc,Willow Bend Campus,CAB,"June 8, 2026",14:30,"3,208,540",LOGOUT,false,Rahul Morozov Travel,XQC 993 GP,XQC 993 GP,3,10.46,11.1,"1,780,929,000","1,780,930,320","1,780,929,295","1,780,932,168",NODELAY,0,AUTO,Diesel,false,false,NA,2,2,0
pinnacle-Slc,Willow Bend Campus,CAB,"June 15, 2026",15:30,"3,242,678",LOGOUT,false,Pooja Mikhailov Travel,YRE 204 GP,YRE 204 GP,3,2.28,2.02,"1,781,537,400","1,781,537,820","1,781,537,953","1,781,539,072",EMPLOYEE,3,AUTO,Diesel,false,false,NODAL,3,3,0
pinnacle-Slc,Clearwater Campus,CAB,"July 17, 2026",07:30,"3,410,193",LOGIN,false,Divya Sokolov Travel,OHC 587 GP,OHC 587 GP,3,12.52,12.4,"1,784,271,060","1,784,273,100","1,784,271,423","1,784,272,853",NODELAY,0,AUTO,Diesel,false,false,HOME,2,2,0
pinnacle-Slc,Oakmont Office,CAB,"July 15, 2026",22:00,"3,398,768",LOGOUT,false,Divya Kozlov Travel,DXF 525 GP,DXF 525 GP,3,13.02,12.3,"1,784,152,800","1,784,154,960","1,784,153,726","1,784,156,007",EMPLOYEE,1,AUTO,Diesel,false,false,HOME,2,2,0
pinnacle-Slc,Clearwater Campus,CAB,"July 16, 2026",08:30,"3,402,362",LOGIN,false,Aarav Mikhailov Travel,HGO 676 GP,HGO 676 GP,3,12.42,12.86,"1,784,188,140","1,784,190,300","1,784,186,809","1,784,189,204",NODELAY,0,AUTO,Diesel,false,false,NODAL,1,1,0
pinnacle-Slc,Willow Bend Campus,CAB,"July 17, 2026",14:30,"3,412,784",LOGOUT,false,Arjun Mikhailov Travel,SWE 615 GP,SWE 615 GP,3,19.26,19.3,"1,784,298,600","1,784,301,420","1,784,298,641","1,784,302,222",NODELAY,0,AUTO,Diesel,false,false,HOME,2,2,0
pinnacle-Slc,Oakmont Office,CAB,"July 21, 2026",09:00,"3,423,766",LOGIN,false,Divya Mikhailov Travel,SHD 275 GP,SHD 275 GP,3,5.3,5.7,"1,784,621,640","1,784,624,100","1,784,621,668","1,784,624,374",NODELAY,0,AUTO,Diesel,false,false,HOME,3,2,0
pinnacle-Slc,Clearwater Campus,CAB,"July 16, 2026",Non Shift,"3,412,221",LOGOUT,false,Aarav Mikhailov Travel,EFJ 397 GP,EFJ 397 GP,3,3.49,6.75,"1,784,233,800","1,784,237,400","1,784,234,132","1,784,236,935",NODELAY,0,AUTO,Diesel,false,false,NA,1,1,0
pinnacle-Slc,Oakmont Office,CAB,"July 16, 2026",13:30,"3,405,234",LOGOUT,false,Divya Sokolov Travel,SDR 222 GP,SDR 222 GP,3,6.34,6.4,"1,784,208,600","1,784,209,860","1,784,209,049","1,784,210,286",NODELAY,0,AUTO,Diesel,false,false,NA,1,1,0
pinnacle-Slc,Clearwater Campus,CAB,"July 22, 2026",09:30,"3,429,157",LOGIN,false,Rohan Mikhailov Travel,PHW 642 GP,PHW 642 GP,3,9.3,12.82,"1,784,708,520","1,784,712,300","1,784,709,283","1,784,712,749",NODELAY,0,AUTO,Diesel,false,false,NA,4,3,0
pinnacle-Slc,Willow Bend Campus,CAB,"July 23, 2026",15:30,"3,438,649",LOGOUT,false,Amit Mikhailov Travel,OYF 013 GP,OYF 013 GP,3,2.97,3.1,"1,784,820,600","1,784,821,380","1,784,820,610","1,784,821,332",NODELAY,0,AUTO,Diesel,false,false,NA,1,1,0
pinnacle-Slc,Willow Bend Campus,CAB,"July 22, 2026",09:30,"3,430,738",LOGIN,false,Rahul Morozov Travel,KFI 535 GP,KFI 535 GP,3,3.56,5.01,"1,784,710,560","1,784,712,300","1,784,710,830","1,784,713,582",EMPLOYEE,1,AUTO,Diesel,false,false,NA,3,2,1
pinnacle-Slc,Oakmont Office,CAB,"July 23, 2026",14:30,"3,438,160",LOGOUT,false,Rohan Mikhailov Travel,COW 962 GP,COW 962 GP,3,22.58,22.89,"1,784,817,000","1,784,820,960","1,784,816,749","1,784,822,022",NODELAY,0,AUTO,Diesel,false,false,NA,2,2,0
pinnacle-Slc,Clearwater Campus,CAB,"July 23, 2026",14:30,"3,439,679",LOGOUT,false,Rahul Mikhailov Travel,OTW 701 GP,OTW 701 GP,3,13.6,13.3,"1,784,817,000","1,784,819,280","1,784,816,990","1,784,819,871",NODELAY,0,AUTO,Diesel,false,false,NA,3,3,0
pinnacle-Slc,Willow Bend Campus,CAB,"July 24, 2026",09:30,"3,443,707",LOGIN,false,Arjun Mikhailov Travel,DMC 651 GP,DMC 651 GP,3,6.4,5.9,"1,784,883,600","1,784,885,100","1,784,883,617","1,784,885,115",NODELAY,0,AUTO,Diesel,false,false,NA,1,1,0
pinnacle-Slc,Clearwater Campus,CAB,"July 24, 2026",14:30,"3,446,396",LOGOUT,false,Rahul Morozov Travel,LSG 247 GP,LSG 247 GP,3,12.36,10,"1,784,903,400","1,784,905,980","1,784,903,436","1,784,905,114",NODELAY,0,AUTO,Diesel,false,false,HOME,2,1,0
pinnacle-Slc,Clearwater Campus,CAB,"July 21, 2026",08:30,"3,421,945",LOGIN,false,Rahul Orlov Travel,OAR 165 GP,OAR 165 GP,3,5.56,6.2,"1,784,619,480","1,784,622,300","1,784,620,191","1,784,622,401",NODELAY,0,AUTO,Diesel,false,false,NA,3,1,0
catalyst-Sac,Oakmont Office,CAB,"May 27, 2026",03:00,"1,471,144",LOGOUT,false,Priya Mikhailov Travel,DNS 607 GP,DNS 607 GP,4,16.84,16.14,"1,779,851,700","1,779,853,380","1,779,851,352","1,779,853,555",NODELAY,0,AUTO,Petrol,false,false,NA,1,1,0
vanta-Sea,Denver Office,CAB,"May 5, 2026",22:16,"4,823,572",LOGOUT,true,Isha Mikhailov Travel,LEA 114 GP,LEA 114 GP,5,22.7,22.5,"1,778,020,260","1,778,023,200","1,778,019,476","1,778,023,843",NODELAY,0,AUTO,Petrol,false,false,NA,4,4,1
vanta-Sea,Denver Office,CAB,"May 6, 2026",20:16,"4,826,883",LOGOUT,false,Priya Mikhailov Travel,EYP 978 GP,EYP 978 GP,3,20.48,20.9,"1,778,099,460","1,778,101,320","1,778,098,073","1,778,103,218",NODELAY,0,AUTO,Petrol,false,false,NA,2,2,0
vanta-Aus,Cedar Ridge Office,CAB,"May 29, 2026",12:00,"1,146,211",LOGIN,false,Sneha Mikhailov Travel,VEJ 539 GP,VEJ 539 GP,5,10.69,10.6,"1,780,052,280","1,780,055,100","1,780,052,653","1,780,054,550",NODELAY,0,AUTO,Diesel,false,false,NA,4,3,1
vanta-Sea,Denver Office,BUS,"May 5, 2026",12:00,"4,821,046",LOGIN,false,Aarav Mikhailov Travel,CRB 690 GP,CRB 690 GP,12,9.36,9,"1,777,979,520","1,777,981,500","1,777,978,285","1,777,982,793",TRAFFIC,6,MANUAL,Petrol,false,false,NODAL,12,7,5
catalyst-Sac,Crestwood Campus,CAB,"June 2, 2026",19:00,"1,478,299",LOGOUT,true,Divya Mikhailov Travel,FND 475 GP,FND 475 GP,4,29.87,29.9,"1,780,427,700","1,780,431,480","1,780,427,699","1,780,438,275",NODELAY,0,AUTO,Petrol,false,false,NODAL,3,4,0
vanta-Sea,Denver Office,CAB,"June 1, 2026",06:00,"4,900,403",LOGIN,true,Isha Mikhailov Travel,FBV 836 GP,FBV 836 GP,3,16.31,16.1,"1,780,290,540","1,780,292,700","1,780,290,649","1,780,292,698",NODELAY,0,AUTO,Petrol,false,false,HOME,2,3,0
vanta-Aus,Cedar Ridge Office,CAB,"June 18, 2026",06:15,"1,180,563",LOGOUT,true,Sneha Mikhailov Travel,FUS 661 GP,FUS 661 GP,3,20.97,20.6,"1,781,764,200","1,781,766,720","1,781,762,991","1,781,765,825",NODELAY,0,AUTO,Electric,false,false,NA,2,3,0
vanta-Aus,Cedar Ridge Office,CAB,"June 5, 2026",09:00,"1,157,012",LOGIN,false,Sneha Mikhailov Travel,GDR 346 GP,GDR 346 GP,3,4.82,6.3,"1,780,647,780","1,780,649,100","1,780,647,673","1,780,649,169",NODELAY,0,AUTO,Electric,false,false,HOME,3,3,0
vanta-Aus,Cedar Ridge Office,CAB,"June 25, 2026",13:00,"1,193,460",LOGIN,false,Meera Pavlov Travel,JDQ 803 GP,JDQ 803 GP,5,8.98,8.5,"1,782,389,400","1,782,391,500","1,782,389,606","1,782,391,722",NODELAY,0,AUTO,Diesel,false,false,HOME,2,2,0
catalyst-Sac,Santa Clara Office,CAB,"June 10, 2026",02:30,"1,488,318",LOGOUT,false,Divya Mikhailov Travel,ZAR 573 GP,ZAR 573 GP,4,25,24.9,"1,781,059,500","1,781,061,600","1,781,059,582","1,781,062,949",NODELAY,0,AUTO,Petrol,false,false,HOME,3,3,0
vanta-Aus,Cedar Ridge Office,CAB,"June 23, 2026",10:00,"1,188,860",LOGIN,false,Sneha Mikhailov Travel,XFT 511 GP,XFT 511 GP,5,6.67,7.7,"1,782,205,500","1,782,207,900","1,782,205,554","1,782,208,239",NODELAY,0,AUTO,Diesel,false,false,HOME,5,5,0
vanta-Aus,Cedar Ridge Office,CAB,"June 8, 2026",19:15,"1,162,282",LOGOUT,true,Anjali Mikhailov Travel,QNQ 983 GP,QNQ 983 GP,3,11.37,12.5,"1,780,947,000","1,780,949,820","1,780,946,110","1,780,950,233",NODELAY,0,AUTO,Diesel,false,false,NA,2,2,1
vanta-Aus,Cedar Ridge Office,CAB,"June 10, 2026",21:15,"1,166,896",LOGOUT,false,Priya Mikhailov Travel,XZM 938 GP,XZM 938 GP,3,19.81,21.8,"1,781,127,000","1,781,131,140","1,781,126,232","1,781,129,237",NODELAY,0,AUTO,Electric,false,false,HOME,1,1,0
vanta-Sea,Denver Office,CAB,"June 3, 2026",00:16,"4,907,964",LOGOUT,false,Aarav Petrov Travel,VBR 509 GP,VBR 509 GP,3,28.97,24.9,"1,780,446,660","1,780,449,780","1,780,445,707","1,780,448,718",NODELAY,0,AUTO,Petrol,false,false,NA,1,1,0
vanta-Aus,Cedar Ridge Office,CAB,"May 5, 2026",13:00,"1,102,752",LOGIN,false,Sneha Mikhailov Travel,GOA 661 GP,GOA 661 GP,3,6.86,7.3,"1,777,983,360","1,777,985,100","1,777,983,415","1,777,985,038",NODELAY,0,AUTO,Diesel,false,false,NODAL,3,2,1
vanta-Aus,Cedar Ridge Office,CAB,"May 5, 2026",16:15,"1,103,620",LOGOUT,false,Sneha Mikhailov Travel,GOA 661 GP,GOA 661 GP,3,5.37,7.7,"1,777,998,600","1,777,999,980","1,777,998,072","1,778,000,272",NODELAY,0,AUTO,Diesel,false,false,NA,1,1,0
vanta-Aus,Cedar Ridge Office,CAB,"May 9, 2026",09:00,"1,110,765",LOGIN,false,Meera Pavlov Travel,RJF 984 GP,RJF 984 GP,3,6.11,5.8,"1,778,315,160","1,778,316,300","1,778,314,791","1,778,315,495",NODELAY,0,AUTO,Diesel,false,false,NODAL,1,1,0
vanta-Aus,Cedar Ridge Office,CAB,"May 12, 2026",21:15,"1,116,459",LOGOUT,true,Priya Mikhailov Travel,EVN 254 GP,EVN 254 GP,5,27.16,27,"1,778,621,400","1,778,625,240","1,778,620,032","1,778,624,500",NODELAY,0,AUTO,Diesel,false,false,HOME,2,3,0
catalyst-Sac,Fairview Commons,CAB,"May 13, 2026",04:30,"1,454,109",LOGOUT,true,Sanjay Mikhailov Travel,JAG 833 GP,JAG 833 GP,4,13.69,13.7,"1,778,647,500","1,778,648,580","1,778,647,326","1,778,650,503",NODELAY,0,AUTO,Petrol,false,false,NA,2,3,0
catalyst-Sac,Santa Clara Office,CAB,"May 19, 2026",06:00,"1,460,807",LOGIN,true,Divya Mikhailov Travel,TJD 965 GP,TJD 965 GP,4,3.29,3.13,"1,779,168,060","1,779,168,600","1,779,167,227","1,779,168,516",NODELAY,0,AUTO,Petrol,false,false,NA,1,2,0
catalyst-Sac,Fairview Commons,CAB,"May 25, 2026",21:30,"1,468,950",LOGOUT,false,Arjun Mikhailov Travel,XFW 437 GP,XFW 437 GP,4,33.17,32.88,"1,779,745,500","1,779,749,400","1,779,745,857","1,779,750,348",NODELAY,0,AUTO,Petrol,false,false,NA,1,1,0
vanta-Sea,Denver Office,CAB,"July 2, 2026",22:16,"5,009,936",LOGOUT,false,Aarav Mikhailov Travel,YFR 421 GP,YFR 421 GP,3,18.89,15.8,"1,783,031,460","1,783,032,900","1,783,030,418","1,783,033,134",NODELAY,0,AUTO,Electric,false,false,HOME,2,2,0
orbit-Slc,Lakeside Commons,BUS,"July 16, 2026",13:00,"1,337,303",LOGIN,false,Rahul Mikhailov Travel,ZLK 227 GP,ZLK 227 GP,3,15.23,17.6,"1,784,201,400","1,784,205,900","1,784,201,489","1,784,204,507",NODELAY,0,MANUAL,Diesel,false,false,HOME,2,2,0
catalyst-Sac,Crestwood Campus,CAB,"July 20, 2026",20:00,"1,542,646",LOGIN,false,Divya Mikhailov Travel,GCM 734 GP,GCM 734 GP,4,10.85,10.35,"1,784,572,800","1,784,575,800","1,784,573,006","1,784,575,302",NODELAY,0,AUTO,Petrol,false,false,NA,2,2,0
vanta-Sea,Denver Office,CAB,"July 2, 2026",19:16,"5,009,093",LOGOUT,true,Sanjay Mikhailov Travel,NMK 206 GP,NMK 206 GP,3,22.96,28.6,"1,783,020,660","1,783,022,580","1,783,019,631","1,783,026,133",NODELAY,0,AUTO,Petrol,false,false,HOME,2,4,0
vanta-Sea,Denver Office,SPOT_2.0,"July 3, 2026",Non Shift,"5,012,022",LOGIN,false,Meera Lebedev Travel,DHH 578 GP,DHH 578 GP,5,0,36.5,"1,783,088,100","1,783,091,610","1,783,087,395","1,783,092,194",NODELAY,0,RENTLZ,Petrol,false,false,NA,1,1,0
vanta-Sea,Denver Office,BUS,"July 3, 2026",12:00,"5,011,399",LOGIN,false,Sanjay Mikhailov Travel,CXQ 049 GP,CXQ 049 GP,12,31.06,31.3,"1,783,073,040","1,783,079,100","1,783,071,598","1,783,077,629",NODELAY,0,MANUAL,Petrol,false,false,HOME,11,10,1
orbit-Slc,Eastgate Office,CAB,"July 24, 2026",13:00,"1,352,806",LOGIN,false,Rohan Mikhailov Travel,WSP 625 GP,WSP 625 GP,6,15.22,20.14,"1,784,893,080","1,784,897,100","1,784,893,051","1,784,896,997",NODELAY,0,AUTO,Diesel,false,false,HOME,4,4,0
vanta-Sea,Denver Office,CAB,"July 5, 2026",09:00,"5,015,670",LOGIN,false,Anjali Mikhailov Travel,OUQ 671 GP,OUQ 671 GP,3,10.05,9.9,"1,783,239,300","1,783,241,100","1,783,239,260","1,783,240,486",NODELAY,0,AUTO,Electric,false,false,HOME,1,1,0
vanta-Sea,Denver Office,BUS,"July 6, 2026",15:16,"5,018,507",LOGOUT,false,Isha Mikhailov Travel,VPQ 789 GP,VPQ 789 GP,3,12.53,8.9,"1,783,350,960","1,783,352,040","1,783,350,343","1,783,353,279",NODELAY,0,SHUTTLE_SERVICE,Petrol,false,false,HOME,3,3,0
pinnacle-Slc,Oakmont Office,CAB,"June 9, 2026",15:00,"3,213,959",LOGOUT,false,Karan Mikhailov Travel,JSB 233 GP,JSB 233 GP,3,21.05,22.93,"1,781,017,200","1,781,020,260","1,781,017,519","1,781,021,424",NODELAY,0,AUTO,Diesel,false,false,NODAL,2,2,0
vanta-Sea,Denver Office,BUS,"June 19, 2026",15:16,"4,965,419",LOGOUT,false,Aarav Mikhailov Travel,ZKW 061 GP,ZKW 061 GP,12,12.36,13.8,"1,781,882,160","1,781,882,880","1,781,881,161","1,781,885,374",NODELAY,0,MANUAL,Petrol,false,false,NA,4,4,0
pinnacle-Slc,Clearwater Campus,CAB,"June 16, 2026",16:30,"3,253,217",LOGOUT,false,Rahul Morozov Travel,DEV 808 GP,DEV 808 GP,3,4.19,4.76,"1,781,627,400","1,781,628,180","1,781,627,615","1,781,629,910",NODELAY,0,AUTO,Diesel,false,false,HOME,3,2,0
vanta-Sea,Denver Office,BUS,"June 22, 2026",19:30,"4,972,690",LOGOUT,true,Aarav Petrov Travel,YSM 438 GP,YSM 438 GP,12,4.01,5.4,"1,782,156,600","1,782,157,800","1,782,156,396","1,782,158,406",NODELAY,0,MANUAL,Petrol,false,false,HOME,3,5,0
pinnacle-Slc,Willow Bend Campus,CAB,"June 17, 2026",08:30,"3,256,749",LOGIN,false,Pooja Mikhailov Travel,YOY 092 GP,YOY 092 GP,3,17.43,18.08,"1,781,680,680","1,781,684,700","1,781,681,141","1,781,685,531",NODELAY,0,AUTO,Diesel,false,false,HOME,2,2,0
vanta-Sea,Denver Office,CAB,"June 24, 2026",22:16,"4,982,295",LOGOUT,false,Isha Mikhailov Travel,YLW 652 GP,YLW 652 GP,3,30.92,30.7,"1,782,340,260","1,782,345,240","1,782,339,038","1,782,344,428",NODELAY,0,AUTO,Petrol,false,false,NA,2,2,0
vanta-Sea,Denver Office,CAB,"July 21, 2026",10:00,"5,065,220",LOGIN,false,Aarav Petrov Travel,SFV 424 GP,SFV 424 GP,3,8.68,8.3,"1,784,625,420","1,784,627,100","1,784,625,635","1,784,629,640",TRAFFIC,27,AUTO,Electric,false,false,HOME,1,1,0
vanta-Sea,Denver Office,CAB,"July 15, 2026",15:16,"5,048,454",LOGOUT,false,Anjali Mikhailov Travel,BFH 825 GP,BFH 825 GP,3,26.01,26,"1,784,129,460","1,784,132,220","1,784,127,951","1,784,133,334",NODELAY,0,AUTO,Petrol,false,false,HOME,1,1,0
vanta-Sea,Denver Office,BUS,"July 21, 2026",14:00,"5,065,912",LOGIN,false,Sanjay Mikhailov Travel,CDD 849 GP,CDD 849 GP,5,21.01,22.1,"1,784,637,240","1,784,641,500","1,784,635,586","1,784,641,923",NODELAY,0,MANUAL,Electric,false,false,HOME,3,3,0
vanta-Sea,Denver Office,CAB,"July 22, 2026",21:16,"5,072,051",LOGOUT,false,Sanjay Mikhailov Travel,OUR 655 GP,OUR 655 GP,5,33.46,33.6,"1,784,755,860","1,784,760,360","1,784,754,819","1,784,761,164",NODELAY,0,AUTO,Electric,false,false,HOME,4,4,0
vanta-Sea,Denver Office,BUS,"July 24, 2026",15:16,"5,079,751",LOGOUT,false,Priya Mikhailov Travel,HEP 220 GP,HEP 220 GP,3,15.11,16.1,"1,784,906,160","1,784,906,880","1,784,905,679","1,784,909,864",NODELAY,0,MANUAL,Petrol,false,false,HOME,2,2,0
vanta-Sea,Denver Office,CAB,"July 29, 2026",17:16,"5,095,900",LOGOUT,false,Aarav Petrov Travel,SBK 445 GP,SBK 445 GP,12,1.02,13.1,"1,785,346,260","1,785,346,440","1,785,345,112","1,785,349,551",NODELAY,0,AUTO,Petrol,false,false,HOME,3,3,0
pinnacle-Slc,Clearwater Campus,CAB,"July 1, 2026",Non Shift,"3,340,130",LOGOUT,false,Sanjay Mikhailov Travel,NDJ 188 GP,NDJ 188 GP,3,2.51,2.5,"1,782,930,600","1,782,934,200","1,782,931,573","1,782,932,321",DRIVER,3,AUTO,Diesel,false,false,NA,1,1,0
pinnacle-Slc,Clearwater Campus,CAB,"June 29, 2026",08:30,"3,318,388",LOGIN,false,Divya Sokolov Travel,LGC 652 GP,LGC 652 GP,3,9.59,9.4,"1,782,718,800","1,782,721,500","1,782,719,159","1,782,721,182",NODELAY,0,AUTO,Diesel,false,false,HOME,3,2,0
pinnacle-Slc,Willow Bend Campus,CAB,"June 25, 2026",08:30,"3,301,587",LOGIN,false,Rohan Mikhailov Travel,THQ 445 GP,THQ 445 GP,3,14.26,14.2,"1,782,373,200","1,782,375,900","1,782,373,764","1,782,378,025",EMPLOYEE,15,AUTO,Diesel,false,false,NA,3,3,0
pinnacle-Slc,Oakmont Office,CAB,"June 26, 2026",18:30,"3,310,796",LOGOUT,false,Karan Mikhailov Travel,BOO 489 GP,BOO 489 GP,3,1.97,1.3,"1,782,498,600","1,782,499,080","1,782,499,606","1,782,499,918",DRIVER,2,AUTO,Diesel,false,false,HOME,1,1,0
pinnacle-Slc,Willow Bend Campus,CAB,"June 29, 2026",09:00,"3,317,093",LOGIN,false,Sanjay Mikhailov Travel,NDJ 188 GP,NDJ 188 GP,3,6.67,5.9,"1,782,721,500","1,782,723,300","1,782,721,740","1,782,723,540",NODELAY,0,AUTO,Diesel,false,false,NA,1,1,0
pinnacle-Slc,Willow Bend Campus,CAB,"June 29, 2026",07:30,"3,317,338",LOGIN,false,Pooja Mikhailov Travel,HMD 191 GP,HMD 191 GP,3,20.6,20.4,"1,782,714,540","1,782,717,900","1,782,714,714","1,782,716,966",NODELAY,0,AUTO,Diesel,false,false,HOME,2,2,0
pinnacle-Slc,Clearwater Campus,CAB,"June 30, 2026",08:30,"3,321,183",LOGIN,false,Pooja Mikhailov Travel,DEM 230 GP,DEM 230 GP,3,19.58,19.76,"1,782,802,680","1,782,807,900","1,782,803,644","1,782,807,494",NODELAY,0,AUTO,Diesel,false,false,HOME,3,1,0
pinnacle-Slc,Oakmont Office,CAB,"June 30, 2026",15:00,"3,324,988",LOGOUT,false,Arjun Mikhailov Travel,TSS 041 GP,TSS 041 GP,3,25.2,26,"1,782,831,600","1,782,835,560","1,782,831,413","1,782,838,327",NODELAY,0,AUTO,Diesel,false,false,HOME,3,3,0
vanta-Sea,Denver Office,BUS,"May 8, 2026",12:00,"4,832,335",LOGIN,false,Sanjay Mikhailov Travel,LHI 874 GP,LHI 874 GP,5,16.11,15.9,"1,778,237,460","1,778,240,700","1,778,235,743","1,778,240,547",NODELAY,0,MANUAL,Petrol,false,false,NA,5,4,1
vanta-Sea,Denver Office,CAB,"May 6, 2026",21:16,"4,827,119",LOGOUT,true,Aarav Mikhailov Travel,RYG 438 GP,RYG 438 GP,12,10.12,5.4,"1,778,103,060","1,778,104,200","1,778,102,422","1,778,103,818",NODELAY,0,AUTO,Petrol,false,false,NA,3,2,2
vanta-Sea,Denver Office,BUS,"May 12, 2026",15:00,"4,842,643",LOGIN,false,Aarav Mikhailov Travel,TKT 482 GP,TKT 482 GP,3,25.76,23.8,"1,778,593,080","1,778,597,100","1,778,592,801","1,778,598,148",DRIVER,2,MANUAL,Petrol,false,false,HOME,1,1,0
vanta-Sea,Denver Office,CAB,"May 13, 2026",20:16,"4,847,996",LOGOUT,true,Isha Mikhailov Travel,HIT 099 GP,HIT 099 GP,3,5.96,6.3,"1,778,704,260","1,778,704,860","1,778,703,834","1,778,705,161",NODELAY,0,AUTO,Electric,false,false,NA,1,2,0
vanta-Sea,Denver Office,CAB,"May 18, 2026",21:16,"4,861,354",LOGOUT,true,Priya Mikhailov Travel,CZV 239 GP,CZV 239 GP,3,5.49,6.8,"1,779,139,860","1,779,140,220","1,779,138,818","1,779,141,769",NODELAY,0,AUTO,Petrol,false,false,NA,2,4,0
vanta-Sea,Denver Office,CAB,"May 12, 2026",21:16,"4,844,236",LOGOUT,false,Isha Mikhailov Travel,EVW 221 GP,EVW 221 GP,5,23.78,27.6,"1,778,621,460","1,778,625,120","1,778,620,549","1,778,626,229",NODELAY,0,AUTO,Petrol,false,false,NA,4,4,1
vanta-Sea,Denver Office,BUS,"May 26, 2026",12:00,"4,883,856",LOGIN,false,Anjali Mikhailov Travel,AVM 079 GP,AVM 079 GP,5,5.88,6.7,"1,779,794,640","1,779,795,900","1,779,793,247","1,779,796,314",NODELAY,0,MANUAL,Petrol,false,false,NODAL,5,4,1
pinnacle-Slc,Willow Bend Campus,CAB,"July 6, 2026",15:00,"3,351,618",LOGOUT,false,Rahul Morozov Travel,MER 251 GP,MER 251 GP,3,9.24,9.53,"1,783,350,000","1,783,351,680","1,783,349,969","1,783,353,707",NODELAY,0,AUTO,Diesel,false,false,HOME,2,2,0
pinnacle-Slc,Clearwater Campus,CAB,"July 7, 2026",14:30,"3,360,860",LOGOUT,false,Amit Mikhailov Travel,VRJ 793 GP,VRJ 793 GP,3,14.34,15.9,"1,783,434,600","1,783,437,240","1,783,435,164","1,783,438,772",NODELAY,0,AUTO,Diesel,false,false,NA,3,3,0
pinnacle-Slc,Willow Bend Campus,CAB,"July 7, 2026",08:30,"3,357,333",LOGIN,false,Arjun Mikhailov Travel,XXO 987 GP,XXO 987 GP,3,24.77,24.08,"1,783,406,040","1,783,412,700","1,783,407,633","1,783,412,191",NODELAY,0,AUTO,Diesel,false,false,NA,3,2,0
pinnacle-Slc,Oakmont Office,CAB,"July 7, 2026",21:00,"3,358,358",LOGOUT,true,Rohan Mikhailov Travel,NWJ 876 GP,NWJ 876 GP,3,3.5,3.5,"1,783,458,000","1,783,458,840","1,783,458,471","1,783,459,662",NODELAY,0,AUTO,Diesel,false,false,NA,2,2,0
pinnacle-Slc,Clearwater Campus,CAB,"July 6, 2026",07:30,"3,352,750",LOGIN,false,Karan Mikhailov Travel,KVP 706 GP,KVP 706 GP,3,32.22,30.7,"1,783,318,800","1,783,322,700","1,783,319,081","1,783,322,689",NODELAY,0,AUTO,Diesel,false,false,NA,3,3,0
pinnacle-Slc,Clearwater Campus,CAB,"July 7, 2026",06:30,"3,355,281",LOGIN,true,Divya Mikhailov Travel,NTN 118 GP,NTN 118 GP,3,21.67,21.68,"1,783,403,100","1,783,405,500","1,783,403,043","1,783,404,865",NODELAY,0,AUTO,Diesel,false,false,NA,2,2,0
pinnacle-Slc,Oakmont Office,CAB,"July 8, 2026",08:30,"3,364,002",LOGIN,false,Rahul Morozov Travel,GRD 463 GP,GRD 463 GP,3,24.42,24.21,"1,783,493,340","1,783,499,100","1,783,493,987","1,783,497,778",NODELAY,0,AUTO,Diesel,false,false,NA,3,3,0
pinnacle-Slc,Clearwater Campus,CAB,"July 14, 2026",10:30,"3,389,939",LOGIN,false,Amit Mikhailov Travel,VWA 436 GP,VWA 436 GP,3,9.02,8.7,"1,784,021,520","1,784,024,700","1,784,021,743","1,784,024,380",NODELAY,0,AUTO,Diesel,false,false,NA,2,2,0
pinnacle-Slc,Oakmont Office,CAB,"July 15, 2026",09:30,"3,397,703",LOGIN,false,Rahul Morozov Travel,JRP 025 GP,JRP 025 GP,3,2.05,1.9,"1,784,105,940","1,784,107,500","1,784,106,915","1,784,107,315",NODELAY,0,AUTO,Diesel,false,false,NA,3,2,0
pinnacle-Slc,Clearwater Campus,CAB,"June 18, 2026",15:30,"3,270,076",LOGOUT,false,Arjun Mikhailov Travel,DMC 651 GP,DMC 651 GP,3,10.2,10.23,"1,781,796,600","1,781,798,100","1,781,797,014","1,781,800,050",NODELAY,0,AUTO,Diesel,false,false,HOME,3,3,0
pinnacle-Slc,Willow Bend Campus,CAB,"June 24, 2026",09:30,"3,294,842",LOGIN,false,Pooja Mikhailov Travel,WQQ 940 GP,WQQ 940 GP,3,18.18,19.31,"1,782,287,640","1,782,293,100","1,782,288,092","1,782,294,022",NODELAY,0,AUTO,Diesel,false,false,NA,3,3,0
pinnacle-Slc,Clearwater Campus,CAB,"June 8, 2026",15:00,"3,209,668",LOGOUT,false,Divya Mikhailov Travel,RUV 643 GP,RUV 643 GP,3,8.34,9.74,"1,780,930,800","1,780,932,360","1,780,931,138","1,780,934,171",EMPLOYEE,1,AUTO,Diesel,false,false,NA,4,3,0
pinnacle-Slc,Clearwater Campus,CAB,"June 18, 2026",08:30,"3,264,450",LOGIN,false,Karan Mikhailov Travel,MVP 081 GP,MVP 081 GP,3,8.61,7.4,"1,781,769,240","1,781,771,100","1,781,769,924","1,781,771,895",NODELAY,0,AUTO,Diesel,false,false,HOME,2,1,1
vanta-Sea,Denver Office,BUS,"June 29, 2026",14:00,"4,994,595",LOGIN,false,Aarav Petrov Travel,EUQ 134 GP,EUQ 134 GP,3,8.69,8.5,"1,782,739,200","1,782,740,700","1,782,739,299","1,782,740,763",NODELAY,0,MANUAL,Petrol,false,false,HOME,1,1,0
pinnacle-Slc,Oakmont Office,CAB,"June 18, 2026",04:30,"3,268,651",LOGOUT,true,Divya Mikhailov Travel,NTN 118 GP,NTN 118 GP,3,29.4,29.88,"1,781,757,000","1,781,759,640","1,781,757,846","1,781,761,645",NODELAY,0,AUTO,Diesel,false,false,NA,2,2,0
pinnacle-Slc,Oakmont Office,CAB,"June 24, 2026",08:30,"3,295,310",LOGIN,false,Sanjay Mikhailov Travel,KKF 210 GP,KKF 210 GP,3,8.55,8.5,"1,782,287,400","1,782,289,500","1,782,287,664","1,782,290,496",NODELAY,0,AUTO,Diesel,false,false,NODAL,2,2,0
pinnacle-Slc,Clearwater Campus,CAB,"May 19, 2026",10:30,"3,123,414",LOGIN,false,Aarav Mikhailov Travel,QBR 736 GP,QBR 736 GP,3,5.52,6.72,"1,779,184,020","1,779,186,300","1,779,184,257","1,779,187,586",TRAFFIC,1,AUTO,Diesel,false,false,HOME,3,2,1
pinnacle-Slc,Oakmont Office,CAB,"May 22, 2026",09:30,"3,143,952",LOGIN,false,Rahul Orlov Travel,MOQ 121 GP,MOQ 121 GP,3,5.29,5.2,"1,779,439,860","1,779,441,900","1,779,440,477","1,779,442,141",NODELAY,0,AUTO,Diesel,false,false,NODAL,3,2,0
pinnacle-Slc,Clearwater Campus,CAB,"May 22, 2026",13:30,"3,145,478",LOGOUT,false,Rohan Mikhailov Travel,TUA 979 GP,TUA 979 GP,3,7.2,7.7,"1,779,456,600","1,779,458,220","1,779,456,376","1,779,458,619",NODELAY,0,AUTO,Diesel,false,false,HOME,3,2,0
pinnacle-Slc,Clearwater Campus,CAB,"May 27, 2026",09:00,"3,159,909",LOGIN,false,Aarav Mikhailov Travel,RUC 085 GP,RUC 085 GP,3,9.83,9.23,"1,779,870,000","1,779,872,100","1,779,870,147","1,779,872,938",NODELAY,0,AUTO,Diesel,false,false,HOME,3,3,0
pinnacle-Slc,Clearwater Campus,CAB,"May 27, 2026",15:30,"3,162,794",LOGOUT,false,Amit Volkov Travel,LAP 247 GP,LAP 247 GP,3,7.16,5.3,"1,779,895,800","1,779,897,300","1,779,896,283","1,779,898,699",NODELAY,0,AUTO,Diesel,false,false,NA,3,2,1
pinnacle-Slc,Willow Bend Campus,CAB,"July 22, 2026",15:00,"3,431,230",LOGOUT,false,Sanjay Mikhailov Travel,XGN 666 GP,XGN 666 GP,3,6.54,6.33,"1,784,732,400","1,784,734,020","1,784,732,743","1,784,735,447",NODELAY,0,AUTO,Diesel,false,false,NA,2,2,0
pinnacle-Slc,Oakmont Office,CAB,"July 23, 2026",13:30,"3,437,648",LOGOUT,false,Karan Mikhailov Travel,IJQ 363 GP,IJQ 363 GP,3,14.16,14,"1,784,813,400","1,784,815,500","1,784,813,208","1,784,815,483",NODELAY,0,AUTO,Diesel,false,false,NA,1,1,0
pinnacle-Slc,Clearwater Campus,CAB,"July 24, 2026",07:30,"3,442,456",LOGIN,false,Rohan Mikhailov Travel,XFT 088 GP,XFT 088 GP,3,8.67,7.53,"1,784,875,920","1,784,877,900","1,784,877,083","1,784,877,936",NODELAY,0,AUTO,Diesel,false,false,NA,2,1,0
pinnacle-Slc,Clearwater Campus,CAB,"July 24, 2026",09:00,"3,441,937",LOGIN,false,Rahul Orlov Travel,SOI 996 GP,SOI 996 GP,3,16.29,17.52,"1,784,879,400","1,784,883,300","1,784,879,788","1,784,884,060",NODELAY,0,AUTO,Diesel,false,false,NODAL,2,2,0
pinnacle-Slc,Clearwater Campus,CAB,"July 24, 2026",09:30,"3,442,189",LOGIN,false,Arjun Mikhailov Travel,JIK 124 GP,JIK 124 GP,3,6.28,10.34,"1,784,883,060","1,784,885,100","1,784,883,696","1,784,886,565",DRIVER,4,AUTO,Diesel,false,false,NA,3,3,0
pinnacle-Slc,Clearwater Campus,CAB,"July 31, 2026",08:30,"3,480,169",LOGIN,false,Divya Mikhailov Travel,OMN 987 GP,OMN 987 GP,3,18.12,17.94,"1,785,482,760","1,785,486,300","1,785,482,965","1,785,485,602",NODELAY,0,AUTO,Diesel,false,false,NA,2,2,0
pinnacle-Slc,Willow Bend Campus,CAB,"July 30, 2026",14:30,"3,474,429",LOGOUT,false,Pooja Mikhailov Travel,INZ 236 GP,INZ 236 GP,3,31.78,18.85,"1,785,421,800","1,785,426,660","1,785,422,101","1,785,428,237",NODELAY,0,AUTO,Diesel,false,false,NA,2,2,0
pinnacle-Slc,Oakmont Office,CAB,"July 29, 2026",09:30,"3,466,013",LOGIN,false,Divya Mikhailov Travel,EGD 381 GP,EGD 381 GP,3,9.48,9.14,"1,785,314,400","1,785,317,100","1,785,314,338","1,785,318,211",NODELAY,0,AUTO,Diesel,false,false,NA,3,2,1
pinnacle-Slc,Clearwater Campus,CAB,"July 29, 2026",Non Shift,"3,474,880",LOGOUT,false,Pooja Mikhailov Travel,LVH 073 GP,LVH 073 GP,3,4.06,6.1,"1,785,355,200","1,785,358,800","1,785,355,563","1,785,357,167",NODELAY,0,AUTO,Diesel,false,false,NA,1,1,0
pinnacle-Slc,Clearwater Campus,CAB,"July 31, 2026",15:30,"3,484,205",LOGOUT,false,Arjun Mikhailov Travel,AYW 404 GP,AYW 404 GP,3,11.98,12.1,"1,785,511,800","1,785,513,720","1,785,512,242","1,785,515,209",NODELAY,0,AUTO,Diesel,false,false,NA,1,1,0
vanta-Aus,Cedar Ridge Office,CAB,"June 12, 2026",20:15,"1,171,093",LOGOUT,false,Meera Pavlov Travel,ULJ 741 GP,ULJ 741 GP,3,21.91,21.9,"1,781,296,200","1,781,298,780","1,781,295,289","1,781,301,618",NODELAY,0,AUTO,Diesel,false,false,NA,3,3,1
vanta-Sea,Denver Office,CAB,"June 2, 2026",Adhoc,"4,907,693",LOGOUT,false,Anjali Mikhailov Travel,CJA 123 GP,CJA 123 GP,3,17.47,15.4,"1,780,437,770","1,780,442,493","1,780,437,770","1,780,442,493",NODELAY,0,AUTO,Electric,false,false,NA,1,1,0
orbit-Slc,Cedar Ridge Office,BUS,"June 10, 2026",15:30,"1,271,826",LOGOUT,false,Anjali Mikhailov Travel,SSN 622 GP,SSN 622 GP,3,20.32,19.51,"1,781,106,300","1,781,111,100","1,781,105,864","1,781,111,395",NODELAY,0,MANUAL,Diesel,false,false,HOME,2,2,0
orbit-Slc,Lakeside Commons,BUS,"June 11, 2026",11:00,"1,272,873",LOGIN,false,Anjali Mikhailov Travel,DUE 143 GP,DUE 143 GP,6,10.97,17.7,"1,781,170,500","1,781,174,700","1,781,170,602","1,781,174,136",NODELAY,0,MANUAL,Diesel,false,false,HOME,3,2,1
vanta-Sea,Denver Office,CAB,"June 3, 2026",23:16,"4,911,954",LOGOUT,false,Isha Mikhailov Travel,ZDK 357 GP,ZDK 357 GP,3,8.59,8.7,"1,780,529,460","1,780,530,420","1,780,528,254","1,780,530,719",NODELAY,0,AUTO,Petrol,false,false,NA,2,2,0
catalyst-Sac,Santa Clara Office,CAB,"June 18, 2026",00:30,"1,499,428",LOGOUT,false,Rohan Mikhailov Travel,LEX 554 GP,LEX 554 GP,6,8.63,7.32,"1,781,743,500","1,781,744,340","1,781,743,508","1,781,744,433",NODELAY,0,AUTO,Petrol,false,false,HOME,1,1,0
catalyst-Sac,Crestwood Campus,CAB,"June 16, 2026",20:30,"1,496,501",LOGOUT,true,Rohan Mikhailov Travel,WVD 177 GP,WVD 177 GP,4,14.32,14.3,"1,781,642,700","1,781,644,440","1,781,642,501","1,781,646,352",NODELAY,0,AUTO,Petrol,false,false,HOME,2,3,0
orbit-Slc,Eastgate Office,BUS,"June 18, 2026",11:00,"1,286,481",LOGIN,false,Rohan Mikhailov Travel,ZPC 674 GP,ZPC 674 GP,3,12.59,14.6,"1,781,775,600","1,781,779,500","1,781,776,613","1,781,779,122",NODELAY,0,MANUAL,Diesel,false,false,NODAL,2,2,0
orbit-Slc,Lakeside Commons,CAB,"June 20, 2026",03:30,"1,289,670",LOGOUT,false,Anjali Mikhailov Travel,IJC 487 GP,IJC 487 GP,3,16.27,16.3,"1,781,927,100","1,781,929,800","1,781,926,972","1,781,928,350",NODELAY,0,AUTO,Diesel,false,false,HOME,1,1,0
orbit-Slc,Cedar Ridge Office,BUS,"June 25, 2026",13:00,"1,298,630",LOGIN,false,Anjali Mikhailov Travel,XRL 216 GP,XRL 216 GP,6,16.26,15.6,"1,782,386,700","1,782,391,500","1,782,386,928","1,782,390,819",NODELAY,0,MANUAL,Diesel,false,false,NA,4,4,0
catalyst-Sac,Fairview Commons,CAB,"June 24, 2026",20:30,"1,508,689",LOGOUT,true,Arjun Mikhailov Travel,KXN 937 GP,KXN 937 GP,4,8.09,8.1,"1,782,333,900","1,782,334,800","1,782,333,905","1,782,336,891",NODELAY,0,AUTO,Petrol,false,false,HOME,3,4,0
vanta-Sea,Denver Office,CAB,"May 27, 2026",22:16,"4,890,611",LOGOUT,false,Aarav Mikhailov Travel,NGS 954 GP,NGS 954 GP,3,8.64,7.3,"1,779,921,060","1,779,921,720","1,779,919,996","1,779,922,296",NODELAY,0,AUTO,Electric,false,false,NA,3,3,0
vanta-Sea,Denver Office,CAB,"May 28, 2026",23:16,"4,894,506",LOGOUT,false,Isha Mikhailov Travel,SUX 711 GP,SUX 711 GP,5,22.51,22,"1,780,011,060","1,780,014,120","1,780,009,853","1,780,013,910",NODELAY,0,AUTO,Petrol,false,false,NA,4,4,0
vanta-Sea,Denver Office,SPOT_2.0,"May 31, 2026",Non Shift,"4,899,017",LOGIN,false,Meera Lebedev Travel,VHQ 143 GP,VHQ 143 GP,5,0,42,"1,780,201,800","1,780,206,150","1,780,202,769","1,780,206,424",NODELAY,0,RENTLZ,Petrol,false,false,NA,1,1,0
vanta-Sea,Denver Office,CAB,"May 25, 2026",17:16,"4,881,537",LOGOUT,false,Sanjay Mikhailov Travel,VAO 785 GP,VAO 785 GP,12,10.08,9.5,"1,779,730,260","1,779,731,040","1,779,729,035","1,779,731,871",NODELAY,0,AUTO,Petrol,false,false,NA,6,3,3
vanta-Sea,Denver Office,BUS,"May 25, 2026",14:00,"4,880,528",LOGIN,false,Aarav Mikhailov Travel,UFO 908 GP,UFO 908 GP,5,5.78,5.5,"1,779,714,660","1,779,716,700","1,779,713,724","1,779,715,075",NODELAY,0,MANUAL,Petrol,false,false,NA,1,1,0
vanta-Sea,Denver Office,CAB,"May 26, 2026",21:16,"4,886,216",LOGOUT,true,Sanjay Mikhailov Travel,KIP 137 GP,KIP 137 GP,3,11.81,22.3,"1,779,831,060","1,779,832,260","1,779,830,097","1,779,835,570",NODELAY,0,AUTO,Electric,false,false,NA,2,4,0
vanta-Sea,Denver Office,CAB,"May 22, 2026",20:16,"4,876,488",LOGOUT,false,Aarav Petrov Travel,SIH 172 GP,SIH 172 GP,5,16.09,16.2,"1,779,481,860","1,779,483,600","1,779,480,454","1,779,485,379",NODELAY,0,AUTO,Petrol,false,false,NA,4,4,0
vanta-Sea,Denver Office,CAB,"May 28, 2026",05:16,"4,892,396",LOGOUT,false,Priya Mikhailov Travel,AEG 727 GP,AEG 727 GP,3,9.18,9.4,"1,779,946,260","1,779,947,160","1,779,944,958","1,779,945,889",NODELAY,0,AUTO,Petrol,false,false,NA,1,1,0
pinnacle-Slc,Oakmont Office,CAB,"May 2, 2026",03:00,"3,052,212",LOGOUT,true,Sanjay Mikhailov Travel,ZCZ 477 GP,ZCZ 477 GP,3,10.27,10.3,"1,777,690,800","1,777,692,000","1,777,691,624","1,777,692,701",NODELAY,0,AUTO,Diesel,false,false,NA,2,2,0
vanta-Sea,Denver Office,CAB,"May 29, 2026",20:16,"4,897,759",LOGOUT,true,Sanjay Mikhailov Travel,QBU 872 GP,QBU 872 GP,3,27.87,27.6,"1,780,086,660","1,780,091,640","1,780,085,296","1,780,092,133",NODELAY,0,AUTO,Petrol,false,false,NA,1,2,0
pinnacle-Slc,Clearwater Campus,CAB,"May 8, 2026",09:30,"3,081,481",LOGIN,false,Sanjay Mikhailov Travel,TCP 365 GP,TCP 365 GP,3,8.9,9.71,"1,778,230,260","1,778,232,300","1,778,231,076","1,778,233,040",NODELAY,0,AUTO,Diesel,false,false,NA,3,2,0
pinnacle-Slc,Clearwater Campus,CAB,"May 12, 2026",14:30,"3,095,224",LOGOUT,false,Aarav Mikhailov Travel,NAV 008 GP,NAV 008 GP,3,14.2,12.2,"1,778,596,200","1,778,597,820","1,778,595,729","1,778,597,668",NODELAY,0,AUTO,Diesel,false,false,HOME,3,1,0
pinnacle-Slc,Clearwater Campus,CAB,"May 7, 2026",14:30,"3,076,664",LOGOUT,false,Rahul Mikhailov Travel,QBK 873 GP,QBK 873 GP,3,3.77,5.3,"1,778,164,200","1,778,165,220","1,778,164,228","1,778,165,280",NODELAY,0,AUTO,Diesel,false,false,NA,3,2,0
catalyst-Sac,Crestwood Campus,CAB,"July 23, 2026",02:00,"1,547,819",LOGOUT,false,Vikram Mikhailov Travel,SYO 514 GP,SYO 514 GP,4,31.71,31,"1,784,772,900","1,784,778,240","1,784,772,509","1,784,776,501",NODELAY,0,AUTO,Petrol,false,false,NA,4,4,0
orbit-Slc,Eastgate Office,CAB,"July 29, 2026",06:30,"1,360,932",LOGIN,false,Rohan Mikhailov Travel,TWT 091 GP,TWT 091 GP,3,21.32,23.9,"1,785,302,400","1,785,306,600","1,785,302,975","1,785,305,818",NODELAY,0,AUTO,Electric,false,false,NA,3,3,0
vanta-Sea,Denver Office,CAB,"July 9, 2026",18:16,"5,030,317",LOGOUT,false,Aarav Mikhailov Travel,WDU 492 GP,WDU 492 GP,3,17.93,17.6,"1,783,621,860","1,783,623,960","1,783,620,238","1,783,624,717",NODELAY,0,AUTO,Petrol,false,false,HOME,2,2,0
vanta-Sea,Denver Office,CAB,"July 7, 2026",22:16,"5,023,572",LOGOUT,false,Aarav Petrov Travel,CCG 112 GP,CCG 112 GP,3,13.07,13.6,"1,783,463,460","1,783,464,720","1,783,461,869","1,783,465,335",NODELAY,0,AUTO,Electric,false,false,HOME,3,3,0
vanta-Aus,Cedar Ridge Office,CAB,"July 29, 2026",23:15,"1,255,810",LOGOUT,false,Anjali Mikhailov Travel,WZI 226 GP,WZI 226 GP,3,3.63,15.1,"1,785,367,800","1,785,369,000","1,785,367,056","1,785,370,085",NODELAY,0,AUTO,Electric,false,false,HOME,3,3,1
vanta-Sea,Denver Office,BUS,"July 8, 2026",11:00,"5,024,975",LOGIN,false,Anjali Mikhailov Travel,TKD 522 GP,TKD 522 GP,3,36.2,36.41,"1,783,501,560","1,783,507,500","1,783,502,181","1,783,511,558",DRIVER,52,SHUTTLE_SERVICE,Petrol,false,false,HOME,2,2,0
vanta-Sea,Denver Office,BUS,"July 8, 2026",13:00,"5,025,394",LOGIN,false,Priya Mikhailov Travel,NNB 014 GP,NNB 014 GP,12,6.2,3.49,"1,783,514,100","1,783,515,300","1,783,512,439","1,783,515,436",NODELAY,0,SHUTTLE_SERVICE,Petrol,false,false,HOME,3,3,0
vanta-Sea,Denver Office,BUS,"July 13, 2026",10:00,"5,038,568",LOGIN,false,Aarav Mikhailov Travel,NLW 519 GP,NLW 519 GP,5,32.47,22.34,"1,783,931,520","1,783,935,900","1,783,931,303","1,783,937,445",TRAFFIC,10,SHUTTLE_SERVICE,Petrol,false,false,HOME,5,4,1
vanta-Sea,Denver Office,CAB,"July 12, 2026",10:00,"5,036,890",LOGIN,false,Priya Mikhailov Travel,BFG 044 GP,BFG 044 GP,3,1.72,0.9,"1,783,849,080","1,783,849,500","1,783,848,970","1,783,849,138",NODELAY,0,AUTO,Petrol,false,false,HOME,1,1,0
vanta-Sea,Denver Office,CAB,"July 10, 2026",23:16,"5,035,379",LOGOUT,true,Aarav Petrov Travel,EVI 428 GP,EVI 428 GP,3,34.52,34.8,"1,783,726,260","1,783,729,740","1,783,725,558","1,783,729,645",NODELAY,0,AUTO,Petrol,false,false,HOME,1,2,0
vanta-Sea,Denver Office,CAB,"July 15, 2026",20:16,"5,049,668",LOGOUT,false,Priya Mikhailov Travel,ETP 888 GP,ETP 888 GP,3,35.18,38,"1,784,147,460","1,784,151,120","1,784,146,414","1,784,154,957",NODELAY,0,AUTO,Petrol,false,false,HOME,2,3,0
orbit-Slc,Eastgate Office,BUS,"June 26, 2026",11:00,"1,301,034",LOGIN,false,Rohan Mikhailov Travel,XPM 353 GP,XPM 353 GP,3,21.49,26,"1,782,466,620","1,782,470,700","1,782,467,023","1,782,469,547",NODELAY,0,MANUAL,Diesel,false,false,HOME,3,2,1
vanta-Sea,Denver Office,SPOT_2.0,"June 12, 2026",Non Shift,"4,940,241",LOGIN,false,Meera Lebedev Travel,DHH 578 GP,DHH 578 GP,5,0,48.3,"1,781,298,000","1,781,302,290","1,781,296,304","1,781,305,094",TRAFFIC,31,RENTLZ,Petrol,false,false,NA,1,1,0
catalyst-Sac,Santa Clara Office,CAB,"June 30, 2026",19:00,"1,515,807",LOGIN,false,Rohan Mikhailov Travel,GYF 312 GP,GYF 312 GP,4,8.87,8.9,"1,782,841,800","1,782,844,200","1,782,841,931","1,782,843,791",NODELAY,0,AUTO,Petrol,false,false,NA,1,1,0
vanta-Sea,Denver Office,BUS,"June 8, 2026",12:00,"4,923,304",LOGIN,false,Sanjay Mikhailov Travel,YKK 820 GP,YKK 820 GP,5,11.02,10.4,"1,780,917,060","1,780,919,100","1,780,917,068","1,780,919,638",NODELAY,0,MANUAL,Petrol,false,false,NA,5,5,0
vanta-Sea,Denver Office,CAB,"June 5, 2026",18:16,"4,919,234",LOGOUT,false,Aarav Mikhailov Travel,POJ 007 GP,POJ 007 GP,3,25.97,26.2,"1,780,684,260","1,780,688,280","1,780,683,489","1,780,690,481",NODELAY,0,AUTO,Petrol,false,false,NA,2,2,0
vanta-Sea,Denver Office,CAB,"June 18, 2026",18:16,"4,961,748",LOGOUT,false,Isha Mikhailov Travel,HIT 099 GP,HIT 099 GP,3,18.85,18.3,"1,781,807,460","1,781,809,980","1,781,806,922","1,781,812,231",NODELAY,0,AUTO,Electric,false,false,NA,1,1,0
vanta-Sea,Denver Office,CAB,"June 19, 2026",06:00,"4,963,527",LOGIN,false,Sanjay Mikhailov Travel,UAB 486 GP,UAB 486 GP,3,15.12,15.5,"1,781,845,440","1,781,847,900","1,781,845,629","1,781,847,606",NODELAY,0,AUTO,Petrol,false,false,HOME,2,2,0
vanta-Sea,Denver Office,CAB,"June 15, 2026",08:00,"4,944,817",LOGIN,false,Priya Mikhailov Travel,MVJ 379 GP,MVJ 379 GP,3,15.89,14.1,"1,781,507,520","1,781,509,500","1,781,507,639","1,781,509,722",NODELAY,0,AUTO,Petrol,false,false,NODAL,1,1,0
vanta-Sea,Denver Office,CAB,"June 13, 2026",06:00,"4,942,498",LOGIN,true,Aarav Petrov Travel,EVI 428 GP,EVI 428 GP,3,19.67,19.6,"1,781,327,400","1,781,329,500","1,781,327,111","1,781,329,316",NODELAY,0,AUTO,Petrol,false,false,NA,1,2,0
vanta-Sea,Denver Office,BUS,"June 16, 2026",17:30,"4,952,213",LOGOUT,false,Sanjay Mikhailov Travel,QOE 418 GP,QOE 418 GP,12,9.44,3.4,"1,781,631,000","1,781,632,920","1,781,630,144","1,781,633,431",NODELAY,0,MANUAL,Petrol,false,false,NA,4,5,0
pinnacle-Slc,Willow Bend Campus,CAB,"May 6, 2026",15:00,"3,068,660",LOGOUT,false,Rohan Mikhailov Travel,UXL 280 GP,UXL 280 GP,3,8.99,9.3,"1,778,079,600","1,778,081,160","1,778,079,874","1,778,081,993",NODELAY,0,AUTO,Diesel,false,false,HOME,1,1,0
pinnacle-Slc,Oakmont Office,CAB,"May 6, 2026",19:30,"3,066,715",LOGIN,true,Aarav Mikhailov Travel,DPY 537 GP,DPY 537 GP,3,10.56,11.07,"1,778,089,980","1,778,095,500","1,778,089,464","1,778,093,870",NODELAY,0,AUTO,Diesel,false,false,NA,3,3,0
pinnacle-Slc,Clearwater Campus,CAB,"May 11, 2026",15:30,"3,089,483",LOGOUT,false,Divya Mikhailov Travel,DLD 993 GP,DLD 993 GP,3,5.68,5.3,"1,778,513,400","1,778,514,120","1,778,513,813","1,778,515,836",NODELAY,0,AUTO,Diesel,false,false,NA,3,3,0
pinnacle-Slc,Clearwater Campus,CAB,"May 12, 2026",07:30,"3,090,210",LOGIN,false,Aarav Mikhailov Travel,PJX 483 GP,PJX 483 GP,5,14.72,16.5,"1,778,568,180","1,778,570,700","1,778,568,445","1,778,570,620",NODELAY,0,AUTO,Diesel,false,false,NA,3,3,0
pinnacle-Slc,Willow Bend Campus,SPOT_2.0,"May 10, 2026",Non Shift,"3,085,238",LOGIN,false,Pooja Sokolov Travel,MJK 536 GP,COM 464 GP,3,0,3.98,"1,778,387,700","1,778,391,177","1,778,388,700","1,778,391,084",NODELAY,0,RENTLZ,Diesel,false,false,NA,1,1,0
pinnacle-Slc,Clearwater Campus,CAB,"May 11, 2026",09:00,"3,088,150",LOGIN,false,Divya Kozlov Travel,VTT 225 GP,VTT 225 GP,3,8.35,8.3,"1,778,486,460","1,778,489,700","1,778,486,871","1,778,489,385",NODELAY,0,AUTO,Diesel,false,false,HOME,3,2,0
pinnacle-Slc,Willow Bend Campus,CAB,"May 13, 2026",07:30,"3,097,773",LOGIN,false,Amit Volkov Travel,SEV 994 GP,SEV 994 GP,3,21.33,22,"1,778,653,860","1,778,657,100","1,778,653,937","1,778,656,958",NODELAY,0,AUTO,Diesel,false,false,HOME,2,2,0
pinnacle-Slc,Oakmont Office,CAB,"May 13, 2026",15:00,"3,098,917",LOGOUT,false,Rohan Mikhailov Travel,NQH 646 GP,NQH 646 GP,3,7.29,9.8,"1,778,684,400","1,778,686,740","1,778,684,490","1,778,686,790",NODELAY,0,AUTO,Diesel,false,false,HOME,2,2,0
pinnacle-Slc,Willow Bend Campus,CAB,"May 13, 2026",15:30,"3,099,934",LOGOUT,false,Rohan Mikhailov Travel,CJG 648 GP,CJG 648 GP,3,9.6,10.63,"1,778,686,200","1,778,688,240","1,778,686,184","1,778,688,252",NODELAY,0,AUTO,Diesel,false,false,HOME,1,1,0
pinnacle-Slc,Oakmont Office,CAB,"May 14, 2026",09:30,"3,104,362",LOGIN,false,Rohan Mikhailov Travel,RWF 904 GP,RWF 904 GP,3,25.7,24.61,"1,778,745,600","1,778,750,700","1,778,745,451","1,778,750,133",NODELAY,0,AUTO,Diesel,false,false,HOME,1,1,0
pinnacle-Slc,Clearwater Campus,CAB,"May 21, 2026",07:30,"3,134,833",LOGIN,false,Karan Mikhailov Travel,KGE 560 GP,KGE 560 GP,3,21.54,20.2,"1,779,345,060","1,779,348,300","1,779,345,405","1,779,348,595",NODELAY,0,AUTO,Diesel,false,false,NA,3,3,0
pinnacle-Slc,Oakmont Office,CAB,"May 19, 2026",21:30,"3,125,317",LOGOUT,false,Divya Kozlov Travel,TEJ 824 GP,TEJ 824 GP,3,20.5,18.88,"1,779,226,200","1,779,229,800","1,779,225,900","1,779,229,681",NODELAY,0,AUTO,Diesel,false,false,HOME,1,1,0
pinnacle-Slc,Oakmont Office,CAB,"May 20, 2026",07:30,"3,129,725",LOGIN,false,Divya Sokolov Travel,MBN 998 GP,MBN 998 GP,3,25.37,24.58,"1,779,257,940","1,779,261,900","1,779,258,218","1,779,261,375",NODELAY,0,AUTO,Diesel,false,false,NA,1,1,0
pinnacle-Slc,Clearwater Campus,CAB,"May 20, 2026",10:30,"3,128,810",LOGIN,false,Amit Mikhailov Travel,REM 881 GP,REM 881 GP,3,5.92,7.3,"1,779,270,120","1,779,272,700","1,779,270,933","1,779,274,146",EMPLOYEE,4,AUTO,Diesel,false,false,HOME,2,1,0
pinnacle-Slc,Oakmont Office,CAB,"July 16, 2026",16:30,"3,405,492",LOGOUT,false,Amit Volkov Travel,OKC 559 GP,OKC 559 GP,3,18.51,18.91,"1,784,219,400","1,784,222,700","1,784,219,209","1,784,223,854",NODELAY,0,AUTO,Diesel,false,false,NA,1,1,0
pinnacle-Slc,Oakmont Office,CAB,"July 14, 2026",07:30,"3,391,082",LOGIN,false,Rahul Morozov Travel,BXJ 461 GP,BXJ 461 GP,3,26.64,27.79,"1,784,010,000","1,784,013,900","1,784,010,283","1,784,014,644",NODELAY,0,AUTO,Diesel,false,false,NA,3,3,0
pinnacle-Slc,Oakmont Office,CAB,"July 23, 2026",07:30,"3,436,610",LOGIN,false,Amit Volkov Travel,XTT 516 GP,XTT 516 GP,3,31.58,28.4,"1,784,787,120","1,784,791,500","1,784,787,443","1,784,790,551",NODELAY,0,AUTO,Diesel,false,false,NA,2,2,0
pinnacle-Slc,Clearwater Campus,CAB,"July 21, 2026",15:30,"3,426,892",LOGOUT,false,Aarav Mikhailov Travel,DIU 559 GP,DIU 559 GP,3,6.66,6.4,"1,784,647,800","1,784,649,240","1,784,648,065","1,784,649,905",NODELAY,0,AUTO,Diesel,false,false,NA,3,3,0
pinnacle-Slc,Willow Bend Campus,CAB,"July 22, 2026",14:00,"3,430,963",LOGIN,false,Amit Mikhailov Travel,OWT 391 GP,OWT 391 GP,3,17.54,17.06,"1,784,725,140","1,784,728,500","1,784,725,659","1,784,728,992",NODELAY,0,AUTO,Diesel,false,false,HOME,1,1,0
catalyst-Sac,Santa Clara Office,CAB,"May 18, 2026",21:30,"1,460,354",LOGOUT,true,Vikram Mikhailov Travel,VEO 840 GP,VEO 840 GP,4,17.91,17.9,"1,779,140,700","1,779,142,260","1,779,141,439","1,779,146,625",NODELAY,0,AUTO,Petrol,false,false,NA,3,4,0
orbit-Slc,Cedar Ridge Office,BUS,"May 5, 2026",11:00,"1,213,066",LOGIN,false,Anjali Mikhailov Travel,PNP 640 GP,PNP 640 GP,3,29.02,34.6,"1,777,970,400","1,777,977,900","1,777,970,422","1,777,977,254",NODELAY,0,MANUAL,Diesel,false,false,HOME,2,2,0
catalyst-Sac,Fairview Commons,CAB,"May 27, 2026",23:30,"1,472,547",LOGOUT,true,Arjun Mikhailov Travel,FOK 831 GP,FOK 831 GP,4,26.96,28.45,"1,779,925,500","1,779,926,460","1,779,924,829","1,779,930,441",NODELAY,0,AUTO,Petrol,false,false,NA,3,4,0
catalyst-Sac,Santa Clara Office,CAB,"May 29, 2026",21:30,"1,475,258",LOGOUT,true,Divya Mikhailov Travel,BDP 271 GP,BDP 271 GP,4,24.38,23.5,"1,780,091,100","1,780,093,980","1,780,091,221","1,780,098,080",NODELAY,0,AUTO,Petrol,false,false,NA,3,4,0
orbit-Slc,Eastgate Office,BUS,"May 11, 2026",18:30,"1,222,282",LOGIN,false,Rohan Mikhailov Travel,ZIF 858 GP,ZIF 858 GP,3,20.16,19.4,"1,778,519,400","1,778,523,300","1,778,519,684","1,778,522,957",NODELAY,0,MANUAL,Electric,false,false,HOME,1,1,0
vanta-Aus,Cedar Ridge Office,CAB,"May 29, 2026",07:15,"1,146,554",LOGOUT,false,Meera Pavlov Travel,NYE 764 GP,NYE 764 GP,5,10.95,11,"1,780,039,800","1,780,041,900","1,780,038,374","1,780,039,616",NODELAY,0,AUTO,Diesel,false,false,NA,1,1,0
vanta-Sea,Denver Office,BUS,"May 5, 2026",10:00,"4,820,623",LOGIN,false,Aarav Mikhailov Travel,EFR 734 GP,EFR 734 GP,12,15.31,14.6,"1,777,969,620","1,777,974,300","1,777,967,861","1,777,974,836",NODELAY,0,MANUAL,Petrol,false,false,NA,10,9,1
vanta-Aus,Cedar Ridge Office,CAB,"May 28, 2026",20:15,"1,145,289",LOGOUT,false,Sneha Mikhailov Travel,GOA 661 GP,GOA 661 GP,3,11.12,9.7,"1,780,000,200","1,780,001,400","1,779,998,944","1,780,001,854",NODELAY,0,AUTO,Diesel,false,false,NA,3,2,1
vanta-Sea,Denver Office,CAB,"May 5, 2026",08:00,"4,820,379",LOGIN,false,Aarav Petrov Travel,IJY 693 GP,IJY 693 GP,3,8.53,8.3,"1,777,966,200","1,777,967,100","1,777,966,001","1,777,967,175",NODELAY,0,AUTO,Electric,false,false,NA,1,1,0
orbit-Slc,Lakeside Commons,CAB,"May 27, 2026",20:30,"1,249,037",LOGIN,false,Rahul Mikhailov Travel,CBA 752 GP,CBA 752 GP,6,19.79,20.7,"1,779,908,400","1,779,912,900","1,779,908,721","1,779,913,242",NODELAY,0,AUTO,Diesel,false,false,NA,2,2,0
catalyst-Sac,Oakmont Office,CAB,"June 4, 2026",03:00,"1,481,148",LOGOUT,false,Amit Mikhailov Travel,TBI 020 GP,TBI 020 GP,4,6.55,6.7,"1,780,542,900","1,780,543,860","1,780,542,204","1,780,543,228",NODELAY,0,AUTO,Petrol,false,false,HOME,1,1,0
vanta-Aus,Cedar Ridge Office,CAB,"June 21, 2026",07:15,"1,185,986",LOGOUT,false,Priya Mikhailov Travel,JZK 044 GP,JZK 044 GP,3,5.8,6.1,"1,782,027,000","1,782,028,200","1,782,025,959","1,782,027,174",NODELAY,0,AUTO,Electric,false,false,NODAL,1,1,0
vanta-Aus,Cedar Ridge Office,CAB,"June 19, 2026",10:00,"1,182,261",LOGIN,false,Sneha Mikhailov Travel,ICJ 857 GP,ICJ 857 GP,3,19.73,20.6,"1,781,857,200","1,781,862,300","1,781,857,390","1,781,862,256",NODELAY,0,AUTO,Electric,false,false,NODAL,3,3,0
vanta-Aus,Cedar Ridge Office,CAB,"June 2, 2026",05:00,"1,151,281",LOGIN,true,Sneha Mikhailov Travel,HIF 913 GP,HIF 913 GP,5,33.71,32.2,"1,780,372,920","1,780,375,500","1,780,372,406","1,780,375,428",NODELAY,0,AUTO,Diesel,false,false,NA,1,2,0
vanta-Sea,Denver Office,CAB,"June 1, 2026",17:16,"4,902,443",LOGOUT,false,Anjali Mikhailov Travel,JMG 368 GP,JMG 368 GP,5,12.26,16.7,"1,780,335,060","1,780,336,140","1,780,333,852","1,780,338,249",NODELAY,0,AUTO,Petrol,false,false,NA,3,3,0
vanta-Aus,Cedar Ridge Office,CAB,"June 4, 2026",12:00,"1,155,255",LOGIN,false,Sneha Mikhailov Travel,MXK 656 GP,MXK 656 GP,3,8.03,7.8,"1,780,571,160","1,780,573,500","1,780,571,127","1,780,573,462",NODELAY,0,AUTO,Diesel,false,false,HOME,3,3,0
catalyst-Sac,Santa Clara Office,CAB,"June 5, 2026",00:00,"1,482,697",LOGOUT,true,Divya Mikhailov Travel,NMU 571 GP,NMU 571 GP,4,34.33,36.01,"1,780,618,500","1,780,620,840","1,780,618,578","1,780,624,613",NODELAY,0,AUTO,Petrol,false,false,NA,2,3,0
catalyst-Sac,Santa Clara Office,CAB,"June 4, 2026",20:30,"1,482,203",LOGOUT,true,Rohan Mikhailov Travel,NOC 621 GP,NOC 621 GP,4,22.63,22.6,"1,780,605,900","1,780,609,560","1,780,606,041","1,780,613,375",NODELAY,0,AUTO,Petrol,false,false,HOME,2,3,0
catalyst-Sac,Santa Clara Office,CAB,"June 5, 2026",21:30,"1,483,947",LOGOUT,true,Divya Mikhailov Travel,AMP 612 GP,AMP 612 GP,4,35.05,35.5,"1,780,695,900","1,780,701,780","1,780,695,780","1,780,707,480",NODELAY,0,AUTO,Petrol,false,false,NA,3,5,0
vanta-Aus,Cedar Ridge Office,CAB,"June 5, 2026",11:00,"1,157,298",LOGIN,false,Anjali Mikhailov Travel,IJQ 407 GP,IJQ 407 GP,5,6.94,7.6,"1,780,653,360","1,780,656,300","1,780,653,640","1,780,656,197",NODELAY,0,AUTO,Diesel,false,false,NA,5,5,0
vanta-Aus,Cedar Ridge Office,CAB,"June 8, 2026",21:15,"1,162,590",LOGOUT,true,Priya Mikhailov Travel,RUG 033 GP,RUG 033 GP,5,30.26,33.8,"1,780,954,200","1,780,954,860","1,780,953,856","1,780,958,410",NODELAY,0,AUTO,Diesel,false,false,NA,4,4,1
vanta-Sea,Denver Office,BUS,"June 2, 2026",16:16,"4,906,390",LOGOUT,false,Priya Mikhailov Travel,SSA 712 GP,SSA 712 GP,12,10.07,10.4,"1,780,416,960","1,780,417,680","1,780,415,803","1,780,420,168",NODELAY,0,MANUAL,Petrol,false,false,NA,5,5,0
vanta-Aus,Cedar Ridge Office,CAB,"May 4, 2026",20:15,"1,101,864",LOGOUT,false,Anjali Mikhailov Travel,DDF 070 GP,DDF 070 GP,3,12.03,12.5,"1,777,926,600","1,777,928,460","1,777,925,328","1,777,928,330",NODELAY,0,AUTO,Electric,false,false,NA,3,3,0
orbit-Slc,Eastgate Office,CAB,"May 28, 2026",15:00,"1,250,751",LOGIN,false,Rohan Mikhailov Travel,ZIF 858 GP,ZIF 858 GP,3,21.14,23.9,"1,779,975,900","1,779,979,500","1,779,976,804","1,779,978,566",NODELAY,0,MANUAL,Electric,false,false,HOME,1,1,0
catalyst-Sac,Santa Clara Office,CAB,"May 13, 2026",01:30,"1,453,839",LOGOUT,true,Rohan Mikhailov Travel,VGM 295 GP,VGM 295 GP,4,25.27,25.7,"1,778,636,700","1,778,638,620","1,778,636,721","1,778,642,080",NODELAY,0,AUTO,Petrol,false,false,NA,3,4,0
vanta-Aus,Cedar Ridge Office,CAB,"May 15, 2026",06:15,"1,121,636",LOGOUT,true,Meera Pavlov Travel,PCK 403 GP,PCK 403 GP,3,19.87,20.8,"1,778,826,600","1,778,829,120","1,778,825,309","1,778,827,309",NODELAY,0,AUTO,Diesel,false,false,NA,1,2,0
vanta-Aus,Cedar Ridge Office,CAB,"May 22, 2026",13:00,"1,134,173",LOGIN,false,Sneha Mikhailov Travel,AVS 411 GP,AVS 411 GP,3,15.37,15.5,"1,779,450,900","1,779,453,900","1,779,450,840","1,779,453,573",NODELAY,0,AUTO,Diesel,false,false,HOME,2,1,1
catalyst-Sac,Santa Clara Office,CAB,"May 20, 2026",20:30,"1,464,134",LOGOUT,true,Vikram Mikhailov Travel,NMG 475 GP,NMG 475 GP,4,16.68,16.7,"1,779,309,900","1,779,313,140","1,779,310,107","1,779,316,146",NODELAY,0,AUTO,Petrol,false,false,NA,3,4,0
catalyst-Sac,Fairview Commons,CAB,"May 19, 2026",21:30,"1,462,150",LOGOUT,false,Priya Mikhailov Travel,MEH 692 GP,MEH 692 GP,4,27.54,26.47,"1,779,227,100","1,779,231,720","1,779,227,076","1,779,231,556",NODELAY,0,AUTO,Petrol,false,false,NA,2,2,0
vanta-Aus,Cedar Ridge Office,CAB,"July 15, 2026",21:15,"1,231,152",LOGOUT,false,Priya Mikhailov Travel,IKR 144 GP,IKR 144 GP,3,9.33,9.1,"1,784,151,000","1,784,152,200","1,784,149,848","1,784,152,354",NODELAY,0,AUTO,Electric,false,false,HOME,3,3,0
catalyst-Sac,Santa Clara Office,CAB,"July 16, 2026",20:30,"1,540,012",LOGOUT,true,Rohan Mikhailov Travel,ABZ 986 GP,ABZ 986 GP,4,16.8,16.8,"1,784,234,700","1,784,236,260","1,784,234,847","1,784,240,983",NODELAY,0,AUTO,Petrol,false,false,HOME,3,4,0
catalyst-Sac,Crestwood Campus,CAB,"July 22, 2026",02:30,"1,546,030",LOGOUT,false,Rohan Mikhailov Travel,EZA 371 GP,EZA 371 GP,4,27,27,"1,784,688,300","1,784,692,860","1,784,688,658","1,784,692,310",NODELAY,0,AUTO,Petrol,false,false,NA,4,4,0
catalyst-Sac,Crestwood Campus,CAB,"July 23, 2026",04:00,"1,548,101",LOGOUT,true,Rohan Mikhailov Travel,MYT 885 GP,MYT 885 GP,6,8.22,8.61,"1,784,780,100","1,784,780,880","1,784,780,224","1,784,782,297",NODELAY,0,AUTO,Petrol,false,false,NA,1,2,0
catalyst-Sac,Santa Clara Office,CAB,"July 22, 2026",01:00,"1,545,763",LOGOUT,false,Vikram Mikhailov Travel,JBW 860 GP,JBW 860 GP,4,33.72,31.92,"1,784,682,900","1,784,687,640","1,784,682,977","1,784,687,465",NODELAY,0,AUTO,Petrol,false,false,NA,4,4,0
vanta-Aus,Cedar Ridge Office,CAB,"July 21, 2026",17:15,"1,240,778",LOGOUT,false,Sanjay Mikhailov Travel,VUD 964 GP,VUD 964 GP,5,16.07,19.3,"1,784,655,000","1,784,657,100","1,784,654,045","1,784,661,362",NODELAY,0,AUTO,Electric,false,false,NA,2,2,0
vanta-Aus,Cedar Ridge Office,CAB,"July 17, 2026",18:15,"1,235,242",LOGOUT,false,Priya Mikhailov Travel,AZJ 865 GP,AZJ 865 GP,3,20.46,24.3,"1,784,313,000","1,784,316,600","1,784,312,062","1,784,317,857",NODELAY,0,AUTO,Electric,false,false,NA,2,2,0
vanta-Sea,Denver Office,BUS,"July 2, 2026",11:00,"5,007,180",LOGIN,false,Anjali Mikhailov Travel,FRO 035 GP,FRO 035 GP,3,16.91,15.4,"1,782,984,960","1,782,989,100","1,782,984,588","1,782,989,623",NODELAY,0,MANUAL,Petrol,false,false,HOME,3,3,0
vanta-Sea,Denver Office,BUS,"July 6, 2026",18:30,"5,018,987",LOGOUT,false,Aarav Petrov Travel,AJD 579 GP,AJD 579 GP,12,6.18,2.5,"1,783,362,600","1,783,366,680","1,783,362,512","1,783,363,537",NODELAY,0,SHUTTLE_SERVICE,Petrol,false,false,NODAL,8,8,0
vanta-Sea,Denver Office,CAB,"July 6, 2026",20:16,"5,019,287",LOGOUT,false,Isha Mikhailov Travel,DTV 200 GP,DTV 200 GP,3,11.12,10.8,"1,783,369,860","1,783,370,940","1,783,368,606","1,783,372,179",NODELAY,0,AUTO,Petrol,false,false,HOME,3,3,0
catalyst-Sac,Crestwood Campus,CAB,"July 27, 2026",04:30,"1,550,691",LOGIN,true,Priya Mikhailov Travel,CVA 255 GP,CVA 255 GP,4,7.14,7.2,"1,785,123,660","1,785,124,800","1,785,123,143","1,785,125,099",NODELAY,0,AUTO,Petrol,false,false,NA,1,2,0
pinnacle-Slc,Oakmont Office,CAB,"June 8, 2026",19:00,"3,207,963",LOGIN,false,Karan Mikhailov Travel,IVB 285 GP,IVB 285 GP,3,34.22,34.1,"1,780,938,420","1,780,944,900","1,780,939,170","1,780,944,098",NODELAY,0,AUTO,Diesel,false,false,NA,1,1,0
vanta-Sea,Denver Office,CAB,"June 22, 2026",08:00,"4,969,931",LOGIN,false,Aarav Mikhailov Travel,FYD 164 GP,FYD 164 GP,3,21.86,21.2,"1,782,111,600","1,782,114,300","1,782,111,248","1,782,115,274",TRAFFIC,1,AUTO,Petrol,false,false,HOME,2,2,0
vanta-Sea,Denver Office,BUS,"June 30, 2026",14:00,"4,998,820",LOGIN,false,Isha Mikhailov Travel,IAP 614 GP,IAP 614 GP,3,20.65,19.4,"1,782,823,140","1,782,827,100","1,782,821,502","1,782,826,617",NODELAY,0,MANUAL,Petrol,false,false,HOME,1,1,0
vanta-Sea,Denver Office,CAB,"June 20, 2026",23:16,"4,968,613",LOGOUT,false,Priya Mikhailov Travel,SMQ 893 GP,SMQ 893 GP,3,17.37,17.3,"1,781,998,260","1,782,000,540","1,781,997,395","1,781,999,898",NODELAY,0,AUTO,Petrol,false,false,NA,2,2,0
vanta-Sea,Denver Office,CAB,"July 22, 2026",22:16,"5,072,352",LOGOUT,false,Sanjay Mikhailov Travel,XBL 025 GP,XBL 025 GP,5,17.92,11.6,"1,784,759,460","1,784,761,680","1,784,758,334","1,784,761,396",NODELAY,0,AUTO,Petrol,false,false,HOME,4,4,0
vanta-Sea,Denver Office,CAB,"July 14, 2026",08:00,"5,042,059",LOGIN,false,Aarav Mikhailov Travel,BPW 250 GP,BPW 250 GP,5,11.96,11.1,"1,784,013,060","1,784,015,100","1,784,013,377","1,784,016,255",TRAFFIC,4,AUTO,Petrol,false,false,HOME,3,2,1
vanta-Sea,Denver Office,CAB,"July 16, 2026",20:16,"5,054,303",LOGOUT,true,Sanjay Mikhailov Travel,UGP 890 GP,UGP 890 GP,5,13.27,12.7,"1,784,233,860","1,784,236,080","1,784,232,795","1,784,238,386",NODELAY,0,AUTO,Petrol,false,false,HOME,4,5,0
vanta-Sea,Denver Office,CAB,"July 22, 2026",23:16,"5,072,589",LOGOUT,true,Anjali Mikhailov Travel,LIE 454 GP,LIE 454 GP,5,23.85,20.7,"1,784,763,060","1,784,767,440","1,784,761,885","1,784,765,689",NODELAY,0,AUTO,Petrol,false,false,HOME,4,5,0
vanta-Sea,Denver Office,CAB,"July 28, 2026",18:16,"5,091,721",LOGOUT,false,Priya Mikhailov Travel,NLD 688 GP,NLD 688 GP,5,18.6,19.1,"1,785,263,460","1,785,265,380","1,785,262,102","1,785,267,401",NODELAY,0,AUTO,Petrol,false,false,HOME,4,4,0
vanta-Sea,Denver Office,CAB,"July 26, 2026",06:16,"5,083,449",LOGOUT,false,Anjali Mikhailov Travel,ETI 350 GP,ETI 350 GP,3,20.44,21.3,"1,785,047,460","1,785,049,440","1,785,046,397","1,785,048,749",NODELAY,0,AUTO,Petrol,false,false,HOME,1,1,0
vanta-Sea,Denver Office,CAB,"July 31, 2026",18:16,"5,104,908",LOGOUT,false,Anjali Mikhailov Travel,YCU 112 GP,YCU 112 GP,3,6.06,8.1,"1,785,522,660","1,785,523,320","1,785,521,772","1,785,525,768",NODELAY,0,AUTO,Electric,false,false,HOME,2,3,0
pinnacle-Slc,Clearwater Campus,CAB,"June 24, 2026",09:00,"3,293,368",LOGIN,false,Divya Kozlov Travel,GOS 126 GP,GOS 126 GP,3,1.43,1.7,"1,782,289,860","1,782,291,300","1,782,290,045","1,782,290,659",NODELAY,0,AUTO,Diesel,false,false,HOME,3,2,0
pinnacle-Slc,Willow Bend Campus,CAB,"June 30, 2026",Non Shift,"3,327,583",LOGOUT,false,Rahul Morozov Travel,SVE 604 GP,SVE 604 GP,3,17.71,17.7,"1,782,840,600","1,782,847,800","1,782,842,896","1,782,846,967",DRIVER,23,AUTO,Diesel,false,false,NA,1,1,0
pinnacle-Slc,Clearwater Campus,CAB,"June 26, 2026",16:30,"3,309,853",LOGOUT,false,Aarav Mikhailov Travel,YFQ 181 GP,YFQ 181 GP,3,7.06,6.9,"1,782,491,400","1,782,492,360","1,782,492,089","1,782,493,536",NODELAY,0,AUTO,Diesel,false,false,NA,1,1,0
pinnacle-Slc,Clearwater Campus,CAB,"June 30, 2026",14:30,"3,323,226",LOGOUT,false,Amit Volkov Travel,LOC 918 GP,LOC 918 GP,3,12.44,12.45,"1,782,829,800","1,782,831,600","1,782,829,709","1,782,833,180",NODELAY,0,AUTO,Diesel,false,false,HOME,3,3,0
vanta-Sea,Denver Office,BUS,"May 11, 2026",10:00,"4,837,591",LOGIN,false,Aarav Mikhailov Travel,RNH 185 GP,RNH 185 GP,3,5.38,4.1,"1,778,491,680","1,778,493,300","1,778,491,287","1,778,492,949",NODELAY,0,MANUAL,Petrol,false,false,NA,2,1,1
vanta-Sea,Denver Office,BUS,"May 11, 2026",15:16,"4,839,020",LOGOUT,false,Isha Mikhailov Travel,CHR 155 GP,CHR 155 GP,3,33.93,33.9,"1,778,512,560","1,778,513,100","1,778,511,794","1,778,518,801",NODELAY,0,MANUAL,Petrol,false,false,HOME,2,2,0
vanta-Sea,Denver Office,CAB,"May 7, 2026",22:00,"4,829,399",LOGIN,false,Sanjay Mikhailov Travel,HLV 022 GP,HLV 022 GP,3,6.62,6.2,"1,778,189,280","1,778,190,300","1,778,189,876","1,778,190,594",NODELAY,0,AUTO,Petrol,false,false,HOME,1,1,0
vanta-Sea,Denver Office,CAB,"May 8, 2026",21:16,"4,834,425",LOGOUT,false,Aarav Mikhailov Travel,CRB 690 GP,CRB 690 GP,12,19.73,19.4,"1,778,275,860","1,778,279,520","1,778,275,142","1,778,279,137",NODELAY,0,AUTO,Petrol,false,false,NA,4,3,1
vanta-Sea,Denver Office,CAB,"May 7, 2026",21:16,"4,830,650",LOGOUT,false,Priya Mikhailov Travel,HCZ 547 GP,HCZ 547 GP,12,10.26,8.7,"1,778,189,460","1,778,190,060","1,778,188,413","1,778,190,906",NODELAY,0,AUTO,Petrol,false,false,NA,7,3,4
vanta-Sea,Denver Office,BUS,"May 19, 2026",11:00,"4,862,559",LOGIN,false,Anjali Mikhailov Travel,ZSV 264 GP,ZSV 264 GP,12,3.33,3.6,"1,779,187,140","1,779,188,100","1,779,185,501","1,779,188,276",NODELAY,0,MANUAL,Petrol,false,false,HOME,12,9,3
vanta-Sea,Denver Office,CAB,"May 14, 2026",20:16,"4,851,846",LOGOUT,true,Sanjay Mikhailov Travel,HIE 625 GP,HIE 625 GP,5,11.01,8.6,"1,778,790,660","1,778,791,740","1,778,789,378","1,778,792,437",NODELAY,0,AUTO,Petrol,false,false,NA,4,5,0
vanta-Sea,Denver Office,CAB,"May 14, 2026",18:16,"4,851,373",LOGOUT,false,Sanjay Mikhailov Travel,ISY 089 GP,ISY 089 GP,3,7.95,7.4,"1,778,783,460","1,778,784,300","1,778,782,496","1,778,784,790",NODELAY,0,AUTO,Electric,false,false,NA,3,2,1
vanta-Sea,Denver Office,CAB,"May 16, 2026",Non Shift,"4,856,252",LOGOUT,false,Priya Mikhailov Travel,BPL 429 GP,BPL 429 GP,3,30.76,24.9,"1,778,891,280","1,778,894,880","1,778,891,399","1,778,894,499",NODELAY,0,AUTO,Petrol,false,false,NA,1,1,0
vanta-Sea,Denver Office,CAB,"May 25, 2026",19:16,"4,881,961",LOGOUT,true,Anjali Mikhailov Travel,ODZ 030 GP,ODZ 030 GP,5,15.18,18.9,"1,779,737,460","1,779,738,720","1,779,736,507","1,779,742,708",NODELAY,0,AUTO,Petrol,false,false,NA,4,5,1
vanta-Sea,Denver Office,CAB,"May 22, 2026",19:16,"4,876,217",LOGOUT,true,Sanjay Mikhailov Travel,YQI 314 GP,YQI 314 GP,12,4.13,3.3,"1,779,478,260","1,779,478,440","1,779,477,136","1,779,479,390",NODELAY,0,AUTO,Petrol,false,false,NA,9,6,4
vanta-Sea,Denver Office,CAB,"May 19, 2026",22:16,"4,865,462",LOGOUT,false,Isha Mikhailov Travel,NYG 185 GP,NYG 185 GP,3,5.25,3.2,"1,779,229,860","1,779,230,220","1,779,228,842","1,779,230,657",NODELAY,0,AUTO,Petrol,false,false,NA,3,3,0
pinnacle-Slc,Willow Bend Campus,CAB,"July 2, 2026",16:30,"3,339,011",LOGOUT,false,Amit Volkov Travel,GVP 783 GP,GVP 783 GP,3,17.95,18.03,"1,783,009,800","1,783,013,580","1,783,011,668","1,783,016,795",DRIVER,16,AUTO,Diesel,false,false,NA,1,1,0
pinnacle-Slc,Clearwater Campus,CAB,"July 3, 2026",15:30,"3,345,578",LOGOUT,false,Divya Kozlov Travel,VAK 976 GP,VAK 976 GP,3,16.71,20.87,"1,783,092,600","1,783,095,720","1,783,092,699","1,783,096,862",NODELAY,0,AUTO,Diesel,false,false,NA,3,2,0
pinnacle-Slc,Clearwater Campus,CAB,"July 3, 2026",11:30,"3,347,791",LOGIN,false,Pooja Mikhailov Travel,PTX 542 GP,PTX 542 GP,3,12.87,12.8,"1,783,075,620","1,783,077,900","1,783,075,845","1,783,078,414",NODELAY,0,AUTO,Diesel,false,false,HOME,1,1,0
pinnacle-Slc,Willow Bend Campus,CAB,"July 6, 2026",07:30,"3,350,780",LOGIN,false,Divya Sokolov Travel,QAY 509 GP,QAY 509 GP,3,3.69,2.8,"1,783,321,980","1,783,322,700","1,783,321,769","1,783,321,805",NODELAY,0,AUTO,Diesel,false,false,NA,1,1,0
pinnacle-Slc,Clearwater Campus,CAB,"July 6, 2026",09:00,"3,353,197",LOGIN,false,Pooja Mikhailov Travel,HMD 191 GP,HMD 191 GP,3,21.22,19.51,"1,783,322,760","1,783,328,100","1,783,323,609","1,783,327,109",NODELAY,0,AUTO,Diesel,false,false,NA,2,1,0
pinnacle-Slc,Clearwater Campus,CAB,"July 8, 2026",15:30,"3,367,114",LOGOUT,false,Rohan Mikhailov Travel,KBU 909 GP,KBU 909 GP,3,8.68,10.06,"1,783,524,600","1,783,526,760","1,783,524,841","1,783,528,518",NODELAY,0,AUTO,Diesel,false,false,SHUTTLE,3,2,0
pinnacle-Slc,Clearwater Campus,CAB,"July 8, 2026",09:00,"3,362,294",LOGIN,false,Amit Volkov Travel,WJU 191 GP,WJU 191 GP,3,11.45,12.33,"1,783,497,360","1,783,500,900","1,783,498,517","1,783,502,341",DRIVER,4,AUTO,Diesel,false,false,NA,1,1,0
pinnacle-Slc,Oakmont Office,CAB,"July 7, 2026",Non Shift,"3,361,442",LOGOUT,false,Rahul Orlov Travel,PDC 406 GP,PDC 406 GP,3,0.35,0.6,"1,783,413,000","1,783,445,400","1,783,413,071","1,783,446,443",NODELAY,0,AUTO,Diesel,false,false,NA,1,1,0
pinnacle-Slc,Willow Bend Campus,CAB,"July 9, 2026",09:00,"3,370,271",LOGIN,false,Sanjay Mikhailov Travel,TMZ 317 GP,TMZ 317 GP,3,12.54,12.28,"1,783,584,720","1,783,587,300","1,783,584,831","1,783,589,038",TRAFFIC,8,AUTO,Diesel,false,false,HOME,2,2,0
pinnacle-Slc,Willow Bend Campus,CAB,"July 13, 2026",07:30,"3,384,250",LOGIN,false,Rahul Morozov Travel,OGA 043 GP,OGA 043 GP,3,22.96,22.04,"1,783,923,900","1,783,927,500","1,783,924,012","1,783,927,038",NODELAY,0,AUTO,Diesel,false,false,NA,1,1,0
pinnacle-Slc,Oakmont Office,CAB,"July 8, 2026",13:30,"3,364,486",LOGIN,false,Divya Sokolov Travel,OHC 587 GP,OHC 587 GP,3,13.94,13.5,"1,783,514,220","1,783,517,100","1,783,514,102","1,783,517,569",NODELAY,0,AUTO,Diesel,false,false,NA,1,1,0
pinnacle-Slc,Clearwater Campus,CAB,"July 10, 2026",15:00,"3,380,135",LOGOUT,false,Arjun Mikhailov Travel,FRP 724 GP,FRP 724 GP,3,26.21,27,"1,783,695,600","1,783,699,080","1,783,695,255","1,783,698,792",NODELAY,0,AUTO,Diesel,false,false,HOME,1,1,0
pinnacle-Slc,Clearwater Campus,CAB,"July 9, 2026",15:00,"3,373,173",LOGOUT,false,Divya Mikhailov Travel,GZZ 726 GP,GZZ 726 GP,3,6.73,4.2,"1,783,609,200","1,783,610,580","1,783,609,260","1,783,610,551",NODELAY,0,AUTO,Diesel,false,false,NODAL,3,3,0
vanta-Sea,Denver Office,BUS,"June 26, 2026",15:16,"4,989,102",LOGOUT,false,Isha Mikhailov Travel,IGE 442 GP,IGE 442 GP,3,10.28,11.2,"1,782,486,960","1,782,489,000","1,782,486,838","1,782,489,194",NODELAY,0,MANUAL,Petrol,false,false,NA,1,1,0
pinnacle-Slc,Willow Bend Campus,CAB,"June 16, 2026",07:30,"3,250,045",LOGIN,false,Arjun Mikhailov Travel,ZMM 193 GP,ZMM 193 GP,3,20.72,24.1,"1,781,591,460","1,781,594,700","1,781,591,916","1,781,594,854",NODELAY,0,AUTO,Diesel,false,false,NA,2,2,0
vanta-Sea,Denver Office,BUS,"June 26, 2026",17:30,"4,989,539",LOGOUT,false,Aarav Mikhailov Travel,YHH 309 GP,YHH 309 GP,12,6.23,4.6,"1,782,495,000","1,782,496,860","1,782,494,185","1,782,496,139",NODELAY,0,MANUAL,Petrol,false,false,HOME,5,4,2
pinnacle-Slc,Clearwater Campus,CAB,"June 17, 2026",18:30,"3,260,587",LOGOUT,false,Divya Kozlov Travel,DXF 525 GP,DXF 525 GP,3,4.25,6,"1,781,721,000","1,781,722,140","1,781,721,737","1,781,723,388",NODELAY,0,AUTO,Diesel,false,false,NA,1,1,0
pinnacle-Slc,Willow Bend Campus,CAB,"June 19, 2026",08:30,"3,272,807",LOGIN,false,Rahul Mikhailov Travel,LFN 940 GP,LFN 940 GP,3,8.68,8,"1,781,855,340","1,781,857,500","1,781,855,595","1,781,858,109",NODELAY,0,AUTO,Diesel,false,false,HOME,3,3,0
pinnacle-Slc,Clearwater Campus,CAB,"June 22, 2026",14:30,"3,284,795",LOGOUT,false,Aarav Mikhailov Travel,OJX 461 GP,OJX 461 GP,3,6.04,6,"1,782,138,600","1,782,139,380","1,782,138,496","1,782,140,266",NODELAY,0,AUTO,Diesel,false,false,HOME,3,3,0
pinnacle-Slc,Clearwater Campus,CAB,"June 23, 2026",13:30,"3,289,223",LOGOUT,false,Rahul Morozov Travel,DVE 754 GP,DVE 754 GP,3,10.75,10.6,"1,782,221,400","1,782,223,020","1,782,222,037","1,782,223,944",NODELAY,0,AUTO,Diesel,false,false,HOME,1,1,0
pinnacle-Slc,Willow Bend Campus,CAB,"June 23, 2026",14:30,"3,291,621",LOGOUT,false,Rohan Mikhailov Travel,RQA 690 GP,RQA 690 GP,3,6.17,6.52,"1,782,225,000","1,782,226,080","1,782,224,872","1,782,226,585",NODELAY,0,AUTO,Diesel,false,false,NA,1,1,0
pinnacle-Slc,Clearwater Campus,CAB,"June 25, 2026",08:30,"3,300,085",LOGIN,false,Rohan Mikhailov Travel,OFS 715 GP,OFS 715 GP,3,21.95,19.8,"1,782,372,180","1,782,375,900","1,782,372,315","1,782,376,049",NODELAY,0,AUTO,Diesel,false,false,NA,3,3,0
pinnacle-Slc,Willow Bend Campus,CAB,"June 23, 2026",09:00,"3,287,899",LOGIN,false,Rohan Mikhailov Travel,ZEE 455 GP,ZEE 455 GP,3,4.86,7.2,"1,782,202,320","1,782,204,900","1,782,202,092","1,782,204,077",NODELAY,0,AUTO,Diesel,false,false,HOME,2,1,0
pinnacle-Slc,Clearwater Campus,CAB,"June 23, 2026",16:30,"3,290,179",LOGOUT,false,Rahul Morozov Travel,GEE 036 GP,GEE 036 GP,3,2.81,2.8,"1,782,232,200","1,782,232,860","1,782,233,806","1,782,234,439",DRIVER,13,AUTO,Diesel,false,false,NA,1,1,0
pinnacle-Slc,Clearwater Campus,CAB,"June 19, 2026",07:30,"3,271,413",LOGIN,false,Rohan Mikhailov Travel,NBM 011 GP,NBM 011 GP,3,25.32,24.37,"1,781,850,120","1,781,853,900","1,781,850,481","1,781,853,006",NODELAY,0,AUTO,Diesel,false,false,NA,1,1,0
pinnacle-Slc,Willow Bend Campus,CAB,"May 20, 2026",09:00,"3,130,200",LOGIN,false,Rohan Mikhailov Travel,FIV 693 GP,FIV 693 GP,3,6.24,5.9,"1,779,266,040","1,779,267,300","1,779,266,940","1,779,268,106",NODELAY,0,AUTO,Diesel,false,false,HOME,1,1,0
pinnacle-Slc,Oakmont Office,CAB,"May 27, 2026",15:00,"3,163,395",LOGOUT,false,Arjun Mikhailov Travel,MIU 452 GP,MIU 452 GP,5,14.74,14.6,"1,779,894,000","1,779,895,860","1,779,894,382","1,779,896,922",NODELAY,0,AUTO,Diesel,false,false,HOME,2,2,0
pinnacle-Slc,Willow Bend Campus,CAB,"May 25, 2026",08:30,"3,148,995",LOGIN,false,Divya Mikhailov Travel,RST 334 GP,RST 334 GP,3,2.67,1.4,"1,779,696,720","1,779,697,500","1,779,696,900","1,779,697,314",NODELAY,0,AUTO,Diesel,false,false,NA,2,2,0
pinnacle-Slc,Clearwater Campus,CAB,"May 20, 2026",18:30,"3,133,039",LOGOUT,false,Rahul Mikhailov Travel,VCD 560 GP,VCD 560 GP,3,6.81,6.5,"1,779,301,800","1,779,303,360","1,779,301,995","1,779,303,832",NODELAY,0,AUTO,Diesel,false,false,NODAL,1,1,0
pinnacle-Slc,Clearwater Campus,CAB,"May 21, 2026",08:30,"3,135,084",LOGIN,false,Rohan Mikhailov Travel,EKN 592 GP,EKN 592 GP,3,18.6,18.6,"1,779,347,880","1,779,351,900","1,779,347,830","1,779,350,413",NODELAY,0,AUTO,Diesel,false,false,NA,1,1,0
pinnacle-Slc,Clearwater Campus,CAB,"May 21, 2026",09:00,"3,135,307",LOGIN,false,Rahul Mikhailov Travel,OIW 629 GP,OIW 629 GP,3,8.51,8.1,"1,779,351,660","1,779,353,700","1,779,352,011","1,779,353,692",NODELAY,0,AUTO,Diesel,false,false,NA,1,1,0
pinnacle-Slc,Clearwater Campus,CAB,"May 26, 2026",15:00,"3,157,895",LOGOUT,false,Rohan Mikhailov Travel,MHJ 925 GP,MHJ 925 GP,5,5.92,5.47,"1,779,807,600","1,779,808,740","1,779,808,006","1,779,811,092",EMPLOYEE,19,AUTO,Diesel,false,false,NODAL,3,3,0
pinnacle-Slc,Willow Bend Campus,CAB,"May 12, 2026",13:30,"3,093,022",LOGOUT,false,Divya Mikhailov Travel,AUA 428 GP,AUA 428 GP,3,25.76,23.7,"1,778,592,600","1,778,595,900","1,778,592,480","1,778,595,480",NODELAY,0,AUTO,Diesel,false,false,NA,1,1,0
pinnacle-Slc,Clearwater Campus,CAB,"July 30, 2026",09:00,"3,473,455",LOGIN,false,Karan Mikhailov Travel,ZJM 782 GP,ZJM 782 GP,3,4.88,5.25,"1,785,399,720","1,785,401,700","1,785,400,253","1,785,402,039",NODELAY,0,AUTO,Diesel,false,false,HOME,3,2,0
pinnacle-Slc,Clearwater Campus,CAB,"July 29, 2026",20:00,"3,469,132",LOGOUT,false,Pooja Mikhailov Travel,MLO 470 GP,MLO 470 GP,3,18.05,21.6,"1,785,355,200","1,785,358,560","1,785,355,341","1,785,358,693",NODELAY,0,AUTO,Diesel,false,false,HOME,1,1,0
pinnacle-Slc,Willow Bend Campus,CAB,"July 30, 2026",13:30,"3,473,943",LOGOUT,false,Sanjay Mikhailov Travel,HGF 809 GP,HGF 809 GP,3,15.62,14.9,"1,785,418,200","1,785,420,660","1,785,418,170","1,785,420,473",NODELAY,0,AUTO,Diesel,false,false,NA,2,1,0
pinnacle-Slc,Clearwater Campus,CAB,"July 31, 2026",08:30,"3,479,680",LOGIN,false,Rohan Mikhailov Travel,BTJ 301 GP,BTJ 301 GP,3,4.19,3.85,"1,785,484,920","1,785,486,300","1,785,484,893","1,785,487,437",NODELAY,0,AUTO,Diesel,false,false,NA,3,3,0
catalyst-Sac,Santa Clara Office,CAB,"June 10, 2026",20:30,"1,489,281",LOGOUT,false,Vikram Mikhailov Travel,WQT 405 GP,WQT 405 GP,6,20.11,20.36,"1,781,124,300","1,781,126,280","1,781,124,889","1,781,128,986",NODELAY,0,AUTO,Petrol,false,false,HOME,6,6,0
orbit-Slc,Lakeside Commons,CAB,"June 17, 2026",13:00,"1,283,493",LOGIN,false,Rahul Mikhailov Travel,MPU 739 GP,MPU 739 GP,3,26.94,34.5,"1,781,693,100","1,781,700,300","1,781,692,636","1,781,702,148",TRAFFIC,15,AUTO,Diesel,false,false,HOME,3,2,1
vanta-Sea,Denver Office,CAB,"June 3, 2026",20:16,"4,911,207",LOGOUT,false,Aarav Mikhailov Travel,CSI 889 GP,CSI 889 GP,12,6.29,5.4,"1,780,518,660","1,780,519,200","1,780,517,605","1,780,520,425",NODELAY,0,AUTO,Petrol,false,false,NA,6,6,0
catalyst-Sac,Santa Clara Office,CAB,"June 17, 2026",19:30,"1,498,149",LOGIN,false,Vikram Mikhailov Travel,IXK 816 GP,IXK 816 GP,4,22.23,21.81,"1,781,717,400","1,781,722,800","1,781,718,288","1,781,723,020",NODELAY,0,AUTO,Petrol,false,false,HOME,2,2,0
vanta-Sea,Denver Office,BUS,"June 3, 2026",12:00,"4,909,385",LOGIN,false,Priya Mikhailov Travel,IRL 079 GP,IRL 079 GP,3,16.05,18.6,"1,780,483,440","1,780,487,100","1,780,481,700","1,780,489,109",TRAFFIC,18,MANUAL,Petrol,false,false,NA,3,3,0
vanta-Aus,Cedar Ridge Office,CAB,"June 16, 2026",16:15,"1,176,858",LOGOUT,false,Meera Pavlov Travel,GTJ 699 GP,GTJ 699 GP,3,2.68,3.3,"1,781,627,400","1,781,628,240","1,781,626,252","1,781,628,366",NODELAY,0,AUTO,Diesel,false,false,NA,1,1,0
orbit-Slc,Eastgate Office,BUS,"June 23, 2026",13:00,"1,294,524",LOGIN,false,Rohan Mikhailov Travel,IPT 248 GP,IPT 248 GP,3,8.87,9.8,"1,782,215,100","1,782,218,700","1,782,215,018","1,782,217,522",NODELAY,0,MANUAL,Diesel,false,false,HOME,3,3,0
vanta-Sea,Denver Office,CAB,"May 26, 2026",23:16,"4,886,833",LOGOUT,true,Isha Mikhailov Travel,CHR 155 GP,CHR 155 GP,3,20.71,23.3,"1,779,838,260","1,779,840,720","1,779,837,392","1,779,841,914",NODELAY,0,AUTO,Petrol,false,false,NA,2,3,0
vanta-Sea,Denver Office,CAB,"May 29, 2026",23:16,"4,898,306",LOGOUT,false,Isha Mikhailov Travel,LSY 538 GP,LSY 538 GP,3,32.46,29.8,"1,780,097,460","1,780,100,340","1,780,096,574","1,780,100,078",NODELAY,0,AUTO,Petrol,false,false,NA,2,1,1
vanta-Sea,Denver Office,CAB,"May 22, 2026",22:16,"4,876,971",LOGOUT,true,Sanjay Mikhailov Travel,RSM 142 GP,RSM 142 GP,3,20.18,21.1,"1,779,489,060","1,779,492,120","1,779,488,424","1,779,492,296",NODELAY,0,AUTO,Petrol,false,false,NA,2,2,1
vanta-Sea,Denver Office,BUS,"May 25, 2026",16:16,"4,881,258",LOGOUT,false,Sanjay Mikhailov Travel,YRT 116 GP,YRT 116 GP,12,15.29,15,"1,779,725,760","1,779,726,300","1,779,724,990","1,779,730,347",NODELAY,0,MANUAL,Petrol,false,false,NA,7,7,0
pinnacle-Slc,Clearwater Campus,CAB,"May 6, 2026",Non Shift,"3,075,766",LOGOUT,false,Rohan Mikhailov Travel,JAD 426 GP,JAD 426 GP,3,4.3,8,"1,778,106,600","1,778,110,200","1,778,107,069","1,778,108,146",NODELAY,0,AUTO,Diesel,false,false,NA,1,1,0
pinnacle-Slc,Clearwater Campus,CAB,"May 6, 2026",08:30,"3,067,306",LOGIN,false,Rohan Mikhailov Travel,VKZ 784 GP,VKZ 784 GP,3,7.85,8.11,"1,778,053,620","1,778,055,900","1,778,054,205","1,778,056,728",NODELAY,0,AUTO,Diesel,false,false,HOME,3,3,0
pinnacle-Slc,Clearwater Campus,CAB,"May 5, 2026",Non Shift,"3,065,472",LOGOUT,false,Karan Mikhailov Travel,IJM 643 GP,IJM 643 GP,3,23.78,11.9,"1,777,993,200","1,778,000,400","1,777,994,825","1,777,997,055",EMPLOYEE,12,AUTO,Diesel,false,false,NA,1,1,0
vanta-Sea,Denver Office,CAB,"May 27, 2026",21:16,"4,890,133",LOGOUT,true,Anjali Mikhailov Travel,QWM 376 GP,QWM 376 GP,3,2.32,6,"1,779,917,460","1,779,917,820","1,779,916,700","1,779,919,003",NODELAY,0,AUTO,Electric,false,false,NA,2,3,1
pinnacle-Slc,Oakmont Office,CAB,"May 5, 2026",04:30,"3,064,122",LOGOUT,true,Karan Mikhailov Travel,JJA 941 GP,JJA 941 GP,3,2.01,3.2,"1,777,955,400","1,777,955,760","1,777,956,464","1,777,957,086",EMPLOYEE,3,AUTO,Diesel,false,false,HOME,2,2,0
pinnacle-Slc,Clearwater Campus,CAB,"May 5, 2026",14:30,"3,060,721",LOGOUT,false,Divya Mikhailov Travel,ZFF 319 GP,ZFF 319 GP,3,9.2,5.06,"1,777,991,400","1,777,992,480","1,777,990,964","1,777,993,021",NODELAY,0,AUTO,Diesel,false,false,NA,3,3,0
pinnacle-Slc,Oakmont Office,CAB,"May 7, 2026",15:30,"3,074,906",LOGOUT,false,Rahul Mikhailov Travel,MHT 373 GP,MHT 373 GP,3,7.25,7.35,"1,778,167,800","1,778,168,880","1,778,168,010","1,778,170,018",NODELAY,0,AUTO,Diesel,false,false,NA,2,2,0
pinnacle-Slc,Oakmont Office,CAB,"May 12, 2026",09:30,"3,092,411",LOGIN,false,Rohan Mikhailov Travel,QFN 445 GP,QFN 445 GP,3,9.76,9.84,"1,778,575,260","1,778,577,900","1,778,575,280","1,778,579,432",TRAFFIC,5,AUTO,Diesel,false,false,NA,2,1,0
pinnacle-Slc,Clearwater Campus,CAB,"May 6, 2026",13:00,"3,067,099",LOGIN,false,Amit Mikhailov Travel,HXY 946 GP,HXY 946 GP,3,14.16,14.5,"1,778,069,400","1,778,072,100","1,778,069,653","1,778,072,000",NODELAY,0,AUTO,Diesel,false,false,NA,1,1,0
vanta-Sea,Denver Office,BUS,"July 6, 2026",10:00,"5,017,457",LOGIN,false,Aarav Petrov Travel,PKW 997 GP,PKW 997 GP,5,19.98,19.26,"1,783,327,320","1,783,331,100","1,783,327,338","1,783,332,442",TRAFFIC,7,SHUTTLE_SERVICE,Petrol,false,false,HOME,3,3,0
vanta-Sea,Denver Office,BUS,"July 9, 2026",12:00,"5,029,058",LOGIN,false,Sanjay Mikhailov Travel,GVR 601 GP,GVR 601 GP,12,15.61,13.83,"1,783,594,080","1,783,597,500","1,783,592,315","1,783,598,862",TRAFFIC,7,SHUTTLE_SERVICE,Petrol,false,false,HOME,12,11,1
vanta-Sea,Denver Office,BUS,"July 9, 2026",14:16,"5,029,679",LOGOUT,false,Aarav Petrov Travel,SFV 424 GP,SFV 424 GP,3,24.66,14.6,"1,783,606,560","1,783,611,000","1,783,604,905","1,783,608,479",NODELAY,0,SHUTTLE_SERVICE,Electric,false,false,HOME,1,1,0
vanta-Sea,Denver Office,BUS,"July 13, 2026",15:16,"5,039,684",LOGOUT,false,Sanjay Mikhailov Travel,XOJ 582 GP,XOJ 582 GP,3,20.84,11.4,"1,783,955,760","1,783,958,100","1,783,955,548","1,783,959,209",NODELAY,0,SHUTTLE_SERVICE,Electric,false,false,HOME,2,1,1
vanta-Sea,Denver Office,CAB,"July 14, 2026",20:16,"5,044,593",LOGOUT,true,Priya Mikhailov Travel,PEP 263 GP,PEP 263 GP,3,26.43,24.9,"1,784,061,060","1,784,063,340","1,784,060,120","1,784,064,678",NODELAY,0,AUTO,Petrol,false,false,HOME,2,3,0
vanta-Sea,Denver Office,CAB,"July 14, 2026",21:16,"5,044,866",LOGOUT,false,Aarav Petrov Travel,VIY 205 GP,VIY 205 GP,3,24.6,26.4,"1,784,064,660","1,784,068,680","1,784,063,913","1,784,069,592",NODELAY,0,AUTO,Electric,false,false,HOME,3,3,0
vanta-Sea,Denver Office,CAB,"July 14, 2026",22:00,"5,043,739",LOGIN,false,Sanjay Mikhailov Travel,UAB 486 GP,UAB 486 GP,3,8.73,8.4,"1,784,064,240","1,784,065,500","1,784,063,968","1,784,065,512",NODELAY,0,AUTO,Petrol,false,false,HOME,2,2,0
orbit-Slc,Eastgate Office,BUS,"June 25, 2026",13:00,"1,299,482",LOGIN,false,Rohan Mikhailov Travel,CLC 674 GP,CLC 674 GP,6,13.18,13.6,"1,782,388,140","1,782,391,500","1,782,388,415","1,782,391,849",NODELAY,0,MANUAL,Diesel,false,false,NODAL,6,6,0
vanta-Sea,Denver Office,BUS,"June 11, 2026",16:16,"4,936,314",LOGOUT,false,Sanjay Mikhailov Travel,YIM 053 GP,YIM 053 GP,3,13.55,13.6,"1,781,194,560","1,781,195,100","1,781,193,724","1,781,197,810",NODELAY,0,MANUAL,Electric,false,false,NA,2,2,0
pinnacle-Slc,Clearwater Campus,CAB,"June 1, 2026",09:00,"3,175,883",LOGIN,false,Amit Volkov Travel,MND 074 GP,MND 074 GP,3,7.53,7.7,"1,780,302,060","1,780,304,100","1,780,302,480","1,780,304,461",NODELAY,0,AUTO,Diesel,false,false,NODAL,2,2,0
vanta-Sea,Denver Office,CAB,"June 18, 2026",23:16,"4,963,223",LOGOUT,false,Sanjay Mikhailov Travel,EKH 162 GP,EKH 162 GP,5,19.5,19.4,"1,781,825,460","1,781,825,880","1,781,824,432","1,781,827,268",NODELAY,0,AUTO,Petrol,false,false,NA,5,5,0
vanta-Sea,Denver Office,CAB,"June 15, 2026",18:16,"4,947,523",LOGOUT,false,Priya Mikhailov Travel,XTP 672 GP,XTP 672 GP,3,8.83,6.5,"1,781,548,260","1,781,549,040","1,781,546,601","1,781,549,365",NODELAY,0,AUTO,Petrol,false,false,NA,2,2,0
pinnacle-Slc,Clearwater Campus,CAB,"May 7, 2026",16:30,"3,076,211",LOGOUT,false,Rohan Mikhailov Travel,RTS 876 GP,RTS 876 GP,3,8.24,8.8,"1,778,171,400","1,778,172,660","1,778,172,566","1,778,174,832",DRIVER,4,AUTO,Diesel,false,false,HOME,3,2,0
pinnacle-Slc,Clearwater Campus,CAB,"May 11, 2026",14:30,"3,089,700",LOGOUT,false,Karan Mikhailov Travel,VWS 825 GP,VWS 825 GP,3,5.1,5.7,"1,778,509,800","1,778,510,640","1,778,509,490","1,778,510,704",NODELAY,0,AUTO,Diesel,false,false,NA,2,1,0
pinnacle-Slc,Clearwater Campus,CAB,"May 18, 2026",14:30,"3,119,699",LOGOUT,false,Divya Mikhailov Travel,WTD 036 GP,WTD 036 GP,3,7.91,7.3,"1,779,114,600","1,779,115,740","1,779,114,439","1,779,116,374",NODELAY,0,AUTO,Diesel,false,false,NA,3,2,0
pinnacle-Slc,Oakmont Office,CAB,"May 11, 2026",19:30,"3,086,045",LOGIN,true,Rohan Mikhailov Travel,NWJ 876 GP,NWJ 876 GP,3,12.64,13.74,"1,778,522,580","1,778,527,500","1,778,520,795","1,778,525,119",NODELAY,0,AUTO,Diesel,false,false,NA,2,2,0
pinnacle-Slc,Willow Bend Campus,CAB,"May 15, 2026",16:30,"3,111,307",LOGOUT,false,Arjun Mikhailov Travel,SWE 615 GP,SWE 615 GP,3,1.01,2.1,"1,778,862,600","1,778,863,080","1,778,861,974","1,778,862,627",NODELAY,0,AUTO,Diesel,false,false,HOME,1,1,0
pinnacle-Slc,Clearwater Campus,CAB,"May 18, 2026",16:30,"3,120,372",LOGOUT,false,Rohan Mikhailov Travel,LPL 295 GP,LPL 295 GP,3,7.82,9.65,"1,779,121,800","1,779,124,140","1,779,122,019","1,779,124,887",NODELAY,0,AUTO,Diesel,false,false,NA,3,2,0
pinnacle-Slc,Clearwater Campus,CAB,"May 14, 2026",10:30,"3,103,035",LOGIN,false,Rohan Mikhailov Travel,XMQ 562 GP,XMQ 562 GP,3,9.82,9.73,"1,778,751,480","1,778,754,300","1,778,751,795","1,778,755,445",NODELAY,0,AUTO,Diesel,false,false,NA,3,2,0
pinnacle-Slc,Willow Bend Campus,CAB,"May 15, 2026",09:30,"3,110,193",LOGIN,false,Rahul Orlov Travel,DAR 579 GP,DAR 579 GP,3,11.58,11.6,"1,778,834,940","1,778,837,100","1,778,835,306","1,778,837,529",NODELAY,0,AUTO,Diesel,false,false,NODAL,1,1,0
pinnacle-Slc,Oakmont Office,CAB,"May 19, 2026",22:00,"3,125,100",LOGOUT,true,Rohan Mikhailov Travel,CQD 298 GP,CQD 298 GP,3,13.81,13.3,"1,779,228,000","1,779,230,580","1,779,228,625","1,779,231,144",NODELAY,0,AUTO,Diesel,false,false,HOME,3,2,0
pinnacle-Slc,Oakmont Office,CAB,"May 18, 2026",15:00,"3,118,140",LOGOUT,false,Rohan Mikhailov Travel,DMM 420 GP,DMM 420 GP,3,3.38,3.2,"1,779,116,400","1,779,117,000","1,779,115,516","1,779,117,681",NODELAY,0,AUTO,Diesel,false,false,HOME,2,2,0
pinnacle-Slc,Clearwater Campus,CAB,"May 15, 2026",09:00,"3,108,510",LOGIN,false,Rohan Mikhailov Travel,MSH 956 GP,MSH 956 GP,3,20.84,19.2,"1,778,831,520","1,778,835,300","1,778,831,933","1,778,836,055",NODELAY,0,AUTO,Diesel,false,false,HOME,1,1,0
vanta-Aus,Cedar Ridge Office,CAB,"July 3, 2026",11:00,"1,209,067",LOGIN,false,Priya Mikhailov Travel,NYQ 056 GP,NYQ 056 GP,3,13.57,12.3,"1,783,071,480","1,783,075,500","1,783,071,569","1,783,074,243",NODELAY,0,AUTO,Diesel,false,false,HOME,1,1,0
vanta-Aus,Cedar Ridge Office,CAB,"July 1, 2026",18:15,"1,205,558",LOGOUT,false,Sneha Mikhailov Travel,TRV 680 GP,TRV 680 GP,5,9.67,9.7,"1,782,930,600","1,782,931,920","1,782,929,286","1,782,932,583",NODELAY,0,AUTO,Diesel,false,false,NA,5,4,1
orbit-Slc,Cedar Ridge Office,CAB,"July 7, 2026",20:00,"1,321,274",LOGOUT,false,Rahul Mikhailov Travel,ZBL 779 GP,ZBL 779 GP,3,11.39,14.82,"1,783,455,300","1,783,455,900","1,783,454,848","1,783,459,538",NODELAY,0,AUTO,Diesel,false,false,HOME,3,3,0
orbit-Slc,Lakeside Commons,CAB,"July 9, 2026",20:00,"1,326,806",LOGOUT,true,Anjali Mikhailov Travel,ZJH 028 GP,ZJH 028 GP,3,21.39,25.53,"1,783,628,100","1,783,631,220","1,783,628,342","1,783,633,854",NODELAY,0,AUTO,Diesel,false,false,NA,2,3,0
catalyst-Sac,Santa Clara Office,CAB,"July 1, 2026",02:00,"1,517,215",LOGOUT,true,Divya Mikhailov Travel,RVT 871 GP,RVT 871 GP,4,9.52,9.5,"1,782,872,100","1,782,873,600","1,782,872,570","1,782,875,378",NODELAY,0,AUTO,Petrol,false,false,HOME,3,4,0
vanta-Aus,Cedar Ridge Office,CAB,"July 8, 2026",21:15,"1,218,419",LOGOUT,false,Meera Pavlov Travel,CPA 087 GP,CPA 087 GP,3,13.32,15.1,"1,783,546,200","1,783,549,500","1,783,544,682","1,783,548,148",NODELAY,0,AUTO,Electric,false,false,HOME,3,3,0
vanta-Aus,Cedar Ridge Office,CAB,"July 7, 2026",23:15,"1,216,559",LOGOUT,true,Priya Mikhailov Travel,HLW 506 GP,HLW 506 GP,3,26.39,6.4,"1,783,467,000","1,783,470,960","1,783,466,061","1,783,469,704",NODELAY,0,AUTO,Electric,false,false,HOME,1,2,0
catalyst-Sac,Redwood City Center,CAB,"July 11, 2026",03:30,"1,532,655",LOGOUT,false,Aarav Mikhailov Travel,RUB 559 GP,RUB 559 GP,4,27.95,26.5,"1,783,741,500","1,783,744,500","1,783,741,203","1,783,744,074",NODELAY,0,AUTO,Petrol,false,false,HOME,1,1,0
catalyst-Sac,Santa Clara Office,CAB,"July 9, 2026",21:30,"1,530,238",LOGOUT,true,Divya Mikhailov Travel,GWL 440 GP,GWL 440 GP,4,8.11,8.1,"1,783,633,500","1,783,634,400","1,783,633,916","1,783,637,202",NODELAY,0,AUTO,Petrol,false,false,NA,1,2,0
vanta-Sea,Denver Office,BUS,"July 2, 2026",09:00,"5,006,630",LOGIN,false,Isha Mikhailov Travel,OEE 971 GP,OEE 971 GP,3,13.87,12.1,"1,782,979,980","1,782,981,900","1,782,978,668","1,782,985,396",EMPLOYEE,43,MANUAL,Petrol,false,false,HOME,1,1,0
orbit-Slc,Lakeside Commons,CAB,"July 10, 2026",15:30,"1,328,233",LOGOUT,false,Anjali Mikhailov Travel,HFL 129 GP,HFL 129 GP,3,18.92,20.4,"1,783,698,300","1,783,701,660","1,783,697,738","1,783,703,434",NODELAY,0,AUTO,Electric,false,false,NA,1,1,0
vanta-Sea,Denver Office,BUS,"July 1, 2026",15:16,"5,003,934",LOGOUT,false,Priya Mikhailov Travel,PGO 659 GP,PGO 659 GP,3,15.44,14,"1,782,918,960","1,782,919,500","1,782,918,620","1,782,921,681",NODELAY,0,MANUAL,Petrol,false,false,HOME,1,1,0
orbit-Slc,Lakeside Commons,CAB,"July 8, 2026",20:00,"1,323,948",LOGOUT,false,Anjali Mikhailov Travel,VLD 281 GP,VLD 281 GP,6,6.33,9.52,"1,783,541,700","1,783,542,720","1,783,541,188","1,783,544,077",NODELAY,0,AUTO,Diesel,false,false,HOME,3,3,0
catalyst-Sac,Santa Clara Office,CAB,"July 15, 2026",01:00,"1,536,433",LOGOUT,true,Divya Mikhailov Travel,YMF 603 GP,YMF 603 GP,6,22.6,23.73,"1,784,078,100","1,784,080,380","1,784,078,283","1,784,083,192",NODELAY,0,AUTO,Petrol,false,false,NA,2,3,0
vanta-Sea,Denver Office,BUS,"July 1, 2026",10:00,"5,002,354",LOGIN,false,Aarav Mikhailov Travel,NLW 519 GP,NLW 519 GP,5,26.04,23.1,"1,782,894,240","1,782,899,100","1,782,894,187","1,782,902,634",TRAFFIC,43,MANUAL,Petrol,false,false,HOME,3,3,0
vanta-Aus,Cedar Ridge Office,CAB,"July 10, 2026",22:15,"1,223,138",LOGOUT,false,Sanjay Mikhailov Travel,SIN 292 GP,SIN 292 GP,3,4.59,6.4,"1,783,722,600","1,783,722,840","1,783,721,523","1,783,723,577",NODELAY,0,AUTO,Diesel,false,false,NA,3,2,1
pinnacle-Slc,Clearwater Campus,CAB,"June 4, 2026",16:30,"3,196,268",LOGOUT,false,Amit Mikhailov Travel,FUA 226 GP,FUA 226 GP,3,8.74,8.1,"1,780,590,600","1,780,592,160","1,780,591,082","1,780,593,663",NODELAY,0,AUTO,Diesel,false,false,NODAL,2,2,0
pinnacle-Slc,Willow Bend Campus,CAB,"June 4, 2026",08:30,"3,192,779",LOGIN,false,Amit Mikhailov Travel,BGI 590 GP,BGI 590 GP,3,17.31,23.7,"1,780,557,000","1,780,561,500","1,780,557,362","1,780,561,160",NODELAY,0,AUTO,Diesel,false,false,HOME,3,2,0
pinnacle-Slc,Willow Bend Campus,CAB,"June 2, 2026",08:30,"3,179,307",LOGIN,false,Rahul Orlov Travel,FKY 553 GP,FKY 553 GP,3,12.76,11.7,"1,780,385,580","1,780,388,700","1,780,385,814","1,780,388,057",NODELAY,0,AUTO,Diesel,false,false,NA,1,1,0
pinnacle-Slc,Oakmont Office,CAB,"June 1, 2026",14:30,"3,174,426",LOGOUT,false,Aarav Mikhailov Travel,NAV 008 GP,NAV 008 GP,3,1.64,1.62,"1,780,324,200","1,780,324,620","1,780,324,445","1,780,325,987",NODELAY,0,AUTO,Diesel,false,false,NA,1,1,0
pinnacle-Slc,Clearwater Campus,CAB,"June 3, 2026",Non Shift,"3,196,660",LOGOUT,false,Rohan Mikhailov Travel,VTX 317 GP,VTX 317 GP,3,9.31,8.6,"1,780,516,800","1,780,520,400","1,780,518,244","1,780,519,689",EMPLOYEE,10,AUTO,Diesel,false,false,NA,1,1,0
pinnacle-Slc,Clearwater Campus,CAB,"June 2, 2026",16:30,"3,182,800",LOGOUT,false,Pooja Mikhailov Travel,WKI 291 GP,WKI 291 GP,3,5.25,8,"1,780,417,800","1,780,419,360","1,780,418,388","1,780,421,298",NODELAY,0,AUTO,Diesel,false,false,HOME,2,1,0
pinnacle-Slc,Clearwater Campus,CAB,"June 11, 2026",10:30,"3,225,692",LOGIN,false,Rahul Mikhailov Travel,NOD 974 GP,NOD 974 GP,3,4.55,5.49,"1,781,171,580","1,781,173,500","1,781,172,135","1,781,174,468",NODELAY,0,AUTO,Diesel,false,false,HOME,3,2,1
pinnacle-Slc,Clearwater Campus,CAB,"June 3, 2026",15:00,"3,188,474",LOGOUT,false,Rohan Mikhailov Travel,RXR 408 GP,RXR 408 GP,3,6.56,6.2,"1,780,498,800","1,780,499,940","1,780,498,829","1,780,501,604",NODELAY,0,AUTO,Diesel,false,false,NA,3,3,0
pinnacle-Slc,Oakmont Office,CAB,"June 2, 2026",13:30,"3,181,701",LOGOUT,false,Rohan Mikhailov Travel,EST 480 GP,EST 480 GP,3,10.96,11.8,"1,780,407,000","1,780,408,920","1,780,407,018","1,780,409,503",NODELAY,0,AUTO,Diesel,false,false,NODAL,1,1,0
pinnacle-Slc,Oakmont Office,CAB,"June 6, 2026",23:30,"3,205,236",LOGOUT,true,Arjun Mikhailov Travel,TUW 163 GP,TUW 163 GP,3,6.58,8.3,"1,780,788,600","1,780,790,040","1,780,789,235","1,780,790,413",NODELAY,0,AUTO,Diesel,false,false,HOME,2,2,0
pinnacle-Slc,Oakmont Office,CAB,"June 11, 2026",09:00,"3,226,093",LOGIN,false,Karan Mikhailov Travel,ZYX 799 GP,ZYX 799 GP,3,21.98,20.87,"1,781,163,480","1,781,168,100","1,781,163,854","1,781,168,237",NODELAY,0,AUTO,Diesel,false,false,NODAL,1,1,0
pinnacle-Slc,Clearwater Campus,CAB,"July 15, 2026",08:30,"3,395,747",LOGIN,false,Aarav Mikhailov Travel,ANK 120 GP,ANK 120 GP,3,16.21,14.78,"1,784,100,120","1,784,103,900","1,784,100,245","1,784,102,943",NODELAY,0,AUTO,Diesel,false,false,NA,3,2,0
pinnacle-Slc,Oakmont Office,CAB,"July 21, 2026",15:30,"3,424,629",LOGOUT,false,Divya Mikhailov Travel,KIT 555 GP,KIT 555 GP,3,5.86,7.8,"1,784,647,800","1,784,649,420","1,784,648,056","1,784,650,100",NODELAY,0,AUTO,Diesel,false,false,NA,1,1,0
pinnacle-Slc,Clearwater Campus,CAB,"July 23, 2026",16:30,"3,440,416",LOGOUT,false,Karan Mikhailov Travel,ZOK 698 GP,ZOK 698 GP,3,21.72,21.97,"1,784,824,200","1,784,828,520","1,784,824,321","1,784,829,622",NODELAY,0,AUTO,Diesel,false,false,NA,2,2,0
pinnacle-Slc,Clearwater Campus,CAB,"July 27, 2026",08:30,"3,452,262",LOGIN,false,Aarav Mikhailov Travel,MOS 532 GP,MOS 532 GP,3,3.94,4.36,"1,785,139,380","1,785,140,700","1,785,139,702","1,785,142,099",EMPLOYEE,3,AUTO,Diesel,false,false,HOME,3,3,0
catalyst-Sac,Santa Clara Office,CAB,"May 21, 2026",20:30,"1,465,982",LOGOUT,true,Vikram Mikhailov Travel,HUK 592 GP,HUK 592 GP,4,16.28,16.3,"1,779,396,300","1,779,398,760","1,779,396,823","1,779,402,739",NODELAY,0,AUTO,Petrol,false,false,NA,3,4,0
catalyst-Sac,Santa Clara Office,CAB,"May 28, 2026",02:30,"1,472,944",LOGOUT,true,Divya Mikhailov Travel,QRE 462 GP,QRE 462 GP,4,24.3,24.3,"1,779,936,300","1,779,938,940","1,779,936,399","1,779,942,475",NODELAY,0,AUTO,Petrol,false,false,NA,3,4,0
orbit-Slc,Eastgate Office,CAB,"May 13, 2026",06:30,"1,226,863",LOGIN,false,Rohan Mikhailov Travel,IPT 248 GP,IPT 248 GP,3,17.68,19.9,"1,778,649,000","1,778,652,900","1,778,649,277","1,778,652,001",NODELAY,0,AUTO,Diesel,false,false,HOME,3,3,0
vanta-Aus,Cedar Ridge Office,CAB,"May 26, 2026",10:00,"1,139,489",LOGIN,false,Meera Pavlov Travel,JAH 145 GP,JAH 145 GP,3,24.93,22.3,"1,779,783,900","1,779,788,700","1,779,783,864","1,779,787,788",NODELAY,0,AUTO,Diesel,false,false,HOME,3,3,0
orbit-Slc,Lakeside Commons,CAB,"May 12, 2026",22:00,"1,226,131",LOGOUT,true,Anjali Mikhailov Travel,MSY 860 GP,MSY 860 GP,12,34.21,37.75,"1,778,624,100","1,778,628,780","1,778,624,444","1,778,629,340",NODELAY,0,AUTO,Diesel,false,false,HOME,6,7,0
orbit-Slc,Eastgate Office,BUS,"May 13, 2026",11:00,"1,226,392",LOGIN,false,Rohan Mikhailov Travel,LPJ 414 GP,LPJ 414 GP,3,23.6,28.04,"1,778,664,000","1,778,669,100","1,778,664,521","1,778,668,303",NODELAY,0,MANUAL,Diesel,false,false,NODAL,3,3,0
vanta-Aus,Cedar Ridge Office,CAB,"May 22, 2026",20:15,"1,135,434",LOGOUT,false,Sneha Mikhailov Travel,BXD 416 GP,BXD 416 GP,3,14.95,15.3,"1,779,481,800","1,779,483,360","1,779,480,453","1,779,485,045",NODELAY,0,AUTO,Diesel,false,false,HOME,3,2,1
vanta-Sea,Denver Office,BUS,"May 4, 2026",13:00,"4,817,788",LOGIN,false,Isha Mikhailov Travel,ZFO 096 GP,ZFO 096 GP,3,18.75,17.5,"1,777,897,020","1,777,898,700","1,777,896,362","1,777,899,460",NODELAY,0,MANUAL,Electric,false,false,NA,1,1,0
vanta-Aus,Cedar Ridge Office,CAB,"May 26, 2026",23:15,"1,141,539",LOGOUT,true,Sanjay Mikhailov Travel,JMW 697 GP,JMW 697 GP,3,8.8,11.4,"1,779,838,200","1,779,839,520","1,779,837,202","1,779,839,291",NODELAY,0,AUTO,Diesel,false,false,HOME,2,3,0
vanta-Aus,Cedar Ridge Office,CAB,"May 28, 2026",12:00,"1,144,088",LOGIN,false,Sneha Mikhailov Travel,TXX 399 GP,TXX 399 GP,5,7.35,7.6,"1,779,966,480","1,779,968,700","1,779,966,889","1,779,968,511",NODELAY,0,AUTO,Diesel,false,false,NA,4,3,1
vanta-Aus,Cedar Ridge Office,CAB,"May 28, 2026",06:15,"1,144,435",LOGOUT,true,Anjali Mikhailov Travel,GGZ 877 GP,GGZ 877 GP,5,8.85,8.4,"1,779,949,800","1,779,951,840","1,779,948,783","1,779,950,151",NODELAY,0,AUTO,Diesel,false,false,NA,1,2,0
vanta-Sea,Denver Office,BUS,"June 1, 2026",14:16,"4,902,072",LOGOUT,false,Aarav Mikhailov Travel,BPW 250 GP,BPW 250 GP,5,17.28,16.9,"1,780,323,360","1,780,324,200","1,780,322,379","1,780,327,074",NODELAY,0,MANUAL,Petrol,false,false,NA,3,3,0
vanta-Sea,Denver Office,CAB,"June 2, 2026",06:00,"4,903,983",LOGIN,true,Priya Mikhailov Travel,PPO 845 GP,PPO 845 GP,3,19.74,17.6,"1,780,377,240","1,780,379,100","1,780,377,280","1,780,379,420",NODELAY,0,AUTO,Petrol,false,false,NA,2,3,0
vanta-Aus,Cedar Ridge Office,CAB,"June 18, 2026",10:00,"1,179,976",LOGIN,false,Priya Mikhailov Travel,WDU 626 GP,WDU 626 GP,3,15.58,14.5,"1,781,772,600","1,781,775,900","1,781,772,759","1,781,775,524",NODELAY,0,AUTO,Electric,false,false,HOME,3,2,1
vanta-Aus,Cedar Ridge Office,CAB,"June 25, 2026",19:15,"1,194,506",LOGOUT,false,Anjali Mikhailov Travel,WSH 185 GP,WSH 185 GP,5,4.82,10.8,"1,782,415,800","1,782,416,520","1,782,414,619","1,782,418,286",NODELAY,0,AUTO,Diesel,false,false,HOME,5,4,1
vanta-Aus,Cedar Ridge Office,CAB,"June 9, 2026",14:00,"1,163,382",LOGIN,false,Anjali Mikhailov Travel,NIK 250 GP,NIK 250 GP,3,25.59,28.9,"1,781,008,320","1,781,012,700","1,781,008,358","1,781,012,939",NODELAY,0,AUTO,Diesel,false,false,NA,1,1,0
vanta-Aus,Cedar Ridge Office,CAB,"June 22, 2026",15:15,"1,187,725",LOGOUT,false,Sneha Mikhailov Travel,IPL 900 GP,IPL 900 GP,3,6.5,9.1,"1,782,142,200","1,782,144,120","1,782,140,955","1,782,143,064",NODELAY,0,AUTO,Diesel,false,false,NODAL,2,2,0
vanta-Aus,Cedar Ridge Office,CAB,"June 26, 2026",08:00,"1,195,237",LOGIN,false,Priya Mikhailov Travel,HUP 218 GP,HUP 218 GP,3,17.48,16.3,"1,782,457,140","1,782,459,900","1,782,457,248","1,782,459,609",NODELAY,0,AUTO,Electric,false,false,HOME,2,2,0
vanta-Aus,Cedar Ridge Office,CAB,"May 5, 2026",11:00,"1,102,547",LOGIN,false,Sanjay Mikhailov Travel,PHS 265 GP,PHS 265 GP,5,6.92,5.3,"1,777,974,300","1,777,977,900","1,777,974,885","1,777,977,969",NODELAY,0,AUTO,Diesel,false,false,NODAL,5,3,1
orbit-Slc,Lakeside Commons,CAB,"May 8, 2026",06:30,"1,219,775",LOGIN,false,Rahul Mikhailov Travel,DZN 274 GP,DZN 274 GP,3,29.17,32.59,"1,778,216,700","1,778,220,900","1,778,216,670","1,778,219,741",NODELAY,0,AUTO,Diesel,false,false,NA,2,2,0
catalyst-Sac,Santa Clara Office,CAB,"May 4, 2026",20:30,"1,442,871",LOGOUT,false,Vikram Mikhailov Travel,WKC 101 GP,WKC 101 GP,4,28.46,28.5,"1,777,927,500","1,777,931,820","1,777,927,244","1,777,932,327",NODELAY,0,AUTO,Petrol,false,false,HOME,4,4,0
vanta-Aus,Cedar Ridge Office,CAB,"May 11, 2026",12:00,"1,112,954",LOGIN,false,Priya Mikhailov Travel,BCN 493 GP,BCN 493 GP,5,11.03,9.7,"1,778,496,420","1,778,499,900","1,778,496,595","1,778,498,885",NODELAY,0,AUTO,Diesel,false,false,HOME,4,4,0
catalyst-Sac,Santa Clara Office,CAB,"May 6, 2026",00:30,"1,445,132",LOGOUT,false,Vikram Mikhailov Travel,YRI 474 GP,YRI 474 GP,4,20.22,20.4,"1,778,028,300","1,778,029,860","1,778,028,334","1,778,031,548",NODELAY,0,AUTO,Petrol,false,false,NA,2,2,0
orbit-Slc,Cedar Ridge Office,BUS,"May 6, 2026",13:00,"1,215,551",LOGIN,false,Rahul Mikhailov Travel,YXF 483 GP,YXF 483 GP,6,21.32,28.5,"1,778,065,800","1,778,071,500","1,778,067,198","1,778,070,665",NODELAY,0,MANUAL,Diesel,false,false,NA,4,3,1
orbit-Slc,Eastgate Office,BUS,"May 18, 2026",15:00,"1,232,286",LOGIN,false,Rohan Mikhailov Travel,HGT 975 GP,HGT 975 GP,3,15.06,18.67,"1,779,111,300","1,779,115,500","1,779,112,749","1,779,115,749",NODELAY,0,MANUAL,Diesel,false,false,HOME,2,2,0
catalyst-Sac,Santa Clara Office,CAB,"May 13, 2026",23:30,"1,455,903",LOGOUT,true,Rohan Mikhailov Travel,JAA 922 GP,JAA 922 GP,4,2.14,2.2,"1,778,715,900","1,778,716,320","1,778,716,481","1,778,717,263",NODELAY,0,AUTO,Petrol,false,false,NA,1,2,0
catalyst-Sac,Santa Clara Office,CAB,"May 21, 2026",03:30,"1,465,217",LOGOUT,false,Rohan Mikhailov Travel,BPC 669 GP,BPC 669 GP,4,25.05,25.1,"1,779,335,100","1,779,335,820","1,779,334,830","1,779,338,223",NODELAY,0,AUTO,Petrol,false,false,HOME,3,3,0
catalyst-Sac,Crestwood Campus,CAB,"July 16, 2026",04:00,"1,539,308",LOGOUT,false,Divya Mikhailov Travel,OGO 162 GP,OGO 162 GP,6,11.58,11.5,"1,784,175,300","1,784,176,380","1,784,175,373","1,784,177,727",NODELAY,0,AUTO,Petrol,false,false,NA,6,6,0
vanta-Aus,Cedar Ridge Office,CAB,"July 13, 2026",23:15,"1,226,863",LOGOUT,false,Anjali Mikhailov Travel,IJQ 407 GP,IJQ 407 GP,5,19.32,20.3,"1,783,985,400","1,783,988,100","1,783,984,445","1,783,987,229",NODELAY,0,AUTO,Diesel,false,false,HOME,3,3,0
vanta-Aus,Cedar Ridge Office,CAB,"July 13, 2026",14:15,"1,226,131",LOGOUT,false,Sneha Mikhailov Travel,EFN 105 GP,EFN 105 GP,4,20.23,23.1,"1,783,953,000","1,783,953,780","1,783,951,694","1,783,955,367",NODELAY,0,AUTO,Diesel,false,false,NA,2,2,0
vanta-Sea,Denver Office,BUS,"July 3, 2026",13:00,"5,011,639",LOGIN,false,Anjali Mikhailov Travel,LDK 477 GP,LDK 477 GP,5,29.68,28.8,"1,783,078,260","1,783,082,700","1,783,077,629","1,783,082,486",NODELAY,0,MANUAL,Petrol,false,false,HOME,2,2,0
catalyst-Sac,Santa Clara Office,CAB,"July 22, 2026",21:00,"1,546,597",LOGIN,true,Vikram Mikhailov Travel,TAM 251 GP,TAM 251 GP,4,4.61,4.83,"1,784,749,800","1,784,752,200","1,784,749,255","1,784,752,037",NODELAY,0,AUTO,Petrol,false,false,NA,3,4,0
orbit-Slc,Eastgate Office,CAB,"July 23, 2026",22:00,"1,350,705",LOGOUT,false,Rohan Mikhailov Travel,CVQ 952 GP,CVQ 952 GP,3,19.11,23.18,"1,784,844,900","1,784,848,320","1,784,844,643","1,784,848,000",NODELAY,0,AUTO,Electric,false,false,HOME,3,2,1
orbit-Slc,Cedar Ridge Office,BUS,"July 31, 2026",13:00,"1,365,888",LOGIN,false,Anjali Mikhailov Travel,YOZ 406 GP,YOZ 406 GP,3,15.61,23,"1,785,496,500","1,785,501,900","1,785,497,364","1,785,500,637",NODELAY,0,MANUAL,Diesel,false,false,HOME,2,2,0
orbit-Slc,Cedar Ridge Office,CAB,"July 29, 2026",22:00,"1,363,171",LOGOUT,false,Anjali Mikhailov Travel,GRF 998 GP,GRF 998 GP,3,32.33,37.1,"1,785,363,300","1,785,368,820","1,785,363,297","1,785,370,137",NODELAY,0,AUTO,Electric,false,false,HOME,2,2,0
pinnacle-Slc,Clearwater Campus,CAB,"June 11, 2026",15:00,"3,229,731",LOGOUT,false,Divya Sokolov Travel,QLM 707 GP,QLM 707 GP,3,15.32,14.22,"1,781,190,000","1,781,192,700","1,781,190,261","1,781,193,689",NODELAY,0,AUTO,Diesel,false,false,NODAL,4,3,0
vanta-Sea,Denver Office,CAB,"June 19, 2026",17:16,"4,965,765",LOGOUT,false,Priya Mikhailov Travel,ILG 609 GP,ILG 609 GP,5,8.44,6.1,"1,781,890,260","1,781,891,100","1,781,889,572","1,781,891,090",NODELAY,0,AUTO,Petrol,false,false,NA,2,1,1
pinnacle-Slc,Clearwater Campus,CAB,"June 11, 2026",17:30,"3,229,963",LOGOUT,false,Arjun Mikhailov Travel,RQF 960 GP,RQF 960 GP,3,5.24,5.6,"1,781,199,000","1,781,201,700","1,781,199,693","1,781,201,882",NODELAY,0,AUTO,Diesel,false,false,HOME,2,1,0
pinnacle-Slc,Clearwater Campus,CAB,"June 11, 2026",Non Shift,"3,236,120",LOGOUT,false,Arjun Mikhailov Travel,ZGP 480 GP,ZGP 480 GP,3,6.88,7.35,"1,781,206,200","1,781,209,800","1,781,205,450","1,781,207,664",NODELAY,0,AUTO,Diesel,false,false,NA,1,1,0
pinnacle-Slc,Willow Bend Campus,CAB,"June 11, 2026",20:00,"3,228,621",LOGOUT,true,Aarav Mikhailov Travel,BSE 953 GP,BSE 953 GP,3,9.18,9.3,"1,781,208,000","1,781,209,800","1,781,209,178","1,781,211,334",EMPLOYEE,4,AUTO,Diesel,false,false,NODAL,2,2,0
vanta-Sea,Denver Office,BUS,"July 20, 2026",12:00,"5,061,856",LOGIN,false,Isha Mikhailov Travel,OQG 686 GP,OQG 686 GP,12,26.46,25.6,"1,784,543,040","1,784,547,900","1,784,541,302","1,784,547,731",NODELAY,0,MANUAL,Petrol,false,false,HOME,6,6,0
vanta-Sea,Denver Office,CAB,"July 21, 2026",07:00,"5,064,803",LOGIN,true,Anjali Mikhailov Travel,ETI 350 GP,ETI 350 GP,3,20.2,20,"1,784,614,560","1,784,616,300","1,784,614,612","1,784,616,777",NODELAY,0,AUTO,Petrol,false,false,HOME,1,2,0
vanta-Sea,Denver Office,BUS,"July 21, 2026",12:00,"5,065,685",LOGIN,false,Sanjay Mikhailov Travel,SYP 975 GP,SYP 975 GP,5,1.65,1.9,"1,784,634,840","1,784,635,200","1,784,633,788","1,784,635,627",NODELAY,0,MANUAL,Petrol,false,false,HOME,3,3,0
vanta-Sea,Denver Office,BUS,"July 24, 2026",12:00,"5,078,622",LOGIN,false,Isha Mikhailov Travel,UDG 874 GP,UDG 874 GP,5,12.7,16.1,"1,784,890,860","1,784,893,500","1,784,889,086","1,784,893,941",NODELAY,0,MANUAL,Electric,false,false,HOME,4,3,1
vanta-Sea,Denver Office,CAB,"July 23, 2026",23:16,"5,077,334",LOGOUT,false,Aarav Mikhailov Travel,NEB 188 GP,NEB 188 GP,3,11.29,12.5,"1,784,849,460","1,784,850,900","1,784,848,464","1,784,851,127",NODELAY,0,AUTO,Petrol,false,false,HOME,2,2,0
vanta-Sea,Denver Office,CAB,"July 25, 2026",16:16,"5,082,587",LOGOUT,false,Karan Mikhailov Travel,NJY 646 GP,NJY 646 GP,3,29.46,29.6,"1,784,997,060","1,784,999,820","1,784,996,306","1,785,000,887",NODELAY,0,AUTO,Petrol,false,false,HOME,1,1,0
vanta-Sea,Denver Office,BUS,"July 28, 2026",08:01,"5,089,072",LOGIN,false,Sanjay Mikhailov Travel,WXP 233 GP,WXP 233 GP,12,2.98,2.9,"1,785,225,120","1,785,225,660","1,785,223,615","1,785,225,297",NODELAY,0,MANUAL,Petrol,false,false,NODAL,1,1,0
vanta-Sea,Denver Office,CAB,"July 27, 2026",23:16,"5,088,478",LOGOUT,false,Isha Mikhailov Travel,EGB 572 GP,EGB 572 GP,3,32.18,31.6,"1,785,195,060","1,785,198,660","1,785,194,120","1,785,198,806",NODELAY,0,AUTO,Electric,false,false,HOME,3,3,0
pinnacle-Slc,Oakmont Office,CAB,"July 2, 2026",15:00,"3,339,545",LOGOUT,false,Pooja Mikhailov Travel,UEE 447 GP,UEE 447 GP,3,23.73,24.08,"1,783,004,400","1,783,006,500","1,783,004,692","1,783,009,870",NODELAY,0,AUTO,Diesel,false,false,NA,3,3,0
pinnacle-Slc,Willow Bend Campus,CAB,"June 29, 2026",15:00,"3,317,576",LOGOUT,false,Amit Mikhailov Travel,IIL 832 GP,IIL 832 GP,3,5.82,6.9,"1,782,745,200","1,782,746,280","1,782,745,484","1,782,747,759",NODELAY,0,AUTO,Diesel,false,false,HOME,3,3,0
pinnacle-Slc,Oakmont Office,CAB,"June 24, 2026",07:30,"3,295,563",LOGIN,false,Amit Mikhailov Travel,ESN 999 GP,ESN 999 GP,3,16.99,17,"1,782,282,660","1,782,285,900","1,782,283,849","1,782,285,784",NODELAY,0,AUTO,Diesel,false,false,NA,2,1,0
pinnacle-Slc,Willow Bend Campus,CAB,"June 30, 2026",09:00,"3,323,704",LOGIN,false,Rahul Orlov Travel,WRM 089 GP,WRM 089 GP,3,21.16,21.54,"1,782,804,600","1,782,809,700","1,782,805,028","1,782,810,777",NODELAY,0,AUTO,Diesel,false,false,HOME,2,2,0
pinnacle-Slc,Clearwater Campus,CAB,"June 29, 2026",15:00,"3,319,316",LOGOUT,false,Rohan Mikhailov Travel,RKE 901 GP,RKE 901 GP,3,14.31,18.9,"1,782,745,200","1,782,748,500","1,782,745,111","1,782,750,000",NODELAY,0,AUTO,Diesel,false,false,NODAL,4,3,0
vanta-Sea,Denver Office,CAB,"May 13, 2026",21:16,"4,848,236",LOGOUT,false,Aarav Petrov Travel,GTN 231 GP,GTN 231 GP,3,27.46,30.4,"1,778,707,860","1,778,711,580","1,778,706,697","1,778,712,912",NODELAY,0,AUTO,Electric,false,false,NA,2,3,0
vanta-Sea,Denver Office,CAB,"May 8, 2026",23:16,"4,834,900",LOGOUT,true,Isha Mikhailov Travel,IGE 442 GP,IGE 442 GP,3,22.25,22.9,"1,778,283,060","1,778,287,380","1,778,282,425","1,778,286,105",NODELAY,0,AUTO,Petrol,false,false,NA,2,2,1
vanta-Sea,Denver Office,CAB,"May 19, 2026",20:16,"4,864,743",LOGOUT,false,Aarav Mikhailov Travel,KDQ 739 GP,KDQ 739 GP,3,6.98,6.8,"1,779,222,660","1,779,223,380","1,779,221,776","1,779,224,220",NODELAY,0,AUTO,Petrol,false,false,NA,2,2,0
vanta-Sea,Denver Office,CAB,"May 18, 2026",19:16,"4,860,905",LOGOUT,true,Sanjay Mikhailov Travel,HVL 472 GP,HVL 472 GP,5,11.75,11.7,"1,779,132,660","1,779,133,500","1,779,131,291","1,779,135,565",NODELAY,0,AUTO,Petrol,false,false,NA,4,5,0
vanta-Sea,Denver Office,BUS,"May 14, 2026",10:00,"4,849,597",LOGIN,false,Sanjay Mikhailov Travel,KMG 652 GP,KMG 652 GP,3,8.85,8.2,"1,778,749,800","1,778,751,900","1,778,749,844","1,778,751,681",NODELAY,0,MANUAL,Electric,false,false,NA,3,3,0
vanta-Sea,Denver Office,BUS,"May 15, 2026",10:00,"4,853,163",LOGIN,false,Isha Mikhailov Travel,EHI 275 GP,EHI 275 GP,12,3.55,3,"1,778,837,520","1,778,838,900","1,778,837,032","1,778,839,545",NODELAY,0,MANUAL,Petrol,false,false,NODAL,12,7,5
vanta-Sea,Denver Office,BUS,"May 14, 2026",12:16,"4,850,698",LOGOUT,false,Sanjay Mikhailov Travel,GNP 849 GP,GNP 849 GP,3,22.61,21.6,"1,778,760,960","1,778,762,220","1,778,759,589","1,778,764,117",NODELAY,0,MANUAL,Petrol,false,false,NA,1,1,0
vanta-Sea,Denver Office,CAB,"May 14, 2026",19:16,"4,851,608",LOGOUT,true,Aarav Petrov Travel,ZGJ 095 GP,ZGJ 095 GP,3,7.28,9.9,"1,778,787,060","1,778,787,660","1,778,786,061","1,778,789,552",NODELAY,0,AUTO,Petrol,false,false,NA,2,3,0
vanta-Sea,Denver Office,BUS,"May 19, 2026",12:00,"4,863,003",LOGIN,false,Priya Mikhailov Travel,UWB 484 GP,UWB 484 GP,5,5.43,4.8,"1,779,189,780","1,779,191,100","1,779,190,129","1,779,192,241",EMPLOYEE,4,MANUAL,Petrol,false,false,NA,4,3,1
pinnacle-Slc,Willow Bend Campus,CAB,"July 9, 2026",22:00,"3,371,975",LOGOUT,true,Karan Mikhailov Travel,PUZ 765 GP,PUZ 765 GP,3,27.63,24.3,"1,783,634,400","1,783,638,120","1,783,634,586","1,783,638,676",NODELAY,0,AUTO,Diesel,false,false,HOME,2,2,0
pinnacle-Slc,Oakmont Office,CAB,"July 7, 2026",17:30,"3,358,107",LOGOUT,false,Sanjay Mikhailov Travel,TCP 365 GP,TCP 365 GP,3,7.35,7.89,"1,783,445,400","1,783,447,140","1,783,445,839","1,783,449,370",EMPLOYEE,2,AUTO,Diesel,false,false,HOME,2,2,0
pinnacle-Slc,Clearwater Campus,CAB,"July 13, 2026",09:00,"3,386,162",LOGIN,false,Amit Volkov Travel,ZVI 382 GP,ZVI 382 GP,3,20.74,20.32,"1,783,927,980","1,783,932,900","1,783,928,366","1,783,932,771",NODELAY,0,AUTO,Diesel,false,false,HOME,3,3,0
pinnacle-Slc,Clearwater Campus,CAB,"July 15, 2026",14:30,"3,401,143",LOGOUT,false,Amit Mikhailov Travel,IIL 832 GP,IIL 832 GP,3,7.98,5.75,"1,784,125,800","1,784,127,300","1,784,125,479","1,784,128,429",NODELAY,0,AUTO,Diesel,false,false,HOME,2,2,0
vanta-Sea,Denver Office,CAB,"June 25, 2026",21:16,"4,986,297",LOGOUT,true,Sanjay Mikhailov Travel,XIE 876 GP,XIE 876 GP,3,34.79,34.5,"1,782,423,060","1,782,427,260","1,782,422,603","1,782,428,611",NODELAY,0,AUTO,Electric,false,false,NA,2,3,0
vanta-Sea,Denver Office,BUS,"June 26, 2026",13:00,"4,988,161",LOGIN,false,Sanjay Mikhailov Travel,YRT 116 GP,YRT 116 GP,12,18.44,17.5,"1,782,475,020","1,782,477,900","1,782,473,403","1,782,478,106",NODELAY,0,MANUAL,Petrol,false,false,NODAL,10,8,2
pinnacle-Slc,Willow Bend Campus,CAB,"June 15, 2026",11:00,"3,243,874",LOGIN,false,Karan Mikhailov Travel,ZNH 802 GP,ZNH 802 GP,3,15.68,16.19,"1,781,517,300","1,781,520,900","1,781,517,076","1,781,521,186",NODELAY,0,AUTO,Diesel,false,false,NA,1,1,0
vanta-Sea,Denver Office,CAB,"June 30, 2026",22:16,"5,001,275",LOGOUT,false,Anjali Mikhailov Travel,GCI 982 GP,GCI 982 GP,3,11.96,11.8,"1,782,858,660","1,782,859,980","1,782,857,920","1,782,860,206",NODELAY,0,AUTO,Electric,false,false,HOME,2,2,0
pinnacle-Slc,Willow Bend Campus,CAB,"June 5, 2026",15:00,"3,200,700",LOGOUT,false,Sanjay Mikhailov Travel,ZSW 956 GP,ZSW 956 GP,3,8.98,9,"1,780,671,600","1,780,672,920","1,780,671,919","1,780,674,009",NODELAY,0,AUTO,Diesel,false,false,NODAL,1,1,0
vanta-Sea,Denver Office,CAB,"June 25, 2026",23:16,"4,986,835",LOGOUT,true,Aarav Mikhailov Travel,NLW 519 GP,NLW 519 GP,5,17.1,18.5,"1,782,430,260","1,782,432,120","1,782,429,049","1,782,432,711",NODELAY,0,AUTO,Petrol,false,false,NA,3,4,0
pinnacle-Slc,Clearwater Campus,CAB,"June 24, 2026",08:30,"3,292,914",LOGIN,false,Rohan Mikhailov Travel,CCZ 571 GP,CCZ 571 GP,3,11.33,12.5,"1,782,285,900","1,782,289,500","1,782,286,682","1,782,289,155",NODELAY,0,AUTO,Diesel,false,false,NA,3,2,0
pinnacle-Slc,Willow Bend Campus,CAB,"June 18, 2026",13:30,"3,267,523",LOGOUT,false,Aarav Mikhailov Travel,ENT 372 GP,ENT 372 GP,3,7.73,7.6,"1,781,789,400","1,781,790,720","1,781,788,201","1,781,789,776",NODELAY,0,AUTO,Diesel,false,false,NA,1,1,0
pinnacle-Slc,Oakmont Office,CAB,"June 18, 2026",17:30,"3,266,921",LOGIN,false,Rohan Mikhailov Travel,BFU 013 GP,BFU 013 GP,3,21.37,20.82,"1,781,797,800","1,781,803,500","1,781,798,785","1,781,802,775",NODELAY,0,AUTO,Diesel,false,false,NA,1,1,0
vanta-Sea,Denver Office,CAB,"June 24, 2026",21:16,"4,982,019",LOGOUT,true,Priya Mikhailov Travel,BID 468 GP,BID 468 GP,5,14.6,14.4,"1,782,336,660","1,782,337,800","1,782,335,765","1,782,339,812",NODELAY,0,AUTO,Petrol,false,false,NA,5,5,2
vanta-Sea,Denver Office,CAB,"June 26, 2026",21:16,"4,990,177",LOGOUT,false,Anjali Mikhailov Travel,DYY 378 GP,DYY 378 GP,12,20.13,18.7,"1,782,509,460","1,782,510,600","1,782,508,524","1,782,512,454",NODELAY,0,AUTO,Petrol,false,false,NA,4,4,0
vanta-Sea,Denver Office,BUS,"June 29, 2026",13:00,"4,994,391",LOGIN,false,Sanjay Mikhailov Travel,CET 123 GP,CET 123 GP,12,5.99,6.8,"1,782,736,140","1,782,737,100","1,782,734,894","1,782,737,329",NODELAY,0,MANUAL,Petrol,false,false,SHUTTLE,10,7,3
pinnacle-Slc,Oakmont Office,CAB,"June 22, 2026",07:30,"3,280,706",LOGIN,false,Rahul Morozov Travel,VSH 564 GP,VSH 564 GP,3,36.72,35.66,"1,782,108,180","1,782,113,100","1,782,109,111","1,782,113,295",NODELAY,0,AUTO,Diesel,false,false,HOME,1,1,0
pinnacle-Slc,Clearwater Campus,CAB,"June 19, 2026",16:30,"3,276,405",LOGOUT,false,Pooja Mikhailov Travel,KPF 791 GP,KPF 791 GP,3,6.62,7.9,"1,781,886,600","1,781,888,220","1,781,887,460","1,781,889,173",NODELAY,0,AUTO,Diesel,false,false,NA,3,2,0
pinnacle-Slc,Willow Bend Campus,CAB,"June 22, 2026",07:30,"3,281,404",LOGIN,false,Sanjay Mikhailov Travel,KKF 210 GP,KKF 210 GP,3,22.19,22.03,"1,782,109,980","1,782,113,100","1,782,110,292","1,782,112,867",NODELAY,0,AUTO,Diesel,false,false,NA,3,2,0
pinnacle-Slc,Clearwater Campus,CAB,"June 29, 2026",16:30,"3,319,551",LOGOUT,false,Amit Mikhailov Travel,XJQ 326 GP,XJQ 326 GP,3,4.19,4.5,"1,782,750,600","1,782,751,560","1,782,748,812","1,782,750,153",NODELAY,0,AUTO,Diesel,false,false,NA,3,1,0
pinnacle-Slc,Clearwater Campus,CAB,"June 22, 2026",15:30,"3,284,550",LOGOUT,false,Rahul Morozov Travel,WUA 393 GP,WUA 393 GP,3,7.03,7.43,"1,782,142,200","1,782,143,999","1,782,142,493","1,782,144,679",NODELAY,0,AUTO,Diesel,false,false,HOME,3,3,0
pinnacle-Slc,Oakmont Office,CAB,"June 23, 2026",09:00,"3,288,602",LOGIN,false,Karan Mikhailov Travel,SHG 109 GP,SHG 109 GP,3,4.22,3.9,"1,782,202,500","1,782,204,900","1,782,203,379","1,782,204,332",NODELAY,0,AUTO,Diesel,false,false,NODAL,3,1,0
pinnacle-Slc,Oakmont Office,CAB,"June 23, 2026",16:30,"3,290,512",LOGOUT,false,Rohan Mikhailov Travel,HZD 616 GP,HZD 616 GP,3,12.17,12.31,"1,782,232,200","1,782,234,720","1,782,233,776","1,782,236,129",DRIVER,12,AUTO,Diesel,false,false,NA,1,1,0
pinnacle-Slc,Clearwater Campus,CAB,"May 29, 2026",16:30,"3,170,649",LOGOUT,false,Rahul Morozov Travel,ADP 307 GP,ADP 307 GP,3,6.86,6.5,"1,780,072,200","1,780,073,460","1,780,072,359","1,780,073,952",NODELAY,0,AUTO,Diesel,false,false,NA,2,2,0
pinnacle-Slc,Oakmont Office,CAB,"May 25, 2026",15:00,"3,149,729",LOGOUT,false,Rahul Mikhailov Travel,CYT 692 GP,CYT 692 GP,3,10.91,13.11,"1,779,721,200","1,779,723,180","1,779,720,910","1,779,723,650",NODELAY,0,AUTO,Diesel,false,false,HOME,1,1,0
pinnacle-Slc,Willow Bend Campus,CAB,"May 19, 2026",09:00,"3,122,033",LOGIN,false,Rahul Morozov Travel,PFX 009 GP,PFX 009 GP,3,10.27,9.56,"1,779,178,260","1,779,180,900","1,779,177,900","1,779,180,907",NODELAY,0,AUTO,Diesel,false,false,HOME,3,3,0
pinnacle-Slc,Oakmont Office,CAB,"May 19, 2026",15:00,"3,124,858",LOGOUT,false,Sanjay Mikhailov Travel,TJD 432 GP,TJD 432 GP,3,4.82,6.3,"1,779,202,800","1,779,203,640","1,779,203,440","1,779,205,009",NODELAY,0,AUTO,Diesel,false,false,HOME,2,2,0
pinnacle-Slc,Oakmont Office,CAB,"May 28, 2026",04:00,"3,165,849",LOGOUT,false,Pooja Mikhailov Travel,XFS 590 GP,XFS 590 GP,3,14.27,14.5,"1,779,940,800","1,779,942,240","1,779,941,735","1,779,943,580",EMPLOYEE,1,AUTO,Diesel,false,false,NA,1,1,0
pinnacle-Slc,Oakmont Office,CAB,"May 27, 2026",21:30,"3,164,155",LOGOUT,false,Rahul Morozov Travel,ICO 759 GP,ICO 759 GP,5,11,10.9,"1,779,917,400","1,779,918,960","1,779,917,796","1,779,919,875",NODELAY,0,AUTO,Diesel,false,false,HOME,1,1,0
pinnacle-Slc,Willow Bend Campus,CAB,"May 26, 2026",15:30,"3,157,109",LOGOUT,false,Arjun Mikhailov Travel,XQE 361 GP,XQE 361 GP,5,4.27,4.5,"1,779,809,400","1,779,810,420","1,779,810,684","1,779,814,628",DRIVER,6,AUTO,Diesel,false,false,NA,2,2,0
pinnacle-Slc,Willow Bend Campus,CAB,"July 28, 2026",15:30,"3,460,198",LOGOUT,false,Amit Mikhailov Travel,UOM 125 GP,UOM 125 GP,3,8.97,8.6,"1,785,252,600","1,785,254,700","1,785,252,842","1,785,255,109",NODELAY,0,AUTO,Diesel,false,false,NA,1,1,0
vanta-Aus,Cedar Ridge Office,CAB,"June 11, 2026",11:00,"1,167,575",LOGIN,false,Meera Pavlov Travel,DDG 033 GP,DDG 033 GP,3,16.52,16.9,"1,781,171,100","1,781,174,700","1,781,171,231","1,781,174,774",NODELAY,0,AUTO,Diesel,false,false,HOME,3,3,0
vanta-Aus,Cedar Ridge Office,CAB,"June 11, 2026",23:15,"1,169,148",LOGOUT,false,Anjali Mikhailov Travel,AUV 360 GP,AUV 360 GP,5,18.08,18.9,"1,781,220,600","1,781,224,140","1,781,219,625","1,781,223,001",NODELAY,0,AUTO,Diesel,false,false,NA,3,3,0
vanta-Aus,Cedar Ridge Office,CAB,"June 15, 2026",20:15,"1,175,209",LOGOUT,true,Priya Mikhailov Travel,CWL 938 GP,CWL 938 GP,3,29.99,13.8,"1,781,555,400","1,781,558,940","1,781,554,528","1,781,557,730",NODELAY,0,AUTO,Electric,false,false,NA,3,2,2
orbit-Slc,Cedar Ridge Office,CAB,"June 18, 2026",00:00,"1,285,560",LOGOUT,false,Rahul Mikhailov Travel,HMH 394 GP,HMH 394 GP,6,18.83,21,"1,781,741,700","1,781,745,000","1,781,741,853","1,781,744,635",NODELAY,0,AUTO,Diesel,false,false,HOME,1,1,0
vanta-Aus,Cedar Ridge Office,CAB,"June 16, 2026",13:00,"1,175,822",LOGIN,false,Priya Mikhailov Travel,HUP 218 GP,HUP 218 GP,3,18.43,19.9,"1,781,610,840","1,781,613,900","1,781,610,833","1,781,613,677",NODELAY,0,AUTO,Electric,false,false,NA,2,1,1
vanta-Aus,Cedar Ridge Office,CAB,"June 17, 2026",13:00,"1,177,843",LOGIN,false,Sneha Mikhailov Travel,TSC 921 GP,TSC 921 GP,3,10.52,10.6,"1,781,697,000","1,781,700,300","1,781,697,430","1,781,699,525",NODELAY,0,AUTO,Diesel,false,false,NODAL,3,3,0
orbit-Slc,Lakeside Commons,CAB,"June 17, 2026",03:30,"1,283,148",LOGOUT,false,Rahul Mikhailov Travel,HGG 916 GP,HGG 916 GP,3,32.88,36.4,"1,781,667,900","1,781,673,000","1,781,667,958","1,781,671,500",NODELAY,0,AUTO,Diesel,false,false,HOME,2,2,0
vanta-Sea,Denver Office,CAB,"June 3, 2026",22:16,"4,911,714",LOGOUT,false,Anjali Mikhailov Travel,KFG 667 GP,KFG 667 GP,5,11.26,9.9,"1,780,525,860","1,780,526,580","1,780,525,018","1,780,528,167",NODELAY,0,AUTO,Petrol,false,false,NA,5,4,1
catalyst-Sac,Crestwood Campus,CAB,"June 18, 2026",20:30,"1,500,834",LOGOUT,true,Vikram Mikhailov Travel,TVN 911 GP,TVN 911 GP,4,11.99,12,"1,781,815,500","1,781,816,760","1,781,815,201","1,781,818,101",NODELAY,0,AUTO,Petrol,false,false,HOME,1,2,0
orbit-Slc,Lakeside Commons,CAB,"June 24, 2026",03:30,"1,295,736",LOGOUT,false,Anjali Mikhailov Travel,LDG 340 GP,LDG 340 GP,3,21.37,19.14,"1,782,272,700","1,782,276,540","1,782,272,616","1,782,274,798",NODELAY,0,AUTO,Diesel,false,false,HOME,1,1,0
catalyst-Sac,Santa Clara Office,CAB,"June 25, 2026",19:00,"1,510,554",LOGOUT,false,Vikram Mikhailov Travel,NPK 149 GP,NPK 149 GP,4,24.46,23.9,"1,782,414,900","1,782,418,740","1,782,414,757","1,782,420,689",NODELAY,0,AUTO,Petrol,false,false,HOME,3,3,0
vanta-Sea,Denver Office,CAB,"May 28, 2026",19:16,"4,893,513",LOGOUT,true,Rohan Mikhailov Travel,CAD 431 GP,CAD 431 GP,12,4.1,3.2,"1,779,996,660","1,779,996,900","1,779,995,532","1,779,997,492",NODELAY,0,AUTO,Petrol,false,false,NA,10,8,3
vanta-Sea,Denver Office,BUS,"May 27, 2026",14:16,"4,888,816",LOGOUT,false,Sanjay Mikhailov Travel,ALT 033 GP,ALT 033 GP,3,6.64,6.6,"1,779,891,360","1,779,891,720","1,779,890,306","1,779,892,745",NODELAY,0,MANUAL,Electric,false,false,NA,1,1,0
pinnacle-Slc,Clearwater Campus,CAB,"May 4, 2026",08:30,"3,053,752",LOGIN,false,Aarav Mikhailov Travel,OBU 711 GP,OBU 711 GP,3,10.34,9.1,"1,777,880,760","1,777,883,100","1,777,880,898","1,777,882,646",NODELAY,0,AUTO,Diesel,false,false,NA,3,3,0
vanta-Sea,Denver Office,CAB,"May 25, 2026",07:00,"4,879,436",LOGIN,true,Sanjay Mikhailov Travel,NUK 382 GP,NUK 382 GP,5,8.97,8.5,"1,779,689,340","1,779,691,500","1,779,689,732","1,779,690,935",NODELAY,0,AUTO,Petrol,false,false,NA,4,4,1
vanta-Sea,Denver Office,CAB,"May 26, 2026",19:16,"4,885,729",LOGOUT,false,Sanjay Mikhailov Travel,OXI 950 GP,OXI 950 GP,3,28.13,27.7,"1,779,823,860","1,779,826,200","1,779,822,929","1,779,831,012",NODELAY,0,AUTO,Electric,false,false,NA,3,3,0
vanta-Sea,Denver Office,CAB,"May 26, 2026",06:00,"4,882,983",LOGIN,false,Isha Mikhailov Travel,IVI 922 GP,IVI 922 GP,3,9.32,8.9,"1,779,772,980","1,779,774,300","1,779,773,432","1,779,774,429",NODELAY,0,AUTO,Petrol,false,false,HOME,2,2,0
vanta-Sea,Denver Office,BUS,"May 27, 2026",11:00,"4,887,760",LOGIN,false,Isha Mikhailov Travel,MEC 566 GP,MEC 566 GP,5,12.57,12.4,"1,779,875,940","1,779,878,700","1,779,875,868","1,779,881,828",TRAFFIC,37,MANUAL,Petrol,false,false,NA,5,4,1
pinnacle-Slc,Clearwater Campus,CAB,"May 5, 2026",16:30,"3,061,397",LOGOUT,false,Divya Kozlov Travel,XBX 729 GP,XBX 729 GP,5,20.45,20.4,"1,777,998,600","1,778,002,380","1,777,999,000","1,778,004,762",NODELAY,0,AUTO,Diesel,false,false,NA,2,2,0
pinnacle-Slc,Clearwater Campus,CAB,"May 5, 2026",15:00,"3,060,951",LOGOUT,false,Karan Mikhailov Travel,KUU 152 GP,KUU 152 GP,3,4.17,5,"1,777,993,200","1,777,994,160","1,777,993,491","1,777,994,741",NODELAY,0,AUTO,Diesel,false,false,HOME,3,2,0
pinnacle-Slc,Willow Bend Campus,CAB,"May 7, 2026",09:00,"3,072,946",LOGIN,false,Rohan Mikhailov Travel,UAO 826 GP,UAO 826 GP,3,6.37,6,"1,778,142,480","1,778,144,100","1,778,142,742","1,778,144,054",NODELAY,0,AUTO,Diesel,false,false,NA,2,2,0
pinnacle-Slc,Willow Bend Campus,CAB,"May 6, 2026",02:30,"3,069,143",LOGOUT,true,Karan Mikhailov Travel,PMC 031 GP,PMC 031 GP,3,8.24,8.5,"1,778,034,600","1,778,035,680","1,778,034,311","1,778,035,301",NODELAY,0,AUTO,Diesel,false,false,NA,2,2,0
pinnacle-Slc,Willow Bend Campus,CAB,"May 12, 2026",14:30,"3,093,513",LOGOUT,false,Divya Kozlov Travel,EMP 619 GP,EMP 619 GP,3,14.36,16.55,"1,778,596,200","1,778,598,600","1,778,596,302","1,778,598,963",NODELAY,0,AUTO,Diesel,false,false,NA,1,1,0
pinnacle-Slc,Oakmont Office,CAB,"May 6, 2026",15:30,"3,068,190",LOGOUT,false,Rahul Morozov Travel,SVE 604 GP,SVE 604 GP,3,12.77,17.65,"1,778,081,400","1,778,083,800","1,778,081,493","1,778,084,748",NODELAY,0,AUTO,Diesel,false,false,HOME,1,1,0
pinnacle-Slc,Clearwater Campus,CAB,"May 5, 2026",09:00,"3,060,112",LOGIN,false,Amit Mikhailov Travel,YHY 784 GP,YHY 784 GP,3,17.4,15.73,"1,777,967,040","1,777,971,300","1,777,967,257","1,777,970,538",NODELAY,0,AUTO,Diesel,false,false,HOME,1,1,0
pinnacle-Slc,Willow Bend Campus,CAB,"May 5, 2026",23:00,"3,063,596",LOGOUT,false,Rahul Mikhailov Travel,LGY 079 GP,LGY 079 GP,3,4.87,5,"1,778,022,000","1,778,022,780","1,778,024,035","1,778,024,693",EMPLOYEE,18,AUTO,Diesel,false,false,NA,1,1,0
catalyst-Sac,Santa Clara Office,CAB,"July 30, 2026",02:30,"1,557,504",LOGOUT,false,Divya Mikhailov Travel,TXH 505 GP,TXH 505 GP,4,39.9,38.54,"1,785,379,500","1,785,386,160","1,785,379,181","1,785,383,905",NODELAY,0,AUTO,Petrol,false,false,NA,3,3,0
vanta-Aus,Cedar Ridge Office,CAB,"July 28, 2026",11:00,"1,251,773",LOGIN,false,Priya Mikhailov Travel,WAV 795 GP,WAV 795 GP,3,25.52,27.5,"1,785,229,800","1,785,235,500","1,785,229,907","1,785,236,304",NODELAY,0,AUTO,Diesel,false,false,NA,3,3,0
catalyst-Sac,Santa Clara Office,CAB,"July 29, 2026",21:30,"1,556,741",LOGOUT,true,Vikram Mikhailov Travel,WHT 566 GP,WHT 566 GP,4,26.68,26.68,"1,785,361,500","1,785,365,340","1,785,361,488","1,785,369,013",NODELAY,0,AUTO,Petrol,false,false,HOME,3,4,0
catalyst-Sac,Santa Clara Office,CAB,"July 31, 2026",19:30,"1,559,955",LOGIN,false,Vikram Mikhailov Travel,BLD 178 GP,BLD 178 GP,4,30.19,28.69,"1,785,517,800","1,785,524,400","1,785,517,842","1,785,525,338",NODELAY,0,AUTO,Petrol,false,false,NA,3,3,0
vanta-Sea,Denver Office,CAB,"July 6, 2026",22:16,"5,019,797",LOGOUT,false,Isha Mikhailov Travel,PCU 063 GP,PCU 063 GP,3,8.98,14.3,"1,783,377,060","1,783,378,020","1,783,376,238","1,783,378,998",NODELAY,0,AUTO,Petrol,false,false,HOME,2,2,1
vanta-Sea,Denver Office,CAB,"July 11, 2026",07:16,"5,036,200",LOGOUT,false,Sanjay Mikhailov Travel,HLV 022 GP,HLV 022 GP,3,13.22,13,"1,783,755,060","1,783,756,320","1,783,754,517","1,783,756,429",NODELAY,0,AUTO,Petrol,false,false,HOME,1,1,0
vanta-Sea,Denver Office,CAB,"July 15, 2026",17:16,"5,048,928",LOGOUT,false,Karan Mikhailov Travel,POW 154 GP,POW 154 GP,3,27.78,27.8,"1,784,136,660","1,784,139,360","1,784,135,754","1,784,143,195",NODELAY,0,AUTO,Petrol,false,false,HOME,1,1,0
vanta-Sea,Denver Office,CAB,"July 14, 2026",22:16,"5,045,167",LOGOUT,false,Priya Mikhailov Travel,CZV 239 GP,CZV 239 GP,3,15.44,16,"1,784,068,260","1,784,070,240","1,784,067,238","1,784,070,574",NODELAY,0,AUTO,Petrol,false,false,HOME,2,3,0
vanta-Sea,Denver Office,CAB,"July 17, 2026",06:00,"5,055,289",LOGIN,true,Anjali Mikhailov Travel,TEF 968 GP,TEF 968 GP,3,13.53,13.4,"1,784,266,080","1,784,267,100","1,784,265,973","1,784,268,144",EMPLOYEE,2,AUTO,Petrol,false,false,HOME,1,2,0
vanta-Sea,Denver Office,BUS,"July 20, 2026",10:00,"5,061,373",LOGIN,false,Sanjay Mikhailov Travel,CLA 844 GP,CLA 844 GP,12,12.79,11.6,"1,784,537,520","1,784,540,700","1,784,537,559","1,784,540,707",NODELAY,0,MANUAL,Petrol,false,false,HOME,12,9,2
catalyst-Sac,Santa Clara Office,CAB,"June 24, 2026",02:30,"1,507,564",LOGOUT,true,Divya Mikhailov Travel,TJD 965 GP,TJD 965 GP,4,32.92,31.25,"1,782,269,100","1,782,270,300","1,782,269,013","1,782,272,876",NODELAY,0,AUTO,Petrol,false,false,HOME,2,3,0
vanta-Sea,Denver Office,SPOT_2.0,"June 8, 2026",Non Shift,"4,924,410",LOGIN,false,Meera Lebedev Travel,DHH 578 GP,DHH 578 GP,5,0,4.1,"1,780,948,800","1,780,949,490","1,780,949,035","1,780,950,465",TRAFFIC,1,RENTLZ,Petrol,false,false,NA,1,1,0
vanta-Sea,Denver Office,BUS,"June 11, 2026",11:00,"4,935,012",LOGIN,false,Isha Mikhailov Travel,HMI 142 GP,HMI 142 GP,3,2.87,2.4,"1,781,174,580","1,781,175,300","1,781,173,648","1,781,175,354",NODELAY,0,MANUAL,Petrol,false,false,HOME,2,2,0
vanta-Sea,Denver Office,CAB,"June 8, 2026",07:00,"4,922,601",LOGIN,false,Priya Mikhailov Travel,WLZ 816 GP,WLZ 816 GP,5,22.32,21.3,"1,780,898,520","1,780,901,100","1,780,898,720","1,780,900,771",NODELAY,0,AUTO,Petrol,false,false,HOME,1,1,0
vanta-Sea,Denver Office,CAB,"June 10, 2026",20:16,"4,933,162",LOGOUT,true,Sanjay Mikhailov Travel,POO 533 GP,POO 533 GP,3,31.36,34.8,"1,781,123,460","1,781,126,640","1,781,122,752","1,781,127,969",NODELAY,0,AUTO,Petrol,false,false,NA,1,2,0
vanta-Sea,Denver Office,BUS,"June 17, 2026",12:00,"4,955,081",LOGIN,false,Aarav Mikhailov Travel,BLG 625 GP,BLG 625 GP,5,6.16,5.4,"1,781,695,200","1,781,696,700","1,781,695,163","1,781,697,007",NODELAY,0,MANUAL,Petrol,false,false,NODAL,5,3,2
vanta-Sea,Denver Office,CAB,"June 12, 2026",23:16,"4,942,183",LOGOUT,true,Sanjay Mikhailov Travel,HIE 625 GP,HIE 625 GP,5,23.35,21.5,"1,781,307,060","1,781,308,620","1,781,305,766","1,781,310,895",NODELAY,0,AUTO,Petrol,false,false,NA,3,3,1
pinnacle-Slc,Willow Bend Campus,CAB,"May 8, 2026",02:00,"3,079,975",LOGOUT,true,Aarav Mikhailov Travel,JPV 270 GP,JPV 270 GP,3,19.2,20.3,"1,778,205,600","1,778,207,700","1,778,207,074","1,778,209,404",EMPLOYEE,10,AUTO,Diesel,false,false,HOME,2,2,0
pinnacle-Slc,Ashford Commons,CAB,"May 14, 2026",22:45,"3,100,182",LOGOUT,false,Rohan Mikhailov Travel,CQD 298 GP,CQD 298 GP,3,6.79,8.2,"1,778,798,700","1,778,799,840","1,778,798,426","1,778,799,653",NODELAY,0,AUTO,Diesel,false,false,NA,1,1,0
pinnacle-Slc,Willow Bend Campus,CAB,"May 13, 2026",15:00,"3,099,682",LOGOUT,false,Rahul Orlov Travel,QQW 017 GP,QQW 017 GP,3,15.67,24.42,"1,778,684,400","1,778,687,040","1,778,684,734","1,778,689,060",NODELAY,0,AUTO,Diesel,false,false,NODAL,2,2,0
pinnacle-Slc,Willow Bend Campus,CAB,"May 21, 2026",15:00,"3,136,767",LOGIN,false,Amit Mikhailov Travel,FUA 226 GP,FUA 226 GP,3,27.63,27.27,"1,779,371,100","1,779,375,300","1,779,371,224","1,779,375,749",NODELAY,0,AUTO,Diesel,false,false,HOME,1,1,0
pinnacle-Slc,Willow Bend Campus,CAB,"May 19, 2026",14:30,"3,122,261",LOGIN,false,Pooja Mikhailov Travel,UEE 447 GP,UEE 447 GP,3,9.53,9,"1,779,199,020","1,779,200,700","1,779,198,865","1,779,200,910",NODELAY,0,AUTO,Diesel,false,false,NA,1,1,0
pinnacle-Slc,Clearwater Campus,CAB,"May 14, 2026",07:30,"3,102,163",LOGIN,false,Karan Mikhailov Travel,IKL 532 GP,IKL 532 GP,3,15.17,15.01,"1,778,741,220","1,778,743,500","1,778,741,770","1,778,743,414",NODELAY,0,AUTO,Diesel,false,false,NA,1,1,0
pinnacle-Slc,Clearwater Campus,CAB,"May 19, 2026",15:00,"3,125,926",LOGOUT,false,Amit Volkov Travel,VOY 079 GP,VOY 079 GP,3,12.96,12.8,"1,779,202,800","1,779,204,780","1,779,202,893","1,779,205,571",NODELAY,0,AUTO,Diesel,false,false,HOME,1,1,0
pinnacle-Slc,Clearwater Campus,CAB,"May 13, 2026",Non Shift,"3,106,106",LOGOUT,false,Rahul Orlov Travel,DUX 495 GP,DUX 495 GP,3,19.84,20.3,"1,778,693,400","1,778,697,000","1,778,693,160","1,778,697,720",NODELAY,0,AUTO,Diesel,false,false,NA,1,1,0
pinnacle-Slc,Oakmont Office,CAB,"May 15, 2026",19:30,"3,109,706",LOGIN,true,Divya Mikhailov Travel,PKZ 651 GP,PKZ 651 GP,3,5.02,4,"1,778,869,920","1,778,873,100","1,778,869,358","1,778,871,191",NODELAY,0,AUTO,Diesel,false,false,HOME,2,2,0
pinnacle-Slc,Clearwater Campus,CAB,"May 19, 2026",15:30,"3,126,574",LOGOUT,false,Aarav Mikhailov Travel,URY 233 GP,URY 233 GP,3,25.23,28.52,"1,779,204,600","1,779,208,860","1,779,204,724","1,779,210,954",NODELAY,0,AUTO,Diesel,false,false,NODAL,2,2,0
pinnacle-Slc,Willow Bend Campus,CAB,"May 15, 2026",14:30,"3,111,600",LOGOUT,false,Amit Mikhailov Travel,FXE 483 GP,FXE 483 GP,3,17.22,24.3,"1,778,855,400","1,778,858,940","1,778,856,562","1,778,859,255",EMPLOYEE,6,AUTO,Diesel,false,false,HOME,1,1,0
pinnacle-Slc,Clearwater Campus,CAB,"May 18, 2026",15:00,"3,119,923",LOGOUT,false,Arjun Mikhailov Travel,UKW 372 GP,UKW 372 GP,3,7.44,7.5,"1,779,116,400","1,779,118,500","1,779,116,656","1,779,118,108",NODELAY,0,AUTO,Diesel,false,false,HOME,4,3,0
orbit-Slc,Cedar Ridge Office,CAB,"July 3, 2026",20:00,"1,316,096",LOGOUT,false,Rahul Mikhailov Travel,ULA 904 GP,ULA 904 GP,6,13.13,11.37,"1,783,109,700","1,783,111,200","1,783,109,683","1,783,112,317",NODELAY,0,AUTO,Diesel,false,false,HOME,2,1,1
orbit-Slc,Lakeside Commons,CAB,"July 8, 2026",06:30,"1,322,071",LOGIN,false,Rahul Mikhailov Travel,KWC 572 GP,KWC 572 GP,3,12.84,12.8,"1,783,488,600","1,783,491,300","1,783,489,024","1,783,491,247",NODELAY,0,AUTO,Diesel,false,false,HOME,3,3,0
vanta-Aus,Cedar Ridge Office,CAB,"July 9, 2026",05:00,"1,218,748",LOGIN,false,Anjali Mikhailov Travel,XQV 378 GP,XQV 378 GP,5,36.62,37,"1,783,569,420","1,783,572,300","1,783,569,334","1,783,572,504",NODELAY,0,AUTO,Diesel,false,false,NA,1,1,0
orbit-Slc,Lakeside Commons,CAB,"July 9, 2026",02:30,"1,325,112",LOGOUT,true,Anjali Mikhailov Travel,VLD 281 GP,VLD 281 GP,6,28.07,26.5,"1,783,565,100","1,783,570,140","1,783,564,522","1,783,567,605",NODELAY,0,AUTO,Diesel,false,false,NA,1,2,0
vanta-Aus,Cedar Ridge Office,CAB,"July 10, 2026",13:00,"1,221,675",LOGIN,false,Meera Pavlov Travel,IDW 114 GP,IDW 114 GP,3,17.76,17.8,"1,783,683,000","1,783,687,500","1,783,683,043","1,783,686,417",NODELAY,0,AUTO,Diesel,false,false,NA,1,1,0
orbit-Slc,Lakeside Commons,BUS,"July 10, 2026",13:00,"1,327,277",LOGIN,false,Rahul Mikhailov Travel,SLY 898 GP,SLY 898 GP,6,6.47,7.4,"1,783,683,900","1,783,687,500","1,783,684,151","1,783,685,403",NODELAY,0,MANUAL,Diesel,false,false,HOME,3,2,1
vanta-Sea,Denver Office,CAB,"July 1, 2026",07:00,"5,001,907",LOGIN,false,Aarav Mikhailov Travel,XFH 648 GP,XFH 648 GP,3,8.41,8.2,"1,782,887,160","1,782,888,300","1,782,886,855","1,782,887,728",NODELAY,0,AUTO,Electric,false,false,HOME,1,1,0
vanta-Sea,Denver Office,CAB,"June 17, 2026",08:00,"4,954,117",LOGIN,false,Isha Mikhailov Travel,TGQ 422 GP,TGQ 422 GP,5,12.65,11.6,"1,781,680,140","1,781,682,300","1,781,680,021","1,781,684,029",TRAFFIC,13,AUTO,Petrol,false,false,HOME,4,3,1
pinnacle-Slc,Clearwater Campus,CAB,"June 1, 2026",14:30,"3,176,364",LOGOUT,false,Arjun Mikhailov Travel,AOC 163 GP,AOC 163 GP,3,18.51,17.91,"1,780,324,200","1,780,326,840","1,780,324,569","1,780,327,797",NODELAY,0,AUTO,Diesel,false,false,NA,2,2,0
pinnacle-Slc,Oakmont Office,CAB,"June 4, 2026",08:30,"3,193,467",LOGIN,false,Divya Mikhailov Travel,NLP 234 GP,NLP 234 GP,3,13.3,12.5,"1,780,557,960","1,780,561,500","1,780,559,684","1,780,562,412",NODELAY,0,AUTO,Diesel,false,false,HOME,2,1,0
pinnacle-Slc,Clearwater Campus,CAB,"June 2, 2026",21:30,"3,183,500",LOGOUT,false,Rahul Morozov Travel,HDG 103 GP,HDG 103 GP,3,17.27,17.77,"1,780,435,800","1,780,438,140","1,780,435,476","1,780,439,399",NODELAY,0,AUTO,Diesel,false,false,NA,1,1,0
pinnacle-Slc,Oakmont Office,CAB,"June 2, 2026",15:30,"3,181,964",LOGOUT,false,Amit Volkov Travel,QRV 617 GP,QRV 617 GP,3,26.56,30.4,"1,780,414,200","1,780,419,300","1,780,415,041","1,780,422,719",NODELAY,0,AUTO,Diesel,false,false,NA,2,2,0
pinnacle-Slc,Willow Bend Campus,CAB,"June 4, 2026",13:30,"3,194,814",LOGOUT,false,Divya Mikhailov Travel,SIQ 037 GP,SIQ 037 GP,3,21.6,22.83,"1,780,579,800","1,780,582,560","1,780,579,420","1,780,584,050",NODELAY,0,AUTO,Diesel,false,false,HOME,1,1,0
pinnacle-Slc,Oakmont Office,CAB,"July 15, 2026",08:00,"3,397,480",LOGIN,false,Rahul Mikhailov Travel,MHT 373 GP,MHT 373 GP,3,20.29,19.7,"1,784,098,140","1,784,102,100","1,784,098,259","1,784,101,349",NODELAY,0,AUTO,Diesel,false,false,HOME,2,2,0
pinnacle-Slc,Willow Bend Campus,CAB,"July 15, 2026",07:30,"3,397,254",LOGIN,false,Rohan Mikhailov Travel,ZEE 455 GP,ZEE 455 GP,3,10.99,11.4,"1,784,098,500","1,784,100,300","1,784,098,502","1,784,100,163",NODELAY,0,AUTO,Diesel,false,false,HOME,2,2,0
pinnacle-Slc,Clearwater Campus,CAB,"July 20, 2026",16:30,"3,420,732",LOGOUT,false,Sanjay Mikhailov Travel,MOJ 196 GP,MOJ 196 GP,3,12.9,14.4,"1,784,565,000","1,784,568,900","1,784,565,410","1,784,568,924",NODELAY,0,AUTO,Diesel,false,false,HOME,2,1,1
pinnacle-Slc,Oakmont Office,CAB,"July 22, 2026",04:30,"3,432,200",LOGOUT,false,Rohan Mikhailov Travel,AUH 376 GP,AUH 376 GP,3,27.9,24.15,"1,784,694,600","1,784,697,360","1,784,694,901","1,784,697,437",NODELAY,0,AUTO,Diesel,false,false,NA,1,1,0
pinnacle-Slc,Clearwater Campus,CAB,"July 20, 2026",15:00,"3,420,196",LOGOUT,false,Rahul Morozov Travel,THM 259 GP,THM 259 GP,3,8.16,8.2,"1,784,559,600","1,784,561,520","1,784,560,224","1,784,563,320",NODELAY,0,AUTO,Diesel,false,false,NA,3,3,0
pinnacle-Slc,Clearwater Campus,CAB,"July 21, 2026",09:30,"3,422,413",LOGIN,false,Rahul Mikhailov Travel,WMA 156 GP,WMA 156 GP,3,9.64,9.5,"1,784,623,080","1,784,625,900","1,784,623,309","1,784,627,647",EMPLOYEE,9,AUTO,Diesel,false,false,HOME,3,3,0
pinnacle-Slc,Oakmont Office,CAB,"July 21, 2026",03:00,"3,424,871",LOGOUT,false,Rahul Mikhailov Travel,NYE 513 GP,NYE 513 GP,3,20.21,18.4,"1,784,602,800","1,784,604,840","1,784,603,881","1,784,605,682",EMPLOYEE,3,AUTO,Diesel,false,false,NA,1,1,0
pinnacle-Slc,Willow Bend Campus,CAB,"July 16, 2026",09:00,"3,403,700",LOGIN,false,Rahul Orlov Travel,AOF 679 GP,AOF 679 GP,3,18.94,18.93,"1,784,187,840","1,784,192,100","1,784,189,519","1,784,193,130",NODELAY,0,AUTO,Diesel,false,false,NA,2,1,0
pinnacle-Slc,Clearwater Campus,CAB,"July 20, 2026",08:30,"3,418,999",LOGIN,false,Pooja Mikhailov Travel,QWK 625 GP,QWK 625 GP,3,13.37,11.9,"1,784,533,080","1,784,535,900","1,784,533,432","1,784,535,725",NODELAY,0,AUTO,Diesel,false,false,NA,1,1,0
pinnacle-Slc,Oakmont Office,CAB,"July 20, 2026",09:30,"3,416,710",LOGIN,false,Rohan Mikhailov Travel,JHU 428 GP,JHU 428 GP,3,7.34,7.6,"1,784,537,340","1,784,539,500","1,784,536,987","1,784,538,893",NODELAY,0,AUTO,Diesel,false,false,HOME,2,2,0
pinnacle-Slc,Clearwater Campus,CAB,"July 22, 2026",Non Shift,"3,438,910",LOGOUT,false,Amit Volkov Travel,NPA 409 GP,NPA 409 GP,3,1.84,6.7,"1,784,750,400","1,784,754,000","1,784,749,927","1,784,751,436",NODELAY,0,AUTO,Diesel,false,false,NA,1,1,0
pinnacle-Slc,Willow Bend Campus,CAB,"July 27, 2026",15:30,"3,451,433",LOGOUT,false,Rahul Mikhailov Travel,WMA 156 GP,WMA 156 GP,3,2.56,3.3,"1,785,166,200","1,785,167,280","1,785,166,389","1,785,167,851",NODELAY,0,AUTO,Diesel,false,false,NA,2,2,0
pinnacle-Slc,Clearwater Campus,CAB,"July 27, 2026",07:30,"3,452,955",LOGIN,false,Aarav Mikhailov Travel,DKT 229 GP,DKT 229 GP,3,6.08,5.2,"1,785,135,720","1,785,137,100","1,785,136,024","1,785,137,171",NODELAY,0,AUTO,Diesel,false,false,NODAL,2,2,0
pinnacle-Slc,Clearwater Campus,CAB,"July 24, 2026",15:30,"3,446,652",LOGOUT,false,Rahul Morozov Travel,VSH 564 GP,VSH 564 GP,3,4.33,6.1,"1,784,907,000","1,784,908,140","1,784,907,466","1,784,909,071",NODELAY,0,AUTO,Diesel,false,false,HOME,3,3,0
vanta-Aus,Cedar Ridge Office,CAB,"May 21, 2026",21:00,"1,131,986",LOGIN,true,Priya Mikhailov Travel,QHP 116 GP,QHP 116 GP,3,6.02,4.8,"1,779,395,400","1,779,396,300","1,779,394,477","1,779,396,548",NODELAY,0,AUTO,Diesel,false,false,HOME,1,2,0
orbit-Slc,Eastgate Office,CAB,"May 22, 2026",04:30,"1,241,079",LOGOUT,true,Rohan Mikhailov Travel,ZYC 664 GP,ZYC 664 GP,3,26.23,32.75,"1,779,425,100","1,779,429,600","1,779,425,386","1,779,431,413",NODELAY,0,AUTO,Diesel,false,false,HOME,1,2,0
catalyst-Sac,Crestwood Campus,CAB,"May 25, 2026",07:00,"1,468,231",LOGIN,true,Vikram Mikhailov Travel,JCL 184 GP,JCL 184 GP,4,22.1,21.24,"1,779,688,260","1,779,690,600","1,779,688,024","1,779,690,572",NODELAY,0,AUTO,Petrol,false,false,NA,1,2,0
vanta-Sea,Denver Office,BUS,"May 4, 2026",12:00,"4,817,575",LOGIN,false,Aarav Mikhailov Travel,BLG 625 GP,BLG 625 GP,5,8.85,7,"1,777,892,940","1,777,895,100","1,777,892,858","1,777,894,824",NODELAY,0,MANUAL,Petrol,false,false,NA,4,3,1
vanta-Sea,Denver Office,CAB,"May 4, 2026",20:16,"4,819,295",LOGOUT,true,Aarav Mikhailov Travel,DKL 843 GP,DKL 843 GP,3,4.06,6.3,"1,777,926,660","1,777,927,020","1,777,926,723","1,777,929,144",NODELAY,0,AUTO,Petrol,false,false,NA,1,2,1
orbit-Slc,Eastgate Office,BUS,"May 13, 2026",13:00,"1,226,599",LOGIN,false,Rohan Mikhailov Travel,CNV 196 GP,CNV 196 GP,3,5.82,5,"1,778,673,840","1,778,676,300","1,778,673,829","1,778,675,319",NODELAY,0,MANUAL,Electric,false,false,HOME,3,2,1
catalyst-Sac,Santa Clara Office,CAB,"May 28, 2026",20:30,"1,473,769",LOGOUT,false,Vikram Mikhailov Travel,XLA 033 GP,XLA 033 GP,6,15.22,16.15,"1,780,001,100","1,780,001,880","1,780,001,174","1,780,004,542",NODELAY,0,AUTO,Petrol,false,false,NA,6,6,0
vanta-Aus,Cedar Ridge Office,CAB,"May 27, 2026",22:15,"1,143,529",LOGOUT,false,Meera Pavlov Travel,ULJ 741 GP,ULJ 741 GP,3,19.48,20.5,"1,779,921,000","1,779,924,540","1,779,919,812","1,779,923,803",NODELAY,0,AUTO,Diesel,false,false,NA,2,2,0
vanta-Sea,Denver Office,CAB,"May 6, 2026",17:16,"4,826,265",LOGOUT,false,Priya Mikhailov Travel,PAU 416 GP,PAU 416 GP,5,18.43,18.5,"1,778,088,660","1,778,090,940","1,778,087,473","1,778,093,007",NODELAY,0,AUTO,Petrol,false,false,NA,2,2,0
vanta-Aus,Cedar Ridge Office,CAB,"June 3, 2026",11:00,"1,152,919",LOGIN,false,Anjali Mikhailov Travel,UII 745 GP,UII 745 GP,5,3.12,5.7,"1,780,481,400","1,780,483,500","1,780,481,517","1,780,483,941",NODELAY,0,AUTO,Diesel,false,false,HOME,5,4,1
orbit-Slc,Cedar Ridge Office,BUS,"June 3, 2026",13:00,"1,258,929",LOGIN,false,Anjali Mikhailov Travel,XRL 216 GP,XRL 216 GP,6,20.59,20.4,"1,780,485,300","1,780,490,700","1,780,485,579","1,780,490,221",NODELAY,0,MANUAL,Diesel,false,false,NA,4,3,1
orbit-Slc,Cedar Ridge Office,BUS,"June 4, 2026",18:30,"1,260,650",LOGIN,false,Rahul Mikhailov Travel,OJB 642 GP,OJB 642 GP,6,8.26,13.8,"1,780,592,400","1,780,596,900","1,780,593,605","1,780,595,863",NODELAY,0,MANUAL,Diesel,false,false,HOME,1,1,0
vanta-Aus,Cedar Ridge Office,CAB,"June 5, 2026",18:15,"1,158,432",LOGOUT,false,Meera Pavlov Travel,OQJ 163 GP,OQJ 163 GP,5,7.31,9.1,"1,780,684,200","1,780,686,120","1,780,683,090","1,780,685,672",NODELAY,0,AUTO,Diesel,false,false,NA,3,1,2
vanta-Aus,Cedar Ridge Office,CAB,"June 6, 2026",06:00,"1,159,152",LOGIN,true,Anjali Mikhailov Travel,QNQ 983 GP,QNQ 983 GP,3,29.99,30.6,"1,780,721,760","1,780,724,700","1,780,720,660","1,780,723,953",NODELAY,0,AUTO,Diesel,false,false,NA,1,2,0
catalyst-Sac,Santa Clara Office,CAB,"June 10, 2026",Non Shift,"1,488,083",LOGOUT,true,Vikram Mikhailov Travel,SKG 445 GP,SKG 445 GP,4,28.24,33.2,"1,781,049,900","1,781,052,600","1,781,049,840","1,781,054,580",NODELAY,0,AUTO,Petrol,false,false,NA,2,4,0
orbit-Slc,Lakeside Commons,BUS,"June 11, 2026",15:30,"1,274,410",LOGOUT,false,Rahul Mikhailov Travel,CBA 752 GP,CBA 752 GP,6,30.12,29.9,"1,781,192,700","1,781,197,200","1,781,192,920","1,781,200,412",NODELAY,0,MANUAL,Diesel,false,false,HOME,4,4,0
catalyst-Sac,Santa Clara Office,CAB,"June 11, 2026",11:30,"1,489,614",LOGIN,false,Vikram Mikhailov Travel,EGG 139 GP,EGG 139 GP,4,24.08,23.85,"1,781,170,200","1,781,175,600","1,781,170,523","1,781,174,866",NODELAY,0,AUTO,Petrol,false,false,HOME,1,1,0
catalyst-Sac,Santa Clara Office,CAB,"June 12, 2026",19:00,"1,492,554",LOGOUT,true,Vikram Mikhailov Travel,IZG 930 GP,IZG 930 GP,4,11.4,11.4,"1,781,291,700","1,781,293,920","1,781,291,446","1,781,297,161",NODELAY,0,AUTO,Petrol,false,false,NA,2,3,0
