trip_id,vendor_id,base_inr,km_inr,wait_inr,total_inr
T000000,V02,193,283,59,535
T000001,V02,184,295,67,546
T000002,V06,189,252,22,463
T000003,V11,162,123,52,337
T000004,V11,169,524,61,754
T000005,V01,175,291,58,524
T000006,V10,178,657,25,860
T000007,V11,129,142,68,339
T000008,V02,142,183,30,355
T000009,V03,178,298,50,526
T000010,V08,142,459,35,636
T000011,V03,122,335,57,514
T000012,V04,124,609,68,801
T000013,V01,198,530,29,757
T000014,V08,172,404,58,634
T000015,V01,192,450,41,683
T000016,V09,156,473,63,692
T000017,V05,172,630,51,853
T000018,V06,149,445,61,655
T000019,V12,166,194,39,399
T997874,V01,185,183,35,403
T000021,V12,158,229,36,423
T000022,V05,138,511,55,704
T000023,V03,130,311,43,484
T000024,V09,150,446,24,620
T000025,V05,138,611,37,786
T000026,V04,162,251,27,440
T000027,V03,137,175,40,352
T000028,V01,193,470,11,674
T000029,V07,165,115,51,331
T000030,V07,187,309,161,657
T000031,V07,165,267,45,477
T000032,V03,198,486,59,743
T000033,V07,130,300,170,600
T000034,V04,190,553,65,808
T000035,V12,150,148,67,365
T000036,V10,173,407,57,637
T000037,V10,143,400,35,578
T000038,V03,131,392,43,566
T000039,V04,156,207,48,411
T000040,V06,174,573,49,796
T000041,V10,174,458,22,654
T000042,V09,179,312,56,547
T000043,V04,136,239,67,442
T000044,V09,163,444,26,633
T000045,V09,191,411,53,655
T000046,V09,150,204,66,420
T000047,V12,155,251,11,417
T000048,V04,131,410,33,574
T999151,V04,147,121,59,327
T000050,V02,170,649,39,858
T000051,V10,160,430,34,624
T000052,V04,170,146,57,373
T000053,V01,150,265,33,448
T000054,V09,129,564,30,723
T000055,V10,170,431,27,628
T000056,V10,197,321,14,532
T000057,V02,191,573,48,812
T000058,V12,121,404,38,563
T000059,V09,163,453,68,684
T000060,V08,182,355,16,553
T000061,V04,173,261,67,501
T000062,V05,177,566,52,795
T000063,V04,176,262,26,464
T000064,V05,186,418,39,643
T000065,V07,199,591,41,831
T000066,V05,152,441,39,632
T000067,V09,136,258,36,430
T000068,V11,143,241,24,408
T000069,V02,148,148,32,328
T000070,V05,123,652,69,844
T000071,V11,162,480,44,686
T000072,V09,148,126,68,342
T000073,V02,169,572,14,755
T000074,V10,171,326,65,562
T000075,V11,148,414,22,584
T000076,V02,137,377,27,541
T000077,V07,141,314,53,508
T000078,V07,147,356,115,618
T000079,V08,133,368,18,519
T000080,V03,186,197,66,449
T000081,V05,199,501,19,719
T000082,V03,149,132,65,346
T000083,V05,122,475,33,630
T000084,V08,183,568,49,800
T000085,V04,142,260,54,456
T000086,V02,141,254,57,452
T998054,V10,123,230,16,369
T000088,V10,181,340,24,545
T000089,V10,185,600,37,822
T000090,V06,132,623,13,768
T000091,V08,169,442,20,631
T000092,V11,197,328,48,573
T000093,V02,164,228,31,423
T000094,V03,163,145,18,326
T000095,V07,176,185,90,451
T000096,V11,125,202,11,338
T000097,V09,164,387,58,609
T000098,V12,180,301,18,499
T000099,V07,122,598,148,868
T000100,V08,123,535,27,685
T000101,V02,189,595,66,850
T000102,V12,166,433,67,666
T000103,V01,172,533,39,744
T000104,V09,123,444,36,603
T000105,V04,165,231,43,439
T000106,V12,179,554,56,789
T000107,V05,154,578,51,783
T000108,V10,137,502,40,679
T991940,V10,190,571,60,821
T000110,V05,158,430,15,603
T000111,V08,175,426,47,648
T000112,V04,147,437,68,652
T000113,V04,173,588,53,814
T000114,V11,197,281,26,504
T000115,V04,149,225,27,401
T000116,V06,173,526,32,731
T000117,V11,179,521,62,762
T000118,V04,139,575,35,749
T000119,V02,174,246,21,441
T000120,V09,186,271,28,485
T000121,V09,166,408,66,640
T000122,V06,176,428,34,638
T000123,V03,181,582,53,816
T000124,V10,157,494,29,680
T000125,V02,176,408,67,651
T000126,V03,169,211,11,391
T000127,V10,197,207,16,420
T000128,V03,152,143,31,326
T000129,V04,125,440,41,606
T000130,V08,151,163,40,354
T000131,V07,136,574,140,850
T000132,V04,125,240,42,407
T000133,V10,149,160,61,370
T000134,V07,189,455,126,770
T000135,V06,153,464,60,677
T000136,V10,176,187,22,385
T000137,V03,180,604,14,798
T000138,V05,157,302,21,480
T000139,V11,178,242,18,438
T000140,V10,179,357,58,594
T000141,V06,133,407,66,606
T000142,V03,123,686,30,839
T000143,V06,173,295,41,509
T000144,V12,120,657,20,797
T000145,V05,146,307,17,470
T000146,V04,184,459,28,671
T000147,V12,150,425,25,600
T997602,V03,145,443,49,637
T000149,V11,189,490,55,734
T000150,V05,123,603,45,771
T000151,V01,168,210,52,430
T000152,V10,180,515,36,731
T000153,V09,135,315,67,517
T000154,V12,137,231,60,428
T000155,V11,125,157,30,312
T000156,V04,126,613,39,778
T000157,V06,146,356,22,524
T000158,V09,187,386,42,615
T000159,V05,188,643,57,888
T000160,V02,137,399,66,602
T000161,V04,135,316,15,466
T000162,V05,162,573,22,757
T000163,V02,141,304,18,463
T000164,V03,180,540,63,783
T000165,V04,158,395,48,601
T000166,V03,127,550,10,687
T000167,V05,153,444,18,615
T000168,V06,194,498,18,710
T000169,V12,160,374,56,590
T000170,V06,177,497,56,730
T000171,V09,168,276,33,477
T000172,V06,161,581,52,794
T000173,V02,198,498,62,758
T000174,V07,122,294,166,582
T000175,V02,178,292,36,506
T000176,V10,196,631,49,876
T000177,V02,199,178,55,432
T000178,V03,122,147,18,287
T000179,V04,161,228,39,428
T000180,V01,121,398,51,570
T000181,V01,141,199,47,387
T000182,V08,145,440,47,632
T000183,V05,139,152,62,353
T000184,V02,194,174,43,411
T000185,V12,143,373,64,580
T000186,V09,192,211,40,443
T000187,V08,139,381,35,555
T000188,V04,176,175,62,413
T000189,V12,135,396,68,599
T000190,V11,152,149,57,358
T000191,V07,121,332,78,531
T000192,V06,162,336,48,546
T000193,V01,140,189,65,394
T000194,V09,168,376,26,570
T000195,V03,173,291,49,513
T000196,V11,137,246,34,417
T000197,V12,120,329,56,505
T000198,V02,147,588,28,763
T000199,V06,143,458,19,620
T000200,V08,198,550,20,768
T000201,V02,147,522,69,738
T000202,V08,183,198,68,449
T000203,V10,152,254,42,448
T000204,V03,153,285,34,472
T000205,V03,197,571,55,823
T000206,V05,149,241,29,419
T000207,V06,193,649,27,869
T000208,V02,195,589,63,847
T000209,V12,183,388,61,632
T000210,V01,174,613,30,817
T000211,V04,178,349,45,572
T000212,V02,196,325,44,565
T000213,V02,145,428,62,635
T000214,V11,195,262,48,505
T000215,V03,148,617,46,811
T000216,V02,125,608,41,774
T000217,V01,188,124,27,339
T000218,V05,180,279,55,514
T996209,V10,158,364,26,548
T000220,V12,162,128,60,350
T000221,V02,146,502,18,666
T000222,V07,121,337,81,539
T990463,V10,139,310,16,465
T000224,V12,197,510,51,758
T000225,V11,190,515,17,722
T000226,V06,197,556,39,792
T000227,V08,145,130,59,334
T000228,V06,134,141,37,312
T000229,V07,139,443,85,667
T000230,V10,167,662,32,861
T000231,V11,165,504,57,726
T000232,V09,134,429,16,579
T000233,V11,133,461,53,647
T000234,V11,149,352,30,531
T000235,V09,135,463,26,624
T000236,V09,184,453,22,659
T000237,V05,183,564,28,775
T000238,V06,133,465,34,632
T000239,V07,148,516,53,717
T000240,V11,146,318,37,501
T000241,V09,191,331,16,538
T000242,V07,169,123,69,361
T000243,V10,169,483,33,685
T991665,V12,150,577,21,748
T000245,V04,194,493,66,753
T000246,V02,196,217,49,462
T000247,V12,179,592,24,795
T000248,V11,167,195,37,399
T000249,V04,143,379,65,587
T000250,V02,134,557,37,728
T000251,V04,133,352,16,501
T000252,V10,149,595,18,762
T000253,V11,190,204,11,405
T000254,V06,177,567,41,785
T000255,V02,159,270,22,451
T000256,V05,132,454,60,646
T000257,V12,180,525,24,729
T995463,V01,176,190,31,397
T000259,V12,120,537,18,675
T000260,V04,138,448,30,616
T000261,V02,128,633,47,808
T000262,V09,168,119,26,313
T000263,V02,164,407,48,619
T000264,V03,150,141,69,360
T000265,V07,199,294,121,614
T999472,V04,199,114,58,371
T992937,V05,161,536,56,753
T000268,V11,172,309,37,518
T000269,V04,197,277,49,523
T000270,V02,146,118,44,308
T000271,V01,163,123,59,345
T000272,V02,175,426,18,619
T000273,V06,165,448,24,637
T000274,V11,148,165,53,366
T000275,V09,182,280,68,530
T000276,V10,183,220,58,461
T000277,V03,131,145,27,303
T000278,V06,190,248,60,498
T000279,V02,157,610,55,822
T000280,V06,145,190,52,387
T000281,V02,148,299,44,491
T000282,V08,172,349,20,541
T994899,V07,188,194,117,499
T000284,V03,164,130,36,330
T000285,V11,173,220,37,430
T000286,V08,133,241,48,422
T000287,V06,174,204,46,424
T000288,V11,191,304,56,551
T000289,V10,126,471,44,641
T000290,V11,186,122,13,321
T994769,V11,151,221,32,404
T000292,V10,169,199,48,416
T000293,V05,188,300,62,550
T000294,V12,190,415,54,659
T993172,V09,166,330,52,548
T000296,V05,160,600,52,812
T000297,V07,177,125,101,403
T000298,V09,150,252,41,443
T000299,V08,186,354,20,560
T000300,V07,181,512,49,742
T000301,V07,122,469,57,648
T000302,V12,170,270,30,470
T000303,V10,121,343,51,515
T000304,V04,122,174,37,333
T000305,V08,186,390,28,604
T000306,V10,150,293,42,485
T000307,V09,186,383,35,604
T000308,V12,136,292,27,455
T000309,V03,193,244,53,490
T000310,V02,194,525,25,744
T000311,V01,173,541,48,762
T000312,V06,179,335,52,566
T000313,V12,172,536,63,771
T000314,V01,131,525,65,721
T000315,V05,144,384,18,546
T000316,V05,179,360,54,593
T000317,V03,154,258,47,459
T990840,V01,143,149,57,349
T000319,V10,186,407,31,624
T000320,V05,179,299,31,509
T000321,V11,134,534,16,684
T000322,V10,199,481,56,736
T000323,V07,133,593,191,917
T000324,V05,149,276,56,481
T000325,V05,125,556,64,745
T000326,V01,141,435,59,635
T000327,V05,152,357,63,572
T000328,V08,175,324,64,563
T000329,V12,159,611,54,824
T000330,V03,193,655,62,910
T000331,V07,143,480,188,811
T000332,V11,151,447,55,653
T000333,V03,152,493,42,687
T000334,V08,136,499,35,670
T000335,V09,168,333,18,519
T000336,V12,191,441,31,663
T000337,V11,179,576,21,776
T000338,V05,199,508,52,759
T000339,V05,158,310,21,489
T000340,V10,190,302,27,519
T000341,V12,127,325,67,519
T000342,V04,178,449,35,662
T000343,V06,191,485,61,737
T000344,V06,166,300,40,506
T000345,V10,167,211,17,395
T000346,V03,157,138,48,343
T000347,V06,150,650,33,833
T000348,V03,174,228,46,448
T000349,V02,184,250,23,457
T000350,V01,190,603,17,810
T000351,V04,144,357,60,561
T000352,V11,184,153,59,396
T000353,V02,126,432,30,588
T000354,V06,136,437,48,621
T000355,V06,137,296,67,500
T000356,V10,154,331,54,539
T000357,V01,151,203,61,415
T000358,V02,128,561,40,729
T000359,V01,191,393,54,638
T000360,V03,169,428,13,610
T000361,V08,173,504,67,744
T000362,V08,186,345,11,542
T000363,V03,158,232,23,413
T000364,V02,184,618,58,860
T000365,V03,143,523,63,729
T000366,V07,124,548,58,730
T992994,V12,145,215,12,372
T990688,V02,129,298,23,450
T000369,V06,198,477,66,741
T000370,V12,138,435,57,630
T000371,V07,169,552,129,850
T000372,V12,192,262,47,501
T000373,V10,156,476,42,674
T000374,V03,144,540,42,726
T000375,V12,130,485,35,650
T000376,V04,127,386,33,546
T000377,V06,175,156,39,370
T000378,V10,195,562,31,788
T000379,V09,123,232,38,393
T000380,V08,164,356,63,583
T000381,V01,143,168,64,375
T000382,V05,124,543,58,725
T000383,V09,181,658,51,890
T000384,V02,183,641,13,837
T000385,V07,139,604,82,825
T000386,V06,132,144,25,301
T000387,V11,144,227,11,382
T000388,V09,177,498,52,727
T000389,V04,166,413,46,625
T000390,V02,162,164,67,393
T000391,V05,190,366,18,574
T000392,V03,154,392,47,593
T000393,V04,190,125,19,334
T000394,V09,175,200,22,397
T000395,V12,190,349,50,589
T000396,V05,122,210,41,373
T000397,V12,197,403,51,651
T000398,V04,132,358,29,519
T000399,V11,192,595,58,845
T000400,V08,170,251,16,437
T000401,V08,140,353,63,556
T000402,V04,170,548,59,777
T000403,V11,182,368,51,601
T000404,V06,131,369,55,555
T000405,V03,194,558,22,774
T000406,V07,136,608,103,847
T000407,V12,145,615,13,773
T000408,V06,189,674,43,906
T000409,V01,184,558,31,773
T000410,V11,168,149,30,347
T999331,V04,175,556,18,749
T000412,V10,135,480,27,642
T000413,V09,143,309,57,509
T000414,V07,150,459,161,770
T000415,V03,181,148,65,394
T000416,V07,173,175,102,450
T000417,V08,163,370,53,586
T000418,V01,136,332,63,531
T999662,V05,132,136,38,306
T000420,V05,179,614,53,846
T000421,V11,152,168,37,357
T000422,V07,151,124,113,388
T000423,V08,190,566,21,777
T000424,V10,196,175,69,440
T000425,V08,126,406,53,585
T000426,V04,148,464,39,651
T000427,V11,189,152,51,392
T000428,V03,199,375,43,617
T000429,V10,196,146,59,401
T000430,V05,158,389,47,594
T000431,V10,122,271,46,439
T000432,V10,154,504,36,694
T000433,V02,157,596,29,782
T000434,V06,193,624,21,838
T000435,V07,185,675,58,918
T000436,V02,169,299,60,528
T000437,V06,174,365,29,568
T000438,V06,155,143,53,351
T000439,V02,125,481,37,643
T000440,V03,160,190,56,406
T000441,V10,123,193,15,331
T000442,V01,167,252,25,444
T000443,V12,125,195,18,338
T000444,V03,141,633,36,810
T000445,V03,154,450,57,661
T000446,V07,178,216,130,524
T000447,V05,156,186,30,372
T000448,V09,186,281,61,528
T000449,V08,126,374,21,521
T000450,V02,185,391,27,603
T994328,V09,190,544,68,802
T990164,V09,122,235,52,409
T000453,V05,138,639,13,790
T000454,V05,180,582,43,805
T000455,V04,174,384,29,587
T000456,V02,137,178,41,356
T000457,V11,161,381,10,552
T000458,V06,143,225,30,398
T000459,V02,155,546,25,726
T000460,V12,175,497,64,736
T000461,V05,167,529,26,722
T000462,V06,197,218,22,437
T000463,V06,161,299,53,513
T000464,V07,157,638,125,920
T000465,V10,182,154,17,353
T000466,V01,134,358,39,531
T996908,V09,151,538,41,730
T000468,V01,133,649,28,810
T000469,V01,163,417,56,636
T000470,V02,136,290,38,464
T000471,V03,192,225,44,461
T000472,V09,187,589,66,842
T000473,V09,181,254,48,483
T000474,V05,191,247,63,501
T000475,V08,191,266,65,522
T000476,V06,161,450,52,663
T000477,V05,152,537,51,740
T000478,V08,166,264,22,452
T000479,V08,179,118,27,324
T000480,V02,125,364,63,552
T000481,V08,189,152,48,389
T000482,V09,162,149,42,353
T000483,V01,140,333,61,534
T000484,V01,167,257,16,440
T000485,V09,129,152,44,325
T000486,V04,154,152,24,330
T000487,V05,183,393,37,613
T000488,V08,179,281,31,491
T000489,V11,195,148,15,358
T000490,V03,132,413,17,562
T000491,V01,164,486,65,715
T000492,V02,137,390,17,544
T000493,V10,129,561,22,712
T000494,V02,136,570,36,742
T000495,V06,160,599,37,796
T000496,V07,144,466,168,778
T000497,V12,171,182,53,406
T000498,V09,123,140,35,298
T000499,V11,138,179,38,355
T000500,V09,173,309,11,493
T000501,V04,158,552,17,727
T000502,V06,164,404,50,618
T000503,V02,177,282,47,506
T000504,V12,199,362,36,597
T000505,V12,136,570,46,752
T000506,V04,170,491,29,690
T000507,V02,147,466,38,651
T000508,V02,166,160,54,380
T000509,V03,121,254,54,429
T000510,V01,178,409,25,612
T000511,V03,158,270,32,460
T000512,V08,126,464,65,655
T000513,V09,159,379,31,569
T000514,V12,180,478,35,693
T000515,V04,146,143,48,337
T000516,V11,120,441,61,622
T000517,V04,153,149,67,369
T000518,V08,167,445,55,667
T000519,V06,157,473,66,696
T000520,V03,153,472,28,653
T000521,V03,164,555,43,762
T000522,V06,191,457,21,669
T000523,V03,141,385,21,547
T000524,V08,135,510,49,694
T000525,V09,176,395,10,581
T000526,V02,133,507,42,682
T000527,V02,192,479,32,703
T000528,V01,138,415,62,615
T000529,V10,122,213,38,373
T000530,V02,127,292,58,477
T000531,V01,181,219,31,431
T000532,V09,168,175,54,397
T000533,V07,130,360,133,623
T000534,V09,194,134,62,390
T000535,V06,124,475,27,626
T000536,V06,182,293,27,502
T000537,V06,198,528,53,779
T000538,V03,166,366,59,591
T000539,V11,193,564,61,818
T000540,V05,189,551,16,756
T000541,V09,133,519,45,697
T000542,V04,161,455,69,685
T000543,V12,180,516,45,741
T000544,V10,194,553,19,766
T000545,V12,156,394,47,597
T000546,V11,154,350,68,572
T000547,V01,163,238,31,432
T000548,V04,188,512,27,727
T000549,V04,139,306,56,501
T000550,V10,198,188,57,443
T000551,V10,125,328,48,501
T000552,V11,161,616,41,818
T000553,V12,191,548,52,791
T000554,V12,189,209,57,455
T000555,V04,128,124,62,314
T000556,V07,184,408,68,660
T000557,V10,168,473,20,661
T000558,V05,181,487,68,736
T000559,V10,155,577,19,751
T000560,V03,167,132,38,337
T000561,V06,148,618,68,834
T000562,V06,197,136,34,367
T000563,V10,156,579,52,787
T000564,V01,149,507,30,686
T000565,V11,162,300,69,531
T000566,V09,147,460,32,639
T000567,V01,145,254,43,442
T000568,V02,152,350,27,529
T000569,V01,143,492,60,695
T000570,V09,165,234,54,453
T000571,V01,138,325,19,482
T000572,V10,135,342,31,508
T000573,V02,123,520,16,659
T000574,V11,178,406,13,597
T000575,V09,148,249,26,423
T994041,V07,152,514,111,777
T000577,V04,181,572,37,790
T000578,V03,144,519,11,674
T000579,V04,134,419,45,598
T000580,V07,180,547,50,777
T000581,V06,160,583,69,812
T000582,V10,139,327,50,516
T000583,V08,192,186,62,440
T000584,V11,137,439,61,637
T000585,V04,192,156,39,387
T000586,V11,131,159,36,326
T000587,V10,129,178,48,355
T000588,V12,129,138,69,336
T000589,V03,161,166,45,372
T000590,V08,124,420,14,558
T000591,V11,181,382,30,593
T000592,V07,160,281,102,543
T000593,V10,176,397,11,584
T000594,V10,171,324,32,527
T000595,V03,185,409,58,652
T000596,V09,139,389,38,566
T000597,V04,137,315,41,493
T000598,V02,196,435,36,667
T000599,V04,122,618,31,771
T000600,V02,151,357,22,530
T000601,V10,152,368,56,576
T000602,V08,171,577,17,765
T000603,V07,163,211,173,547
T000604,V06,136,604,41,781
T000605,V12,155,279,61,495
T000606,V01,167,541,52,760
T000607,V07,178,235,127,540
T000608,V12,163,383,59,605
T000609,V06,141,218,47,406
T000610,V07,185,418,171,774
T000611,V04,179,285,67,531
T000612,V12,123,479,17,619
T000613,V07,140,351,142,633
T000614,V01,153,369,31,553
T000615,V03,162,459,15,636
T000616,V05,198,619,35,852
T000617,V02,179,155,32,366
T000618,V01,168,350,14,532
T000619,V01,140,562,49,751
T000620,V09,184,199,26,409
T000621,V11,143,363,43,549
T000622,V01,142,589,11,742
T000623,V04,157,443,30,630
T000624,V06,181,280,26,487
T000625,V01,140,217,54,411
T000626,V11,172,544,36,752
T000627,V05,147,615,53,815
T000628,V06,163,570,48,781
T999940,V10,136,533,22,691
T000630,V02,120,289,36,445
T000631,V07,157,274,184,615
T000632,V03,162,381,63,606
T000633,V10,128,625,69,822
T000634,V02,181,551,15,747
T000635,V08,181,326,33,540
T000636,V03,139,399,46,584
T000637,V12,155,600,15,770
T000638,V07,149,416,177,742
T000639,V05,136,239,41,416
T000640,V12,129,462,46,637
T000641,V12,190,599,52,841
T000642,V09,147,559,22,728
T000643,V12,152,517,39,708
T000644,V02,125,417,17,559
T000645,V09,139,168,25,332
T000646,V09,121,375,61,557
T000647,V05,167,215,15,397
T000648,V10,123,130,10,263
T000649,V10,182,306,39,527
T000650,V08,177,357,49,583
T000651,V07,121,333,48,502
T000652,V02,196,494,30,720
T000653,V04,191,143,47,381
T000654,V06,183,607,10,800
T000655,V07,192,382,190,764
T995945,V08,180,436,17,633
T000657,V08,178,128,49,355
T000658,V01,190,230,58,478
T000659,V02,159,260,60,479
T000660,V05,122,250,63,435
T000661,V04,168,239,58,465
T000662,V02,189,518,21,728
T000663,V06,130,411,51,592
T000664,V06,142,148,51,341
T000665,V06,179,435,41,655
T000666,V08,181,576,33,790
T000667,V02,197,474,63,734
T000668,V09,140,376,53,569
T000669,V08,131,137,46,314
T000670,V10,127,277,12,416
T000671,V01,154,387,26,567
T000672,V05,124,192,20,336
T000673,V10,169,195,23,387
T000674,V05,148,215,68,431
T000675,V09,193,340,69,602
T000676,V03,183,195,57,435
T000677,V03,180,433,34,647
T000678,V10,139,177,69,385
T000679,V05,185,203,61,449
T000680,V05,166,499,19,684
T000681,V11,198,476,26,700
T000682,V05,159,413,20,592
T000683,V08,180,189,30,399
T000684,V04,144,552,34,730
T000685,V09,143,405,26,574
T000686,V05,198,591,12,801
T000687,V02,131,552,69,752
T000688,V11,191,141,55,387
T000689,V12,159,426,44,629
T000690,V07,122,444,58,624
T000691,V08,165,215,47,427
T000692,V04,170,164,20,354
T000693,V02,183,149,38,370
T000694,V09,131,538,18,687
T000695,V03,155,637,54,846
T000696,V04,187,539,49,775
T000697,V02,120,226,23,369
T000698,V11,122,607,60,789
T000699,V01,151,202,46,399
T000700,V09,137,532,24,693
T000701,V07,178,278,92,548
T000702,V10,198,264,62,524
T000703,V01,135,228,36,399
T000704,V04,190,335,43,568
T000705,V11,133,533,53,719
T000706,V11,161,380,33,574
T000707,V07,189,340,198,727
T000708,V09,194,244,57,495
T000709,V10,194,431,30,655
T000710,V11,148,566,65,779
T000711,V05,185,439,59,683
T000712,V02,125,572,44,741
T000713,V05,137,490,20,647
T000714,V07,198,198,129,525
T000715,V02,124,182,44,350
T000716,V02,136,125,68,329
T000717,V09,156,235,17,408
T000718,V03,144,162,58,364
T000719,V05,166,307,51,524
T000720,V04,171,298,57,526
T000721,V12,169,307,33,509
T000722,V07,122,617,166,905
T000723,V10,168,332,56,556
T000724,V02,143,568,20,731
T000725,V07,195,451,139,785
T000726,V02,158,421,49,628
T000727,V10,161,249,67,477
T000728,V05,140,348,61,549
T000729,V12,169,153,60,382
T000730,V06,163,545,11,719
T000731,V05,164,380,63,607
T000732,V05,123,458,45,626
T000733,V12,189,597,13,799
T000734,V04,178,627,55,860
T000735,V10,128,520,25,673
T000736,V08,149,383,29,561
T000737,V05,125,648,29,802
T000738,V06,148,400,13,561
T000739,V04,165,505,60,730
T000740,V11,193,166,60,419
T000741,V10,156,309,60,525
T000742,V07,161,487,133,781
T995414,V09,181,199,51,431
T000744,V01,144,360,27,531
T000745,V04,149,464,51,664
T000746,V10,178,144,51,373
T000747,V10,175,166,14,355
T000748,V04,137,338,66,541
T000749,V03,171,515,31,717
T000750,V11,136,157,68,361
T000751,V07,168,657,101,926
T992744,V02,173,274,10,457
T000753,V03,153,409,58,620
T000754,V01,174,496,67,737
T000755,V08,165,322,58,545
T000756,V05,188,426,64,678
T000757,V03,150,227,14,391
T000758,V11,152,478,36,666
T000759,V01,144,564,23,731
T000760,V05,142,197,57,396
T000761,V03,150,309,42,501
T000762,V05,190,455,49,694
T000763,V05,179,486,60,725
T000764,V10,136,607,29,772
T000765,V10,190,535,53,778
T000766,V12,143,219,11,373
T000767,V06,131,590,19,740
T000768,V04,134,350,37,521
T000769,V02,177,148,14,339
T000770,V04,181,436,65,682
T000771,V12,134,469,11,614
T000772,V10,148,192,57,397
T000773,V11,180,416,19,615
T000774,V07,125,212,52,389
T000775,V04,143,367,46,556
T000776,V03,126,546,43,715
T000777,V11,173,235,18,426
T000778,V03,148,136,61,345
T000779,V03,164,173,55,392
T000780,V08,145,374,33,552
T000781,V08,158,491,26,675
T000782,V01,135,597,15,747
T000783,V11,167,340,20,527
T000784,V10,154,575,14,743
T000785,V09,189,476,34,699
T000786,V07,146,222,109,477
T000787,V05,127,407,28,562
T000788,V12,150,173,65,388
T000789,V08,127,138,28,293
T000790,V06,177,425,63,665
T000791,V04,191,204,38,433
T000792,V01,191,348,35,574
T000793,V01,167,297,51,515
T000794,V12,193,370,31,594
T000795,V05,173,227,43,443
T000796,V02,164,486,36,686
T000797,V06,122,441,36,599
T000798,V01,126,172,13,311
T995108,V08,156,514,30,700
T000800,V01,127,433,19,579
T000801,V05,130,170,56,356
T000802,V06,127,460,23,610
T000803,V12,123,448,26,597
T000804,V10,130,295,56,481
T000805,V08,126,126,31,283
T000806,V01,198,199,52,449
T000807,V06,161,320,54,535
T000808,V12,133,224,13,370
T000809,V01,177,432,51,660
T000810,V03,131,394,33,558
T000811,V12,198,150,20,368
T000812,V02,140,208,36,384
T000813,V01,148,345,65,558
T000814,V01,153,229,25,407
T000815,V04,166,586,10,762
T000816,V08,121,208,52,381
T000817,V03,179,347,24,550
T000818,V05,153,308,28,489
T000819,V07,123,184,154,461
T000820,V06,191,454,10,655
T000821,V12,185,303,18,506
T000822,V07,136,514,82,732
T998049,V03,128,157,10,295
T000824,V08,152,403,65,620
T000825,V03,170,195,20,385
T000826,V02,168,634,29,831
T000827,V03,125,208,52,385
T000828,V08,152,286,27,465
T000829,V06,161,440,21,622
T000830,V05,134,241,51,426
T000831,V02,148,125,46,319
T000832,V06,129,141,49,319
T000833,V12,166,263,44,473
T000834,V02,170,161,49,380
T000835,V12,154,438,59,651
T000836,V11,181,301,65,547
T000837,V10,195,122,43,360
T000838,V07,133,502,190,825
T000839,V03,183,340,18,541
T000840,V09,178,605,19,802
T000841,V02,127,631,40,798
T000842,V02,150,439,61,650
T000843,V04,164,313,28,505
T000844,V07,155,456,157,768
T000845,V01,163,463,14,640
T000846,V03,158,437,22,617
T000847,V08,122,294,29,445
T000848,V12,143,646,30,819
T000849,V01,152,533,48,733
T000850,V09,158,132,51,341
T000851,V12,160,265,67,492
T000852,V11,159,236,49,444
T000853,V04,134,338,48,520
T000854,V02,134,560,21,715
T000855,V02,175,252,48,475
T000856,V01,139,157,52,348
T000857,V08,165,206,65,436
T000858,V06,199,223,48,470
T000859,V07,177,359,61,597
T000860,V06,165,300,23,488
T000861,V04,126,499,36,661
T000862,V12,193,504,25,722
T000863,V07,156,227,188,571
T000864,V08,140,372,63,575
T000865,V11,155,307,10,472
T000866,V02,197,176,44,417
T000867,V08,139,556,68,763
T000868,V04,193,308,29,530
T000869,V06,194,420,43,657
T000870,V02,163,215,22,400
T000871,V08,197,155,63,415
T000872,V09,164,484,57,705
T000873,V04,156,333,11,500
T000874,V08,156,584,67,807
T000875,V12,146,483,27,656
T000876,V03,182,485,31,698
T000877,V08,195,481,28,704
T000878,V02,192,145,40,377
T000879,V02,188,394,68,650
T997855,V10,152,479,28,659
T000881,V10,122,132,64,318
T000882,V02,193,193,45,431
T000883,V01,140,250,61,451
T000884,V08,132,504,35,671
T000885,V11,169,268,17,454
T000886,V05,127,375,41,543
T000887,V02,182,288,49,519
T000888,V04,133,401,37,571
T000889,V12,179,363,47,589
T000890,V07,161,475,195,831
T000891,V12,183,413,11,607
T000892,V03,154,513,48,715
T000893,V07,182,583,129,894
T000894,V03,142,486,51,679
T000895,V11,157,160,44,361
T000896,V04,120,264,17,401
T000897,V07,162,331,131,624
T000898,V02,139,580,38,757
T000899,V04,166,262,47,475
T000900,V01,182,257,59,498
T000901,V08,132,475,47,654
T000902,V10,159,173,60,392
T000903,V12,177,320,65,562
T000904,V06,186,652,68,906
T000905,V11,124,188,48,360
T000906,V03,162,394,12,568
T000907,V04,141,455,15,611
T000908,V03,156,122,28,306
T000909,V04,199,149,30,378
T000910,V01,120,230,27,377
T000911,V12,151,269,34,454
T000912,V05,177,340,31,548
T000913,V03,148,450,68,666
T000914,V04,138,590,47,775
T000915,V05,159,196,57,412
T000916,V07,192,231,64,487
T000917,V05,146,282,15,443
T000918,V12,172,542,50,764
T000919,V03,147,440,14,601
T000920,V07,128,319,103,550
T000921,V08,175,602,67,844
T000922,V08,183,428,10,621
T000923,V02,161,198,12,371
T000924,V05,183,389,66,638
T000925,V12,154,360,30,544
T000926,V07,127,373,173,673
T000927,V10,120,583,21,724
T000928,V11,155,174,24,353
T000929,V11,145,271,55,471
T000930,V01,157,257,42,456
T000931,V05,134,457,17,608
T000932,V09,147,290,24,461
T000933,V02,194,191,39,424
T000934,V07,134,507,181,822
T000935,V01,123,563,32,718
T000936,V03,198,375,66,639
T000937,V07,141,440,69,650
T000938,V10,144,140,27,311
T000939,V08,131,477,63,671
T000940,V08,122,600,20,742
T000941,V10,160,525,31,716
T000942,V02,195,339,50,584
T000943,V01,127,295,50,472
T000944,V06,149,394,32,575
T000945,V07,184,581,185,950
T000946,V08,165,189,32,386
T000947,V04,124,275,46,445
T000948,V08,143,323,25,491
T000949,V03,166,280,37,483
T000950,V05,156,332,63,551
T000951,V03,185,541,23,749
T000952,V01,173,572,50,795
T000953,V10,150,277,56,483
T000954,V07,190,220,161,571
T000955,V10,165,499,42,706
T000956,V08,182,411,48,641
T000957,V04,136,445,21,602
T000958,V02,179,402,64,645
T000959,V02,189,411,59,659
T000960,V04,193,385,32,610
T000961,V07,138,244,195,577
T000962,V11,177,551,30,758
T000963,V05,177,391,11,579
T000964,V08,131,175,21,327
T000965,V06,171,521,32,724
T000966,V08,142,153,63,358
T000967,V09,142,376,63,581
T000968,V04,164,583,21,768
T000969,V06,121,201,54,376
T000970,V06,129,241,50,420
T000971,V08,197,620,66,883
T000972,V01,155,280,44,479
T000973,V08,147,477,16,640
T000974,V11,160,316,25,501
T000975,V02,162,176,38,376
T000976,V07,188,436,173,797
T000977,V08,199,453,51,703
T000978,V10,146,131,35,312
T000979,V02,132,396,67,595
T000980,V12,176,188,49,413
T000981,V06,195,241,51,487
T994962,V04,190,463,49,702
T000983,V06,169,277,12,458
T000984,V07,164,333,124,621
T000985,V02,192,529,33,754
T000986,V06,131,435,19,585
T000987,V10,176,582,65,823
T000988,V07,192,140,152,484
T000989,V07,187,525,145,857
T000990,V07,167,459,122,748
T000991,V02,183,228,67,478
T000992,V02,164,353,27,544
T000993,V11,153,568,28,749
T000994,V06,152,228,54,434
T000995,V06,186,555,12,753
T000996,V03,196,406,68,670
T000997,V04,149,431,44,624
T000998,V12,139,394,55,588
T000999,V01,150,134,43,327
T001000,V11,180,183,19,382
T001001,V05,156,153,66,375
T001002,V08,166,254,59,479
T001003,V05,199,229,14,442
T001004,V04,122,519,40,681
T001005,V06,154,385,43,582
T001006,V07,188,595,192,975
T001007,V09,153,370,25,548
T001008,V09,122,387,56,565
T001009,V02,124,129,22,275
T001010,V05,146,363,36,545
T001011,V07,138,407,118,663
T001012,V07,120,418,52,590
T001013,V09,142,538,42,722
T001014,V04,141,562,52,755
T001015,V02,197,386,52,635
T001016,V09,168,273,12,453
T001017,V11,173,351,53,577
T001018,V10,161,302,59,522
T001019,V06,136,473,30,639
T001020,V03,176,157,42,375
T001021,V11,198,219,22,439
T001022,V05,194,511,45,750
T001023,V10,158,334,33,525
T001024,V02,196,255,25,476
T001025,V08,197,451,51,699
T001026,V07,165,435,97,697
T001027,V09,164,184,67,415
T001028,V10,184,121,53,358
T001029,V03,150,525,22,697
T001030,V01,175,133,25,333
T001031,V11,183,375,56,614
T994313,V11,145,407,22,574
T001033,V02,190,533,51,774
T001034,V09,154,394,62,610
T001035,V03,165,580,17,762
T001036,V07,171,573,179,923
T001037,V06,147,413,11,571
T994140,V11,180,494,50,724
T001039,V12,158,329,57,544
T001040,V08,195,203,24,422
T001041,V12,143,534,56,733
T001042,V09,120,248,13,381
T997571,V05,136,175,67,378
T001044,V08,143,617,38,798
T001045,V04,153,421,19,593
T001046,V10,124,449,13,586
T001047,V07,131,266,150,547
T001048,V12,169,562,65,796
T001049,V07,164,539,75,778
T001050,V05,127,479,14,620
T001051,V07,147,259,88,494
T001052,V05,161,305,66,532
T001053,V04,142,516,33,691
T001054,V10,188,222,13,423
T001055,V01,129,255,63,447
T001056,V10,149,234,29,412
T001057,V10,189,299,62,550
T001058,V08,191,605,31,827
T994738,V06,146,148,65,359
T001060,V08,143,517,62,722
T001061,V05,163,520,25,708
T001062,V02,144,380,67,591
T001063,V04,173,255,20,448
T001064,V10,184,531,10,725
T001065,V08,146,336,37,519
T001066,V02,199,382,29,610
T001067,V01,187,262,29,478
T001068,V04,128,487,50,665
T001069,V02,196,520,61,777
T001070,V05,184,573,34,791
T001071,V08,155,160,54,369
T001072,V05,132,580,64,776
T001073,V08,127,200,20,347
T001074,V06,126,578,56,760
T001075,V10,161,592,61,814
T001076,V08,177,280,62,519
T001077,V10,166,503,12,681
T001078,V07,168,324,109,601
T001079,V01,162,626,64,852
T001080,V09,146,562,44,752
T001081,V12,125,457,16,598
T001082,V10,160,517,55,732
T001083,V07,162,376,172,710
T001084,V02,149,393,31,573
T001085,V05,139,294,30,463
T001086,V08,149,449,29,627
T001087,V07,182,407,128,717
T001088,V04,150,171,11,332
T001089,V08,194,351,62,607
T001090,V11,193,335,18,546
T001091,V08,130,346,42,518
T001092,V07,161,230,151,542
T994463,V03,120,155,32,307
T001094,V09,198,564,60,822
T001095,V03,192,147,45,384
T001096,V12,127,135,17,279
T001097,V06,180,567,51,798
T001098,V01,129,513,22,664
T001099,V01,173,172,11,356
T001100,V08,179,130,10,319
T001101,V05,183,278,63,524
T001102,V03,151,633,58,842
T001103,V04,121,206,66,393
T001104,V01,151,393,19,563
T001105,V11,147,369,44,560
T001106,V08,184,508,23,715
T001107,V02,192,496,37,725
T001108,V10,172,276,37,485
T001109,V10,147,415,21,583
T001110,V07,185,295,110,590
T001111,V04,187,662,69,918
T001112,V11,197,260,63,520
T001113,V05,176,449,14,639
T001114,V12,155,286,52,493
T001115,V10,133,549,45,727
T001116,V01,197,610,43,850
T001117,V01,134,339,14,487
T001118,V10,178,445,67,690
T001119,V09,153,523,41,717
T001120,V07,190,442,75,707
T001121,V01,158,402,43,603
T001122,V01,190,242,38,470
T001123,V08,177,633,57,867
T996357,V02,147,165,37,349
T001125,V05,149,200,30,379
T001126,V11,162,520,14,696
T001127,V07,139,573,199,911
T001128,V04,124,147,32,303
T001129,V07,151,464,82,697
T001130,V12,193,267,63,523
T001131,V09,134,655,21,810
T001132,V06,188,259,15,462
T001133,V11,181,299,68,548
T001134,V10,143,284,66,493
T001135,V01,134,349,36,519
T999015,V12,153,638,15,806
T001137,V07,136,589,153,878
T001138,V08,188,165,43,396
T001139,V02,135,454,21,610
T001140,V04,157,444,63,664
T001141,V03,157,480,43,680
T001142,V09,160,207,61,428
T001143,V10,187,379,35,601
T001144,V09,193,555,56,804
T001145,V03,121,291,10,422
T001146,V09,183,572,61,816
T001147,V01,121,144,20,285
T001148,V01,128,643,10,781
T001149,V02,169,380,51,600
T001150,V03,151,459,34,644
T001151,V06,127,250,39,416
T001152,V04,128,136,18,282
T001153,V05,141,384,18,543
T001154,V01,152,484,21,657
T001155,V02,140,577,33,750
T001156,V06,135,169,16,320
T001157,V07,178,507,91,776
T001158,V08,175,311,26,512
T001159,V04,158,528,31,717
T001160,V02,123,157,16,296
T001161,V05,168,198,68,434
T001162,V04,131,559,66,756
T001163,V02,179,249,64,492
T001164,V12,132,425,36,593
T001165,V09,189,254,35,478
T001166,V06,138,408,30,576
T001167,V07,187,182,53,422
T001168,V01,120,189,20,329
T001169,V01,159,478,47,684
T001170,V11,124,674,38,836
T001171,V05,148,608,58,814
T001172,V01,125,162,24,311
T001173,V02,157,125,12,294
T999749,V09,190,247,50,487
T001175,V06,193,245,57,495
T001176,V10,172,551,24,747
T001177,V06,125,680,36,841
T001178,V06,152,421,14,587
T993774,V01,155,282,35,472
T001180,V05,137,384,30,551
T001181,V05,138,348,21,507
T001182,V03,168,494,58,720
T001183,V01,191,338,45,574
T001184,V04,147,447,63,657
T001185,V07,178,405,132,715
T001186,V01,182,368,46,596
T998129,V12,163,124,11,298
T001188,V11,198,382,57,637
T001189,V03,130,206,45,381
T001190,V01,139,555,52,746
T001191,V03,165,674,16,855
T001192,V04,137,299,44,480
T001193,V05,132,163,26,321
T001194,V11,172,536,33,741
T001195,V03,173,440,23,636
T001196,V01,129,539,50,718
T001197,V11,190,187,49,426
T001198,V07,120,144,176,440
T001199,V12,136,175,46,357
T001200,V01,181,292,37,510
T001201,V02,191,159,36,386
T001202,V07,155,132,103,390
T001203,V09,167,560,54,781
T001204,V10,191,574,47,812
T001205,V04,136,394,26,556
T001206,V07,138,236,110,484
T001207,V03,155,523,35,713
T001208,V08,198,500,15,713
T001209,V11,123,309,58,490
T001210,V11,192,486,19,697
T001211,V12,133,189,58,380
T001212,V08,132,533,19,684
T001213,V10,167,212,17,396
T001214,V06,164,537,19,720
T001215,V05,180,369,23,572
T001216,V01,177,327,26,530
T001217,V05,141,308,28,477
T001218,V04,175,330,20,525
T001219,V08,169,478,59,706
T001220,V07,181,256,156,593
T001221,V03,173,591,67,831
T001222,V09,138,422,67,627
T001223,V05,165,436,14,615
T001224,V01,153,131,22,306
T001225,V08,153,132,69,354
T001226,V12,157,298,19,474
T001227,V04,152,175,65,392
T001228,V02,165,272,41,478
T001229,V08,128,186,54,368
T001230,V10,129,139,23,291
T001231,V08,130,140,59,329
T001232,V09,146,482,12,640
T001233,V07,146,332,77,555
T001234,V09,141,274,16,431
T001235,V09,181,603,20,804
T001236,V06,136,236,27,399
T001237,V09,130,364,59,553
T001238,V09,155,195,31,381
T001239,V09,129,531,44,704
T001240,V02,176,378,12,566
T001241,V02,126,528,60,714
T001242,V07,132,414,114,660
T001243,V08,198,370,63,631
T001244,V06,195,398,49,642
T001245,V12,135,628,38,801
T001246,V02,190,127,27,344
T001247,V04,148,411,52,611
T001248,V12,168,600,40,808
T001249,V02,127,686,42,855
T001250,V02,164,258,19,441
T001251,V07,189,424,46,659
T001252,V06,169,468,34,671
T001253,V04,181,150,47,378
T001254,V12,190,191,68,449
T001255,V08,128,323,38,489
T001256,V09,125,327,11,463
T001257,V09,170,319,19,508
T001258,V08,147,476,59,682
T001259,V03,175,581,53,809
T001260,V04,158,111,42,311
T001261,V04,158,417,61,636
T001262,V07,141,576,192,909
T001263,V07,121,573,121,815
T001264,V09,147,406,18,571
T001265,V01,179,326,32,537
T001266,V10,164,464,26,654
T001267,V12,144,524,59,727
T001268,V12,150,308,10,468
T001269,V09,151,146,50,347
T001270,V08,177,433,19,629
T001271,V09,163,259,24,446
T001272,V08,143,386,67,596
T001273,V06,157,453,53,663
T001274,V02,140,231,40,411
T001275,V08,147,308,47,502
T001276,V09,182,210,17,409
T994936,V07,164,574,163,901
T001278,V05,170,129,59,358
T001279,V03,198,375,47,620
T001280,V03,188,627,62,877
T001281,V09,173,204,19,396
T001282,V05,180,482,20,682
T001283,V01,142,319,28,489
T001284,V05,134,553,51,738
T999086,V06,157,440,63,660
T001286,V11,167,184,33,384
T001287,V01,164,503,14,681
T001288,V10,180,215,56,451
T001289,V04,135,252,64,451
T001290,V07,170,251,150,571
T001291,V07,121,566,127,814
T001292,V04,174,279,18,471
T001293,V05,183,482,33,698
T001294,V06,182,451,45,678
T001295,V02,130,196,10,336
T001296,V12,154,504,45,703
T001297,V05,122,407,64,593
T001298,V04,134,536,46,716
T001299,V07,147,365,90,602
T001300,V12,181,243,37,461
T001301,V06,179,175,32,386
T001302,V04,199,540,59,798
T001303,V09,193,359,22,574
T001304,V04,139,390,11,540
T001305,V10,167,227,54,448
T001306,V09,197,462,50,709
T001307,V11,177,523,19,719
T001308,V09,185,503,26,714
T990687,V11,140,545,46,731
T001310,V05,142,506,67,715
T001311,V10,140,403,65,608
T001312,V08,183,257,48,488
T001313,V05,157,141,22,320
T001314,V04,146,179,14,339
T001315,V01,174,411,45,630
T001316,V09,152,378,43,573
T001317,V09,141,313,63,517
T001318,V09,140,509,31,680
T001319,V04,161,418,60,639
T001320,V04,156,108,18,282
T001321,V01,189,547,62,798
T001322,V01,175,508,12,695
T001323,V12,174,287,55,516
T001324,V09,150,208,67,425
T001325,V10,137,262,14,413
T001326,V06,189,411,68,668
T001327,V09,160,453,46,659
T001328,V08,152,559,31,742
T001329,V01,124,291,57,472
T001330,V03,152,544,33,729
T001331,V03,193,253,41,487
T001332,V04,150,440,33,623
T001333,V09,142,341,66,549
T001334,V04,180,216,55,451
T001335,V09,140,391,66,597
T001336,V09,145,159,26,330
T001337,V12,156,316,26,498
T001338,V05,131,332,19,482
T001339,V06,124,618,24,766
T001340,V08,140,419,66,625
T001341,V03,144,275,67,486
T001342,V11,135,316,64,515
T001343,V02,154,204,31,389
T001344,V08,153,397,51,601
T001345,V06,132,262,23,417
T001346,V02,146,623,27,796
T001347,V03,145,246,18,409
T001348,V07,139,238,131,508
T001349,V01,146,234,29,409
T001350,V08,184,562,34,780
T001351,V09,125,215,43,383
T001352,V06,165,263,51,479
T001353,V03,197,206,43,446
T001354,V12,170,238,68,476
T001355,V11,167,188,36,391
T001356,V04,121,365,63,549
T001357,V12,168,528,43,739
T001358,V07,188,612,151,951
T001359,V01,185,614,33,832
T001360,V06,137,184,66,387
T001361,V04,149,227,26,402
T001362,V05,176,354,19,549
T001363,V03,175,211,54,440
T001364,V10,121,169,15,305
T001365,V10,135,236,47,418
T001366,V07,135,529,164,828
T001367,V03,179,429,25,633
T001368,V07,185,619,109,913
T001369,V12,151,597,28,776
T001370,V10,166,461,11,638
T001371,V02,160,458,61,679
T001372,V05,142,345,43,530
T994575,V09,146,574,16,736
T001374,V06,148,543,43,734
T994417,V01,162,463,17,642
T001376,V08,167,353,38,558
T001377,V09,120,170,67,357
T001378,V01,194,580,33,807
T001379,V08,156,511,59,726
T001380,V08,194,190,54,438
T001381,V02,177,543,43,763
T001382,V09,193,513,59,765
T001383,V03,159,397,49,605
T001384,V12,182,347,41,570
T001385,V06,170,221,47,438
T001386,V09,192,573,67,832
T001387,V12,189,624,16,829
T001388,V08,122,476,60,658
T001389,V03,193,254,31,478
T998254,V11,166,337,48,551
T001391,V07,179,573,69,821
T001392,V01,126,319,62,507
T991698,V12,156,628,42,826
T001394,V08,180,469,20,669
T991719,V10,186,601,17,804
T001396,V11,181,567,32,780
T001397,V07,168,185,105,458
T001398,V11,134,480,63,677
T001399,V07,151,254,144,549
T001400,V08,154,219,35,408
T001401,V07,167,228,103,498
T001402,V09,192,513,60,765
T001403,V05,197,575,29,801
T001404,V10,134,151,48,333
T001405,V02,131,687,33,851
T001406,V04,192,379,24,595
T001407,V09,180,212,14,406
T001408,V12,145,293,37,475
T001409,V04,158,152,20,330
T001410,V10,159,253,45,457
T001411,V07,134,250,126,510
T001412,V06,131,470,41,642
T001413,V09,151,276,21,448
T001414,V08,198,511,18,727
T001415,V04,155,235,41,431
T001416,V06,181,512,34,727
T001417,V06,127,473,43,643
T001418,V05,158,109,54,321
T001419,V12,163,351,41,555
T001420,V01,192,311,51,554
T001421,V06,183,427,13,623
T001422,V12,190,616,58,864
T001423,V04,127,642,13,782
T001424,V01,188,592,54,834
T001425,V05,192,217,40,449
T001426,V10,128,431,26,585
T001427,V03,128,129,15,272
T001428,V11,194,376,17,587
T001429,V09,169,232,15,416
T001430,V11,171,537,39,747
T001431,V01,149,425,56,630
T001432,V02,169,223,67,459
T999203,V11,131,127,25,283
T001434,V02,167,349,27,543
T001435,V06,130,204,10,344
T001436,V08,163,423,45,631
T001437,V03,142,422,61,625
T001438,V03,155,553,64,772
T001439,V07,127,445,145,717
T001440,V02,186,590,51,827
T001441,V10,156,454,19,629
T999713,V01,196,312,40,548
T001443,V08,141,229,29,399
T001444,V10,139,349,31,519
T001445,V12,196,412,42,650
T001446,V05,147,632,48,827
T001447,V01,140,133,26,299
T001448,V09,192,657,51,900
T001449,V05,144,219,21,384
T993096,V05,184,234,17,435
T001451,V09,171,294,55,520
T001452,V12,178,300,35,513
T001453,V02,189,471,37,697
T001454,V08,147,132,30,309
T001455,V05,120,194,57,371
T001456,V07,156,529,75,760
T998554,V03,161,502,60,723
T001458,V03,161,536,34,731
T001459,V05,146,568,45,759
T001460,V07,198,162,56,416
T001461,V03,133,436,46,615
T001462,V04,128,333,28,489
T001463,V11,141,242,18,401
T001464,V08,187,458,19,664
T001465,V03,199,560,40,799
T001466,V06,152,240,50,442
T001467,V07,181,480,174,835
T001468,V10,167,552,47,766
T001469,V11,185,232,26,443
T001470,V01,139,115,63,317
T001471,V04,181,292,27,500
T001472,V09,185,276,69,530
T001473,V11,129,332,33,494
T001474,V04,168,485,48,701
T001475,V09,148,347,49,544
T001476,V03,129,453,42,624
T001477,V08,153,544,28,725
T001478,V12,191,543,33,767
T001479,V04,124,479,31,634
T001480,V11,160,242,64,466
T001481,V08,170,276,69,515
T001482,V05,163,331,44,538
T001483,V03,196,508,38,742
T001484,V09,120,343,41,504
T001485,V08,124,328,55,507
T001486,V09,130,235,48,413
T001487,V12,197,450,38,685
T001488,V11,199,625,64,888
T001489,V09,198,463,48,709
T001490,V12,174,287,30,491
T001491,V06,152,533,43,728
T001492,V10,191,423,23,637
T001493,V12,131,337,51,519
T001494,V01,182,294,10,486
T001495,V01,132,235,23,390
T001496,V10,193,607,36,836
T001497,V03,154,605,34,793
T001498,V05,173,310,66,549
T001499,V05,148,464,32,644
T001500,V08,172,413,63,648
T001501,V09,164,545,65,774
T001502,V03,161,444,45,650
T001503,V06,190,531,38,759
T001504,V08,129,369,62,560
T001505,V06,153,345,28,526
T001506,V10,195,228,40,463
T001507,V02,156,356,62,574
T001508,V06,193,284,51,528
T001509,V05,178,467,68,713
T001510,V12,197,314,15,526
T001511,V05,134,510,60,704
T001512,V03,124,530,52,706
T001513,V04,199,249,10,458
T001514,V06,149,511,44,704
T990923,V01,165,389,69,623
T001516,V04,184,472,69,725
T001517,V09,191,470,11,672
T001518,V06,196,502,12,710
T001519,V01,151,159,54,364
T001520,V03,140,547,40,727
T001521,V05,180,455,10,645
T001522,V10,195,187,26,408
T001523,V11,163,559,59,781
T001524,V11,133,532,51,716
T001525,V11,191,383,56,630
T001526,V04,198,375,16,589
T001527,V01,121,348,55,524
T001528,V09,199,481,68,748
T001529,V10,143,523,51,717
T001530,V04,130,361,19,510
T001531,V07,199,143,135,477
T001532,V01,139,268,51,458
T001533,V08,178,355,61,594
T001534,V06,159,568,25,752
T001535,V11,171,195,18,384
T001536,V05,198,151,28,377
T001537,V10,167,221,59,447
T001538,V06,161,230,69,460
T001539,V07,165,584,40,789
T001540,V08,174,122,31,327
T001541,V06,125,304,25,454
T001542,V10,161,561,20,742
T001543,V10,146,189,63,398
T990192,V01,139,536,62,737
T001545,V08,168,568,20,756
T001546,V05,188,195,47,430
T001547,V02,120,535,40,695
T001548,V03,179,224,24,427
T001549,V05,189,250,66,505
T001550,V08,159,263,56,478
T001551,V09,144,476,36,656
T001552,V09,165,652,53,870
T001553,V03,160,416,12,588
T001554,V09,153,260,14,427
T001555,V07,138,509,161,808
T001556,V09,163,355,46,564
T001557,V08,190,627,24,841
T001558,V02,158,214,39,411
T001559,V07,176,145,110,431
T001560,V06,132,200,17,349
T001561,V06,133,188,21,342
T001562,V06,178,271,34,483
T991479,V02,129,415,58,602
T001564,V07,164,120,122,406
T001565,V07,138,415,175,728
T001566,V01,181,279,13,473
T001567,V07,152,574,88,814
T001568,V12,173,138,33,344
T001569,V03,185,419,28,632
T001570,V12,139,374,55,568
T994643,V03,161,618,36,815
T001572,V08,144,597,32,773
T001573,V05,148,412,42,602
T001574,V12,120,324,36,480
T001575,V05,120,450,20,590
T001576,V01,174,160,16,350
T001577,V09,176,165,42,383
T001578,V02,179,158,54,391
T001579,V07,174,524,190,888
T001580,V04,137,393,28,558
T001581,V09,180,502,51,733
T001582,V12,196,578,63,837
T001583,V11,120,454,47,621
T001584,V09,138,273,28,439
T001585,V07,145,292,49,486
T001586,V08,130,454,21,605
T001587,V12,151,605,29,785
T001588,V09,120,425,21,566
T001589,V06,166,182,53,401
T001590,V03,151,419,69,639
T001591,V05,171,161,14,346
T001592,V11,125,617,55,797
T001593,V04,181,419,14,614
T001594,V06,170,435,19,624
T001595,V10,149,151,24,324
T001596,V12,192,347,48,587
T001597,V02,125,556,50,731
T001598,V02,148,463,49,660
T001599,V08,132,135,50,317
T001600,V03,171,450,54,675
T001601,V12,177,494,47,718
T001602,V05,174,237,42,453
T001603,V03,155,566,51,772
T001604,V10,166,204,68,438
T001605,V11,143,256,63,462
T001606,V04,175,575,16,766
T001607,V01,185,642,16,843
T001608,V09,137,470,69,676
T001609,V01,184,236,49,469
T001610,V02,130,470,57,657
T001611,V10,190,142,56,388
T001612,V04,156,581,66,803
T001613,V08,158,614,56,828
T001614,V12,189,331,61,581
T001615,V06,188,235,30,453
T001616,V08,185,519,62,766
T001617,V06,192,380,42,614
T001618,V01,138,134,69,341
T001619,V11,162,181,36,379
T992047,V04,184,517,45,746
T001621,V04,138,526,57,721
T001622,V08,153,503,63,719
T001623,V12,137,434,40,611
T001624,V03,196,320,67,583
T001625,V04,169,538,61,768
T001626,V06,137,553,12,702
T001627,V10,126,376,65,567
T001628,V10,168,232,35,435
T001629,V05,149,523,31,703
T001630,V01,155,371,53,579
T001631,V04,197,449,17,663
T001632,V02,121,513,23,657
T001633,V04,178,306,16,500
T001634,V11,143,321,29,493
T001635,V03,167,263,43,473
T001636,V09,151,618,14,783
T001637,V06,185,283,52,520
T001638,V01,130,140,37,307
T001639,V07,169,604,198,971
T001640,V03,191,297,69,557
T001641,V08,143,316,27,486
T001642,V04,180,466,26,672
T995788,V07,145,595,59,799
T001644,V10,146,256,35,437
T001645,V12,175,318,58,551
T001646,V01,163,357,52,572
T001647,V09,123,227,29,379
T001648,V07,122,556,139,817
T001649,V01,161,538,67,766
T001650,V07,135,379,123,637
T001651,V03,168,312,63,543
T001652,V05,138,582,65,785
T001653,V10,170,155,11,336
T001654,V12,165,580,32,777
T001655,V12,147,563,26,736
T001656,V01,173,340,51,564
T001657,V08,175,456,28,659
T001658,V08,137,668,51,856
T001659,V12,143,439,23,605
T992484,V09,177,234,23,434
T001661,V03,183,381,31,595
T001662,V03,192,557,61,810
T001663,V10,198,543,12,753
T001664,V12,139,169,35,343
T001665,V12,169,474,48,691
T001666,V10,172,362,14,548
T001667,V02,170,327,26,523
T001668,V06,159,277,36,472
T001669,V03,185,441,20,646
T001670,V11,140,332,59,531
T001671,V06,163,638,16,817
T001672,V06,197,374,47,618
T001673,V08,160,475,37,672
T001674,V05,164,624,35,823
T001675,V08,158,360,69,587
T001676,V02,143,509,52,704
T001677,V01,137,239,12,388
T001678,V07,198,426,58,682
T001679,V05,164,235,51,450
T001680,V09,161,280,11,452
T001681,V12,127,158,10,295
T001682,V04,180,626,29,835
T001683,V04,160,191,34,385
T001684,V04,172,668,46,886
T001685,V03,124,543,55,722
T001686,V06,144,130,32,306
T001687,V04,173,359,15,547
T001688,V08,147,454,48,649
T001689,V08,170,325,20,515
T001690,V07,158,445,71,674
T001691,V07,132,151,184,467
T001692,V09,136,424,63,623
T001693,V05,181,360,17,558
T001694,V04,191,315,60,566
T001695,V04,129,386,31,546
T001696,V05,174,587,30,791
T001697,V01,182,505,19,706
T001698,V07,135,316,177,628
T001699,V05,173,565,43,781
T001700,V04,184,500,38,722
T001701,V04,168,602,54,824
T001702,V12,168,504,40,712
T001703,V06,164,288,66,518
T001704,V03,168,288,68,524
T001705,V08,182,404,39,625
T001706,V11,179,270,57,506
T001707,V07,127,484,104,715
T001708,V04,176,321,44,541
T001709,V11,154,138,47,339
T001710,V04,173,511,11,695
T001711,V06,122,608,26,756
T001712,V07,131,279,113,523
T001713,V09,143,179,61,383
T001714,V02,198,416,30,644
T001715,V06,143,251,19,413
T001716,V10,196,155,33,384
T001717,V06,190,565,54,809
T001718,V05,147,362,46,555
T001719,V01,184,468,38,690
T001720,V01,180,391,46,617
T001721,V05,148,288,19,455
T001722,V05,164,294,20,478
T001723,V02,192,506,58,756
T001724,V06,199,533,44,776
T001725,V08,121,414,28,563
T001726,V12,157,612,20,789
T001727,V06,146,268,13,427
T001728,V02,144,262,54,460
T001729,V07,185,559,60,804
T001730,V11,129,632,27,788
T001731,V06,151,387,51,589
T001732,V08,143,197,13,353
T001733,V02,158,593,50,801
T001734,V05,145,289,34,468
T001735,V03,154,616,41,811
T001736,V07,121,488,188,797
T001737,V02,163,554,63,780
T001738,V07,177,562,170,909
T001739,V02,199,223,47,469
T001740,V08,175,579,69,823
T001741,V01,193,230,18,441
T001742,V05,130,356,19,505
T001743,V11,199,385,33,617
T001744,V11,164,520,35,719
T001745,V06,133,215,36,384
T001746,V06,151,238,47,436
T001747,V06,164,621,20,805
T001748,V06,170,379,56,605
T001749,V11,135,190,26,351
T001750,V04,179,415,28,622
T001751,V02,138,619,65,822
T001752,V04,165,448,12,625
T001753,V01,131,328,31,490
T001754,V02,153,388,19,560
T001755,V06,147,515,67,729
T001756,V01,150,580,29,759
T001757,V07,180,460,114,754
T001758,V06,154,345,57,556
T001759,V05,121,400,60,581
T001760,V06,175,309,66,550
T001761,V11,146,609,34,789
T001762,V11,153,288,21,462
T001763,V02,151,561,21,733
T001764,V06,165,128,33,326
T001765,V08,154,384,30,568
T001766,V02,153,150,24,327
T001767,V09,184,240,56,480
T001768,V10,120,281,49,450
T001769,V11,166,280,43,489
T001770,V06,125,273,40,438
T001771,V05,165,623,36,824
T001772,V08,172,228,59,459
T001773,V11,175,371,58,604
T001774,V03,166,458,68,692
T001775,V04,137,146,40,323
T001776,V10,163,134,44,341
T001777,V10,194,420,28,642
T001778,V07,135,533,91,759
T001779,V04,176,557,30,763
T001780,V08,159,263,36,458
T001781,V03,151,626,66,843
T001782,V04,195,419,47,661
T001783,V03,195,430,52,677
T001784,V03,179,490,59,728
T001785,V08,154,647,11,812
T001786,V10,124,369,39,532
T001787,V10,124,621,57,802
T001788,V11,178,397,55,630
T001789,V06,165,281,32,478
T001790,V09,197,487,61,745
T001791,V12,135,164,52,351
T001792,V06,174,254,43,471
T001793,V01,178,366,22,566
T001794,V11,176,281,55,512
T001795,V12,126,429,10,565
T001796,V07,137,166,167,470
T001797,V01,125,344,50,519
T001798,V02,192,288,51,531
T001799,V12,123,469,64,656
T001800,V03,166,215,32,413
T001801,V11,159,162,19,340
T001802,V09,167,162,20,349
T001803,V03,169,202,62,433
T001804,V08,120,209,45,374
T001805,V03,148,455,23,626
T001806,V12,152,534,37,723
T001807,V12,163,241,20,424
T001808,V04,193,421,29,643
T001809,V09,165,452,37,654
T001810,V12,197,261,47,505
T001811,V08,146,320,52,518
T998892,V05,147,230,16,393
T001813,V10,138,379,43,560
T001814,V11,179,249,63,491
T001815,V08,188,420,52,660
T001816,V10,184,541,39,764
T001817,V06,155,483,69,707
T001818,V12,122,203,60,385
T001819,V08,123,439,50,612
T001820,V03,140,257,63,460
T001821,V09,159,399,14,572
T001822,V02,195,553,57,805
T001823,V12,190,474,46,710
T001824,V07,198,112,139,449
T001825,V03,191,483,31,705
T001826,V07,174,353,101,628
T001827,V03,172,296,22,490
T001828,V01,183,409,66,658
T001829,V01,162,238,32,432
T001830,V12,157,595,47,799
T001831,V11,175,483,48,706
T001832,V06,127,449,37,613
T001833,V07,179,536,192,907
T001834,V04,143,629,66,838
T001835,V05,159,196,38,393
T001836,V04,144,319,48,511
T001837,V02,184,608,65,857
T001838,V04,198,408,55,661
T001839,V05,196,266,53,515
T001840,V11,153,270,35,458
T001841,V07,155,133,63,351
T001842,V07,161,389,146,696
T001843,V01,135,598,45,778
T001844,V05,123,124,59,306
T001845,V09,132,293,12,437
T001846,V04,146,322,23,491
T001847,V11,128,234,17,379
T001848,V03,150,514,43,707
T001849,V08,187,282,40,509
T001850,V03,152,558,56,766
T001851,V01,184,290,12,486
T001852,V01,155,412,61,628
T001853,V09,170,414,33,617
T001854,V10,164,187,57,408
T001855,V04,135,353,61,549
T001856,V07,171,435,102,708
T001857,V06,120,303,64,487
T001858,V05,151,589,11,751
T001859,V07,198,154,144,496
T001860,V03,197,427,39,663
T001861,V11,126,631,24,781
T001862,V12,146,367,39,552
T001863,V10,174,182,36,392
T001864,V05,124,639,48,811
T001865,V01,181,349,24,554
T001866,V06,132,468,54,654
T001867,V04,182,375,48,605
T001868,V04,190,386,45,621
T001869,V09,197,573,22,792
T001870,V08,158,416,26,600
T001871,V03,183,138,15,336
T001872,V10,140,203,33,376
T001873,V09,134,503,49,686
T001874,V10,145,207,23,375
T001875,V11,139,249,12,400
T001876,V05,183,273,67,523
T001877,V11,178,149,31,358
T001878,V11,157,636,22,815
T001879,V10,120,601,49,770
T001880,V05,176,482,21,679
T001881,V10,176,184,42,402
T001882,V08,147,338,47,532
T001883,V05,153,586,21,760
T001884,V12,167,201,33,401
T001885,V04,185,582,57,824
T001886,V03,195,262,67,524
T001887,V09,181,406,67,654
T001888,V11,124,534,66,724
T001889,V05,197,599,11,807
T001890,V02,189,223,42,454
T001891,V09,196,412,36,644
T001892,V09,161,358,19,538
T001893,V12,158,176,11,345
T001894,V11,195,536,25,756
T001895,V03,144,547,40,731
T001896,V02,180,150,45,375
T001897,V09,155,403,29,587
T001898,V01,165,405,44,614
T001899,V02,161,457,36,654
T001900,V04,168,536,17,721
T001901,V12,198,524,10,732
T001902,V05,194,538,28,760
T001903,V09,143,407,60,610
T001904,V12,172,280,11,463
T001905,V09,182,407,36,625
T001906,V02,141,528,64,733
T001907,V02,131,514,58,703
T001908,V03,161,196,46,403
T001909,V03,132,299,68,499
T001910,V04,148,148,23,319
T001911,V07,166,532,102,800
T001912,V09,135,371,34,540
T001913,V04,120,129,50,299
T001914,V08,138,420,44,602
T001915,V06,159,467,20,646
T001916,V04,192,195,32,419
T001917,V08,124,144,17,285
T001918,V06,157,341,64,562
T001919,V03,167,305,23,495
T001920,V05,186,471,67,724
T001921,V01,151,345,57,553
T001922,V03,192,337,42,571
T001923,V04,167,636,41,844
T001924,V01,120,554,21,695
T001925,V01,147,329,43,519
T001926,V05,193,152,38,383
T001927,V06,168,450,33,651
T001928,V03,137,579,45,761
T001929,V12,167,227,69,463
T001930,V09,130,488,64,682
T001931,V07,161,161,125,447
T001932,V04,126,421,42,589
T001933,V08,188,531,41,760
T001934,V07,163,414,82,659
T001935,V04,156,385,43,584
T997547,V10,136,351,50,537
T992317,V07,192,424,122,738
T001938,V05,131,591,32,754
T001939,V04,135,166,56,357
T001940,V04,187,228,40,455
T001941,V09,158,298,46,502
T001942,V10,124,330,10,464
T001943,V09,130,125,69,324
T001944,V07,177,246,73,496
T001945,V04,155,348,63,566
T001946,V06,123,182,10,315
T001947,V09,161,385,10,556
T001948,V02,123,203,53,379
T001949,V01,143,477,43,663
T001950,V03,196,435,17,648
T001951,V09,129,575,28,732
T001952,V11,141,484,58,683
T001953,V01,198,129,48,375
T994409,V05,189,628,61,878
T001955,V05,120,377,12,509
T001956,V03,189,473,67,729
T001957,V01,123,352,38,513
T001958,V06,160,225,35,420
T001959,V11,150,548,10,708
T001960,V11,177,444,28,649
T001961,V12,197,319,56,572
T001962,V12,146,506,11,663
T001963,V12,125,487,51,663
T001964,V09,140,293,68,501
T001965,V11,157,259,46,462
T001966,V07,131,483,62,676
T001967,V08,126,583,58,767
T001968,V08,199,180,35,414
T001969,V12,197,317,69,583
T001970,V05,142,183,61,386
T001971,V02,126,500,28,654
T001972,V06,189,424,36,649
T001973,V09,144,122,62,328
T001974,V03,126,227,64,417
T001975,V07,173,577,72,822
T001976,V02,121,210,62,393
T001977,V09,176,365,24,565
T001978,V09,157,324,13,494
T001979,V04,142,128,48,318
T001980,V10,180,413,68,661
T001981,V03,168,390,65,623
T001982,V05,180,136,53,369
T001983,V10,133,441,27,601
T001984,V04,123,215,14,352
T001985,V03,170,558,48,776
T001986,V06,192,665,44,901
T001987,V11,131,310,63,504
T001988,V09,198,165,50,413
T001989,V03,168,442,36,646
T001990,V04,138,435,22,595
T001991,V10,187,201,64,452
T001992,V06,162,259,64,485
T001993,V08,166,186,39,391
T001994,V09,157,182,44,383
T001995,V11,144,434,44,622
T001996,V10,183,192,16,391
T001997,V07,198,535,100,833
T001998,V09,179,306,43,528
T001999,V02,163,510,42,715
T002000,V08,193,286,34,513
T002001,V11,186,175,34,395
T002002,V02,168,613,66,847
T002003,V10,120,286,23,429
T002004,V02,170,402,44,616
T002005,V12,197,302,64,563
T002006,V02,196,271,47,514
T002007,V06,161,454,48,663
T002008,V05,172,360,14,546
T002009,V06,121,189,11,321
T002010,V06,131,507,63,701
T002011,V06,128,292,17,437
T002012,V09,195,317,48,560
T002013,V09,120,472,57,649
T002014,V09,128,316,12,456
T002015,V08,185,362,39,586
T002016,V06,184,205,34,423
T002017,V11,182,334,54,570
T002018,V01,133,228,37,398
T002019,V05,189,364,38,591
T002020,V09,183,318,22,523
T002021,V08,133,313,10,456
T002022,V03,171,569,53,793
T002023,V09,175,374,42,591
T002024,V01,169,550,52,771
T002025,V08,182,160,38,380
T002026,V12,127,604,53,784
T002027,V06,145,452,41,638
T994880,V04,153,499,60,712
T002029,V06,177,493,16,686
T002030,V05,172,459,20,651
T002031,V07,184,349,198,731
T002032,V08,146,558,20,724
T002033,V10,186,616,24,826
T002034,V05,163,363,57,583
T002035,V12,163,450,63,676
T002036,V09,138,229,47,414
T002037,V12,144,282,26,452
T002038,V03,199,389,59,647
T002039,V09,176,254,30,460
T002040,V04,121,512,61,694
T002041,V05,196,122,62,380
T002042,V01,178,411,43,632
T002043,V03,142,464,63,669
T002044,V02,199,533,38,770
T002045,V04,149,501,41,691
T002046,V01,173,316,36,525
T002047,V01,159,505,37,701
T002048,V01,157,165,62,384
T002049,V11,166,238,39,443
T002050,V04,144,608,49,801
T002051,V01,163,199,43,405
T002052,V09,194,371,60,625
T002053,V10,149,367,45,561
T002054,V07,194,656,163,1013
T002055,V11,155,174,51,380
T002056,V09,128,482,32,642
T002057,V03,133,490,43,666
T002058,V02,126,384,30,540
T002059,V05,198,252,63,513
T002060,V06,159,217,43,419
T002061,V07,132,559,52,743
T002062,V12,123,131,14,268
T002063,V11,166,139,22,327
T002064,V04,136,222,55,413
T002065,V12,133,413,54,600
T002066,V05,178,329,31,538
T002067,V07,171,247,137,555
T002068,V09,195,114,49,358
T002069,V11,150,497,36,683
T002070,V12,123,246,61,430
T002071,V04,149,342,27,518
T002072,V08,169,327,54,550
T002073,V10,137,496,51,684
T002074,V01,191,498,54,743
T002075,V07,165,531,176,872
T002076,V02,193,208,14,415
T002077,V09,175,350,63,588
T002078,V10,198,425,53,676
T002079,V11,188,155,38,381
T002080,V11,181,439,69,689
T002081,V02,167,147,28,342
T002082,V02,169,360,23,552
T002083,V09,121,263,38,422
T002084,V05,157,349,13,519
T002085,V05,178,460,14,652
T002086,V11,160,559,23,742
T002087,V01,191,426,31,648
T002088,V06,130,193,25,348
T002089,V09,177,322,16,515
T002090,V09,132,514,21,667
T002091,V04,123,354,29,506
T002092,V03,188,174,30,392
T002093,V08,196,572,43,811
T002094,V03,190,425,33,648
T002095,V09,193,629,62,884
T002096,V12,179,133,13,325
T002097,V07,156,308,160,624
T002098,V09,133,544,16,693
T002099,V07,159,450,47,656
T002100,V07,192,341,152,685
T002101,V08,169,435,60,664
T002102,V04,147,271,67,485
T990039,V12,183,240,63,486
T002104,V07,157,577,156,890
T002105,V11,126,304,65,495
T002106,V07,125,630,63,818
T002107,V10,148,180,23,351
T002108,V06,181,472,17,670
T002109,V02,135,236,34,405
T002110,V12,186,224,33,443
T002111,V06,168,406,59,633
T002112,V10,171,286,48,505
T002113,V07,165,124,180,469
T002114,V12,128,324,57,509
T002115,V10,194,424,22,640
T002116,V07,188,654,61,903
T002117,V12,143,275,29,447
T002118,V05,156,524,13,693
T002119,V03,199,206,61,466
T002120,V04,199,177,66,442
T002121,V01,189,496,23,708
T002122,V06,174,310,13,497
T002123,V06,142,196,43,381
T002124,V07,139,456,140,735
T002125,V09,163,313,58,534
T002126,V01,163,350,15,528
T002127,V12,174,595,10,779
T002128,V04,134,336,24,494
T002129,V10,185,202,37,424
T002130,V12,123,201,11,335
T002131,V02,156,466,26,648
T002132,V02,150,175,56,381
T002133,V07,182,446,152,780
T002134,V01,164,602,61,827
T002135,V11,176,567,11,754
T002136,V02,139,589,15,743
T002137,V09,191,547,44,782
T002138,V06,124,284,50,458
T002139,V01,145,497,27,669
T002140,V10,195,567,40,802
T002141,V12,124,505,36,665
T002142,V08,131,429,43,603
T002143,V02,163,360,44,567
T002144,V12,123,612,58,793
T002145,V07,130,371,126,627
T002146,V01,165,202,55,422
T002147,V09,159,284,33,476
T002148,V08,196,575,27,798
T002149,V12,137,431,42,610
T002150,V07,179,389,185,753
T002151,V07,170,543,123,836
T002152,V06,186,324,49,559
T002153,V09,167,364,40,571
T002154,V11,154,414,53,621
T002155,V05,156,407,49,612
T002156,V03,141,506,44,691
T002157,V10,193,290,42,525
T002158,V04,121,639,63,823
T002159,V08,154,511,26,691
T002160,V01,155,352,32,539
T995906,V02,176,140,37,353
T002162,V01,169,133,60,362
T002163,V12,175,197,17,389
T002164,V02,132,507,21,660
T002165,V11,160,644,47,851
T002166,V11,189,387,38,614
T002167,V09,133,355,15,503
T002168,V03,153,396,58,607
T002169,V03,190,537,65,792
T002170,V02,193,553,20,766
T002171,V07,171,217,96,484
T002172,V06,192,298,52,542
T002173,V03,130,494,50,674
T002174,V03,146,370,55,571
T002175,V11,134,299,31,464
T002176,V03,198,625,52,875
T002177,V10,145,289,60,494
T002178,V03,141,220,23,384
T002179,V10,155,596,17,768
T002180,V08,152,624,56,832
T002181,V09,143,157,43,343
T002182,V12,140,275,58,473
T002183,V08,172,500,66,738
T002184,V08,193,644,46,883
T002185,V10,178,479,25,682
T002186,V12,190,390,39,619
T002187,V11,193,655,22,870
T002188,V02,127,401,48,576
T002189,V04,125,476,68,669
T002190,V06,191,306,15,512
T002191,V07,172,482,40,694
T002192,V01,157,388,42,587
T002193,V07,133,383,41,557
T002194,V08,187,438,17,642
T002195,V03,194,402,69,665
T002196,V10,153,510,13,676
T002197,V05,158,116,48,322
T002198,V10,158,191,21,370
T002199,V01,120,241,42,403
T002200,V07,159,241,118,518
T002201,V11,174,411,54,639
T002202,V11,182,270,64,516
T002203,V03,146,126,47,319
T002204,V08,140,380,14,534
T002205,V05,184,603,60,847
T002206,V10,142,390,45,577
T002207,V10,181,472,50,703
T002208,V07,139,241,124,504
T002209,V07,193,133,53,379
T002210,V02,147,175,46,368
T002211,V01,181,204,15,400
T002212,V06,121,390,17,528
T002213,V11,174,341,54,569
T998913,V08,194,308,50,552
T002215,V12,172,363,61,596
T002216,V10,183,333,26,542
T002217,V10,196,354,68,618
T002218,V01,154,514,13,681
T002219,V08,157,578,38,773
T002220,V09,157,590,12,759
T002221,V08,156,596,53,805
T002222,V05,170,551,25,746
T002223,V09,191,559,41,791
T002224,V09,148,235,32,415
T002225,V03,174,403,55,632
T002226,V04,136,247,15,398
T002227,V08,155,154,51,360
T994485,V12,189,187,61,437
T002229,V12,192,230,14,436
T002230,V07,172,137,181,490
T002231,V10,137,598,68,803
T002232,V08,193,458,41,692
T002233,V08,175,367,19,561
T002234,V07,132,275,133,540
T002235,V07,150,178,96,424
T002236,V03,184,606,16,806
T999426,V05,165,274,49,488
T002238,V02,179,338,20,537
T002239,V11,124,130,53,307
T002240,V01,186,384,12,582
T002241,V01,165,615,57,837
T002242,V09,133,323,49,505
T002243,V03,186,146,18,350
T002244,V01,165,638,33,836
T002245,V12,151,144,43,338
T002246,V09,196,487,50,733
T002247,V12,162,423,52,637
T002248,V02,196,523,42,761
T002249,V11,190,555,38,783
T002250,V07,196,407,97,700
T002251,V04,131,653,54,838
T002252,V03,188,548,11,747
T002253,V11,137,428,34,599
T002254,V05,189,274,24,487
T002255,V06,140,406,38,584
T002256,V02,131,334,68,533
T002257,V02,182,114,16,312
T002258,V03,133,602,66,801
T002259,V07,154,619,87,860
T002260,V03,193,175,67,435
T002261,V09,180,124,33,337
T002262,V12,130,553,22,705
T002263,V05,156,348,65,569
T002264,V12,156,609,24,789
T002265,V12,194,141,12,347
T002266,V06,172,566,16,754
T002267,V08,128,469,41,638
T002268,V01,138,424,34,596
T002269,V05,189,569,47,805
T002270,V08,136,142,64,342
T002271,V10,134,576,69,779
T002272,V04,177,197,56,430
T002273,V05,149,557,17,723
T002274,V07,141,333,196,670
T002275,V04,140,432,24,596
T002276,V02,121,350,16,487
T002277,V03,120,486,12,618
T002278,V05,129,474,33,636
T002279,V10,160,388,44,592
T002280,V03,152,331,21,504
T002281,V03,148,199,48,395
T002282,V05,140,614,63,817
T002283,V09,144,387,25,556
T002284,V05,132,178,25,335
T002285,V01,184,503,20,707
T993962,V02,195,507,26,728
T002287,V09,169,231,41,441
T002288,V04,136,348,62,546
T002289,V03,148,443,49,640
T002290,V09,173,169,31,373
T002291,V09,156,264,31,451
T002292,V03,156,221,60,437
T002293,V07,133,310,50,493
T995638,V01,131,458,59,648
T002295,V06,179,531,59,769
T002296,V04,149,582,51,782
T002297,V03,160,574,31,765
T002298,V09,156,142,11,309
T002299,V06,121,254,26,401
T002300,V09,189,318,52,559
T002301,V06,153,413,37,603
T002302,V01,150,442,30,622
T002303,V02,177,576,37,790
T002304,V08,177,352,39,568
T002305,V02,193,524,43,760
T002306,V09,190,385,51,626
T002307,V06,142,297,67,506
T002308,V07,139,350,76,565
T002309,V08,139,283,63,485
T002310,V06,141,482,17,640
T002311,V08,146,202,24,372
T002312,V03,182,351,36,569
T002313,V09,186,415,10,611
T002314,V09,175,305,53,533
T002315,V12,144,411,26,581
T002316,V04,156,361,44,561
T002317,V02,127,581,62,770
T002318,V02,189,473,41,703
T002319,V07,154,264,147,565
T002320,V05,185,251,20,456
T002321,V06,174,429,58,661
T002322,V09,146,427,47,620
T002323,V12,179,125,45,349
T002324,V01,181,203,30,414
T002325,V02,186,359,58,603
T002326,V06,121,537,49,707
T002327,V01,141,389,27,557
T002328,V01,141,315,18,474
T002329,V06,131,292,10,433
T002330,V10,124,316,28,468
T002331,V10,187,258,40,485
T002332,V03,170,465,52,687
T002333,V04,126,189,66,381
T002334,V02,149,283,67,499
T002335,V10,175,442,47,664
T002336,V01,166,435,69,670
T002337,V07,188,144,162,494
T002338,V05,159,531,44,734
T002339,V12,124,473,50,647
T002340,V01,157,177,18,352
T002341,V01,160,220,39,419
T002342,V12,166,136,10,312
T002343,V08,131,534,49,714
T002344,V04,169,530,59,758
T002345,V06,140,160,56,356
T002346,V05,146,534,62,742
T002347,V01,137,644,64,845
T991146,V10,196,615,48,859
T002349,V01,121,422,46,589
T002350,V03,155,233,41,429
T002351,V10,150,424,25,599
T002352,V07,196,627,89,912
T002353,V03,164,360,42,566
T002354,V08,125,494,37,656
T002355,V02,144,160,38,342
T993941,V09,198,397,65,660
T002357,V11,198,191,18,407
T002358,V11,162,623,12,797
T002359,V02,139,389,25,553
T002360,V01,124,477,49,650
T002361,V05,174,252,44,470
T002362,V11,165,298,31,494
T002363,V04,150,294,14,458
T002364,V12,147,564,57,768
T002365,V02,149,399,57,605
T002366,V02,133,156,58,347
T002367,V05,199,500,18,717
T002368,V10,163,274,49,486
T002369,V08,129,186,29,344
T002370,V02,192,611,46,849
T002371,V08,164,540,26,730
T002372,V04,170,365,30,565
T002373,V08,184,410,40,634
T002374,V06,198,627,33,858
T002375,V10,179,153,33,365
T002376,V09,166,208,35,409
T002377,V04,130,296,23,449
T994570,V05,148,609,14,771
T002379,V05,171,329,38,538
T002380,V12,188,610,44,842
T002381,V09,141,276,38,455
T002382,V04,129,502,48,679
T002383,V01,191,324,31,546
T002384,V04,170,458,10,638
T002385,V03,124,523,43,690
T002386,V03,155,338,35,528
T002387,V08,173,622,58,853
T002388,V10,184,198,42,424
T002389,V04,194,439,42,675
T002390,V12,151,242,10,403
T002391,V09,121,130,50,301
T997399,V08,146,404,53,603
T002393,V11,126,413,35,574
T002394,V04,121,155,44,320
T002395,V06,198,153,58,409
T002396,V08,179,201,38,418
T002397,V02,197,222,18,437
T002398,V04,149,574,13,736
T002399,V06,165,343,35,543
T002400,V01,157,556,26,739
T002401,V12,134,451,43,628
T002402,V07,177,524,164,865
T002403,V10,149,475,20,644
T002404,V08,180,467,51,698
T002405,V07,137,560,115,812
T002406,V04,145,565,35,745
T002407,V03,131,136,13,280
T002408,V12,188,199,27,414
T002409,V11,155,567,26,748
T002410,V03,182,311,24,517
T002411,V03,183,521,27,731
T002412,V07,167,444,63,674
T002413,V11,166,539,53,758
T002414,V12,180,593,18,791
T002415,V11,190,434,13,637
T002416,V03,120,383,34,537
T002417,V06,163,400,32,595
T002418,V03,188,285,54,527
T002419,V01,145,604,33,782
T002420,V04,144,419,35,598
T002421,V07,158,310,56,524
T991957,V04,145,627,19,791
T002423,V03,190,502,25,717
T002424,V08,187,329,49,565
T002425,V06,184,329,64,577
T002426,V09,189,192,12,393
T002427,V06,143,170,32,345
T002428,V11,175,389,69,633
T002429,V01,156,450,17,623
T002430,V12,152,224,24,400
T002431,V10,136,370,31,537
T002432,V01,133,360,29,522
T002433,V01,176,196,28,400
T002434,V01,163,134,40,337
T002435,V04,178,392,37,607
T002436,V11,128,364,54,546
T002437,V08,125,320,11,456
T002438,V06,157,599,39,795
T002439,V03,196,591,35,822
T002440,V04,158,623,68,849
T002441,V06,155,489,28,672
T002442,V02,167,528,52,747
T002443,V02,168,607,13,788
T002444,V06,192,330,45,567
T002445,V05,179,459,17,655
T002446,V06,130,332,46,508
T002447,V01,165,499,24,688
T002448,V01,184,654,55,893
T002449,V05,140,288,33,461
T002450,V06,142,244,30,416
T002451,V01,197,320,48,565
T002452,V07,133,420,128,681
T002453,V11,128,566,55,749
T002454,V03,172,530,35,737
T002455,V01,192,335,27,554
T002456,V02,152,458,31,641
T002457,V06,184,160,25,369
T002458,V01,172,382,20,574
T002459,V08,142,211,63,416
T002460,V04,177,412,16,605
T002461,V05,154,557,54,765
T002462,V10,191,558,35,784
T002463,V12,120,630,63,813
T002464,V08,161,280,62,503
T002465,V04,193,455,52,700
T002466,V03,133,599,55,787
T002467,V04,134,621,57,812
T002468,V01,153,612,17,782
T002469,V03,165,257,21,443
T002470,V11,159,270,46,475
T002471,V01,145,323,12,480
T002472,V04,137,177,45,359
T002473,V10,157,162,29,348
T002474,V06,157,200,51,408
T002475,V03,193,346,55,594
T002476,V02,177,300,55,532
T002477,V09,195,485,17,697
T002478,V10,175,387,16,578
T002479,V06,143,242,11,396
T002480,V11,178,399,19,596
T002481,V06,144,243,68,455
T002482,V05,135,182,28,345
T002483,V09,147,357,36,540
T002484,V01,189,395,60,644
T002485,V06,154,315,49,518
T002486,V06,132,237,45,414
T002487,V08,151,468,35,654
T002488,V07,129,254,172,555
T002489,V05,140,208,38,386
T002490,V08,136,412,14,562
T002491,V03,129,143,44,316
T002492,V08,192,582,58,832
T002493,V04,173,497,57,727
T002494,V08,178,511,33,722
T002495,V01,123,603,53,779
T002496,V08,122,574,49,745
T992847,V07,183,417,40,640
T002498,V12,154,264,62,480
T002499,V04,149,571,36,756
T002500,V08,165,175,33,373
T002501,V06,162,490,19,671
T002502,V12,171,377,31,579
T002503,V09,198,603,28,829
T002504,V03,120,283,23,426
T002505,V07,173,245,180,598
T002506,V05,133,659,41,833
T002507,V05,155,253,24,432
T002508,V10,179,510,28,717
T002509,V12,144,121,35,300
T002510,V04,191,217,55,463
T002511,V04,147,609,51,807
T002512,V02,126,192,63,381
T002513,V05,136,456,45,637
T002514,V07,143,187,188,518
T002515,V05,172,336,36,544
T002516,V11,158,158,31,347
T002517,V11,133,571,55,759
T002518,V02,140,303,39,482
T002519,V02,132,501,44,677
T002520,V01,122,199,41,362
T002521,V10,148,156,27,331
T002522,V04,157,507,26,690
T002523,V05,154,670,11,835
T002524,V11,152,398,54,604
T002525,V07,164,124,181,469
T002526,V07,151,208,66,425
T002527,V09,156,473,26,655
T002528,V04,160,542,21,723
T002529,V08,132,421,43,596
T002530,V03,161,435,29,625
T002531,V06,122,297,25,444
T991114,V03,151,199,64,414
T002533,V04,192,261,69,522
T002534,V01,146,401,45,592
T002535,V03,160,268,26,454
T002536,V05,176,600,10,786
T002537,V03,182,336,32,550
T002538,V03,191,160,59,410
T002539,V03,142,407,53,602
T002540,V07,196,184,189,569
T002541,V06,136,213,18,367
T002542,V09,150,174,38,362
T002543,V01,164,537,54,755
T002544,V02,191,396,28,615
T002545,V05,148,387,49,584
T002546,V12,186,594,18,798
T002547,V10,141,531,68,740
T002548,V09,166,537,18,721
T002549,V02,133,329,33,495
T002550,V11,145,132,20,297
T002551,V05,198,420,25,643
T992098,V04,189,155,57,401
T002553,V08,155,233,63,451
T002554,V06,152,608,39,799
T002555,V08,134,352,66,552
T002556,V04,176,489,50,715
T002557,V05,162,409,50,621
T002558,V06,178,459,47,684
T002559,V09,125,612,61,798
T002560,V04,191,271,59,521
T002561,V03,174,245,16,435
T002562,V06,131,212,54,397
T002563,V12,166,458,41,665
T002564,V03,149,318,66,533
T002565,V06,160,631,62,853
T002566,V02,164,532,34,730
T002567,V12,195,466,20,681
T002568,V03,124,537,67,728
T002569,V12,140,365,53,558
T002570,V11,145,380,65,590
T002571,V06,135,285,65,485
T002572,V03,129,220,39,388
T002573,V05,165,453,36,654
T002574,V06,132,494,62,688
T002575,V05,132,584,54,770
T002576,V06,189,427,54,670
T002577,V12,140,558,13,711
T002578,V09,183,405,68,656
T002579,V10,142,353,26,521
T002580,V03,138,373,20,531
T993519,V07,133,141,113,387
T002582,V07,134,398,149,681
T002583,V06,169,385,60,614
T002584,V03,149,486,25,660
T002585,V01,198,524,59,781
T002586,V06,166,512,58,736
T995115,V04,136,453,41,630
T002588,V04,145,411,56,612
T002589,V02,133,177,41,351
T002590,V09,147,325,20,492
T002591,V02,173,544,29,746
T002592,V03,192,555,53,800
T002593,V12,169,495,66,730
T002594,V12,195,354,52,601
T002595,V02,193,544,35,772
T002596,V12,164,388,18,570
T002597,V04,154,221,57,432
T002598,V12,148,184,49,381
T002599,V09,163,475,29,667
T002600,V02,142,677,49,868
T002601,V05,178,581,66,825
T002602,V02,166,466,56,688
T002603,V06,169,242,39,450
T002604,V08,171,516,34,721
T002605,V11,181,259,26,466
T002606,V01,197,483,16,696
T002607,V09,122,399,26,547
T002608,V12,153,239,24,416
T002609,V09,154,198,32,384
T002610,V04,194,399,43,636
T002611,V10,141,251,47,439
T002612,V05,167,175,13,355
T002613,V12,136,638,16,790
T002614,V12,186,273,52,511
T002615,V01,184,209,14,407
T002616,V06,133,303,37,473
T002617,V10,181,446,30,657
T002618,V03,172,544,61,777
T002619,V10,129,543,55,727
T996997,V10,159,268,57,484
T002621,V03,178,464,34,676
T002622,V08,156,606,48,810
T002623,V11,175,474,54,703
T002624,V02,177,457,11,645
T002625,V08,133,148,34,315
T002626,V11,191,320,54,565
T002627,V07,194,625,170,989
T002628,V11,170,138,51,359
T002629,V06,181,547,16,744
T002630,V10,171,437,44,652
T998038,V12,159,527,16,702
T002632,V06,148,256,32,436
T002633,V12,143,245,55,443
T002634,V12,198,611,21,830
T002635,V05,147,588,69,804
T002636,V02,149,416,58,623
T002637,V09,164,547,44,755
T002638,V11,127,581,55,763
T002639,V11,148,245,36,429
T002640,V02,124,143,17,284
T002641,V10,129,215,22,366
T002642,V09,140,589,18,747
T002643,V03,159,284,63,506
T002644,V02,188,685,61,934
T002645,V02,192,381,10,583
T002646,V12,144,282,28,454
T002647,V11,174,559,42,775
T002648,V02,136,365,69,570
T002649,V05,125,264,49,438
T002650,V04,156,234,35,425
T002651,V06,172,629,38,839
T002652,V01,194,206,47,447
T002653,V12,162,552,67,781
T002654,V03,197,442,23,662
T002655,V03,194,164,59,417
T002656,V07,188,370,122,680
T002657,V09,153,346,57,556
T993484,V06,187,590,69,846
T002659,V01,177,371,58,606
T002660,V05,145,616,36,797
T002661,V01,122,302,31,455
T002662,V10,163,554,67,784
T002663,V04,137,484,67,688
T002664,V09,196,560,40,796
T002665,V03,165,579,26,770
T002666,V05,188,144,49,381
T002667,V07,183,422,102,707
T002668,V02,196,179,64,439
T002669,V03,183,340,55,578
T002670,V08,167,230,56,453
T002671,V03,194,411,20,625
T002672,V11,161,679,59,899
T002673,V11,135,126,45,306
T002674,V01,131,190,43,364
T002675,V05,132,459,37,628
T002676,V04,140,256,11,407
T002677,V01,189,560,53,802
T002678,V01,144,157,48,349
T002679,V05,133,229,51,413
T002680,V05,149,457,51,657
T993225,V08,131,561,43,735
T002682,V01,186,237,55,478
T002683,V07,138,196,110,444
T002684,V02,166,140,15,321
T002685,V10,188,491,43,722
T002686,V10,173,222,14,409
T002687,V08,143,212,37,392
T002688,V06,190,229,46,465
T002689,V10,144,229,65,438
T002690,V11,147,223,61,431
T002691,V08,198,245,66,509
T002692,V07,193,497,58,748
T002693,V11,177,397,28,602
T002694,V05,196,472,63,731
T002695,V08,141,542,61,744
T002696,V02,197,403,27,627
T002697,V11,143,289,52,484
T002698,V07,197,433,68,698
T002699,V04,164,512,69,745
T002700,V09,129,542,11,682
T002701,V06,134,338,10,482
T002702,V07,189,138,88,415
T002703,V01,152,548,27,727
T002704,V02,155,264,19,438
T002705,V12,183,339,38,560
T002706,V10,179,451,56,686
T002707,V09,169,521,64,754
T002708,V07,138,640,188,966
T002709,V09,127,584,41,752
T002710,V12,173,540,67,780
T002711,V02,132,478,15,625
T002712,V10,148,503,42,693
T002713,V09,125,284,24,433
T002714,V09,161,485,45,691
T002715,V03,168,257,59,484
T002716,V06,192,137,46,375
T002717,V06,175,152,10,337
T002718,V06,135,437,10,582
T002719,V11,180,173,66,419
T002720,V05,197,517,32,746
T002721,V06,132,312,49,493
T002722,V08,180,183,26,389
T002723,V08,150,616,42,808
T002724,V06,168,587,50,805
T002725,V11,155,258,28,441
T002726,V02,159,477,35,671
T002727,V06,173,651,63,887
T002728,V01,144,274,49,467
T002729,V05,177,539,61,777
T002730,V06,190,140,47,377
T002731,V10,183,549,10,742
T002732,V02,164,166,36,366
T002733,V11,150,393,27,570
T991524,V07,153,451,167,771
T002735,V04,134,248,44,426
T002736,V10,138,265,37,440
T002737,V08,151,169,66,386
T994822,V11,145,581,23,749
T002739,V12,163,277,40,480
T002740,V06,161,449,43,653
T002741,V02,163,495,61,719
T002742,V01,151,265,30,446
T002743,V08,134,479,34,647
T002744,V01,189,402,60,651
T002745,V12,197,454,61,712
T002746,V08,145,308,34,487
T002747,V06,196,454,52,702
T002748,V10,140,644,52,836
T002749,V08,143,451,59,653
T002750,V07,160,202,106,468
T002751,V10,158,371,12,541
T002752,V09,122,138,20,280
T002753,V09,146,558,25,729
T002754,V09,143,540,11,694
T002755,V05,199,461,57,717
T002756,V07,144,560,165,869
T002757,V12,162,487,43,692
T002758,V10,168,452,60,680
T002759,V05,195,340,18,553
T002760,V06,186,487,48,721
T002761,V02,177,535,62,774
T002762,V11,133,458,44,635
T002763,V03,146,554,59,759
T002764,V08,145,342,65,552
T002765,V12,146,352,49,547
T002766,V02,193,369,47,609
T002767,V04,184,548,22,754
T002768,V04,129,408,43,580
T002769,V12,198,614,36,848
T002770,V11,152,465,38,655
T002771,V10,168,380,51,599
T002772,V05,180,556,28,764
T002773,V11,161,251,26,438
T002774,V03,194,210,30,434
T002775,V07,163,212,181,556
T002776,V07,196,211,93,500
T002777,V06,149,537,46,732
T002778,V07,139,200,180,519
T002779,V05,172,140,25,337
T002780,V05,188,145,37,370
T002781,V02,149,452,54,655
T002782,V03,156,584,35,775
T002783,V07,134,305,145,584
T002784,V10,199,606,31,836
T002785,V06,162,237,60,459
T002786,V12,146,135,58,339
T002787,V07,131,366,174,671
T002788,V05,158,283,33,474
T002789,V05,176,614,32,822
T002790,V08,182,335,36,553
T002791,V12,166,620,26,812
T002792,V04,125,431,15,571
T002793,V05,177,599,35,811
T002794,V03,146,171,40,357
T002795,V04,178,581,17,776
T002796,V10,173,145,42,360
T002797,V07,167,359,179,705
T002798,V11,177,235,23,435
T002799,V09,184,196,49,429
T002800,V12,170,525,39,734
T002801,V02,181,293,26,500
T002802,V07,190,153,105,448
T002803,V11,187,504,67,758
T002804,V09,142,421,50,613
T002805,V01,158,270,60,488
T002806,V12,131,139,42,312
T002807,V06,142,474,48,664
T002808,V03,147,214,19,380
T002809,V06,132,456,46,634
T002810,V11,187,406,54,647
T002811,V07,195,596,157,948
T002812,V03,147,271,31,449
T002813,V08,185,561,38,784
T002814,V06,191,445,20,656
T002815,V09,157,146,42,345
T002816,V10,171,422,55,648
T002817,V04,144,138,19,301
T002818,V11,124,243,67,434
T002819,V06,158,363,32,553
T994864,V01,131,126,63,320
T002821,V07,173,541,44,758
T002822,V07,175,114,42,331
T002823,V02,146,182,15,343
T002824,V09,173,130,40,343
T002825,V10,130,501,36,667
T002826,V04,181,303,31,515
T002827,V10,168,450,22,640
T002828,V07,161,478,111,750
T002829,V03,189,165,56,410
T002830,V07,189,544,71,804
T002831,V12,191,546,23,760
T002832,V07,168,566,105,839
T002833,V06,157,137,32,326
T002834,V05,192,321,65,578
T002835,V03,151,115,26,292
T002836,V05,153,618,19,790
T002837,V09,130,122,55,307
T002838,V05,150,165,49,364
T002839,V09,194,438,17,649
T002840,V08,126,328,57,511
T002841,V11,142,247,34,423
T002842,V10,184,190,23,397
T002843,V04,192,640,22,854
T002844,V10,174,634,43,851
T002845,V11,161,334,25,520
T002846,V05,141,432,51,624
T002847,V12,128,319,68,515
T002848,V12,147,499,43,689
T002849,V02,172,388,38,598
T002850,V05,128,458,26,612
T002851,V08,197,448,33,678
T002852,V11,149,315,60,524
T002853,V11,126,552,60,738
T002854,V09,199,216,31,446
T002855,V04,157,282,27,466
T002856,V12,124,307,44,475
T002857,V11,121,455,52,628
T002858,V11,188,300,69,557
T002859,V09,155,245,54,454
T002860,V03,193,479,62,734
T002861,V04,125,245,46,416
T002862,V11,183,557,14,754
T002863,V04,189,243,52,484
T002864,V05,140,321,52,513
T002865,V02,170,607,64,841
T002866,V05,128,360,20,508
T002867,V02,134,545,55,734
T002868,V05,166,180,34,380
T002869,V09,130,625,61,816
T002870,V04,161,392,19,572
T002871,V09,196,424,57,677
T002872,V06,135,599,60,794
T002873,V12,195,446,26,667
T002874,V06,145,285,20,450
T002875,V08,185,485,50,720
T002876,V12,136,563,27,726
T002877,V09,144,480,27,651
T002878,V10,169,518,14,701
T002879,V02,149,210,23,382
T002880,V10,178,177,31,386
T002881,V07,120,440,120,680
T002882,V05,178,567,24,769
T002883,V10,121,139,44,304
T002884,V03,172,168,29,369
T002885,V02,172,292,29,493
T002886,V03,164,363,68,595
T002887,V10,149,491,11,651
T002888,V01,143,240,54,437
T002889,V10,157,268,15,440
T002890,V08,199,471,33,703
T994815,V02,170,451,33,654
T002892,V08,147,467,59,673
T002893,V09,199,356,60,615
T002894,V11,146,318,43,507
T002895,V04,193,220,62,475
T002896,V08,156,427,54,637
T002897,V07,163,254,53,470
T002898,V12,150,372,67,589
T002899,V08,161,518,30,709
T002900,V04,195,270,17,482
T002901,V02,138,177,36,351
T002902,V06,173,309,14,496
T002903,V02,166,338,20,524
T994397,V08,153,416,43,612
T002905,V10,120,623,11,754
T002906,V07,130,461,182,773
T002907,V08,134,187,34,355
T002908,V04,167,184,21,372
T002909,V03,178,610,50,838
T002910,V06,191,446,27,664
T002911,V11,152,214,16,382
T002912,V04,177,453,66,696
T002913,V08,165,279,37,481
T002914,V01,145,550,13,708
T002915,V12,121,543,21,685
T002916,V11,185,588,57,830
T002917,V04,167,153,54,374
T002918,V08,179,416,40,635
T002919,V03,192,561,43,796
T002920,V06,140,525,35,700
T002921,V06,155,202,51,408
T002922,V07,130,654,68,852
T002923,V09,143,453,49,645
T002924,V08,150,330,56,536
T002925,V03,183,475,51,709
T002926,V01,139,518,69,726
T002927,V03,156,310,18,484
T002928,V03,148,584,22,754
T993667,V09,174,369,29,572
T002930,V09,121,329,51,501
T002931,V01,180,373,25,578
T002932,V10,129,566,68,763
T002933,V07,153,158,70,381
T002934,V11,123,531,28,682
T998309,V03,188,647,67,902
T002936,V03,147,482,16,645
T002937,V08,128,501,34,663
T002938,V10,193,192,13,398
T002939,V06,137,570,62,769
T002940,V10,195,211,69,475
T002941,V11,174,228,58,460
T002942,V07,181,502,184,867
T002943,V07,124,471,42,637
T002944,V06,134,476,11,621
T002945,V10,180,329,45,554
T002946,V04,184,590,15,789
T002947,V12,135,132,56,323
T002948,V07,189,330,140,659
T002949,V07,187,224,157,568
T002950,V11,171,234,49,454
T002951,V03,132,425,30,587
T002952,V04,169,314,32,515
T002953,V04,139,340,57,536
T002954,V06,175,526,63,764
T002955,V08,138,380,55,573
T002956,V02,169,129,19,317
T002957,V08,158,314,34,506
T002958,V10,148,659,40,847
T002959,V04,195,148,48,391
T002960,V09,159,249,59,467
T002961,V01,139,327,49,515
T002962,V09,139,127,22,288
T002963,V03,151,526,39,716
T002964,V10,155,282,32,469
T991462,V03,155,503,52,710
T002966,V11,143,274,34,451
T002967,V04,145,549,36,730
T002968,V05,186,427,15,628
T002969,V01,174,404,65,643
T002970,V06,142,410,30,582
T002971,V01,190,165,63,418
T002972,V11,178,385,45,608
T002973,V08,132,133,37,302
T002974,V04,197,383,41,621
T002975,V10,126,565,46,737
T002976,V02,193,222,13,428
T002977,V03,161,567,49,777
T002978,V06,187,534,20,741
T002979,V06,191,307,66,564
T002980,V10,175,530,14,719
T002981,V02,162,195,35,392
T990029,V08,165,209,50,424
T002983,V01,123,540,58,721
T002984,V04,192,528,47,767
T002985,V02,179,531,13,723
T002986,V12,120,469,10,599
T002987,V12,155,157,69,381
T998309,V10,180,509,44,733
T002989,V12,196,139,68,403
T002990,V09,149,465,27,641
T002991,V11,190,328,57,575
T002992,V05,125,561,26,712
T002993,V06,142,411,16,569
T002994,V12,174,467,66,707
T002995,V08,122,208,45,375
T002996,V12,179,249,66,494
T002997,V11,192,374,55,621
T002998,V01,160,112,16,288
T002999,V04,123,442,34,599
T003000,V05,147,353,22,522
T003001,V01,124,597,61,782
T003002,V04,197,529,60,786
T003003,V04,195,189,24,408
T003004,V01,153,202,52,407
T003005,V06,149,240,26,415
T003006,V05,137,122,13,272
T003007,V02,133,292,43,468
T003008,V04,190,455,36,681
T003009,V08,141,522,55,718
T003010,V10,150,128,21,299
T003011,V01,179,537,65,781
T003012,V04,189,686,25,900
T003013,V11,135,510,28,673
T003014,V03,151,579,65,795
T003015,V03,145,428,25,598
T003016,V04,161,522,54,737
T003017,V08,165,473,38,676
T003018,V10,149,582,15,746
T003019,V09,144,357,20,521
T003020,V05,132,132,34,298
T003021,V06,137,118,58,313
T003022,V06,187,544,34,765
T999731,V06,195,550,15,760
T003024,V12,147,249,67,463
T003025,V05,136,217,37,390
T003026,V10,137,505,51,693
T003027,V02,186,555,10,751
T003028,V10,121,222,15,358
T003029,V11,184,251,35,470
T003030,V03,185,382,37,604
T003031,V09,168,594,25,787
T003032,V04,162,289,31,482
T003033,V12,131,611,11,753
T003034,V11,173,366,68,607
T003035,V06,196,564,10,770
T003036,V08,199,416,39,654
T003037,V10,185,343,19,547
T003038,V01,125,390,45,560
T003039,V04,128,206,34,368
T003040,V01,144,561,55,760
T003041,V01,171,184,35,390
T003042,V05,162,322,10,494
T003043,V05,156,518,55,729
T003044,V12,183,163,25,371
T003045,V05,121,575,13,709
T003046,V04,148,319,55,522
T003047,V08,168,600,26,794
T003048,V11,131,157,48,336
T003049,V12,180,367,50,597
T003050,V12,157,137,38,332
T003051,V03,166,442,47,655
T003052,V04,125,571,62,758
T003053,V07,187,344,93,624
T003054,V05,163,365,46,574
T003055,V03,148,361,36,545
T003056,V08,142,231,29,402
T003057,V05,193,218,52,463
T003058,V10,160,494,16,670
T003059,V01,165,551,11,727
T003060,V03,158,523,20,701
T003061,V09,133,505,50,688
T003062,V12,157,248,63,468
T003063,V10,184,297,59,540
T003064,V02,134,281,63,478
T003065,V03,183,494,29,706
T003066,V01,178,393,15,586
T003067,V01,174,589,15,778
T003068,V05,125,600,62,787
T003069,V05,169,160,34,363
T003070,V01,166,516,16,698
T003071,V11,167,371,52,590
T003072,V07,173,267,131,571
T003073,V08,186,553,45,784
T003074,V02,164,407,63,634
T003075,V06,181,456,42,679
T003076,V08,158,201,66,425
T003077,V07,124,224,197,545
T003078,V05,179,371,21,571
T003079,V05,183,172,52,407
T003080,V05,153,543,47,743
T003081,V04,142,375,28,545
T003082,V07,188,397,107,692
T003083,V11,173,350,62,585
T003084,V01,182,137,28,347
T997523,V10,194,364,17,575
T003086,V11,170,362,25,557
T003087,V09,172,371,64,607
T003088,V05,126,432,24,582
T003089,V03,147,135,57,339
T003090,V02,178,363,15,556
T003091,V11,162,600,10,772
T003092,V02,193,160,34,387
T999646,V07,129,602,142,873
T003094,V09,167,483,26,676
T003095,V12,157,555,12,724
T003096,V08,128,372,27,527
T003097,V05,196,179,27,402
T003098,V11,178,623,64,865
T995673,V10,175,441,69,685
T003100,V03,149,610,63,822
T003101,V05,129,382,40,551
T003102,V12,187,434,60,681
T996029,V11,167,577,25,769
T003104,V02,182,423,22,627
T003105,V10,138,318,42,498
T003106,V08,186,120,65,371
T003107,V04,123,327,24,474
T003108,V06,171,596,40,807
T003109,V10,134,270,69,473
T003110,V01,193,164,32,389
T003111,V04,148,236,21,405
T003112,V12,165,228,25,418
T003113,V01,143,367,33,543
T003114,V02,178,413,68,659
T003115,V06,163,416,48,627
T998332,V05,180,428,29,637
T003117,V07,138,313,63,514
T003118,V02,140,188,14,342
T003119,V03,146,132,23,301
T003120,V05,193,533,35,761
T003121,V05,199,521,31,751
T003122,V04,172,192,57,421
T997452,V10,164,204,60,428
T003124,V08,198,207,42,447
T003125,V12,120,596,28,744
T003126,V09,170,305,48,523
T003127,V09,187,529,29,745
T003128,V04,162,450,62,674
T003129,V03,190,521,47,758
T003130,V11,168,238,48,454
T003131,V07,165,525,142,832
T003132,V08,199,446,10,655
T003133,V01,178,365,41,584
T003134,V03,172,167,11,350
T003135,V02,142,541,45,728
T003136,V07,167,384,183,734
T003137,V06,192,415,25,632
T003138,V01,138,193,68,399
T003139,V02,179,661,43,883
T003140,V03,136,341,26,503
T003141,V10,149,581,13,743
T003142,V12,167,293,17,477
T003143,V06,130,333,48,511
T990841,V09,142,528,66,736
T003145,V07,171,214,140,525
T003146,V02,169,460,21,650
T003147,V04,158,160,16,334
T003148,V08,132,604,67,803
T003149,V02,181,301,33,515
T003150,V05,193,161,25,379
T003151,V03,123,576,30,729
T003152,V09,145,452,13,610
T003153,V04,198,486,61,745
T003154,V01,157,469,53,679
T003155,V08,148,545,66,759
T003156,V10,171,432,21,624
T003157,V09,191,327,45,563
T003158,V03,168,148,34,350
T003159,V01,123,502,69,694
T003160,V06,172,306,68,546
T003161,V03,132,212,34,378
T003162,V05,123,524,24,671
T003163,V11,147,285,31,463
T003164,V10,145,152,62,359
T003165,V05,183,582,37,802
T003166,V06,178,158,32,368
T003167,V04,190,503,13,706
T003168,V05,177,276,29,482
T003169,V03,139,207,22,368
T003170,V10,168,276,54,498
T003171,V03,143,191,36,370
T003172,V05,154,492,56,702
T003173,V02,162,606,37,805
T003174,V01,166,374,31,571
T003175,V12,120,412,48,580
T003176,V08,180,402,20,602
T003177,V02,126,246,48,420
T003178,V08,199,599,63,861
T003179,V03,123,193,32,348
T003180,V09,123,565,53,741
T003181,V09,130,314,26,470
T003182,V05,197,539,63,799
T003183,V05,188,576,63,827
T003184,V03,120,632,45,797
T003185,V02,160,239,45,444
T003186,V09,172,327,59,558
T003187,V03,189,466,32,687
T003188,V03,151,627,19,797
T003189,V02,140,189,60,389
T003190,V06,150,398,44,592
T003191,V12,192,425,41,658
T003192,V11,177,266,52,495
T003193,V11,135,365,44,544
T003194,V12,156,411,62,629
T003195,V11,135,310,64,509
T003196,V02,178,463,28,669
T003197,V03,196,628,34,858
T003198,V06,138,399,62,599
T003199,V07,166,499,137,802
T003200,V04,180,494,17,691
T003201,V01,133,282,54,469
T003202,V06,186,395,16,597
T003203,V04,143,241,19,403
T003204,V01,129,251,54,434
T003205,V07,173,195,42,410
T003206,V01,135,348,45,528
T003207,V11,132,162,32,326
T003208,V12,196,298,28,522
T003209,V04,191,484,38,713
T003210,V04,171,332,18,521
T003211,V09,151,392,30,573
T003212,V07,120,533,41,694
T003213,V06,125,131,59,315
T003214,V06,144,598,22,764
T003215,V04,156,226,26,408
T003216,V03,182,633,25,840
T003217,V09,185,573,57,815
T003218,V12,178,665,50,893
T003219,V10,148,168,64,380
T003220,V03,137,406,49,592
T003221,V08,199,122,27,348
T003222,V01,170,470,35,675
T003223,V01,131,278,65,474
T003224,V03,173,341,36,550
T003225,V01,167,392,62,621
T003226,V03,179,134,25,338
T003227,V03,123,272,29,424
T003228,V04,170,577,10,757
T003229,V07,126,264,73,463
T003230,V03,136,131,33,300
T003231,V10,157,277,46,480
T003232,V10,189,181,65,435
T003233,V04,141,511,46,698
T003234,V12,195,462,47,704
T003235,V03,158,296,63,517
T003236,V03,191,475,12,678
T003237,V02,168,137,28,333
T003238,V10,159,584,44,787
T003239,V10,126,433,48,607
T003240,V09,123,368,44,535
T003241,V12,143,257,69,469
T003242,V12,149,446,53,648
T003243,V12,146,590,55,791
T003244,V08,155,226,54,435
T003245,V02,183,594,25,802
T003246,V06,130,202,53,385
T003247,V03,186,555,68,809
T003248,V11,154,252,53,459
T003249,V01,193,341,42,576
T003250,V04,142,423,41,606
T003251,V05,186,517,64,767
T003252,V05,178,174,15,367
T003253,V11,144,571,47,762
T003254,V03,165,524,42,731
T003255,V11,165,165,22,352
T003256,V09,191,456,17,664
T003257,V06,151,368,57,576
T003258,V04,177,336,64,577
T003259,V01,156,582,67,805
T003260,V09,153,224,69,446
T003261,V08,167,405,61,633
T003262,V02,189,517,56,762
T003263,V06,163,573,69,805
T003264,V05,173,333,26,532
T003265,V10,148,208,23,379
T003266,V02,179,352,39,570
T003267,V06,123,654,51,828
T003268,V03,179,261,51,491
T003269,V12,176,550,28,754
T003270,V10,173,539,16,728
T003271,V02,135,245,61,441
T003272,V04,168,128,49,345
T003273,V07,158,230,70,458
T003274,V07,199,637,194,1030
T003275,V10,170,440,10,620
T003276,V04,149,437,69,655
T003277,V08,191,566,63,820
T003278,V03,138,558,60,756
T003279,V09,183,139,44,366
T999457,V01,181,420,54,655
T003281,V03,188,410,65,663
T003282,V01,178,178,11,367
T003283,V11,188,358,69,615
T003284,V07,169,165,114,448
T003285,V05,166,614,62,842
T003286,V07,128,214,183,525
T003287,V08,147,463,59,669
T003288,V02,177,174,29,380
T003289,V05,143,180,58,381
T003290,V03,121,245,52,418
T003291,V08,150,503,14,667
T003292,V10,150,353,56,559
T003293,V06,199,436,41,676
T003294,V01,135,447,62,644
T003295,V01,196,647,37,880
T003296,V10,192,393,21,606
T003297,V06,192,166,64,422
T003298,V09,147,535,27,709
T003299,V01,191,138,41,370
T003300,V10,198,505,44,747
T003301,V12,120,452,61,633
T003302,V07,131,179,50,360
T003303,V03,134,250,53,437
T003304,V02,131,456,54,641
T003305,V04,178,357,53,588
T003306,V04,162,430,48,640
T003307,V03,138,216,24,378
T003308,V06,142,366,19,527
T003309,V06,173,609,36,818
T003310,V03,135,118,46,299
T003311,V12,124,362,28,514
T003312,V09,192,465,44,701
T003313,V01,171,367,30,568
T003314,V03,172,426,32,630
T003315,V02,141,522,32,695
T003316,V03,129,199,50,378
T003317,V01,154,407,68,629
T003318,V09,168,481,69,718
T003319,V05,124,409,14,547
T003320,V02,170,419,20,609
T003321,V09,125,188,47,360
T003322,V07,196,129,96,421
T003323,V08,186,271,17,474
T003324,V02,179,147,52,378
T003325,V11,131,647,11,789
T003326,V02,137,164,48,349
T003327,V02,152,561,39,752
T003328,V07,149,654,191,994
T003329,V07,124,485,61,670
T003330,V05,174,288,11,473
T003331,V02,166,455,51,672
T003332,V11,137,454,38,629
T003333,V06,139,358,63,560
T003334,V06,126,166,15,307
T003335,V09,133,584,39,756
T003336,V11,134,569,68,771
T003337,V03,190,371,28,589
T003338,V07,143,507,156,806
T003339,V07,164,197,40,401
T003340,V01,150,309,30,489
T003341,V06,199,517,45,761
T003342,V12,155,546,59,760
T003343,V08,150,436,30,616
T995143,V10,160,391,32,583
T003345,V09,136,396,39,571
T003346,V05,157,548,44,749
T003347,V02,140,219,52,411
T003348,V09,197,496,48,741
T003349,V04,155,221,61,437
T003350,V06,163,393,38,594
T003351,V11,143,662,10,815
T003352,V01,129,470,25,624
T003353,V12,174,137,13,324
T003354,V03,145,247,25,417
T003355,V06,153,511,64,728
T003356,V07,145,355,181,681
T003357,V09,137,153,68,358
T003358,V12,166,318,64,548
T003359,V11,179,349,18,546
T003360,V02,177,602,22,801
T003361,V12,131,202,60,393
T003362,V02,175,505,52,732
T003363,V06,177,124,47,348
T003364,V04,162,351,38,551
T003365,V04,176,641,52,869
T003366,V09,139,424,34,597
T003367,V05,172,116,54,342
T003368,V12,145,345,68,558
T003369,V03,185,348,68,601
T003370,V09,169,353,14,536
T003371,V12,185,291,61,537
T003372,V12,190,452,52,694
T003373,V06,148,275,15,438
T003374,V02,199,336,21,556
T003375,V08,126,467,46,639
T003376,V09,165,450,23,638
T003377,V12,198,485,11,694
T003378,V05,195,159,10,364
T003379,V06,147,683,62,892
T003380,V07,167,307,175,649
T003381,V04,183,297,38,518
T003382,V10,189,534,19,742
T003383,V10,142,433,40,615
T003384,V03,176,126,67,369
T003385,V01,157,532,15,704
T003386,V12,195,446,17,658
T003387,V03,132,514,53,699
T003388,V01,177,467,34,678
T003389,V04,126,411,12,549
T003390,V06,130,669,50,849
T003391,V04,142,269,46,457
T003392,V05,183,567,29,779
T003393,V03,146,264,21,431
T003394,V02,187,406,45,638
T003395,V06,145,239,39,423
T003396,V10,145,271,37,453
T003397,V05,126,343,27,496
T998735,V07,170,370,64,604
T003399,V10,136,123,58,317
T003400,V07,199,204,142,545
T003401,V07,181,417,89,687
T003402,V01,121,640,33,794
T003403,V07,152,287,189,628
T003404,V05,199,174,29,402
T003405,V06,126,235,12,373
T003406,V03,152,170,59,381
T003407,V08,150,307,65,522
T003408,V07,147,336,120,603
T003409,V01,162,304,68,534
T003410,V01,196,549,47,792
T003411,V02,151,250,46,447
T003412,V02,168,318,33,519
T003413,V09,168,471,60,699
T003414,V06,172,471,56,699
T003415,V02,126,242,33,401
T003416,V11,161,176,56,393
T003417,V05,178,172,32,382
T003418,V06,123,393,49,565
T003419,V07,161,427,66,654
T003420,V09,157,472,22,651
T003421,V07,199,601,198,998
T003422,V11,173,421,52,646
T003423,V06,148,414,30,592
T003424,V09,198,263,22,483
T003425,V10,121,267,42,430
T003426,V10,129,659,67,855
T003427,V09,139,175,34,348
T998310,V04,122,173,33,328
T003429,V03,150,126,65,341
T003430,V06,142,262,23,427
T003431,V05,139,146,62,347
T003432,V11,144,161,11,316
T003433,V06,141,482,26,649
T003434,V10,160,131,44,335
T003435,V05,136,502,64,702
T003436,V02,178,144,18,340
T003437,V12,195,530,66,791
T003438,V05,192,204,35,431
T003439,V07,124,597,186,907
T003440,V07,191,600,163,954
T003441,V02,144,516,55,715
T003442,V03,127,197,53,377
T003443,V03,177,299,26,502
T003444,V06,153,461,44,658
T003445,V11,160,176,48,384
T003446,V06,160,130,46,336
T003447,V11,163,362,44,569
T003448,V11,163,575,37,775
T003449,V08,173,532,51,756
T003450,V01,151,585,18,754
T003451,V11,170,284,69,523
T003452,V06,174,607,19,800
T003453,V12,161,356,31,548
T003454,V03,132,282,17,431
T003455,V11,130,246,22,398
T003456,V02,142,369,60,571
T003457,V09,152,201,10,363
T003458,V09,171,584,62,817
T003459,V08,166,445,39,650
T996337,V02,133,127,27,287
T998246,V08,164,487,69,720
T003462,V02,156,135,26,317
T003463,V02,166,521,49,736
T003464,V07,192,464,138,794
T003465,V07,188,535,79,802
T003466,V04,142,355,32,529
T003467,V07,134,418,97,649
T003468,V06,142,270,59,471
T003469,V03,188,273,47,508
T003470,V08,132,465,56,653
T003471,V08,174,183,20,377
T003472,V12,143,288,28,459
T003473,V12,135,277,61,473
T003474,V03,182,449,22,653
T003475,V12,171,146,60,377
T003476,V03,187,214,68,469
T003477,V11,138,320,57,515
T003478,V11,153,329,11,493
T003479,V12,189,186,28,403
T003480,V06,184,179,54,417
T003481,V08,134,410,50,594
T003482,V03,149,364,27,540
T003483,V08,178,285,28,491
T003484,V10,124,205,28,357
T003485,V01,135,674,16,825
T003486,V10,144,186,46,376
T003487,V02,168,187,33,388
T003488,V10,143,245,69,457
T003489,V08,158,365,10,533
T003490,V12,176,169,42,387
T003491,V06,158,173,43,374
T003492,V04,150,542,60,752
T003493,V12,199,273,42,514
T003494,V12,172,479,35,686
T003495,V08,146,637,47,830
T003496,V12,184,583,23,790
T003497,V07,162,482,115,759
T003498,V04,170,302,69,541
T003499,V07,195,252,191,638
T003500,V05,123,150,31,304
T003501,V07,125,506,143,774
T003502,V02,144,141,28,313
T003503,V04,128,488,31,647
T003504,V06,135,407,46,588
T003505,V04,199,628,65,892
T003506,V02,183,362,10,555
T003507,V02,151,363,27,541
T996671,V03,193,127,39,359
T003509,V08,181,211,60,452
T003510,V08,171,353,12,536
T003511,V06,128,238,24,390
T003512,V12,127,334,30,491
T003513,V04,171,468,63,702
T003514,V06,152,240,49,441
T003515,V07,169,267,172,608
T003516,V08,131,251,21,403
T003517,V12,145,483,20,648
T003518,V09,145,549,68,762
T003519,V08,156,440,37,633
T003520,V02,194,297,66,557
T003521,V04,131,402,49,582
T003522,V03,155,136,64,355
T003523,V12,197,602,33,832
T003524,V05,192,253,63,508
T003525,V09,127,594,38,759
T003526,V10,137,197,56,390
T003527,V06,193,556,39,788
T003528,V12,145,415,12,572
T003529,V12,175,524,33,732
T003530,V07,194,142,168,504
T003531,V08,125,199,57,381
T003532,V05,185,391,21,597
T990967,V08,178,436,23,637
T003534,V06,133,161,22,316
T003535,V12,146,417,15,578
T003536,V04,144,520,52,716
T003537,V04,157,175,21,353
T003538,V05,169,326,18,513
T003539,V10,129,641,28,798
T003540,V09,125,275,10,410
T003541,V01,130,600,40,770
T003542,V01,180,479,18,677
T003543,V11,140,405,50,595
T003544,V03,130,119,13,262
T003545,V03,184,144,15,343
T003546,V02,146,231,33,410
T003547,V02,149,543,53,745
T003548,V01,155,331,69,555
T003549,V01,160,362,42,564
T003550,V05,173,145,20,338
T003551,V09,190,509,43,742
T003552,V12,162,593,68,823
T003553,V10,127,520,30,677
T003554,V09,175,363,32,570
T003555,V11,155,581,11,747
T003556,V03,162,456,14,632
T003557,V02,134,334,46,514
T003558,V03,195,412,13,620
T003559,V04,189,572,67,828
T003560,V05,197,381,51,629
T003561,V03,183,163,40,386
T003562,V06,147,532,23,702
T003563,V02,198,626,38,862
T003564,V09,181,364,43,588
T003565,V04,134,287,19,440
T003566,V06,154,285,15,454
T003567,V11,139,123,21,283
T003568,V05,126,530,36,692
T003569,V03,196,131,57,384
T003570,V08,195,472,26,693
T003571,V01,124,199,33,356
T003572,V06,185,617,18,820
T003573,V03,181,638,50,869
T003574,V12,183,509,52,744
T003575,V01,156,467,18,641
T003576,V05,129,269,61,459
T003577,V06,154,582,14,750
T003578,V06,178,469,57,704
T003579,V12,175,530,16,721
T003580,V03,193,246,66,505
T003581,V04,151,578,22,751
T003582,V03,173,239,62,474
T003583,V06,198,493,53,744
T003584,V10,179,161,25,365
T003585,V10,125,529,23,677
T003586,V05,148,250,64,462
T003587,V04,180,620,60,860
T003588,V04,129,626,46,801
T003589,V06,128,614,32,774
T003590,V05,177,372,11,560
T003591,V02,188,443,59,690
T003592,V12,135,467,27,629
T003593,V07,177,562,77,816
T003594,V09,142,556,43,741
T003595,V10,128,316,25,469
T003596,V03,158,546,48,752
T003597,V04,179,250,32,461
T003598,V10,150,349,69,568
T003599,V03,178,570,19,767
T003600,V03,177,184,69,430
T003601,V12,138,388,59,585
T003602,V03,195,341,66,602
T003603,V01,133,404,14,551
T003604,V06,187,238,55,480
T003605,V11,166,454,57,677
T003606,V01,193,579,54,826
T003607,V07,139,259,44,442
T995520,V09,182,612,38,832
T003609,V08,159,578,57,794
T003610,V02,134,439,46,619
T003611,V12,169,346,50,565
T003612,V01,141,338,35,514
T003613,V03,185,372,26,583
T003614,V07,197,134,180,511
T003615,V03,193,156,27,376
T003616,V02,162,197,40,399
T003617,V08,151,549,60,760
T003618,V07,186,392,160,738
T003619,V07,130,180,109,419
T003620,V01,197,612,45,854
T003621,V01,154,345,50,549
T003622,V02,172,325,56,553
T003623,V03,139,632,40,811
T003624,V07,141,382,143,666
T003625,V10,162,170,51,383
T995167,V06,197,340,58,595
T003627,V08,155,583,64,802
T003628,V09,124,459,38,621
T003629,V11,123,222,18,363
T003630,V02,163,341,66,570
T003631,V10,192,209,41,442
T003632,V08,131,510,12,653
T003633,V08,162,262,54,478
T997706,V08,159,179,21,359
T003635,V02,130,228,61,419
T003636,V01,173,264,25,462
T003637,V11,147,416,53,616
T003638,V03,193,591,26,810
T003639,V12,129,263,58,450
T003640,V10,152,628,13,793
T003641,V11,152,204,63,419
T003642,V02,134,177,29,340
T003643,V08,198,681,22,901
T003644,V04,194,450,19,663
T003645,V04,138,558,67,763
T003646,V03,181,157,26,364
T003647,V10,133,122,60,315
T003648,V09,153,222,30,405
T003649,V02,124,314,16,454
T003650,V06,170,349,62,581
T003651,V01,179,666,34,879
T003652,V05,120,259,40,419
T003653,V11,178,420,34,632
T003654,V09,195,335,61,591
T003655,V04,132,177,16,325
T003656,V11,173,250,32,455
T003657,V11,163,191,61,415
T003658,V05,155,171,57,383
T003659,V11,157,492,59,708
T003660,V03,132,340,40,512
T003661,V04,193,136,42,371
T003662,V02,191,496,56,743
T003663,V03,178,618,38,834
T003664,V04,121,288,30,439
T003665,V08,194,190,69,453
T003666,V06,188,242,30,460
T003667,V02,168,311,32,511
T003668,V06,153,511,38,702
T994729,V03,186,268,15,469
T003670,V07,180,558,191,929
T003671,V02,164,318,61,543
T003672,V02,185,179,50,414
T003673,V11,120,562,16,698
T003674,V06,132,549,16,697
T003675,V10,137,509,22,668
T003676,V03,145,452,61,658
T003677,V12,134,433,15,582
T003678,V06,149,599,18,766
T003679,V03,155,180,61,396
T003680,V11,175,404,69,648
T003681,V08,187,297,27,511
T003682,V04,184,229,19,432
T003683,V01,198,549,43,790
T003684,V09,133,642,58,833
T003685,V10,131,363,36,530
T003686,V07,130,516,180,826
T003687,V07,164,213,46,423
T003688,V11,198,206,16,420
T003689,V11,182,568,30,780
T003690,V02,195,344,58,597
T003691,V07,176,520,199,895
T003692,V09,132,582,19,733
T003693,V11,161,169,23,353
T003694,V04,126,634,21,781
T003695,V08,195,441,30,666
T003696,V03,193,483,26,702
T003697,V12,140,135,58,333
T003698,V09,151,186,41,378
T003699,V11,138,150,48,336
T003700,V01,129,194,55,378
T003701,V11,132,323,56,511
T003702,V11,174,408,30,612
T003703,V05,141,499,23,663
T003704,V11,166,301,19,486
T003705,V01,194,139,29,362
T003706,V04,152,497,61,710
T003707,V08,168,349,32,549
T003708,V09,194,262,27,483
T003709,V04,129,492,27,648
T003710,V11,135,279,10,424
T003711,V05,133,496,23,652
T003712,V06,199,594,24,817
T003713,V06,123,280,17,420
T003714,V02,188,401,26,615
T003715,V01,175,448,21,644
T003716,V03,169,258,58,485
T003717,V04,139,486,32,657
T003718,V12,187,523,61,771
T003719,V07,192,147,153,492
T993047,V11,170,261,65,496
T003721,V06,192,416,45,653
T003722,V02,182,401,56,639
T003723,V06,163,260,48,471
T003724,V08,153,491,29,673
T003725,V01,129,524,40,693
T003726,V12,136,545,53,734
T003727,V07,192,217,177,586
T003728,V11,168,271,47,486
T003729,V06,166,175,13,354
T003730,V07,144,571,153,868
T003731,V08,138,446,68,652
T003732,V09,153,496,50,699
T003733,V01,166,467,65,698
T003734,V05,159,592,21,772
T003735,V12,167,332,46,545
T003736,V01,158,510,47,715
T003737,V03,155,354,48,557
T003738,V06,197,500,37,734
T003739,V12,161,264,44,469
T003740,V03,166,367,35,568
T003741,V01,156,301,24,481
T003742,V11,147,549,29,725
T003743,V10,192,254,12,458
T003744,V07,130,291,62,483
T003745,V10,195,202,35,432
T003746,V08,122,213,12,347
T003747,V09,189,504,65,758
T003748,V11,163,561,42,766
T003749,V11,183,612,19,814
T003750,V07,169,182,115,466
T003751,V08,143,204,21,368
T003752,V12,185,408,26,619
T003753,V03,194,461,21,676
T003754,V09,178,316,14,508
T003755,V11,129,625,30,784
T003756,V07,165,458,177,800
T003757,V06,188,119,45,352
T003758,V09,149,333,41,523
T003759,V04,169,393,23,585
T003760,V01,183,656,61,900
T003761,V11,141,376,46,563
T003762,V07,163,479,123,765
T003763,V06,161,474,51,686
T003764,V06,160,491,64,715
T003765,V12,158,429,67,654
T003766,V06,171,113,44,328
T003767,V07,177,157,130,464
T003768,V05,192,246,45,483
T003769,V07,199,476,169,844
T003770,V10,143,274,26,443
T003771,V10,129,127,29,285
T003772,V09,136,574,60,770
T003773,V05,145,146,19,310
T003774,V06,175,444,16,635
T003775,V02,187,576,20,783
T003776,V02,120,352,49,521
T003777,V11,196,485,23,704
T003778,V03,139,140,29,308
T003779,V03,166,174,23,363
T003780,V05,129,581,31,741
T003781,V12,154,629,21,804
T003782,V04,148,328,19,495
T003783,V11,155,554,26,735
T003784,V01,162,311,55,528
T003785,V04,153,530,15,698
T003786,V10,171,366,38,575
T003787,V10,163,403,38,604
T003788,V04,158,362,32,552
T003789,V08,139,332,67,538
T003790,V10,191,452,43,686
T003791,V07,134,480,160,774
T003792,V03,164,373,53,590
T003793,V10,185,619,10,814
T003794,V03,194,181,29,404
T003795,V02,188,483,13,684
T003796,V04,180,553,17,750
T003797,V12,170,553,68,791
T003798,V12,196,495,22,713
T003799,V05,159,585,17,761
T003800,V10,192,476,25,693
T003801,V09,152,212,20,384
T003802,V07,134,295,76,505
T003803,V11,166,680,68,914
T003804,V02,167,407,68,642
T003805,V04,123,260,29,412
T003806,V11,199,329,49,577
T003807,V01,122,422,26,570
T003808,V10,139,592,25,756
T003809,V05,122,490,62,674
T003810,V10,137,443,44,624
T003811,V07,132,440,146,718
T003812,V09,155,122,54,331
T003813,V05,192,254,68,514
T003814,V04,139,512,20,671
T003815,V10,124,256,21,401
T003816,V06,120,477,46,643
T003817,V07,164,462,145,771
T003818,V12,160,207,53,420
T003819,V05,154,255,60,469
T003820,V05,147,382,47,576
T003821,V06,191,255,45,491
T003822,V03,134,138,43,315
T003823,V04,199,525,19,743
T003824,V09,156,409,40,605
T003825,V10,121,207,16,344
T999643,V07,142,252,153,547
T003827,V01,120,227,34,381
T003828,V04,182,393,46,621
T003829,V12,195,401,17,613
T003830,V09,192,371,28,591
T003831,V02,196,606,43,845
T003832,V04,137,615,38,790
T003833,V07,134,432,189,755
T003834,V04,170,514,51,735
T003835,V05,146,128,65,339
T003836,V04,135,220,28,383
T003837,V03,199,358,46,603
T003838,V01,174,224,66,464
T003839,V12,160,490,56,706
T003840,V07,198,439,138,775
T003841,V07,131,513,85,729
T003842,V04,162,246,49,457
T003843,V02,174,492,68,734
T003844,V06,173,169,59,401
T003845,V12,170,419,21,610
T003846,V06,126,160,45,331
T003847,V02,122,431,26,579
T003848,V12,163,448,48,659
T003849,V06,138,343,66,547
T003850,V06,135,582,35,752
T003851,V03,146,275,51,472
T003852,V04,125,438,47,610
T003853,V01,193,266,13,472
T003854,V08,164,375,59,598
T003855,V08,132,435,27,594
T003856,V08,179,363,20,562
T003857,V08,126,574,56,756
T003858,V09,171,339,29,539
T003859,V02,159,434,55,648
T003860,V08,138,362,19,519
T003861,V04,192,615,58,865
T003862,V07,132,494,108,734
T003863,V04,195,260,46,501
T003864,V08,170,158,54,382
T003865,V07,180,389,55,624
T003866,V09,180,215,10,405
T003867,V09,188,434,27,649
T003868,V03,184,487,52,723
T003869,V12,122,202,13,337
T003870,V02,147,210,43,400
T003871,V05,186,362,48,596
T003872,V07,172,416,69,657
T003873,V09,128,466,30,624
T003874,V06,181,526,40,747
T003875,V03,139,387,23,549
T003876,V11,155,482,46,683
T003877,V08,132,404,65,601
T003878,V06,147,480,38,665
T991729,V07,142,486,90,718
T003880,V05,132,621,43,796
T003881,V01,195,631,35,861
T003882,V11,142,280,24,446
T997664,V11,126,357,31,514
T993780,V11,133,145,27,305
T003885,V07,152,473,126,751
T003886,V05,184,284,57,525
T003887,V01,147,143,50,340
T003888,V05,167,470,15,652
T003889,V03,156,462,40,658
T003890,V01,154,273,40,467
T003891,V11,171,149,41,361
T003892,V06,138,317,56,511
T003893,V02,170,325,50,545
T003894,V06,180,428,37,645
T003895,V11,121,315,44,480
T003896,V07,134,369,133,636
T003897,V01,133,572,19,724
T003898,V01,191,409,48,648
T003899,V07,191,264,85,540
T003900,V02,194,427,54,675
T003901,V07,139,481,98,718
T003902,V05,147,393,47,587
T003903,V06,141,404,11,556
T003904,V05,151,263,37,451
T991527,V11,157,159,37,353
T003906,V09,130,490,54,674
T003907,V05,187,205,66,458
T003908,V10,137,365,37,539
T003909,V01,155,619,46,820
T003910,V06,157,280,14,451
T003911,V05,138,439,54,631
T003912,V04,123,268,46,437
T999394,V01,193,224,47,464
T003914,V02,128,310,33,471
T003915,V05,140,458,18,616
T003916,V02,140,344,59,543
T003917,V01,177,458,24,659
T003918,V12,141,126,22,289
T003919,V02,190,175,25,390
T003920,V03,193,138,51,382
T003921,V09,184,367,45,596
T003922,V07,182,465,46,693
T003923,V08,166,306,44,516
T995244,V02,124,618,19,761
T003925,V01,161,182,45,388
T003926,V12,180,228,68,476
T003927,V11,140,562,28,730
T003928,V03,155,358,34,547
T003929,V07,172,168,185,525
T003930,V08,139,133,16,288
T003931,V11,144,494,56,694
T003932,V03,154,423,53,630
T003933,V09,164,558,62,784
T003934,V09,135,623,48,806
T003935,V10,124,210,21,355
T003936,V09,124,602,10,736
T003937,V11,150,528,69,747
T003938,V05,156,285,41,482
T003939,V03,154,591,26,771
T003940,V01,195,415,34,644
T003941,V06,154,245,10,409
T003942,V07,171,513,169,853
T003943,V12,148,336,21,505
T003944,V05,131,135,58,324
T003945,V05,173,535,64,772
T003946,V07,183,218,185,586
T003947,V06,149,230,46,425
T003948,V07,173,135,68,376
T003949,V03,167,597,26,790
T003950,V07,195,139,124,458
T003951,V11,167,334,38,539
T003952,V08,164,518,22,704
T003953,V12,132,340,36,508
T003954,V01,194,322,48,564
T003955,V03,181,578,56,815
T003956,V04,154,556,40,750
T003957,V03,174,665,68,907
T003958,V10,181,427,25,633
T003959,V09,154,289,50,493
T003960,V08,147,322,11,480
T003961,V06,159,485,49,693
T003962,V06,127,604,22,753
T003963,V05,159,504,32,695
T003964,V09,176,652,29,857
T003965,V07,195,446,183,824
T003966,V09,131,569,19,719
T003967,V03,144,246,43,433
T003968,V10,180,376,69,625
T003969,V11,131,407,35,573
T003970,V09,196,182,53,431
T003971,V12,198,213,66,477
T003972,V08,129,368,16,513
T003973,V04,171,192,69,432
T003974,V06,179,133,36,348
T003975,V03,189,263,47,499
T003976,V06,122,200,11,333
T003977,V11,179,337,22,538
T003978,V07,131,622,172,925
T003979,V10,159,558,42,759
T003980,V06,194,223,26,443
T003981,V10,185,210,64,459
T003982,V10,199,509,30,738
T003983,V08,134,194,28,356
T990773,V07,123,185,167,475
T003985,V06,144,474,46,664
T003986,V10,145,266,39,450
T003987,V10,131,543,55,729
T003988,V07,145,559,87,791
T003989,V04,146,223,59,428
T003990,V01,130,229,46,405
T003991,V01,188,175,36,399
T003992,V09,148,476,43,667
T003993,V08,192,535,55,782
T003994,V09,167,416,56,639
T003995,V01,178,563,34,775
T003996,V05,127,204,22,353
T003997,V11,164,520,34,718
T996769,V07,192,131,190,513
T003999,V04,139,404,31,574
T004000,V01,139,141,48,328
T004001,V08,167,561,59,787
T004002,V10,155,303,52,510
T004003,V06,149,278,64,491
T004004,V03,146,439,32,617
T004005,V12,183,204,42,429
T004006,V02,126,396,50,572
T004007,V01,187,515,51,753
T004008,V08,122,463,10,595
T004009,V04,183,196,64,443
T004010,V11,154,513,31,698
T004011,V12,173,573,54,800
T004012,V07,187,439,179,805
T004013,V05,182,223,41,446
T004014,V07,197,355,71,623
T004015,V07,169,169,185,523
T004016,V06,122,264,27,413
T004017,V06,178,418,21,617
T004018,V03,182,195,63,440
T004019,V09,141,303,40,484
T004020,V11,174,244,12,430
T004021,V10,186,638,41,865
T004022,V05,179,399,43,621
T004023,V11,136,688,54,878
T004024,V11,126,593,60,779
T004025,V02,156,382,38,576
T004026,V04,147,232,23,402
T004027,V12,136,250,25,411
T004028,V11,144,201,32,377
T004029,V09,183,188,61,432
T004030,V04,124,418,12,554
T004031,V09,157,352,36,545
T004032,V08,154,489,53,696
T004033,V08,184,250,52,486
T004034,V08,181,146,37,364
T004035,V08,147,188,54,389
T004036,V06,196,445,19,660
T004037,V12,128,446,62,636
T004038,V08,197,632,39,868
T004039,V10,139,290,58,487
T004040,V07,194,588,80,862
T004041,V04,155,344,22,521
T004042,V07,145,352,69,566
T997529,V02,162,237,29,428
T004044,V09,125,558,51,734
T004045,V03,188,602,32,822
T004046,V03,136,344,58,538
T004047,V12,192,549,49,790
T004048,V07,164,251,139,554
T004049,V09,184,389,43,616
T004050,V04,168,419,27,614
T004051,V12,135,585,54,774
T004052,V04,176,234,11,421
T004053,V06,189,636,62,887
T004054,V03,165,427,57,649
T004055,V06,159,579,67,805
T004056,V04,149,317,21,487
T004057,V07,197,507,101,805
T004058,V12,129,133,33,295
T004059,V03,150,239,40,429
T004060,V02,153,430,42,625
T004061,V12,157,151,17,325
T004062,V04,178,147,67,392
T004063,V03,183,383,42,608
T004064,V04,176,225,58,459
T004065,V10,146,496,22,664
T004066,V04,171,184,52,407
T004067,V08,159,491,38,688
T004068,V03,126,273,58,457
T004069,V02,145,383,65,593
T004070,V09,130,570,16,716
T004071,V09,155,281,47,483
T004072,V01,167,291,31,489
T004073,V08,182,526,44,752
T004074,V08,140,114,40,294
T004075,V02,184,392,64,640
T004076,V07,177,258,66,501
T004077,V12,188,203,29,420
T004078,V06,171,542,48,761
T004079,V04,128,553,62,743
T004080,V07,128,372,158,658
T004081,V04,130,123,52,305
T004082,V02,198,226,49,473
T004083,V08,146,155,61,362
T004084,V09,168,326,41,535
T004085,V12,196,487,34,717
T004086,V11,144,324,47,515
T004087,V04,138,229,50,417
T004088,V09,126,196,45,367
T004089,V01,173,143,11,327
T004090,V11,127,507,44,678
T004091,V05,164,536,29,729
T004092,V05,166,436,52,654
T004093,V01,170,508,32,710
T004094,V02,182,284,42,508
T004095,V07,172,516,46,734
T004096,V11,164,240,23,427
T004097,V09,184,432,20,636
T004098,V10,153,342,19,514
T004099,V07,176,177,176,529
T004100,V10,142,313,29,484
T004101,V07,164,232,144,540
T004102,V04,143,431,59,633
T004103,V03,187,208,24,419
T004104,V03,152,511,52,715
T004105,V04,122,352,61,535
T004106,V08,138,229,40,407
T004107,V01,122,321,26,469
T004108,V01,182,680,40,902
T004109,V11,134,519,14,667
T004110,V02,160,160,68,388
T004111,V01,138,227,25,390
T004112,V01,125,520,26,671
T004113,V02,181,257,20,458
T004114,V08,196,136,22,354
T004115,V03,167,403,13,583
T004116,V08,145,332,61,538
T004117,V02,163,218,49,430
T004118,V02,173,357,20,550
T997562,V07,126,267,46,439
T004120,V10,163,537,16,716
T004121,V03,143,253,39,435
T004122,V05,153,428,19,600
T004123,V12,183,401,44,628
T004124,V07,173,562,50,785
T004125,V07,138,411,192,741
T004126,V12,178,389,12,579
T004127,V12,147,268,28,443
T004128,V09,183,128,23,334
T004129,V08,198,131,17,346
T004130,V01,196,501,62,759
T004131,V04,190,407,50,647
T004132,V11,140,539,45,724
T004133,V02,148,449,26,623
T004134,V09,139,478,61,678
T995281,V07,136,357,82,575
T004136,V07,150,236,151,537
T004137,V08,150,482,65,697
T004138,V08,155,151,63,369
T004139,V10,198,675,15,888
T004140,V04,126,573,25,724
T004141,V07,163,573,66,802
T004142,V12,195,492,62,749
T004143,V04,134,125,33,292
T004144,V05,132,466,26,624
T004145,V09,135,519,13,667
T004146,V03,139,422,53,614
T004147,V03,129,243,46,418
T004148,V02,163,166,25,354
T004149,V04,178,475,19,672
T004150,V04,171,290,14,475
T004151,V07,120,361,196,677
T004152,V10,146,398,20,564
T004153,V09,132,525,33,690
T004154,V09,187,134,57,378
T004155,V02,170,165,57,392
T004156,V06,138,154,40,332
T004157,V08,127,234,39,400
T004158,V04,133,366,30,529
T004159,V05,153,393,32,578
T004160,V09,164,492,65,721
T004161,V12,194,433,43,670
T004162,V07,145,228,40,413
T004163,V08,181,385,12,578
T004164,V04,152,243,45,440
T004165,V12,175,350,29,554
T004166,V01,152,508,37,697
T004167,V10,158,627,33,818
T004168,V09,143,187,31,361
T004169,V05,165,306,32,503
T004170,V05,177,224,40,441
T004171,V12,198,294,67,559
T004172,V11,193,472,65,730
T004173,V07,166,163,93,422
T004174,V08,133,411,52,596
T004175,V02,156,458,15,629
T004176,V12,182,547,14,743
T004177,V02,145,212,56,413
T004178,V12,173,468,28,669
T004179,V01,144,610,54,808
T004180,V02,167,508,11,686
T004181,V04,167,200,61,428
T004182,V01,162,493,62,717
T004183,V05,180,513,11,704
T004184,V06,125,415,41,581
T004185,V01,185,420,30,635
T004186,V10,155,421,37,613
T004187,V11,184,344,69,597
T991831,V06,176,160,48,384
T004189,V09,187,572,45,804
T004190,V04,160,540,39,739
T004191,V12,157,606,59,822
T004192,V12,172,442,22,636
T004193,V03,190,311,56,557
T004194,V11,121,386,32,539
T004195,V02,178,425,24,627
T004196,V02,184,116,45,345
T004197,V03,139,573,12,724
T004198,V11,183,489,39,711
T004199,V12,177,528,55,760
T004200,V12,140,481,50,671
T004201,V01,136,186,10,332
T004202,V05,153,580,20,753
T004203,V08,159,560,52,771
T004204,V05,183,664,66,913
T004205,V08,125,486,66,677
T004206,V05,188,182,49,419
T004207,V12,132,138,64,334
T004208,V12,135,203,26,364
T004209,V07,128,381,151,660
T004210,V09,160,352,38,550
T004211,V11,166,436,42,644
T004212,V06,139,443,14,596
T004213,V05,135,650,11,796
T004214,V01,147,609,31,787
T004215,V09,188,363,19,570
T004216,V11,144,233,66,443
T004217,V05,169,165,69,403
T004218,V09,147,302,65,514
T004219,V03,172,364,61,597
T004220,V12,151,314,63,528
T004221,V03,156,261,22,439
T004222,V04,176,566,56,798
T004223,V03,156,319,67,542
T004224,V02,157,596,66,819
T004225,V10,135,416,65,616
T004226,V07,182,246,95,523
T004227,V06,179,401,26,606
T004228,V04,192,538,20,750
T004229,V12,192,536,33,761
T004230,V01,134,229,44,407
T004231,V06,152,237,63,452
T004232,V09,159,239,55,453
T004233,V02,126,318,38,482
T004234,V03,141,303,34,478
T004235,V06,161,339,41,541
T004236,V07,153,552,164,869
T004237,V03,136,151,50,337
T004238,V06,122,288,40,450
T004239,V09,180,642,34,856
T004240,V08,125,400,40,565
T004241,V09,163,157,60,380
T004242,V04,155,590,29,774
T004243,V09,153,398,66,617
T004244,V06,135,313,67,515
T004245,V03,150,264,69,483
T004246,V02,127,674,59,860
T004247,V02,181,491,53,725
T004248,V08,153,156,58,367
T004249,V08,184,553,38,775
T004250,V10,133,249,25,407
T004251,V08,127,137,32,296
T004252,V05,190,476,38,704
T004253,V06,128,421,68,617
T004254,V09,138,228,25,391
T004255,V11,189,243,60,492
T004256,V03,151,549,27,727
T004257,V12,131,376,26,533
T004258,V11,174,645,14,833
T004259,V08,135,430,33,598
T004260,V08,130,497,35,662
T004261,V01,168,647,41,856
T004262,V11,191,536,26,753
T004263,V04,178,172,59,409
T004264,V12,125,472,69,666
T004265,V03,135,443,54,632
T004266,V01,171,561,37,769
T004267,V01,197,538,11,746
T004268,V12,134,285,14,433
T004269,V12,180,569,45,794
T004270,V07,161,501,85,747
T004271,V10,199,398,29,626
T004272,V09,173,198,27,398
T004273,V12,120,278,55,453
T004274,V09,128,163,53,344
T004275,V06,125,125,10,260
T004276,V03,143,568,28,739
T004277,V07,199,335,146,680
T004278,V10,134,560,59,753
T004279,V06,191,183,55,429
T004280,V11,187,455,46,688
T004281,V01,154,354,41,549
T004282,V07,177,299,52,528
T004283,V09,196,342,52,590
T004284,V07,160,250,90,500
T004285,V10,133,421,14,568
T004286,V09,127,321,42,490
T004287,V03,129,375,25,529
T004288,V02,157,521,56,734
T004289,V01,161,184,15,360
T004290,V08,129,395,61,585
T004291,V01,124,419,23,566
T004292,V05,158,291,19,468
T004293,V01,163,548,38,749
T004294,V06,195,566,61,822
T004295,V08,158,310,63,531
T004296,V09,164,279,48,491
T004297,V03,177,400,67,644
T998619,V04,164,587,32,783
T004299,V08,141,197,29,367
T004300,V10,128,273,19,420
T993148,V10,179,280,45,504
T004302,V06,142,441,38,621
T004303,V08,175,164,30,369
T004304,V07,152,512,85,749
T004305,V11,188,155,19,362
T004306,V06,132,351,18,501
T004307,V06,184,603,54,841
T004308,V05,121,280,48,449
T004309,V05,158,504,31,693
T004310,V02,120,517,59,696
T004311,V10,148,519,60,727
T004312,V05,141,268,33,442
T004313,V09,156,401,40,597
T004314,V08,189,684,46,919
T004315,V08,175,589,37,801
T004316,V07,183,418,100,701
T004317,V12,177,122,37,336
T004318,V07,165,146,94,405
T004319,V08,162,203,52,417
T004320,V08,170,337,11,518
T004321,V10,137,313,55,505
T004322,V09,194,119,21,334
T004323,V09,120,183,50,353
T004324,V02,151,412,23,586
T004325,V06,157,296,35,488
T004326,V03,184,287,53,524
T004327,V07,124,551,122,797
T004328,V05,129,242,48,419
T004329,V02,167,568,33,768
T004330,V01,183,252,54,489
T004331,V12,152,199,27,378
T004332,V09,171,342,39,552
T004333,V05,131,203,17,351
T004334,V07,196,573,137,906
T004335,V08,151,544,10,705
T004336,V01,183,539,49,771
T004337,V01,187,626,20,833
T004338,V07,160,308,116,584
T004339,V12,162,412,38,612
T004340,V06,120,146,35,301
T004341,V06,137,562,55,754
T004342,V03,174,565,10,749
T004343,V02,198,608,41,847
T004344,V11,144,673,61,878
T004345,V05,136,149,34,319
T004346,V05,129,355,12,496
T004347,V08,187,220,53,460
T004348,V06,130,477,39,646
T004349,V07,131,557,167,855
T004350,V05,155,336,65,556
T004351,V01,189,206,28,423
T004352,V07,192,126,171,489
T004353,V04,131,121,29,281
T004354,V06,158,512,29,699
T004355,V01,150,245,27,422
T004356,V09,172,567,18,757
T004357,V07,132,457,49,638
T004358,V11,141,217,37,395
T004359,V02,193,617,45,855
T004360,V11,170,250,12,432
T004361,V05,191,502,43,736
T004362,V02,138,608,64,810
T004363,V02,168,288,55,511
T004364,V03,188,163,32,383
T004365,V11,160,219,25,404
T004366,V12,121,527,61,709
T004367,V09,181,618,11,810
T004368,V01,180,357,28,565
T004369,V07,176,274,89,539
T004370,V07,155,403,44,602
T004371,V06,164,462,51,677
T004372,V01,133,219,11,363
T004373,V04,188,191,48,427
T004374,V07,131,531,171,833
T004375,V01,142,324,45,511
T004376,V10,129,174,33,336
T004377,V08,139,392,60,591
T004378,V04,179,422,27,628
T004379,V04,126,640,34,800
T004380,V07,122,257,158,537
T004381,V07,187,281,144,612
T004382,V02,191,389,27,607
T004383,V04,143,433,57,633
T004384,V10,148,151,60,359
T004385,V12,164,321,44,529
T004386,V08,136,416,66,618
T004387,V01,123,584,60,767
T004388,V10,129,538,69,736
T004389,V12,161,421,68,650
T004390,V12,177,361,48,586
T004391,V12,188,286,34,508
T004392,V08,179,139,69,387
T004393,V11,157,523,14,694
T004394,V07,188,258,45,491
T004395,V08,142,235,45,422
T004396,V06,140,648,10,798
T004397,V09,195,154,46,395
T004398,V05,140,579,31,750
T004399,V11,186,436,16,638
T004400,V09,128,513,11,652
T004401,V03,140,403,69,612
T004402,V12,132,257,35,424
T004403,V12,124,292,36,452
T004404,V11,176,511,42,729
T004405,V10,148,363,36,547
T004406,V10,182,129,25,336
T004407,V04,141,372,43,556
T004408,V08,192,188,50,430
T004409,V06,181,290,35,506
T004410,V02,132,600,26,758
T004411,V03,136,244,63,443
T004412,V12,130,251,38,419
T004413,V11,137,619,51,807
T004414,V07,162,517,179,858
T004415,V03,167,262,23,452
T004416,V01,151,128,47,326
T004417,V12,123,352,19,494
T004418,V04,144,137,19,300
T004419,V09,198,398,53,649
T004420,V12,164,262,30,456
T004421,V06,197,240,53,490
T004422,V07,179,130,150,459
T004423,V05,142,159,48,349
T004424,V02,153,544,34,731
T004425,V05,178,153,69,400
T004426,V09,188,434,54,676
T004427,V03,155,528,38,721
T004428,V07,187,319,119,625
T004429,V01,189,196,43,428
T004430,V01,142,435,65,642
T004431,V07,198,299,152,649
T004432,V10,170,206,42,418
T004433,V02,143,453,53,649
T004434,V08,172,581,13,766
T004435,V06,138,527,54,719
T004436,V08,155,572,39,766
T004437,V07,147,583,84,814
T004438,V02,168,510,54,732
T004439,V05,146,157,49,352
T004440,V03,126,527,16,669
T004441,V02,133,259,31,423
T004442,V07,196,610,79,885
T004443,V03,184,306,69,559
T004444,V01,167,158,17,342
T004445,V03,158,641,28,827
T004446,V03,179,347,11,537
T004447,V04,134,454,29,617
T004448,V11,153,397,15,565
T004449,V07,184,413,101,698
T004450,V12,183,437,64,684
T004451,V12,184,157,35,376
T004452,V02,165,404,46,615
T004453,V04,127,490,15,632
T004454,V08,148,118,13,279
T004455,V06,167,438,62,667
T004456,V06,127,572,60,759
T004457,V01,189,555,37,781
T004458,V06,139,474,50,663
T004459,V12,174,347,24,545
T004460,V10,152,350,51,553
T004461,V05,189,447,21,657
T004462,V02,127,611,44,782
T004463,V11,120,334,32,486
T004464,V11,163,413,46,622
T004465,V09,120,311,65,496
T004466,V07,194,143,40,377
T004467,V12,159,292,45,496
T004468,V07,195,496,158,849
T004469,V03,137,506,48,691
T004470,V06,168,388,67,623
T004471,V07,189,554,105,848
T004472,V04,155,537,34,726
T004473,V05,123,235,27,385
T004474,V09,178,591,29,798
T004475,V07,126,216,66,408
T004476,V08,172,377,16,565
T004477,V01,169,470,34,673
T004478,V05,162,437,66,665
T004479,V08,155,233,11,399
T004480,V10,153,673,43,869
T004481,V04,125,484,51,660
T004482,V09,157,125,51,333
T004483,V06,160,455,58,673
T004484,V10,133,396,48,577
T004485,V01,160,497,17,674
T004486,V10,163,131,30,324
T004487,V07,166,342,70,578
T004488,V12,194,494,10,698
T004489,V10,159,554,25,738
T004490,V05,184,143,66,393
T004491,V01,136,331,19,486
T004492,V07,131,239,125,495
T004493,V06,179,475,15,669
T004494,V03,126,482,15,623
T004495,V10,176,638,31,845
T004496,V11,138,135,46,319
T004497,V12,167,495,61,723
T004498,V06,135,286,69,490
T004499,V04,170,298,51,519
T004500,V11,186,437,65,688
T004501,V05,149,570,34,753
T004502,V02,182,577,48,807
T004503,V08,143,402,10,555
T004504,V12,150,470,52,672
T004505,V03,153,239,59,451
T004506,V08,158,245,30,433
T004507,V10,155,589,67,811
T004508,V02,158,626,63,847
T004509,V08,139,627,25,791
T004510,V06,129,199,58,386
T004511,V05,135,535,42,712
T004512,V12,168,376,36,580
T004513,V08,135,224,15,374
T004514,V12,129,506,65,700
T004515,V05,158,600,37,795
T004516,V12,195,549,57,801
T004517,V08,120,237,27,384
T004518,V01,145,134,28,307
T004519,V03,187,422,51,660
T004520,V09,132,263,65,460
T004521,V01,199,129,37,365
T004522,V10,180,576,51,807
T004523,V09,136,578,38,752
T004524,V11,157,297,46,500
T004525,V11,144,472,10,626
T004526,V11,171,626,59,856
T004527,V05,159,133,58,350
T004528,V11,160,289,23,472
T004529,V04,141,492,38,671
T004530,V12,122,297,36,455
T004531,V06,140,123,63,326
T004532,V03,144,569,23,736
T004533,V05,120,453,53,626
T004534,V08,179,389,10,578
T004535,V08,136,347,37,520
T004536,V09,127,597,23,747
T004537,V07,172,441,54,667
T004538,V06,153,387,47,587
T004539,V10,126,299,30,455
T004540,V04,176,545,16,737
T004541,V05,163,397,39,599
T004542,V08,125,414,26,565
T004543,V03,169,502,58,729
T004544,V12,197,178,61,436
T004545,V09,136,420,44,600
T004546,V06,195,544,52,791
T004547,V05,147,516,60,723
T004548,V12,128,584,35,747
T004549,V01,198,368,62,628
T004550,V04,189,601,54,844
T004551,V12,199,299,51,549
T004552,V08,133,148,16,297
T004553,V08,182,623,62,867
T004554,V07,142,576,87,805
T004555,V08,191,194,26,411
T004556,V10,166,528,11,705
T004557,V02,180,175,25,380
T004558,V12,135,624,43,802
T004559,V04,149,209,34,392
T004560,V10,181,567,49,797
T004561,V08,169,215,11,395
T004562,V08,172,245,63,480
T004563,V07,196,151,48,395
T004564,V02,164,526,22,712
T004565,V09,161,610,68,839
T004566,V07,159,336,107,602
T004567,V01,135,544,41,720
T004568,V09,199,499,39,737
T004569,V07,198,177,123,498
T004570,V04,178,479,24,681
T004571,V01,184,288,58,530
T004572,V01,127,324,12,463
T004573,V09,130,528,67,725
T004574,V02,120,359,23,502
T004575,V08,130,252,30,412
T004576,V01,160,634,38,832
T004577,V07,128,413,152,693
T004578,V06,180,322,12,514
T004579,V01,127,235,61,423
T004580,V06,188,357,42,587
T004581,V01,186,592,26,804
T004582,V08,184,214,21,419
T004583,V03,121,453,23,597
T004584,V03,180,286,44,510
T004585,V08,188,260,64,512
T004586,V08,182,612,66,860
T004587,V03,156,311,58,525
T004588,V12,157,242,64,463
T004589,V08,190,526,17,733
T004590,V08,129,279,16,424
T004591,V02,177,635,50,862
T999615,V08,199,520,26,745
T004593,V01,165,241,14,420
T004594,V02,166,563,14,743
T004595,V08,198,493,21,712
T004596,V08,190,443,65,698
T004597,V11,164,154,55,373
T004598,V10,122,431,39,592
T004599,V04,161,306,51,518
T004600,V10,171,331,51,553
T004601,V05,189,620,41,850
T004602,V10,179,479,68,726
T004603,V03,141,497,19,657
T004604,V10,199,249,36,484
T004605,V04,151,591,42,784
T004606,V11,175,149,40,364
T004607,V11,179,357,59,595
T004608,V04,164,599,60,823
T004609,V01,171,449,24,644
T004610,V06,129,503,58,690
T004611,V11,123,229,51,403
T004612,V10,147,139,12,298
T004613,V07,129,259,149,537
T004614,V04,120,323,59,502
T004615,V03,189,456,36,681
T004616,V01,163,164,52,379
T004617,V01,162,341,13,516
T004618,V01,166,321,35,522
T004619,V07,131,405,95,631
T004620,V07,197,358,130,685
T004621,V09,198,241,69,508
T004622,V04,153,347,68,568
T004623,V11,148,267,45,460
T004624,V10,170,555,23,748
T004625,V06,182,228,64,474
T004626,V04,148,163,37,348
T004627,V09,185,581,30,796
T004628,V01,195,457,54,706
T004629,V05,186,467,69,722
T004630,V05,150,470,31,651
T004631,V06,170,252,47,469
T004632,V05,143,563,48,754
T004633,V06,187,330,40,557
T997704,V10,192,132,42,366
T004635,V02,123,288,15,426
T004636,V07,123,513,95,731
T004637,V08,157,525,36,718
T004638,V05,157,404,52,613
T004639,V11,139,170,16,325
T004640,V06,146,368,69,583
T004641,V07,176,224,198,598
T004642,V05,146,150,12,308
T004643,V05,174,161,58,393
T004644,V09,140,198,31,369
T004645,V02,161,160,67,388
T004646,V07,153,455,178,786
T004647,V11,160,413,35,608
T004648,V09,142,356,59,557
T004649,V03,189,366,40,595
T004650,V12,184,202,35,421
T004651,V06,129,329,55,513
T004652,V06,191,667,49,907
T004653,V02,163,518,45,726
T004654,V07,165,302,90,557
T004655,V09,160,346,15,521
T004656,V06,198,167,30,395
T004657,V02,193,571,54,818
T004658,V11,168,277,40,485
T004659,V07,138,609,48,795
T004660,V09,154,215,29,398
T004661,V11,166,593,31,790
T004662,V08,182,558,20,760
T992247,V10,126,176,31,333
T004664,V12,142,301,62,505
T004665,V09,174,245,39,458
T004666,V02,171,295,56,522
T004667,V07,163,304,75,542
T004668,V06,194,568,41,803
T004669,V02,197,582,54,833
T004670,V11,139,688,24,851
T004671,V06,164,666,25,855
T004672,V01,171,626,21,818
T004673,V07,144,169,97,410
T004674,V11,174,499,52,725
T004675,V02,171,388,22,581
T004676,V09,142,415,66,623
T004677,V11,122,606,25,753
T004678,V04,121,544,29,694
T004679,V12,132,615,32,779
T999820,V03,142,361,61,564
T004681,V08,151,432,55,638
T004682,V01,186,623,22,831
T004683,V11,153,224,37,414
T004684,V11,195,326,47,568
T004685,V05,136,180,42,358
T992101,V11,156,526,38,720
T004687,V08,161,657,29,847
T004688,V01,166,485,46,697
T004689,V04,133,406,30,569
T992030,V02,140,298,56,494
T004691,V02,187,348,43,578
T004692,V02,197,474,18,689
T004693,V01,145,345,57,547
T004694,V05,121,331,45,497
T004695,V10,130,296,10,436
T004696,V09,149,496,24,669
T004697,V05,187,478,46,711
T004698,V02,181,618,37,836
T004699,V08,134,554,61,749
T004700,V07,173,196,165,534
T004701,V03,146,167,55,368
T004702,V06,172,168,31,371
T004703,V12,141,279,49,469
T996804,V10,188,514,41,743
T004705,V11,136,412,42,590
T004706,V07,160,516,109,785
T004707,V02,147,278,17,442
T004708,V12,171,173,37,381
T004709,V12,195,531,54,780
T004710,V04,122,505,45,672
T004711,V06,182,570,32,784
T004712,V07,196,152,181,529
T004713,V09,190,241,57,488
T004714,V05,166,412,24,602
T004715,V12,143,415,14,572
T004716,V06,123,370,20,513
T004717,V09,142,524,39,705
T004718,V03,129,564,41,734
T996767,V10,195,533,50,778
T004720,V05,126,244,48,418
T004721,V11,159,250,29,438
T004722,V07,178,404,87,669
T004723,V08,177,432,36,645
T004724,V01,178,583,13,774
T004725,V12,196,302,60,558
T004726,V09,152,118,16,286
T004727,V07,138,516,62,716
T004728,V10,186,490,36,712
T004729,V11,188,292,25,505
T004730,V09,184,563,34,781
T004731,V09,126,269,16,411
T004732,V10,186,392,53,631
T004733,V02,191,561,29,781
T004734,V05,132,176,42,350
T004735,V05,136,573,21,730
T004736,V02,195,349,10,554
T004737,V12,122,122,48,292
T004738,V11,174,358,15,547
T004739,V07,194,437,185,816
T004740,V06,183,493,26,702
T004741,V03,199,472,59,730
T004742,V07,138,596,184,918
T004743,V04,199,544,64,807
T004744,V04,123,319,11,453
T004745,V11,175,376,43,594
T004746,V11,169,431,23,623
T004747,V04,146,614,59,819
T004748,V05,127,502,56,685
T004749,V06,126,189,19,334
T004750,V09,127,149,51,327
T004751,V06,124,215,65,404
T004752,V01,183,145,54,382
T004753,V08,159,272,28,459
T004754,V11,158,580,19,757
T004755,V04,129,248,31,408
T004756,V07,165,349,92,606
T004757,V11,122,421,47,590
T004758,V03,151,526,38,715
T004759,V05,155,577,48,780
T004760,V04,123,134,12,269
T004761,V10,172,419,20,611
T004762,V09,191,177,38,406
T004763,V01,164,525,34,723
T004764,V12,124,156,25,305
T004765,V11,175,214,36,425
T004766,V10,134,181,27,342
T004767,V09,151,121,57,329
T004768,V06,187,460,41,688
T004769,V11,157,562,63,782
T004770,V05,129,499,29,657
T004771,V03,174,298,30,502
T004772,V03,153,603,16,772
T004773,V07,176,165,88,429
T004774,V10,176,447,57,680
T004775,V11,196,398,45,639
T004776,V12,186,316,44,546
T004777,V11,147,345,34,526
T004778,V10,151,322,31,504
T004779,V03,147,558,58,763
T004780,V02,177,338,52,567
T004781,V02,193,545,14,752
T004782,V08,137,261,52,450
T004783,V08,134,310,50,494
T004784,V03,174,428,61,663
T004785,V05,180,530,11,721
T004786,V09,135,232,33,400
T004787,V07,184,186,131,501
T004788,V06,134,348,40,522
T004789,V08,199,214,38,451
T004790,V05,133,622,57,812
T004791,V04,130,310,53,493
T004792,V06,138,540,29,707
T004793,V10,180,607,59,846
T004794,V10,132,660,42,834
T004795,V06,128,252,57,437
T004796,V04,141,538,37,716
T004797,V04,165,450,20,635
T004798,V02,183,311,64,558
T004799,V03,172,373,22,567
T004800,V06,193,254,20,467
T004801,V09,134,488,67,689
T004802,V08,193,398,31,622
T004803,V03,128,506,61,695
T004804,V03,138,138,30,306
T004805,V03,128,337,46,511
T004806,V07,181,434,62,677
T004807,V02,183,560,18,761
T004808,V07,185,305,147,637
T004809,V05,158,511,33,702
T004810,V10,196,299,51,546
T004811,V09,171,312,17,500
T004812,V11,144,392,12,548
T004813,V01,123,487,14,624
T004814,V03,129,261,62,452
T004815,V11,151,594,47,792
T004816,V06,148,146,64,358
T004817,V02,177,185,47,409
T004818,V06,127,290,35,452
T004819,V03,181,552,41,774
T004820,V11,149,251,11,411
T004821,V05,154,159,38,351
T004822,V03,145,243,61,449
T004823,V12,176,211,34,421
T004824,V06,151,473,39,663
T004825,V04,146,334,55,535
T004826,V04,120,337,43,500
T004827,V03,131,141,49,321
T004828,V03,140,343,57,540
T004829,V02,194,434,64,692
T004830,V01,167,427,69,663
T004831,V12,167,185,28,380
T004832,V09,134,414,35,583
T995824,V12,181,276,63,520
T004834,V10,132,190,27,349
T004835,V07,160,371,136,667
T004836,V08,180,254,66,500
T004837,V01,143,558,56,757
T004838,V12,177,263,22,462
T004839,V04,141,178,66,385
T004840,V09,172,265,19,456
T004841,V06,190,434,65,689
T004842,V07,156,304,191,651
T004843,V08,137,301,23,461
T004844,V10,183,365,29,577
T004845,V10,165,231,69,465
T004846,V05,134,180,18,332
T004847,V06,189,316,32,537
T004848,V12,132,497,58,687
T004849,V05,172,327,58,557
T004850,V10,191,380,24,595
T004851,V08,177,495,59,731
T004852,V05,165,118,21,304
T004853,V06,172,388,66,626
T004854,V10,184,172,37,393
T004855,V01,143,469,63,675
T004856,V01,170,640,65,875
T004857,V08,125,590,40,755
T004858,V02,193,587,16,796
T004859,V05,141,344,26,511
T004860,V05,164,549,20,733
T004861,V05,183,342,31,556
T004862,V03,123,544,47,714
T004863,V02,165,454,40,659
T004864,V08,162,388,64,614
T004865,V09,147,296,69,512
T004866,V05,198,537,45,780
T004867,V04,144,607,33,784
T004868,V05,166,400,36,602
T004869,V09,170,184,25,379
T004870,V05,130,613,52,795
T004871,V12,197,482,62,741
T004872,V06,175,125,14,314
T004873,V01,148,450,57,655
T004874,V08,193,471,10,674
T990564,V07,126,580,173,879
T004876,V06,157,464,61,682
T004877,V03,136,168,24,328
T004878,V04,161,456,25,642
T004879,V12,173,469,12,654
T004880,V10,160,127,48,335
T004881,V04,197,423,14,634
T004882,V12,139,233,17,389
T004883,V01,140,246,61,447
T004884,V06,138,274,11,423
T004885,V04,168,169,52,389
T996777,V02,179,221,38,438
T004887,V06,189,593,54,836
T004888,V02,159,586,40,785
T004889,V02,187,402,26,615
T004890,V09,123,399,47,569
T004891,V12,198,312,25,535
T004892,V04,199,123,21,343
T004893,V03,172,389,58,619
T004894,V09,154,160,52,366
T004895,V05,142,203,56,401
T991216,V01,127,487,29,643
T004897,V09,187,495,41,723
T004898,V11,189,243,65,497
T004899,V09,146,412,28,586
T004900,V06,150,229,48,427
T004901,V02,170,469,37,676
T004902,V09,134,368,16,518
T004903,V09,122,188,20,330
T004904,V04,197,129,59,385
T004905,V10,177,295,27,499
T004906,V05,185,570,17,772
T004907,V11,135,634,60,829
T004908,V11,126,452,40,618
T004909,V12,145,196,29,370
T004910,V04,127,494,58,679
T004911,V04,124,411,66,601
T004912,V02,125,421,33,579
T004913,V04,191,341,50,582
T004914,V04,164,340,62,566
T004915,V05,123,304,65,492
T004916,V01,139,291,41,471
T004917,V11,156,293,26,475
T004918,V12,145,263,66,474
T004919,V12,134,118,42,294
T004920,V04,163,546,34,743
T004921,V12,138,127,35,300
T004922,V05,163,238,46,447
T004923,V08,160,201,50,411
T004924,V03,191,420,39,650
T004925,V09,141,528,53,722
T004926,V04,129,418,47,594
T004927,V09,124,135,41,300
T004928,V11,123,552,14,689
T004929,V03,150,502,13,665
T004930,V06,137,543,50,730
T004931,V02,188,590,40,818
T004932,V02,192,125,62,379
T004933,V09,153,127,30,310
T004934,V01,163,545,55,763
T004935,V08,178,230,43,451
T004936,V11,186,264,61,511
T004937,V06,135,562,26,723
T004938,V12,154,218,55,427
T004939,V05,177,311,19,507
T004940,V09,178,570,45,793
T004941,V04,180,369,40,589
T004942,V08,137,545,49,731
T994445,V12,188,382,39,609
T004944,V04,127,599,53,779
T004945,V02,158,243,15,416
T004946,V03,189,333,49,571
T004947,V06,186,237,46,469
T004948,V09,163,297,22,482
T004949,V07,165,432,193,790
T004950,V11,147,269,60,476
T004951,V07,179,496,45,720
T004952,V03,179,222,41,442
T004953,V03,169,245,30,444
T004954,V08,135,432,41,608
T004955,V11,157,374,52,583
T004956,V05,137,615,40,792
T004957,V03,137,219,44,400
T004958,V06,161,377,69,607
T004959,V09,168,413,41,622
T004960,V11,173,225,39,437
T004961,V07,151,511,47,709
T004962,V10,154,273,45,472
T004963,V08,165,408,11,584
T004964,V10,120,215,51,386
T004965,V09,146,549,56,751
T004966,V06,153,426,32,611
T004967,V08,131,278,59,468
T004968,V11,161,201,47,409
T004969,V06,124,338,62,524
T004970,V12,199,562,12,773
T004971,V06,164,281,32,477
T004972,V01,130,411,42,583
T004973,V10,148,478,14,640
T004974,V03,173,541,48,762
T004975,V05,184,178,28,390
T004976,V01,132,617,30,779
T004977,V10,124,495,68,687
T004978,V07,164,584,73,821
T004979,V09,127,250,38,415
T004980,V05,142,288,37,467
T004981,V11,163,517,60,740
T004982,V12,179,164,22,365
T004983,V07,170,549,147,866
T004984,V10,137,641,31,809
T004985,V01,186,474,38,698
T004986,V07,180,354,147,681
T004987,V11,122,597,31,750
T004988,V10,157,597,61,815
T004989,V05,178,254,44,476
T004990,V05,126,343,53,522
T004991,V04,158,268,51,477
T004992,V07,196,558,117,871
T004993,V08,123,335,37,495
T004994,V06,139,522,62,723
T004995,V02,152,210,42,404
T004996,V02,197,578,18,793
T004997,V03,134,156,40,330
T004998,V05,131,543,66,740
T004999,V06,152,516,64,732
T005000,V02,137,316,57,510
T005001,V03,131,256,18,405
T005002,V09,142,316,67,525
T005003,V11,158,159,42,359
T005004,V10,153,336,30,519
T005005,V01,195,277,58,530
T005006,V07,149,535,162,846
T005007,V02,124,152,21,297
T005008,V03,125,306,21,452
T005009,V04,150,381,15,546
T005010,V10,160,255,51,466
T005011,V11,193,549,13,755
T005012,V09,141,476,24,641
T005013,V07,125,227,89,441
T005014,V08,184,138,51,373
T991270,V04,141,588,50,779
T005016,V10,175,429,69,673
T005017,V01,127,426,69,622
T005018,V06,135,530,51,716
T005019,V11,132,389,64,585
T005020,V10,168,580,44,792
T005021,V12,122,319,13,454
T005022,V10,138,260,14,412
T005023,V06,150,326,26,502
T005024,V05,194,266,53,513
T005025,V08,167,560,22,749
T005026,V01,187,369,23,579
T005027,V10,152,531,50,733
T005028,V06,124,362,45,531
T005029,V03,141,289,12,442
T005030,V04,182,118,12,312
T005031,V01,147,500,16,663
T005032,V10,165,364,40,569
T999745,V03,194,326,21,541
T005034,V04,171,186,46,403
T005035,V10,184,519,46,749
T005036,V03,123,225,57,405
T005037,V08,140,156,39,335
T005038,V06,168,406,40,614
T005039,V04,154,438,20,612
T005040,V02,164,372,19,555
T005041,V11,156,450,46,652
T005042,V02,132,394,41,567
T005043,V05,145,480,10,635
T005044,V07,157,143,57,357
T005045,V07,120,528,158,806
T005046,V12,121,198,24,343
T005047,V11,195,276,30,501
T005048,V05,131,244,55,430
T005049,V06,133,311,47,491
T005050,V05,134,164,22,320
T005051,V08,180,413,34,627
T005052,V08,177,132,67,376
T005053,V08,199,230,14,443
T005054,V03,149,608,27,784
T005055,V03,199,264,13,476
T005056,V02,165,294,32,491
T005057,V09,178,159,68,405
T005058,V07,132,182,122,436
T994792,V09,131,573,46,750
T005060,V04,181,389,16,586
T005061,V06,183,459,65,707
T005062,V04,179,452,29,660
T005063,V10,126,526,69,721
T005064,V04,162,172,64,398
T005065,V05,162,565,17,744
T005066,V10,138,420,33,591
T005067,V03,161,298,45,504
T005068,V01,126,196,15,337
T005069,V12,180,496,27,703
T005070,V04,156,530,42,728
T005071,V11,141,184,27,352
T005072,V09,139,450,13,602
T005073,V02,185,507,45,737
T005074,V05,188,143,16,347
T005075,V11,141,311,15,467
T005076,V08,186,450,11,647
T005077,V11,187,485,36,708
T005078,V08,156,406,45,607
T005079,V03,187,518,69,774
T005080,V11,176,283,49,508
T005081,V07,148,289,136,573
T005082,V12,191,349,64,604
T005083,V03,162,506,42,710
T005084,V07,158,528,47,733
T005085,V09,191,218,38,447
T005086,V09,184,121,27,332
T005087,V02,172,226,57,455
T005088,V04,166,242,21,429
T005089,V07,198,141,189,528
T005090,V07,185,313,171,669
T005091,V06,195,549,25,769
T992017,V08,172,252,12,436
T005093,V01,188,437,30,655
T005094,V05,146,564,50,760
T005095,V11,188,190,61,439
T005096,V05,132,408,23,563
T005097,V01,173,433,10,616
T005098,V03,121,373,10,504
T005099,V02,152,192,63,407
T005100,V04,138,276,23,437
T005101,V04,150,291,65,506
T005102,V03,131,514,26,671
T005103,V11,163,277,30,470
T005104,V05,192,316,39,547
T005105,V03,158,311,15,484
T005106,V10,160,133,40,333
T005107,V09,135,640,37,812
T994219,V06,197,438,15,650
T005109,V07,185,540,160,885
T005110,V05,154,132,40,326
T005111,V05,184,391,47,622
T005112,V08,172,244,37,453
T005113,V07,186,411,67,664
T005114,V04,187,279,42,508
T005115,V02,187,485,53,725
T005116,V10,192,150,55,397
T005117,V03,165,129,42,336
T005118,V09,131,337,68,536
T005119,V06,187,506,50,743
T005120,V01,194,451,67,712
T005121,V03,121,231,61,413
T005122,V05,152,146,25,323
T005123,V11,167,480,50,697
T005124,V03,185,651,36,872
T005125,V01,149,215,19,383
T005126,V02,194,384,67,645
T005127,V01,142,420,60,622
T005128,V07,139,587,109,835
T005129,V06,199,545,48,792
T005130,V03,198,256,36,490
T005131,V01,158,460,54,672
T005132,V10,175,235,21,431
T005133,V06,141,613,37,791
T005134,V10,123,558,11,692
T005135,V04,182,541,24,747
T005136,V07,123,206,188,517
T005137,V09,150,247,14,411
T005138,V03,152,208,50,410
T005139,V11,195,144,47,386
T005140,V12,198,525,55,778
T005141,V02,144,235,36,415
T005142,V07,178,398,135,711
T005143,V10,182,300,51,533
T005144,V11,134,501,28,663
T005145,V07,170,275,166,611
T005146,V11,130,422,20,572
T005147,V01,188,261,56,505
T005148,V09,130,426,50,606
T005149,V06,131,567,49,747
T005150,V04,156,206,29,391
T005151,V06,179,125,48,352
T005152,V05,176,347,65,588
T005153,V03,153,212,29,394
T005154,V01,120,525,27,672
T005155,V10,138,192,50,380
T005156,V01,199,282,58,539
T005157,V02,154,669,39,862
T005158,V06,140,597,10,747
T005159,V09,129,179,63,371
T005160,V08,174,152,17,343
T005161,V09,180,199,57,436
T005162,V09,142,322,37,501
T005163,V09,196,342,39,577
T005164,V10,138,223,14,375
T005165,V03,168,469,67,704
T005166,V12,166,228,26,420
T005167,V10,131,222,64,417
T005168,V09,130,190,39,359
T005169,V11,130,348,25,503
T005170,V08,185,309,50,544
T005171,V10,140,639,33,812
T999801,V10,141,415,12,568
T005173,V08,131,382,56,569
T005174,V09,198,235,56,489
T998874,V01,152,264,64,480
T005176,V08,191,366,60,617
T005177,V10,160,564,61,785
T005178,V01,139,474,69,682
T991416,V02,143,474,20,637
T005180,V04,171,652,47,870
T005181,V09,120,597,68,785
T005182,V07,171,156,62,389
T005183,V06,154,478,57,689
T005184,V06,148,369,68,585
T005185,V11,179,596,66,841
T005186,V07,180,358,169,707
T005187,V09,147,372,14,533
T995973,V08,143,312,25,480
T005189,V04,184,232,34,450
T005190,V10,158,288,18,464
T005191,V07,163,117,69,349
T005192,V01,189,265,15,469
T005193,V03,137,260,34,431
T005194,V06,164,121,21,306
T005195,V08,199,225,36,460
T005196,V03,125,141,33,299
T005197,V06,195,210,69,474
T005198,V04,155,355,24,534
T005199,V11,140,317,13,470
T005200,V10,185,592,48,825
T005201,V12,188,583,27,798
T005202,V01,159,571,60,790
T005203,V07,183,419,95,697
T005204,V12,174,420,55,649
T005205,V07,139,164,199,502
T005206,V03,192,365,53,610
T005207,V06,192,133,25,350
T005208,V09,123,508,19,650
T005209,V04,167,494,39,700
T005210,V04,141,442,19,602
T005211,V09,189,577,46,812
T005212,V09,174,340,18,532
T005213,V06,150,238,47,435
T005214,V01,179,140,32,351
T005215,V08,180,294,28,502
T005216,V02,166,503,31,700
T005217,V05,175,571,20,766
T005218,V02,145,232,63,440
T005219,V07,139,526,78,743
T005220,V07,178,552,120,850
T993287,V07,183,441,169,793
T005222,V04,135,630,48,813
T005223,V12,174,149,44,367
T005224,V02,172,375,42,589
T005225,V05,150,660,64,874
T005226,V05,179,332,61,572
T005227,V12,195,233,57,485
T005228,V03,188,211,60,459
T005229,V01,192,232,52,476
T005230,V10,187,388,39,614
T005231,V10,136,509,14,659
T005232,V09,194,230,53,477
T005233,V12,152,516,52,720
T005234,V01,186,230,31,447
T005235,V05,128,305,22,455
T005236,V01,186,250,15,451
T005237,V04,146,325,18,489
T005238,V03,190,290,39,519
T005239,V03,193,533,27,753
T005240,V09,145,436,37,618
T005241,V07,147,568,150,865
T005242,V12,178,424,39,641
T005243,V03,191,550,52,793
T005244,V04,147,283,10,440
T005245,V11,191,159,13,363
T005246,V12,180,511,16,707
T005247,V11,175,587,23,785
T005248,V04,156,465,47,668
T005249,V11,155,187,44,386
T005250,V09,128,363,62,553
T005251,V01,164,279,43,486
T005252,V11,121,524,12,657
T005253,V04,187,180,43,410
T005254,V10,194,148,10,352
T005255,V09,180,467,66,713
T005256,V05,152,571,51,774
T005257,V09,180,196,44,420
T005258,V09,199,303,19,521
T005259,V07,131,526,90,747
T005260,V02,131,450,30,611
T005261,V10,171,196,31,398
T005262,V05,140,218,44,402
T005263,V11,134,141,33,308
T005264,V05,184,174,49,407
T005265,V03,163,325,64,552
T005266,V07,188,196,101,485
T005267,V06,161,310,65,536
T005268,V02,195,587,20,802
T005269,V04,193,149,12,354
T005270,V05,197,526,11,734
T005271,V05,120,429,10,559
T994111,V05,128,629,24,781
T005273,V07,143,313,186,642
T005274,V07,180,182,195,557
T005275,V11,133,520,26,679
T005276,V06,190,461,35,686
T005277,V03,186,580,32,798
T005278,V04,155,227,20,402
T005279,V04,153,482,39,674
T005280,V01,170,161,32,363
T005281,V11,170,315,16,501
T005282,V11,199,299,65,563
T005283,V12,156,251,27,434
T005284,V02,168,548,36,752
T005285,V12,170,565,29,764
T005286,V11,140,504,64,708
T005287,V01,185,632,69,886
T005288,V03,155,166,29,350
T005289,V09,197,441,38,676
T005290,V05,138,191,38,367
T005291,V03,185,237,30,452
T005292,V05,134,401,16,551
T005293,V01,150,447,28,625
T005294,V09,182,554,48,784
T005295,V12,183,448,59,690
T005296,V02,154,645,12,811
T005297,V10,149,321,32,502
T005298,V05,128,435,29,592
T005299,V11,159,472,39,670
T005300,V03,155,509,30,694
T005301,V12,143,387,58,588
T005302,V11,172,538,51,761
T005303,V06,186,597,69,852
T005304,V06,123,212,10,345
T005305,V11,125,626,59,810
T005306,V02,125,156,10,291
T005307,V08,130,286,59,475
T005308,V03,173,131,14,318
T005309,V01,139,150,32,321
T005310,V01,132,376,22,530
T005311,V03,195,331,34,560
T005312,V06,194,465,46,705
T005313,V12,178,415,68,661
T005314,V08,164,327,36,527
T005315,V05,167,525,44,736
T005316,V01,126,464,37,627
T005317,V05,125,576,32,733
T005318,V09,160,416,60,636
T005319,V06,136,176,12,324
T005320,V05,195,390,62,647
T005321,V03,167,316,65,548
T005322,V10,187,586,52,825
T005323,V09,161,133,19,313
T005324,V11,180,500,39,719
T005325,V03,122,629,36,787
T005326,V03,198,620,38,856
T005327,V11,141,538,30,709
T005328,V10,162,239,62,463
T005329,V07,144,165,42,351
T005330,V07,164,255,91,510
T005331,V09,181,519,17,717
T005332,V07,177,270,45,492
T005333,V09,149,432,22,603
T005334,V07,120,258,62,440
T005335,V08,165,310,36,511
T005336,V10,179,351,51,581
T005337,V10,130,120,19,269
T005338,V02,132,199,56,387
T005339,V10,182,550,52,784
T005340,V11,122,234,58,414
T005341,V02,178,441,16,635
T005342,V12,187,427,53,667
T005343,V05,164,465,66,695
T005344,V04,153,212,13,378
T005345,V11,176,256,60,492
T005346,V01,175,562,44,781
T005347,V08,152,655,38,845
T005348,V04,147,459,63,669
T005349,V12,198,455,36,689
T005350,V08,147,555,65,767
T005351,V03,190,422,24,636
T005352,V11,170,130,55,355
T005353,V08,127,306,34,467
T005354,V03,153,222,42,417
T005355,V09,128,196,53,377
T005356,V06,176,195,19,390
T005357,V02,133,487,48,668
T005358,V11,132,472,61,665
T005359,V10,120,345,38,503
T005360,V06,136,228,41,405
T005361,V02,162,152,24,338
T005362,V11,166,148,17,331
T005363,V04,145,513,31,689
T005364,V06,165,449,49,663
T005365,V07,145,243,177,565
T005366,V08,146,513,45,704
T005367,V05,198,525,68,791
T005368,V06,168,572,16,756
T005369,V09,125,514,40,679
T005370,V10,122,514,30,666
T005371,V09,176,316,26,518
T005372,V07,165,168,192,525
T005373,V02,176,573,32,781
T005374,V08,161,322,56,539
T005375,V02,187,288,26,501
T005376,V03,127,290,16,433
T005377,V02,149,365,45,559
T005378,V10,153,159,24,336
T005379,V03,176,262,36,474
T005380,V10,166,282,58,506
T005381,V09,150,432,37,619
T005382,V10,165,552,43,760
T005383,V02,187,297,44,528
T005384,V07,143,535,138,816
T005385,V05,189,313,26,528
T005386,V09,151,363,40,554
T005387,V03,166,556,23,745
T005388,V01,187,410,27,624
T005389,V02,182,323,37,542
T005390,V05,161,365,29,555
T005391,V10,187,129,46,362
T005392,V04,173,559,41,773
T992339,V08,186,414,57,657
T005394,V12,147,402,25,574
T005395,V02,140,323,35,498
T005396,V08,147,516,25,688
T005397,V07,125,492,100,717
T005398,V12,120,573,61,754
T005399,V04,192,563,12,767
T005400,V12,123,385,11,519
T005401,V08,126,641,61,828
T005402,V03,195,232,69,496
T005403,V12,194,529,51,774
T005404,V02,123,314,65,502
T005405,V02,150,434,35,619
T005406,V07,130,638,133,901
T005407,V01,154,528,34,716
T005408,V12,166,440,36,642
T005409,V09,173,593,55,821
T005410,V10,151,270,67,488
T005411,V02,129,162,60,351
T005412,V10,154,544,58,756
T005413,V12,154,537,26,717
T005414,V11,131,513,15,659
T005415,V03,143,242,56,441
T005416,V09,169,623,56,848
T005417,V11,183,304,64,551
T005418,V05,181,619,25,825
T005419,V06,189,431,24,644
T005420,V09,178,201,18,397
T005421,V05,173,208,52,433
T005422,V01,158,337,11,506
T005423,V07,148,287,131,566
T005424,V12,199,576,14,789
T005425,V09,194,186,51,431
T005426,V07,191,150,55,396
T005427,V03,187,290,60,537
T005428,V04,168,540,58,766
T005429,V10,161,531,64,756
T005430,V02,120,624,56,800
T005431,V10,155,553,50,758
T005432,V11,166,348,25,539
T005433,V03,162,216,41,419
T005434,V12,170,272,36,478
T005435,V02,158,222,66,446
T005436,V11,160,287,58,505
T005437,V06,188,500,30,718
T005438,V05,149,640,58,847
T005439,V06,155,294,42,491
T005440,V05,152,404,59,615
T005441,V12,153,585,68,806
T005442,V09,122,243,34,399
T005443,V03,138,219,69,426
T005444,V09,142,225,66,433
T005445,V04,193,227,55,475
T005446,V10,137,550,13,700
T005447,V10,149,407,42,598
T005448,V07,146,336,100,582
T005449,V08,173,459,40,672
T005450,V05,131,443,15,589
T005451,V10,164,516,34,714
T005452,V10,197,517,10,724
T005453,V11,165,297,38,500
T005454,V07,183,395,55,633
T005455,V03,143,480,33,656
T005456,V08,152,315,27,494
T005457,V11,129,453,32,614
T005458,V06,120,215,55,390
T005459,V03,142,508,40,690
T005460,V10,171,324,53,548
T005461,V02,186,287,48,521
T005462,V09,165,401,58,624
T005463,V03,123,489,67,679
T005464,V09,142,173,38,353
T005465,V01,121,262,48,431
T005466,V11,158,325,34,517
T005467,V08,158,127,56,341
T005468,V01,130,165,57,352
T005469,V10,134,447,40,621
T005470,V06,181,638,36,855
T005471,V01,160,369,45,574
T005472,V09,199,486,67,752
T005473,V10,170,572,57,799
T005474,V06,153,240,35,428
T005475,V03,120,423,69,612
T005476,V04,126,541,20,687
T005477,V05,189,414,14,617
T005478,V01,188,327,62,577
T005479,V05,127,622,14,763
T005480,V09,152,528,30,710
T005481,V09,183,296,38,517
T005482,V06,125,150,40,315
T005483,V10,158,332,39,529
T005484,V08,149,577,16,742
T005485,V03,161,206,39,406
T005486,V09,173,501,10,684
T005487,V09,158,288,54,500
T005488,V08,181,412,27,620
T995657,V12,196,457,67,720
T005490,V05,147,221,59,427
T005491,V09,181,429,56,666
T005492,V08,168,177,59,404
T005493,V04,175,135,14,324
T005494,V01,130,287,64,481
T005495,V07,134,167,176,477
T005496,V07,196,133,50,379
T005497,V12,121,166,24,311
T005498,V06,138,483,41,662
T005499,V07,161,181,147,489
T005500,V02,136,482,37,655
T005501,V09,161,360,27,548
T005502,V12,159,353,67,579
T005503,V04,149,330,59,538
T005504,V05,185,378,24,587
T005505,V01,133,616,37,786
T005506,V12,154,362,19,535
T005507,V01,161,563,48,772
T005508,V04,159,570,61,790
T005509,V09,195,433,27,655
T005510,V06,160,380,13,553
T005511,V12,130,134,52,316
T005512,V12,175,164,33,372
T005513,V06,139,464,48,651
T005514,V07,183,344,116,643
T005515,V08,184,466,48,698
T005516,V12,127,428,43,598
T005517,V02,187,186,16,389
T005518,V04,167,272,42,481
T005519,V05,160,196,48,404
T005520,V07,152,238,175,565
T005521,V10,160,250,18,428
T005522,V11,166,430,49,645
T005523,V01,186,446,45,677
T005524,V04,174,637,39,850
T005525,V06,154,158,28,340
T005526,V11,170,160,49,379
T005527,V12,149,311,63,523
T005528,V10,153,321,37,511
T005529,V12,184,598,20,802
T005530,V10,121,276,54,451
T005531,V09,125,318,59,502
T005532,V05,175,383,44,602
T005533,V03,183,453,27,663
T005534,V10,187,166,60,413
T005535,V06,178,287,21,486
T005536,V09,151,327,20,498
T005537,V03,182,383,19,584
T005538,V02,182,149,43,374
T005539,V09,147,464,59,670
T005540,V09,167,327,51,545
T005541,V01,164,222,31,417
T005542,V05,192,286,45,523
T005543,V11,158,278,11,447
T005544,V02,181,493,68,742
T005545,V03,159,537,11,707
T005546,V12,192,572,21,785
T005547,V12,177,349,16,542
T005548,V12,120,227,40,387
T005549,V02,182,396,10,588
T005550,V09,172,524,65,761
T005551,V05,171,343,68,582
T005552,V11,135,627,67,829
T005553,V10,135,207,54,396
T005554,V05,187,129,24,340
T005555,V03,170,308,10,488
T005556,V12,184,350,66,600
T005557,V11,176,305,31,512
T005558,V10,180,517,51,748
T005559,V09,190,535,12,737
T005560,V12,129,141,50,320
T005561,V10,145,522,14,681
T005562,V02,140,302,51,493
T005563,V06,163,372,29,564
T005564,V11,185,629,19,833
T005565,V06,135,338,43,516
T005566,V07,122,306,127,555
T005567,V05,122,493,60,675
T005568,V12,135,532,45,712
T005569,V03,162,639,18,819
T005570,V03,133,432,36,601
T005571,V11,176,312,10,498
T005572,V08,145,328,37,510
T005573,V02,175,383,20,578
T005574,V07,147,290,47,484
T005575,V04,148,181,35,364
T005576,V03,174,483,67,724
T005577,V09,174,419,18,611
T005578,V10,124,594,45,763
T005579,V04,165,570,20,755
T005580,V11,195,504,29,728
T005581,V07,140,494,194,828
T005582,V01,164,188,40,392
T005583,V07,176,154,55,385
T005584,V05,168,366,30,564
T005585,V04,152,415,55,622
T005586,V03,131,272,11,414
T005587,V11,165,558,35,758
T005588,V03,195,161,66,422
T005589,V04,145,303,62,510
T005590,V02,128,329,38,495
T005591,V05,161,548,10,719
T005592,V12,123,311,24,458
T005593,V12,181,506,64,751
T005594,V09,176,577,53,806
T005595,V05,164,413,40,617
T005596,V11,182,524,46,752
T005597,V07,179,488,173,840
T996393,V01,171,133,30,334
T005599,V06,138,131,30,299
T005600,V07,121,458,58,637
T005601,V12,134,433,42,609
T005602,V03,199,394,48,641
T005603,V03,154,483,22,659
T005604,V11,182,360,52,594
T005605,V09,144,604,59,807
T005606,V02,122,157,43,322
T005607,V05,197,497,39,733
T005608,V06,120,286,23,429
T005609,V09,121,436,61,618
T005610,V03,167,336,44,547
T005611,V01,170,287,13,470
T005612,V12,147,597,67,811
T005613,V06,173,476,54,703
T005614,V03,165,485,20,670
T005615,V07,165,315,191,671
T005616,V05,139,140,42,321
T005617,V03,185,439,22,646
T005618,V02,134,633,12,779
T993434,V09,162,322,59,543
T005620,V11,175,485,56,716
T005621,V06,190,443,19,652
T005622,V12,187,260,18,465
T005623,V06,128,385,59,572
T005624,V10,129,516,58,703
T005625,V12,181,552,25,758
T005626,V03,155,123,56,334
T005627,V10,171,562,26,759
T005628,V12,155,497,39,691
T005629,V03,138,262,12,412
T005630,V05,189,245,53,487
T005631,V08,195,236,12,443
T005632,V10,198,261,12,471
T005633,V04,145,526,64,735
T005634,V05,136,170,51,357
T005635,V03,153,415,46,614
T005636,V12,126,330,61,517
T005637,V03,155,566,63,784
T005638,V06,154,467,68,689
T005639,V02,128,321,17,466
T005640,V08,171,488,58,717
T005641,V05,139,592,57,788
T005642,V01,139,592,12,743
T005643,V10,155,167,53,375
T005644,V01,122,536,33,691
T005645,V09,197,205,34,436
T005646,V08,150,484,39,673
T998228,V07,139,341,80,560
T005648,V11,184,447,23,654
T005649,V05,164,259,31,454
T005650,V04,161,366,37,564
T005651,V07,158,291,148,597
T005652,V01,176,151,40,367
T005653,V12,182,485,17,684
T005654,V11,154,163,13,330
T005655,V07,131,432,136,699
T005656,V12,183,370,49,602
T005657,V04,189,315,48,552
T005658,V08,192,597,58,847
T005659,V01,160,630,55,845
T005660,V11,179,149,26,354
T005661,V07,121,376,115,612
T005662,V05,141,481,64,686
T005663,V11,135,553,41,729
T005664,V04,158,347,20,525
T005665,V02,155,178,19,352
T005666,V05,136,528,61,725
T005667,V02,120,533,13,666
T005668,V04,144,308,58,510
T005669,V04,163,177,57,397
T992799,V10,171,198,47,416
T005671,V12,135,592,25,752
T005672,V11,120,487,68,675
T005673,V03,173,281,11,465
T005674,V02,143,147,48,338
T005675,V08,164,339,35,538
T005676,V07,156,263,75,494
T005677,V05,155,313,17,485
T005678,V05,158,458,19,635
T005679,V03,124,428,13,565
T005680,V02,154,177,24,355
T005681,V10,171,475,42,688
T005682,V05,146,462,10,618
T005683,V05,182,536,34,752
T005684,V09,129,366,47,542
T005685,V12,196,145,48,389
T005686,V08,171,452,11,634
T005687,V05,136,339,52,527
T005688,V03,191,441,48,680
T005689,V06,158,153,11,322
T005690,V08,166,466,34,666
T005691,V02,170,178,43,391
T005692,V05,131,402,55,588
T005693,V11,173,131,62,366
T005694,V04,162,548,52,762
T005695,V07,145,504,61,710
T005696,V08,187,548,16,751
T005697,V03,153,318,55,526
T005698,V01,173,260,48,481
T005699,V01,164,187,38,389
T005700,V10,197,464,69,730
T005701,V08,121,513,31,665
T005702,V10,135,154,19,308
T005703,V07,154,626,80,860
T005704,V06,177,593,33,803
T005705,V10,147,296,49,492
T005706,V12,140,253,38,431
T005707,V10,121,425,30,576
T005708,V08,172,507,61,740
T005709,V02,124,339,34,497
T005710,V10,125,147,42,314
T005711,V04,135,142,13,290
T005712,V05,197,540,18,755
T995588,V11,189,115,59,363
T005714,V01,183,256,69,508
T005715,V10,166,326,41,533
T005716,V08,140,165,34,339
T005717,V06,167,166,57,390
T005718,V07,151,270,185,606
T005719,V06,128,192,50,370
T005720,V12,184,534,67,785
T005721,V08,172,318,10,500
T005722,V03,191,330,47,568
T005723,V11,162,164,46,372
T005724,V05,142,481,22,645
T005725,V01,142,639,22,803
T005726,V04,138,382,16,536
T005727,V02,142,445,60,647
T005728,V12,170,275,33,478
T005729,V06,130,145,67,342
T005730,V02,182,417,65,664
T005731,V07,172,409,123,704
T005732,V08,184,157,67,408
T005733,V06,173,327,27,527
T005734,V12,142,513,23,678
T005735,V06,174,467,45,686
T005736,V06,181,593,14,788
T005737,V12,147,343,17,507
T005738,V05,143,254,66,463
T005739,V05,169,129,22,320
T005740,V05,174,343,24,541
T005741,V03,153,466,23,642
T005742,V06,134,165,28,327
T005743,V10,162,269,11,442
T005744,V07,158,149,123,430
T005745,V05,179,593,11,783
T005746,V04,127,552,20,699
T005747,V11,173,178,50,401
T005748,V06,131,161,51,343
T005749,V07,165,423,84,672
T005750,V11,182,535,19,736
T005751,V06,159,586,29,774
T005752,V05,136,231,11,378
T005753,V10,196,462,55,713
T005754,V07,153,578,134,865
T005755,V05,188,439,31,658
T005756,V12,187,451,53,691
T005757,V09,132,501,40,673
T005758,V02,180,480,55,715
T005759,V06,121,534,67,722
T005760,V08,152,505,40,697
T005761,V06,123,295,25,443
T005762,V02,162,342,45,549
T005763,V08,122,230,11,363
T005764,V09,171,321,33,525
T005765,V01,124,262,33,419
T005766,V02,145,155,37,337
T005767,V11,164,395,65,624
T005768,V04,194,381,15,590
T005769,V05,188,312,35,535
T005770,V07,125,323,71,519
T005771,V12,140,595,36,771
T005772,V02,183,276,25,484
T005773,V08,175,485,69,729
T005774,V12,131,256,56,443
T005775,V08,149,301,55,505
T005776,V07,169,151,59,379
T005777,V03,139,299,62,500
T005778,V01,191,260,17,468
T005779,V12,196,299,12,507
T005780,V12,194,149,54,397
T005781,V01,195,223,13,431
T005782,V05,190,608,57,855
T005783,V05,174,167,34,375
T005784,V11,177,342,34,553
T005785,V01,124,257,19,400
T005786,V09,156,134,28,318
T005787,V10,135,256,66,457
T005788,V02,161,400,19,580
T005789,V01,171,219,48,438
T005790,V05,133,444,44,621
T005791,V02,132,324,69,525
T005792,V10,143,200,53,396
T005793,V02,179,291,13,483
T005794,V06,199,256,23,478
T999260,V03,122,497,15,634
T005796,V11,176,150,41,367
T005797,V08,190,364,60,614
T005798,V04,182,581,43,806
T005799,V01,121,142,18,281
T005800,V04,124,177,17,318
T005801,V11,123,401,43,567
T005802,V12,142,652,38,832
T005803,V08,183,159,53,395
T005804,V04,196,285,59,540
T005805,V09,167,271,24,462
T005806,V03,175,155,43,373
T005807,V11,179,481,22,682
T005808,V07,187,302,172,661
T005809,V08,155,306,50,511
T005810,V07,141,408,72,621
T005811,V09,154,480,45,679
T005812,V12,181,327,44,552
T990982,V12,131,334,52,517
T005814,V01,140,445,52,637
T005815,V06,168,122,19,309
T005816,V02,164,352,48,564
T005817,V04,174,167,59,400
T005818,V07,121,340,89,550
T005819,V11,129,194,50,373
T005820,V05,154,280,64,498
T005821,V08,177,170,45,392
T005822,V10,148,278,53,479
T005823,V03,189,639,46,874
T005824,V04,169,585,34,788
T005825,V06,151,336,34,521
T005826,V12,188,534,10,732
T005827,V10,196,402,46,644
T005828,V12,131,254,11,396
T005829,V07,121,177,150,448
T005830,V12,131,357,12,500
T005831,V05,142,649,29,820
T005832,V11,199,538,10,747
T994587,V03,158,273,10,441
T005834,V12,166,498,55,719
T005835,V12,148,309,59,516
T005836,V01,188,358,69,615
T005837,V08,194,363,58,615
T005838,V04,174,335,21,530
T005839,V06,139,413,10,562
T005840,V01,190,368,68,626
T005841,V12,129,606,53,788
T005842,V08,139,131,66,336
T005843,V12,142,207,30,379
T005844,V04,173,647,44,864
T005845,V02,152,639,48,839
T005846,V07,166,337,122,625
T005847,V04,189,168,28,385
T005848,V10,176,497,68,741
T005849,V12,134,591,62,787
T005850,V04,163,247,43,453
T005851,V12,197,165,40,402
T005852,V03,189,239,53,481
T005853,V09,152,534,66,752
T005854,V03,121,640,63,824
T005855,V03,197,257,14,468
T005856,V02,123,279,12,414
T005857,V02,158,285,21,464
T005858,V10,176,497,61,734
T005859,V07,173,511,69,753
T005860,V11,160,378,54,592
T005861,V01,166,134,31,331
T990614,V12,173,431,13,617
T005863,V10,138,403,63,604
T005864,V10,184,590,21,795
T005865,V06,140,563,68,771
T005866,V03,183,126,26,335
T995651,V08,198,517,67,782
T005868,V07,168,407,117,692
T999128,V09,173,466,45,684
T005870,V06,185,148,34,367
T005871,V07,158,375,98,631
T005872,V11,149,544,60,753
T005873,V03,185,470,29,684
T005874,V11,140,411,10,561
T005875,V11,185,306,41,532
T005876,V04,165,271,61,497
T005877,V05,132,471,21,624
T005878,V07,168,239,197,604
T005879,V10,180,328,38,546
T005880,V06,191,535,29,755
T005881,V05,180,168,67,415
T005882,V03,134,307,44,485
T005883,V12,161,543,25,729
T005884,V04,172,479,68,719
T005885,V12,170,307,57,534
T005886,V07,143,569,71,783
T005887,V12,160,564,50,774
T005888,V11,179,582,11,772
T005889,V10,134,451,50,635
T005890,V05,155,642,59,856
T005891,V02,193,168,39,400
T005892,V08,142,213,55,410
T005893,V11,136,540,47,723
T005894,V06,147,328,52,527
T005895,V10,180,187,30,397
T005896,V02,148,352,14,514
T005897,V07,193,255,122,570
T005898,V01,175,217,49,441
T005899,V03,123,622,54,799
T005900,V07,127,344,114,585
T005901,V05,193,537,59,789
T005902,V03,151,212,38,401
T005903,V11,197,588,37,822
T005904,V03,183,147,47,377
T005905,V09,138,519,19,676
T005906,V11,180,353,69,602
T005907,V01,148,507,25,680
T005908,V05,180,220,13,413
T005909,V05,187,235,45,467
T005910,V05,191,356,65,612
T005911,V04,183,398,26,607
T005912,V07,159,378,175,712
T005913,V06,181,147,53,381
T005914,V12,160,421,24,605
T005915,V09,192,145,22,359
T005916,V09,144,613,38,795
T005917,V11,152,576,17,745
T005918,V09,127,226,69,422
T005919,V04,126,614,19,759
T005920,V06,144,591,57,792
T005921,V06,197,224,20,441
T005922,V03,166,501,37,704
T992092,V09,194,374,15,583
T005924,V06,191,474,37,702
T005925,V04,164,452,67,683
T005926,V03,146,143,46,335
T005927,V10,143,512,68,723
T005928,V11,146,349,64,559
T005929,V05,179,143,18,340
T005930,V03,129,218,60,407
T005931,V06,159,552,58,769
T005932,V11,172,591,32,795
T005933,V03,173,550,32,755
T005934,V03,121,459,31,611
T005935,V09,193,346,44,583
T005936,V12,187,588,60,835
T005937,V07,122,474,40,636
T005938,V02,139,225,19,383
T005939,V03,157,597,50,804
T005940,V08,126,465,61,652
T005941,V05,175,573,16,764
T005942,V09,179,453,12,644
T005943,V05,169,414,13,596
T005944,V08,179,282,29,490
T005945,V11,179,259,36,474
T005946,V11,145,120,40,305
T005947,V04,139,464,21,624
T005948,V01,186,434,19,639
T005949,V08,156,615,32,803
T005950,V08,180,249,30,459
T005951,V01,186,394,59,639
T005952,V11,160,496,43,699
T005953,V05,146,110,51,307
T005954,V01,121,208,31,360
T005955,V01,140,518,51,709
T005956,V04,179,414,19,612
T005957,V02,138,587,12,737
T005958,V12,159,323,31,513
T005959,V07,136,246,179,561
T005960,V10,148,577,27,752
T005961,V12,172,196,17,385
T005962,V04,181,605,56,842
T005963,V05,165,344,35,544
T005964,V01,143,270,67,480
T005965,V05,173,292,68,533
T005966,V12,137,420,30,587
T005967,V11,184,386,53,623
T005968,V06,131,416,31,578
T005969,V12,131,124,40,295
T005970,V01,185,532,68,785
T005971,V09,120,527,63,710
T005972,V04,144,380,61,585
T005973,V02,167,399,12,578
T005974,V11,133,116,32,281
T005975,V10,188,557,61,806
T005976,V07,194,503,187,884
T005977,V11,141,589,45,775
T005978,V01,170,386,26,582
T005979,V08,170,243,17,430
T005980,V08,138,638,32,808
T005981,V06,157,467,67,691
T005982,V10,168,244,51,463
T005983,V08,170,639,22,831
T005984,V04,197,464,33,694
T005985,V07,141,623,154,918
T005986,V03,140,469,38,647
T005987,V05,176,556,61,793
T005988,V11,178,482,57,717
T005989,V03,132,152,50,334
T005990,V02,150,331,62,543
T005991,V07,164,293,166,623
T005992,V07,144,546,47,737
T005993,V12,199,480,60,739
T005994,V04,147,297,41,485
T005995,V07,189,535,63,787
T005996,V11,188,515,18,721
T005997,V12,174,202,41,417
T005998,V01,178,244,57,479
T005999,V02,144,385,38,567
T006000,V04,166,335,15,516
T006001,V05,128,229,63,420
T006002,V07,146,370,168,684
T006003,V10,197,647,32,876
T006004,V02,140,215,34,389
T006005,V11,193,360,24,577
T006006,V09,161,673,52,886
T006007,V07,145,315,44,504
T006008,V05,156,503,34,693
T006009,V10,154,381,47,582
T006010,V06,158,229,37,424
T006011,V02,140,593,65,798
T006012,V05,181,343,69,593
T006013,V03,160,350,43,553
T006014,V08,167,581,44,792
T006015,V10,187,125,66,378
T006016,V03,165,151,59,375
T006017,V12,155,181,29,365
T006018,V04,123,636,66,825
T006019,V11,182,221,25,428
T006020,V02,172,133,24,329
T006021,V08,176,302,13,491
T006022,V06,151,556,20,727
T006023,V12,179,304,22,505
T006024,V09,150,162,29,341
T006025,V03,133,501,44,678
T006026,V12,156,177,38,371
T006027,V05,184,358,43,585
T006028,V12,180,567,26,773
T006029,V08,195,614,47,856
T006030,V08,182,565,36,783
T006031,V10,171,575,64,810
T006032,V06,179,404,68,651
T006033,V04,174,526,58,758
T006034,V12,182,476,12,670
T006035,V01,164,241,21,426
T006036,V03,130,658,63,851
T006037,V07,174,169,163,506
T006038,V05,152,476,29,657
T006039,V08,169,178,59,406
T006040,V01,176,606,20,802
T006041,V08,121,561,49,731
T006042,V03,156,678,24,858
T992277,V02,160,538,13,711
T006044,V09,133,518,24,675
T006045,V10,191,614,44,849
T006046,V07,135,183,128,446
T006047,V04,122,263,54,439
T006048,V08,191,364,26,581
T006049,V05,165,245,33,443
T006050,V09,136,237,33,406
T006051,V05,162,450,61,673
T006052,V09,158,502,57,717
T006053,V11,136,579,28,743
T006054,V09,128,552,53,733
T006055,V05,189,480,62,731
T006056,V12,142,518,54,714
T006057,V02,171,449,16,636
T006058,V07,139,459,47,645
T006059,V07,143,605,117,865
T006060,V06,139,363,17,519
T006061,V12,165,178,48,391
T006062,V04,134,233,43,410
T006063,V11,141,336,11,488
T006064,V10,179,616,33,828
T006065,V09,137,245,14,396
T006066,V02,189,508,10,707
T006067,V10,140,117,52,309
T006068,V02,129,340,25,494
T006069,V03,139,459,28,626
T006070,V01,141,281,11,433
T006071,V09,159,148,45,352
T006072,V12,130,195,16,341
T006073,V12,193,285,53,531
T006074,V09,163,563,31,757
T006075,V07,156,211,118,485
T006076,V10,131,309,24,464
T006077,V12,159,267,40,466
T006078,V07,170,396,148,714
T006079,V09,152,643,25,820
T006080,V12,192,444,35,671
T006081,V03,185,345,27,557
T006082,V07,128,542,86,756
T006083,V06,181,274,36,491
T006084,V05,150,387,60,597
T993010,V06,131,525,69,725
T006086,V03,193,407,19,619
T006087,V09,153,406,68,627
T006088,V04,123,548,27,698
T006089,V10,175,367,69,611
T006090,V03,167,440,11,618
T006091,V10,152,371,40,563
T006092,V12,181,339,36,556
T006093,V04,121,535,51,707
T006094,V04,177,339,39,555
T006095,V01,196,404,32,632
T990077,V04,192,156,54,402
T006097,V10,164,426,56,646
T006098,V06,127,434,42,603
T006099,V02,188,225,13,426
T006100,V02,138,328,31,497
T006101,V04,198,499,20,717
T006102,V05,144,389,38,571
T006103,V09,155,167,38,360
T006104,V11,125,313,62,500
T006105,V05,198,197,44,439
T006106,V05,142,251,21,414
T006107,V02,135,250,31,416
T006108,V10,194,287,28,509
T006109,V07,141,525,55,721
T006110,V06,138,129,24,291
T006111,V12,171,129,15,315
T006112,V08,136,332,38,506
T006113,V10,179,475,27,681
T006114,V07,147,587,138,872
T006115,V02,157,498,57,712
T006116,V03,194,257,36,487
T006117,V12,177,224,35,436
T006118,V09,124,410,17,551
T006119,V06,136,213,34,383
T006120,V12,142,245,30,417
T006121,V08,158,313,32,503
T006122,V10,164,204,36,404
T006123,V02,178,243,10,431
T006124,V03,141,322,37,500
T006125,V03,164,489,45,698
T006126,V07,123,254,95,472
T006127,V08,166,604,14,784
T006128,V03,160,148,53,361
T006129,V09,124,451,20,595
T006130,V06,146,573,61,780
T006131,V08,171,150,54,375
T006132,V11,184,450,29,663
T006133,V08,172,511,67,750
T006134,V07,123,486,74,683
T006135,V02,154,411,20,585
T006136,V03,165,155,33,353
T006137,V03,191,317,18,526
T006138,V11,132,225,23,380
T006139,V09,187,467,26,680
T006140,V01,135,244,34,413
T006141,V06,157,389,50,596
T006142,V05,143,306,66,515
T006143,V12,135,347,31,513
T006144,V10,191,396,45,632
T006145,V08,125,543,35,703
T006146,V11,173,412,65,650
T006147,V08,182,561,41,784
T006148,V10,174,436,61,671
T006149,V05,169,488,30,687
T006150,V01,173,556,11,740
T006151,V12,193,293,60,546
T006152,V04,164,140,56,360
T006153,V11,185,256,66,507
T006154,V12,160,210,29,399
T006155,V01,176,501,44,721
T006156,V10,193,423,30,646
T006157,V08,166,229,69,464
T006158,V09,183,170,50,403
T006159,V02,124,229,25,378
T006160,V12,166,473,16,655
T006161,V10,136,158,51,345
T995392,V03,178,448,34,660
T006163,V07,198,408,78,684
T006164,V03,140,238,37,415
T006165,V05,156,325,57,538
T006166,V07,161,538,66,765
T006167,V10,136,284,63,483
T006168,V08,176,369,27,572
T006169,V03,141,207,43,391
T006170,V03,185,500,65,750
T006171,V09,152,248,29,429
T006172,V10,150,446,35,631
T006173,V10,175,247,35,457
T006174,V06,186,246,11,443
T006175,V04,147,179,57,383
T006176,V10,196,289,41,526
T006177,V05,175,217,22,414
T006178,V05,186,215,48,449
T006179,V04,168,344,41,553
T006180,V11,144,598,29,771
T006181,V10,124,433,56,613
T006182,V02,129,376,16,521
T006183,V04,181,456,65,702
T006184,V07,194,303,86,583
T006185,V04,181,297,63,541
T006186,V12,147,526,55,728
T006187,V02,153,265,45,463
T006188,V06,127,630,39,796
T006189,V02,136,263,30,429
T006190,V12,136,569,57,762
T006191,V03,147,139,57,343
T006192,V06,190,451,69,710
T006193,V01,196,425,19,640
T006194,V01,167,556,32,755
T006195,V03,177,155,59,391
T006196,V06,197,278,32,507
T006197,V05,151,499,56,706
T006198,V01,197,158,35,390
T006199,V10,161,196,31,388
T006200,V06,172,420,28,620
T006201,V06,128,400,24,552
T006202,V01,170,244,60,474
T006203,V03,162,134,18,314
T006204,V05,120,337,30,487
T997272,V04,125,282,59,466
T006206,V10,193,133,57,383
T006207,V12,123,291,52,466
T006208,V06,172,141,26,339
T006209,V11,166,542,66,774
T006210,V07,167,333,128,628
T006211,V08,173,454,66,693
T006212,V08,135,494,69,698
T006213,V07,124,374,125,623
T006214,V09,180,647,52,879
T006215,V10,196,468,65,729
T006216,V02,199,685,37,921
T006217,V10,168,452,15,635
T006218,V07,141,484,93,718
T006219,V04,189,343,18,550
T006220,V07,177,641,178,996
T006221,V08,136,662,14,812
T006222,V01,197,438,36,671
T006223,V02,131,649,69,849
T006224,V07,121,547,155,823
T006225,V08,153,535,25,713
T006226,V05,162,221,27,410
T006227,V05,149,254,16,419
T006228,V04,196,355,59,610
T006229,V05,166,548,27,741
T006230,V01,136,466,22,624
T006231,V12,190,317,62,569
T006232,V06,150,295,28,473
T006233,V11,157,520,67,744
T006234,V10,171,483,15,669
T006235,V07,154,546,86,786
T006236,V01,148,160,15,323
T006237,V07,138,366,117,621
T006238,V11,161,431,60,652
T006239,V09,150,564,14,728
T006240,V09,195,312,49,556
T006241,V09,121,202,50,373
T006242,V10,173,211,49,433
T006243,V02,127,506,61,694
T006244,V12,181,444,22,647
T006245,V06,135,474,50,659
T006246,V09,148,336,48,532
T006247,V08,162,476,33,671
T006248,V03,194,253,52,499
T006249,V03,129,180,17,326
T006250,V12,138,617,67,822
T999744,V10,186,216,36,438
T006252,V05,127,208,10,345
T006253,V01,154,396,40,590
T006254,V08,143,107,67,317
T006255,V05,192,589,21,802
T006256,V12,173,218,62,453
T006257,V06,129,458,14,601
T006258,V12,187,395,38,620
T006259,V01,182,433,34,649
T006260,V06,120,600,29,749
T006261,V08,180,178,69,427
T006262,V05,188,385,38,611
T006263,V01,198,612,14,824
T006264,V01,121,462,11,594
T006265,V03,165,323,21,509
T998211,V10,173,320,35,528
T006267,V03,154,306,28,488
T006268,V03,151,286,55,492
T006269,V11,131,513,62,706
T006270,V12,148,461,43,652
T006271,V04,152,187,54,393
T006272,V01,194,277,22,493
T006273,V04,175,225,32,432
T006274,V10,134,370,21,525
T006275,V02,173,401,30,604
T006276,V05,136,342,29,507
T006277,V06,141,512,49,702
T006278,V03,131,417,58,606
T006279,V05,137,269,64,470
T006280,V12,195,200,12,407
T998128,V08,174,538,31,743
T006282,V12,174,205,43,422
T006283,V09,176,293,34,503
T006284,V02,193,584,64,841
T006285,V03,126,475,54,655
T006286,V08,120,261,49,430
T006287,V04,158,479,45,682
T006288,V02,171,489,68,728
T006289,V06,121,202,63,386
T006290,V08,161,408,29,598
T006291,V08,193,332,13,538
T006292,V05,184,432,61,677
T006293,V07,161,613,59,833
T006294,V09,137,586,47,770
T006295,V01,126,565,62,753
T006296,V05,199,247,17,463
T006297,V08,122,394,56,572
T006298,V01,190,632,30,852
T006299,V08,190,128,24,342
T006300,V10,133,490,15,638
T006301,V04,172,369,65,606
T006302,V10,142,258,13,413
T006303,V10,149,395,24,568
T006304,V06,131,357,40,528
T006305,V11,126,222,28,376
T006306,V07,184,366,149,699
T006307,V02,186,328,58,572
T006308,V10,189,242,21,452
T006309,V08,197,438,30,665
T006310,V12,139,500,49,688
T006311,V11,133,232,44,409
T006312,V10,148,601,42,791
T993377,V04,121,128,27,276
T006314,V12,173,489,50,712
T006315,V11,194,149,21,364
T006316,V09,160,459,54,673
T006317,V05,198,277,26,501
T006318,V04,173,442,61,676
T006319,V10,134,138,18,290
T006320,V10,128,600,55,783
T006321,V07,149,293,47,489
T006322,V07,148,244,182,574
T006323,V11,137,317,50,504
T006324,V11,184,278,39,501
T006325,V08,185,312,13,510
T006326,V03,174,272,33,479
T006327,V06,192,375,14,581
T006328,V01,150,270,61,481
T006329,V06,135,382,35,552
T006330,V08,199,157,12,368
T006331,V07,190,459,170,819
T006332,V11,198,463,47,708
T992607,V12,195,382,57,634
T006334,V09,138,215,15,368
T006335,V07,139,609,72,820
T006336,V04,185,455,27,667
T006337,V05,147,268,23,438
T006338,V09,185,360,21,566
T006339,V07,127,386,115,628
T006340,V11,125,166,60,351
T006341,V12,182,386,12,580
T006342,V09,131,165,48,344
T006343,V07,140,164,68,372
T006344,V08,178,347,41,566
T006345,V07,140,465,87,692
T006346,V10,140,470,21,631
T006347,V09,156,465,20,641
T006348,V07,171,156,179,506
T006349,V11,190,567,30,787
T006350,V10,133,349,25,507
T006351,V02,155,118,32,305
T006352,V05,153,312,46,511
T006353,V03,168,329,15,512
T006354,V07,144,443,180,767
T006355,V07,178,308,161,647
T006356,V06,175,475,56,706
T006357,V02,195,305,49,549
T006358,V06,146,535,55,736
T006359,V11,157,499,66,722
T006360,V08,128,225,63,416
T006361,V01,171,555,25,751
T006362,V12,139,491,24,654
T006363,V12,164,293,36,493
T006364,V10,174,465,60,699
T006365,V07,170,333,68,571
T006366,V10,159,514,57,730
T006367,V05,164,301,18,483
T006368,V02,140,230,24,394
T006369,V02,186,136,59,381
T006370,V03,127,318,46,491
T006371,V05,167,123,53,343
T006372,V07,188,272,76,536
T006373,V09,165,590,54,809
T006374,V12,128,448,16,592
T006375,V09,151,282,42,475
T006376,V09,193,520,52,765
T006377,V09,184,419,33,636
T006378,V04,178,449,60,687
T006379,V10,174,175,68,417
T006380,V07,173,537,63,773
T006381,V06,123,298,43,464
T006382,V08,152,437,43,632
T006383,V11,152,215,41,408
T006384,V04,163,108,11,282
T006385,V02,169,531,39,739
T006386,V05,198,488,67,753
T006387,V06,190,336,28,554
T006388,V12,165,424,34,623
T006389,V09,141,466,67,674
T006390,V11,173,451,67,691
T991412,V08,187,185,34,406
T006392,V07,135,280,150,565
T006393,V03,138,344,20,502
T006394,V10,164,562,46,772
T006395,V10,170,515,55,740
T006396,V01,191,476,42,709
T006397,V12,122,401,23,546
T006398,V11,137,281,40,458
T006399,V03,127,155,58,340
T006400,V04,169,541,35,745
T006401,V01,158,554,56,768
T006402,V10,196,236,34,466
T006403,V03,175,147,64,386
T006404,V04,181,596,43,820
T006405,V09,141,502,17,660
T006406,V12,182,138,60,380
T006407,V08,164,561,10,735
T006408,V09,181,279,24,484
T006409,V01,129,350,24,503
T006410,V02,192,340,28,560
T006411,V03,181,376,16,573
T006412,V06,184,427,52,663
T006413,V05,130,241,68,439
T006414,V07,193,164,107,464
T006415,V01,124,456,44,624
T006416,V03,192,243,38,473
T990674,V08,152,517,15,684
T006418,V04,158,422,61,641
T006419,V07,156,646,143,945
T006420,V04,120,442,50,612
T006421,V09,194,215,26,435
T006422,V06,181,367,68,616
T006423,V01,152,617,67,836
T006424,V01,131,148,40,319
T006425,V06,140,553,56,749
T006426,V03,157,357,40,554
T006427,V06,164,463,32,659
T006428,V01,183,230,63,476
T006429,V10,145,413,49,607
T006430,V11,190,261,43,494
T006431,V10,143,236,31,410
T006432,V02,138,462,36,636
T006433,V11,177,361,45,583
T006434,V02,189,443,47,679
T006435,V04,198,467,50,715
T006436,V10,162,296,40,498
T006437,V12,121,147,25,293
T006438,V04,145,376,59,580
T006439,V11,122,224,30,376
T006440,V02,183,181,64,428
T006441,V03,151,130,58,339
T006442,V12,160,398,62,620
T006443,V06,152,618,17,787
T006444,V01,191,598,55,844
T006445,V08,156,197,39,392
T006446,V11,178,361,25,564
T006447,V01,158,317,18,493
T006448,V06,144,361,30,535
T993774,V07,180,563,83,826
T006450,V12,124,297,38,459
T006451,V11,178,530,25,733
T006452,V07,131,414,193,738
T006453,V10,159,280,60,499
T006454,V06,179,302,59,540
T006455,V02,148,384,13,545
T006456,V04,169,381,42,592
T006457,V07,149,189,138,476
T992238,V08,177,308,45,530
T006459,V01,167,575,22,764
T006460,V05,132,525,26,683
T006461,V10,195,375,61,631
T006462,V02,151,188,66,405
T006463,V06,172,171,21,364
T006464,V07,195,334,99,628
T006465,V06,154,387,39,580
T006466,V03,182,310,25,517
T006467,V09,128,140,31,299
T006468,V10,153,418,42,613
T006469,V03,139,326,55,520
T006470,V05,158,421,26,605
T006471,V10,196,594,43,833
T006472,V09,146,176,51,373
T006473,V10,171,391,16,578
T006474,V02,138,275,12,425
T006475,V05,123,517,40,680
T997546,V07,151,391,178,720
T006477,V10,137,206,61,404
T006478,V01,153,308,22,483
T006479,V05,188,470,15,673
T006480,V08,164,402,46,612
T006481,V01,142,512,40,694
T006482,V08,186,421,52,659
T006483,V03,168,499,64,731
T006484,V08,168,329,57,554
T006485,V12,148,523,13,684
T006486,V02,170,245,38,453
T006487,V02,160,262,56,478
T006488,V11,140,288,48,476
T006489,V10,188,246,33,467
T006490,V01,191,272,33,496
T006491,V04,167,228,18,413
T006492,V07,182,442,128,752
T006493,V04,197,375,12,584
T006494,V08,148,328,64,540
T006495,V10,123,564,31,718
T006496,V10,159,124,13,296
T006497,V10,129,567,32,728
T006498,V06,160,337,26,523
T006499,V03,174,366,54,594
T006500,V02,144,172,48,364
T006501,V09,127,567,64,758
T006502,V10,140,495,57,692
T006503,V10,161,322,55,538
T006504,V10,130,419,53,602
T006505,V06,194,452,13,659
T006506,V07,177,237,182,596
T006507,V06,163,319,42,524
T006508,V01,124,383,56,563
T006509,V09,152,277,39,468
T006510,V08,167,391,68,626
T006511,V08,197,296,11,504
T006512,V08,152,210,65,427
T006513,V06,178,317,60,555
T006514,V08,183,328,66,577
T006515,V12,184,653,16,853
T006516,V03,158,347,45,550
T006517,V07,146,658,44,848
T006518,V01,168,307,58,533
T006519,V01,188,594,40,822
T006520,V03,133,346,17,496
T006521,V11,199,297,44,540
T006522,V02,165,498,48,711
T006523,V11,130,446,38,614
T006524,V01,168,265,59,492
T006525,V09,130,309,29,468
T006526,V06,164,510,46,720
T006527,V12,170,292,23,485
T006528,V07,190,244,122,556
T006529,V05,147,536,55,738
T006530,V06,159,623,51,833
T006531,V05,149,189,46,384
T993806,V07,176,147,65,388
T006533,V01,123,325,54,502
T006534,V02,189,468,15,672
T006535,V01,136,242,41,419
T006536,V09,152,337,28,517
T006537,V05,126,359,45,530
T006538,V02,125,352,43,520
T006539,V08,193,624,63,880
T006540,V11,140,226,35,401
T006541,V03,142,438,29,609
T006542,V01,193,215,31,439
T006543,V07,159,511,155,825
T006544,V10,144,295,55,494
T992608,V02,195,570,29,794
T006546,V12,182,497,22,701
T006547,V07,159,554,56,769
T006548,V09,130,475,12,617
T006549,V01,150,662,53,865
T006550,V07,192,168,97,457
T006551,V05,159,393,26,578
T006552,V01,149,178,56,383
T006553,V03,133,533,11,677
T006554,V09,183,476,17,676
T006555,V03,137,207,15,359
T006556,V10,144,148,26,318
T006557,V05,124,484,37,645
T006558,V12,153,610,44,807
T006559,V11,161,156,35,352
T006560,V09,143,435,47,625
T006561,V06,191,153,57,401
T006562,V10,178,352,53,583
T006563,V05,189,585,41,815
T006564,V01,160,265,36,461
T006565,V03,148,176,14,338
T006566,V10,158,209,22,389
T006567,V07,128,155,157,440
T006568,V08,191,595,32,818
T006569,V10,175,173,63,411
T006570,V09,170,329,69,568
T006571,V03,127,136,12,275
T006572,V10,167,384,26,577
T006573,V03,180,617,62,859
T006574,V03,194,510,49,753
T006575,V04,191,137,39,367
T006576,V11,167,215,15,397
T006577,V04,199,401,41,641
T006578,V04,179,162,35,376
T006579,V07,196,228,59,483
T006580,V06,137,113,31,281
T006581,V11,142,463,35,640
T006582,V01,138,214,56,408
T006583,V04,146,337,45,528
T006584,V03,139,214,19,372
T006585,V08,157,160,51,368
T006586,V07,162,440,198,800
T006587,V12,142,419,62,623
T006588,V12,185,308,12,505
T006589,V06,184,427,47,658
T006590,V07,153,616,94,863
T006591,V01,189,173,22,384
T006592,V08,160,652,54,866
T006593,V03,131,267,62,460
T006594,V06,187,333,36,556
T006595,V02,194,645,57,896
T006596,V11,124,449,20,593
T006597,V06,164,598,45,807
T006598,V03,196,282,20,498
T006599,V05,148,565,63,776
T006600,V07,137,168,87,392
T006601,V12,159,383,64,606
T006602,V11,161,121,58,340
T006603,V09,133,208,52,393
T006604,V02,181,274,16,471
T006605,V02,136,256,53,445
T006606,V11,159,399,33,591
T006607,V08,170,478,35,683
T006608,V03,139,243,27,409
T006609,V04,195,211,47,453
T006610,V06,185,137,67,389
T006611,V10,169,465,53,687
T006612,V06,137,295,52,484
T006613,V10,166,161,60,387
T006614,V08,125,586,51,762
T006615,V07,133,209,132,474
T006616,V03,170,456,46,672
T006617,V06,165,424,54,643
T006618,V06,182,549,11,742
T006619,V07,148,288,41,477
T006620,V05,155,465,59,679
T006621,V09,180,211,64,455
T006622,V02,194,360,21,575
T006623,V04,152,482,12,646
T006624,V07,169,528,72,769
T006625,V11,199,466,49,714
T006626,V12,173,333,53,559
T006627,V03,136,182,63,381
T006628,V05,128,304,22,454
T006629,V05,180,377,35,592
T006630,V01,147,433,56,636
T006631,V02,183,227,25,435
T006632,V07,156,457,183,796
T006633,V04,127,126,60,313
T006634,V05,177,453,62,692
T006635,V11,155,329,67,551
T006636,V01,171,225,21,417
T006637,V05,140,290,20,450
T006638,V02,180,274,52,506
T006639,V12,134,143,54,331
T006640,V12,120,219,53,392
T006641,V09,160,394,24,578
T006642,V10,151,515,17,683
T006643,V07,191,609,150,950
T006644,V11,193,277,39,509
T006645,V02,175,245,27,447
T006646,V02,168,647,16,831
T006647,V05,170,150,25,345
T006648,V02,177,556,30,763
T006649,V11,189,491,31,711
T006650,V04,130,516,48,694
T006651,V12,170,296,55,521
T006652,V10,181,576,33,790
T006653,V05,144,166,64,374
T006654,V08,147,494,62,703
T006655,V05,133,449,44,626
T006656,V04,186,594,14,794
T006657,V04,156,559,47,762
T006658,V10,135,340,49,524
T006659,V10,174,183,15,372
T006660,V09,124,417,11,552
T006661,V03,133,342,39,514
T006662,V06,187,300,35,522
T006663,V10,172,127,42,341
T006664,V05,184,603,19,806
T006665,V03,192,316,31,539
T006666,V11,186,546,52,784
T006667,V02,193,378,32,603
T991034,V03,185,479,12,676
T006669,V01,124,156,11,291
T006670,V04,188,316,11,515
T006671,V08,122,390,57,569
T998309,V07,150,217,110,477
T006673,V09,120,225,25,370
T006674,V06,135,292,38,465
T006675,V11,122,639,19,780
T006676,V04,163,459,15,637
T006677,V11,198,357,36,591
T006678,V01,149,532,25,706
T006679,V08,137,568,35,740
T006680,V10,187,130,22,339
T006681,V01,147,390,40,577
T006682,V02,120,528,46,694
T006683,V06,198,391,42,631
T006684,V07,158,324,186,668
T991872,V06,199,645,24,868
T006686,V03,121,476,56,653
T006687,V03,122,359,25,506
T006688,V11,185,456,33,674
T006689,V07,177,619,91,887
T006690,V07,196,305,51,552
T006691,V05,156,494,66,716
T006692,V02,192,172,41,405
T006693,V08,159,318,52,529
T006694,V04,155,283,21,459
T006695,V07,197,218,173,588
T006696,V03,162,255,57,474
T006697,V08,151,284,21,456
T006698,V12,198,336,12,546
T006699,V04,148,362,64,574
T006700,V10,134,508,65,707
T006701,V07,152,376,152,680
T006702,V12,185,601,28,814
T006703,V06,182,394,36,612
T006704,V11,178,473,29,680
T006705,V11,175,592,45,812
T006706,V06,172,449,68,689
T006707,V10,139,617,20,776
T006708,V04,190,258,65,513
T006709,V10,189,397,38,624
T006710,V11,182,429,18,629
T006711,V01,145,138,64,347
T006712,V12,191,571,36,798
T006713,V01,191,535,29,755
T006714,V10,172,175,25,372
T006715,V03,183,153,42,378
T006716,V11,140,228,12,380
T006717,V04,179,195,16,390
T006718,V09,166,147,46,359
T006719,V05,138,430,19,587
T006720,V11,124,459,55,638
T006721,V02,153,375,30,558
T006722,V11,169,410,27,606
T006723,V04,138,430,52,620
T006724,V01,149,469,57,675
T006725,V12,190,660,29,879
T998916,V06,125,169,54,348
T006727,V03,184,311,42,537
T006728,V04,163,327,59,549
T006729,V03,148,545,16,709
T006730,V09,159,137,42,338
T006731,V05,176,241,42,459
T006732,V11,140,320,53,513
T006733,V04,198,191,44,433
T006734,V08,125,194,14,333
T006735,V02,163,414,22,599
T006736,V11,168,576,64,808
T006737,V09,165,466,31,662
T006738,V03,164,318,69,551
T006739,V04,124,610,64,798
T006740,V11,171,376,14,561
T006741,V08,124,240,52,416
T006742,V11,169,228,19,416
T006743,V07,122,382,142,646
T006744,V10,138,495,30,663
T006745,V05,138,418,65,621
T006746,V10,159,530,18,707
T006747,V09,135,448,66,649
T006748,V03,169,127,25,321
T006749,V10,138,207,17,362
T006750,V08,156,297,60,513
T006751,V11,161,162,63,386
T006752,V01,125,467,27,619
T006753,V09,122,223,46,391
T006754,V03,148,489,47,684
T006755,V07,132,556,66,754
T006756,V07,123,325,60,508
T006757,V10,180,504,27,711
T006758,V03,188,541,43,772
T993219,V08,141,317,16,474
T006760,V11,141,497,19,657
T006761,V07,182,324,198,704
T006762,V09,188,162,53,403
T006763,V03,162,197,46,405
T006764,V09,184,205,53,442
T006765,V01,153,493,15,661
T006766,V12,164,526,65,755
T006767,V01,149,221,20,390
T006768,V12,128,268,29,425
T006769,V12,185,601,15,801
T006770,V07,130,423,92,645
T006771,V05,194,494,16,704
T006772,V03,142,346,20,508
T006773,V09,167,412,12,591
T006774,V06,177,494,45,716
T006775,V01,171,422,41,634
T006776,V04,159,444,11,614
T006777,V08,199,608,11,818
T006778,V09,186,135,17,338
T994368,V10,194,424,57,675
T006780,V10,134,458,21,613
T006781,V08,150,485,49,684
T006782,V09,134,457,42,633
T006783,V09,121,333,32,486
T006784,V11,197,161,13,371
T006785,V01,158,170,58,386
T006786,V12,140,446,33,619
T006787,V06,174,538,52,764
T006788,V06,120,199,25,344
T006789,V08,120,230,37,387
T006790,V12,135,160,37,332
T006791,V10,138,443,30,611
T006792,V04,168,137,41,346
T006793,V01,134,300,51,485
T006794,V06,158,325,47,530
T006795,V01,191,397,20,608
T006796,V08,141,238,31,410
T006797,V12,169,635,18,822
T006798,V04,123,398,24,545
T006799,V02,171,479,65,715
T006800,V03,176,210,17,403
T006801,V08,176,231,34,441
T006802,V02,150,430,39,619
T006803,V07,177,222,106,505
T006804,V06,184,377,63,624
T006805,V08,124,486,44,654
T006806,V04,150,155,10,315
T006807,V08,144,325,59,528
T006808,V09,144,152,42,338
T006809,V05,126,433,59,618
T006810,V06,134,311,64,509
T992616,V08,137,172,68,377
T006812,V07,146,525,190,861
T006813,V04,124,647,48,819
T006814,V05,170,561,47,778
T006815,V07,195,515,76,786
T006816,V09,146,552,54,752
T006817,V01,169,182,23,374
T006818,V11,194,549,54,797
T006819,V12,163,280,61,504
T006820,V08,173,363,44,580
T006821,V11,178,341,21,540
T006822,V02,176,201,69,446
T006823,V01,142,166,63,371
T006824,V04,130,425,14,569
T006825,V01,125,136,31,292
T006826,V01,180,363,49,592
T006827,V11,124,420,52,596
T006828,V12,128,510,50,688
T006829,V06,162,226,49,437
T006830,V07,140,558,189,887
T006831,V08,145,453,59,657
T006832,V09,134,479,55,668
T006833,V10,198,432,27,657
T006834,V11,198,402,26,626
T006835,V06,150,145,30,325
T006836,V09,192,491,10,693
T006837,V02,161,560,55,776
T006838,V08,193,547,67,807
T006839,V03,145,385,66,596
T006840,V02,143,249,12,404
T006841,V04,169,544,29,742
T006842,V01,172,176,27,375
T994579,V02,167,141,25,333
T006844,V10,126,346,27,499
T006845,V11,168,225,42,435
T006846,V03,197,622,14,833
T006847,V07,147,162,176,485
T006848,V12,184,474,10,668
T006849,V08,175,230,66,471
T006850,V09,153,436,27,616
T006851,V05,196,167,44,407
T006852,V06,170,493,69,732
T006853,V04,160,381,35,576
T006854,V05,127,400,39,566
T006855,V01,176,428,50,654
T006856,V06,127,345,45,517
T006857,V05,178,598,51,827
T006858,V05,195,579,36,810
T006859,V01,137,534,29,700
T006860,V11,197,469,51,717
T006861,V12,120,373,52,545
T006862,V07,194,655,115,964
T990773,V10,165,127,49,341
T006864,V05,156,274,26,456
T006865,V02,130,165,33,328
T006866,V07,165,363,104,632
T006867,V07,138,348,89,575
T006868,V01,138,286,38,462
T006869,V05,150,554,50,754
T006870,V07,156,379,66,601
T006871,V01,159,548,14,721
T006872,V05,149,605,28,782
T006873,V09,178,403,29,610
T006874,V12,156,248,69,473
T006875,V08,172,477,29,678
T006876,V07,128,396,59,583
T006877,V11,127,472,18,617
T006878,V12,154,301,52,507
T006879,V05,187,538,49,774
T006880,V04,173,469,52,694
T006881,V12,168,574,58,800
T006882,V09,167,465,67,699
T006883,V04,136,162,31,329
T006884,V07,159,328,189,676
T006885,V04,151,525,58,734
T990748,V07,199,253,198,650
T006887,V09,166,581,38,785
T006888,V07,147,678,120,945
T006889,V11,187,380,29,596
T006890,V09,183,360,40,583
T006891,V12,123,258,49,430
T006892,V07,176,480,43,699
T006893,V08,125,250,45,420
T006894,V04,165,190,31,386
T006895,V08,137,298,44,479
T006896,V10,190,388,20,598
T006897,V04,169,288,26,483
T006898,V10,183,417,39,639
T006899,V09,153,554,54,761
T006900,V09,141,469,26,636
T006901,V08,120,511,39,670
T006902,V10,127,268,19,414
T006903,V10,180,373,17,570
T006904,V08,189,296,21,506
T006905,V02,145,528,40,713
T006906,V02,124,252,62,438
T006907,V06,146,403,61,610
T006908,V06,192,200,48,440
T006909,V12,158,271,62,491
T006910,V05,176,340,33,549
T006911,V02,124,348,32,504
T006912,V01,198,390,21,609
T006913,V03,182,278,47,507
T006914,V04,156,162,48,366
T006915,V09,138,459,47,644
T006916,V07,191,420,196,807
T006917,V07,163,134,65,362
T006918,V07,126,273,147,546
T006919,V08,132,479,26,637
T006920,V10,155,561,51,767
T006921,V11,157,210,64,431
T006922,V05,120,394,39,553
T006923,V12,131,501,32,664
T006924,V03,124,377,26,527
T006925,V11,140,314,24,478
T006926,V02,123,606,19,748
T006927,V04,192,383,33,608
T006928,V10,177,144,13,334
T006929,V06,137,534,67,738
T006930,V09,183,352,29,564
T006931,V03,163,301,66,530
T006932,V05,171,357,26,554
T006933,V02,124,155,13,292
T006934,V04,189,223,35,447
T006935,V08,164,458,17,639
T006936,V09,172,159,17,348
T006937,V04,142,138,38,318
T006938,V07,140,524,49,713
T006939,V04,173,523,23,719
T006940,V10,130,448,52,630
T006941,V02,167,551,61,779
T006942,V07,133,542,147,822
T006943,V04,133,332,53,518
T006944,V06,159,190,53,402
T006945,V06,128,118,59,305
T006946,V12,122,414,41,577
T006947,V05,197,303,67,567
T006948,V05,131,555,50,736
T006949,V05,146,278,60,484
T006950,V12,186,151,52,389
T006951,V05,150,220,17,387
T006952,V08,127,116,67,310
T006953,V12,180,247,42,469
T006954,V12,166,219,63,448
T006955,V02,128,287,25,440
T006956,V02,164,211,33,408
T006957,V06,176,127,15,318
T006958,V04,175,619,58,852
T006959,V05,171,470,46,687
T006960,V12,144,577,44,765
T006961,V04,189,232,30,451
T006962,V08,132,271,21,424
T006963,V05,145,256,69,470
T006964,V08,135,307,29,471
T006965,V10,149,360,61,570
T006966,V04,151,223,57,431
T006967,V04,185,267,11,463
T006968,V03,182,162,28,372
T006969,V05,143,419,43,605
T006970,V12,152,236,47,435
T006971,V04,188,425,48,661
T006972,V08,160,645,62,867
T006973,V03,197,361,34,592
T006974,V09,135,279,10,424
T006975,V04,131,274,48,453
T006976,V09,149,628,35,812
T006977,V03,175,246,14,435
T006978,V01,165,282,17,464
T006979,V08,149,447,41,637
T006980,V06,149,194,24,367
T006981,V04,133,372,27,532
T006982,V11,131,617,62,810
T006983,V01,189,191,10,390
T006984,V10,128,587,65,780
T006985,V08,159,516,10,685
T006986,V07,192,402,149,743
T006987,V11,145,260,37,442
T006988,V12,168,208,23,399
T006989,V04,168,127,24,319
T006990,V12,174,220,55,449
T006991,V01,155,211,56,422
T006992,V12,141,294,42,477
T006993,V04,133,445,19,597
T006994,V11,157,446,56,659
T006995,V05,163,393,35,591
T006996,V09,190,196,39,425
T006997,V09,162,344,35,541
T006998,V06,142,159,30,331
T006999,V03,146,496,47,689
T007000,V04,173,314,45,532
T007001,V07,149,462,40,651
T007002,V05,128,256,46,430
T007003,V06,127,489,55,671
T007004,V05,139,130,51,320
T007005,V04,135,239,59,433
T007006,V06,165,519,67,751
T007007,V12,149,192,14,355
T007008,V11,135,177,64,376
T007009,V07,193,603,181,977
T007010,V03,157,520,35,712
T007011,V07,170,469,52,691
T007012,V08,179,305,25,509
T007013,V10,140,214,61,415
T007014,V10,152,422,18,592
T007015,V05,184,235,58,477
T007016,V08,126,375,69,570
T007017,V11,159,448,16,623
T007018,V08,151,629,33,813
T007019,V08,183,321,43,547
T007020,V06,121,165,63,349
T007021,V04,148,444,11,603
T007022,V04,171,227,23,421
T007023,V06,191,512,66,769
T007024,V06,133,495,34,662
T007025,V06,179,198,16,393
T007026,V01,147,584,18,749
T007027,V08,154,336,47,537
T007028,V04,178,546,59,783
T007029,V03,179,592,20,791
T007030,V05,177,186,53,416
T007031,V08,127,509,30,666
T007032,V06,161,478,33,672
T007033,V06,127,257,16,400
T007034,V01,197,186,19,402
T007035,V07,135,506,99,740
T993151,V01,162,603,63,828
T007037,V11,127,305,28,460
T007038,V12,161,590,58,809
T007039,V11,160,505,49,714
T007040,V11,138,521,16,675
T007041,V09,148,346,67,561
T007042,V01,129,224,59,412
T992693,V04,142,362,41,545
T007044,V02,183,397,22,602
T007045,V06,184,265,65,514
T993499,V11,145,242,59,446
T007047,V04,166,559,61,786
T007048,V03,159,332,43,534
T007049,V09,159,297,37,493
T007050,V10,122,471,29,622
T007051,V12,128,149,65,342
T007052,V01,163,585,13,761
T007053,V09,163,312,26,501
T007054,V07,151,412,160,723
T007055,V08,138,276,62,476
T007056,V07,160,574,43,777
T007057,V12,148,275,54,477
T007058,V04,192,194,49,435
T007059,V05,167,534,37,738
T007060,V04,178,307,18,503
T007061,V12,197,206,26,429
T007062,V10,157,317,21,495
T007063,V05,137,429,69,635
T007064,V12,130,428,33,591
T007065,V12,137,613,54,804
T007066,V04,187,201,57,445
T007067,V08,131,230,48,409
T007068,V06,156,249,51,456
T007069,V03,161,299,63,523
T007070,V11,148,586,45,779
T007071,V01,183,231,58,472
T007072,V10,122,205,60,387
T007073,V04,161,398,33,592
T007074,V06,129,463,15,607
T007075,V05,136,368,19,523
T007076,V09,134,200,68,402
T007077,V08,123,237,32,392
T007078,V05,190,639,59,888
T007079,V02,168,147,20,335
T007080,V08,155,486,52,693
T996919,V08,130,130,22,282
T007082,V05,144,227,24,395
T007083,V06,161,214,43,418
T007084,V03,155,524,21,700
T007085,V10,121,452,57,630
T007086,V11,197,252,48,497
T007087,V02,140,309,69,518
T007088,V03,154,184,59,397
T007089,V11,148,286,24,458
T007090,V03,181,613,39,833
T007091,V04,160,499,14,673
T007092,V02,196,434,34,664
T007093,V04,141,205,31,377
T007094,V05,199,513,11,723
T007095,V08,126,530,68,724
T007096,V06,193,165,55,413
T007097,V06,149,473,69,691
T007098,V02,165,534,36,735
T007099,V09,166,269,29,464
T007100,V08,185,460,22,667
T007101,V09,170,273,63,506
T007102,V09,150,564,23,737
T007103,V12,185,229,13,427
T007104,V09,149,120,60,329
T007105,V01,158,446,29,633
T007106,V02,163,470,44,677
T007107,V12,199,567,26,792
T007108,V08,189,430,57,676
T991358,V02,146,252,41,439
T007110,V09,154,293,34,481
T007111,V11,132,565,51,748
T007112,V10,143,286,12,441
T007113,V10,131,642,68,841
T007114,V08,130,357,41,528
T007115,V03,127,302,37,466
T007116,V02,186,253,23,462
T007117,V05,186,544,64,794
T007118,V05,149,325,41,515
T007119,V03,143,445,40,628
T007120,V10,124,391,19,534
T007121,V06,132,473,42,647
T007122,V03,130,433,47,610
T998235,V01,152,262,32,446
T007124,V12,153,149,17,319
T007125,V06,187,494,45,726
T007126,V05,182,506,33,721
T007127,V11,194,633,33,860
T007128,V03,124,569,40,733
T007129,V06,187,259,68,514
T007130,V06,195,421,37,653
T007131,V09,120,466,27,613
T007132,V05,154,214,56,424
T007133,V01,143,159,46,348
T007134,V08,175,423,21,619
T007135,V07,169,563,116,848
T007136,V11,146,337,17,500
T007137,V01,189,249,21,459
T007138,V03,198,177,42,417
T007139,V01,185,212,22,419
T007140,V01,160,421,60,641
T007141,V03,153,368,39,560
T007142,V05,149,308,20,477
T007143,V04,189,408,32,629
T007144,V05,192,587,25,804
T007145,V11,151,200,24,375
T007146,V05,121,546,19,686
T007147,V05,186,363,20,569
T007148,V08,142,364,46,552
T007149,V09,188,255,12,455
T007150,V06,125,649,66,840
T007151,V06,148,441,44,633
T007152,V05,167,186,58,411
T007153,V12,172,430,48,650
T007154,V02,191,171,30,392
T007155,V01,175,438,54,667
T007156,V10,153,516,62,731
T007157,V12,171,427,26,624
T007158,V03,123,596,14,733
T007159,V04,160,326,37,523
T007160,V05,190,424,42,656
T007161,V12,191,536,28,755
T007162,V04,189,384,17,590
T007163,V02,172,281,31,484
T007164,V05,180,239,55,474
T007165,V04,140,434,60,634
T007166,V11,194,398,53,645
T007167,V06,199,293,14,506
T007168,V06,183,502,37,722
T007169,V11,182,300,25,507
T007170,V01,166,492,12,670
T007171,V04,133,246,27,406
T007172,V04,131,639,58,828
T007173,V06,178,139,14,331
T007174,V03,182,264,14,460
T007175,V01,187,340,17,544
T995210,V08,198,373,53,624
T007177,V07,191,557,100,848
T007178,V12,188,388,12,588
T007179,V01,155,333,12,500
T007180,V06,140,460,42,642
T007181,V06,135,541,31,707
T007182,V06,134,272,58,464
T007183,V07,124,510,130,764
T007184,V10,149,637,34,820
T007185,V02,123,169,23,315
T007186,V04,178,539,45,762
T007187,V05,193,451,42,686
T007188,V07,141,344,48,533
T007189,V08,148,185,22,355
T007190,V04,163,253,33,449
T007191,V07,148,624,95,867
T007192,V08,184,546,11,741
T007193,V12,189,616,50,855
T007194,V10,172,326,56,554
T007195,V06,130,211,67,408
T007196,V11,184,573,32,789
T007197,V01,161,529,47,737
T007198,V03,143,192,10,345
T007199,V07,147,507,54,708
T007200,V04,159,330,38,527
T007201,V04,138,474,13,625
T007202,V08,175,625,36,836
T007203,V05,146,544,12,702
T007204,V05,145,510,53,708
T007205,V03,130,286,33,449
T007206,V08,158,400,69,627
T007207,V11,138,357,24,519
T007208,V05,190,270,59,519
T007209,V12,181,499,11,691
T007210,V10,159,430,55,644
T007211,V01,150,462,45,657
T007212,V09,171,163,12,346
T007213,V02,172,514,12,698
T007214,V10,149,526,45,720
T007215,V08,191,381,31,603
T007216,V03,137,523,19,679
T007217,V12,146,361,68,575
T007218,V03,129,424,29,582
T007219,V12,129,341,39,509
T992470,V10,156,452,31,639
T007221,V09,126,366,68,560
T007222,V02,142,359,52,553
T007223,V03,171,439,47,657
T007224,V03,169,167,66,402
T007225,V07,134,477,118,729
T007226,V11,148,689,37,874
T007227,V11,197,181,53,431
T007228,V09,165,495,56,716
T007229,V03,161,139,54,354
T007230,V09,133,503,32,668
T990843,V11,195,671,55,921
T007232,V12,123,401,46,570
T007233,V08,128,509,58,695
T007234,V05,142,304,16,462
T007235,V07,152,172,110,434
T007236,V02,168,584,20,772
T007237,V04,184,352,14,550
T007238,V10,189,608,40,837
T007239,V08,145,395,11,551
T007240,V03,155,579,50,784
T007241,V03,189,624,51,864
T007242,V02,122,400,24,546
T007243,V08,178,325,44,547
T007244,V01,187,410,65,662
T007245,V12,189,416,49,654
T007246,V09,123,648,49,820
T007247,V01,121,428,34,583
T007248,V02,142,227,60,429
T007249,V01,167,597,14,778
T007250,V02,149,138,39,326
T007251,V07,149,510,125,784
T007252,V10,139,426,53,618
T007253,V08,122,480,65,667
T007254,V05,145,497,55,697
T007255,V08,165,320,54,539
T007256,V11,199,272,56,527
T007257,V11,178,623,39,840
T007258,V02,132,550,33,715
T007259,V08,166,252,57,475
T007260,V02,186,600,37,823
T007261,V08,176,459,17,652
T007262,V06,165,473,46,684
T007263,V12,184,447,24,655
T007264,V04,186,546,33,765
T007265,V01,146,149,51,346
T007266,V02,154,328,42,524
T007267,V04,153,377,43,573
T991387,V09,174,196,21,391
T007269,V11,122,291,20,433
T007270,V11,122,253,36,411
T007271,V04,189,537,10,736
T007272,V07,142,143,92,377
T007273,V05,178,548,36,762
T007274,V10,143,578,61,782
T007275,V09,151,426,44,621
T007276,V08,131,621,32,784
T007277,V11,123,136,68,327
T007278,V01,193,277,14,484
T007279,V05,141,364,28,533
T007280,V01,147,157,65,369
T007281,V07,129,357,159,645
T007282,V10,164,296,49,509
T007283,V03,186,430,58,674
T007284,V05,163,338,52,553
T007285,V05,193,437,50,680
T007286,V01,190,332,45,567
T007287,V12,188,165,59,412
T007288,V05,135,202,59,396
T007289,V08,135,609,35,779
T007290,V04,194,610,16,820
T007291,V12,126,137,22,285
T007292,V07,148,495,74,717
T007293,V01,144,189,28,361
T007294,V11,165,260,69,494
T007295,V03,173,364,37,574
T007296,V09,174,443,58,675
T007297,V04,153,354,53,560
T007298,V01,155,478,51,684
T996670,V11,134,322,51,507
T007300,V06,153,581,56,790
T007301,V12,136,568,59,763
T007302,V02,178,277,20,475
T007303,V09,124,457,35,616
T007304,V08,124,243,23,390
T007305,V04,144,411,60,615
T007306,V07,156,222,117,495
T007307,V01,126,562,69,757
T007308,V06,191,354,48,593
T007309,V03,185,516,57,758
T007310,V10,191,256,15,462
T007311,V04,158,550,38,746
T007312,V10,190,252,52,494
T007313,V02,132,569,24,725
T007314,V03,120,543,61,724
T007315,V09,125,392,46,563
T007316,V05,146,340,20,506
T007317,V04,165,418,17,600
T007318,V07,127,372,94,593
T007319,V10,160,442,51,653
T007320,V11,199,602,64,865
T007321,V02,141,297,65,503
T007322,V11,159,318,31,508
T007323,V05,199,355,40,594
T007324,V07,166,426,99,691
T007325,V09,192,225,67,484
T007326,V10,163,396,48,607
T007327,V03,181,154,14,349
T007328,V12,122,314,56,492
T007329,V05,191,496,29,716
T007330,V04,166,556,12,734
T007331,V01,142,502,22,666
T007332,V06,125,533,68,726
T007333,V10,157,405,46,608
T007334,V06,193,641,61,895
T007335,V02,131,472,64,667
T007336,V09,171,516,46,733
T007337,V05,158,256,16,430
T007338,V05,144,429,50,623
T007339,V02,167,327,61,555
T007340,V10,126,547,51,724
T007341,V10,178,209,31,418
T007342,V01,157,361,16,534
T007343,V05,188,290,41,519
T007344,V08,191,138,59,388
T007345,V02,141,517,55,713
T007346,V10,162,160,20,342
T007347,V09,150,377,64,591
T007348,V02,154,178,67,399
T007349,V01,145,285,13,443
T007350,V03,169,348,38,555
T007351,V09,134,370,28,532
T007352,V12,137,598,56,791
T007353,V05,194,351,61,606
T007354,V08,127,228,30,385
T007355,V04,159,191,16,366
T007356,V10,151,518,69,738
T007357,V06,160,319,64,543
T007358,V03,172,508,13,693
T007359,V04,131,363,30,524
T007360,V08,142,263,31,436
T007361,V08,175,503,47,725
T007362,V04,171,220,64,455
T007363,V07,149,462,43,654
T007364,V11,137,298,43,478
T007365,V09,145,393,13,551
T007366,V09,183,467,46,696
T007367,V06,152,480,38,670
T007368,V05,193,280,42,515
T007369,V09,169,516,16,701
T007370,V01,123,294,34,451
T007371,V07,142,137,48,327
T007372,V06,194,407,43,644
T007373,V03,186,379,24,589
T007374,V02,192,584,26,802
T007375,V07,169,403,71,643
T996939,V12,167,281,67,515
T007377,V04,168,457,47,672
T007378,V04,190,513,16,719
T007379,V03,128,328,15,471
T007380,V06,124,578,35,737
T007381,V02,131,382,35,548
T007382,V07,184,491,75,750
T007383,V06,165,574,56,795
T007384,V02,152,268,33,453
T007385,V09,123,378,67,568
T007386,V07,145,389,117,651
T007387,V12,188,558,31,777
T007388,V02,188,554,13,755
T007389,V04,194,540,37,771
T990039,V11,146,431,13,590
T007391,V11,146,503,45,694
T007392,V02,180,321,66,567
T007393,V09,180,278,14,472
T007394,V02,184,526,41,751
T007395,V10,175,369,63,607
T007396,V09,181,337,11,529
T007397,V03,165,548,60,773
T007398,V03,156,264,24,444
T007399,V05,165,256,69,490
T007400,V03,183,281,56,520
T007401,V10,199,169,38,406
T007402,V02,123,420,19,562
T007403,V09,157,378,23,558
T007404,V08,152,503,28,683
T007405,V11,146,512,21,679
T007406,V07,149,634,78,861
T007407,V02,155,255,26,436
T007408,V10,182,177,53,412
T007409,V07,138,214,179,531
T007410,V12,168,337,68,573
T007411,V08,167,142,23,332
T007412,V09,145,493,53,691
T007413,V11,183,462,10,655
T007414,V09,130,558,62,750
T007415,V11,120,293,10,423
T007416,V08,166,555,64,785
T007417,V12,144,138,58,340
T007418,V12,130,203,68,401
T007419,V07,178,378,61,617
T007420,V12,197,297,62,556
T007421,V03,186,253,33,472
T007422,V03,151,498,58,707
T007423,V10,190,401,31,622
T007424,V09,187,306,41,534
T007425,V11,157,459,30,646
T007426,V09,174,366,59,599
T007427,V04,177,246,30,453
T007428,V02,199,383,20,602
T007429,V03,126,560,20,706
T007430,V05,199,349,34,582
T007431,V05,162,149,10,321
T998911,V08,136,519,65,720
T007433,V09,148,256,15,419
T007434,V10,186,376,54,616
T007435,V10,171,544,34,749
T007436,V11,179,245,51,475
T007437,V07,184,378,135,697
T007438,V01,167,470,41,678
T007439,V07,183,143,73,399
T007440,V10,154,330,32,516
T007441,V08,162,233,14,409
T007442,V10,192,630,21,843
T007443,V02,183,439,53,675
T007444,V12,127,247,62,436
T007445,V05,134,597,24,755
T007446,V03,193,446,33,672
T007447,V06,192,632,12,836
T007448,V12,127,235,55,417
T007449,V02,136,200,69,405
T007450,V04,134,308,42,484
T007451,V10,149,237,60,446
T007452,V08,197,579,21,797
T007453,V06,142,525,55,722
T007454,V08,157,530,56,743
T007455,V12,140,439,26,605
T007456,V07,191,166,60,417
T007457,V08,123,247,62,432
T007458,V04,193,295,21,509
T007459,V02,184,646,40,870
T007460,V12,121,204,58,383
T991637,V11,132,455,32,619
T007462,V07,175,289,191,655
T007463,V08,154,476,49,679
T007464,V08,180,259,17,456
T007465,V08,130,591,11,732
T007466,V08,187,575,22,784
T007467,V08,168,608,22,798
T007468,V01,151,633,48,832
T007469,V03,178,234,13,425
T990485,V07,151,193,125,469
T007471,V10,162,382,54,598
T007472,V10,188,486,12,686
T007473,V11,179,538,32,749
T007474,V01,145,264,38,447
T007475,V02,131,184,29,344
T007476,V09,165,177,55,397
T007477,V05,166,497,44,707
T007478,V10,123,592,17,732
T007479,V02,159,212,35,406
T007480,V06,168,568,15,751
T007481,V06,133,213,52,398
T007482,V08,163,587,65,815
T007483,V05,175,617,28,820
T007484,V02,134,128,64,326
T007485,V03,152,278,36,466
T007486,V06,138,300,41,479
T007487,V01,139,193,42,374
T007488,V09,175,372,27,574
T007489,V06,167,404,51,622
T007490,V01,161,443,15,619
T007491,V09,139,224,12,375
T007492,V02,179,229,48,456
T007493,V03,154,130,14,298
T007494,V09,184,214,25,423
T007495,V12,169,604,12,785
T007496,V01,148,257,15,420
T007497,V10,188,533,37,758
T007498,V07,159,587,60,806
T007499,V12,155,492,28,675
T007500,V03,193,414,47,654
T007501,V01,194,238,30,462
T007502,V08,135,417,36,588
T007503,V03,173,516,68,757
T007504,V06,124,604,21,749
T007505,V05,120,127,35,282
T007506,V12,144,565,39,748
T007507,V08,164,414,57,635
T007508,V05,196,492,17,705
T007509,V09,132,128,15,275
T007510,V09,155,415,40,610
T007511,V11,155,443,38,636
T007512,V01,171,233,48,452
T007513,V01,159,569,28,756
T007514,V02,185,491,54,730
T007515,V01,185,357,22,564
T007516,V10,144,248,69,461
T007517,V08,146,546,53,745
T007518,V03,154,410,55,619
T007519,V01,135,356,39,530
T007520,V09,132,300,39,471
T007521,V03,182,399,53,634
T007522,V12,158,449,55,662
T007523,V12,158,298,12,468
T007524,V11,169,304,57,530
T007525,V03,194,539,69,802
T007526,V03,150,154,58,362
T007527,V01,166,441,42,649
T007528,V06,141,245,68,454
T007529,V04,128,121,65,314
T007530,V07,131,442,59,632
T007531,V12,184,477,50,711
T007532,V03,130,388,67,585
T007533,V02,184,213,54,451
T007534,V01,180,135,50,365
T007535,V11,187,516,40,743
T007536,V12,120,143,53,316
T007537,V01,129,571,24,724
T007538,V10,187,289,30,506
T007539,V06,186,641,36,863
T007540,V03,176,329,68,573
T007541,V05,150,343,13,506
T007542,V07,136,391,107,634
T007543,V02,187,246,60,493
T007544,V11,138,348,51,537
T007545,V10,158,546,47,751
T007546,V04,124,555,37,716
T007547,V11,184,568,47,799
T007548,V06,135,152,24,311
T007549,V12,178,423,17,618
T007550,V05,134,343,16,493
T007551,V02,152,480,19,651
T007552,V08,199,257,54,510
T007553,V09,122,421,17,560
T007554,V07,152,379,115,646
T007555,V03,134,155,62,351
T007556,V01,154,281,12,447
T007557,V06,191,532,30,753
T007558,V12,146,492,67,705
T007559,V11,120,362,11,493
T007560,V09,146,281,22,449
T007561,V12,169,315,42,526
T007562,V04,196,550,24,770
T007563,V05,153,603,41,797
T007564,V09,127,454,42,623
T007565,V11,145,454,41,640
T007566,V11,127,539,14,680
T007567,V10,191,330,67,588
T007568,V07,177,412,177,766
T007569,V11,127,171,67,365
T007570,V02,131,582,48,761
T007571,V12,147,113,41,301
T007572,V11,136,412,14,562
T007573,V04,189,434,13,636
T007574,V08,130,505,52,687
T007575,V10,191,530,12,733
T007576,V04,182,546,41,769
T007577,V10,145,322,16,483
T007578,V11,139,171,18,328
T007579,V06,123,585,38,746
T007580,V09,122,565,38,725
T007581,V09,166,563,39,768
T007582,V01,143,272,23,438
T007583,V09,158,138,36,332
T007584,V07,166,357,198,721
T007585,V09,178,216,28,422
T007586,V08,126,375,30,531
T007587,V03,162,468,67,697
T007588,V01,185,536,53,774
T007589,V07,176,529,72,777
T007590,V04,169,290,62,521
T007591,V11,191,664,67,922
T007592,V08,196,332,56,584
T007593,V02,135,293,63,491
T007594,V12,145,162,12,319
T007595,V08,126,251,48,425
T007596,V02,168,595,59,822
T995666,V10,175,501,22,698
T007598,V12,193,471,48,712
T007599,V09,188,491,45,724
T007600,V09,124,168,36,328
T007601,V06,185,491,24,700
T007602,V10,179,151,54,384
T007603,V03,155,422,36,613
T007604,V04,187,270,19,476
T007605,V06,179,155,34,368
T007606,V07,145,389,168,702
T007607,V08,140,423,34,597
T007608,V02,173,367,28,568
T007609,V11,139,562,35,736
T007610,V09,194,330,64,588
T007611,V10,142,345,68,555
T007612,V09,138,114,52,304
T007613,V07,191,390,110,691
T007614,V05,171,300,18,489
T007615,V11,144,309,14,467
T007616,V05,198,279,27,504
T007617,V07,159,145,159,463
T007618,V10,196,401,11,608
T007619,V04,129,146,65,340
T007620,V05,121,233,30,384
T007621,V12,151,474,55,680
T007622,V06,131,643,23,797
T007623,V07,174,357,122,653
T007624,V02,154,527,17,698
T007625,V03,184,255,51,490
T007626,V01,127,432,13,572
T007627,V01,182,309,34,525
T007628,V09,174,568,20,762
T007629,V05,127,325,64,516
T007630,V12,190,417,55,662
T007631,V03,151,425,41,617
T991777,V10,125,225,69,419
T007633,V04,153,496,17,666
T007634,V03,145,284,32,461
T007635,V03,167,546,43,756
T007636,V08,128,557,38,723
T007637,V04,172,510,28,710
T007638,V10,145,417,28,590
T007639,V05,180,184,44,408
T007640,V04,199,172,53,424
T007641,V04,188,458,58,704
T007642,V02,151,571,67,789
T007643,V07,145,596,119,860
T007644,V11,121,445,69,635
T007645,V05,181,677,31,889
T007646,V03,150,464,27,641
T007647,V11,185,514,19,718
T007648,V04,170,430,46,646
T007649,V04,164,378,24,566
T007650,V03,195,464,54,713
T007651,V11,138,644,62,844
T007652,V01,191,491,18,700
T007653,V06,148,360,66,574
T007654,V12,130,522,47,699
T007655,V06,174,462,31,667
T007656,V03,173,123,35,331
T007657,V03,196,205,36,437
T007658,V11,167,354,29,550
T007659,V09,195,135,54,384
T998707,V07,120,577,133,830
T007661,V12,171,575,36,782
T007662,V02,143,505,46,694
T007663,V05,132,161,12,305
T007664,V07,155,333,68,556
T007665,V01,198,622,14,834
T007666,V03,127,270,63,460
T007667,V04,126,310,69,505
T007668,V05,187,142,17,346
T007669,V11,128,155,24,307
T007670,V06,154,235,24,413
T007671,V04,172,366,32,570
T007672,V07,192,208,147,547
T007673,V04,123,598,67,788
T007674,V12,156,455,26,637
T007675,V12,177,592,54,823
T007676,V07,165,391,143,699
T007677,V02,170,239,63,472
T007678,V06,159,478,45,682
T007679,V09,158,591,55,804
T007680,V06,149,131,25,305
T007681,V11,158,570,69,797
T007682,V06,125,539,14,678
T007683,V10,134,378,52,564
T007684,V07,185,231,134,550
T007685,V05,155,526,57,738
T007686,V07,146,150,151,447
T007687,V04,124,391,58,573
T007688,V08,141,134,64,339
T007689,V01,131,167,59,357
T007690,V05,135,558,14,707
T007691,V05,147,637,56,840
T007692,V05,186,176,13,375
T007693,V02,121,358,13,492
T007694,V08,184,296,12,492
T007695,V04,172,428,36,636
T007696,V01,140,326,55,521
T007697,V07,158,339,48,545
T007698,V09,174,445,20,639
T007699,V06,138,157,50,345
T007700,V07,189,293,45,527
T007701,V10,134,117,39,290
T007702,V01,132,599,21,752
T007703,V01,192,412,54,658
T007704,V03,151,508,22,681
T007705,V05,147,253,65,465
T007706,V07,181,322,65,568
T007707,V08,129,508,45,682
T007708,V12,149,333,64,546
T007709,V11,135,412,56,603
T007710,V12,139,236,30,405
T007711,V09,142,622,19,783
T007712,V09,177,431,17,625
T007713,V08,181,391,13,585
T007714,V07,192,320,117,629
T007715,V12,122,382,53,557
T007716,V12,167,400,19,586
T007717,V07,144,605,74,823
T007718,V09,144,495,66,705
T007719,V03,184,416,52,652
T990591,V07,175,267,199,641
T007721,V10,163,213,56,432
T007722,V05,128,315,66,509
T007723,V02,188,372,60,620
T007724,V09,148,514,56,718
T007725,V10,142,578,15,735
T007726,V11,163,521,29,713
T007727,V12,199,498,13,710
T007728,V10,138,552,50,740
T007729,V03,182,393,62,637
T007730,V09,120,197,54,371
T007731,V10,188,228,27,443
T007732,V05,130,491,52,673
T007733,V01,141,349,60,550
T007734,V01,169,288,67,524
T007735,V12,156,591,69,816
T007736,V01,133,594,59,786
T007737,V04,129,540,39,708
T007738,V06,125,293,22,440
T007739,V09,134,212,57,403
T007740,V04,156,314,62,532
T007741,V12,149,212,41,402
T007742,V11,158,583,15,756
T007743,V06,123,293,42,458
T007744,V07,160,184,101,445
T007745,V01,168,637,69,874
T007746,V10,146,552,15,713
T007747,V03,140,330,14,484
T007748,V10,120,645,45,810
T007749,V10,123,497,38,658
T007750,V11,132,147,38,317
T007751,V06,138,260,60,458
T007752,V03,142,575,58,775
T007753,V03,127,183,41,351
T007754,V09,140,181,56,377
T007755,V02,196,324,46,566
T007756,V09,153,132,17,302
T007757,V10,147,461,38,646
T007758,V03,129,164,67,360
T007759,V05,171,155,26,352
T007760,V03,147,574,25,746
T007761,V10,169,337,15,521
T007762,V12,173,114,26,313
T007763,V03,128,399,52,579
T999173,V09,195,395,47,637
T007765,V05,171,216,35,422
T007766,V09,194,643,63,900
T007767,V07,163,208,83,454
T007768,V07,136,531,67,734
T007769,V07,179,476,171,826
T007770,V10,148,272,21,441
T007771,V09,168,235,42,445
T007772,V08,127,270,61,458
T007773,V07,120,610,169,899
T007774,V12,123,599,44,766
T007775,V05,130,414,67,611
T007776,V01,197,478,61,736
T007777,V09,161,588,63,812
T007778,V05,164,648,36,848
T007779,V10,167,427,56,650
T007780,V04,184,432,58,674
T007781,V03,179,377,36,592
T007782,V05,173,324,36,533
T007783,V11,141,200,65,406
T007784,V03,184,420,52,656
T007785,V11,151,418,45,614
T995712,V10,182,213,62,457
T007787,V02,133,259,69,461
T007788,V12,196,267,59,522
T991940,V09,144,377,55,576
T007790,V05,172,352,42,566
T007791,V10,120,436,68,624
T007792,V09,140,242,68,450
T007793,V02,147,232,19,398
T007794,V07,166,475,105,746
T007795,V12,187,523,46,756
T007796,V09,190,110,59,359
T007797,V06,122,331,52,505
T007798,V09,131,219,22,372
T007799,V06,163,248,31,442
T007800,V06,192,513,50,755
T007801,V08,183,245,22,450
T007802,V07,167,139,74,380
T007803,V09,188,232,31,451
T007804,V12,134,485,38,657
T007805,V05,149,451,49,649
T007806,V03,132,161,26,319
T007807,V11,191,634,51,876
T007808,V12,178,208,16,402
T007809,V02,127,149,58,334
T007810,V09,187,389,59,635
T007811,V08,134,590,66,790
T007812,V02,150,415,52,617
T007813,V04,159,115,37,311
T007814,V06,145,406,21,572
T007815,V02,125,436,55,616
T007816,V09,133,197,59,389
T007817,V12,159,536,39,734
T007818,V08,182,501,64,747
T007819,V12,158,653,64,875
T007820,V03,130,503,36,669
T007821,V11,187,180,49,416
T007822,V06,143,474,48,665
T007823,V08,163,188,10,361
T007824,V10,174,128,54,356
T007825,V04,140,280,22,442
T007826,V06,156,252,10,418
T007827,V02,183,563,35,781
T007828,V10,157,462,11,630
T007829,V06,190,562,39,791
T007830,V05,129,119,50,298
T007831,V10,181,616,66,863
T007832,V09,177,514,30,721
T007833,V02,170,524,21,715
T007834,V09,177,287,17,481
T007835,V10,166,280,16,462
T007836,V11,125,462,49,636
T007837,V04,171,210,36,417
T007838,V09,189,383,36,608
T007839,V10,197,359,26,582
T007840,V06,195,225,50,470
T007841,V11,188,381,66,635
T007842,V04,169,657,66,892
T007843,V11,158,485,27,670
T007844,V03,197,220,17,434
T007845,V03,150,638,13,801
T007846,V04,166,201,53,420
T007847,V01,138,400,34,572
T007848,V06,134,535,39,708
T007849,V01,182,378,43,603
T007850,V06,135,202,21,358
T007851,V08,131,580,65,776
T007852,V11,184,455,32,671
T007853,V07,132,642,134,908
T007854,V03,127,433,22,582
T007855,V11,165,241,41,447
T007856,V07,191,199,78,468
T007857,V08,188,456,65,709
T007858,V03,129,614,41,784
T007859,V01,154,232,56,442
T007860,V05,187,549,57,793
T007861,V07,137,481,165,783
T007862,V02,142,456,38,636
T007863,V08,124,195,29,348
T007864,V11,145,160,58,363
T007865,V05,147,426,37,610
T007866,V11,121,599,14,734
T007867,V11,134,264,69,467
T007868,V09,147,247,64,458
T007869,V03,135,135,44,314
T007870,V08,149,133,14,296
T007871,V01,131,556,61,748
T007872,V09,130,625,60,815
T007873,V08,191,249,57,497
T007874,V11,133,432,62,627
T007875,V02,156,277,49,482
T007876,V07,178,184,125,487
T007877,V10,148,353,69,570
T007878,V06,122,507,18,647
T007879,V09,124,541,13,678
T007880,V02,133,380,39,552
T007881,V08,147,295,51,493
T007882,V05,135,215,14,364
T007883,V02,143,280,66,489
T007884,V09,189,522,35,746
T007885,V02,180,634,48,862
T007886,V01,159,510,65,734
T007887,V01,174,192,53,419
T007888,V04,189,423,63,675
T007889,V02,195,576,14,785
T007890,V02,132,275,25,432
T007891,V08,195,448,38,681
T007892,V07,184,142,60,386
T007893,V05,138,286,11,435
T007894,V01,121,255,63,439
T007895,V09,154,429,17,600
T007896,V11,144,432,67,643
T007897,V02,163,467,41,671
T007898,V11,192,437,12,641
T007899,V02,141,262,67,470
T007900,V04,135,288,36,459
T007901,V02,122,136,61,319
T007902,V12,140,498,25,663
T007903,V01,182,463,53,698
T007904,V05,144,327,35,506
T007905,V04,152,372,66,590
T007906,V12,191,542,34,767
T007907,V12,128,389,55,572
T007908,V08,158,517,57,732
T007909,V03,153,280,29,462
T007910,V04,124,258,55,437
T007911,V09,134,279,69,482
T007912,V04,178,579,16,773
T007913,V05,150,490,51,691
T007914,V03,165,582,16,763
T007915,V12,193,187,16,396
T007916,V09,129,413,59,601
T007917,V05,122,287,45,454
T007918,V08,173,549,52,774
T007919,V05,141,162,65,368
T007920,V06,171,446,42,659
T007921,V07,160,297,176,633
T007922,V07,166,572,87,825
T007923,V01,147,459,16,622
T007924,V03,147,663,29,839
T007925,V07,177,215,54,446
T007926,V06,130,386,48,564
T007927,V03,159,414,65,638
T007928,V09,157,373,36,566
T007929,V02,122,386,18,526
T994539,V09,165,611,55,831
T007931,V07,153,135,43,331
T007932,V01,134,423,28,585
T007933,V03,197,301,45,543
T007934,V07,146,254,145,545
T007935,V04,183,415,23,621
T007936,V05,171,493,47,711
T007937,V09,161,411,66,638
T007938,V08,177,115,10,302
T007939,V09,131,209,29,369
T007940,V06,183,358,34,575
T007941,V10,178,127,62,367
T007942,V03,131,184,23,338
T007943,V07,148,598,86,832
T007944,V08,156,577,53,786
T007945,V10,161,464,30,655
T993314,V11,122,231,40,393
T007947,V01,170,588,37,795
T007948,V10,195,234,44,473
T007949,V05,168,410,12,590
T007950,V08,177,339,49,565
T007951,V04,131,257,38,426
T007952,V02,154,194,35,383
T007953,V03,179,147,27,353
T007954,V05,179,515,51,745
T007955,V07,135,367,140,642
T007956,V01,122,356,60,538
T007957,V12,172,186,34,392
T007958,V09,165,168,24,357
T007959,V05,166,181,65,412
T007960,V12,135,497,36,668
T007961,V08,131,579,64,774
T007962,V02,125,271,55,451
T007963,V02,141,589,48,778
T007964,V08,170,246,43,459
T007965,V12,166,160,42,368
T007966,V05,161,451,17,629
T007967,V11,138,122,16,276
T007968,V08,121,359,33,513
T007969,V03,194,417,17,628
T007970,V11,135,424,55,614
T007971,V03,126,503,16,645
T007972,V09,153,136,15,304
T007973,V04,184,285,61,530
T007974,V02,167,415,49,631
T007975,V04,181,489,14,684
T007976,V10,179,240,33,452
T007977,V02,196,431,38,665
T007978,V06,151,525,28,704
T007979,V11,142,471,53,666
T007980,V01,171,582,45,798
T007981,V11,134,289,34,457
T007982,V12,157,216,44,417
T007983,V11,137,540,63,740
T007984,V02,120,514,17,651
T007985,V08,124,614,64,802
T007986,V08,192,449,46,687
T007987,V08,162,477,51,690
T007988,V07,146,399,126,671
T007989,V05,197,460,21,678
T007990,V07,150,439,96,685
T007991,V11,154,526,55,735
T007992,V03,158,265,62,485
T007993,V07,192,255,44,491
T007994,V05,150,271,32,453
T007995,V08,126,508,15,649
T007996,V07,132,198,176,506
T007997,V12,137,150,22,309
T007998,V10,166,185,46,397
T007999,V06,173,474,23,670
