employee_id,site_id,shift,date,expected
E03928,SITE4,S1,1780790400000,1
E00428,SITE1,S1,1780790400000,1
E03508,SITE1,S3,1780790400000,1
E02067,SITE4,S1,1780790400000,1
E02625,SITE1,S1,1780790400000,1
E03098,SITE3,S2,1780790400000,1
E01403,SITE1,S2,1780790400000,1
E02193,SITE3,S2,1780790400000,1
E03247,SITE4,S3,1780790400000,1
E03177,SITE2,S3,1780790400000,1
E01939,SITE3,S3,1780790400000,1
E03551,SITE1,S1,1780790400000,1
E90796,SITE3,S1,1780790400000,1
E03163,SITE3,S1,1780790400000,1
E01874,SITE3,S1,1780790400000,1
E90744,SITE3,S1,1780790400000,1
E01755,SITE2,S1,1780790400000,1
E01451,SITE2,S3,1780790400000,1
E00457,SITE1,S2,1780790400000,1
E00952,SITE3,S1,1780790400000,1
E00537,SITE2,S1,1780790400000,1
E02731,SITE4,S3,1780790400000,1
E02862,SITE1,S2,1780790400000,1
E00587,SITE3,S1,1780790400000,1
E02212,SITE2,S3,1780790400000,1
E02747,SITE1,S2,1780790400000,1
E02354,SITE2,S3,1780790400000,1
E90524,SITE2,S2,1780790400000,1
E00293,SITE3,S2,1780790400000,1
E03331,SITE4,S2,1780790400000,1
E03475,SITE3,S1,1780790400000,1
E00522,SITE1,S1,1780790400000,1
E00780,SITE4,S2,1780790400000,1
E01522,SITE3,S3,1780790400000,1
E03280,SITE2,S1,1780790400000,1
E01774,SITE4,S2,1780790400000,1
E03657,SITE1,S2,1780790400000,1
E03952,SITE4,S2,1780790400000,1
E01172,SITE1,S3,1780790400000,1
E02328,SITE4,S2,1780790400000,1
E03986,SITE2,S1,1780876800000,1
E01055,SITE3,S1,1780876800000,1
E00049,SITE4,S3,1780876800000,1
E00609,SITE4,S3,1780876800000,1
E00486,SITE4,S2,1780876800000,1
E00111,SITE3,S3,1780876800000,1
E03146,SITE1,S1,1780876800000,1
E03305,SITE1,S1,1780876800000,1
E02221,SITE4,S1,1780876800000,1
E00479,SITE4,S1,1780876800000,1
E02924,SITE2,S1,1780876800000,1
E00681,SITE4,S2,1780876800000,1
E02457,SITE2,S1,1780876800000,1
E00784,SITE1,S3,1780876800000,1
E00506,SITE1,S2,1780876800000,1
E01492,SITE2,S1,1780876800000,1
E03436,SITE4,S1,1780876800000,1
E02436,SITE1,S1,1780876800000,1
E03364,SITE4,S1,1780876800000,1
E02182,SITE2,S3,1780876800000,1
E03639,SITE2,S2,1780876800000,1
E00533,SITE2,S1,1780876800000,1
E03507,SITE2,S2,1780876800000,1
E02608,SITE4,S1,1780876800000,1
E03612,SITE2,S2,1780876800000,1
E00081,SITE2,S2,1780876800000,1
E02947,SITE2,S3,1780876800000,1
E01210,SITE1,S2,1780876800000,1
E00913,SITE3,S1,1780876800000,1
E03666,SITE1,S3,1780876800000,1
E02286,SITE3,S1,1780876800000,1
E03095,SITE3,S1,1780876800000,1
E90785,SITE1,S1,1780876800000,1
E00922,SITE1,S1,1780876800000,1
E02784,SITE3,S1,1780876800000,1
E02504,SITE4,S2,1780876800000,1
E01745,SITE4,S2,1780876800000,1
E03883,SITE3,S3,1780876800000,1
E00076,SITE1,S3,1780876800000,1
E03271,SITE3,S1,1780876800000,1
E03707,SITE2,S3,1780963200000,1
E02341,SITE1,S3,1780963200000,1
E01369,SITE4,S2,1780963200000,1
E02165,SITE3,S2,1780963200000,1
E00570,SITE2,S2,1780963200000,1
E03323,SITE2,S2,1780963200000,1
E02234,SITE4,S2,1780963200000,1
E00382,SITE4,S2,1780963200000,1
E02659,SITE4,S1,1780963200000,1
E00877,SITE3,S3,1780963200000,1
E01689,SITE2,S3,1780963200000,1
E00136,SITE4,S3,1780963200000,1
E02379,SITE4,S2,1780963200000,1
E01353,SITE4,S2,1780963200000,1
E00559,SITE2,S3,1780963200000,1
E03803,SITE3,S2,1780963200000,1
E00107,SITE2,S1,1780963200000,1
E01244,SITE4,S2,1780963200000,1
E00275,SITE4,S1,1780963200000,1
E02859,SITE2,S2,1780963200000,1
E00317,SITE1,S2,1780963200000,1
E02354,SITE2,S1,1780963200000,1
E02476,SITE2,S3,1780963200000,1
E01122,SITE1,S2,1780963200000,1
E01281,SITE1,S2,1780963200000,1
E00494,SITE1,S2,1780963200000,1
E01381,SITE1,S3,1780963200000,1
E03113,SITE1,S2,1780963200000,1
E03456,SITE2,S2,1780963200000,1
E01604,SITE3,S3,1780963200000,1
E00283,SITE1,S1,1780963200000,1
E03189,SITE3,S2,1780963200000,1
E00331,SITE3,S1,1780963200000,1
E01362,SITE1,S1,1780963200000,1
E00725,SITE2,S3,1780963200000,1
E03535,SITE3,S3,1780963200000,1
E02945,SITE1,S1,1780963200000,1
E00734,SITE3,S3,1780963200000,1
E01617,SITE4,S2,1780963200000,1
E03933,SITE3,S2,1780963200000,1
E00140,SITE3,S2,1781049600000,1
E03466,SITE3,S1,1781049600000,1
E02486,SITE1,S3,1781049600000,1
E01005,SITE4,S1,1781049600000,1
E01478,SITE1,S2,1781049600000,1
E90643,SITE4,S1,1781049600000,1
E03627,SITE2,S2,1781049600000,1
E00513,SITE1,S1,1781049600000,1
E02397,SITE2,S1,1781049600000,1
E90231,SITE1,S3,1781049600000,1
E03780,SITE4,S2,1781049600000,1
E03157,SITE4,S1,1781049600000,1
E01104,SITE3,S3,1781049600000,1
E02373,SITE3,S3,1781049600000,1
E03860,SITE2,S2,1781049600000,1
E03915,SITE4,S3,1781049600000,1
E00308,SITE3,S2,1781049600000,1
E01264,SITE4,S2,1781049600000,1
E90219,SITE4,S2,1781049600000,1
E00472,SITE4,S3,1781049600000,1
E02360,SITE1,S2,1781049600000,1
E03052,SITE3,S3,1781049600000,1
E00637,SITE1,S1,1781049600000,1
E02952,SITE2,S2,1781049600000,1
E00001,SITE4,S3,1781049600000,1
E01818,SITE1,S1,1781049600000,1
E03619,SITE4,S3,1781049600000,1
E00909,SITE1,S2,1781049600000,1
E02962,SITE2,S1,1781049600000,1
E00782,SITE1,S2,1781049600000,1
E00642,SITE2,S2,1781049600000,1
E00166,SITE3,S1,1781049600000,1
E02731,SITE3,S2,1781049600000,1
E00590,SITE4,S1,1781049600000,1
E02303,SITE1,S3,1781049600000,1
E01387,SITE4,S2,1781049600000,1
E01100,SITE1,S3,1781049600000,1
E02086,SITE1,S1,1781049600000,1
E01195,SITE4,S1,1781049600000,1
E03605,SITE1,S1,1781049600000,1
E01846,SITE1,S2,1781136000000,1
E02568,SITE2,S1,1781136000000,1
E01145,SITE2,S3,1781136000000,1
E02027,SITE1,S2,1781136000000,1
E02831,SITE3,S1,1781136000000,1
E00672,SITE4,S1,1781136000000,1
E90840,SITE1,S3,1781136000000,1
E03144,SITE1,S1,1781136000000,1
E02944,SITE3,S3,1781136000000,1
E02227,SITE3,S1,1781136000000,1
E01087,SITE2,S3,1781136000000,1
E02089,SITE2,S1,1781136000000,1
E02268,SITE4,S1,1781136000000,1
E01976,SITE4,S3,1781136000000,1
E03764,SITE2,S2,1781136000000,1
E02771,SITE3,S1,1781136000000,1
E03935,SITE2,S3,1781136000000,1
E03344,SITE4,S2,1781136000000,1
E01512,SITE4,S3,1781136000000,1
E00097,SITE1,S3,1781136000000,1
E00656,SITE2,S2,1781136000000,1
E01472,SITE3,S2,1781136000000,1
E02963,SITE4,S1,1781136000000,1
E02604,SITE3,S3,1781136000000,1
E03268,SITE3,S2,1781136000000,1
E02414,SITE3,S1,1781136000000,1
E03319,SITE4,S2,1781136000000,1
E01460,SITE1,S1,1781136000000,1
E01184,SITE1,S1,1781136000000,1
E03896,SITE4,S1,1781136000000,1
E00531,SITE2,S1,1781136000000,1
E01260,SITE4,S3,1781136000000,1
E90931,SITE4,S1,1781136000000,1
E01712,SITE3,S1,1781136000000,1
E03350,SITE1,S1,1781136000000,1
E01698,SITE1,S3,1781136000000,1
E00861,SITE2,S1,1781136000000,1
E00501,SITE3,S3,1781136000000,1
E02862,SITE3,S1,1781136000000,1
E01548,SITE4,S3,1781136000000,1
E02632,SITE3,S3,1781222400000,1
E03244,SITE3,S2,1781222400000,1
E03388,SITE3,S3,1781222400000,1
E01295,SITE1,S1,1781222400000,1
E01329,SITE1,S1,1781222400000,1
E90748,SITE4,S1,1781222400000,1
E03461,SITE2,S1,1781222400000,1
E90882,SITE3,S3,1781222400000,1
E01546,SITE1,S2,1781222400000,1
E01960,SITE2,S1,1781222400000,1
E01159,SITE3,S1,1781222400000,1
E00160,SITE1,S3,1781222400000,1
E00512,SITE4,S1,1781222400000,1
E03110,SITE4,S3,1781222400000,1
E03142,SITE3,S2,1781222400000,1
E03683,SITE2,S1,1781222400000,1
E90836,SITE4,S1,1781222400000,1
E00925,SITE3,S2,1781222400000,1
E03330,SITE1,S3,1781222400000,1
E01533,SITE4,S1,1781222400000,1
E02279,SITE1,S2,1781222400000,1
E01116,SITE1,S1,1781222400000,1
E00551,SITE1,S1,1781222400000,1
E01752,SITE2,S1,1781222400000,1
E01998,SITE3,S1,1781222400000,1
E01941,SITE4,S2,1781222400000,1
E01408,SITE1,S3,1781222400000,1
E00974,SITE1,S3,1781222400000,1
E03456,SITE3,S1,1781222400000,1
E03705,SITE4,S3,1781222400000,1
E03496,SITE3,S1,1781222400000,1
E03532,SITE2,S1,1781222400000,1
E03056,SITE2,S3,1781222400000,1
E02223,SITE4,S1,1781222400000,1
E02174,SITE4,S3,1781222400000,1
E03743,SITE4,S1,1781222400000,1
E01179,SITE3,S3,1781222400000,1
E02413,SITE1,S3,1781222400000,1
E00596,SITE4,S3,1781222400000,1
E01153,SITE1,S3,1781222400000,1
E00295,SITE1,S2,1781308800000,1
E02199,SITE2,S1,1781308800000,1
E90188,SITE4,S2,1781308800000,1
E00382,SITE4,S1,1781308800000,1
E03653,SITE1,S1,1781308800000,1
E00342,SITE3,S3,1781308800000,1
E03744,SITE4,S3,1781308800000,1
E90400,SITE1,S1,1781308800000,1
E01813,SITE1,S1,1781308800000,1
E00816,SITE4,S1,1781308800000,1
E02692,SITE3,S1,1781308800000,1
E00473,SITE2,S3,1781308800000,1
E02693,SITE2,S2,1781308800000,1
E02342,SITE2,S2,1781308800000,1
E03978,SITE2,S2,1781308800000,1
E01167,SITE3,S3,1781308800000,1
E00661,SITE4,S3,1781308800000,1
E01227,SITE1,S2,1781308800000,1
E03994,SITE4,S2,1781308800000,1
E00675,SITE4,S2,1781308800000,1
E00634,SITE2,S2,1781308800000,1
E03777,SITE3,S3,1781308800000,1
E03451,SITE1,S2,1781308800000,1
E02682,SITE1,S1,1781308800000,1
E03100,SITE3,S1,1781308800000,1
E00047,SITE1,S1,1781308800000,1
E00586,SITE4,S3,1781308800000,1
E01517,SITE1,S2,1781308800000,1
E01789,SITE3,S2,1781308800000,1
E03005,SITE1,S1,1781308800000,1
E01445,SITE2,S1,1781308800000,1
E03661,SITE1,S3,1781308800000,1
E01017,SITE4,S3,1781308800000,1
E02609,SITE4,S3,1781308800000,1
E01188,SITE4,S3,1781308800000,1
E90862,SITE2,S3,1781308800000,1
E01189,SITE4,S2,1781308800000,1
E01154,SITE3,S1,1781308800000,1
E90421,SITE2,S2,1781308800000,1
E00150,SITE3,S1,1781308800000,1
E02389,SITE4,S1,1781395200000,1
E00922,SITE3,S2,1781395200000,1
E03363,SITE3,S1,1781395200000,1
E03966,SITE2,S2,1781395200000,1
E01437,SITE4,S3,1781395200000,1
E01514,SITE4,S3,1781395200000,1
E90610,SITE2,S2,1781395200000,1
E03525,SITE1,S2,1781395200000,1
E00883,SITE4,S2,1781395200000,1
E00069,SITE1,S3,1781395200000,1
E02504,SITE1,S3,1781395200000,1
E02644,SITE2,S2,1781395200000,1
E03695,SITE1,S2,1781395200000,1
E02911,SITE4,S2,1781395200000,1
E00843,SITE3,S2,1781395200000,1
E03084,SITE4,S3,1781395200000,1
E02608,SITE3,S2,1781395200000,1
E00736,SITE3,S1,1781395200000,1
E02819,SITE2,S1,1781395200000,1
E01869,SITE1,S1,1781395200000,1
E02077,SITE2,S2,1781395200000,1
E01633,SITE4,S3,1781395200000,1
E03932,SITE2,S2,1781395200000,1
E02817,SITE1,S3,1781395200000,1
E02692,SITE1,S1,1781395200000,1
E90009,SITE1,S3,1781395200000,1
E02186,SITE1,S2,1781395200000,1
E02758,SITE2,S1,1781395200000,1
E02657,SITE3,S2,1781395200000,1
E01376,SITE4,S2,1781395200000,1
E02009,SITE1,S1,1781395200000,1
E00217,SITE2,S3,1781395200000,1
E03487,SITE2,S1,1781395200000,1
E01680,SITE2,S2,1781395200000,1
E02784,SITE2,S1,1781395200000,1
E00766,SITE4,S1,1781395200000,1
E02548,SITE4,S2,1781395200000,1
E02491,SITE2,S2,1781395200000,1
E03985,SITE2,S1,1781395200000,1
E02188,SITE2,S3,1781395200000,1
E03052,SITE1,S2,1781481600000,1
E00088,SITE1,S1,1781481600000,1
E01007,SITE3,S3,1781481600000,1
E03926,SITE1,S3,1781481600000,1
E01220,SITE2,S2,1781481600000,1
E02761,SITE1,S3,1781481600000,1
E00220,SITE1,S3,1781481600000,1
E03797,SITE4,S2,1781481600000,1
E03825,SITE2,S3,1781481600000,1
E02775,SITE4,S1,1781481600000,1
E02926,SITE1,S3,1781481600000,1
E02867,SITE3,S3,1781481600000,1
E02332,SITE4,S1,1781481600000,1
E02702,SITE4,S2,1781481600000,1
E02301,SITE3,S2,1781481600000,1
E02577,SITE1,S2,1781481600000,1
E03052,SITE3,S2,1781481600000,1
E03123,SITE4,S3,1781481600000,1
E01179,SITE2,S3,1781481600000,1
E02136,SITE2,S2,1781481600000,1
E01280,SITE1,S3,1781481600000,1
E02850,SITE3,S1,1781481600000,1
E00160,SITE3,S3,1781481600000,1
E03101,SITE3,S1,1781481600000,1
E02583,SITE3,S2,1781481600000,1
E00773,SITE3,S3,1781481600000,1
E01281,SITE3,S2,1781481600000,1
E00078,SITE2,S3,1781481600000,1
E01198,SITE1,S1,1781481600000,1
E02223,SITE1,S2,1781481600000,1
E01405,SITE2,S1,1781481600000,1
E03802,SITE2,S2,1781481600000,1
E01284,SITE1,S2,1781481600000,1
E01752,SITE1,S1,1781481600000,1
E02451,SITE4,S1,1781481600000,1
E02749,SITE3,S3,1781481600000,1
E03261,SITE1,S3,1781481600000,1
E01073,SITE1,S2,1781481600000,1
E03794,SITE1,S2,1781481600000,1
E01834,SITE1,S1,1781481600000,1
E01505,SITE4,S2,1781568000000,1
E02952,SITE3,S3,1781568000000,1
E00014,SITE2,S2,1781568000000,1
E02130,SITE2,S2,1781568000000,1
E02881,SITE3,S2,1781568000000,1
E02838,SITE1,S3,1781568000000,1
E00876,SITE4,S2,1781568000000,1
E90793,SITE4,S2,1781568000000,1
E02965,SITE3,S2,1781568000000,1
E02724,SITE4,S2,1781568000000,1
E02938,SITE1,S2,1781568000000,1
E00313,SITE3,S2,1781568000000,1
E00772,SITE1,S1,1781568000000,1
E00990,SITE3,S2,1781568000000,1
E90574,SITE3,S1,1781568000000,1
E02903,SITE2,S2,1781568000000,1
E00289,SITE4,S3,1781568000000,1
E03982,SITE2,S2,1781568000000,1
E01353,SITE3,S3,1781568000000,1
E00226,SITE1,S2,1781568000000,1
E03534,SITE4,S1,1781568000000,1
E01401,SITE1,S3,1781568000000,1
E00520,SITE2,S1,1781568000000,1
E03042,SITE4,S1,1781568000000,1
E01823,SITE1,S1,1781568000000,1
E01271,SITE1,S2,1781568000000,1
E03638,SITE2,S2,1781568000000,1
E00733,SITE1,S2,1781568000000,1
E03070,SITE3,S2,1781568000000,1
E01677,SITE2,S1,1781568000000,1
E03057,SITE3,S2,1781568000000,1
E01598,SITE4,S3,1781568000000,1
E90134,SITE3,S3,1781568000000,1
E03846,SITE3,S3,1781568000000,1
E03335,SITE2,S2,1781568000000,1
E03775,SITE3,S3,1781568000000,1
E02446,SITE2,S3,1781568000000,1
E01263,SITE2,S3,1781568000000,1
E03181,SITE2,S3,1781568000000,1
E02998,SITE2,S2,1781568000000,1
E02084,SITE2,S3,1781654400000,1
E02576,SITE3,S2,1781654400000,1
E01036,SITE1,S3,1781654400000,1
E02269,SITE1,S1,1781654400000,1
E01682,SITE4,S1,1781654400000,1
E00006,SITE2,S3,1781654400000,1
E01879,SITE1,S2,1781654400000,1
E00378,SITE4,S3,1781654400000,1
E00641,SITE1,S1,1781654400000,1
E01054,SITE3,S3,1781654400000,1
E03773,SITE3,S2,1781654400000,1
E02445,SITE4,S3,1781654400000,1
E03961,SITE3,S1,1781654400000,1
E01837,SITE2,S1,1781654400000,1
E01751,SITE4,S2,1781654400000,1
E02360,SITE1,S1,1781654400000,1
E03618,SITE4,S1,1781654400000,1
E03340,SITE4,S1,1781654400000,1
E03998,SITE4,S1,1781654400000,1
E00906,SITE4,S2,1781654400000,1
E01834,SITE1,S2,1781654400000,1
E03056,SITE3,S3,1781654400000,1
E01917,SITE3,S1,1781654400000,1
E03173,SITE1,S1,1781654400000,1
E00515,SITE1,S2,1781654400000,1
E01477,SITE3,S1,1781654400000,1
E03902,SITE4,S1,1781654400000,1
E01038,SITE3,S3,1781654400000,1
E03207,SITE2,S2,1781654400000,1
E00619,SITE3,S3,1781654400000,1
E02627,SITE4,S3,1781654400000,1
E00979,SITE1,S1,1781654400000,1
E03675,SITE4,S2,1781654400000,1
E03114,SITE2,S1,1781654400000,1
E03795,SITE4,S1,1781654400000,1
E02487,SITE4,S3,1781654400000,1
E00462,SITE1,S3,1781654400000,1
E02224,SITE1,S2,1781654400000,1
E01871,SITE1,S1,1781654400000,1
E02458,SITE2,S1,1781654400000,1
E03932,SITE1,S3,1781740800000,1
E02058,SITE4,S3,1781740800000,1
E00768,SITE1,S1,1781740800000,1
E02436,SITE2,S3,1781740800000,1
E03090,SITE3,S1,1781740800000,1
E90607,SITE1,S2,1781740800000,1
E00686,SITE4,S3,1781740800000,1
E03729,SITE3,S3,1781740800000,1
E90992,SITE2,S1,1781740800000,1
E03625,SITE4,S3,1781740800000,1
E00175,SITE4,S1,1781740800000,1
E90295,SITE4,S3,1781740800000,1
E90022,SITE2,S3,1781740800000,1
E00973,SITE4,S2,1781740800000,1
E03737,SITE3,S3,1781740800000,1
E02835,SITE4,S2,1781740800000,1
E01340,SITE1,S1,1781740800000,1
E01531,SITE2,S1,1781740800000,1
E02102,SITE4,S2,1781740800000,1
E02867,SITE4,S2,1781740800000,1
E01458,SITE1,S3,1781740800000,1
E02080,SITE4,S3,1781740800000,1
E00916,SITE4,S3,1781740800000,1
E01789,SITE2,S1,1781740800000,1
E03424,SITE3,S2,1781740800000,1
E01927,SITE3,S3,1781740800000,1
E03702,SITE1,S3,1781740800000,1
E01692,SITE4,S2,1781740800000,1
E03227,SITE3,S1,1781740800000,1
E01423,SITE2,S1,1781740800000,1
E03177,SITE4,S2,1781740800000,1
E00555,SITE2,S3,1781740800000,1
E00468,SITE3,S1,1781740800000,1
E00646,SITE1,S3,1781740800000,1
E03286,SITE1,S3,1781740800000,1
E03867,SITE4,S3,1781740800000,1
E00542,SITE2,S1,1781740800000,1
E02339,SITE1,S1,1781740800000,1
E01361,SITE1,S3,1781740800000,1
E03488,SITE2,S3,1781740800000,1
E02252,SITE4,S2,1781827200000,1
E00514,SITE1,S2,1781827200000,1
E90764,SITE3,S2,1781827200000,1
E01273,SITE4,S1,1781827200000,1
E03253,SITE1,S2,1781827200000,1
E02170,SITE2,S2,1781827200000,1
E02603,SITE3,S3,1781827200000,1
E00541,SITE3,S2,1781827200000,1
E01909,SITE2,S1,1781827200000,1
E02105,SITE1,S2,1781827200000,1
E02548,SITE2,S1,1781827200000,1
E00193,SITE2,S3,1781827200000,1
E01297,SITE4,S2,1781827200000,1
E90136,SITE3,S1,1781827200000,1
E01762,SITE1,S2,1781827200000,1
E02950,SITE2,S3,1781827200000,1
E03062,SITE4,S1,1781827200000,1
E00506,SITE1,S3,1781827200000,1
E00086,SITE1,S1,1781827200000,1
E01376,SITE1,S2,1781827200000,1
E01566,SITE2,S3,1781827200000,1
E02262,SITE3,S2,1781827200000,1
E03691,SITE2,S3,1781827200000,1
E00162,SITE2,S2,1781827200000,1
E03471,SITE4,S2,1781827200000,1
E03685,SITE2,S3,1781827200000,1
E01476,SITE1,S3,1781827200000,1
E02342,SITE3,S1,1781827200000,1
E00417,SITE3,S3,1781827200000,1
E02381,SITE3,S2,1781827200000,1
E00708,SITE4,S1,1781827200000,1
E03545,SITE1,S3,1781827200000,1
E03228,SITE3,S1,1781827200000,1
E02508,SITE3,S2,1781827200000,1
E00761,SITE3,S1,1781827200000,1
E90884,SITE4,S2,1781827200000,1
E01724,SITE2,S3,1781827200000,1
E01034,SITE1,S2,1781827200000,1
E02613,SITE1,S1,1781827200000,1
E03158,SITE3,S1,1781827200000,1
E03827,SITE1,S3,1781913600000,1
E01046,SITE1,S1,1781913600000,1
E02811,SITE3,S2,1781913600000,1
E02413,SITE2,S2,1781913600000,1
E00041,SITE1,S1,1781913600000,1
E01441,SITE4,S1,1781913600000,1
E01170,SITE2,S1,1781913600000,1
E01284,SITE1,S3,1781913600000,1
E02913,SITE3,S2,1781913600000,1
E03448,SITE1,S1,1781913600000,1
E03033,SITE3,S2,1781913600000,1
E00151,SITE2,S1,1781913600000,1
E02202,SITE4,S3,1781913600000,1
E03387,SITE3,S2,1781913600000,1
E01591,SITE1,S2,1781913600000,1
E02994,SITE2,S3,1781913600000,1
E03728,SITE2,S3,1781913600000,1
E00027,SITE3,S3,1781913600000,1
E02541,SITE3,S1,1781913600000,1
E00729,SITE4,S3,1781913600000,1
E03967,SITE4,S3,1781913600000,1
E00818,SITE3,S2,1781913600000,1
E03402,SITE3,S2,1781913600000,1
E02161,SITE3,S1,1781913600000,1
E03908,SITE1,S3,1781913600000,1
E02267,SITE3,S3,1781913600000,1
E02971,SITE2,S1,1781913600000,1
E01516,SITE4,S1,1781913600000,1
E03455,SITE3,S1,1781913600000,1
E01232,SITE2,S1,1781913600000,1
E03037,SITE1,S1,1781913600000,1
E02674,SITE3,S1,1781913600000,1
E02072,SITE3,S2,1781913600000,1
E03779,SITE3,S1,1781913600000,1
E03152,SITE1,S1,1781913600000,1
E02955,SITE1,S3,1781913600000,1
E01501,SITE1,S3,1781913600000,1
E00502,SITE4,S3,1781913600000,1
E90961,SITE4,S2,1781913600000,1
E03690,SITE1,S2,1781913600000,1
E00677,SITE2,S1,1782000000000,1
E00500,SITE3,S1,1782000000000,1
E01859,SITE4,S1,1782000000000,1
E03189,SITE4,S2,1782000000000,1
E02228,SITE2,S2,1782000000000,1
E01553,SITE4,S3,1782000000000,1
E01266,SITE1,S3,1782000000000,1
E00784,SITE4,S2,1782000000000,1
E00667,SITE3,S2,1782000000000,1
E00125,SITE1,S1,1782000000000,1
E02390,SITE3,S2,1782000000000,1
E01895,SITE2,S1,1782000000000,1
E00123,SITE1,S2,1782000000000,1
E00196,SITE1,S3,1782000000000,1
E02121,SITE1,S3,1782000000000,1
E02363,SITE3,S2,1782000000000,1
E00838,SITE2,S2,1782000000000,1
E00066,SITE1,S2,1782000000000,1
E01365,SITE2,S1,1782000000000,1
E00612,SITE1,S3,1782000000000,1
E03202,SITE3,S2,1782000000000,1
E01858,SITE2,S2,1782000000000,1
E02565,SITE4,S3,1782000000000,1
E01926,SITE3,S2,1782000000000,1
E90530,SITE3,S1,1782000000000,1
E02455,SITE3,S2,1782000000000,1
E03542,SITE2,S2,1782000000000,1
E02703,SITE4,S1,1782000000000,1
E02738,SITE2,S3,1782000000000,1
E00370,SITE3,S2,1782000000000,1
E02857,SITE3,S1,1782000000000,1
E03661,SITE2,S3,1782000000000,1
E90478,SITE4,S3,1782000000000,1
E03779,SITE2,S3,1782000000000,1
E01047,SITE4,S2,1782000000000,1
E01965,SITE4,S2,1782000000000,1
E03504,SITE1,S3,1782000000000,1
E00140,SITE3,S2,1782000000000,1
E02529,SITE2,S1,1782000000000,1
E03502,SITE3,S3,1782000000000,1
E03317,SITE3,S3,1782086400000,1
E00191,SITE4,S1,1782086400000,1
E02786,SITE1,S1,1782086400000,1
E01510,SITE3,S1,1782086400000,1
E01338,SITE1,S3,1782086400000,1
E02328,SITE1,S3,1782086400000,1
E03140,SITE3,S2,1782086400000,1
E00075,SITE3,S2,1782086400000,1
E02151,SITE2,S1,1782086400000,1
E02741,SITE2,S1,1782086400000,1
E90404,SITE4,S3,1782086400000,1
E90322,SITE3,S1,1782086400000,1
E02728,SITE4,S2,1782086400000,1
E01459,SITE4,S3,1782086400000,1
E03890,SITE4,S1,1782086400000,1
E03876,SITE1,S3,1782086400000,1
E01132,SITE3,S1,1782086400000,1
E03588,SITE1,S1,1782086400000,1
E03697,SITE3,S3,1782086400000,1
E02861,SITE1,S3,1782086400000,1
E01035,SITE4,S3,1782086400000,1
E00779,SITE4,S1,1782086400000,1
E00055,SITE2,S1,1782086400000,1
E02879,SITE1,S3,1782086400000,1
E02985,SITE3,S3,1782086400000,1
E02296,SITE4,S3,1782086400000,1
E01113,SITE3,S3,1782086400000,1
E90668,SITE4,S3,1782086400000,1
E01553,SITE2,S3,1782086400000,1
E01151,SITE2,S2,1782086400000,1
E03782,SITE2,S3,1782086400000,1
E01698,SITE3,S1,1782086400000,1
E01440,SITE2,S2,1782086400000,1
E01204,SITE4,S1,1782086400000,1
E02646,SITE1,S2,1782086400000,1
E00488,SITE3,S3,1782086400000,1
E03743,SITE3,S2,1782086400000,1
E02338,SITE4,S1,1782086400000,1
E02750,SITE4,S1,1782086400000,1
E02581,SITE2,S2,1782086400000,1
E00236,SITE3,S2,1782172800000,1
E00393,SITE1,S2,1782172800000,1
E03011,SITE4,S2,1782172800000,1
E02648,SITE2,S3,1782172800000,1
E00501,SITE3,S1,1782172800000,1
E01655,SITE1,S3,1782172800000,1
E01032,SITE4,S2,1782172800000,1
E00066,SITE4,S3,1782172800000,1
E01794,SITE1,S2,1782172800000,1
E02878,SITE1,S1,1782172800000,1
E01094,SITE3,S3,1782172800000,1
E01912,SITE3,S2,1782172800000,1
E01294,SITE4,S2,1782172800000,1
E00084,SITE3,S2,1782172800000,1
E03703,SITE2,S2,1782172800000,1
E02550,SITE3,S1,1782172800000,1
E00017,SITE3,S3,1782172800000,1
E00360,SITE3,S2,1782172800000,1
E03150,SITE2,S2,1782172800000,1
E00798,SITE2,S1,1782172800000,1
E00572,SITE1,S3,1782172800000,1
E02080,SITE2,S1,1782172800000,1
E00838,SITE3,S2,1782172800000,1
E02207,SITE4,S3,1782172800000,1
E01858,SITE1,S3,1782172800000,1
E03408,SITE3,S3,1782172800000,1
E03893,SITE2,S2,1782172800000,1
E00321,SITE4,S1,1782172800000,1
E00047,SITE1,S2,1782172800000,1
E01782,SITE2,S2,1782172800000,1
E00669,SITE4,S1,1782172800000,1
E03054,SITE3,S3,1782172800000,1
E90272,SITE3,S3,1782172800000,1
E01746,SITE1,S2,1782172800000,1
E01566,SITE2,S2,1782172800000,1
E03483,SITE2,S3,1782172800000,1
E02639,SITE1,S1,1782172800000,1
E03458,SITE3,S3,1782172800000,1
E00875,SITE3,S2,1782172800000,1
E02740,SITE3,S3,1782172800000,1
E00336,SITE1,S2,1782259200000,1
E90610,SITE1,S1,1782259200000,1
E02584,SITE1,S1,1782259200000,1
E02245,SITE1,S3,1782259200000,1
E03645,SITE4,S2,1782259200000,1
E03840,SITE4,S1,1782259200000,1
E02988,SITE4,S3,1782259200000,1
E01446,SITE4,S3,1782259200000,1
E01761,SITE2,S2,1782259200000,1
E03174,SITE3,S2,1782259200000,1
E01017,SITE3,S1,1782259200000,1
E02079,SITE2,S3,1782259200000,1
E03765,SITE1,S3,1782259200000,1
E00610,SITE3,S3,1782259200000,1
E02629,SITE1,S1,1782259200000,1
E00922,SITE4,S3,1782259200000,1
E03997,SITE4,S3,1782259200000,1
E02121,SITE2,S3,1782259200000,1
E03811,SITE1,S1,1782259200000,1
E03239,SITE2,S1,1782259200000,1
E03566,SITE3,S1,1782259200000,1
E03017,SITE2,S3,1782259200000,1
E01315,SITE1,S3,1782259200000,1
E02473,SITE4,S2,1782259200000,1
E03342,SITE4,S3,1782259200000,1
E03395,SITE1,S2,1782259200000,1
E03682,SITE4,S3,1782259200000,1
E01918,SITE2,S2,1782259200000,1
E00088,SITE1,S2,1782259200000,1
E00232,SITE4,S2,1782259200000,1
E00031,SITE2,S1,1782259200000,1
E01420,SITE2,S3,1782259200000,1
E90546,SITE3,S2,1782259200000,1
E01739,SITE4,S3,1782259200000,1
E01067,SITE1,S3,1782259200000,1
E00296,SITE4,S1,1782259200000,1
E01244,SITE4,S3,1782259200000,1
E00005,SITE3,S1,1782259200000,1
E00956,SITE2,S2,1782259200000,1
E00641,SITE1,S2,1782259200000,1
E03775,SITE4,S1,1782345600000,1
E01127,SITE2,S2,1782345600000,1
E02270,SITE3,S3,1782345600000,1
E03915,SITE1,S3,1782345600000,1
E03424,SITE2,S1,1782345600000,1
E03353,SITE2,S3,1782345600000,1
E02567,SITE4,S1,1782345600000,1
E03046,SITE2,S2,1782345600000,1
E02871,SITE1,S2,1782345600000,1
E00560,SITE2,S3,1782345600000,1
E00197,SITE1,S1,1782345600000,1
E00652,SITE1,S1,1782345600000,1
E02880,SITE2,S1,1782345600000,1
E00045,SITE1,S3,1782345600000,1
E01973,SITE4,S1,1782345600000,1
E02906,SITE2,S1,1782345600000,1
E03541,SITE4,S2,1782345600000,1
E00177,SITE1,S2,1782345600000,1
E02866,SITE4,S2,1782345600000,1
E01239,SITE1,S2,1782345600000,1
E01653,SITE4,S2,1782345600000,1
E03837,SITE2,S3,1782345600000,1
E00744,SITE4,S3,1782345600000,1
E01888,SITE4,S3,1782345600000,1
E00453,SITE2,S2,1782345600000,1
E90918,SITE3,S1,1782345600000,1
E00452,SITE2,S3,1782345600000,1
E03061,SITE4,S2,1782345600000,1
E00177,SITE1,S3,1782345600000,1
E00246,SITE2,S3,1782345600000,1
E02634,SITE3,S2,1782345600000,1
E02141,SITE1,S2,1782345600000,1
E03759,SITE4,S1,1782345600000,1
E00703,SITE4,S3,1782345600000,1
E00258,SITE3,S2,1782345600000,1
E03157,SITE3,S2,1782345600000,1
E03168,SITE4,S1,1782345600000,1
E03257,SITE3,S2,1782345600000,1
E02799,SITE3,S3,1782345600000,1
E02295,SITE4,S2,1782345600000,1
E02931,SITE3,S2,1782432000000,1
E00348,SITE2,S1,1782432000000,1
E00414,SITE1,S3,1782432000000,1
E02789,SITE4,S2,1782432000000,1
E02440,SITE3,S3,1782432000000,1
E90503,SITE4,S1,1782432000000,1
E01879,SITE4,S3,1782432000000,1
E01013,SITE1,S2,1782432000000,1
E01998,SITE1,S1,1782432000000,1
E03663,SITE4,S3,1782432000000,1
E01971,SITE4,S1,1782432000000,1
E03448,SITE1,S3,1782432000000,1
E01257,SITE1,S2,1782432000000,1
E02229,SITE3,S3,1782432000000,1
E00362,SITE3,S1,1782432000000,1
E02180,SITE2,S3,1782432000000,1
E02515,SITE3,S1,1782432000000,1
E02335,SITE2,S3,1782432000000,1
E01446,SITE3,S2,1782432000000,1
E02944,SITE2,S2,1782432000000,1
E01534,SITE4,S2,1782432000000,1
E03047,SITE1,S1,1782432000000,1
E02777,SITE3,S3,1782432000000,1
E03597,SITE3,S3,1782432000000,1
E01299,SITE1,S2,1782432000000,1
E03713,SITE3,S1,1782432000000,1
E02024,SITE2,S2,1782432000000,1
E03474,SITE4,S1,1782432000000,1
E01817,SITE3,S3,1782432000000,1
E01046,SITE1,S2,1782432000000,1
E02467,SITE2,S1,1782432000000,1
E90753,SITE3,S2,1782432000000,1
E03925,SITE4,S3,1782432000000,1
E02782,SITE3,S2,1782432000000,1
E03602,SITE3,S3,1782432000000,1
E00614,SITE3,S3,1782432000000,1
E00395,SITE3,S3,1782432000000,1
E01532,SITE1,S2,1782432000000,1
E02541,SITE3,S2,1782432000000,1
E03951,SITE3,S1,1782432000000,1
E00318,SITE3,S1,1782518400000,1
E00594,SITE1,S3,1782518400000,1
E00008,SITE3,S2,1782518400000,1
E01942,SITE2,S1,1782518400000,1
E03993,SITE3,S2,1782518400000,1
E00484,SITE4,S1,1782518400000,1
E00424,SITE1,S1,1782518400000,1
E01226,SITE2,S3,1782518400000,1
E03082,SITE4,S2,1782518400000,1
E90009,SITE1,S2,1782518400000,1
E01046,SITE4,S1,1782518400000,1
E01564,SITE4,S2,1782518400000,1
E00071,SITE4,S2,1782518400000,1
E02924,SITE2,S3,1782518400000,1
E03631,SITE3,S2,1782518400000,1
E00806,SITE1,S1,1782518400000,1
E01744,SITE4,S1,1782518400000,1
E02337,SITE4,S2,1782518400000,1
E90253,SITE2,S1,1782518400000,1
E01270,SITE2,S2,1782518400000,1
E00593,SITE4,S2,1782518400000,1
E01796,SITE4,S2,1782518400000,1
E00262,SITE1,S1,1782518400000,1
E02745,SITE3,S2,1782518400000,1
E00354,SITE4,S2,1782518400000,1
E01325,SITE1,S3,1782518400000,1
E01030,SITE3,S1,1782518400000,1
E03171,SITE3,S1,1782518400000,1
E02252,SITE4,S3,1782518400000,1
E02190,SITE3,S1,1782518400000,1
E01691,SITE3,S3,1782518400000,1
E02107,SITE3,S2,1782518400000,1
E03882,SITE1,S2,1782518400000,1
E00269,SITE2,S3,1782518400000,1
E03861,SITE2,S3,1782518400000,1
E01829,SITE1,S1,1782518400000,1
E03113,SITE1,S2,1782518400000,1
E90334,SITE3,S2,1782518400000,1
E02856,SITE2,S2,1782518400000,1
E01704,SITE2,S1,1782518400000,1
E01229,SITE3,S2,1782604800000,1
E02904,SITE3,S2,1782604800000,1
E01207,SITE2,S2,1782604800000,1
E02494,SITE2,S2,1782604800000,1
E02577,SITE3,S1,1782604800000,1
E00857,SITE3,S2,1782604800000,1
E01006,SITE2,S3,1782604800000,1
E02650,SITE1,S3,1782604800000,1
E01099,SITE1,S1,1782604800000,1
E00020,SITE3,S1,1782604800000,1
E00556,SITE4,S1,1782604800000,1
E01204,SITE2,S3,1782604800000,1
E01354,SITE1,S3,1782604800000,1
E02487,SITE4,S3,1782604800000,1
E01819,SITE3,S3,1782604800000,1
E01938,SITE3,S3,1782604800000,1
E02684,SITE2,S3,1782604800000,1
E02970,SITE1,S3,1782604800000,1
E03358,SITE3,S2,1782604800000,1
E00271,SITE4,S1,1782604800000,1
E90040,SITE2,S2,1782604800000,1
E01890,SITE1,S2,1782604800000,1
E03653,SITE2,S2,1782604800000,1
E00110,SITE3,S2,1782604800000,1
E02196,SITE2,S1,1782604800000,1
E01877,SITE2,S2,1782604800000,1
E01183,SITE1,S3,1782604800000,1
E02168,SITE3,S3,1782604800000,1
E03676,SITE2,S2,1782604800000,1
E00535,SITE4,S3,1782604800000,1
E00012,SITE4,S3,1782604800000,1
E03153,SITE3,S2,1782604800000,1
E03584,SITE2,S1,1782604800000,1
E00385,SITE3,S1,1782604800000,1
E02158,SITE2,S1,1782604800000,1
E00954,SITE2,S2,1782604800000,1
E02816,SITE2,S1,1782604800000,1
E03170,SITE3,S2,1782604800000,1
E00027,SITE4,S3,1782604800000,1
E01471,SITE2,S2,1782604800000,1
E01991,SITE2,S3,1782691200000,1
E01806,SITE4,S2,1782691200000,1
E03858,SITE2,S2,1782691200000,1
E02082,SITE1,S1,1782691200000,1
E03592,SITE3,S2,1782691200000,1
E00227,SITE4,S2,1782691200000,1
E03527,SITE2,S2,1782691200000,1
E00000,SITE1,S2,1782691200000,1
E01225,SITE2,S1,1782691200000,1
E03772,SITE2,S1,1782691200000,1
E00636,SITE3,S3,1782691200000,1
E03072,SITE1,S1,1782691200000,1
E03675,SITE1,S1,1782691200000,1
E01485,SITE2,S1,1782691200000,1
E01454,SITE3,S1,1782691200000,1
E02426,SITE3,S3,1782691200000,1
E00290,SITE4,S3,1782691200000,1
E03358,SITE1,S2,1782691200000,1
E00905,SITE3,S1,1782691200000,1
E03140,SITE2,S1,1782691200000,1
E02103,SITE3,S2,1782691200000,1
E00579,SITE4,S3,1782691200000,1
E03001,SITE3,S3,1782691200000,1
E00729,SITE4,S1,1782691200000,1
E03815,SITE3,S3,1782691200000,1
E02488,SITE3,S1,1782691200000,1
E90542,SITE2,S1,1782691200000,1
E02307,SITE2,S2,1782691200000,1
E03000,SITE4,S2,1782691200000,1
E02811,SITE1,S3,1782691200000,1
E02139,SITE3,S1,1782691200000,1
E01993,SITE4,S1,1782691200000,1
E03720,SITE4,S1,1782691200000,1
E01250,SITE1,S3,1782691200000,1
E03530,SITE2,S1,1782691200000,1
E01874,SITE1,S1,1782691200000,1
E01873,SITE3,S2,1782691200000,1
E02972,SITE1,S1,1782691200000,1
E00815,SITE2,S1,1782691200000,1
E03543,SITE4,S3,1782691200000,1
E01644,SITE1,S3,1782777600000,1
E01605,SITE1,S1,1782777600000,1
E02983,SITE2,S3,1782777600000,1
E01416,SITE3,S3,1782777600000,1
E02640,SITE3,S3,1782777600000,1
E03777,SITE4,S3,1782777600000,1
E00412,SITE3,S2,1782777600000,1
E03605,SITE2,S3,1782777600000,1
E02519,SITE3,S1,1782777600000,1
E01274,SITE3,S2,1782777600000,1
E01400,SITE1,S3,1782777600000,1
E02205,SITE1,S1,1782777600000,1
E03902,SITE1,S2,1782777600000,1
E01942,SITE3,S2,1782777600000,1
E03508,SITE2,S1,1782777600000,1
E00341,SITE4,S2,1782777600000,1
E03399,SITE4,S1,1782777600000,1
E02352,SITE3,S2,1782777600000,1
E02667,SITE4,S1,1782777600000,1
E00943,SITE4,S3,1782777600000,1
E03260,SITE3,S2,1782777600000,1
E02264,SITE4,S3,1782777600000,1
E03536,SITE4,S2,1782777600000,1
E02506,SITE4,S2,1782777600000,1
E03026,SITE4,S1,1782777600000,1
E03941,SITE1,S2,1782777600000,1
E02104,SITE3,S2,1782777600000,1
E03353,SITE4,S1,1782777600000,1
E01191,SITE2,S3,1782777600000,1
E03510,SITE2,S2,1782777600000,1
E01557,SITE4,S3,1782777600000,1
E90620,SITE1,S2,1782777600000,1
E02665,SITE4,S1,1782777600000,1
E01673,SITE1,S3,1782777600000,1
E03520,SITE3,S2,1782777600000,1
E01531,SITE1,S2,1782777600000,1
E00820,SITE2,S1,1782777600000,1
E02932,SITE1,S1,1782777600000,1
E02642,SITE3,S1,1782777600000,1
E01330,SITE2,S2,1782777600000,1
E03991,SITE4,S2,1782864000000,1
E00224,SITE1,S1,1782864000000,1
E00719,SITE4,S1,1782864000000,1
E00951,SITE1,S1,1782864000000,1
E00116,SITE2,S3,1782864000000,1
E03140,SITE3,S2,1782864000000,1
E03071,SITE3,S3,1782864000000,1
E90712,SITE4,S3,1782864000000,1
E01122,SITE4,S1,1782864000000,1
E03710,SITE2,S3,1782864000000,1
E00474,SITE2,S2,1782864000000,1
E01712,SITE3,S2,1782864000000,1
E90225,SITE2,S1,1782864000000,1
E03789,SITE4,S3,1782864000000,1
E00863,SITE3,S2,1782864000000,1
E01784,SITE2,S1,1782864000000,1
E00233,SITE3,S2,1782864000000,1
E02890,SITE2,S3,1782864000000,1
E03201,SITE4,S1,1782864000000,1
E03787,SITE2,S1,1782864000000,1
E90023,SITE2,S2,1782864000000,1
E03589,SITE1,S1,1782864000000,1
E90206,SITE4,S3,1782864000000,1
E01394,SITE3,S3,1782864000000,1
E01540,SITE1,S1,1782864000000,1
E01725,SITE2,S2,1782864000000,1
E01165,SITE2,S2,1782864000000,1
E02607,SITE4,S3,1782864000000,1
E00459,SITE1,S2,1782864000000,1
E01304,SITE1,S1,1782864000000,1
E03507,SITE3,S1,1782864000000,1
E02470,SITE4,S2,1782864000000,1
E01703,SITE3,S2,1782864000000,1
E02178,SITE3,S2,1782864000000,1
E01202,SITE2,S1,1782864000000,1
E02694,SITE4,S3,1782864000000,1
E00670,SITE4,S1,1782864000000,1
E02913,SITE1,S3,1782864000000,1
E03039,SITE1,S3,1782864000000,1
E03126,SITE4,S1,1782864000000,1
E02558,SITE4,S3,1782950400000,1
E03829,SITE2,S3,1782950400000,1
E02606,SITE2,S3,1782950400000,1
E02811,SITE3,S2,1782950400000,1
E03482,SITE3,S3,1782950400000,1
E03182,SITE2,S1,1782950400000,1
E01516,SITE2,S3,1782950400000,1
E00486,SITE4,S1,1782950400000,1
E03761,SITE4,S1,1782950400000,1
E01478,SITE1,S1,1782950400000,1
E01736,SITE3,S1,1782950400000,1
E01723,SITE2,S3,1782950400000,1
E01772,SITE3,S1,1782950400000,1
E01662,SITE4,S3,1782950400000,1
E02094,SITE4,S2,1782950400000,1
E02237,SITE1,S3,1782950400000,1
E02753,SITE1,S2,1782950400000,1
E01653,SITE3,S3,1782950400000,1
E02514,SITE3,S3,1782950400000,1
E00438,SITE3,S3,1782950400000,1
E02104,SITE1,S3,1782950400000,1
E03523,SITE2,S2,1782950400000,1
E03236,SITE2,S1,1782950400000,1
E01124,SITE1,S1,1782950400000,1
E03177,SITE4,S1,1782950400000,1
E00084,SITE1,S3,1782950400000,1
E01094,SITE3,S3,1782950400000,1
E02653,SITE3,S2,1782950400000,1
E01600,SITE3,S2,1782950400000,1
E03105,SITE4,S2,1782950400000,1
E00568,SITE1,S2,1782950400000,1
E02915,SITE2,S2,1782950400000,1
E01342,SITE4,S1,1782950400000,1
E01514,SITE4,S2,1782950400000,1
E01612,SITE3,S2,1782950400000,1
E03108,SITE1,S3,1782950400000,1
E03741,SITE4,S1,1782950400000,1
E01455,SITE2,S3,1782950400000,1
E03322,SITE4,S3,1782950400000,1
E02185,SITE2,S2,1782950400000,1
E02479,SITE1,S1,1783036800000,1
E01676,SITE4,S3,1783036800000,1
E01586,SITE2,S1,1783036800000,1
E03487,SITE2,S3,1783036800000,1
E00483,SITE3,S1,1783036800000,1
E02419,SITE2,S1,1783036800000,1
E01513,SITE3,S3,1783036800000,1
E00834,SITE3,S3,1783036800000,1
E01669,SITE2,S1,1783036800000,1
E01284,SITE1,S2,1783036800000,1
E00273,SITE1,S2,1783036800000,1
E02534,SITE3,S2,1783036800000,1
E90920,SITE2,S3,1783036800000,1
E02344,SITE4,S3,1783036800000,1
E03882,SITE3,S1,1783036800000,1
E03424,SITE2,S3,1783036800000,1
E01635,SITE2,S1,1783036800000,1
E90459,SITE3,S1,1783036800000,1
E01711,SITE4,S3,1783036800000,1
E01586,SITE4,S1,1783036800000,1
E01181,SITE1,S2,1783036800000,1
E03545,SITE3,S1,1783036800000,1
E03886,SITE3,S1,1783036800000,1
E01460,SITE2,S2,1783036800000,1
E03590,SITE4,S3,1783036800000,1
E02672,SITE3,S3,1783036800000,1
E02135,SITE3,S3,1783036800000,1
E03966,SITE2,S3,1783036800000,1
E01692,SITE3,S2,1783036800000,1
E01444,SITE3,S2,1783036800000,1
E00239,SITE4,S1,1783036800000,1
E02867,SITE3,S2,1783036800000,1
E02310,SITE2,S1,1783036800000,1
E02769,SITE3,S1,1783036800000,1
E02530,SITE1,S1,1783036800000,1
E02281,SITE2,S3,1783036800000,1
E00599,SITE3,S1,1783036800000,1
E02297,SITE3,S1,1783036800000,1
E03507,SITE1,S2,1783036800000,1
E00116,SITE3,S2,1783036800000,1
E01778,SITE3,S2,1783123200000,1
E03134,SITE4,S3,1783123200000,1
E90969,SITE3,S2,1783123200000,1
E01936,SITE3,S1,1783123200000,1
E02375,SITE1,S1,1783123200000,1
E01754,SITE3,S1,1783123200000,1
E03335,SITE3,S1,1783123200000,1
E01390,SITE4,S2,1783123200000,1
E00792,SITE3,S1,1783123200000,1
E02811,SITE4,S2,1783123200000,1
E02671,SITE4,S2,1783123200000,1
E03287,SITE2,S3,1783123200000,1
E03834,SITE3,S3,1783123200000,1
E03451,SITE4,S1,1783123200000,1
E90828,SITE4,S1,1783123200000,1
E03580,SITE4,S2,1783123200000,1
E01658,SITE2,S3,1783123200000,1
E00828,SITE2,S3,1783123200000,1
E03699,SITE3,S1,1783123200000,1
E00223,SITE2,S2,1783123200000,1
E03163,SITE4,S2,1783123200000,1
E03393,SITE3,S1,1783123200000,1
E00014,SITE2,S1,1783123200000,1
E02426,SITE4,S3,1783123200000,1
E03033,SITE4,S3,1783123200000,1
E02408,SITE2,S3,1783123200000,1
E03004,SITE2,S3,1783123200000,1
E00430,SITE4,S1,1783123200000,1
E03118,SITE4,S1,1783123200000,1
E01828,SITE4,S1,1783123200000,1
E01551,SITE3,S3,1783123200000,1
E01799,SITE2,S3,1783123200000,1
E03822,SITE3,S2,1783123200000,1
E01592,SITE3,S1,1783123200000,1
E03315,SITE2,S3,1783123200000,1
E02283,SITE2,S3,1783123200000,1
E01904,SITE4,S1,1783123200000,1
E03503,SITE3,S3,1783123200000,1
E01856,SITE2,S3,1783123200000,1
E01666,SITE3,S3,1783123200000,1
E03467,SITE2,S3,1783209600000,1
E00663,SITE2,S3,1783209600000,1
E03980,SITE2,S2,1783209600000,1
E01312,SITE3,S2,1783209600000,1
E90091,SITE1,S3,1783209600000,1
E00604,SITE2,S3,1783209600000,1
E00416,SITE4,S2,1783209600000,1
E00367,SITE1,S3,1783209600000,1
E00095,SITE4,S1,1783209600000,1
E00257,SITE4,S1,1783209600000,1
E02373,SITE4,S3,1783209600000,1
E01305,SITE4,S1,1783209600000,1
E02271,SITE1,S2,1783209600000,1
E03706,SITE1,S1,1783209600000,1
E01402,SITE3,S2,1783209600000,1
E02033,SITE3,S2,1783209600000,1
E02990,SITE1,S2,1783209600000,1
E02758,SITE4,S2,1783209600000,1
E01893,SITE1,S3,1783209600000,1
E02337,SITE3,S2,1783209600000,1
E90418,SITE2,S1,1783209600000,1
E03849,SITE1,S1,1783209600000,1
E01187,SITE2,S3,1783209600000,1
E02511,SITE2,S1,1783209600000,1
E02396,SITE2,S2,1783209600000,1
E03302,SITE3,S3,1783209600000,1
E00925,SITE3,S3,1783209600000,1
E02858,SITE4,S1,1783209600000,1
E90064,SITE3,S2,1783209600000,1
E01114,SITE1,S2,1783209600000,1
E00249,SITE1,S3,1783209600000,1
E03537,SITE1,S1,1783209600000,1
E01955,SITE3,S2,1783209600000,1
E01044,SITE3,S3,1783209600000,1
E00522,SITE1,S2,1783209600000,1
E00163,SITE1,S1,1783209600000,1
E90467,SITE4,S2,1783209600000,1
E03633,SITE4,S3,1783209600000,1
E01701,SITE1,S2,1783209600000,1
E00130,SITE3,S1,1783209600000,1
E00343,SITE1,S3,1783296000000,1
E01364,SITE4,S1,1783296000000,1
E00432,SITE2,S1,1783296000000,1
E00449,SITE4,S2,1783296000000,1
E00620,SITE1,S1,1783296000000,1
E03971,SITE2,S3,1783296000000,1
E03929,SITE3,S3,1783296000000,1
E02317,SITE4,S3,1783296000000,1
E01385,SITE2,S1,1783296000000,1
E00030,SITE1,S1,1783296000000,1
E02368,SITE4,S3,1783296000000,1
E01048,SITE3,S1,1783296000000,1
E90207,SITE3,S1,1783296000000,1
E02906,SITE1,S3,1783296000000,1
E03057,SITE2,S3,1783296000000,1
E00577,SITE2,S1,1783296000000,1
E01376,SITE4,S2,1783296000000,1
E01147,SITE2,S1,1783296000000,1
E02035,SITE3,S1,1783296000000,1
E00064,SITE2,S3,1783296000000,1
E00475,SITE4,S2,1783296000000,1
E01902,SITE4,S2,1783296000000,1
E90030,SITE4,S1,1783296000000,1
E03118,SITE3,S1,1783296000000,1
E00193,SITE1,S1,1783296000000,1
E00165,SITE1,S1,1783296000000,1
E00460,SITE3,S2,1783296000000,1
E00274,SITE1,S1,1783296000000,1
E01975,SITE2,S1,1783296000000,1
E00172,SITE2,S1,1783296000000,1
E02582,SITE1,S1,1783296000000,1
E01832,SITE4,S2,1783296000000,1
E02472,SITE1,S2,1783296000000,1
E00681,SITE2,S1,1783296000000,1
E01497,SITE2,S3,1783296000000,1
E02058,SITE2,S3,1783296000000,1
E01445,SITE4,S3,1783296000000,1
E01969,SITE3,S1,1783296000000,1
E02029,SITE1,S3,1783296000000,1
E02497,SITE2,S1,1783296000000,1
E02380,SITE4,S1,1783382400000,1
E03109,SITE4,S3,1783382400000,1
E01714,SITE1,S1,1783382400000,1
E03653,SITE2,S2,1783382400000,1
E01314,SITE4,S3,1783382400000,1
E02988,SITE2,S1,1783382400000,1
E02623,SITE3,S3,1783382400000,1
E00464,SITE4,S3,1783382400000,1
E00702,SITE3,S3,1783382400000,1
E01324,SITE4,S2,1783382400000,1
E02263,SITE4,S3,1783382400000,1
E01602,SITE4,S2,1783382400000,1
E01732,SITE3,S1,1783382400000,1
E00961,SITE1,S1,1783382400000,1
E00634,SITE3,S1,1783382400000,1
E03310,SITE2,S3,1783382400000,1
E03466,SITE4,S2,1783382400000,1
E02750,SITE1,S1,1783382400000,1
E90942,SITE1,S1,1783382400000,1
E02050,SITE1,S1,1783382400000,1
E00666,SITE1,S3,1783382400000,1
E00386,SITE3,S3,1783382400000,1
E02616,SITE4,S2,1783382400000,1
E01813,SITE4,S3,1783382400000,1
E01877,SITE1,S2,1783382400000,1
E02514,SITE3,S2,1783382400000,1
E00835,SITE2,S1,1783382400000,1
E03978,SITE4,S1,1783382400000,1
E90104,SITE1,S3,1783382400000,1
E00246,SITE1,S2,1783382400000,1
E03739,SITE3,S2,1783382400000,1
E01249,SITE2,S1,1783382400000,1
E03260,SITE2,S3,1783382400000,1
E00271,SITE3,S2,1783382400000,1
E00958,SITE1,S2,1783382400000,1
E03357,SITE1,S1,1783382400000,1
E03591,SITE3,S3,1783382400000,1
E02932,SITE3,S1,1783382400000,1
E02095,SITE3,S3,1783382400000,1
E03408,SITE3,S2,1783382400000,1
E90403,SITE1,S2,1783468800000,1
E00012,SITE4,S1,1783468800000,1
E02992,SITE3,S2,1783468800000,1
E00356,SITE4,S3,1783468800000,1
E03520,SITE3,S1,1783468800000,1
E01030,SITE4,S3,1783468800000,1
E01931,SITE4,S2,1783468800000,1
E90796,SITE2,S3,1783468800000,1
E90907,SITE4,S1,1783468800000,1
E03189,SITE1,S3,1783468800000,1
E00173,SITE4,S3,1783468800000,1
E00775,SITE2,S3,1783468800000,1
E01170,SITE2,S2,1783468800000,1
E00360,SITE3,S1,1783468800000,1
E90848,SITE3,S1,1783468800000,1
E02781,SITE4,S1,1783468800000,1
E02082,SITE4,S3,1783468800000,1
E03814,SITE3,S2,1783468800000,1
E03506,SITE1,S3,1783468800000,1
E01683,SITE4,S1,1783468800000,1
E00558,SITE4,S1,1783468800000,1
E00807,SITE2,S2,1783468800000,1
E00583,SITE1,S1,1783468800000,1
E03361,SITE1,S2,1783468800000,1
E03326,SITE3,S2,1783468800000,1
E03119,SITE3,S1,1783468800000,1
E01192,SITE1,S2,1783468800000,1
E03796,SITE4,S1,1783468800000,1
E02146,SITE4,S2,1783468800000,1
E00612,SITE1,S2,1783468800000,1
E02566,SITE2,S2,1783468800000,1
E03222,SITE1,S3,1783468800000,1
E03737,SITE4,S1,1783468800000,1
E02544,SITE2,S2,1783468800000,1
E02879,SITE4,S3,1783468800000,1
E02041,SITE4,S3,1783468800000,1
E00339,SITE4,S3,1783468800000,1
E03729,SITE1,S2,1783468800000,1
E03532,SITE1,S1,1783468800000,1
E03748,SITE3,S2,1783468800000,1
E00462,SITE1,S2,1783555200000,1
E01051,SITE2,S1,1783555200000,1
E01620,SITE4,S2,1783555200000,1
E03029,SITE3,S1,1783555200000,1
E00481,SITE3,S3,1783555200000,1
E01200,SITE1,S2,1783555200000,1
E03392,SITE1,S2,1783555200000,1
E02549,SITE1,S2,1783555200000,1
E01683,SITE2,S3,1783555200000,1
E02679,SITE4,S2,1783555200000,1
E03307,SITE3,S1,1783555200000,1
E02554,SITE1,S2,1783555200000,1
E02918,SITE2,S1,1783555200000,1
E03001,SITE2,S1,1783555200000,1
E03189,SITE1,S2,1783555200000,1
E01174,SITE1,S2,1783555200000,1
E02741,SITE2,S3,1783555200000,1
E00601,SITE2,S2,1783555200000,1
E01237,SITE4,S3,1783555200000,1
E00253,SITE2,S1,1783555200000,1
E02966,SITE4,S3,1783555200000,1
E01522,SITE2,S2,1783555200000,1
E00265,SITE2,S1,1783555200000,1
E03477,SITE2,S3,1783555200000,1
E00990,SITE3,S1,1783555200000,1
E02411,SITE3,S1,1783555200000,1
E01834,SITE1,S2,1783555200000,1
E00215,SITE1,S3,1783555200000,1
E00192,SITE1,S1,1783555200000,1
E03286,SITE3,S1,1783555200000,1
E01632,SITE1,S2,1783555200000,1
E03522,SITE3,S3,1783555200000,1
E01265,SITE2,S3,1783555200000,1
E00551,SITE2,S3,1783555200000,1
E03407,SITE1,S1,1783555200000,1
E02336,SITE4,S2,1783555200000,1
E90059,SITE2,S2,1783555200000,1
E01072,SITE2,S3,1783555200000,1
E03693,SITE3,S2,1783555200000,1
E00688,SITE1,S3,1783555200000,1
E02092,SITE1,S3,1783641600000,1
E03385,SITE1,S2,1783641600000,1
E03441,SITE1,S3,1783641600000,1
E01715,SITE2,S1,1783641600000,1
E00858,SITE2,S1,1783641600000,1
E00350,SITE3,S2,1783641600000,1
E01513,SITE4,S3,1783641600000,1
E00755,SITE3,S3,1783641600000,1
E01285,SITE1,S3,1783641600000,1
E01666,SITE3,S2,1783641600000,1
E03400,SITE3,S3,1783641600000,1
E02542,SITE3,S1,1783641600000,1
E02056,SITE3,S1,1783641600000,1
E01200,SITE3,S3,1783641600000,1
E01690,SITE2,S2,1783641600000,1
E90265,SITE3,S3,1783641600000,1
E00269,SITE1,S1,1783641600000,1
E00178,SITE3,S3,1783641600000,1
E00533,SITE3,S1,1783641600000,1
E03632,SITE1,S1,1783641600000,1
E90724,SITE1,S2,1783641600000,1
E02440,SITE2,S3,1783641600000,1
E00909,SITE3,S1,1783641600000,1
E00818,SITE2,S2,1783641600000,1
E00335,SITE1,S3,1783641600000,1
E00714,SITE2,S1,1783641600000,1
E03843,SITE1,S3,1783641600000,1
E90555,SITE3,S1,1783641600000,1
E02165,SITE4,S1,1783641600000,1
E01882,SITE2,S1,1783641600000,1
E90827,SITE2,S2,1783641600000,1
E00930,SITE4,S2,1783641600000,1
E02609,SITE3,S3,1783641600000,1
E00930,SITE3,S3,1783641600000,1
E03529,SITE2,S3,1783641600000,1
E01841,SITE3,S3,1783641600000,1
E03855,SITE4,S1,1783641600000,1
E00587,SITE1,S1,1783641600000,1
E00679,SITE1,S2,1783641600000,1
E02028,SITE4,S1,1783641600000,1
E02354,SITE2,S2,1783728000000,1
E01054,SITE3,S1,1783728000000,1
E01990,SITE1,S2,1783728000000,1
E03129,SITE1,S2,1783728000000,1
E02908,SITE1,S1,1783728000000,1
E02388,SITE2,S2,1783728000000,1
E01470,SITE1,S3,1783728000000,1
E01870,SITE2,S2,1783728000000,1
E01066,SITE1,S3,1783728000000,1
E02232,SITE2,S2,1783728000000,1
E03555,SITE2,S3,1783728000000,1
E02137,SITE4,S2,1783728000000,1
E02426,SITE2,S3,1783728000000,1
E00957,SITE3,S3,1783728000000,1
E01685,SITE1,S1,1783728000000,1
E00425,SITE1,S3,1783728000000,1
E02221,SITE3,S1,1783728000000,1
E00795,SITE4,S2,1783728000000,1
E00020,SITE2,S3,1783728000000,1
E01563,SITE4,S1,1783728000000,1
E03331,SITE2,S1,1783728000000,1
E00196,SITE3,S3,1783728000000,1
E01070,SITE3,S3,1783728000000,1
E02784,SITE4,S1,1783728000000,1
E02055,SITE2,S1,1783728000000,1
E01155,SITE3,S3,1783728000000,1
E90270,SITE2,S2,1783728000000,1
E01002,SITE2,S2,1783728000000,1
E02952,SITE1,S1,1783728000000,1
E90685,SITE3,S3,1783728000000,1
E00595,SITE3,S1,1783728000000,1
E00117,SITE3,S3,1783728000000,1
E00160,SITE2,S1,1783728000000,1
E03840,SITE2,S1,1783728000000,1
E00402,SITE2,S1,1783728000000,1
E03411,SITE1,S1,1783728000000,1
E90893,SITE2,S3,1783728000000,1
E03216,SITE4,S1,1783728000000,1
E03928,SITE4,S1,1783728000000,1
E02609,SITE3,S3,1783728000000,1
E03065,SITE2,S2,1783814400000,1
E01682,SITE1,S3,1783814400000,1
E00440,SITE1,S3,1783814400000,1
E01734,SITE1,S1,1783814400000,1
E01648,SITE3,S1,1783814400000,1
E02088,SITE2,S1,1783814400000,1
E02525,SITE2,S2,1783814400000,1
E01722,SITE3,S2,1783814400000,1
E03917,SITE4,S1,1783814400000,1
E01452,SITE4,S1,1783814400000,1
E00900,SITE1,S3,1783814400000,1
E90380,SITE3,S3,1783814400000,1
E02073,SITE1,S3,1783814400000,1
E02560,SITE2,S1,1783814400000,1
E00682,SITE1,S3,1783814400000,1
E02300,SITE1,S3,1783814400000,1
E00785,SITE1,S1,1783814400000,1
E02514,SITE1,S2,1783814400000,1
E90221,SITE3,S2,1783814400000,1
E02704,SITE2,S1,1783814400000,1
E01226,SITE1,S3,1783814400000,1
E01678,SITE3,S1,1783814400000,1
E01073,SITE2,S2,1783814400000,1
E00995,SITE1,S1,1783814400000,1
E02068,SITE1,S1,1783814400000,1
E02300,SITE1,S3,1783814400000,1
E01776,SITE1,S2,1783814400000,1
E01104,SITE1,S2,1783814400000,1
E00344,SITE2,S3,1783814400000,1
E01306,SITE3,S1,1783814400000,1
E03950,SITE1,S1,1783814400000,1
E03805,SITE3,S1,1783814400000,1
E02654,SITE1,S3,1783814400000,1
E00851,SITE3,S1,1783814400000,1
E02233,SITE3,S3,1783814400000,1
E03594,SITE4,S1,1783814400000,1
E00912,SITE2,S3,1783814400000,1
E02109,SITE1,S1,1783814400000,1
E03561,SITE2,S1,1783814400000,1
E02586,SITE2,S1,1783814400000,1
E00244,SITE1,S1,1783900800000,1
E03409,SITE4,S2,1783900800000,1
E01945,SITE2,S2,1783900800000,1
E01881,SITE1,S2,1783900800000,1
E01146,SITE4,S3,1783900800000,1
E03652,SITE4,S1,1783900800000,1
E02194,SITE4,S1,1783900800000,1
E03244,SITE1,S3,1783900800000,1
E02451,SITE2,S2,1783900800000,1
E02467,SITE4,S2,1783900800000,1
E02688,SITE2,S3,1783900800000,1
E02680,SITE1,S3,1783900800000,1
E03417,SITE4,S2,1783900800000,1
E03308,SITE4,S3,1783900800000,1
E00132,SITE2,S2,1783900800000,1
E00457,SITE3,S2,1783900800000,1
E03056,SITE4,S2,1783900800000,1
E00232,SITE2,S1,1783900800000,1
E00229,SITE4,S1,1783900800000,1
E00835,SITE4,S2,1783900800000,1
E00552,SITE3,S3,1783900800000,1
E03237,SITE3,S2,1783900800000,1
E01795,SITE4,S2,1783900800000,1
E02246,SITE3,S3,1783900800000,1
E03614,SITE1,S3,1783900800000,1
E00272,SITE4,S1,1783900800000,1
E03241,SITE2,S2,1783900800000,1
E00603,SITE4,S2,1783900800000,1
E01150,SITE3,S3,1783900800000,1
E02864,SITE3,S3,1783900800000,1
E02301,SITE1,S3,1783900800000,1
E02587,SITE3,S3,1783900800000,1
E02631,SITE3,S3,1783900800000,1
E02591,SITE4,S3,1783900800000,1
E01463,SITE4,S1,1783900800000,1
E03200,SITE4,S1,1783900800000,1
E00395,SITE1,S2,1783900800000,1
E00483,SITE2,S2,1783900800000,1
E02508,SITE3,S2,1783900800000,1
E00580,SITE3,S3,1783900800000,1
E00145,SITE1,S2,1783987200000,1
E00105,SITE2,S2,1783987200000,1
E02278,SITE3,S2,1783987200000,1
E03285,SITE3,S1,1783987200000,1
E03512,SITE1,S3,1783987200000,1
E01633,SITE3,S2,1783987200000,1
E00402,SITE2,S2,1783987200000,1
E00347,SITE2,S2,1783987200000,1
E00858,SITE1,S1,1783987200000,1
E02645,SITE1,S3,1783987200000,1
E03892,SITE3,S2,1783987200000,1
E03521,SITE1,S3,1783987200000,1
E02698,SITE4,S1,1783987200000,1
E00292,SITE1,S1,1783987200000,1
E02394,SITE1,S1,1783987200000,1
E02465,SITE2,S3,1783987200000,1
E02876,SITE1,S3,1783987200000,1
E02813,SITE4,S1,1783987200000,1
E00876,SITE2,S1,1783987200000,1
E00075,SITE3,S3,1783987200000,1
E01727,SITE4,S1,1783987200000,1
E01269,SITE3,S3,1783987200000,1
E03357,SITE1,S3,1783987200000,1
E00947,SITE3,S1,1783987200000,1
E02409,SITE1,S1,1783987200000,1
E90489,SITE2,S3,1783987200000,1
E00737,SITE3,S3,1783987200000,1
E03227,SITE3,S3,1783987200000,1
E00975,SITE2,S3,1783987200000,1
E00592,SITE3,S3,1783987200000,1
E02011,SITE1,S3,1783987200000,1
E03063,SITE2,S2,1783987200000,1
E03919,SITE1,S1,1783987200000,1
E02361,SITE3,S2,1783987200000,1
E01776,SITE1,S1,1783987200000,1
E01821,SITE3,S3,1783987200000,1
E00780,SITE2,S1,1783987200000,1
E02115,SITE2,S3,1783987200000,1
E03293,SITE3,S1,1783987200000,1
E00110,SITE1,S3,1783987200000,1
E00405,SITE3,S1,1784073600000,1
E01274,SITE4,S1,1784073600000,1
E03234,SITE2,S3,1784073600000,1
E00222,SITE1,S2,1784073600000,1
E03458,SITE1,S2,1784073600000,1
E03693,SITE2,S2,1784073600000,1
E03769,SITE2,S1,1784073600000,1
E02976,SITE4,S1,1784073600000,1
E00923,SITE1,S2,1784073600000,1
E03468,SITE3,S3,1784073600000,1
E03175,SITE3,S1,1784073600000,1
E03887,SITE1,S3,1784073600000,1
E02007,SITE1,S2,1784073600000,1
E01472,SITE1,S1,1784073600000,1
E02765,SITE1,S2,1784073600000,1
E03542,SITE1,S3,1784073600000,1
E03390,SITE2,S1,1784073600000,1
E00196,SITE3,S2,1784073600000,1
E01403,SITE3,S3,1784073600000,1
E01343,SITE3,S3,1784073600000,1
E02635,SITE1,S3,1784073600000,1
E90729,SITE2,S3,1784073600000,1
E02338,SITE4,S3,1784073600000,1
E02520,SITE4,S1,1784073600000,1
E01297,SITE4,S3,1784073600000,1
E02310,SITE4,S2,1784073600000,1
E01412,SITE3,S1,1784073600000,1
E03874,SITE2,S3,1784073600000,1
E03161,SITE1,S3,1784073600000,1
E03780,SITE2,S1,1784073600000,1
E00554,SITE4,S2,1784073600000,1
E00533,SITE3,S3,1784073600000,1
E03525,SITE3,S2,1784073600000,1
E02632,SITE3,S3,1784073600000,1
E03890,SITE2,S3,1784073600000,1
E01838,SITE2,S2,1784073600000,1
E03892,SITE1,S3,1784073600000,1
E02803,SITE4,S1,1784073600000,1
E02978,SITE3,S1,1784073600000,1
E00697,SITE1,S1,1784073600000,1
E03617,SITE1,S2,1784160000000,1
E03124,SITE3,S2,1784160000000,1
E03229,SITE2,S1,1784160000000,1
E00794,SITE1,S2,1784160000000,1
E00138,SITE3,S2,1784160000000,1
E02438,SITE3,S1,1784160000000,1
E00465,SITE3,S2,1784160000000,1
E01846,SITE2,S1,1784160000000,1
E00970,SITE1,S3,1784160000000,1
E03076,SITE4,S3,1784160000000,1
E00490,SITE1,S1,1784160000000,1
E02303,SITE2,S1,1784160000000,1
E00131,SITE2,S1,1784160000000,1
E00681,SITE1,S2,1784160000000,1
E02566,SITE1,S1,1784160000000,1
E03166,SITE4,S3,1784160000000,1
E02684,SITE4,S3,1784160000000,1
E01893,SITE2,S1,1784160000000,1
E00326,SITE1,S3,1784160000000,1
E03289,SITE3,S1,1784160000000,1
E03362,SITE1,S1,1784160000000,1
E02266,SITE1,S3,1784160000000,1
E01373,SITE4,S1,1784160000000,1
E00228,SITE2,S2,1784160000000,1
E01486,SITE2,S2,1784160000000,1
E03062,SITE4,S3,1784160000000,1
E01480,SITE4,S3,1784160000000,1
E00709,SITE1,S3,1784160000000,1
E00547,SITE2,S1,1784160000000,1
E01065,SITE4,S1,1784160000000,1
E00379,SITE4,S3,1784160000000,1
E00672,SITE4,S3,1784160000000,1
E00657,SITE3,S1,1784160000000,1
E02791,SITE2,S1,1784160000000,1
E00467,SITE3,S3,1784160000000,1
E01090,SITE1,S3,1784160000000,1
E03675,SITE4,S1,1784160000000,1
E03481,SITE1,S1,1784160000000,1
E02189,SITE4,S3,1784160000000,1
E03049,SITE4,S3,1784160000000,1
E01329,SITE4,S2,1784246400000,1
E00508,SITE4,S1,1784246400000,1
E03409,SITE1,S1,1784246400000,1
E01297,SITE3,S1,1784246400000,1
E00827,SITE4,S2,1784246400000,1
E01244,SITE1,S1,1784246400000,1
E00396,SITE2,S1,1784246400000,1
E02650,SITE3,S2,1784246400000,1
E01523,SITE1,S1,1784246400000,1
E00265,SITE1,S1,1784246400000,1
E03705,SITE2,S3,1784246400000,1
E02806,SITE3,S3,1784246400000,1
E03116,SITE4,S2,1784246400000,1
E03960,SITE2,S2,1784246400000,1
E00155,SITE4,S3,1784246400000,1
E00304,SITE1,S3,1784246400000,1
E01844,SITE4,S1,1784246400000,1
E03861,SITE4,S2,1784246400000,1
E02121,SITE4,S3,1784246400000,1
E01110,SITE4,S1,1784246400000,1
E00659,SITE4,S1,1784246400000,1
E02085,SITE4,S2,1784246400000,1
E90358,SITE1,S1,1784246400000,1
E03975,SITE4,S1,1784246400000,1
E02416,SITE3,S3,1784246400000,1
E00410,SITE2,S1,1784246400000,1
E03788,SITE1,S1,1784246400000,1
E03449,SITE4,S1,1784246400000,1
E03407,SITE1,S3,1784246400000,1
E02414,SITE1,S3,1784246400000,1
E03044,SITE2,S1,1784246400000,1
E03394,SITE1,S2,1784246400000,1
E00568,SITE4,S1,1784246400000,1
E02753,SITE4,S2,1784246400000,1
E01909,SITE4,S3,1784246400000,1
E01511,SITE1,S2,1784246400000,1
E03542,SITE2,S1,1784246400000,1
E90877,SITE3,S1,1784246400000,1
E02006,SITE1,S1,1784246400000,1
E03874,SITE2,S3,1784246400000,1
E02073,SITE3,S1,1784332800000,1
E03015,SITE3,S3,1784332800000,1
E01377,SITE4,S1,1784332800000,1
E00621,SITE3,S2,1784332800000,1
E01915,SITE3,S1,1784332800000,1
E01649,SITE3,S3,1784332800000,1
E02310,SITE3,S1,1784332800000,1
E00715,SITE3,S1,1784332800000,1
E00380,SITE1,S3,1784332800000,1
E03868,SITE1,S2,1784332800000,1
E02681,SITE2,S3,1784332800000,1
E02230,SITE4,S2,1784332800000,1
E01162,SITE1,S3,1784332800000,1
E03802,SITE4,S2,1784332800000,1
E03304,SITE4,S1,1784332800000,1
E01988,SITE4,S1,1784332800000,1
E01408,SITE2,S3,1784332800000,1
E03776,SITE2,S3,1784332800000,1
E03437,SITE2,S3,1784332800000,1
E00596,SITE3,S1,1784332800000,1
E03273,SITE1,S1,1784332800000,1
E02809,SITE2,S1,1784332800000,1
E00508,SITE3,S1,1784332800000,1
E01045,SITE2,S3,1784332800000,1
E02529,SITE2,S3,1784332800000,1
E02054,SITE4,S2,1784332800000,1
E01977,SITE1,S2,1784332800000,1
E03926,SITE1,S1,1784332800000,1
E00825,SITE4,S1,1784332800000,1
E00722,SITE4,S3,1784332800000,1
E02665,SITE2,S1,1784332800000,1
E90409,SITE4,S2,1784332800000,1
E03572,SITE1,S2,1784332800000,1
E90562,SITE3,S2,1784332800000,1
E01475,SITE4,S2,1784332800000,1
E00209,SITE3,S1,1784332800000,1
E00498,SITE1,S2,1784332800000,1
E00923,SITE3,S3,1784332800000,1
E03426,SITE3,S1,1784332800000,1
E00811,SITE4,S2,1784332800000,1
E00745,SITE3,S1,1784419200000,1
E02717,SITE1,S1,1784419200000,1
E01434,SITE4,S2,1784419200000,1
E00057,SITE4,S1,1784419200000,1
E02730,SITE1,S1,1784419200000,1
E90500,SITE1,S3,1784419200000,1
E02885,SITE1,S1,1784419200000,1
E01675,SITE1,S3,1784419200000,1
E02599,SITE3,S2,1784419200000,1
E03437,SITE2,S3,1784419200000,1
E03192,SITE1,S3,1784419200000,1
E02919,SITE1,S1,1784419200000,1
E03470,SITE4,S2,1784419200000,1
E01870,SITE2,S1,1784419200000,1
E03223,SITE3,S3,1784419200000,1
E03831,SITE4,S2,1784419200000,1
E02802,SITE1,S3,1784419200000,1
E90103,SITE2,S3,1784419200000,1
E02113,SITE3,S3,1784419200000,1
E00914,SITE1,S3,1784419200000,1
E03399,SITE3,S1,1784419200000,1
E02078,SITE3,S2,1784419200000,1
E03657,SITE4,S3,1784419200000,1
E00323,SITE4,S3,1784419200000,1
E01544,SITE1,S1,1784419200000,1
E01535,SITE1,S2,1784419200000,1
E00258,SITE2,S3,1784419200000,1
E02295,SITE3,S2,1784419200000,1
E01398,SITE3,S2,1784419200000,1
E02441,SITE1,S1,1784419200000,1
E02229,SITE3,S2,1784419200000,1
E02724,SITE1,S3,1784419200000,1
E01310,SITE3,S3,1784419200000,1
E00140,SITE4,S2,1784419200000,1
E03410,SITE1,S2,1784419200000,1
E90915,SITE3,S1,1784419200000,1
E03160,SITE4,S2,1784419200000,1
E02687,SITE1,S2,1784419200000,1
E00801,SITE3,S3,1784419200000,1
E00398,SITE2,S2,1784419200000,1
E02823,SITE2,S2,1784505600000,1
E02903,SITE2,S2,1784505600000,1
E01652,SITE1,S2,1784505600000,1
E01957,SITE2,S1,1784505600000,1
E01890,SITE1,S1,1784505600000,1
E90610,SITE1,S2,1784505600000,1
E02746,SITE2,S2,1784505600000,1
E03451,SITE1,S2,1784505600000,1
E01870,SITE4,S2,1784505600000,1
E00801,SITE4,S2,1784505600000,1
E00146,SITE3,S3,1784505600000,1
E01711,SITE2,S1,1784505600000,1
E01701,SITE3,S1,1784505600000,1
E01765,SITE3,S1,1784505600000,1
E00314,SITE4,S2,1784505600000,1
E03269,SITE2,S3,1784505600000,1
E00791,SITE4,S2,1784505600000,1
E03906,SITE4,S2,1784505600000,1
E02306,SITE4,S1,1784505600000,1
E01971,SITE2,S2,1784505600000,1
E02603,SITE1,S2,1784505600000,1
E02703,SITE3,S3,1784505600000,1
E03490,SITE1,S3,1784505600000,1
E01672,SITE4,S1,1784505600000,1
E00097,SITE1,S1,1784505600000,1
E00766,SITE3,S3,1784505600000,1
E00133,SITE4,S3,1784505600000,1
E01912,SITE4,S1,1784505600000,1
E01911,SITE3,S2,1784505600000,1
E02103,SITE3,S1,1784505600000,1
E02720,SITE1,S2,1784505600000,1
E90747,SITE4,S2,1784505600000,1
E00102,SITE1,S3,1784505600000,1
E01039,SITE3,S3,1784505600000,1
E03363,SITE3,S3,1784505600000,1
E03139,SITE4,S1,1784505600000,1
E90929,SITE4,S3,1784505600000,1
E02151,SITE3,S2,1784505600000,1
E01449,SITE2,S1,1784505600000,1
E90437,SITE4,S2,1784505600000,1
E01497,SITE2,S3,1784592000000,1
E01024,SITE4,S3,1784592000000,1
E03119,SITE1,S2,1784592000000,1
E01696,SITE3,S3,1784592000000,1
E00407,SITE3,S2,1784592000000,1
E03483,SITE2,S3,1784592000000,1
E00959,SITE1,S1,1784592000000,1
E02562,SITE1,S1,1784592000000,1
E01894,SITE2,S2,1784592000000,1
E02766,SITE4,S2,1784592000000,1
E02056,SITE2,S3,1784592000000,1
E01145,SITE1,S3,1784592000000,1
E00500,SITE4,S3,1784592000000,1
E02817,SITE4,S3,1784592000000,1
E00973,SITE1,S1,1784592000000,1
E01933,SITE3,S2,1784592000000,1
E03477,SITE3,S1,1784592000000,1
E01190,SITE3,S2,1784592000000,1
E00758,SITE1,S3,1784592000000,1
E01275,SITE2,S3,1784592000000,1
E01740,SITE2,S3,1784592000000,1
E01176,SITE1,S3,1784592000000,1
E01221,SITE1,S1,1784592000000,1
E02781,SITE2,S1,1784592000000,1
E02535,SITE3,S3,1784592000000,1
E00971,SITE4,S1,1784592000000,1
E01161,SITE4,S2,1784592000000,1
E02038,SITE2,S3,1784592000000,1
E02854,SITE3,S3,1784592000000,1
E01874,SITE3,S3,1784592000000,1
E03592,SITE2,S3,1784592000000,1
E01242,SITE2,S3,1784592000000,1
E01687,SITE1,S1,1784592000000,1
E01391,SITE4,S3,1784592000000,1
E01021,SITE4,S1,1784592000000,1
E00602,SITE1,S3,1784592000000,1
E00160,SITE4,S2,1784592000000,1
E00052,SITE3,S3,1784592000000,1
E00958,SITE1,S2,1784592000000,1
E02638,SITE3,S1,1784592000000,1
E00442,SITE4,S1,1784678400000,1
E03735,SITE3,S3,1784678400000,1
E02040,SITE4,S3,1784678400000,1
E01660,SITE2,S1,1784678400000,1
E02646,SITE2,S2,1784678400000,1
E01298,SITE3,S3,1784678400000,1
E03865,SITE2,S3,1784678400000,1
E02182,SITE1,S3,1784678400000,1
E00959,SITE2,S2,1784678400000,1
E90905,SITE4,S2,1784678400000,1
E90257,SITE1,S2,1784678400000,1
E02417,SITE4,S1,1784678400000,1
E01499,SITE3,S3,1784678400000,1
E03382,SITE3,S3,1784678400000,1
E01334,SITE3,S1,1784678400000,1
E01936,SITE3,S1,1784678400000,1
E00975,SITE4,S3,1784678400000,1
E02815,SITE2,S2,1784678400000,1
E00010,SITE4,S2,1784678400000,1
E02223,SITE3,S3,1784678400000,1
E02429,SITE3,S3,1784678400000,1
E00984,SITE4,S1,1784678400000,1
E03163,SITE2,S3,1784678400000,1
E00061,SITE1,S2,1784678400000,1
E01453,SITE2,S2,1784678400000,1
E00227,SITE2,S2,1784678400000,1
E03583,SITE1,S1,1784678400000,1
E02417,SITE2,S3,1784678400000,1
E03717,SITE3,S3,1784678400000,1
E01412,SITE3,S1,1784678400000,1
E01082,SITE4,S1,1784678400000,1
E00798,SITE2,S3,1784678400000,1
E03414,SITE2,S1,1784678400000,1
E03602,SITE3,S1,1784678400000,1
E02484,SITE2,S3,1784678400000,1
E02802,SITE4,S2,1784678400000,1
E00533,SITE1,S3,1784678400000,1
E03800,SITE1,S2,1784678400000,1
E00524,SITE4,S1,1784678400000,1
E00872,SITE3,S1,1784678400000,1
E00577,SITE2,S1,1784764800000,1
E00907,SITE1,S1,1784764800000,1
E03587,SITE4,S2,1784764800000,1
E01070,SITE4,S1,1784764800000,1
E02023,SITE1,S3,1784764800000,1
E02757,SITE1,S1,1784764800000,1
E02262,SITE1,S2,1784764800000,1
E02929,SITE4,S2,1784764800000,1
E00224,SITE1,S3,1784764800000,1
E00671,SITE4,S2,1784764800000,1
E01931,SITE1,S3,1784764800000,1
E02885,SITE3,S3,1784764800000,1
E02804,SITE1,S2,1784764800000,1
E00139,SITE1,S1,1784764800000,1
E03462,SITE3,S3,1784764800000,1
E02322,SITE2,S2,1784764800000,1
E01341,SITE4,S3,1784764800000,1
E90632,SITE1,S2,1784764800000,1
E02681,SITE1,S3,1784764800000,1
E03033,SITE3,S1,1784764800000,1
E01866,SITE4,S2,1784764800000,1
E01503,SITE2,S2,1784764800000,1
E03094,SITE2,S3,1784764800000,1
E02564,SITE1,S3,1784764800000,1
E90598,SITE4,S2,1784764800000,1
E00947,SITE3,S2,1784764800000,1
E01731,SITE3,S1,1784764800000,1
E01837,SITE3,S2,1784764800000,1
E00404,SITE4,S3,1784764800000,1
E02054,SITE1,S1,1784764800000,1
E01480,SITE4,S2,1784764800000,1
E03557,SITE4,S1,1784764800000,1
E01537,SITE4,S1,1784764800000,1
E02639,SITE2,S3,1784764800000,1
E03367,SITE4,S2,1784764800000,1
E02501,SITE2,S3,1784764800000,1
E03189,SITE1,S1,1784764800000,1
E01721,SITE1,S1,1784764800000,1
E02632,SITE2,S3,1784764800000,1
E01331,SITE1,S2,1784764800000,1
E03423,SITE4,S2,1784851200000,1
E90341,SITE1,S1,1784851200000,1
E00655,SITE3,S3,1784851200000,1
E00267,SITE1,S3,1784851200000,1
E03245,SITE2,S3,1784851200000,1
E00992,SITE4,S1,1784851200000,1
E03565,SITE1,S1,1784851200000,1
E03501,SITE4,S1,1784851200000,1
E00237,SITE2,S2,1784851200000,1
E03560,SITE1,S3,1784851200000,1
E00048,SITE3,S2,1784851200000,1
E01478,SITE2,S3,1784851200000,1
E03538,SITE2,S2,1784851200000,1
E00089,SITE1,S3,1784851200000,1
E02264,SITE3,S2,1784851200000,1
E01910,SITE2,S2,1784851200000,1
E03510,SITE4,S1,1784851200000,1
E03405,SITE3,S1,1784851200000,1
E02118,SITE2,S3,1784851200000,1
E00578,SITE4,S1,1784851200000,1
E02424,SITE1,S2,1784851200000,1
E03504,SITE1,S3,1784851200000,1
E03762,SITE4,S2,1784851200000,1
E01203,SITE4,S2,1784851200000,1
E01698,SITE3,S3,1784851200000,1
E90138,SITE4,S3,1784851200000,1
E02841,SITE3,S3,1784851200000,1
E01324,SITE2,S3,1784851200000,1
E01001,SITE1,S3,1784851200000,1
E02054,SITE1,S1,1784851200000,1
E01009,SITE3,S1,1784851200000,1
E03018,SITE1,S3,1784851200000,1
E00017,SITE4,S1,1784851200000,1
E02128,SITE2,S1,1784851200000,1
E01499,SITE3,S1,1784851200000,1
E02996,SITE1,S1,1784851200000,1
E01197,SITE2,S1,1784851200000,1
E02028,SITE4,S3,1784851200000,1
E02900,SITE1,S1,1784851200000,1
E01123,SITE2,S2,1784851200000,1
E03104,SITE1,S3,1784937600000,1
E00738,SITE3,S2,1784937600000,1
E03175,SITE4,S2,1784937600000,1
E03595,SITE2,S2,1784937600000,1
E90922,SITE2,S2,1784937600000,1
E02630,SITE1,S1,1784937600000,1
E00834,SITE4,S1,1784937600000,1
E03112,SITE4,S2,1784937600000,1
E01698,SITE3,S1,1784937600000,1
E00692,SITE3,S2,1784937600000,1
E02115,SITE2,S3,1784937600000,1
E01572,SITE1,S2,1784937600000,1
E03428,SITE2,S1,1784937600000,1
E01930,SITE3,S3,1784937600000,1
E01998,SITE1,S2,1784937600000,1
E90678,SITE3,S1,1784937600000,1
E03016,SITE2,S2,1784937600000,1
E90103,SITE1,S1,1784937600000,1
E02942,SITE1,S1,1784937600000,1
E02453,SITE3,S2,1784937600000,1
E01958,SITE4,S2,1784937600000,1
E02368,SITE1,S1,1784937600000,1
E90390,SITE1,S1,1784937600000,1
E00586,SITE2,S2,1784937600000,1
E01849,SITE1,S3,1784937600000,1
E03530,SITE4,S3,1784937600000,1
E03666,SITE4,S2,1784937600000,1
E01941,SITE3,S2,1784937600000,1
E00887,SITE3,S2,1784937600000,1
E03233,SITE4,S2,1784937600000,1
E00222,SITE4,S3,1784937600000,1
E02214,SITE3,S2,1784937600000,1
E00410,SITE1,S3,1784937600000,1
E01040,SITE1,S3,1784937600000,1
E03459,SITE1,S3,1784937600000,1
E00605,SITE3,S2,1784937600000,1
E02302,SITE2,S2,1784937600000,1
E02042,SITE4,S2,1784937600000,1
E03961,SITE4,S3,1784937600000,1
E02636,SITE2,S1,1784937600000,1
E03142,SITE1,S2,1785024000000,1
E03198,SITE3,S2,1785024000000,1
E02494,SITE1,S3,1785024000000,1
E03497,SITE3,S1,1785024000000,1
E01437,SITE2,S2,1785024000000,1
E00392,SITE1,S3,1785024000000,1
E90665,SITE4,S1,1785024000000,1
E01040,SITE1,S3,1785024000000,1
E03127,SITE4,S3,1785024000000,1
E00818,SITE1,S2,1785024000000,1
E01690,SITE1,S1,1785024000000,1
E02421,SITE3,S1,1785024000000,1
E03345,SITE2,S3,1785024000000,1
E00251,SITE2,S3,1785024000000,1
E00313,SITE4,S3,1785024000000,1
E03880,SITE4,S1,1785024000000,1
E00731,SITE1,S3,1785024000000,1
E03135,SITE1,S3,1785024000000,1
E01881,SITE4,S3,1785024000000,1
E03010,SITE2,S3,1785024000000,1
E00848,SITE2,S2,1785024000000,1
E03669,SITE1,S1,1785024000000,1
E02705,SITE3,S3,1785024000000,1
E02413,SITE1,S3,1785024000000,1
E03551,SITE1,S1,1785024000000,1
E01062,SITE3,S1,1785024000000,1
E02311,SITE3,S1,1785024000000,1
E01872,SITE4,S1,1785024000000,1
E03785,SITE4,S3,1785024000000,1
E00745,SITE4,S3,1785024000000,1
E00385,SITE4,S2,1785024000000,1
E03480,SITE2,S1,1785024000000,1
E03559,SITE3,S3,1785024000000,1
E00924,SITE1,S2,1785024000000,1
E00633,SITE4,S1,1785024000000,1
E01699,SITE3,S3,1785024000000,1
E03751,SITE1,S2,1785024000000,1
E01054,SITE4,S3,1785024000000,1
E03469,SITE4,S3,1785024000000,1
E02503,SITE4,S1,1785024000000,1
E01939,SITE2,S1,1785110400000,1
E02057,SITE3,S2,1785110400000,1
E03695,SITE1,S2,1785110400000,1
E03360,SITE3,S1,1785110400000,1
E03854,SITE2,S2,1785110400000,1
E00555,SITE4,S3,1785110400000,1
E02847,SITE1,S3,1785110400000,1
E02359,SITE3,S1,1785110400000,1
E01307,SITE4,S2,1785110400000,1
E00068,SITE1,S2,1785110400000,1
E01043,SITE2,S3,1785110400000,1
E01774,SITE2,S3,1785110400000,1
E01692,SITE2,S2,1785110400000,1
E00346,SITE1,S2,1785110400000,1
E00367,SITE4,S1,1785110400000,1
E00521,SITE1,S1,1785110400000,1
E01491,SITE4,S3,1785110400000,1
E02457,SITE3,S1,1785110400000,1
E01751,SITE1,S3,1785110400000,1
E01847,SITE4,S3,1785110400000,1
E00744,SITE3,S3,1785110400000,1
E00711,SITE1,S1,1785110400000,1
E01310,SITE4,S1,1785110400000,1
E03551,SITE1,S1,1785110400000,1
E01224,SITE2,S2,1785110400000,1
E00133,SITE2,S2,1785110400000,1
E02170,SITE1,S1,1785110400000,1
E02535,SITE3,S2,1785110400000,1
E00102,SITE4,S2,1785110400000,1
E03808,SITE2,S1,1785110400000,1
E02230,SITE4,S2,1785110400000,1
E00350,SITE4,S1,1785110400000,1
E02368,SITE2,S1,1785110400000,1
E02421,SITE1,S2,1785110400000,1
E00356,SITE3,S1,1785110400000,1
E00649,SITE4,S2,1785110400000,1
E03776,SITE3,S3,1785110400000,1
E00836,SITE2,S1,1785110400000,1
E01708,SITE4,S3,1785110400000,1
E01003,SITE2,S1,1785110400000,1
E03741,SITE2,S1,1785196800000,1
E01100,SITE3,S2,1785196800000,1
E01156,SITE4,S2,1785196800000,1
E02799,SITE2,S3,1785196800000,1
E01854,SITE2,S3,1785196800000,1
E02118,SITE2,S3,1785196800000,1
E02622,SITE3,S3,1785196800000,1
E03312,SITE3,S2,1785196800000,1
E00923,SITE2,S2,1785196800000,1
E00508,SITE2,S1,1785196800000,1
E02712,SITE1,S2,1785196800000,1
E01704,SITE1,S2,1785196800000,1
E00863,SITE1,S2,1785196800000,1
E03209,SITE4,S1,1785196800000,1
E90388,SITE3,S2,1785196800000,1
E03670,SITE3,S3,1785196800000,1
E00813,SITE1,S1,1785196800000,1
E02314,SITE1,S3,1785196800000,1
E01829,SITE4,S2,1785196800000,1
E90505,SITE4,S1,1785196800000,1
E00093,SITE2,S3,1785196800000,1
E01762,SITE4,S3,1785196800000,1
E03010,SITE3,S1,1785196800000,1
E03881,SITE1,S3,1785196800000,1
E03267,SITE2,S2,1785196800000,1
E03789,SITE1,S3,1785196800000,1
E00794,SITE3,S2,1785196800000,1
E90518,SITE1,S3,1785196800000,1
E01292,SITE1,S3,1785196800000,1
E02459,SITE4,S2,1785196800000,1
E00676,SITE3,S1,1785196800000,1
E02169,SITE4,S3,1785196800000,1
E01830,SITE2,S2,1785196800000,1
E03308,SITE1,S2,1785196800000,1
E00337,SITE2,S3,1785196800000,1
E00919,SITE1,S3,1785196800000,1
E02779,SITE1,S2,1785196800000,1
E00748,SITE4,S2,1785196800000,1
E01216,SITE2,S3,1785196800000,1
E02485,SITE2,S1,1785196800000,1
E02713,SITE4,S3,1785283200000,1
E03716,SITE3,S1,1785283200000,1
E00078,SITE4,S2,1785283200000,1
E03829,SITE4,S2,1785283200000,1
E03953,SITE2,S3,1785283200000,1
E00321,SITE4,S1,1785283200000,1
E03559,SITE1,S1,1785283200000,1
E03023,SITE1,S2,1785283200000,1
E02522,SITE4,S1,1785283200000,1
E02050,SITE1,S1,1785283200000,1
E02301,SITE4,S3,1785283200000,1
E02236,SITE2,S3,1785283200000,1
E03345,SITE2,S1,1785283200000,1
E01304,SITE4,S3,1785283200000,1
E00212,SITE2,S1,1785283200000,1
E00093,SITE1,S1,1785283200000,1
E03070,SITE2,S2,1785283200000,1
E02722,SITE1,S1,1785283200000,1
E00087,SITE1,S3,1785283200000,1
E02953,SITE1,S1,1785283200000,1
E02454,SITE1,S1,1785283200000,1
E02498,SITE1,S3,1785283200000,1
E02315,SITE3,S2,1785283200000,1
E01332,SITE3,S3,1785283200000,1
E01753,SITE3,S2,1785283200000,1
E03576,SITE3,S3,1785283200000,1
E01501,SITE2,S3,1785283200000,1
E02043,SITE4,S2,1785283200000,1
E03479,SITE2,S1,1785283200000,1
E03007,SITE2,S2,1785283200000,1
E02234,SITE3,S2,1785283200000,1
E02572,SITE1,S3,1785283200000,1
E01747,SITE1,S2,1785283200000,1
E00677,SITE4,S3,1785283200000,1
E03899,SITE1,S2,1785283200000,1
E00083,SITE4,S1,1785283200000,1
E00195,SITE2,S1,1785283200000,1
E01924,SITE1,S2,1785283200000,1
E90627,SITE1,S2,1785283200000,1
E90072,SITE1,S1,1785283200000,1
E02387,SITE3,S1,1785369600000,1
E90438,SITE3,S1,1785369600000,1
E00550,SITE1,S2,1785369600000,1
E03509,SITE3,S1,1785369600000,1
E02277,SITE3,S1,1785369600000,1
E00087,SITE1,S3,1785369600000,1
E03695,SITE4,S2,1785369600000,1
E01549,SITE3,S2,1785369600000,1
E00823,SITE4,S2,1785369600000,1
E00043,SITE3,S3,1785369600000,1
E00702,SITE2,S3,1785369600000,1
E02695,SITE1,S3,1785369600000,1
E02785,SITE2,S2,1785369600000,1
E00846,SITE4,S2,1785369600000,1
E02340,SITE3,S3,1785369600000,1
E01840,SITE4,S1,1785369600000,1
E00953,SITE2,S2,1785369600000,1
E02883,SITE3,S1,1785369600000,1
E90613,SITE2,S3,1785369600000,1
E02958,SITE4,S1,1785369600000,1
E02645,SITE2,S2,1785369600000,1
E01717,SITE3,S1,1785369600000,1
E00848,SITE2,S2,1785369600000,1
E00298,SITE1,S2,1785369600000,1
E00108,SITE3,S1,1785369600000,1
E03026,SITE2,S3,1785369600000,1
E00165,SITE2,S2,1785369600000,1
E01974,SITE4,S3,1785369600000,1
E01273,SITE2,S2,1785369600000,1
E01958,SITE4,S2,1785369600000,1
E01652,SITE2,S2,1785369600000,1
E01725,SITE4,S2,1785369600000,1
E03292,SITE3,S3,1785369600000,1
E02229,SITE4,S2,1785369600000,1
E01221,SITE2,S3,1785369600000,1
E01832,SITE2,S1,1785369600000,1
E00894,SITE4,S2,1785369600000,1
E02641,SITE3,S3,1785369600000,1
E03513,SITE4,S1,1785369600000,1
E01101,SITE3,S1,1785369600000,1
E00273,SITE3,S2,1785456000000,1
E02074,SITE4,S1,1785456000000,1
E01812,SITE2,S2,1785456000000,1
E00115,SITE4,S2,1785456000000,1
E01170,SITE4,S3,1785456000000,1
E03284,SITE4,S1,1785456000000,1
E00533,SITE4,S1,1785456000000,1
E00385,SITE1,S2,1785456000000,1
E01196,SITE3,S2,1785456000000,1
E02498,SITE3,S3,1785456000000,1
E01188,SITE2,S1,1785456000000,1
E03846,SITE3,S2,1785456000000,1
E00730,SITE2,S1,1785456000000,1
E02977,SITE3,S1,1785456000000,1
E01478,SITE2,S3,1785456000000,1
E02530,SITE4,S3,1785456000000,1
E02024,SITE1,S3,1785456000000,1
E01568,SITE1,S2,1785456000000,1
E00816,SITE4,S1,1785456000000,1
E00945,SITE2,S3,1785456000000,1
E01046,SITE1,S1,1785456000000,1
E90820,SITE1,S1,1785456000000,1
E00949,SITE3,S3,1785456000000,1
E02200,SITE3,S2,1785456000000,1
E03770,SITE2,S3,1785456000000,1
E01113,SITE4,S1,1785456000000,1
E01117,SITE2,S2,1785456000000,1
E01577,SITE3,S2,1785456000000,1
E03616,SITE3,S2,1785456000000,1
E00859,SITE3,S3,1785456000000,1
E03060,SITE3,S3,1785456000000,1
E01522,SITE4,S3,1785456000000,1
E02288,SITE3,S1,1785456000000,1
E02339,SITE1,S1,1785456000000,1
E02524,SITE1,S2,1785456000000,1
E03363,SITE2,S2,1785456000000,1
E01357,SITE3,S3,1785456000000,1
E01990,SITE2,S1,1785456000000,1
E02593,SITE4,S3,1785456000000,1
E01244,SITE4,S2,1785456000000,1
E90861,SITE2,S3,1785542400000,1
E01064,SITE2,S1,1785542400000,1
E00134,SITE1,S3,1785542400000,1
E00149,SITE2,S3,1785542400000,1
E90706,SITE4,S2,1785542400000,1
E00470,SITE1,S1,1785542400000,1
E00000,SITE3,S1,1785542400000,1
E02984,SITE1,S1,1785542400000,1
E03083,SITE4,S3,1785542400000,1
E03170,SITE3,S2,1785542400000,1
E01535,SITE3,S3,1785542400000,1
E02938,SITE4,S2,1785542400000,1
E01119,SITE3,S2,1785542400000,1
E02328,SITE2,S1,1785542400000,1
E02372,SITE1,S3,1785542400000,1
E00519,SITE2,S2,1785542400000,1
E01007,SITE1,S2,1785542400000,1
E03422,SITE1,S2,1785542400000,1
E01491,SITE1,S1,1785542400000,1
E03628,SITE1,S3,1785542400000,1
E02351,SITE1,S3,1785542400000,1
E03401,SITE3,S2,1785542400000,1
E01446,SITE4,S3,1785542400000,1
E02447,SITE4,S1,1785542400000,1
E03161,SITE3,S1,1785542400000,1
E02235,SITE4,S3,1785542400000,1
E90931,SITE3,S3,1785542400000,1
E00745,SITE2,S3,1785542400000,1
E02805,SITE4,S3,1785542400000,1
E00729,SITE2,S3,1785542400000,1
E02411,SITE3,S3,1785542400000,1
E01940,SITE4,S2,1785542400000,1
E02713,SITE2,S3,1785542400000,1
E02185,SITE3,S1,1785542400000,1
E03256,SITE4,S3,1785542400000,1
E02320,SITE3,S3,1785542400000,1
E01128,SITE4,S1,1785542400000,1
E02666,SITE1,S3,1785542400000,1
E03714,SITE4,S3,1785542400000,1
E02096,SITE1,S1,1785542400000,1
E01562,SITE4,S3,1785628800000,1
E01197,SITE1,S1,1785628800000,1
E02678,SITE4,S3,1785628800000,1
E03651,SITE1,S1,1785628800000,1
E02296,SITE3,S3,1785628800000,1
E02704,SITE3,S2,1785628800000,1
E00451,SITE3,S1,1785628800000,1
E02621,SITE3,S1,1785628800000,1
E02721,SITE3,S3,1785628800000,1
E00345,SITE2,S3,1785628800000,1
E02698,SITE3,S2,1785628800000,1
E01220,SITE3,S2,1785628800000,1
E01262,SITE3,S2,1785628800000,1
E03727,SITE3,S2,1785628800000,1
E01809,SITE2,S2,1785628800000,1
E00696,SITE1,S3,1785628800000,1
E03470,SITE1,S1,1785628800000,1
E02613,SITE2,S1,1785628800000,1
E01076,SITE2,S3,1785628800000,1
E01434,SITE3,S2,1785628800000,1
E01391,SITE1,S2,1785628800000,1
E03362,SITE2,S1,1785628800000,1
E03064,SITE2,S3,1785628800000,1
E02621,SITE2,S3,1785628800000,1
E02202,SITE1,S2,1785628800000,1
E01499,SITE2,S1,1785628800000,1
E02205,SITE3,S2,1785628800000,1
E03755,SITE2,S3,1785628800000,1
E03417,SITE2,S1,1785628800000,1
E01552,SITE4,S3,1785628800000,1
E90768,SITE4,S2,1785628800000,1
E02959,SITE1,S3,1785628800000,1
E03799,SITE2,S3,1785628800000,1
E03060,SITE2,S1,1785628800000,1
E90978,SITE3,S1,1785628800000,1
E00545,SITE2,S2,1785628800000,1
E02468,SITE4,S2,1785628800000,1
E03062,SITE3,S1,1785628800000,1
E00567,SITE1,S3,1785628800000,1
E00335,SITE4,S3,1785628800000,1
E00403,SITE1,S3,1785715200000,1
E01725,SITE2,S3,1785715200000,1
E02663,SITE2,S2,1785715200000,1
E03239,SITE2,S2,1785715200000,1
E03650,SITE4,S1,1785715200000,1
E01058,SITE3,S2,1785715200000,1
E03546,SITE3,S2,1785715200000,1
E01441,SITE4,S3,1785715200000,1
E02133,SITE2,S3,1785715200000,1
E03878,SITE4,S2,1785715200000,1
E03851,SITE2,S2,1785715200000,1
E02762,SITE4,S2,1785715200000,1
E00511,SITE4,S3,1785715200000,1
E02195,SITE3,S2,1785715200000,1
E03629,SITE4,S1,1785715200000,1
E03916,SITE1,S3,1785715200000,1
E01245,SITE4,S1,1785715200000,1
E01999,SITE3,S3,1785715200000,1
E03930,SITE3,S2,1785715200000,1
E03898,SITE2,S3,1785715200000,1
E90273,SITE2,S1,1785715200000,1
E00508,SITE2,S1,1785715200000,1
E03469,SITE2,S2,1785715200000,1
E01944,SITE3,S1,1785715200000,1
E01800,SITE3,S3,1785715200000,1
E00012,SITE1,S1,1785715200000,1
E02734,SITE1,S2,1785715200000,1
E03784,SITE3,S3,1785715200000,1
E03208,SITE3,S3,1785715200000,1
E00031,SITE4,S1,1785715200000,1
E03812,SITE3,S1,1785715200000,1
E00047,SITE1,S1,1785715200000,1
E01545,SITE2,S1,1785715200000,1
E00255,SITE1,S2,1785715200000,1
E01708,SITE4,S3,1785715200000,1
E03943,SITE3,S1,1785715200000,1
E00302,SITE2,S1,1785715200000,1
E90492,SITE2,S3,1785715200000,1
E02501,SITE3,S2,1785715200000,1
E00639,SITE2,S3,1785715200000,1
E01713,SITE1,S3,1785801600000,1
E03938,SITE1,S3,1785801600000,1
E01349,SITE2,S1,1785801600000,1
E03372,SITE2,S1,1785801600000,1
E03336,SITE4,S1,1785801600000,1
E01314,SITE1,S3,1785801600000,1
E90476,SITE4,S1,1785801600000,1
E90740,SITE1,S3,1785801600000,1
E90295,SITE4,S1,1785801600000,1
E00508,SITE1,S2,1785801600000,1
E01682,SITE2,S3,1785801600000,1
E03056,SITE1,S2,1785801600000,1
E03235,SITE4,S1,1785801600000,1
E02306,SITE1,S3,1785801600000,1
E01279,SITE4,S2,1785801600000,1
E01503,SITE2,S3,1785801600000,1
E00048,SITE2,S2,1785801600000,1
E02536,SITE2,S1,1785801600000,1
E02838,SITE4,S3,1785801600000,1
E02859,SITE3,S1,1785801600000,1
E02791,SITE4,S1,1785801600000,1
E00480,SITE2,S2,1785801600000,1
E03119,SITE1,S1,1785801600000,1
E02931,SITE4,S2,1785801600000,1
E00200,SITE3,S3,1785801600000,1
E01843,SITE2,S3,1785801600000,1
E02848,SITE3,S2,1785801600000,1
E01560,SITE2,S3,1785801600000,1
E01015,SITE3,S3,1785801600000,1
E01819,SITE1,S1,1785801600000,1
E00470,SITE1,S3,1785801600000,1
E01828,SITE1,S3,1785801600000,1
E00678,SITE2,S1,1785801600000,1
E01596,SITE4,S2,1785801600000,1
E00197,SITE3,S2,1785801600000,1
E00022,SITE3,S3,1785801600000,1
E00879,SITE3,S3,1785801600000,1
E03521,SITE2,S1,1785801600000,1
E00634,SITE3,S1,1785801600000,1
E01289,SITE4,S2,1785801600000,1
E00827,SITE3,S1,1785888000000,1
E01683,SITE2,S3,1785888000000,1
E03465,SITE3,S1,1785888000000,1
E02626,SITE4,S1,1785888000000,1
E02212,SITE2,S3,1785888000000,1
E01653,SITE3,S1,1785888000000,1
E02280,SITE3,S3,1785888000000,1
E01081,SITE2,S3,1785888000000,1
E01971,SITE1,S1,1785888000000,1
E01501,SITE1,S2,1785888000000,1
E02231,SITE1,S3,1785888000000,1
E02271,SITE2,S3,1785888000000,1
E02406,SITE1,S3,1785888000000,1
E02475,SITE1,S3,1785888000000,1
E02010,SITE4,S2,1785888000000,1
E02095,SITE2,S3,1785888000000,1
E00146,SITE4,S2,1785888000000,1
E00556,SITE4,S2,1785888000000,1
E01604,SITE1,S3,1785888000000,1
E02960,SITE1,S2,1785888000000,1
E00993,SITE3,S2,1785888000000,1
E02537,SITE1,S3,1785888000000,1
E03729,SITE4,S2,1785888000000,1
E00903,SITE1,S2,1785888000000,1
E02104,SITE4,S1,1785888000000,1
E01576,SITE3,S2,1785888000000,1
E02704,SITE2,S3,1785888000000,1
E01402,SITE1,S2,1785888000000,1
E01207,SITE3,S2,1785888000000,1
E01542,SITE2,S3,1785888000000,1
E03867,SITE2,S2,1785888000000,1
E00447,SITE2,S3,1785888000000,1
E03421,SITE4,S1,1785888000000,1
E00235,SITE1,S1,1785888000000,1
E03044,SITE3,S1,1785888000000,1
E03268,SITE4,S1,1785888000000,1
E00263,SITE2,S1,1785888000000,1
E03979,SITE4,S1,1785888000000,1
E90869,SITE1,S2,1785888000000,1
E03961,SITE2,S2,1785888000000,1
E01973,SITE1,S1,1785974400000,1
E01502,SITE4,S3,1785974400000,1
E01429,SITE3,S3,1785974400000,1
E00888,SITE4,S2,1785974400000,1
E03369,SITE3,S2,1785974400000,1
E02838,SITE3,S1,1785974400000,1
E02282,SITE4,S2,1785974400000,1
E02005,SITE1,S3,1785974400000,1
E01805,SITE3,S3,1785974400000,1
E01375,SITE2,S1,1785974400000,1
E01662,SITE4,S1,1785974400000,1
E01537,SITE2,S2,1785974400000,1
E00303,SITE2,S1,1785974400000,1
E02163,SITE3,S1,1785974400000,1
E03226,SITE1,S2,1785974400000,1
E01017,SITE2,S1,1785974400000,1
E01675,SITE4,S3,1785974400000,1
E03932,SITE1,S3,1785974400000,1
E02281,SITE2,S3,1785974400000,1
E03981,SITE3,S1,1785974400000,1
E00005,SITE4,S2,1785974400000,1
E03427,SITE4,S2,1785974400000,1
E01395,SITE1,S2,1785974400000,1
E02155,SITE4,S1,1785974400000,1
E02609,SITE3,S1,1785974400000,1
E02678,SITE2,S3,1785974400000,1
E01095,SITE2,S1,1785974400000,1
E03306,SITE4,S1,1785974400000,1
E00594,SITE1,S3,1785974400000,1
E01239,SITE4,S3,1785974400000,1
E90203,SITE3,S1,1785974400000,1
E00339,SITE3,S3,1785974400000,1
E00634,SITE2,S3,1785974400000,1
E01376,SITE3,S3,1785974400000,1
E02706,SITE2,S3,1785974400000,1
E03658,SITE3,S3,1785974400000,1
E02708,SITE1,S2,1785974400000,1
E01332,SITE3,S1,1785974400000,1
E02882,SITE1,S1,1785974400000,1
E01659,SITE2,S2,1785974400000,1
E03419,SITE2,S1,1786060800000,1
E02239,SITE1,S2,1786060800000,1
E90866,SITE3,S1,1786060800000,1
E03777,SITE1,S3,1786060800000,1
E01030,SITE2,S1,1786060800000,1
E00046,SITE3,S2,1786060800000,1
E02036,SITE3,S2,1786060800000,1
E02288,SITE1,S1,1786060800000,1
E03299,SITE2,S1,1786060800000,1
E01065,SITE3,S2,1786060800000,1
E01621,SITE3,S3,1786060800000,1
E01443,SITE4,S1,1786060800000,1
E00637,SITE2,S1,1786060800000,1
E03054,SITE4,S2,1786060800000,1
E00869,SITE4,S1,1786060800000,1
E02656,SITE3,S1,1786060800000,1
E00316,SITE1,S1,1786060800000,1
E03176,SITE1,S2,1786060800000,1
E01268,SITE1,S3,1786060800000,1
E02024,SITE1,S1,1786060800000,1
E01094,SITE4,S1,1786060800000,1
E02669,SITE4,S2,1786060800000,1
E03580,SITE1,S3,1786060800000,1
E00923,SITE3,S2,1786060800000,1
E03367,SITE4,S1,1786060800000,1
E00438,SITE1,S1,1786060800000,1
E02836,SITE2,S2,1786060800000,1
E01833,SITE1,S3,1786060800000,1
E00106,SITE1,S3,1786060800000,1
E90912,SITE3,S3,1786060800000,1
E00776,SITE1,S2,1786060800000,1
E00020,SITE3,S2,1786060800000,1
E03618,SITE2,S2,1786060800000,1
E02368,SITE3,S1,1786060800000,1
E01859,SITE1,S2,1786060800000,1
E03841,SITE3,S3,1786060800000,1
E03018,SITE2,S2,1786060800000,1
E01516,SITE1,S3,1786060800000,1
E01541,SITE3,S3,1786060800000,1
E02335,SITE4,S2,1786060800000,1
E01445,SITE3,S3,1786147200000,1
E00805,SITE3,S3,1786147200000,1
E00022,SITE3,S1,1786147200000,1
E02383,SITE4,S2,1786147200000,1
E90483,SITE1,S2,1786147200000,1
E00697,SITE1,S2,1786147200000,1
E00823,SITE1,S1,1786147200000,1
E03058,SITE3,S1,1786147200000,1
E02176,SITE2,S1,1786147200000,1
E90046,SITE3,S1,1786147200000,1
E02641,SITE4,S2,1786147200000,1
E01425,SITE3,S2,1786147200000,1
E00266,SITE1,S3,1786147200000,1
E01377,SITE3,S1,1786147200000,1
E01997,SITE1,S3,1786147200000,1
E03942,SITE1,S1,1786147200000,1
E00479,SITE2,S2,1786147200000,1
E01301,SITE4,S2,1786147200000,1
E00479,SITE2,S2,1786147200000,1
E01288,SITE1,S1,1786147200000,1
E00272,SITE4,S1,1786147200000,1
E90504,SITE1,S1,1786147200000,1
E01023,SITE3,S1,1786147200000,1
E03444,SITE3,S1,1786147200000,1
E03077,SITE2,S3,1786147200000,1
E01880,SITE4,S2,1786147200000,1
E01205,SITE3,S2,1786147200000,1
E03672,SITE3,S1,1786147200000,1
E00606,SITE3,S1,1786147200000,1
E00259,SITE3,S3,1786147200000,1
E02863,SITE1,S2,1786147200000,1
E01146,SITE3,S2,1786147200000,1
E02612,SITE2,S3,1786147200000,1
E00260,SITE2,S1,1786147200000,1
E03955,SITE1,S1,1786147200000,1
E00550,SITE2,S3,1786147200000,1
E01146,SITE1,S1,1786147200000,1
E90994,SITE1,S1,1786147200000,1
E02060,SITE3,S3,1786147200000,1
E01366,SITE4,S1,1786147200000,1
E03875,SITE3,S3,1786233600000,1
E01747,SITE2,S1,1786233600000,1
E00834,SITE1,S1,1786233600000,1
E00058,SITE1,S2,1786233600000,1
E00928,SITE3,S3,1786233600000,1
E00359,SITE3,S3,1786233600000,1
E02154,SITE2,S2,1786233600000,1
E01255,SITE2,S2,1786233600000,1
E01157,SITE4,S1,1786233600000,1
E03121,SITE4,S1,1786233600000,1
E03350,SITE4,S3,1786233600000,1
E90316,SITE3,S1,1786233600000,1
E01961,SITE2,S3,1786233600000,1
E00071,SITE2,S1,1786233600000,1
E01418,SITE1,S3,1786233600000,1
E02192,SITE2,S2,1786233600000,1
E01321,SITE4,S3,1786233600000,1
E03320,SITE1,S1,1786233600000,1
E03501,SITE4,S2,1786233600000,1
E02873,SITE2,S2,1786233600000,1
E02535,SITE4,S1,1786233600000,1
E01957,SITE1,S2,1786233600000,1
E02328,SITE2,S1,1786233600000,1
E02550,SITE2,S1,1786233600000,1
E00116,SITE2,S2,1786233600000,1
E02073,SITE2,S3,1786233600000,1
E02061,SITE2,S1,1786233600000,1
E00156,SITE4,S3,1786233600000,1
E01639,SITE2,S2,1786233600000,1
E00868,SITE3,S1,1786233600000,1
E03943,SITE1,S2,1786233600000,1
E03934,SITE4,S1,1786233600000,1
E01288,SITE3,S1,1786233600000,1
E03316,SITE2,S2,1786233600000,1
E03754,SITE3,S3,1786233600000,1
E00599,SITE2,S2,1786233600000,1
E01901,SITE2,S2,1786233600000,1
E03411,SITE3,S1,1786233600000,1
E03350,SITE4,S2,1786233600000,1
E03762,SITE4,S2,1786233600000,1
E02271,SITE4,S2,1786320000000,1
E02013,SITE1,S1,1786320000000,1
E00061,SITE3,S3,1786320000000,1
E00569,SITE4,S2,1786320000000,1
E01722,SITE2,S2,1786320000000,1
E03384,SITE3,S2,1786320000000,1
E03407,SITE3,S1,1786320000000,1
E02811,SITE4,S1,1786320000000,1
E03920,SITE3,S1,1786320000000,1
E00854,SITE3,S2,1786320000000,1
E00078,SITE3,S3,1786320000000,1
E02807,SITE1,S3,1786320000000,1
E03913,SITE3,S1,1786320000000,1
E00808,SITE3,S1,1786320000000,1
E00290,SITE2,S3,1786320000000,1
E03654,SITE2,S3,1786320000000,1
E00009,SITE3,S2,1786320000000,1
E01945,SITE3,S2,1786320000000,1
E02570,SITE4,S2,1786320000000,1
E03269,SITE4,S1,1786320000000,1
E02605,SITE2,S3,1786320000000,1
E01899,SITE4,S3,1786320000000,1
E02925,SITE4,S1,1786320000000,1
E02177,SITE1,S3,1786320000000,1
E03827,SITE1,S1,1786320000000,1
E00397,SITE1,S3,1786320000000,1
E01773,SITE3,S2,1786320000000,1
E01627,SITE3,S1,1786320000000,1
E01236,SITE1,S3,1786320000000,1
E90578,SITE4,S1,1786320000000,1
E02359,SITE2,S2,1786320000000,1
E01564,SITE1,S2,1786320000000,1
E01104,SITE4,S3,1786320000000,1
E02605,SITE4,S1,1786320000000,1
E03257,SITE1,S2,1786320000000,1
E90699,SITE3,S2,1786320000000,1
E00647,SITE2,S3,1786320000000,1
E00033,SITE1,S2,1786320000000,1
E01680,SITE1,S1,1786320000000,1
E00201,SITE2,S2,1786320000000,1
E00832,SITE1,S2,1786406400000,1
E01606,SITE1,S2,1786406400000,1
E01884,SITE2,S3,1786406400000,1
E01671,SITE4,S1,1786406400000,1
E01351,SITE2,S1,1786406400000,1
E02367,SITE3,S1,1786406400000,1
E00818,SITE4,S3,1786406400000,1
E00190,SITE4,S3,1786406400000,1
E00311,SITE4,S1,1786406400000,1
E03831,SITE4,S1,1786406400000,1
E01742,SITE1,S3,1786406400000,1
E00629,SITE1,S1,1786406400000,1
E02705,SITE2,S1,1786406400000,1
E00418,SITE1,S3,1786406400000,1
E03491,SITE3,S2,1786406400000,1
E01968,SITE3,S2,1786406400000,1
E02184,SITE2,S2,1786406400000,1
E03473,SITE4,S2,1786406400000,1
E01232,SITE3,S3,1786406400000,1
E00796,SITE4,S2,1786406400000,1
E02715,SITE4,S2,1786406400000,1
E02030,SITE2,S2,1786406400000,1
E03184,SITE2,S1,1786406400000,1
E03063,SITE4,S2,1786406400000,1
E00541,SITE1,S3,1786406400000,1
E01110,SITE4,S1,1786406400000,1
E02477,SITE2,S3,1786406400000,1
E00221,SITE4,S2,1786406400000,1
E00660,SITE4,S2,1786406400000,1
E02773,SITE4,S1,1786406400000,1
E01810,SITE3,S3,1786406400000,1
E02479,SITE4,S1,1786406400000,1
E03483,SITE1,S3,1786406400000,1
E02172,SITE4,S2,1786406400000,1
E00476,SITE3,S2,1786406400000,1
E02589,SITE2,S3,1786406400000,1
E02854,SITE2,S2,1786406400000,1
E02909,SITE4,S3,1786406400000,1
E03212,SITE1,S1,1786406400000,1
E02290,SITE3,S3,1786406400000,1
E90378,SITE1,S2,1786492800000,1
E02888,SITE1,S1,1786492800000,1
E03068,SITE4,S1,1786492800000,1
E01599,SITE3,S2,1786492800000,1
E03799,SITE1,S1,1786492800000,1
E00287,SITE1,S1,1786492800000,1
E01227,SITE4,S2,1786492800000,1
E03489,SITE2,S1,1786492800000,1
E00555,SITE2,S2,1786492800000,1
E02293,SITE1,S2,1786492800000,1
E03446,SITE4,S3,1786492800000,1
E02668,SITE4,S3,1786492800000,1
E00355,SITE3,S3,1786492800000,1
E03076,SITE1,S3,1786492800000,1
E02276,SITE2,S3,1786492800000,1
E02937,SITE3,S2,1786492800000,1
E01832,SITE2,S1,1786492800000,1
E02476,SITE4,S3,1786492800000,1
E00094,SITE2,S1,1786492800000,1
E90597,SITE2,S2,1786492800000,1
E02532,SITE1,S2,1786492800000,1
E01416,SITE3,S2,1786492800000,1
E02329,SITE4,S3,1786492800000,1
E02592,SITE1,S1,1786492800000,1
E03591,SITE4,S2,1786492800000,1
E01066,SITE1,S3,1786492800000,1
E00017,SITE4,S2,1786492800000,1
E03980,SITE2,S3,1786492800000,1
E00074,SITE3,S2,1786492800000,1
E90072,SITE4,S2,1786492800000,1
E02964,SITE4,S2,1786492800000,1
E01943,SITE1,S1,1786492800000,1
E01935,SITE4,S2,1786492800000,1
E00095,SITE2,S2,1786492800000,1
E01400,SITE2,S2,1786492800000,1
E03544,SITE4,S3,1786492800000,1
E01826,SITE1,S3,1786492800000,1
E00693,SITE3,S1,1786492800000,1
E01962,SITE1,S3,1786492800000,1
E00358,SITE4,S3,1786492800000,1
E02688,SITE2,S2,1786579200000,1
E03084,SITE4,S1,1786579200000,1
E02435,SITE2,S2,1786579200000,1
E02304,SITE1,S3,1786579200000,1
E01267,SITE3,S2,1786579200000,1
E01232,SITE2,S3,1786579200000,1
E03513,SITE4,S2,1786579200000,1
E03286,SITE1,S2,1786579200000,1
E02647,SITE2,S1,1786579200000,1
E01410,SITE4,S2,1786579200000,1
E01199,SITE4,S1,1786579200000,1
E01717,SITE1,S3,1786579200000,1
E00956,SITE2,S2,1786579200000,1
E03117,SITE1,S2,1786579200000,1
E02025,SITE2,S2,1786579200000,1
E01552,SITE1,S1,1786579200000,1
E90839,SITE2,S3,1786579200000,1
E01159,SITE1,S2,1786579200000,1
E00448,SITE2,S1,1786579200000,1
E01898,SITE3,S1,1786579200000,1
E03542,SITE2,S3,1786579200000,1
E02115,SITE4,S2,1786579200000,1
E00910,SITE3,S1,1786579200000,1
E01696,SITE1,S1,1786579200000,1
E02944,SITE1,S1,1786579200000,1
E02385,SITE3,S3,1786579200000,1
E03943,SITE2,S2,1786579200000,1
E01876,SITE4,S1,1786579200000,1
E01656,SITE2,S1,1786579200000,1
E02744,SITE4,S3,1786579200000,1
E02788,SITE4,S2,1786579200000,1
E01078,SITE4,S2,1786579200000,1
E02412,SITE4,S1,1786579200000,1
E01610,SITE2,S1,1786579200000,1
E01468,SITE2,S1,1786579200000,1
E03628,SITE2,S2,1786579200000,1
E01677,SITE4,S3,1786579200000,1
E00198,SITE1,S2,1786579200000,1
E00273,SITE3,S3,1786579200000,1
E03649,SITE4,S3,1786579200000,1
E01164,SITE2,S1,1786665600000,1
E03596,SITE2,S1,1786665600000,1
E01156,SITE1,S2,1786665600000,1
E02666,SITE4,S1,1786665600000,1
E03103,SITE2,S2,1786665600000,1
E00314,SITE3,S1,1786665600000,1
E00390,SITE1,S2,1786665600000,1
E90011,SITE3,S1,1786665600000,1
E03231,SITE4,S2,1786665600000,1
E00741,SITE3,S1,1786665600000,1
E01068,SITE1,S3,1786665600000,1
E03337,SITE2,S3,1786665600000,1
E03087,SITE1,S3,1786665600000,1
E02705,SITE2,S2,1786665600000,1
E00286,SITE2,S3,1786665600000,1
E00801,SITE2,S2,1786665600000,1
E02331,SITE2,S1,1786665600000,1
E00338,SITE1,S1,1786665600000,1
E01580,SITE1,S1,1786665600000,1
E03751,SITE3,S3,1786665600000,1
E03514,SITE1,S1,1786665600000,1
E03324,SITE4,S2,1786665600000,1
E02333,SITE2,S3,1786665600000,1
E03298,SITE2,S1,1786665600000,1
E01746,SITE2,S2,1786665600000,1
E00356,SITE2,S1,1786665600000,1
E00549,SITE2,S1,1786665600000,1
E01667,SITE4,S2,1786665600000,1
E03062,SITE4,S2,1786665600000,1
E01787,SITE3,S1,1786665600000,1
E01170,SITE1,S3,1786665600000,1
E00909,SITE4,S1,1786665600000,1
E03693,SITE1,S3,1786665600000,1
E02912,SITE1,S3,1786665600000,1
E01346,SITE3,S3,1786665600000,1
E00703,SITE1,S2,1786665600000,1
E02258,SITE1,S2,1786665600000,1
E03426,SITE4,S3,1786665600000,1
E00692,SITE4,S1,1786665600000,1
E03454,SITE2,S3,1786665600000,1
E01012,SITE2,S3,1786752000000,1
E90768,SITE3,S2,1786752000000,1
E00826,SITE3,S3,1786752000000,1
E00926,SITE3,S3,1786752000000,1
E00185,SITE4,S1,1786752000000,1
E02328,SITE1,S1,1786752000000,1
E02696,SITE4,S2,1786752000000,1
E01327,SITE3,S1,1786752000000,1
E01059,SITE2,S1,1786752000000,1
E01141,SITE2,S2,1786752000000,1
E00843,SITE2,S2,1786752000000,1
E02213,SITE4,S3,1786752000000,1
E90687,SITE1,S1,1786752000000,1
E03445,SITE2,S1,1786752000000,1
E00089,SITE4,S1,1786752000000,1
E00992,SITE2,S3,1786752000000,1
E03254,SITE3,S3,1786752000000,1
E01102,SITE3,S1,1786752000000,1
E00960,SITE2,S3,1786752000000,1
E01211,SITE1,S3,1786752000000,1
E00177,SITE4,S1,1786752000000,1
E00737,SITE3,S2,1786752000000,1
E02878,SITE2,S3,1786752000000,1
E01713,SITE4,S1,1786752000000,1
E00093,SITE4,S1,1786752000000,1
E00591,SITE2,S1,1786752000000,1
E00684,SITE3,S2,1786752000000,1
E03946,SITE1,S3,1786752000000,1
E03513,SITE4,S2,1786752000000,1
E01785,SITE3,S3,1786752000000,1
E01143,SITE3,S3,1786752000000,1
E03844,SITE2,S3,1786752000000,1
E02440,SITE3,S1,1786752000000,1
E00149,SITE4,S3,1786752000000,1
E01485,SITE2,S1,1786752000000,1
E02717,SITE1,S3,1786752000000,1
E00535,SITE4,S1,1786752000000,1
E02027,SITE2,S1,1786752000000,1
E03856,SITE4,S2,1786752000000,1
E00637,SITE1,S2,1786752000000,1
E02300,SITE3,S1,1786838400000,1
E00526,SITE2,S2,1786838400000,1
E01737,SITE2,S2,1786838400000,1
E00801,SITE3,S3,1786838400000,1
E01017,SITE4,S3,1786838400000,1
E03862,SITE3,S1,1786838400000,1
E00284,SITE1,S2,1786838400000,1
E90619,SITE4,S2,1786838400000,1
E01052,SITE3,S2,1786838400000,1
E01147,SITE2,S2,1786838400000,1
E00403,SITE3,S3,1786838400000,1
E00294,SITE3,S1,1786838400000,1
E02467,SITE2,S1,1786838400000,1
E01965,SITE1,S3,1786838400000,1
E01786,SITE1,S3,1786838400000,1
E01118,SITE1,S2,1786838400000,1
E02721,SITE3,S3,1786838400000,1
E03216,SITE4,S1,1786838400000,1
E03687,SITE4,S2,1786838400000,1
E02973,SITE1,S1,1786838400000,1
E01239,SITE3,S3,1786838400000,1
E03923,SITE3,S2,1786838400000,1
E00691,SITE2,S1,1786838400000,1
E01017,SITE1,S1,1786838400000,1
E03361,SITE3,S1,1786838400000,1
E00848,SITE4,S3,1786838400000,1
E03977,SITE4,S2,1786838400000,1
E03929,SITE4,S2,1786838400000,1
E01998,SITE3,S3,1786838400000,1
E02494,SITE1,S3,1786838400000,1
E00953,SITE2,S1,1786838400000,1
E01375,SITE4,S2,1786838400000,1
E00907,SITE3,S1,1786838400000,1
E03986,SITE2,S3,1786838400000,1
E03146,SITE3,S1,1786838400000,1
E01552,SITE3,S1,1786838400000,1
E01693,SITE4,S2,1786838400000,1
E03893,SITE4,S1,1786838400000,1
E00585,SITE3,S1,1786838400000,1
E03135,SITE4,S3,1786838400000,1
E01576,SITE2,S1,1786924800000,1
E03744,SITE3,S1,1786924800000,1
E03650,SITE2,S3,1786924800000,1
E03737,SITE2,S1,1786924800000,1
E00912,SITE3,S2,1786924800000,1
E01588,SITE1,S3,1786924800000,1
E02282,SITE3,S3,1786924800000,1
E01066,SITE2,S3,1786924800000,1
E03067,SITE4,S1,1786924800000,1
E02420,SITE4,S2,1786924800000,1
E02198,SITE1,S3,1786924800000,1
E02061,SITE4,S3,1786924800000,1
E01457,SITE2,S3,1786924800000,1
E03140,SITE2,S2,1786924800000,1
E01259,SITE2,S2,1786924800000,1
E01809,SITE3,S2,1786924800000,1
E03809,SITE4,S1,1786924800000,1
E00444,SITE2,S2,1786924800000,1
E03507,SITE4,S3,1786924800000,1
E00039,SITE1,S1,1786924800000,1
E03458,SITE3,S1,1786924800000,1
E03717,SITE4,S2,1786924800000,1
E00617,SITE4,S1,1786924800000,1
E00169,SITE4,S3,1786924800000,1
E00434,SITE2,S2,1786924800000,1
E00949,SITE1,S1,1786924800000,1
E90040,SITE2,S2,1786924800000,1
E02758,SITE1,S1,1786924800000,1
E03710,SITE1,S1,1786924800000,1
E02437,SITE4,S3,1786924800000,1
E00742,SITE4,S2,1786924800000,1
E03241,SITE1,S1,1786924800000,1
E03006,SITE1,S2,1786924800000,1
E03248,SITE2,S1,1786924800000,1
E03920,SITE3,S2,1786924800000,1
E00103,SITE2,S2,1786924800000,1
E03196,SITE3,S1,1786924800000,1
E00360,SITE3,S1,1786924800000,1
E03154,SITE2,S3,1786924800000,1
E03432,SITE3,S1,1786924800000,1
E02385,SITE4,S1,1787011200000,1
E01426,SITE1,S3,1787011200000,1
E02717,SITE3,S2,1787011200000,1
E02062,SITE3,S3,1787011200000,1
E90035,SITE3,S2,1787011200000,1
E90376,SITE4,S3,1787011200000,1
E03557,SITE2,S1,1787011200000,1
E03297,SITE4,S1,1787011200000,1
E02766,SITE2,S2,1787011200000,1
E01805,SITE1,S1,1787011200000,1
E90190,SITE4,S2,1787011200000,1
E02651,SITE1,S2,1787011200000,1
E00566,SITE1,S2,1787011200000,1
E02324,SITE3,S1,1787011200000,1
E00962,SITE4,S3,1787011200000,1
E03600,SITE3,S2,1787011200000,1
E02007,SITE1,S2,1787011200000,1
E03882,SITE1,S3,1787011200000,1
E00385,SITE2,S2,1787011200000,1
E03286,SITE1,S1,1787011200000,1
E00321,SITE2,S1,1787011200000,1
E00795,SITE3,S2,1787011200000,1
E90421,SITE4,S2,1787011200000,1
E03988,SITE2,S3,1787011200000,1
E02339,SITE2,S1,1787011200000,1
E03296,SITE3,S3,1787011200000,1
E03297,SITE1,S3,1787011200000,1
E03302,SITE4,S3,1787011200000,1
E01130,SITE1,S3,1787011200000,1
E03966,SITE4,S3,1787011200000,1
E01686,SITE1,S2,1787011200000,1
E03948,SITE3,S3,1787011200000,1
E02245,SITE3,S1,1787011200000,1
E01275,SITE1,S2,1787011200000,1
E90449,SITE1,S1,1787011200000,1
E01203,SITE1,S3,1787011200000,1
E01192,SITE3,S1,1787011200000,1
E00603,SITE3,S3,1787011200000,1
E00387,SITE3,S3,1787011200000,1
E90236,SITE1,S2,1787011200000,1
E01708,SITE1,S1,1787097600000,1
E02808,SITE3,S3,1787097600000,1
E02462,SITE1,S1,1787097600000,1
E02345,SITE3,S1,1787097600000,1
E01839,SITE4,S1,1787097600000,1
E03967,SITE3,S1,1787097600000,1
E00489,SITE3,S3,1787097600000,1
E03015,SITE4,S2,1787097600000,1
E03549,SITE3,S2,1787097600000,1
E03781,SITE2,S3,1787097600000,1
E03137,SITE1,S1,1787097600000,1
E01974,SITE4,S3,1787097600000,1
E00938,SITE1,S2,1787097600000,1
E03561,SITE3,S1,1787097600000,1
E01340,SITE3,S1,1787097600000,1
E03348,SITE3,S1,1787097600000,1
E03577,SITE2,S1,1787097600000,1
E02404,SITE3,S2,1787097600000,1
E02106,SITE4,S2,1787097600000,1
E02664,SITE1,S3,1787097600000,1
E00990,SITE3,S3,1787097600000,1
E03371,SITE4,S2,1787097600000,1
E01273,SITE2,S3,1787097600000,1
E02955,SITE2,S2,1787097600000,1
E01789,SITE1,S1,1787097600000,1
E01798,SITE3,S1,1787097600000,1
E90189,SITE3,S1,1787097600000,1
E02577,SITE2,S2,1787097600000,1
E00077,SITE1,S2,1787097600000,1
E00745,SITE4,S3,1787097600000,1
E00235,SITE1,S1,1787097600000,1
E02134,SITE3,S1,1787097600000,1
E00189,SITE4,S1,1787097600000,1
E01521,SITE2,S1,1787097600000,1
E00008,SITE3,S2,1787097600000,1
E02789,SITE2,S2,1787097600000,1
E01041,SITE2,S3,1787097600000,1
E03866,SITE3,S1,1787097600000,1
E03522,SITE4,S2,1787097600000,1
E01186,SITE2,S1,1787097600000,1
E00391,SITE1,S1,1787184000000,1
E03163,SITE4,S1,1787184000000,1
E03123,SITE1,S1,1787184000000,1
E90080,SITE1,S2,1787184000000,1
E02300,SITE3,S3,1787184000000,1
E02852,SITE1,S2,1787184000000,1
E03165,SITE2,S2,1787184000000,1
E00125,SITE4,S2,1787184000000,1
E03814,SITE2,S3,1787184000000,1
E01423,SITE4,S1,1787184000000,1
E03326,SITE1,S3,1787184000000,1
E01314,SITE3,S1,1787184000000,1
E00350,SITE1,S3,1787184000000,1
E02945,SITE2,S1,1787184000000,1
E90625,SITE3,S3,1787184000000,1
E00664,SITE4,S2,1787184000000,1
E03964,SITE3,S2,1787184000000,1
E02149,SITE2,S2,1787184000000,1
E03342,SITE3,S2,1787184000000,1
E03452,SITE1,S1,1787184000000,1
E03998,SITE2,S1,1787184000000,1
E01598,SITE2,S3,1787184000000,1
E03647,SITE2,S2,1787184000000,1
E00484,SITE1,S3,1787184000000,1
E03878,SITE3,S3,1787184000000,1
E01899,SITE3,S1,1787184000000,1
E01104,SITE4,S2,1787184000000,1
E01474,SITE2,S2,1787184000000,1
E02975,SITE4,S2,1787184000000,1
E02393,SITE4,S1,1787184000000,1
E01329,SITE3,S1,1787184000000,1
E01942,SITE1,S2,1787184000000,1
E00252,SITE4,S2,1787184000000,1
E02976,SITE2,S2,1787184000000,1
E00891,SITE1,S2,1787184000000,1
E00369,SITE1,S2,1787184000000,1
E03228,SITE4,S3,1787184000000,1
E03904,SITE1,S1,1787184000000,1
E01725,SITE4,S1,1787184000000,1
E02660,SITE2,S3,1787184000000,1
E00429,SITE1,S2,1787270400000,1
E01237,SITE4,S2,1787270400000,1
E02322,SITE1,S3,1787270400000,1
E00424,SITE3,S1,1787270400000,1
E02988,SITE1,S3,1787270400000,1
E03382,SITE2,S3,1787270400000,1
E03184,SITE1,S2,1787270400000,1
E01127,SITE3,S2,1787270400000,1
E01286,SITE1,S1,1787270400000,1
E02892,SITE4,S1,1787270400000,1
E02015,SITE1,S3,1787270400000,1
E03144,SITE2,S1,1787270400000,1
E03838,SITE3,S3,1787270400000,1
E03631,SITE1,S3,1787270400000,1
E03428,SITE1,S3,1787270400000,1
E02201,SITE1,S1,1787270400000,1
E03084,SITE4,S3,1787270400000,1
E03483,SITE3,S3,1787270400000,1
E02905,SITE1,S2,1787270400000,1
E00885,SITE3,S1,1787270400000,1
E02270,SITE4,S3,1787270400000,1
E00464,SITE3,S3,1787270400000,1
E03194,SITE1,S1,1787270400000,1
E01046,SITE3,S1,1787270400000,1
E02045,SITE1,S2,1787270400000,1
E00423,SITE3,S2,1787270400000,1
E01438,SITE3,S2,1787270400000,1
E02421,SITE1,S1,1787270400000,1
E02286,SITE3,S2,1787270400000,1
E00113,SITE1,S1,1787270400000,1
E00160,SITE2,S2,1787270400000,1
E00764,SITE3,S3,1787270400000,1
E02290,SITE3,S1,1787270400000,1
E02315,SITE1,S3,1787270400000,1
E00665,SITE3,S1,1787270400000,1
E00590,SITE3,S2,1787270400000,1
E02893,SITE1,S3,1787270400000,1
E90196,SITE3,S2,1787270400000,1
E00140,SITE2,S1,1787270400000,1
E03084,SITE2,S3,1787270400000,1
E02112,SITE3,S2,1787356800000,1
E03440,SITE4,S3,1787356800000,1
E03708,SITE1,S1,1787356800000,1
E02825,SITE1,S3,1787356800000,1
E02962,SITE2,S3,1787356800000,1
E00302,SITE2,S3,1787356800000,1
E01502,SITE4,S1,1787356800000,1
E01929,SITE4,S2,1787356800000,1
E02321,SITE2,S3,1787356800000,1
E03604,SITE3,S2,1787356800000,1
E03079,SITE3,S2,1787356800000,1
E02066,SITE4,S1,1787356800000,1
E00401,SITE3,S2,1787356800000,1
E00563,SITE3,S2,1787356800000,1
E02689,SITE1,S3,1787356800000,1
E03222,SITE2,S1,1787356800000,1
E02255,SITE2,S1,1787356800000,1
E00357,SITE3,S3,1787356800000,1
E02623,SITE4,S1,1787356800000,1
E03383,SITE2,S3,1787356800000,1
E03957,SITE4,S1,1787356800000,1
E03691,SITE2,S1,1787356800000,1
E00138,SITE1,S2,1787356800000,1
E00729,SITE1,S2,1787356800000,1
E02906,SITE2,S1,1787356800000,1
E00388,SITE2,S2,1787356800000,1
E02807,SITE1,S2,1787356800000,1
E00263,SITE1,S2,1787356800000,1
E00932,SITE3,S1,1787356800000,1
E03017,SITE1,S2,1787356800000,1
E00951,SITE2,S2,1787356800000,1
E00444,SITE3,S2,1787356800000,1
E00076,SITE3,S2,1787356800000,1
E03973,SITE2,S3,1787356800000,1
E00618,SITE2,S3,1787356800000,1
E01554,SITE2,S1,1787356800000,1
E02654,SITE2,S3,1787356800000,1
E00336,SITE2,S3,1787356800000,1
E00177,SITE2,S2,1787356800000,1
E01032,SITE4,S1,1787356800000,1
E90027,SITE1,S3,1787443200000,1
E02411,SITE3,S2,1787443200000,1
E02270,SITE3,S3,1787443200000,1
E03789,SITE3,S3,1787443200000,1
E01469,SITE4,S1,1787443200000,1
E01686,SITE3,S2,1787443200000,1
E01802,SITE2,S3,1787443200000,1
E02442,SITE2,S2,1787443200000,1
E02551,SITE3,S1,1787443200000,1
E00173,SITE3,S1,1787443200000,1
E02211,SITE1,S2,1787443200000,1
E00621,SITE3,S3,1787443200000,1
E02102,SITE3,S1,1787443200000,1
E01762,SITE2,S2,1787443200000,1
E01439,SITE2,S2,1787443200000,1
E03696,SITE4,S1,1787443200000,1
E00391,SITE4,S3,1787443200000,1
E01397,SITE4,S2,1787443200000,1
E02609,SITE4,S2,1787443200000,1
E02248,SITE3,S3,1787443200000,1
E01430,SITE2,S3,1787443200000,1
E02352,SITE4,S1,1787443200000,1
E00278,SITE3,S3,1787443200000,1
E02826,SITE3,S1,1787443200000,1
E00176,SITE3,S1,1787443200000,1
E00350,SITE4,S2,1787443200000,1
E01293,SITE3,S2,1787443200000,1
E02233,SITE1,S1,1787443200000,1
E03269,SITE2,S2,1787443200000,1
E03977,SITE3,S1,1787443200000,1
E01377,SITE3,S2,1787443200000,1
E90619,SITE1,S1,1787443200000,1
E90661,SITE1,S2,1787443200000,1
E03123,SITE1,S1,1787443200000,1
E02499,SITE4,S2,1787443200000,1
E03770,SITE4,S1,1787443200000,1
E03974,SITE4,S2,1787443200000,1
E90621,SITE1,S1,1787443200000,1
E02361,SITE2,S2,1787443200000,1
E03527,SITE4,S1,1787443200000,1
E01303,SITE4,S1,1787529600000,1
E02036,SITE4,S1,1787529600000,1
E01613,SITE1,S3,1787529600000,1
E03785,SITE2,S3,1787529600000,1
E02389,SITE3,S1,1787529600000,1
E02539,SITE3,S3,1787529600000,1
E90363,SITE1,S2,1787529600000,1
E03796,SITE4,S3,1787529600000,1
E01983,SITE3,S3,1787529600000,1
E00914,SITE1,S1,1787529600000,1
E90418,SITE3,S3,1787529600000,1
E00549,SITE1,S1,1787529600000,1
E02951,SITE4,S1,1787529600000,1
E01956,SITE1,S3,1787529600000,1
E00910,SITE2,S2,1787529600000,1
E02091,SITE3,S1,1787529600000,1
E03886,SITE2,S3,1787529600000,1
E02927,SITE2,S1,1787529600000,1
E01607,SITE3,S2,1787529600000,1
E00368,SITE1,S1,1787529600000,1
E01292,SITE3,S1,1787529600000,1
E01901,SITE2,S2,1787529600000,1
E00978,SITE1,S3,1787529600000,1
E03493,SITE4,S1,1787529600000,1
E03660,SITE1,S3,1787529600000,1
E00737,SITE2,S1,1787529600000,1
E02266,SITE3,S1,1787529600000,1
E02316,SITE3,S1,1787529600000,1
E01232,SITE3,S2,1787529600000,1
E02572,SITE1,S2,1787529600000,1
E03793,SITE3,S2,1787529600000,1
E01472,SITE3,S1,1787529600000,1
E01653,SITE4,S3,1787529600000,1
E02605,SITE2,S1,1787529600000,1
E02017,SITE2,S1,1787529600000,1
E01024,SITE1,S1,1787529600000,1
E03413,SITE2,S1,1787529600000,1
E00120,SITE4,S2,1787529600000,1
E00730,SITE4,S1,1787529600000,1
E02361,SITE1,S3,1787529600000,1
E03012,SITE4,S2,1787616000000,1
E02478,SITE2,S1,1787616000000,1
E01191,SITE3,S3,1787616000000,1
E00690,SITE3,S2,1787616000000,1
E02746,SITE1,S2,1787616000000,1
E00219,SITE1,S3,1787616000000,1
E01793,SITE4,S1,1787616000000,1
E00689,SITE3,S2,1787616000000,1
E03628,SITE3,S2,1787616000000,1
E01069,SITE3,S3,1787616000000,1
E03166,SITE1,S1,1787616000000,1
E00651,SITE1,S3,1787616000000,1
E90215,SITE3,S1,1787616000000,1
E02353,SITE2,S2,1787616000000,1
E01351,SITE3,S2,1787616000000,1
E00842,SITE4,S2,1787616000000,1
E02074,SITE3,S3,1787616000000,1
E02792,SITE3,S1,1787616000000,1
E00773,SITE2,S1,1787616000000,1
E01304,SITE4,S3,1787616000000,1
E01086,SITE3,S1,1787616000000,1
E03399,SITE1,S2,1787616000000,1
E01720,SITE2,S3,1787616000000,1
E00457,SITE4,S2,1787616000000,1
E02420,SITE2,S1,1787616000000,1
E00333,SITE2,S2,1787616000000,1
E01924,SITE2,S1,1787616000000,1
E01445,SITE3,S1,1787616000000,1
E00923,SITE4,S1,1787616000000,1
E01726,SITE1,S3,1787616000000,1
E03719,SITE4,S1,1787616000000,1
E01203,SITE4,S3,1787616000000,1
E03484,SITE2,S3,1787616000000,1
E02654,SITE3,S2,1787616000000,1
E03979,SITE3,S2,1787616000000,1
E02274,SITE1,S1,1787616000000,1
E90004,SITE3,S1,1787616000000,1
E01608,SITE2,S2,1787616000000,1
E00180,SITE3,S1,1787616000000,1
E03186,SITE3,S1,1787616000000,1
E00749,SITE2,S1,1787702400000,1
E02028,SITE2,S3,1787702400000,1
E03062,SITE1,S2,1787702400000,1
E01408,SITE3,S3,1787702400000,1
E00137,SITE2,S3,1787702400000,1
E01991,SITE1,S2,1787702400000,1
E03590,SITE1,S2,1787702400000,1
E02799,SITE3,S2,1787702400000,1
E01596,SITE2,S2,1787702400000,1
E03293,SITE4,S2,1787702400000,1
E01451,SITE4,S3,1787702400000,1
E02770,SITE4,S2,1787702400000,1
E00021,SITE2,S3,1787702400000,1
E02386,SITE4,S3,1787702400000,1
E03216,SITE3,S2,1787702400000,1
E03863,SITE1,S1,1787702400000,1
E00728,SITE4,S3,1787702400000,1
E02376,SITE4,S2,1787702400000,1
E02713,SITE2,S1,1787702400000,1
E01646,SITE2,S2,1787702400000,1
E90602,SITE3,S1,1787702400000,1
E03666,SITE1,S3,1787702400000,1
E01712,SITE1,S1,1787702400000,1
E00663,SITE4,S1,1787702400000,1
E02763,SITE4,S1,1787702400000,1
E02517,SITE1,S1,1787702400000,1
E02458,SITE2,S2,1787702400000,1
E00778,SITE3,S1,1787702400000,1
E01465,SITE1,S2,1787702400000,1
E00318,SITE1,S3,1787702400000,1
E03818,SITE4,S3,1787702400000,1
E03361,SITE1,S3,1787702400000,1
E02614,SITE1,S3,1787702400000,1
E03295,SITE3,S1,1787702400000,1
E02482,SITE1,S1,1787702400000,1
E03905,SITE2,S3,1787702400000,1
E00967,SITE2,S2,1787702400000,1
E01316,SITE3,S1,1787702400000,1
E00657,SITE4,S2,1787702400000,1
E03495,SITE1,S3,1787702400000,1
E03959,SITE1,S2,1787788800000,1
E00339,SITE4,S2,1787788800000,1
E90461,SITE2,S1,1787788800000,1
E03662,SITE4,S3,1787788800000,1
E00216,SITE4,S3,1787788800000,1
E02274,SITE2,S3,1787788800000,1
E01279,SITE3,S3,1787788800000,1
E01500,SITE2,S3,1787788800000,1
E02662,SITE4,S3,1787788800000,1
E00017,SITE1,S3,1787788800000,1
E00677,SITE2,S3,1787788800000,1
E01325,SITE1,S2,1787788800000,1
E00200,SITE2,S3,1787788800000,1
E03270,SITE3,S2,1787788800000,1
E01783,SITE2,S1,1787788800000,1
E00728,SITE1,S3,1787788800000,1
E03859,SITE1,S3,1787788800000,1
E03047,SITE3,S2,1787788800000,1
E00601,SITE1,S2,1787788800000,1
E02878,SITE1,S2,1787788800000,1
E01836,SITE4,S1,1787788800000,1
E02451,SITE4,S1,1787788800000,1
E02793,SITE4,S1,1787788800000,1
E02835,SITE2,S1,1787788800000,1
E02857,SITE1,S3,1787788800000,1
E03547,SITE2,S3,1787788800000,1
E03030,SITE3,S3,1787788800000,1
E00835,SITE4,S2,1787788800000,1
E02101,SITE4,S3,1787788800000,1
E02397,SITE3,S3,1787788800000,1
E00334,SITE1,S3,1787788800000,1
E01638,SITE1,S3,1787788800000,1
E02382,SITE4,S2,1787788800000,1
E03615,SITE2,S1,1787788800000,1
E00401,SITE4,S2,1787788800000,1
E90543,SITE4,S3,1787788800000,1
E01004,SITE4,S3,1787788800000,1
E02281,SITE2,S3,1787788800000,1
E03367,SITE3,S1,1787788800000,1
E01742,SITE3,S3,1787788800000,1
E01280,SITE1,S2,1787875200000,1
E02652,SITE3,S1,1787875200000,1
E03563,SITE2,S2,1787875200000,1
E02967,SITE4,S2,1787875200000,1
E90863,SITE1,S1,1787875200000,1
E00271,SITE2,S2,1787875200000,1
E01793,SITE4,S3,1787875200000,1
E01162,SITE4,S2,1787875200000,1
E02073,SITE4,S1,1787875200000,1
E00362,SITE3,S2,1787875200000,1
E03019,SITE3,S2,1787875200000,1
E02770,SITE3,S2,1787875200000,1
E02226,SITE3,S1,1787875200000,1
E01978,SITE1,S1,1787875200000,1
E03636,SITE4,S1,1787875200000,1
E00570,SITE4,S3,1787875200000,1
E02156,SITE1,S2,1787875200000,1
E90595,SITE2,S1,1787875200000,1
E03655,SITE2,S2,1787875200000,1
E00954,SITE2,S2,1787875200000,1
E00054,SITE1,S1,1787875200000,1
E00228,SITE1,S2,1787875200000,1
E02143,SITE4,S1,1787875200000,1
E02176,SITE4,S3,1787875200000,1
E00101,SITE1,S1,1787875200000,1
E01941,SITE2,S3,1787875200000,1
E03931,SITE1,S2,1787875200000,1
E02586,SITE3,S3,1787875200000,1
E00565,SITE2,S1,1787875200000,1
E03932,SITE1,S3,1787875200000,1
E01261,SITE2,S2,1787875200000,1
E02145,SITE1,S3,1787875200000,1
E01836,SITE3,S3,1787875200000,1
E02398,SITE4,S3,1787875200000,1
E01103,SITE4,S3,1787875200000,1
E02720,SITE3,S3,1787875200000,1
E02875,SITE3,S1,1787875200000,1
E03554,SITE4,S1,1787875200000,1
E00019,SITE2,S1,1787875200000,1
E03522,SITE2,S1,1787875200000,1
E03458,SITE3,S2,1787961600000,1
E02735,SITE1,S1,1787961600000,1
E01045,SITE2,S1,1787961600000,1
E01210,SITE3,S3,1787961600000,1
E01486,SITE3,S2,1787961600000,1
E02887,SITE3,S3,1787961600000,1
E00975,SITE3,S1,1787961600000,1
E01548,SITE3,S3,1787961600000,1
E03105,SITE2,S3,1787961600000,1
E03932,SITE3,S2,1787961600000,1
E00232,SITE2,S1,1787961600000,1
E03002,SITE4,S3,1787961600000,1
E02223,SITE3,S3,1787961600000,1
E00751,SITE3,S3,1787961600000,1
E03017,SITE3,S2,1787961600000,1
E02186,SITE2,S1,1787961600000,1
E00224,SITE4,S2,1787961600000,1
E01864,SITE1,S1,1787961600000,1
E90406,SITE1,S1,1787961600000,1
E01811,SITE3,S2,1787961600000,1
E00022,SITE4,S3,1787961600000,1
E90280,SITE2,S2,1787961600000,1
E00533,SITE4,S3,1787961600000,1
E00743,SITE2,S3,1787961600000,1
E03533,SITE4,S2,1787961600000,1
E01258,SITE2,S3,1787961600000,1
E02998,SITE2,S3,1787961600000,1
E02875,SITE4,S2,1787961600000,1
E03897,SITE3,S2,1787961600000,1
E90289,SITE3,S2,1787961600000,1
E01487,SITE2,S2,1787961600000,1
E02771,SITE4,S2,1787961600000,1
E00112,SITE4,S2,1787961600000,1
E02989,SITE3,S2,1787961600000,1
E03610,SITE1,S1,1787961600000,1
E00841,SITE1,S3,1787961600000,1
E00646,SITE1,S1,1787961600000,1
E01934,SITE2,S1,1787961600000,1
E00989,SITE2,S2,1787961600000,1
E01021,SITE4,S1,1787961600000,1
E00910,SITE2,S2,1788048000000,1
E00041,SITE1,S3,1788048000000,1
E01757,SITE3,S1,1788048000000,1
E02614,SITE1,S2,1788048000000,1
E03299,SITE2,S1,1788048000000,1
E03792,SITE1,S2,1788048000000,1
E01296,SITE2,S2,1788048000000,1
E01143,SITE2,S2,1788048000000,1
E01923,SITE3,S2,1788048000000,1
E02892,SITE2,S3,1788048000000,1
E03982,SITE1,S3,1788048000000,1
E00190,SITE1,S1,1788048000000,1
E03188,SITE3,S2,1788048000000,1
E02519,SITE3,S2,1788048000000,1
E00387,SITE1,S2,1788048000000,1
E03958,SITE2,S1,1788048000000,1
E00135,SITE4,S1,1788048000000,1
E90102,SITE3,S2,1788048000000,1
E03939,SITE4,S1,1788048000000,1
E02366,SITE4,S3,1788048000000,1
E03957,SITE1,S3,1788048000000,1
E00338,SITE2,S3,1788048000000,1
E01562,SITE1,S1,1788048000000,1
E03025,SITE4,S2,1788048000000,1
E02601,SITE4,S2,1788048000000,1
E02197,SITE3,S2,1788048000000,1
E03678,SITE1,S1,1788048000000,1
E01525,SITE1,S2,1788048000000,1
E01532,SITE1,S3,1788048000000,1
E02051,SITE3,S1,1788048000000,1
E00387,SITE1,S1,1788048000000,1
E03583,SITE4,S2,1788048000000,1
E00182,SITE3,S1,1788048000000,1
E02895,SITE1,S3,1788048000000,1
E03787,SITE3,S1,1788048000000,1
E01924,SITE1,S1,1788048000000,1
E03704,SITE1,S3,1788048000000,1
E03613,SITE4,S3,1788048000000,1
E00056,SITE4,S3,1788048000000,1
E03643,SITE3,S1,1788048000000,1
E02291,SITE2,S1,1788134400000,1
E03894,SITE1,S1,1788134400000,1
E02720,SITE3,S3,1788134400000,1
E02607,SITE3,S3,1788134400000,1
E01651,SITE1,S1,1788134400000,1
E01766,SITE1,S1,1788134400000,1
E01115,SITE2,S1,1788134400000,1
E00706,SITE1,S1,1788134400000,1
E00638,SITE3,S1,1788134400000,1
E03955,SITE3,S3,1788134400000,1
E00571,SITE4,S3,1788134400000,1
E02043,SITE3,S3,1788134400000,1
E03539,SITE3,S1,1788134400000,1
E03959,SITE3,S3,1788134400000,1
E00472,SITE1,S3,1788134400000,1
E02064,SITE2,S2,1788134400000,1
E01424,SITE2,S3,1788134400000,1
E00414,SITE1,S3,1788134400000,1
E00294,SITE3,S2,1788134400000,1
E00431,SITE4,S3,1788134400000,1
E03668,SITE3,S3,1788134400000,1
E02713,SITE1,S2,1788134400000,1
E03910,SITE4,S2,1788134400000,1
E01128,SITE2,S3,1788134400000,1
E01661,SITE3,S3,1788134400000,1
E00161,SITE2,S2,1788134400000,1
E03062,SITE3,S2,1788134400000,1
E02614,SITE4,S2,1788134400000,1
E01487,SITE2,S1,1788134400000,1
E00136,SITE2,S2,1788134400000,1
E03237,SITE3,S2,1788134400000,1
E03819,SITE4,S2,1788134400000,1
E01362,SITE3,S3,1788134400000,1
E03898,SITE2,S2,1788134400000,1
E00327,SITE3,S2,1788134400000,1
E02073,SITE1,S1,1788134400000,1
E03159,SITE2,S3,1788134400000,1
E01874,SITE3,S1,1788134400000,1
E01217,SITE4,S3,1788134400000,1
E03581,SITE4,S1,1788134400000,1
E01270,SITE3,S1,1788220800000,1
E03223,SITE1,S2,1788220800000,1
E02305,SITE2,S1,1788220800000,1
E00327,SITE4,S1,1788220800000,1
E02294,SITE2,S1,1788220800000,1
E00566,SITE4,S1,1788220800000,1
E03085,SITE3,S2,1788220800000,1
E03269,SITE2,S3,1788220800000,1
E00681,SITE4,S2,1788220800000,1
E00474,SITE2,S2,1788220800000,1
E00309,SITE3,S3,1788220800000,1
E01678,SITE3,S1,1788220800000,1
E02067,SITE4,S1,1788220800000,1
E00134,SITE2,S3,1788220800000,1
E02408,SITE4,S2,1788220800000,1
E03371,SITE4,S1,1788220800000,1
E01288,SITE2,S2,1788220800000,1
E90764,SITE3,S3,1788220800000,1
E00096,SITE2,S1,1788220800000,1
E90793,SITE1,S1,1788220800000,1
E03791,SITE3,S2,1788220800000,1
E01895,SITE1,S1,1788220800000,1
E00635,SITE4,S1,1788220800000,1
E01722,SITE4,S1,1788220800000,1
E00806,SITE3,S2,1788220800000,1
E01355,SITE3,S2,1788220800000,1
E01383,SITE3,S1,1788220800000,1
E03985,SITE2,S2,1788220800000,1
E00643,SITE3,S3,1788220800000,1
E01645,SITE1,S2,1788220800000,1
E03896,SITE3,S1,1788220800000,1
E00957,SITE3,S2,1788220800000,1
E02259,SITE4,S2,1788220800000,1
E00758,SITE1,S2,1788220800000,1
E00185,SITE2,S3,1788220800000,1
E02102,SITE4,S1,1788220800000,1
E02275,SITE2,S1,1788220800000,1
E02786,SITE4,S3,1788220800000,1
E02684,SITE1,S3,1788220800000,1
E01507,SITE3,S1,1788220800000,1
E01017,SITE4,S1,1788307200000,1
E02109,SITE4,S2,1788307200000,1
E02672,SITE4,S2,1788307200000,1
E02245,SITE4,S2,1788307200000,1
E03293,SITE1,S2,1788307200000,1
E02653,SITE3,S3,1788307200000,1
E03566,SITE3,S2,1788307200000,1
E03261,SITE4,S2,1788307200000,1
E02489,SITE3,S1,1788307200000,1
E01691,SITE3,S3,1788307200000,1
E00719,SITE3,S2,1788307200000,1
E01432,SITE2,S2,1788307200000,1
E01178,SITE2,S1,1788307200000,1
E00269,SITE4,S2,1788307200000,1
E00510,SITE2,S3,1788307200000,1
E03868,SITE2,S1,1788307200000,1
E01298,SITE1,S1,1788307200000,1
E01566,SITE1,S3,1788307200000,1
E02501,SITE2,S1,1788307200000,1
E02763,SITE4,S1,1788307200000,1
E00411,SITE2,S2,1788307200000,1
E03501,SITE3,S1,1788307200000,1
E02406,SITE3,S2,1788307200000,1
E00277,SITE4,S3,1788307200000,1
E01690,SITE1,S1,1788307200000,1
E00739,SITE4,S1,1788307200000,1
E00680,SITE1,S3,1788307200000,1
E03515,SITE4,S3,1788307200000,1
E02845,SITE4,S1,1788307200000,1
E03438,SITE1,S2,1788307200000,1
E02699,SITE2,S1,1788307200000,1
E03614,SITE4,S1,1788307200000,1
E00290,SITE3,S3,1788307200000,1
E03740,SITE3,S1,1788307200000,1
E01914,SITE2,S3,1788307200000,1
E01543,SITE4,S3,1788307200000,1
E02070,SITE3,S1,1788307200000,1
E01138,SITE3,S3,1788307200000,1
E01084,SITE1,S1,1788307200000,1
E03440,SITE2,S3,1788307200000,1
E03286,SITE1,S1,1788393600000,1
E01803,SITE4,S1,1788393600000,1
E03687,SITE4,S2,1788393600000,1
E00273,SITE4,S3,1788393600000,1
E01525,SITE4,S1,1788393600000,1
E03181,SITE4,S2,1788393600000,1
E00241,SITE4,S1,1788393600000,1
E02469,SITE3,S1,1788393600000,1
E02874,SITE4,S1,1788393600000,1
E90694,SITE2,S2,1788393600000,1
E02596,SITE4,S2,1788393600000,1
E00923,SITE4,S3,1788393600000,1
E03109,SITE1,S1,1788393600000,1
E02948,SITE3,S3,1788393600000,1
E02285,SITE3,S3,1788393600000,1
E02137,SITE3,S2,1788393600000,1
E90958,SITE1,S1,1788393600000,1
E03987,SITE4,S3,1788393600000,1
E02929,SITE2,S2,1788393600000,1
E03083,SITE2,S2,1788393600000,1
E03337,SITE3,S2,1788393600000,1
E00304,SITE3,S1,1788393600000,1
E03613,SITE2,S1,1788393600000,1
E03531,SITE2,S1,1788393600000,1
E02474,SITE4,S1,1788393600000,1
E00330,SITE3,S3,1788393600000,1
E02200,SITE2,S2,1788393600000,1
E00585,SITE2,S3,1788393600000,1
E00513,SITE3,S3,1788393600000,1
E02809,SITE3,S3,1788393600000,1
E02262,SITE3,S2,1788393600000,1
E01466,SITE2,S1,1788393600000,1
E02498,SITE1,S3,1788393600000,1
E03352,SITE4,S3,1788393600000,1
E00075,SITE1,S2,1788393600000,1
E03646,SITE2,S2,1788393600000,1
E02435,SITE1,S2,1788393600000,1
E90925,SITE2,S2,1788393600000,1
E01306,SITE4,S1,1788393600000,1
E01994,SITE2,S3,1788393600000,1
E02306,SITE1,S3,1788480000000,1
E90168,SITE2,S2,1788480000000,1
E02761,SITE4,S1,1788480000000,1
E03252,SITE4,S1,1788480000000,1
E03843,SITE4,S3,1788480000000,1
E03688,SITE2,S1,1788480000000,1
E02931,SITE3,S2,1788480000000,1
E03102,SITE2,S1,1788480000000,1
E03187,SITE4,S2,1788480000000,1
E01081,SITE1,S1,1788480000000,1
E01145,SITE4,S3,1788480000000,1
E00346,SITE4,S2,1788480000000,1
E02347,SITE3,S3,1788480000000,1
E00155,SITE1,S2,1788480000000,1
E02293,SITE4,S1,1788480000000,1
E02749,SITE3,S2,1788480000000,1
E01556,SITE2,S3,1788480000000,1
E03036,SITE3,S1,1788480000000,1
E03404,SITE1,S3,1788480000000,1
E01375,SITE1,S1,1788480000000,1
E03907,SITE2,S3,1788480000000,1
E01959,SITE2,S3,1788480000000,1
E03936,SITE4,S1,1788480000000,1
E03374,SITE4,S1,1788480000000,1
E00417,SITE3,S2,1788480000000,1
E01333,SITE1,S2,1788480000000,1
E02271,SITE4,S1,1788480000000,1
E02356,SITE1,S1,1788480000000,1
E02858,SITE2,S2,1788480000000,1
E02032,SITE1,S2,1788480000000,1
E00411,SITE1,S2,1788480000000,1
E01118,SITE2,S1,1788480000000,1
E00047,SITE2,S1,1788480000000,1
E00615,SITE4,S1,1788480000000,1
E03415,SITE1,S1,1788480000000,1
E01420,SITE3,S1,1788480000000,1
E02841,SITE2,S2,1788480000000,1
E01580,SITE2,S1,1788480000000,1
E02522,SITE1,S1,1788480000000,1
E02711,SITE2,S2,1788480000000,1
