trip_id,date,shift,mode,site_id,vendor_id,driver_id,vehicle_id,direction,scheduled_at,actual_at,planned_km,actual_km,seats,occupancy,status,night_escort
T000000,1787443200000,S1,shuttle,SITE3,V02,D0137,KA01AB0119,logout,1787484600000,1787484780000,17.65,20.18,24,2,closed,true
T000001,1781827200000,S2,nodal,SITE2,V02,D0378,KA01AB0791,logout,1781890200000,1781890320000,19.27,21.05,12,10,closed,true
T000002,1781913600000,S2,shuttle,SITE1,V06,D0357,KA01AB1342,login,1781944200000,1781944260000,17.25,17.99,24,16,closed,true
T000003,1785283200000,S2,cab,SITE4,V11,D0396,KA01AB1742,logout,1785346200000,1785346440000,8.96,8.81,4,2,closed,true
T000004,1782950400000,S3,nodal,SITE4,V11,D0394,KA01AB0423,login,1783006200000,1783006320000,37.83,37.45,12,3,closed,true
T000005,1781740800000,S3,nodal,SITE1,V01,D0346,KA01AB1847,logout,1781739000000,1781739120000,21.36,20.79,12,7,closed,true
T000006,1786320000000,S1,nodal,SITE4,V10,D0368,KA01AB0812,logout,1786361400000,1786361460000,42.08,46.91,12,12,closed,true
T000007,1786492800000,S1,nodal,SITE2,V11,D0309,KA01AB0688,logout,1786534200000,1786534260000,10.30,10.18,12,2,closed,true
T000008,1785369600000,S2,cab,SITE4,V02,D0272,KA01AB1685,login,1785400200000,1785400440000,11.91,13.04,4,1,closed,true
T000009,1784505600000,S3,cab,SITE4,V03,D0203,KA01AB1462,login,1784561400000,1784561460000,20.54,21.28,4,4,closed,true
T000010,1787443200000,S2,shuttle,SITE3,V08,D0045,KA01AB0540,login,1787473800000,1787473920000,33.18,32.82,24,11,closed,true
T000011,1784246400000,S3,shuttle,SITE4,V03,D0134,KA01AB1488,logout,1784244600000,1784244780000,21.57,23.90,24,4,closed,true
T000012,1784851200000,S2,nodal,SITE3,V04,D0389,KA01AB0173,logout,1784914200000,1784914260000,40.16,43.48,12,4,closed,true
T000013,1781913600000,S1,cab,SITE1,V01,D0378,KA01AB1248,login,1781922600000,1781923500000,34.72,37.84,4,4,closed,true
T000014,1783814400000,S3,cab,SITE1,V08,D0349,KA01AB0842,logout,1783812600000,1783812600000,27.07,28.82,4,3,closed,true
T000015,1785801600000,S2,cab,SITE1,V01,D0268,KA01AB0017,login,1785832200000,1785832440000,33.49,32.17,4,2,closed,true
T000016,1785283200000,S3,nodal,SITE1,V09,D0156,KA01AB0788,logout,1785281400000,1785281400000,32.87,33.77,12,4,closed,true
T000017,1785283200000,S2,nodal,SITE2,V05,D0130,KA01AB1770,login,1785313800000,1785313800000,40.85,44.97,12,2,closed,true
T000018,1782172800000,S2,nodal,SITE2,V06,D0310,KA01AB0434,login,1782203400000,1782203520000,28.75,31.80,12,4,closed,true
T000019,1781654400000,S3,shuttle,SITE4,V12,D0358,KA01AB0044,logout,1781652600000,1781652840000,12.49,13.89,24,20,closed,true
T000020,1785542400000,S3,cab,SITE4,V01,D0034,KA01AB1399,login,1785598200000,1785598320000,11.44,13.09,4,1,closed,true
T000021,1786060800000,S1,nodal,SITE1,V12,D0136,KA01AB0641,login,1786069800000,1786069920000,15.00,16.39,12,7,closed,true
T000022,1784073600000,S1,nodal,SITE1,V05,D0319,KA01AB1529,login,1784082600000,1784082720000,32.56,36.53,12,6,closed,true
T000023,1783123200000,S1,nodal,SITE1,V03,D0123,KA01AB1979,logout,1783164600000,1783165620000,20.93,22.21,12,1,closed,true
T000024,1781049600000,S3,nodal,SITE3,V09,D0301,KA01AB0467,login,1781105400000,1781105580000,30.17,31.89,12,2,closed,true
T000025,1785110400000,S1,nodal,SITE1,V05,D0051,KA01AB0613,logout,1785151800000,1785151920000,40.58,43.62,12,12,closed,true
T000026,1786320000000,S3,nodal,SITE3,V04,D0278,KA01AB0464,logout,1786318200000,1786318320000,18.64,17.91,12,8,closed,false
T000027,1788307200000,S1,cab,SITE3,V03,D0264,KA01AB1203,logout,1788348600000,1788348840000,12.09,12.53,4,3,closed,true
T000028,1787961600000,S3,shuttle,SITE2,V01,D0082,KA01AB1905,login,1788017400000,1788019860000,33.30,33.60,24,21,closed,true
T000029,1785369600000,S2,nodal,SITE2,V07,D0100,KA01AB0001,logout,1785432600000,1785432720000,8.20,8.19,12,10,closed,true
T000030,1782172800000,S1,shuttle,SITE3,V07,D0259,KA01AB1405,login,1782181800000,1782181920000,19.90,22.08,24,24,closed,true
T000031,1785715200000,S3,nodal,SITE3,V07,D0101,KA01AB1909,logout,1785713400000,1785715260000,17.41,19.10,12,3,closed,true
T000032,1780963200000,S2,shuttle,SITE4,V03,D0273,KA01AB1362,logout,1781026200000,1781026320000,32.58,34.68,24,5,closed,true
T000033,1782864000000,S3,nodal,SITE3,V07,D0305,KA01AB0734,logout,1782862200000,1782863820000,21.26,21.42,12,9,closed,true
T000034,1782000000000,S3,nodal,SITE2,V04,D0247,KA01AB0053,logout,1781998200000,1781998260000,34.61,39.48,12,3,closed,true
T000035,1783641600000,S3,shuttle,SITE1,V12,D0140,KA01AB0774,login,1783697400000,1783697520000,10.40,10.54,24,20,closed,true
T000036,1788393600000,S2,cab,SITE2,V10,D0006,KA01AB1405,logout,1788456600000,1788456720000,29.27,29.04,4,2,closed,true
T000037,1781136000000,S1,cab,SITE4,V10,D0124,KA01AB0954,login,1781145000000,1781145120000,27.10,28.54,4,2,closed,true
T000038,1780963200000,S3,shuttle,SITE3,V03,D0085,KA01AB0176,logout,1780961400000,1780961400000,25.24,27.99,24,4,closed,true
T000039,1786838400000,S3,cab,SITE3,V04,D0354,KA01AB0857,logout,1786836600000,1786836780000,13.38,14.75,4,4,closed,true
T000040,1787011200000,S2,shuttle,SITE1,V06,D0124,KA01AB0259,login,1787041800000,1787042640000,42.83,40.90,24,14,closed,true
T000041,1781913600000,S1,shuttle,SITE3,V10,D0296,KA01AB0829,logout,1781955000000,1781955360000,33.91,32.73,24,16,closed,true
T000042,1781568000000,S2,nodal,SITE2,V09,D0354,KA01AB0407,login,1781598600000,1781598840000,22.87,22.29,12,8,closed,true
T000043,1788307200000,S3,shuttle,SITE2,V04,D0057,KA01AB1398,login,1788363000000,1788363240000,16.84,17.06,24,20,closed,true
T000044,1781740800000,S2,shuttle,SITE4,V09,D0180,KA01AB1688,login,1781771400000,1781773080000,29.65,31.73,24,18,closed,true
T000045,1788393600000,S2,cab,SITE2,V09,D0311,KA01AB0326,logout,1788456600000,1788456720000,25.97,29.36,4,3,closed,true
T000046,1784332800000,S2,nodal,SITE1,V09,D0237,KA01AB0806,login,1784363400000,1784363520000,13.01,14.57,12,10,closed,true
T000047,1786665600000,S3,shuttle,SITE1,V12,D0365,KA01AB0668,logout,1786663800000,1786663980000,17.10,17.92,24,20,closed,true
T000048,1782518400000,S2,nodal,SITE3,V04,D0204,KA01AB1895,logout,1782581400000,1782581640000,26.66,29.28,12,7,closed,true
T000049,1787184000000,S3,nodal,SITE1,V04,D0396,KA01AB0119,login,1787239800000,1787239920000,8.59,8.63,12,2,closed,true
T000050,1787961600000,S3,cab,SITE2,V02,D0206,KA01AB0136,login,1788017400000,1788017400000,40.77,46.35,4,2,closed,true
T000051,1787788800000,S2,cab,SITE2,V10,D0168,KA01AB1439,logout,1787851800000,1787852040000,31.67,30.68,4,2,closed,true
T000052,1781827200000,S1,shuttle,SITE1,V04,D0035,KA01AB1444,logout,1781868600000,1781868840000,9.13,10.43,24,7,closed,true
T000053,1787875200000,S2,nodal,SITE4,V01,D0058,KA01AB0947,login,1787905800000,1787905860000,16.64,18.94,12,4,closed,true
T000054,1787616000000,S3,nodal,SITE2,V09,D0015,KA01AB1178,logout,1787614200000,1787616240000,40.24,40.31,12,5,closed,true
T000055,1782777600000,S1,cab,SITE3,V10,D0204,KA01AB0134,login,1782786600000,1782786840000,31.43,30.80,4,3,closed,true
T000056,1784073600000,S2,nodal,SITE3,V10,D0259,KA01AB1524,login,1784104200000,1784105880000,23.04,22.92,12,4,closed,true
T000057,1781827200000,S2,nodal,SITE4,V02,D0399,KA01AB0380,logout,1781890200000,1781892780000,37.61,40.95,12,10,closed,true
T000058,1783814400000,S3,cab,SITE2,V12,D0220,KA01AB0402,login,1783870200000,1783871040000,27.58,28.87,4,4,closed,true
T000059,1784073600000,S2,shuttle,SITE1,V09,D0105,KA01AB0423,login,1784104200000,1784104200000,31.94,32.38,24,23,closed,true
T000060,1787788800000,S3,cab,SITE4,V08,D0053,KA01AB1993,logout,1787787000000,1787787060000,24.41,25.36,4,4,closed,true
T000061,1781395200000,S1,cab,SITE4,V04,D0185,KA01AB1933,login,1781404200000,1781404380000,18.65,18.67,4,2,closed,true
T000062,1786752000000,S2,nodal,SITE3,V05,D0365,KA01AB0548,logout,1786815000000,1786815180000,42.29,40.46,12,9,closed,true
T000063,1784678400000,S3,cab,SITE4,V04,D0248,KA01AB1051,logout,1784676600000,1784679300000,16.58,18.69,4,2,closed,true
T000064,1783209600000,S2,cab,SITE1,V05,D0173,KA01AB0061,login,1783240200000,1783240380000,28.13,29.85,4,4,closed,true
T000065,1780790400000,S1,shuttle,SITE2,V07,D0216,KA01AB0588,logout,1780831800000,1780832820000,41.77,42.21,24,12,closed,true
T000066,1787529600000,S2,shuttle,SITE3,V05,D0259,KA01AB1181,login,1787560200000,1787560320000,29.37,31.47,24,2,closed,true
T000067,1784937600000,S1,nodal,SITE1,V09,D0121,KA01AB0426,logout,1784979000000,1784979000000,16.14,18.42,12,2,closed,true
T000068,1785974400000,S3,cab,SITE3,V11,D0297,KA01AB1524,login,1786030200000,1786030200000,15.52,17.25,4,4,closed,true
T000069,1782950400000,S1,nodal,SITE3,V02,D0334,KA01AB0842,login,1782959400000,1782959460000,9.87,10.58,12,6,closed,true
T000070,1783987200000,S2,nodal,SITE1,V05,D0349,KA01AB1986,logout,1784050200000,1784050380000,40.92,46.58,12,8,closed,true
T000071,1783814400000,S1,cab,SITE4,V11,D0034,KA01AB1788,login,1783823400000,1783823400000,31.73,34.28,4,1,closed,true
T000072,1784678400000,S1,nodal,SITE2,V09,D0394,KA01AB0558,login,1784687400000,,8.37,9.00,12,4,open,true
T000073,1782259200000,S1,cab,SITE1,V02,D0065,KA01AB1479,logout,1782300600000,1782300840000,40.82,40.89,4,1,closed,true
T000074,1782086400000,S1,cab,SITE2,V10,D0040,KA01AB0892,login,1782095400000,1782095580000,23.32,23.29,4,2,closed,true
T000075,1781568000000,S3,shuttle,SITE2,V11,D0124,KA01AB0489,login,1781623800000,1781623800000,26.01,29.54,24,22,closed,true
T000076,1783123200000,S1,cab,SITE4,V02,D0340,KA01AB0931,logout,1783164600000,1783164600000,24.47,26.94,4,3,closed,true
T000077,1786320000000,S2,cab,SITE2,V07,D0295,KA01AB0888,login,1786350600000,1786350720000,20.61,22.45,4,3,closed,true
T000078,1783296000000,S1,shuttle,SITE4,V07,D0313,KA01AB0009,login,1783305000000,1783305060000,26.47,25.40,24,5,closed,true
T000079,1783641600000,S3,cab,SITE1,V08,D0303,KA01AB0772,logout,1783639800000,1783639980000,22.97,26.25,4,2,closed,true
T000080,1785369600000,S1,shuttle,SITE1,V03,D0142,KA01AB0801,logout,1785411000000,1785411060000,14.05,14.09,24,16,closed,true
T000081,1781827200000,S2,shuttle,SITE1,V05,D0168,KA01AB1273,logout,1781890200000,1781890320000,33.23,35.79,24,11,closed,true
T000082,1785024000000,S1,shuttle,SITE4,V03,D0295,KA01AB0263,logout,1785065400000,1785065520000,8.84,9.45,24,21,closed,true
T000083,1787702400000,S2,nodal,SITE1,V05,D0111,KA01AB1668,login,1787733000000,1787733060000,33.67,33.94,12,6,closed,true
T000084,1785196800000,S3,nodal,SITE3,V08,D0249,KA01AB1755,login,1785252600000,1785253800000,39.26,40.56,12,10,closed,true
T000085,1783987200000,S3,shuttle,SITE3,V04,D0389,KA01AB1648,logout,1783985400000,1783985580000,16.36,18.59,24,24,closed,true
T000086,1788307200000,S1,shuttle,SITE3,V02,D0201,KA01AB1591,login,1788316200000,1788316320000,18.14,18.13,24,2,closed,true
T000087,1786233600000,S1,nodal,SITE1,V10,D0108,KA01AB1556,login,1786242600000,1786242600000,16.31,16.45,12,8,closed,true
T000088,1783123200000,S1,cab,SITE3,V10,D0362,KA01AB0292,login,1783132200000,1783132320000,22.85,24.28,4,2,closed,true
T000089,1781827200000,S3,shuttle,SITE2,V10,D0237,KA01AB0675,login,1781883000000,1781883180000,38.76,42.85,24,15,closed,true
T000090,1783382400000,S2,cab,SITE4,V06,D0163,KA01AB1355,login,1783413000000,1783413000000,42.04,44.47,4,3,closed,true
T000091,1786838400000,S2,cab,SITE1,V08,D0118,KA01AB0463,logout,1786901400000,1786901640000,30.51,31.54,4,3,closed,false
T000092,1788134400000,S1,nodal,SITE4,V11,D0261,KA01AB0823,logout,1788175800000,1788175860000,23.20,23.45,12,7,closed,true
T000093,1780876800000,S3,cab,SITE1,V02,D0215,KA01AB1491,login,1780932600000,1780934820000,16.11,16.28,4,1,closed,true
T000094,1787961600000,S1,nodal,SITE4,V03,D0012,KA01AB1029,logout,1788003000000,1788003240000,9.20,10.38,12,10,closed,true
T000095,1785974400000,S3,nodal,SITE3,V07,D0121,KA01AB1390,logout,1785972600000,1785972840000,12.32,13.20,12,8,closed,true
T000096,1787616000000,S3,shuttle,SITE1,V11,D0024,KA01AB0591,logout,1787614200000,1787614200000,13.32,14.40,24,12,closed,true
T000097,1782172800000,S1,cab,SITE3,V09,D0166,KA01AB1307,logout,1782214200000,1782214380000,27.53,27.65,4,2,closed,true
T000098,1787529600000,S3,cab,SITE4,V12,D0089,KA01AB1004,logout,1787527800000,1787529720000,20.10,21.48,4,2,closed,true
T000099,1784592000000,S1,cab,SITE3,V07,D0190,KA01AB0971,logout,1784633400000,1784633520000,38.41,42.71,4,1,closed,true
T000100,1783036800000,S1,shuttle,SITE2,V08,D0197,KA01AB1518,logout,1783078200000,1783078440000,33.77,38.24,24,13,closed,true
T000101,1781222400000,S2,nodal,SITE1,V02,D0379,KA01AB1620,login,1781253000000,1781253060000,38.13,42.51,12,3,closed,true
T000102,1788480000000,S2,shuttle,SITE4,V12,D0240,KA01AB0433,login,1788510600000,,31.67,30.95,24,18,open,true
T000103,1787788800000,S3,shuttle,SITE1,V01,D0292,KA01AB0952,login,1787844600000,1787844660000,33.62,38.06,24,6,closed,true
T000104,1788480000000,S3,nodal,SITE1,V09,D0348,KA01AB0914,logout,1788478200000,1788478380000,29.17,31.75,12,1,closed,true
T000105,1786320000000,S2,nodal,SITE3,V04,D0096,KA01AB1492,logout,1786383000000,1786383060000,17.14,16.52,12,6,closed,true
T000106,1785110400000,S3,shuttle,SITE2,V12,D0156,KA01AB0743,logout,1785108600000,1785110340000,37.61,39.59,24,1,closed,true
T000107,1787097600000,S1,shuttle,SITE4,V05,D0159,KA01AB1145,login,1787106600000,1787106660000,37.21,41.32,24,24,closed,true
T000108,1786060800000,S1,shuttle,SITE2,V10,D0325,KA01AB0000,logout,1786102200000,1786102200000,34.83,35.88,24,11,closed,true
T000109,1784073600000,S3,nodal,SITE4,V10,D0128,KA01AB1992,login,1784129400000,1784129460000,41.70,40.81,12,6,closed,true
T000110,1781222400000,S3,nodal,SITE3,V05,D0343,KA01AB0299,logout,1781220600000,1781220720000,29.45,30.72,12,9,closed,true
T000111,1782086400000,S1,shuttle,SITE4,V08,D0278,KA01AB0011,login,1782095400000,1782095580000,31.53,30.42,24,17,closed,true
T000112,1784160000000,S3,nodal,SITE4,V04,D0343,KA01AB1928,logout,1784158200000,1784158440000,32.43,31.25,12,11,closed,true
T000113,1785715200000,S2,nodal,SITE1,V04,D0351,KA01AB0182,logout,1785778200000,1785778260000,41.97,42.03,12,6,closed,true
T000114,1780876800000,S1,shuttle,SITE1,V11,D0047,KA01AB0145,login,1780885800000,1780885800000,18.71,20.07,24,13,closed,true
T000115,1783296000000,S3,shuttle,SITE4,V04,D0373,KA01AB1603,logout,1783294200000,1783295880000,15.06,16.07,24,2,closed,true
T000116,1782086400000,S3,nodal,SITE1,V06,D0032,KA01AB1616,logout,1782084600000,1782084840000,37.83,37.58,12,9,closed,true
T000117,1784937600000,S1,nodal,SITE2,V11,D0382,KA01AB0186,logout,1784979000000,1784979000000,34.10,37.19,12,1,closed,true
T000118,1785801600000,S2,shuttle,SITE2,V04,D0121,KA01AB1220,login,1785832200000,1785832380000,39.94,41.10,24,22,closed,true
T000119,1786147200000,S2,shuttle,SITE3,V02,D0374,KA01AB0530,login,1786177800000,1786177980000,16.01,17.55,24,10,closed,true
T000120,1781913600000,S1,nodal,SITE1,V09,D0282,KA01AB0545,logout,1781955000000,1781955120000,18.24,19.39,12,3,closed,true
T000121,1782604800000,S2,nodal,SITE2,V09,D0195,KA01AB1375,logout,1782667800000,1782667920000,29.98,29.15,12,11,closed,true
T000122,1785628800000,S2,shuttle,SITE1,V06,D0075,KA01AB0368,logout,1785691800000,1785691860000,27.59,30.56,24,13,closed,true
T000123,1784419200000,S1,nodal,SITE3,V03,D0061,KA01AB0725,login,1784428200000,1784428200000,38.06,41.58,12,4,closed,true
T000124,1782000000000,S2,nodal,SITE2,V10,D0170,KA01AB1447,logout,1782063000000,1782063000000,32.49,35.28,12,9,closed,true
T000125,1786147200000,S2,nodal,SITE4,V02,D0311,KA01AB1721,logout,1786210200000,1786210260000,27.10,29.16,12,2,closed,true
T000126,1781222400000,S2,shuttle,SITE1,V03,D0373,KA01AB1615,logout,1781285400000,1781285460000,15.56,15.06,24,8,closed,true
T000127,1782000000000,S3,cab,SITE1,V10,D0062,KA01AB0166,logout,1781998200000,1781998740000,14.03,14.78,4,3,closed,true
T000128,1786924800000,S2,cab,SITE4,V03,D0242,KA01AB1256,login,1786955400000,1786955580000,8.98,10.23,4,4,closed,true
T000129,1782086400000,S3,nodal,SITE4,V04,D0231,KA01AB1733,login,1782142200000,1782142320000,29.38,31.44,12,3,closed,true
T000130,1785628800000,S1,nodal,SITE3,V08,D0105,KA01AB1211,login,1785637800000,1785637800000,10.79,11.63,12,2,closed,true
T000131,1786233600000,S3,cab,SITE1,V07,D0098,KA01AB1851,login,1786289400000,,37.66,40.99,4,4,open,true
T000132,1787961600000,S2,cab,SITE1,V04,D0235,KA01AB0365,login,1787992200000,1787992560000,16.53,17.17,4,4,closed,true
T000133,1786233600000,S3,cab,SITE3,V10,D0298,KA01AB1554,logout,1786231800000,1786231920000,10.52,11.41,4,1,closed,true
T000134,1781740800000,S3,nodal,SITE3,V07,D0348,KA01AB1727,logout,1781739000000,1781739240000,30.23,32.49,12,11,closed,false
T000135,1787443200000,S2,cab,SITE2,V06,D0151,KA01AB1436,logout,1787506200000,1787506260000,33.84,33.18,4,4,closed,true
T000136,1787529600000,S2,shuttle,SITE4,V10,D0196,KA01AB1032,logout,1787592600000,1787592720000,13.30,13.32,24,18,closed,true
T000137,1786060800000,S3,cab,SITE4,V03,D0167,KA01AB1274,login,1786116600000,,39.43,43.11,4,2,open,true
T000138,1787702400000,S1,nodal,SITE2,V05,D0010,KA01AB0055,login,1787711400000,1787711460000,22.55,21.57,12,12,closed,true
T000139,1782432000000,S1,shuttle,SITE1,V11,D0231,KA01AB0062,logout,1782473400000,1782473640000,15.27,17.27,24,10,closed,true
T000140,1782259200000,S1,cab,SITE1,V10,D0148,KA01AB0525,logout,1782300600000,1782300780000,23.63,25.49,4,1,closed,true
T000141,1782518400000,S2,shuttle,SITE2,V06,D0161,KA01AB0700,logout,1782581400000,1782581640000,29.99,29.04,24,22,closed,true
T000142,1783814400000,S2,shuttle,SITE2,V03,D0302,KA01AB1553,login,1783845000000,1783845000000,42.79,49.02,24,6,closed,true
T000143,1783555200000,S1,shuttle,SITE4,V06,D0251,KA01AB1382,logout,1783596600000,1783596660000,20.00,21.06,24,21,closed,true
T000144,1780790400000,S3,nodal,SITE2,V12,D0072,KA01AB1371,login,1780846200000,1780846200000,41.53,46.96,12,6,closed,true
T000145,1784764800000,S1,cab,SITE1,V05,D0362,KA01AB0657,login,1784773800000,1784773860000,22.55,21.90,4,1,closed,true
T000146,1787270400000,S1,nodal,SITE3,V04,D0140,KA01AB1150,login,1787279400000,1787279520000,30.42,32.82,12,9,closed,true
T000147,1783296000000,S3,cab,SITE4,V12,D0173,KA01AB1494,login,1783351800000,1783352220000,27.24,30.33,4,2,closed,true
T000148,1786233600000,S3,shuttle,SITE3,V03,D0105,KA01AB1879,login,1786289400000,1786289460000,30.98,31.66,24,19,closed,true
T000149,1781913600000,S1,shuttle,SITE3,V11,D0023,KA01AB0940,logout,1781955000000,1781955660000,30.91,34.98,24,18,closed,true
T000150,1784160000000,S1,cab,SITE4,V05,D0377,KA01AB1589,logout,1784201400000,1784201400000,39.51,43.04,4,4,closed,true
T000151,1786406400000,S1,nodal,SITE4,V01,D0072,KA01AB0531,login,1786415400000,1786415400000,15.01,15.03,12,7,closed,true
T000152,1787788800000,S1,cab,SITE3,V10,D0147,KA01AB0050,login,1787797800000,1787797860000,36.23,36.81,4,3,closed,true
T000153,1787875200000,S3,nodal,SITE4,V09,D0078,KA01AB1147,login,1787931000000,1787931120000,23.31,22.49,12,11,closed,true
T000154,1781913600000,S1,nodal,SITE2,V12,D0244,KA01AB1567,login,1781922600000,1781922600000,15.16,16.48,12,9,closed,true
T000155,1782000000000,S2,nodal,SITE4,V11,D0042,KA01AB1852,logout,1782063000000,1782063180000,11.54,11.21,12,3,closed,true,UNEXPECTED_EXTRA_FIELD
T000156,1787702400000,S2,shuttle,SITE1,V04,D0172,KA01AB1147,logout,1787765400000,1787765460000,41.17,43.76,24,23,closed,true
T000157,1782518400000,S2,nodal,SITE2,V06,D0331,KA01AB0240,logout,1782581400000,1782583920000,24.29,25.43,12,7,closed,true
T000158,1787616000000,S2,cab,SITE2,V09,D0045,KA01AB1097,logout,1787679000000,1787679180000,26.68,27.59,4,2,closed,true
T000159,1782691200000,S1,shuttle,SITE2,V05,D0304,KA01AB0706,logout,1782732600000,1782732600000,40.36,45.90,24,12,closed,true
T000160,1786147200000,S2,cab,SITE2,V02,D0044,KA01AB1423,login,1786177800000,1786177860000,27.56,28.47,4,4,closed,true
T000161,1787788800000,S1,nodal,SITE4,V04,D0224,KA01AB0006,login,1787797800000,1787797980000,20.96,22.56,12,2,closed,true
T000162,1783036800000,S2,shuttle,SITE2,V05,D0014,KA01AB0874,logout,1783099800000,1783099920000,36.96,40.93,24,20,closed,true
T000163,1783296000000,S1,shuttle,SITE4,V02,D0067,KA01AB1224,logout,1783337400000,1783337520000,21.51,21.73,24,17,closed,true
T000164,1782691200000,S1,shuttle,SITE3,V03,D0055,KA01AB1563,login,1782700200000,1782700380000,34.77,38.55,24,2,closed,true
T000165,1781654400000,S3,nodal,SITE3,V04,D0240,KA01AB0792,logout,1781652600000,1781652600000,27.41,28.24,12,7,closed,true
T000166,1785196800000,S2,nodal,SITE1,V03,D0217,KA01AB1249,logout,1785259800000,1785259860000,35.92,39.28,12,4,closed,true
T000167,1787184000000,S1,nodal,SITE3,V05,D0374,KA01AB0552,logout,1787225400000,1787225400000,27.96,31.75,12,3,closed,true
T000168,1786924800000,S3,shuttle,SITE3,V06,D0028,KA01AB1925,login,1786980600000,1786980780000,31.88,35.59,24,9,closed,true
T000169,1781740800000,S2,shuttle,SITE4,V12,D0270,KA01AB0601,login,1781771400000,1781771640000,24.11,26.75,24,3,closed,true
T000170,1785196800000,S2,nodal,SITE3,V06,D0310,KA01AB0986,logout,1785259800000,1785260040000,36.29,35.53,12,4,closed,true
T000171,1781395200000,S2,nodal,SITE2,V09,D0272,KA01AB0741,login,1781425800000,1781425920000,17.65,19.70,12,7,closed,true
T000172,1782604800000,S3,nodal,SITE1,V06,D0387,KA01AB1516,logout,1782603000000,1782603120000,36.43,41.48,12,11,closed,true
T000173,1785888000000,S3,shuttle,SITE1,V02,D0335,KA01AB0314,logout,1785886200000,1785886440000,31.06,35.56,24,3,closed,true
T000174,1785801600000,S2,nodal,SITE4,V07,D0332,KA01AB1529,logout,1785864600000,1785864660000,19.39,21.02,12,12,closed,true
T000175,1788134400000,S3,cab,SITE1,V02,D0328,KA01AB1871,login,1788190200000,1788190200000,20.72,20.84,4,1,closed,true
T000176,1782000000000,S1,cab,SITE4,V10,D0260,KA01AB0909,login,1782009000000,1782009240000,42.04,45.06,4,4,closed,true
T000177,1782604800000,S2,nodal,SITE1,V02,D0379,KA01AB0802,logout,1782667800000,1782667860000,11.95,12.75,12,6,closed,true
T000178,1782086400000,S2,cab,SITE4,V03,D0348,KA01AB1759,logout,1782149400000,1782149400000,11.02,10.52,4,2,closed,true
T000179,1786406400000,S3,nodal,SITE3,V04,D0230,KA01AB1231,logout,1786404600000,1786404660000,16.76,16.25,12,4,closed,true
T000180,1783123200000,S2,shuttle,SITE4,V01,D0002,KA01AB1503,logout,1783186200000,1783188780000,26.43,28.41,24,17,closed,true
T000181,1783555200000,S2,shuttle,SITE2,V01,D0100,KA01AB0004,logout,1783618200000,1783618380000,14.62,14.23,24,19,closed,true
T000182,1781740800000,S3,cab,SITE4,V08,D0185,KA01AB1506,login,1781796600000,1781796660000,28.51,31.46,4,1,closed,true
T000183,1781568000000,S1,shuttle,SITE1,V05,D0279,KA01AB1546,logout,1781609400000,1781609520000,10.56,10.84,24,23,closed,true
T000184,1787011200000,S1,shuttle,SITE2,V02,D0024,KA01AB0727,logout,1787052600000,1787052720000,10.95,12.42,24,13,closed,true
T000185,1782172800000,S2,cab,SITE3,V12,D0076,KA01AB0212,logout,1782235800000,1782235860000,25.89,26.64,4,2,closed,true
T000186,1782864000000,S1,nodal,SITE3,V09,D0187,KA01AB0939,login,1782873000000,1782873060000,13.53,15.09,12,8,closed,true
T000187,1786752000000,S3,shuttle,SITE1,V08,D0120,KA01AB1386,logout,1786750200000,1786752240000,26.02,27.22,24,2,closed,true
T000188,1781222400000,S2,nodal,SITE3,V04,D0299,KA01AB0622,login,1781253000000,1781253240000,11.21,12.49,12,11,closed,true
T000189,1785801600000,S1,nodal,SITE1,V12,D0111,KA01AB0004,logout,1785843000000,,29.06,28.30,12,1,open,true
T000190,1786147200000,S2,shuttle,SITE2,V11,D0210,KA01AB0967,logout,1786210200000,1786210320000,10.29,10.63,24,1,closed,true
T000191,1786320000000,S2,shuttle,SITE1,V07,D0069,KA01AB0888,logout,1786383000000,1786383180000,21.06,23.69,24,5,closed,false
T000192,1787961600000,S3,shuttle,SITE1,V06,D0169,KA01AB0851,login,1788017400000,1788017580000,22.95,24.01,24,22,closed,true
T000193,1782518400000,S3,shuttle,SITE4,V01,D0139,KA01AB1664,login,1782574200000,1782574320000,13.52,13.49,24,7,closed,true
T000194,1787356800000,S3,nodal,SITE4,V09,D0079,KA01AB0239,logout,1787355000000,1787357580000,23.54,26.86,12,8,closed,true
T000195,1784764800000,S2,shuttle,SITE2,V03,D0301,KA01AB1663,login,1784795400000,1784795400000,18.17,20.78,24,18,closed,true
T000196,1782432000000,S2,cab,SITE1,V11,D0143,KA01AB0570,logout,1782495000000,1782495180000,18.11,17.57,4,3,closed,true
T000197,1786924800000,S3,cab,SITE2,V12,D0087,KA01AB1877,login,1786980600000,1786982040000,24.60,23.49,4,3,closed,true,UNEXPECTED_EXTRA_FIELD
T000198,1783728000000,S1,nodal,SITE4,V02,D0197,KA01AB0023,login,1783737000000,1783737000000,36.94,41.98,12,6,closed,true
T000199,1784764800000,S2,shuttle,SITE3,V06,D0390,KA01AB0220,login,1784795400000,1784795640000,28.81,32.72,24,19,closed,true
T000200,1788393600000,S1,nodal,SITE2,V08,D0031,KA01AB0733,logout,1788435000000,1788435240000,36.33,39.28,12,10,closed,true
T000201,1781222400000,S3,shuttle,SITE4,V02,D0181,KA01AB0106,logout,1781220600000,1781220780000,36.20,37.27,24,6,closed,true
T000202,1787184000000,S1,shuttle,SITE2,V08,D0363,KA01AB0965,logout,1787225400000,1787225400000,12.66,14.14,24,19,closed,true
T000203,1786406400000,S3,cab,SITE2,V10,D0205,KA01AB1812,login,1786462200000,1786462260000,17.06,18.16,4,1,closed,true
T000204,1783209600000,S3,nodal,SITE3,V03,D0384,KA01AB0296,logout,1783207800000,1783207800000,20.46,20.36,12,8,closed,true
T000205,1785369600000,S1,nodal,SITE4,V03,D0309,KA01AB0207,login,1785378600000,1785378660000,38.37,40.82,12,12,closed,true
T000206,1781395200000,S1,cab,SITE2,V05,D0131,KA01AB1960,logout,1781436600000,1781436840000,15.20,17.22,4,4,closed,true
T000207,1787788800000,S3,cab,SITE4,V06,D0048,KA01AB1444,logout,1787787000000,1787787120000,40.96,46.33,4,3,closed,true
T000208,1786406400000,S1,cab,SITE4,V02,D0196,KA01AB0218,login,1786415400000,1786415520000,37.37,42.09,4,1,closed,true
T000209,1787616000000,S2,nodal,SITE2,V12,D0151,KA01AB1837,logout,1787679000000,1787679120000,24.52,27.70,12,3,closed,true
T000210,1785888000000,S3,nodal,SITE4,V01,D0161,KA01AB1590,login,1785943800000,1785944040000,42.62,43.79,12,9,closed,true
T000211,1782691200000,S1,cab,SITE4,V04,D0000,KA01AB1680,login,1782700200000,1782700260000,23.66,24.93,4,3,closed,true
T000212,1785888000000,S3,cab,SITE2,V02,D0014,KA01AB1736,logout,1785886200000,1785886440000,24.08,23.19,4,1,closed,true
T000213,1785110400000,S1,shuttle,SITE2,V02,D0228,KA01AB0130,login,1785119400000,1785119400000,30.95,30.57,24,20,closed,true
T000214,1784419200000,S2,cab,SITE2,V11,D0104,KA01AB1762,logout,1784482200000,1784482200000,17.92,18.70,4,1,closed,true
T000215,1787097600000,S3,nodal,SITE2,V03,D0259,KA01AB0021,login,1787153400000,1787153400000,39.97,44.06,12,2,closed,true
T000216,1786492800000,S3,shuttle,SITE1,V02,D0213,KA01AB1701,logout,1786491000000,1786491120000,40.48,43.46,24,19,closed,true
T000217,1783641600000,S3,shuttle,SITE2,V01,D0334,KA01AB0164,login,1783697400000,1783699440000,8.85,8.83,24,2,closed,true
T000218,1788134400000,S1,nodal,SITE2,V05,D0320,KA01AB0614,logout,1788175800000,,18.19,19.89,12,8,open,true
T000219,1786665600000,S2,shuttle,SITE3,V10,D0151,KA01AB0620,login,1786696200000,1786696380000,25.27,26.02,24,4,closed,true
T000220,1788048000000,S2,shuttle,SITE3,V12,D0131,KA01AB0664,logout,1788111000000,1788111060000,9.21,9.18,24,2,closed,true
T000221,1781481600000,S1,nodal,SITE3,V02,D0281,KA01AB0865,login,1781490600000,1781490780000,33.44,35.86,12,10,closed,true
T000222,1786838400000,S3,shuttle,SITE3,V07,D0197,KA01AB0446,logout,1786836600000,1786836720000,21.61,24.05,24,17,closed,false
T000223,1788307200000,S3,nodal,SITE1,V10,D0262,KA01AB0562,login,1788363000000,1788363180000,20.26,22.12,12,2,closed,true
T000224,1787097600000,S3,nodal,SITE4,V12,D0376,KA01AB0632,logout,1787095800000,1787095980000,37.37,36.45,12,1,closed,true
T000225,1783209600000,S3,nodal,SITE4,V11,D0286,KA01AB1556,logout,1783207800000,1783208040000,34.74,36.75,12,12,closed,false
T000226,1780876800000,S3,nodal,SITE4,V06,D0238,KA01AB0586,login,1780932600000,1780932720000,37.39,39.70,12,6,closed,true
T000227,1781308800000,S3,cab,SITE2,V08,D0225,KA01AB1288,logout,1781307000000,1781308320000,9.58,9.27,4,3,closed,true
T000228,1788307200000,S1,shuttle,SITE3,V06,D0140,KA01AB1737,login,1788316200000,1788316320000,9.35,10.07,24,1,closed,true
T000229,1782000000000,S2,nodal,SITE1,V07,D0007,KA01AB1177,login,1782030600000,1782030660000,29.03,31.61,12,7,closed,true
T000230,1783728000000,S2,shuttle,SITE2,V10,D0233,KA01AB1618,login,1783758600000,1783758600000,41.91,47.28,24,22,closed,true
T000231,1782604800000,S1,shuttle,SITE4,V11,D0146,KA01AB0756,logout,1782646200000,1782646200000,37.65,35.98,24,4,closed,true
T000232,1787184000000,S2,cab,SITE4,V09,D0176,KA01AB0364,login,1787214600000,1787214840000,26.79,30.62,4,2,closed,true
T000233,1785283200000,S3,cab,SITE3,V11,D0392,KA01AB1871,logout,1785281400000,1785282120000,29.51,32.92,4,3,closed,true
T000234,1780963200000,S3,shuttle,SITE4,V11,D0370,KA01AB0268,login,1781019000000,1781019120000,24.56,25.11,24,11,closed,true
T000235,1785801600000,S3,cab,SITE2,V09,D0205,KA01AB1254,login,1785857400000,1785857580000,33.68,33.10,4,3,closed,true
T000236,1782432000000,S1,shuttle,SITE3,V09,D0227,KA01AB0409,login,1782441000000,1782441000000,29.58,32.33,24,1,closed,true
T000237,1787702400000,S2,nodal,SITE2,V05,D0155,KA01AB0821,login,1787733000000,1787733060000,39.85,40.29,12,2,closed,true
T000238,1783036800000,S1,cab,SITE4,V06,D0195,KA01AB0418,logout,1783078200000,1783078200000,29.89,33.21,4,3,closed,true
T000239,1786147200000,S2,nodal,SITE4,V07,D0038,KA01AB0313,login,1786177800000,1786179540000,38.11,36.82,12,8,closed,true
T000240,1787529600000,S2,shuttle,SITE2,V11,D0149,KA01AB1385,logout,1787592600000,1787592600000,23.04,22.70,24,22,closed,true
T000241,1787875200000,S2,cab,SITE2,V09,D0259,KA01AB0261,logout,1787938200000,1787938320000,20.91,23.61,4,3,closed,true
T000242,1781827200000,S2,nodal,SITE4,V07,D0201,KA01AB0043,logout,1781890200000,1781890620000,8.10,8.76,12,8,closed,true
T000243,1781136000000,S3,nodal,SITE3,V10,D0221,KA01AB1023,logout,1781134200000,1781135580000,29.99,34.48,12,10,closed,true
T000244,1782604800000,S1,shuttle,SITE2,V12,D0090,KA01AB0590,logout,1782646200000,1782647700000,37.96,41.18,24,10,closed,true
T000245,1785283200000,S1,shuttle,SITE3,V04,D0096,KA01AB1683,logout,1785324600000,1785324660000,32.04,35.24,24,24,closed,true
T000246,1782777600000,S1,shuttle,SITE4,V02,D0320,KA01AB0170,login,1782786600000,1782786660000,14.29,15.47,24,1,closed,true
T000247,1786320000000,S2,shuttle,SITE2,V12,D0189,KA01AB1196,login,1786350600000,1786350660000,36.77,42.28,24,17,closed,true
T000248,1784937600000,S2,cab,SITE1,V11,D0327,KA01AB1810,login,1784968200000,1784968260000,13.25,13.95,4,3,closed,true
T000249,1782000000000,S2,nodal,SITE4,V04,D0279,KA01AB1635,login,1782030600000,1782030660000,23.62,27.07,12,3,closed,true
T000250,1784937600000,S2,nodal,SITE4,V02,D0094,KA01AB0861,logout,1785000600000,1785000660000,34.91,39.76,12,11,closed,true
T000251,1788480000000,S2,nodal,SITE2,V04,D0388,KA01AB1827,login,1788510600000,1788510780000,24.53,25.11,12,3,closed,true
T000252,1785110400000,S2,nodal,SITE2,V10,D0385,KA01AB0598,logout,1785173400000,1785174240000,42.90,42.51,12,5,closed,true
T000253,1784505600000,S2,nodal,SITE3,V11,D0361,KA01AB0414,login,1784536200000,1784536440000,15.23,14.57,12,1,closed,true,UNEXPECTED_EXTRA_FIELD
T000254,1787616000000,S1,cab,SITE1,V06,D0206,KA01AB0502,login,1787625000000,1787625180000,41.46,40.51,4,2,closed,true
T000255,1787875200000,S3,cab,SITE3,V02,D0015,KA01AB0778,logout,1787873400000,,17.22,19.28,4,2,open,true
T000256,1782777600000,S1,shuttle,SITE2,V05,D0225,KA01AB0987,logout,1782819000000,1782821520000,31.31,32.42,24,6,closed,true
T000257,1787875200000,S1,cab,SITE4,V12,D0153,KA01AB0926,login,1787884200000,1787884320000,37.09,37.50,4,1,closed,true
T000258,1781913600000,S3,nodal,SITE1,V01,D0167,KA01AB1734,logout,1781911800000,1781913900000,11.95,13.55,12,8,closed,true
T000259,1783814400000,S1,shuttle,SITE3,V12,D0111,KA01AB0701,logout,1783855800000,1783855860000,35.75,38.36,24,19,closed,true
T000260,1785283200000,S3,shuttle,SITE2,V04,D0371,KA01AB0418,login,1785339000000,1785339120000,30.89,31.99,24,12,closed,true
T000261,1780963200000,S2,cab,SITE4,V02,D0058,KA01AB1208,logout,1781026200000,1781026320000,42.71,45.20,4,3,closed,true
T000262,1783814400000,S1,nodal,SITE3,V09,D0204,KA01AB0341,login,1783823400000,1783823640000,8.80,8.51,12,2,closed,true
T000263,1783900800000,S3,shuttle,SITE2,V02,D0295,KA01AB1507,logout,1783899000000,1783899060000,25.64,29.08,24,9,closed,true
T000264,1785542400000,S2,shuttle,SITE3,V03,D0030,KA01AB1959,login,1785573000000,1785573060000,9.30,10.10,24,10,closed,true
T000265,1781827200000,S2,shuttle,SITE4,V07,D0148,KA01AB0522,login,1781857800000,1781857800000,18.27,20.97,24,24,closed,true
T000266,1782259200000,S1,shuttle,SITE3,V04,D0334,KA01AB1515,login,1782268200000,1782268320000,8.28,8.15,24,23,closed,true
T000267,1782000000000,S3,nodal,SITE1,V05,D0284,KA01AB0877,logout,1781998200000,1781998380000,37.74,38.30,12,12,closed,true
T000268,1783468800000,S2,nodal,SITE1,V11,D0181,KA01AB1898,logout,1783531800000,1783531860000,19.87,22.09,12,12,closed,true
T000269,1787875200000,S1,nodal,SITE4,V04,D0184,KA01AB1173,logout,1787916600000,1787916780000,17.33,19.81,12,3,closed,true
T000270,1784332800000,S2,shuttle,SITE3,V02,D0055,KA01AB1364,login,1784363400000,1784364720000,8.86,8.46,24,4,closed,true
T000271,1786838400000,S3,shuttle,SITE3,V01,D0104,KA01AB0874,login,1786894200000,1786894260000,8.12,8.75,24,7,closed,true
T000272,1788220800000,S1,shuttle,SITE4,V02,D0025,KA01AB1976,logout,1788262200000,1788264300000,27.23,30.42,24,22,closed,true
T000273,1783728000000,S3,nodal,SITE1,V06,D0333,KA01AB1120,login,1783783800000,1783783920000,32.08,31.97,12,7,closed,true
T000274,1785196800000,S2,cab,SITE2,V11,D0303,KA01AB0468,logout,1785259800000,1785259860000,10.61,11.81,4,3,closed,true,UNEXPECTED_EXTRA_FIELD
T000275,1784937600000,S2,nodal,SITE3,V09,D0012,KA01AB1056,login,1784968200000,1784968200000,18.19,20.00,12,9,closed,true
T000276,1781481600000,S1,nodal,SITE3,V10,D0394,KA01AB1451,login,1781490600000,1781490600000,15.95,15.75,12,1,closed,true
T000277,1786320000000,S2,cab,SITE3,V03,D0298,KA01AB0078,login,1786350600000,1786350660000,9.61,10.32,4,4,closed,true
T000278,1783987200000,S3,nodal,SITE1,V06,D0093,KA01AB0005,logout,1783985400000,1783985640000,18.31,17.75,12,11,closed,true
T000279,1780963200000,S3,cab,SITE3,V02,D0299,KA01AB1953,login,1781019000000,1781019180000,40.41,43.59,4,3,closed,true
T000280,1782432000000,S2,cab,SITE2,V06,D0344,KA01AB1922,login,1782462600000,1782465240000,12.78,13.57,4,2,closed,true
T000281,1786406400000,S2,shuttle,SITE3,V02,D0106,KA01AB1683,logout,1786469400000,1786470660000,21.69,21.39,24,21,closed,true
T000282,1788480000000,S2,cab,SITE3,V08,D0141,KA01AB0472,logout,1788543000000,1788543120000,24.09,24.94,4,4,closed,true
T000283,1787702400000,S1,nodal,SITE2,V07,D0319,KA01AB0985,login,1787711400000,1787711580000,12.60,13.89,12,3,closed,true
T000284,1782000000000,S3,cab,SITE3,V03,D0359,KA01AB1297,login,1782055800000,1782055860000,8.81,9.28,4,3,closed,true
T000285,1783987200000,S2,shuttle,SITE4,V11,D0353,KA01AB0354,login,1784017800000,1784018820000,15.92,15.68,24,5,closed,true
T000286,1785542400000,S2,cab,SITE2,V08,D0228,KA01AB1937,login,1785573000000,1785573240000,16.00,17.20,4,1,closed,true
T000287,1785283200000,S3,shuttle,SITE2,V06,D0225,KA01AB1674,logout,1785281400000,1785281580000,13.48,14.55,24,22,closed,true
T000288,1788480000000,S3,shuttle,SITE4,V11,D0158,KA01AB0168,logout,1788478200000,1788478200000,21.33,21.68,24,11,closed,true
T000289,1783468800000,S2,nodal,SITE4,V10,D0377,KA01AB0629,login,1783499400000,1783499580000,34.84,33.63,12,3,closed,true
T000290,1781136000000,S2,nodal,SITE1,V11,D0363,KA01AB1496,login,1781166600000,1781166720000,8.47,8.71,12,9,closed,true
T000291,1787961600000,S3,nodal,SITE2,V11,D0072,KA01AB1115,logout,1787959800000,1787960700000,14.87,15.75,12,6,closed,true
T000292,1788220800000,S1,shuttle,SITE2,V10,D0030,KA01AB1429,login,1788229800000,1788229800000,12.45,14.22,24,18,closed,true
T000293,1785369600000,S2,nodal,SITE1,V05,D0156,KA01AB0798,logout,1785432600000,1785432720000,19.21,21.45,12,1,closed,true
T000294,1781740800000,S2,nodal,SITE2,V12,D0201,KA01AB0544,logout,1781803800000,1781803800000,30.89,29.67,12,12,closed,true
T000295,1781740800000,S1,nodal,SITE1,V09,D0361,KA01AB1402,logout,1781782200000,1781782200000,24.57,23.54,12,3,closed,true
T000296,1788307200000,S2,cab,SITE1,V05,D0134,KA01AB0319,login,1788337800000,1788337980000,38.58,42.85,4,2,closed,true
T000297,1787702400000,S3,nodal,SITE1,V07,D0348,KA01AB0653,login,1787758200000,1787758440000,8.04,8.95,12,4,closed,true
T000298,1783814400000,S3,nodal,SITE1,V09,D0164,KA01AB1600,login,1783870200000,1783870260000,18.86,17.98,12,4,closed,true
T000299,1781481600000,S3,shuttle,SITE1,V08,D0253,KA01AB1577,logout,1781479800000,1781479860000,22.32,25.26,24,1,closed,true
T000300,1788480000000,S3,nodal,SITE1,V07,D0181,KA01AB1771,logout,1788478200000,,33.92,36.59,12,5,open,false
T000301,1786320000000,S1,shuttle,SITE3,V07,D0245,KA01AB0203,login,1786329000000,1786329120000,31.05,33.50,24,15,closed,true
T000302,1785628800000,S3,cab,SITE4,V12,D0262,KA01AB0451,login,1785684600000,1785684780000,18.93,19.32,4,1,closed,true
T000303,1786665600000,S1,nodal,SITE3,V10,D0226,KA01AB1898,logout,1786707000000,1786707060000,22.54,24.48,12,11,closed,true
T000304,1784160000000,S3,cab,SITE3,V04,D0386,KA01AB1199,logout,1784158200000,1784158440000,12.24,12.41,4,4,closed,true
T000305,1787097600000,S3,nodal,SITE1,V08,D0213,KA01AB0277,logout,1787095800000,1787095920000,27.20,27.86,12,3,closed,true
T000306,1782000000000,S2,shuttle,SITE3,V10,D0335,KA01AB0029,logout,1782063000000,1782063000000,19.09,20.95,24,16,closed,true
T000307,1780963200000,S3,nodal,SITE3,V09,D0111,KA01AB1294,login,1781019000000,1781019240000,24.13,27.34,12,7,closed,true
T000308,1782432000000,S2,nodal,SITE2,V12,D0139,KA01AB1889,login,1782462600000,1782462780000,21.42,20.89,12,6,closed,true
T000309,1785196800000,S3,shuttle,SITE2,V03,D0050,KA01AB0832,logout,1785195000000,1785195000000,16.12,17.43,24,21,closed,true
T000310,1788220800000,S3,nodal,SITE2,V02,D0177,KA01AB1262,logout,1788219000000,1788219900000,34.29,37.51,12,2,closed,true
T000311,1783036800000,S1,nodal,SITE3,V01,D0039,KA01AB0261,logout,1783078200000,1783078200000,39.78,38.62,12,12,closed,true
T000312,1784505600000,S2,shuttle,SITE2,V06,D0194,KA01AB1411,login,1784536200000,1784538780000,21.28,23.90,24,20,closed,true
T000313,1783209600000,S2,nodal,SITE4,V12,D0060,KA01AB1004,login,1783240200000,1783241280000,34.30,38.28,12,12,closed,true
T000314,1781568000000,S1,nodal,SITE1,V01,D0205,KA01AB1010,logout,1781609400000,1781609520000,34.33,37.47,12,9,closed,true
T000315,1781481600000,S2,nodal,SITE1,V05,D0373,KA01AB0105,login,1781512200000,1781514660000,28.24,27.44,12,10,closed,true
T000316,1783296000000,S1,cab,SITE3,V05,D0349,KA01AB0661,login,1783305000000,1783305240000,22.48,25.71,4,2,closed,true
T000317,1780876800000,S1,nodal,SITE2,V03,D0292,KA01AB0275,logout,1780918200000,1780918320000,17.60,18.42,12,12,closed,true
T000318,1784419200000,S1,shuttle,SITE3,V01,D0071,KA01AB1222,login,1784428200000,1784428200000,9.90,10.67,24,13,closed,true
T000319,1784678400000,S3,shuttle,SITE4,V10,D0181,KA01AB1094,logout,1784676600000,1784676840000,29.71,29.10,24,6,closed,true
T000320,1786579200000,S2,cab,SITE3,V05,D0069,KA01AB0479,logout,1786642200000,1786642320000,18.65,21.39,4,4,closed,false,UNEXPECTED_EXTRA_FIELD
T000321,1784592000000,S3,nodal,SITE2,V11,D0200,KA01AB0369,logout,1784590200000,1784590380000,37.03,38.14,12,11,closed,true
T000322,1786924800000,S2,nodal,SITE1,V10,D0076,KA01AB0995,logout,1786987800000,1786987920000,34.27,34.38,12,7,closed,true
T000323,1783814400000,S2,nodal,SITE4,V07,D0145,KA01AB0463,login,1783845000000,1783845120000,40.46,42.32,12,10,closed,true
T000324,1785024000000,S1,nodal,SITE1,V05,D0170,KA01AB1677,logout,1785065400000,1785067200000,18.15,19.73,12,8,closed,true
T000325,1781568000000,S1,nodal,SITE1,V05,D0327,KA01AB0512,logout,1781609400000,1781611260000,38.56,39.72,12,8,closed,true
T000326,1781827200000,S1,shuttle,SITE1,V01,D0234,KA01AB0495,login,1781836200000,1781836380000,31.85,31.05,24,23,closed,true
T000327,1786665600000,S2,nodal,SITE4,V05,D0221,KA01AB1267,logout,1786728600000,1786729800000,24.90,25.47,12,12,closed,true
T000328,1784332800000,S2,nodal,SITE1,V08,D0366,KA01AB1958,logout,1784395800000,1784396040000,23.79,23.18,12,2,closed,true
T000329,1781913600000,S3,shuttle,SITE2,V12,D0268,KA01AB0424,login,1781969400000,,42.63,43.65,24,19,open,true
T000330,1785196800000,S3,shuttle,SITE3,V03,D0254,KA01AB0340,logout,1785195000000,1785195120000,41.08,46.82,24,24,closed,true
T000331,1781308800000,S2,cab,SITE4,V07,D0242,KA01AB1276,login,1781339400000,1781339520000,30.04,34.31,4,2,closed,true
T000332,1782864000000,S2,nodal,SITE4,V11,D0127,KA01AB1072,logout,1782927000000,1782927000000,28.28,31.95,12,10,closed,true
T000333,1784419200000,S1,shuttle,SITE1,V03,D0268,KA01AB1256,logout,1784460600000,1784460840000,31.90,35.19,24,22,closed,true
T000334,1786147200000,S1,cab,SITE1,V08,D0367,KA01AB1447,login,1786156200000,1786156200000,36.32,35.63,4,3,closed,true
T000335,1788307200000,S1,nodal,SITE2,V09,D0121,KA01AB1138,logout,1788348600000,1788348780000,23.40,23.75,12,5,closed,true
T000336,1786406400000,S3,shuttle,SITE2,V12,D0018,KA01AB0117,login,1786462200000,1786462440000,31.80,31.48,24,4,closed,true
T000337,1786147200000,S3,nodal,SITE2,V11,D0239,KA01AB0528,login,1786203000000,1786203060000,38.17,41.17,12,11,closed,true
T000338,1786406400000,S3,shuttle,SITE1,V05,D0235,KA01AB0197,login,1786462200000,1786462320000,36.91,36.28,24,3,closed,true
T000339,1787270400000,S2,shuttle,SITE1,V05,D0018,KA01AB1436,login,1787301000000,1787301180000,20.64,22.18,24,3,closed,true
T000340,1782345600000,S2,shuttle,SITE3,V10,D0185,KA01AB0296,login,1782376200000,1782376380000,20.95,21.57,24,11,closed,true
T000341,1782000000000,S1,shuttle,SITE4,V12,D0184,KA01AB0229,logout,1782041400000,1782041400000,21.50,23.22,24,5,closed,true
T000342,1781654400000,S1,shuttle,SITE3,V04,D0050,KA01AB0046,login,1781663400000,1781663400000,30.20,32.11,24,3,closed,true
T000343,1787961600000,S1,cab,SITE3,V06,D0221,KA01AB1665,login,1787970600000,1787970600000,31.47,34.66,4,1,closed,true
T000344,1783814400000,S3,cab,SITE1,V06,D0175,KA01AB0303,login,1783870200000,1783870440000,19.45,21.42,4,1,closed,true
T000345,1788220800000,S1,shuttle,SITE3,V10,D0343,KA01AB1282,login,1788229800000,1788231660000,15.35,15.08,24,3,closed,true
T000346,1781568000000,S1,nodal,SITE1,V03,D0300,KA01AB1549,login,1781577000000,1781577060000,9.51,9.87,12,3,closed,true
T000347,1782864000000,S3,nodal,SITE1,V06,D0077,KA01AB0249,login,1782919800000,1782919980000,40.54,46.46,12,1,closed,true
T000348,1785110400000,S2,nodal,SITE3,V03,D0033,KA01AB0398,logout,1785173400000,1785173580000,14.45,16.27,12,4,closed,true
T000349,1784937600000,S1,shuttle,SITE1,V02,D0324,KA01AB1440,login,1784946600000,1784946720000,17.36,17.87,24,9,closed,true
T000350,1781913600000,S1,nodal,SITE2,V01,D0226,KA01AB0470,logout,1781955000000,1781955120000,38.10,43.06,12,10,closed,true
T000351,1783036800000,S1,cab,SITE4,V04,D0221,KA01AB1694,logout,1783078200000,1783078320000,25.78,25.51,4,3,closed,true
T000352,1783900800000,S1,nodal,SITE1,V11,D0255,KA01AB0364,login,1783909800000,1783909920000,10.44,10.90,12,4,closed,true
T000353,1788307200000,S3,shuttle,SITE3,V02,D0326,KA01AB0787,logout,1788305400000,1788305520000,29.96,30.85,24,7,closed,true
T000354,1782345600000,S1,shuttle,SITE2,V06,D0191,KA01AB1222,logout,1782387000000,1782389520000,30.05,31.20,24,21,closed,true
T000355,1781913600000,S3,nodal,SITE2,V06,D0124,KA01AB0242,login,1781969400000,1781969640000,20.93,21.13,12,12,closed,true
T000356,1784937600000,S2,shuttle,SITE3,V10,D0311,KA01AB0832,logout,1785000600000,1785000840000,22.92,23.63,24,23,closed,true
T000357,1783987200000,S3,cab,SITE1,V01,D0241,KA01AB1274,logout,1783985400000,1783985400000,13.05,14.47,4,4,closed,true
T000358,1782777600000,S1,nodal,SITE4,V02,D0046,KA01AB1687,login,1782786600000,1782786780000,39.66,40.05,12,2,closed,true
T000359,1783123200000,S2,shuttle,SITE3,V01,D0266,KA01AB0094,logout,1783186200000,1783187880000,27.32,28.05,24,8,closed,true
T000360,1783814400000,S1,shuttle,SITE2,V03,D0084,KA01AB0247,logout,1783855800000,1783855920000,27.76,30.57,24,16,closed,true
T000361,1785369600000,S1,shuttle,SITE4,V08,D0117,KA01AB1851,login,1785378600000,1785378600000,33.63,35.97,24,12,closed,true
T000362,1785283200000,S2,shuttle,SITE4,V08,D0128,KA01AB1951,login,1785313800000,1785313920000,23.25,24.64,24,21,closed,true
T000363,1784160000000,S2,nodal,SITE3,V03,D0114,KA01AB1206,login,1784190600000,1784190840000,16.98,16.59,12,10,closed,true
T000364,1788220800000,S3,shuttle,SITE4,V02,D0051,KA01AB1788,logout,1788219000000,1788219000000,38.57,44.12,24,10,closed,true
T000365,1780876800000,S2,nodal,SITE3,V03,D0214,KA01AB1384,logout,1780939800000,1780939800000,38.04,37.38,12,6,closed,true
T000366,1785369600000,S2,nodal,SITE2,V07,D0398,KA01AB1149,login,1785400200000,1785400260000,36.82,39.13,12,9,closed,true
T000367,1785888000000,S1,cab,SITE4,V12,D0055,KA01AB1499,login,1785897000000,1785897120000,13.98,15.39,4,2,closed,true
T000368,1783728000000,S1,cab,SITE1,V02,D0225,KA01AB0211,logout,1783769400000,1783769400000,18.91,21.30,4,4,closed,true
T000369,1783123200000,S2,nodal,SITE3,V06,D0337,KA01AB1986,logout,1783186200000,1783186200000,34.46,34.10,12,4,closed,false
T000370,1785283200000,S1,shuttle,SITE3,V12,D0184,KA01AB0374,logout,1785324600000,1785324600000,31.47,31.10,24,24,closed,true
T000371,1784332800000,S1,shuttle,SITE3,V07,D0166,KA01AB1428,login,1784341800000,1784341980000,36.76,39.41,24,24,closed,true
T000372,1785715200000,S1,cab,SITE1,V12,D0360,KA01AB1490,logout,1785756600000,1785757200000,16.36,18.71,4,1,closed,true
T000373,1786060800000,S1,shuttle,SITE4,V10,D0181,KA01AB1503,login,1786069800000,1786069980000,35.34,33.99,24,21,closed,true
T000374,1788393600000,S2,shuttle,SITE3,V03,D0138,KA01AB1480,logout,1788456600000,1788456720000,37.32,38.56,24,20,closed,true
T000375,1788220800000,S2,cab,SITE2,V12,D0222,KA01AB1299,login,1788251400000,1788251460000,33.87,34.65,4,4,closed,true
T000376,1781654400000,S1,cab,SITE2,V04,D0195,KA01AB0061,login,1781663400000,,27.39,27.60,4,3,open,true
T000377,1786579200000,S2,nodal,SITE4,V06,D0250,KA01AB1585,login,1786609800000,1786609980000,11.22,11.17,12,8,closed,true
T000378,1783209600000,S2,nodal,SITE2,V10,D0326,KA01AB1174,logout,1783272600000,1783272840000,38.54,40.14,12,6,closed,true
T000379,1785715200000,S1,shuttle,SITE1,V09,D0111,KA01AB1877,login,1785724200000,1785724380000,16.22,16.61,24,5,closed,true
T000380,1784332800000,S1,cab,SITE4,V08,D0230,KA01AB1578,logout,1784374200000,1784374440000,22.21,25.41,4,3,closed,true
T000381,1787443200000,S1,nodal,SITE2,V01,D0378,KA01AB1899,logout,1787484600000,1787484600000,10.58,12.02,12,5,closed,true
T000382,1781568000000,S1,nodal,SITE1,V05,D0280,KA01AB1397,logout,1781609400000,1781609640000,36.17,38.77,12,1,closed,true
T000383,1786838400000,S3,shuttle,SITE1,V09,D0118,KA01AB1501,login,1786894200000,1786894200000,42.09,46.99,24,14,closed,true
T000384,1783555200000,S1,shuttle,SITE3,V02,D0269,KA01AB0067,logout,1783596600000,1783597740000,41.68,45.76,24,7,closed,true
T000385,1783123200000,S3,cab,SITE1,V07,D0249,KA01AB0113,logout,1783121400000,1783121460000,38.55,43.15,4,3,closed,true
T000386,1787184000000,S1,shuttle,SITE1,V06,D0178,KA01AB0911,login,1787193000000,1787193240000,9.42,10.29,24,5,closed,true
T000387,1788134400000,S3,shuttle,SITE3,V11,D0024,KA01AB1925,logout,1788132600000,1788132720000,16.35,16.24,24,7,closed,true
T000388,1780876800000,S3,nodal,SITE2,V09,D0245,KA01AB1090,logout,1780875000000,1780875060000,35.53,35.55,12,5,closed,true
T000389,1787097600000,S2,cab,SITE1,V04,D0169,KA01AB0058,logout,1787160600000,1787160660000,28.19,29.51,4,3,closed,true
T000390,1783123200000,S1,cab,SITE3,V02,D0307,KA01AB1722,login,1783132200000,1783132320000,10.21,11.71,4,4,closed,true
T000391,1780790400000,S2,shuttle,SITE2,V05,D0238,KA01AB1088,logout,1780853400000,1780853520000,23.02,26.13,24,10,closed,true
T000392,1785283200000,S2,shuttle,SITE3,V03,D0321,KA01AB1560,logout,1785346200000,1785346320000,28.15,28.03,24,11,closed,true
T000393,1784937600000,S3,nodal,SITE2,V04,D0219,KA01AB1682,logout,1784935800000,1784935920000,8.54,8.95,12,11,closed,false
T000394,1784505600000,S1,nodal,SITE3,V09,D0390,KA01AB1708,login,1784514600000,1784515620000,14.37,14.30,12,8,closed,true
T000395,1786492800000,S1,cab,SITE4,V12,D0056,KA01AB1625,logout,1786534200000,1786535340000,24.63,24.95,4,4,closed,true
T000396,1787184000000,S1,shuttle,SITE2,V05,D0035,KA01AB0454,logout,1787225400000,1787225400000,15.17,14.98,24,16,closed,true
T000397,1786838400000,S3,nodal,SITE3,V12,D0147,KA01AB0708,logout,1786836600000,1786836840000,30.23,28.80,12,7,closed,true
T000398,1785801600000,S2,shuttle,SITE4,V04,D0359,KA01AB1101,logout,1785864600000,1785864660000,25.24,25.55,24,6,closed,true
T000399,1787616000000,S3,cab,SITE2,V11,D0125,KA01AB0789,login,1787671800000,1787671980000,39.37,42.48,4,2,closed,true
T000400,1785456000000,S2,cab,SITE4,V08,D0196,KA01AB0001,login,1785486600000,1785486720000,16.99,17.96,4,1,closed,true
T000401,1785110400000,S1,nodal,SITE1,V08,D0236,KA01AB1817,login,1785119400000,1785119520000,25.23,25.18,12,3,closed,true
T000402,1786492800000,S3,nodal,SITE3,V04,D0395,KA01AB0507,login,1786548600000,1786549980000,36.06,39.17,12,5,closed,true
T000403,1786406400000,S1,nodal,SITE1,V11,D0162,KA01AB1500,login,1786415400000,1786415640000,23.30,26.27,12,3,closed,true
T000404,1783382400000,S2,nodal,SITE1,V06,D0340,KA01AB0248,login,1783413000000,1783413000000,25.18,26.38,12,12,closed,true
T000405,1786320000000,S1,shuttle,SITE3,V03,D0375,KA01AB1658,login,1786329000000,1786329180000,38.93,39.86,24,11,closed,true
T000406,1788048000000,S2,shuttle,SITE2,V07,D0199,KA01AB1991,logout,1788111000000,1788111900000,40.09,43.44,24,12,closed,true
T000407,1783468800000,S2,cab,SITE2,V12,D0166,KA01AB1999,logout,1783531800000,1783531920000,41.17,43.90,4,4,closed,true
T000408,1784764800000,S3,shuttle,SITE3,V06,D0058,KA01AB0927,login,1784820600000,1784820720000,42.70,48.16,24,8,closed,true
T000409,1788480000000,S1,nodal,SITE1,V01,D0266,KA01AB1944,logout,1788521400000,1788521640000,40.31,39.85,12,9,closed,true
T000410,1783296000000,S1,nodal,SITE2,V11,D0332,KA01AB1163,login,1783305000000,1783305240000,9.39,10.67,12,8,closed,true
T000411,1781568000000,S1,shuttle,SITE3,V04,D0156,KA01AB0640,logout,1781609400000,1781609580000,34.64,39.71,24,2,closed,true
T000412,1784073600000,S3,cab,SITE4,V10,D0013,KA01AB1094,login,1784129400000,1784129520000,31.72,34.29,4,4,closed,true
T000413,1786147200000,S2,cab,SITE4,V09,D0377,KA01AB0258,login,1786177800000,1786177920000,21.57,22.10,4,3,closed,true
T000414,1783728000000,S3,shuttle,SITE3,V07,D0164,KA01AB1887,logout,1783726200000,1783726260000,32.74,32.75,24,22,closed,false
T000415,1783900800000,S2,cab,SITE3,V03,D0063,KA01AB0525,login,1783931400000,1783931520000,9.49,10.60,4,1,closed,true
T000416,1782259200000,S1,nodal,SITE2,V07,D0316,KA01AB1427,login,1782268200000,1782268440000,12.20,12.51,12,1,closed,true
T000417,1787702400000,S3,shuttle,SITE3,V08,D0389,KA01AB0755,logout,1787700600000,1787700600000,27.01,26.44,24,8,closed,true
T000418,1784246400000,S3,cab,SITE1,V01,D0312,KA01AB0206,login,1784302200000,1784302320000,24.56,23.70,4,1,closed,true
T000419,1782691200000,S2,cab,SITE3,V05,D0110,KA01AB0262,logout,1782754200000,1782754260000,8.73,9.71,4,3,closed,true
T000420,1780790400000,S2,cab,SITE3,V05,D0268,KA01AB1374,login,1780821000000,1780821240000,39.88,43.89,4,2,closed,true
T000421,1786924800000,S2,cab,SITE1,V11,D0256,KA01AB1907,logout,1786987800000,1786987800000,11.01,11.99,4,3,closed,true
T000422,1785110400000,S1,cab,SITE1,V07,D0130,KA01AB0006,login,1785119400000,1785119460000,8.42,8.83,4,3,closed,true
T000423,1787529600000,S1,shuttle,SITE2,V08,D0350,KA01AB0140,logout,1787571000000,1787571180000,40.96,40.42,24,5,closed,true
T000424,1782345600000,S2,nodal,SITE3,V10,D0155,KA01AB0638,login,1782376200000,1782376320000,11.26,12.48,12,2,closed,true
T000425,1787443200000,S2,shuttle,SITE2,V08,D0001,KA01AB1700,login,1787473800000,1787473980000,29.21,29.00,24,1,closed,true
T000426,1781049600000,S1,shuttle,SITE2,V04,D0028,KA01AB0917,login,1781058600000,1781058600000,28.94,33.16,24,1,closed,true
T000427,1785196800000,S2,shuttle,SITE1,V11,D0146,KA01AB0378,logout,1785259800000,1785259860000,10.16,10.84,24,23,closed,true
T000428,1784332800000,S3,cab,SITE2,V03,D0367,KA01AB1068,logout,1784331000000,1784331000000,27.46,26.80,4,2,closed,true
T000429,1785628800000,S2,shuttle,SITE3,V10,D0056,KA01AB1119,logout,1785691800000,1785691980000,9.99,10.40,24,8,closed,true
T000430,1782259200000,S2,nodal,SITE1,V05,D0027,KA01AB0002,login,1782289800000,1782289800000,26.55,27.76,12,1,closed,true
T000431,1783641600000,S3,cab,SITE2,V10,D0187,KA01AB1945,logout,1783639800000,1783642080000,18.42,19.38,4,3,closed,true
T000432,1787443200000,S2,shuttle,SITE1,V10,D0302,KA01AB1655,logout,1787506200000,1787506260000,36.63,35.97,24,15,closed,true
T000433,1784851200000,S2,shuttle,SITE3,V02,D0353,KA01AB0445,logout,1784914200000,1784915160000,42.58,42.56,24,11,closed,true
T000434,1784246400000,S3,shuttle,SITE1,V06,D0304,KA01AB1932,logout,1784244600000,1784244720000,39.93,44.58,24,19,closed,true
T000435,1787443200000,S3,nodal,SITE1,V07,D0281,KA01AB0430,logout,1787441400000,1787442180000,42.28,48.21,12,1,closed,true
T000436,1784937600000,S3,shuttle,SITE2,V02,D0034,KA01AB1034,logout,1784935800000,1784935800000,21.95,21.37,24,9,closed,true
T000437,1786752000000,S1,nodal,SITE1,V06,D0197,KA01AB0978,login,1786761000000,1786761120000,27.37,26.05,12,12,closed,true
T000438,1781049600000,S2,cab,SITE2,V06,D0205,KA01AB1777,logout,1781112600000,1781114940000,10.32,10.20,4,3,closed,true
T000439,1784160000000,S3,cab,SITE1,V02,D0257,KA01AB1818,logout,1784158200000,1784158440000,35.39,34.39,4,2,closed,true
T000440,1787270400000,S3,nodal,SITE4,V03,D0020,KA01AB1112,logout,1787268600000,1787268840000,12.66,13.57,12,11,closed,true
T000441,1786406400000,S3,nodal,SITE2,V10,D0348,KA01AB1563,login,1786462200000,1786462380000,12.41,13.76,12,9,closed,true
T000442,1786320000000,S2,shuttle,SITE3,V01,D0138,KA01AB0942,login,1786350600000,1786350660000,18.59,18.02,24,8,closed,true
T000443,1780876800000,S2,nodal,SITE2,V12,D0210,KA01AB0070,logout,1780939800000,1780939800000,13.83,13.91,12,3,closed,true
T000444,1781481600000,S1,shuttle,SITE2,V03,D0374,KA01AB0165,login,1781490600000,1781490720000,41.10,45.22,24,6,closed,true
T000445,1787961600000,S2,nodal,SITE4,V03,D0047,KA01AB0618,logout,1788024600000,1788024660000,32.44,32.13,12,11,closed,true
T000446,1784937600000,S3,cab,SITE1,V07,D0308,KA01AB1129,logout,1784935800000,,15.10,15.42,4,4,open,true
T000447,1786406400000,S3,cab,SITE2,V05,D0020,KA01AB0527,logout,1786404600000,1786404840000,11.62,13.31,4,3,closed,true
T000448,1784332800000,S3,nodal,SITE1,V09,D0106,KA01AB0283,login,1784388600000,1784388720000,20.86,20.10,12,6,closed,true
T000449,1786147200000,S2,nodal,SITE4,V08,D0152,KA01AB0993,logout,1786210200000,1786210380000,23.38,26.73,12,4,closed,true
T000450,1786147200000,S1,cab,SITE4,V02,D0174,KA01AB0503,login,1786156200000,1786156260000,27.21,27.91,4,3,closed,true
T000451,1783728000000,S3,cab,SITE1,V09,D0090,KA01AB1025,login,1783783800000,1783784520000,34.31,38.88,4,3,closed,true
T000452,1787097600000,S3,shuttle,SITE1,V09,D0278,KA01AB0084,login,1787153400000,1787153640000,14.68,16.76,24,4,closed,true
T000453,1783900800000,S2,nodal,SITE1,V05,D0118,KA01AB0400,login,1783931400000,1783931400000,40.42,45.65,12,12,closed,true
T000454,1785024000000,S3,cab,SITE2,V05,D0195,KA01AB1116,login,1785079800000,1785079800000,39.63,41.59,4,4,closed,true
T000455,1786924800000,S1,nodal,SITE4,V04,D0081,KA01AB0952,login,1786933800000,1786933860000,26.91,27.43,12,4,closed,true
T000456,1784505600000,S3,shuttle,SITE1,V02,D0335,KA01AB0346,logout,1784503800000,1784503800000,13.12,12.71,24,5,closed,true
T000457,1787184000000,S1,shuttle,SITE2,V11,D0263,KA01AB0803,logout,1787225400000,1787225640000,28.41,27.21,24,24,closed,true
T000458,1781308800000,S2,shuttle,SITE3,V06,D0110,KA01AB0717,logout,1781371800000,1781371920000,14.76,16.09,24,11,closed,true
T000459,1783036800000,S3,cab,SITE3,V02,D0288,KA01AB1234,logout,1783035000000,1783035060000,34.46,39.00,4,1,closed,true
T000460,1782604800000,S3,shuttle,SITE3,V12,D0327,KA01AB0443,login,1782660600000,1782660840000,37.06,35.51,24,8,closed,true
T000461,1784851200000,S3,shuttle,SITE4,V05,D0298,KA01AB1817,logout,1784849400000,1784849520000,38.03,37.77,24,15,closed,true
T000462,1787788800000,S2,nodal,SITE4,V06,D0171,KA01AB0466,logout,1787851800000,1787851920000,15.68,15.60,12,6,closed,true
T000463,1781308800000,S2,nodal,SITE1,V06,D0336,KA01AB1176,login,1781339400000,1781339520000,21.80,21.39,12,12,closed,true
T000464,1785628800000,S3,nodal,SITE1,V07,D0065,KA01AB0611,logout,1785627000000,1785627120000,40.87,45.55,12,2,closed,true
T000465,1782604800000,S2,cab,SITE4,V10,D0263,KA01AB1410,login,1782635400000,1782637320000,10.49,11.00,4,2,closed,true
T000466,1786406400000,S1,nodal,SITE1,V01,D0123,KA01AB1599,logout,1786447800000,1786447980000,23.49,25.55,12,5,closed,true
T000467,1785974400000,S1,nodal,SITE4,V09,D0189,KA01AB1471,login,1785983400000,1785983400000,40.22,38.42,12,8,closed,true
T000468,1787270400000,S2,nodal,SITE3,V01,D0205,KA01AB0393,logout,1787333400000,1787333580000,42.38,46.36,12,9,closed,true
T000469,1786838400000,S3,shuttle,SITE4,V01,D0250,KA01AB1394,login,1786894200000,1786894200000,28.71,29.79,24,19,closed,true
T000470,1782864000000,S3,shuttle,SITE1,V02,D0021,KA01AB0262,logout,1782862200000,1782862440000,21.03,20.68,24,5,closed,true
T000471,1785974400000,S3,shuttle,SITE3,V03,D0218,KA01AB1556,logout,1785972600000,1785972720000,16.62,16.04,24,17,closed,true
T000472,1784073600000,S3,cab,SITE1,V09,D0258,KA01AB0886,logout,1784071800000,1784073300000,37.99,42.10,4,1,closed,true
T000473,1788393600000,S3,nodal,SITE2,V09,D0005,KA01AB0607,login,1788449400000,1788449400000,15.95,18.14,12,3,closed,true
T000474,1785283200000,S2,cab,SITE3,V05,D0274,KA01AB0587,logout,1785346200000,1785346380000,16.29,17.62,4,4,closed,true
T000475,1782604800000,S3,nodal,SITE3,V08,D0255,KA01AB0748,logout,1782603000000,1782603240000,18.45,19.02,12,11,closed,true
T000476,1787788800000,S3,shuttle,SITE4,V06,D0266,KA01AB0510,login,1787844600000,1787844600000,31.13,32.17,24,18,closed,true
T000477,1782518400000,S3,shuttle,SITE4,V05,D0091,KA01AB1107,login,1782574200000,1782574200000,35.41,38.33,24,17,closed,true
T000478,1787356800000,S1,shuttle,SITE4,V08,D0376,KA01AB0741,logout,1787398200000,1787398200000,18.32,18.88,24,6,closed,true
T000479,1787788800000,S1,shuttle,SITE2,V08,D0164,KA01AB0010,login,1787797800000,1787797980000,8.67,8.45,24,7,closed,true
T000480,1787616000000,S3,cab,SITE1,V02,D0278,KA01AB1502,login,1787671800000,1787671980000,24.54,26.00,4,4,closed,true
T000481,1786492800000,S3,shuttle,SITE4,V08,D0380,KA01AB1265,logout,1786491000000,1786491000000,10.68,10.88,24,5,closed,true
T000482,1787184000000,S2,shuttle,SITE2,V09,D0153,KA01AB1601,logout,1787247000000,1787247240000,9.60,10.64,24,13,closed,true
T000483,1787788800000,S1,shuttle,SITE1,V01,D0049,KA01AB0103,login,1787797800000,1787798040000,23.36,23.75,24,17,closed,true
T000484,1782259200000,S2,cab,SITE1,V01,D0378,KA01AB1776,logout,1782322200000,1782322260000,18.89,18.36,4,4,closed,true
T000485,1785888000000,S2,cab,SITE1,V09,D0337,KA01AB0668,logout,1785951000000,1785951060000,10.45,10.83,4,4,closed,true
T000486,1785283200000,S2,shuttle,SITE1,V04,D0133,KA01AB1118,login,1785313800000,1785313920000,10.64,10.82,24,6,closed,true
T000487,1784678400000,S3,nodal,SITE1,V05,D0277,KA01AB1584,logout,1784676600000,1784676780000,27.07,28.10,12,5,closed,true
T000488,1783814400000,S3,nodal,SITE4,V08,D0078,KA01AB0590,login,1783870200000,1783870320000,17.46,20.04,12,9,closed,true
T000489,1785456000000,S1,nodal,SITE2,V11,D0029,KA01AB0885,login,1785465000000,1785465000000,9.71,10.56,12,10,closed,true
T000490,1784592000000,S1,cab,SITE4,V03,D0035,KA01AB1352,login,1784601000000,1784601060000,29.73,29.52,4,4,closed,true
T000491,1785110400000,S1,shuttle,SITE3,V01,D0024,KA01AB0811,login,1785119400000,1785120060000,33.46,34.74,24,17,closed,true
T000492,1781481600000,S1,nodal,SITE1,V02,D0158,KA01AB1847,logout,1781523000000,1781523000000,24.81,27.85,12,3,closed,true
T000493,1788048000000,S1,cab,SITE3,V10,D0393,KA01AB1050,logout,1788089400000,1788089460000,38.90,40.08,4,3,closed,true
T000494,1781049600000,S1,shuttle,SITE2,V02,D0098,KA01AB0701,login,1781058600000,1781058600000,42.66,40.71,24,9,closed,true
T000495,1788307200000,S3,cab,SITE1,V06,D0080,KA01AB1822,login,1788363000000,1788363180000,42.11,42.78,4,4,closed,true
T000496,1783382400000,S2,cab,SITE3,V07,D0187,KA01AB1094,login,1783413000000,1783413000000,32.86,33.28,4,2,closed,true
T000497,1782864000000,S2,nodal,SITE3,V12,D0131,KA01AB1884,logout,1782927000000,,12.46,13.02,12,11,open,true
T000498,1785456000000,S3,shuttle,SITE4,V09,D0399,KA01AB1855,login,1785511800000,1785512040000,10.24,9.96,24,24,closed,true
T000499,1782000000000,S3,shuttle,SITE4,V11,D0005,KA01AB0617,logout,1781998200000,1781998440000,12.28,12.75,24,3,closed,true
T000500,1783728000000,S3,shuttle,SITE1,V09,D0270,KA01AB1836,login,1783783800000,1783783980000,21.88,22.10,24,6,closed,true
T000501,1784851200000,S3,nodal,SITE4,V04,D0357,KA01AB1546,logout,1784849400000,,40.68,39.40,12,6,open,true
T000502,1786924800000,S2,shuttle,SITE1,V06,D0025,KA01AB0541,logout,1786987800000,1786988040000,26.95,28.88,24,11,closed,true
T000503,1788393600000,S1,cab,SITE4,V02,D0308,KA01AB1822,logout,1788435000000,1788435060000,19.68,20.13,4,4,closed,true
T000504,1786233600000,S3,shuttle,SITE1,V12,D0258,KA01AB0461,logout,1786231800000,1786232040000,22.92,25.83,24,11,closed,true
T000505,1788480000000,S3,cab,SITE4,V12,D0101,KA01AB1109,logout,1788478200000,1788478320000,36.37,40.71,4,1,closed,true
T000506,1782777600000,S1,cab,SITE2,V04,D0281,KA01AB0889,login,1782786600000,,30.77,35.10,4,3,open,true
T000507,1783468800000,S3,nodal,SITE1,V02,D0285,KA01AB0271,logout,1783467000000,1783467120000,30.35,33.29,12,5,closed,true
T000508,1782259200000,S3,shuttle,SITE2,V02,D0297,KA01AB0748,logout,1782257400000,1782257580000,10.02,11.42,24,8,closed,true
T000509,1788220800000,S3,shuttle,SITE4,V03,D0020,KA01AB0486,logout,1788219000000,1788219240000,18.94,18.17,24,1,closed,true
T000510,1782172800000,S2,nodal,SITE1,V01,D0097,KA01AB0971,login,1782203400000,1782203520000,26.31,29.23,12,2,closed,true
T000511,1787616000000,S3,nodal,SITE2,V03,D0239,KA01AB1878,login,1787671800000,1787671800000,19.30,19.28,12,4,closed,true
T000512,1781136000000,S3,nodal,SITE4,V08,D0247,KA01AB0304,login,1781191800000,1781191980000,29.75,33.18,12,7,closed,true
T000513,1788048000000,S1,shuttle,SITE4,V09,D0003,KA01AB0618,login,1788057000000,1788057120000,26.34,27.06,24,13,closed,true
T000514,1785801600000,S3,nodal,SITE1,V12,D0204,KA01AB0146,logout,1785799800000,1785799920000,31.57,34.17,12,12,closed,true
T000515,1786147200000,S1,cab,SITE2,V04,D0203,KA01AB1324,logout,1786188600000,1786188840000,9.58,10.24,4,2,closed,true
T000516,1783900800000,S3,nodal,SITE4,V11,D0332,KA01AB1406,logout,1783899000000,1783899180000,32.75,31.49,12,4,closed,true
T000517,1787011200000,S3,cab,SITE2,V04,D0163,KA01AB1923,login,1787067000000,1787067180000,10.35,10.68,4,1,closed,true
T000518,1783036800000,S3,shuttle,SITE4,V08,D0064,KA01AB1644,logout,1783035000000,1783035060000,30.62,31.81,24,1,closed,true
T000519,1781827200000,S2,cab,SITE3,V06,D0234,KA01AB1704,logout,1781890200000,,31.55,33.78,4,1,open,true
T000520,1783209600000,S1,cab,SITE3,V03,D0317,KA01AB0775,login,1783218600000,1783218600000,34.31,33.70,4,3,closed,true
T000521,1781913600000,S3,shuttle,SITE4,V03,D0113,KA01AB0233,logout,1781911800000,1781912040000,36.46,39.62,24,20,closed,true
T000522,1784160000000,S2,cab,SITE2,V06,D0269,KA01AB1872,logout,1784223000000,1784223120000,33.34,32.66,4,3,closed,true
T000523,1784937600000,S3,cab,SITE1,V03,D0335,KA01AB0120,logout,1784935800000,1784935920000,24.43,27.53,4,2,closed,true
T000524,1782777600000,S2,nodal,SITE1,V08,D0276,KA01AB1400,login,1782808200000,1782808440000,37.62,36.40,12,4,closed,true
T000525,1781308800000,S1,shuttle,SITE1,V09,D0133,KA01AB0302,logout,1781350200000,1781350320000,25.99,28.19,24,14,closed,true
T000526,1781568000000,S3,cab,SITE3,V02,D0121,KA01AB1043,login,1781623800000,1781625000000,35.51,36.23,4,1,closed,true
T000527,1781568000000,S2,cab,SITE1,V02,D0332,KA01AB1012,login,1781598600000,1781601000000,34.35,34.22,4,4,closed,true
T000528,1782777600000,S3,nodal,SITE2,V01,D0011,KA01AB1164,login,1782833400000,1782833640000,30.08,29.62,12,3,closed,true
T000529,1783900800000,S1,cab,SITE1,V10,D0224,KA01AB0167,login,1783909800000,1783909800000,14.87,15.21,4,1,closed,true
T000530,1784764800000,S1,cab,SITE3,V02,D0234,KA01AB1547,login,1784773800000,1784773980000,18.98,20.87,4,3,closed,true
T000531,1785196800000,S1,nodal,SITE2,V01,D0145,KA01AB0791,login,1785205800000,1785205920000,16.04,15.67,12,11,closed,true
T000532,1786060800000,S1,cab,SITE3,V09,D0218,KA01AB1496,logout,1786102200000,1786102380000,11.31,12.47,4,4,closed,true
T000533,1786492800000,S3,cab,SITE3,V07,D0120,KA01AB1750,logout,1786491000000,1786491120000,22.61,25.68,4,3,closed,true
T000534,1786579200000,S3,cab,SITE1,V09,D0111,KA01AB0082,logout,1786577400000,1786577640000,8.48,9.54,4,4,closed,true
T000535,1781049600000,S2,cab,SITE3,V06,D0332,KA01AB0999,login,1781080200000,1781081340000,33.31,33.94,4,3,closed,true
T000536,1781049600000,S1,shuttle,SITE4,V06,D0396,KA01AB0966,logout,1781091000000,1781091000000,19.49,20.92,24,7,closed,true
T000537,1786060800000,S2,cab,SITE3,V06,D0108,KA01AB0304,logout,1786123800000,1786123860000,36.05,37.68,4,1,closed,true
T000538,1784073600000,S3,shuttle,SITE1,V03,D0005,KA01AB1407,logout,1784071800000,1784071800000,23.33,26.18,24,24,closed,true
T000539,1785715200000,S1,shuttle,SITE4,V11,D0392,KA01AB1524,login,1785724200000,1785724440000,35.60,40.30,24,14,closed,true
T000540,1783987200000,S2,shuttle,SITE1,V05,D0289,KA01AB0613,logout,1784050200000,1784050380000,40.96,39.34,24,24,closed,true
T000541,1782345600000,S2,nodal,SITE2,V09,D0003,KA01AB0479,login,1782376200000,1782376380000,32.67,37.08,12,7,closed,true
T000542,1787356800000,S1,cab,SITE2,V04,D0114,KA01AB0438,login,1787365800000,1787365920000,31.78,32.49,4,4,closed,true
T000543,1783382400000,S1,nodal,SITE2,V12,D0157,KA01AB0808,logout,1783423800000,1783423860000,34.50,36.85,12,9,closed,true
T000544,1786579200000,S1,cab,SITE4,V10,D0248,KA01AB1232,logout,1786620600000,1786620840000,35.22,39.47,4,2,closed,true
T000545,1786406400000,S3,shuttle,SITE4,V12,D0122,KA01AB1791,logout,1786404600000,1786404720000,29.62,28.16,24,13,closed,true
T000546,1783641600000,S1,nodal,SITE1,V11,D0361,KA01AB0125,login,1783650600000,1783650780000,24.85,25.01,12,5,closed,true
T000547,1787529600000,S2,shuttle,SITE1,V01,D0389,KA01AB1323,logout,1787592600000,1787592600000,17.37,17.01,24,23,closed,true
T000548,1784246400000,S3,shuttle,SITE2,V04,D0086,KA01AB0359,login,1784302200000,1784302260000,34.59,36.58,24,3,closed,true
T000549,1786665600000,S3,nodal,SITE1,V04,D0247,KA01AB1646,login,1786721400000,1786722780000,21.06,21.85,12,6,closed,true
T000550,1782950400000,S3,cab,SITE2,V10,D0384,KA01AB1831,login,1783006200000,1783008840000,12.11,13.46,4,3,closed,true
T000551,1786060800000,S3,nodal,SITE2,V10,D0286,KA01AB0327,logout,1786059000000,1786059000000,22.46,23.43,12,8,closed,true
T000552,1784073600000,S2,shuttle,SITE1,V11,D0155,KA01AB1098,login,1784104200000,1784104440000,41.72,44.01,24,7,closed,true
T000553,1784678400000,S1,shuttle,SITE1,V12,D0328,KA01AB1744,login,1784687400000,1784687580000,38.06,39.11,24,5,closed,true
T000554,1783382400000,S1,shuttle,SITE4,V12,D0264,KA01AB0838,login,1783391400000,1783391460000,13.64,14.90,24,10,closed,true
T000555,1785110400000,S2,shuttle,SITE3,V04,D0074,KA01AB0790,login,1785141000000,1785141060000,8.71,8.84,24,21,closed,true
T000556,1784592000000,S2,nodal,SITE1,V07,D0196,KA01AB1425,login,1784622600000,1784622840000,27.29,29.16,12,3,closed,true
T000557,1787097600000,S1,shuttle,SITE1,V10,D0235,KA01AB1951,logout,1787139000000,1787139240000,30.87,33.82,24,24,closed,true
T000558,1788307200000,S1,shuttle,SITE4,V05,D0183,KA01AB0941,login,1788316200000,1788316200000,31.06,34.76,24,17,closed,true
T000559,1783382400000,S1,shuttle,SITE4,V10,D0013,KA01AB0826,logout,1783423800000,1783423920000,42.28,41.20,24,7,closed,true
T000560,1782086400000,S1,shuttle,SITE1,V03,D0048,KA01AB0365,login,1782095400000,,9.34,9.40,24,3,open,true
T000561,1786406400000,S3,shuttle,SITE4,V06,D0395,KA01AB1119,login,1786462200000,1786462260000,41.20,44.16,24,20,closed,true
T000562,1787616000000,S3,shuttle,SITE2,V06,D0338,KA01AB0435,logout,1787614200000,1787614440000,8.92,9.71,24,6,closed,true
T000563,1784851200000,S3,cab,SITE2,V10,D0267,KA01AB1540,logout,1784849400000,1784851980000,39.10,41.38,4,4,closed,true
T000564,1785628800000,S2,shuttle,SITE3,V01,D0374,KA01AB0214,logout,1785691800000,1785691980000,36.65,36.24,24,17,closed,true
T000565,1785283200000,S3,cab,SITE4,V11,D0338,KA01AB1178,logout,1785281400000,1785281640000,22.37,21.44,4,1,closed,true
T000566,1781395200000,S3,nodal,SITE4,V09,D0347,KA01AB0451,login,1781451000000,1781451060000,32.23,32.86,12,9,closed,true
T000567,1788220800000,S3,nodal,SITE3,V01,D0110,KA01AB1827,logout,1788219000000,1788219240000,16.51,18.13,12,12,closed,true
T000568,1788220800000,S1,nodal,SITE1,V02,D0067,KA01AB1250,logout,1788262200000,1788264480000,25.74,25.02,12,12,closed,true
T000569,1784332800000,S3,nodal,SITE2,V01,D0165,KA01AB1343,logout,1784331000000,1784331480000,36.30,35.15,12,12,closed,true
T000570,1785196800000,S1,nodal,SITE1,V09,D0184,KA01AB0059,login,1785205800000,1785206040000,14.64,16.70,12,12,closed,true
T000571,1787270400000,S1,shuttle,SITE2,V01,D0321,KA01AB0268,logout,1787311800000,1787312040000,21.54,23.25,24,15,closed,true
T000572,1786665600000,S2,shuttle,SITE2,V10,D0285,KA01AB0890,logout,1786728600000,1786728780000,24.36,24.41,24,17,closed,true
T000573,1785110400000,S1,shuttle,SITE2,V02,D0246,KA01AB0543,login,1785119400000,1785119520000,35.86,37.17,24,10,closed,true
T000574,1785628800000,S3,shuttle,SITE3,V11,D0162,KA01AB1002,logout,1785627000000,,26.46,28.98,24,14,open,true
T000575,1785196800000,S3,shuttle,SITE2,V09,D0126,KA01AB1897,login,1785252600000,1785252720000,16.71,17.78,24,2,closed,true
T000576,1787011200000,S1,shuttle,SITE1,V07,D0094,KA01AB1027,login,1787020200000,1787020380000,37.99,36.69,24,15,closed,true
T000577,1787270400000,S2,nodal,SITE2,V04,D0008,KA01AB1401,login,1787301000000,1787301060000,38.25,40.85,12,7,closed,true
T000578,1783641600000,S3,cab,SITE4,V03,D0196,KA01AB0690,logout,1783639800000,1783639860000,32.58,37.08,4,2,closed,true
T000579,1783641600000,S2,shuttle,SITE3,V04,D0116,KA01AB0692,logout,1783704600000,1783706580000,29.41,29.95,24,5,closed,true
T000580,1782864000000,S3,shuttle,SITE1,V07,D0011,KA01AB1415,logout,1782862200000,1782862260000,34.38,39.05,24,24,closed,false
T000581,1788307200000,S1,nodal,SITE1,V06,D0056,KA01AB1692,logout,1788348600000,1788348840000,37.59,41.63,12,6,closed,true
T000582,1787356800000,S3,cab,SITE1,V10,D0383,KA01AB0343,logout,1787355000000,1787355120000,21.33,23.34,4,2,closed,true
T000583,1783728000000,S1,cab,SITE3,V08,D0103,KA01AB1036,logout,1783769400000,1783771560000,13.62,13.29,4,4,closed,true
T000584,1787011200000,S2,nodal,SITE1,V11,D0395,KA01AB1887,login,1787041800000,1787041860000,31.12,31.36,12,2,closed,true
T000585,1785888000000,S3,cab,SITE3,V04,D0177,KA01AB0457,logout,1785886200000,1785886200000,9.89,11.14,4,4,closed,true
T000586,1787270400000,S2,cab,SITE1,V11,D0104,KA01AB0515,login,1787301000000,1787301180000,11.18,11.37,4,4,closed,true
T000587,1784505600000,S2,shuttle,SITE2,V10,D0215,KA01AB0997,login,1784536200000,1784536380000,12.01,12.70,24,16,closed,true
T000588,1781827200000,S3,cab,SITE1,V12,D0041,KA01AB0217,logout,1781825400000,1781825640000,9.47,9.83,4,3,closed,true
T000589,1784419200000,S1,nodal,SITE2,V03,D0285,KA01AB1642,logout,1784460600000,1784460780000,10.45,11.88,12,1,closed,true
T000590,1784851200000,S2,nodal,SITE3,V08,D0281,KA01AB0445,login,1784881800000,1784882640000,30.51,29.97,12,12,closed,true
T000591,1780876800000,S1,shuttle,SITE1,V11,D0153,KA01AB0356,logout,1780918200000,1780920180000,24.31,27.25,24,8,closed,true
T000592,1785196800000,S1,nodal,SITE1,V07,D0124,KA01AB0599,login,1785205800000,1785205920000,21.07,20.08,12,12,closed,true
T000593,1786406400000,S2,shuttle,SITE1,V10,D0358,KA01AB1416,logout,1786469400000,1786469640000,25.59,28.34,24,14,closed,true
T000594,1782777600000,S1,cab,SITE4,V10,D0240,KA01AB1692,login,1782786600000,1782786660000,22.15,23.16,4,3,closed,true
T000595,1783209600000,S3,shuttle,SITE3,V03,D0381,KA01AB0272,logout,1783207800000,1783207980000,29.79,29.25,24,23,closed,true
T000596,1787443200000,S1,cab,SITE1,V09,D0394,KA01AB1071,logout,1787484600000,1787485380000,25.66,27.77,4,3,closed,true
T000597,1785715200000,S2,nodal,SITE1,V04,D0325,KA01AB0382,logout,1785778200000,1785778320000,21.79,22.48,12,4,closed,true
T000598,1786579200000,S2,cab,SITE1,V02,D0147,KA01AB0286,login,1786609800000,1786609980000,28.69,31.05,4,1,closed,true
T000599,1781049600000,S1,cab,SITE2,V04,D0068,KA01AB1910,login,1781058600000,1781058660000,41.96,44.15,4,4,closed,true
T000600,1783900800000,S2,nodal,SITE3,V02,D0038,KA01AB0997,login,1783931400000,1783931580000,26.35,25.52,12,10,closed,true
T000601,1786924800000,S3,cab,SITE2,V10,D0297,KA01AB0711,logout,1786923000000,1786923120000,26.69,26.26,4,2,closed,true
T000602,1783382400000,S1,shuttle,SITE4,V08,D0205,KA01AB0880,logout,1783423800000,1783424040000,36.92,41.22,24,16,closed,true
T000603,1782950400000,S2,cab,SITE2,V07,D0169,KA01AB0595,login,1782981000000,1782981000000,14.22,15.05,4,3,closed,true
T000604,1787788800000,S1,cab,SITE3,V06,D0021,KA01AB0899,login,1787797800000,1787797860000,37.52,43.13,4,1,closed,true
T000605,1781827200000,S3,cab,SITE3,V12,D0033,KA01AB0420,login,1781883000000,1781883060000,20.17,19.96,4,1,closed,true
T000606,1785369600000,S2,nodal,SITE3,V01,D0366,KA01AB0048,login,1785400200000,1785400200000,40.20,38.64,12,3,closed,true
T000607,1787356800000,S2,shuttle,SITE4,V07,D0230,KA01AB0397,logout,1787419800000,1787420040000,16.93,16.78,24,8,closed,true
T000608,1786406400000,S2,nodal,SITE3,V12,D0202,KA01AB0801,login,1786437000000,1786437060000,28.38,27.33,12,12,closed,true
T000609,1781913600000,S3,nodal,SITE4,V06,D0220,KA01AB1877,logout,1781911800000,1781911860000,13.90,15.54,12,1,closed,true
T000610,1788393600000,S1,shuttle,SITE4,V07,D0064,KA01AB0877,logout,1788435000000,1788435660000,27.81,29.85,24,22,closed,true
T000611,1785974400000,S1,shuttle,SITE2,V04,D0160,KA01AB0222,logout,1786015800000,1786015980000,17.74,20.33,24,23,closed,true
T000612,1786579200000,S2,cab,SITE1,V12,D0116,KA01AB0446,login,1786609800000,1786610580000,32.09,34.23,4,4,closed,true
T000613,1782864000000,S1,nodal,SITE2,V07,D0140,KA01AB0654,logout,1782905400000,1782908100000,26.38,25.08,12,8,closed,true
T000614,1786665600000,S1,shuttle,SITE3,V01,D0010,KA01AB0678,logout,1786707000000,1786707120000,24.18,26.33,24,11,closed,true
T000615,1786492800000,S2,nodal,SITE4,V03,D0394,KA01AB1570,login,1786523400000,1786523520000,30.62,32.81,12,4,closed,true
T000616,1787270400000,S1,cab,SITE2,V05,D0065,KA01AB1379,login,1787279400000,1787279520000,41.24,44.21,4,1,closed,true
T000617,1787788800000,S2,shuttle,SITE3,V02,D0147,KA01AB0661,login,1787819400000,1787819640000,9.73,11.10,24,11,closed,true
T000618,1788307200000,S2,cab,SITE2,V01,D0114,KA01AB1313,login,1788337800000,1788337920000,25.05,24.99,4,4,closed,true
T000619,1782000000000,S1,nodal,SITE4,V01,D0110,KA01AB0339,login,1782009000000,1782009060000,38.17,40.12,12,2,closed,true
T000620,1787184000000,S1,nodal,SITE1,V09,D0295,KA01AB0815,logout,1787225400000,1787225580000,14.26,14.20,12,2,closed,true
T000621,1787443200000,S1,nodal,SITE1,V11,D0177,KA01AB0361,login,1787452200000,1787452380000,24.80,25.93,12,5,closed,true
T000622,1787270400000,S3,nodal,SITE2,V01,D0283,KA01AB1845,logout,1787268600000,1787268840000,38.97,42.05,12,8,closed,true
T000623,1788307200000,S2,shuttle,SITE1,V04,D0378,KA01AB1731,login,1788337800000,1788338880000,33.12,31.64,24,3,closed,true
T000624,1784419200000,S3,cab,SITE3,V06,D0314,KA01AB0565,logout,1784417400000,1784417520000,19.57,20.03,4,3,closed,true
T000625,1783382400000,S2,nodal,SITE2,V01,D0370,KA01AB0694,logout,1783445400000,1783445640000,16.30,15.51,12,4,closed,true
T000626,1786492800000,S1,cab,SITE4,V11,D0214,KA01AB1830,login,1786501800000,1786501860000,36.57,38.84,4,3,closed,true
T000627,1784246400000,S1,shuttle,SITE4,V05,D0287,KA01AB1905,logout,1784287800000,1784287860000,38.41,43.94,24,13,closed,true
T000628,1781740800000,S2,nodal,SITE2,V06,D0313,KA01AB0027,login,1781771400000,1781771400000,40.88,40.75,12,11,closed,true
T000629,1785801600000,S3,shuttle,SITE4,V10,D0363,KA01AB1699,login,1785857400000,1785857580000,38.25,38.05,24,9,closed,true
T000630,1786579200000,S3,cab,SITE1,V02,D0338,KA01AB1545,logout,1786577400000,1786577580000,18.28,20.66,4,4,closed,true
T000631,1783296000000,S3,shuttle,SITE2,V07,D0348,KA01AB1994,logout,1783294200000,1783294380000,17.71,19.56,24,24,closed,true
T000632,1787270400000,S3,shuttle,SITE2,V03,D0075,KA01AB0895,login,1787326200000,1787326260000,26.72,27.19,24,9,closed,true
T000633,1785974400000,S2,nodal,SITE1,V10,D0216,KA01AB0665,login,1786005000000,1786005180000,40.55,44.64,12,5,closed,true
T000634,1785628800000,S1,nodal,SITE2,V02,D0144,KA01AB0262,logout,1785670200000,1785670440000,40.58,39.37,12,1,closed,true
T000635,1788393600000,S2,shuttle,SITE4,V08,D0263,KA01AB0608,logout,1788456600000,1788456720000,21.14,23.30,24,13,closed,true
T000636,1782432000000,S3,cab,SITE3,V03,D0275,KA01AB1786,login,1782487800000,1782487980000,25.25,28.50,4,3,closed,true
T000637,1783382400000,S2,shuttle,SITE4,V12,D0355,KA01AB0762,logout,1783445400000,1783447920000,42.57,42.84,24,1,closed,true
T000638,1781136000000,S3,cab,SITE4,V07,D0226,KA01AB0501,logout,1781134200000,1781134320000,27.68,29.71,4,2,closed,true
T000639,1787961600000,S3,shuttle,SITE2,V05,D0050,KA01AB0276,login,1788017400000,1788017640000,16.92,17.07,24,8,closed,true
T000640,1788220800000,S2,nodal,SITE3,V12,D0242,KA01AB0877,login,1788251400000,1788251400000,30.17,33.01,12,11,closed,true
T000641,1786924800000,S2,cab,SITE1,V12,D0182,KA01AB1808,login,1786955400000,1786955520000,37.37,42.77,4,3,closed,true
T000642,1786060800000,S3,nodal,SITE1,V09,D0184,KA01AB0863,logout,1786059000000,1786059000000,36.89,39.94,12,3,closed,true
T000643,1784419200000,S1,shuttle,SITE4,V12,D0096,KA01AB0667,login,1784428200000,1784428380000,37.70,36.96,24,21,closed,true
T000644,1786233600000,S2,cab,SITE1,V02,D0094,KA01AB1656,login,1786264200000,1786264320000,28.53,29.76,4,2,closed,true
T000645,1781481600000,S1,cab,SITE2,V09,D0339,KA01AB0462,logout,1781523000000,1781523180000,10.47,12.00,4,2,closed,true
T000646,1781740800000,S2,shuttle,SITE1,V09,D0251,KA01AB0660,login,1781771400000,,26.09,26.78,24,19,open,true
T000647,1786492800000,S2,shuttle,SITE3,V05,D0290,KA01AB1277,logout,1786555800000,1786555980000,15.43,15.35,24,15,closed,true
T000648,1783036800000,S1,nodal,SITE3,V10,D0025,KA01AB0428,logout,1783078200000,1783078200000,8.93,9.31,12,3,closed,true
T000649,1781740800000,S1,shuttle,SITE1,V10,D0015,KA01AB1853,login,1781749800000,1781749920000,19.05,21.86,24,19,closed,true
T000650,1780876800000,S1,cab,SITE4,V08,D0080,KA01AB1414,logout,1780918200000,1780918200000,24.12,25.52,4,3,closed,true
T000651,1786060800000,S2,cab,SITE2,V07,D0014,KA01AB1345,login,1786091400000,1786091640000,23.89,23.79,4,3,closed,true
T000652,1782777600000,S1,shuttle,SITE2,V02,D0088,KA01AB1000,login,1782786600000,1782786840000,32.82,35.25,24,21,closed,true
T000653,1782259200000,S3,shuttle,SITE4,V04,D0337,KA01AB0408,login,1782315000000,,9.85,10.19,24,13,open,true
T000654,1785024000000,S3,cab,SITE1,V06,D0047,KA01AB1790,logout,1785022200000,1785022440000,41.08,43.38,4,4,closed,true
T000655,1787011200000,S3,shuttle,SITE3,V07,D0315,KA01AB0467,login,1787067000000,1787067000000,26.08,27.25,24,6,closed,true
T000656,1787356800000,S2,shuttle,SITE3,V08,D0232,KA01AB1294,logout,1787419800000,1787419920000,32.31,31.14,24,11,closed,true
T000657,1783641600000,S1,nodal,SITE1,V08,D0302,KA01AB0411,login,1783650600000,1783650840000,8.93,9.11,12,1,closed,true
T000658,1782518400000,S1,shuttle,SITE1,V01,D0056,KA01AB0227,login,1782527400000,1782527580000,14.89,16.44,24,4,closed,true
T000659,1785024000000,S1,cab,SITE3,V02,D0216,KA01AB0491,logout,1785065400000,1785065520000,16.48,18.54,4,2,closed,true
T000660,1786060800000,S2,cab,SITE1,V05,D0162,KA01AB0922,logout,1786123800000,1786124040000,17.90,17.88,4,3,closed,true
T000661,1785283200000,S2,nodal,SITE1,V04,D0106,KA01AB0590,logout,1785346200000,1785346320000,15.19,17.09,12,9,closed,true
T000662,1784505600000,S1,nodal,SITE2,V02,D0201,KA01AB0436,login,1784514600000,1784514600000,36.94,36.99,12,5,closed,true
T000663,1786147200000,S3,nodal,SITE3,V06,D0153,KA01AB1523,login,1786203000000,1786205580000,25.90,29.34,12,10,closed,true
T000664,1787788800000,S3,nodal,SITE1,V06,D0196,KA01AB0701,login,1787844600000,1787844600000,10.11,10.60,12,6,closed,true
T000665,1786406400000,S3,cab,SITE4,V06,D0115,KA01AB0667,login,1786462200000,1786462380000,29.93,31.09,4,2,closed,true
T000666,1785542400000,S2,nodal,SITE4,V08,D0065,KA01AB0128,logout,1785605400000,1785605460000,42.55,41.12,12,5,closed,true
T000667,1785888000000,S2,nodal,SITE3,V02,D0019,KA01AB1020,logout,1785951000000,1785951060000,35.50,33.85,12,5,closed,true
T000668,1781913600000,S1,nodal,SITE3,V09,D0107,KA01AB0717,login,1781922600000,1781922660000,23.78,26.86,12,9,closed,true
T000669,1784419200000,S1,nodal,SITE4,V08,D0157,KA01AB0631,login,1784428200000,1784428380000,9.19,9.75,12,2,closed,true
T000670,1781049600000,S3,nodal,SITE4,V10,D0170,KA01AB1325,login,1781105400000,1781105460000,20.82,19.82,12,10,closed,true
T000671,1787788800000,S3,nodal,SITE4,V01,D0017,KA01AB1104,logout,1787787000000,1787787060000,24.62,27.68,12,2,closed,true
T000672,1786147200000,S1,nodal,SITE1,V05,D0017,KA01AB0923,login,1786156200000,1786156260000,14.41,13.74,12,10,closed,true
T000673,1787011200000,S1,nodal,SITE1,V10,D0352,KA01AB0975,logout,1787052600000,1787052720000,13.57,13.95,12,12,closed,true
T000674,1786752000000,S3,nodal,SITE3,V05,D0058,KA01AB1887,login,1786807800000,1786808280000,15.52,15.37,12,5,closed,true
T000675,1783382400000,S2,cab,SITE4,V09,D0388,KA01AB0391,login,1783413000000,1783413120000,21.32,24.29,4,1,closed,true
T000676,1785888000000,S1,cab,SITE1,V03,D0110,KA01AB1835,login,1785897000000,1785897060000,14.16,13.93,4,3,closed,true
T000677,1780790400000,S2,shuttle,SITE3,V03,D0317,KA01AB0931,logout,1780853400000,1780853400000,28.83,30.95,24,22,closed,true
T000678,1782604800000,S1,nodal,SITE4,V10,D0178,KA01AB0419,login,1782613800000,1782613860000,11.04,12.67,12,6,closed,true
T000679,1785196800000,S1,cab,SITE1,V05,D0275,KA01AB0990,logout,1785238200000,1785238320000,14.32,14.52,4,4,closed,true
T000680,1781222400000,S2,shuttle,SITE2,V05,D0223,KA01AB0544,logout,1781285400000,1781285520000,33.93,35.68,24,4,closed,true
T000681,1788393600000,S2,nodal,SITE3,V11,D0260,KA01AB1431,login,1788424200000,1788424380000,33.10,33.99,12,12,closed,true
T000682,1781827200000,S3,nodal,SITE3,V05,D0180,KA01AB0523,logout,1781825400000,1781826240000,28.58,29.52,12,2,closed,true
T000683,1781222400000,S3,cab,SITE4,V08,D0190,KA01AB1070,login,1781278200000,1781278440000,12.64,13.50,4,2,closed,true
T000684,1781308800000,S3,nodal,SITE4,V04,D0331,KA01AB1505,logout,1781307000000,1781307000000,36.60,39.46,12,5,closed,true
T000685,1787616000000,S2,nodal,SITE2,V09,D0270,KA01AB1493,logout,1787679000000,1787679060000,29.00,28.94,12,9,closed,true
T000686,1787184000000,S2,cab,SITE2,V05,D0333,KA01AB0690,logout,1787247000000,1787247120000,39.96,42.25,4,3,closed,true,UNEXPECTED_EXTRA_FIELD
T000687,1783728000000,S3,shuttle,SITE4,V02,D0038,KA01AB0617,logout,1783726200000,1783726380000,40.55,39.46,24,17,closed,true
T000688,1787356800000,S1,shuttle,SITE3,V11,D0182,KA01AB1743,logout,1787398200000,1787398200000,9.07,10.08,24,22,closed,true
T000689,1782518400000,S2,nodal,SITE1,V12,D0111,KA01AB1735,logout,1782581400000,1782581460000,31.68,30.41,12,10,closed,true
T000690,1786924800000,S2,shuttle,SITE1,V07,D0144,KA01AB1992,login,1786955400000,1786955640000,33.27,31.74,24,6,closed,true
T000691,1783468800000,S2,cab,SITE4,V08,D0115,KA01AB1437,logout,1783531800000,1783531800000,14.34,15.35,4,3,closed,true
T000692,1787529600000,S1,shuttle,SITE2,V04,D0251,KA01AB0860,logout,1787571000000,1787571000000,10.42,11.68,24,11,closed,true
T000693,1787011200000,S2,shuttle,SITE2,V02,D0229,KA01AB1490,login,1787041800000,1787042040000,9.68,10.62,24,20,closed,true
T000694,1786492800000,S3,shuttle,SITE2,V09,D0015,KA01AB0239,logout,1786491000000,1786491420000,39.82,38.39,24,10,closed,true
T000695,1787788800000,S1,shuttle,SITE2,V03,D0051,KA01AB1279,login,1787797800000,1787797980000,41.09,45.53,24,11,closed,true
T000696,1784160000000,S3,nodal,SITE2,V04,D0239,KA01AB0223,login,1784215800000,1784217360000,40.17,38.51,12,5,closed,true
T000697,1787443200000,S3,cab,SITE4,V02,D0101,KA01AB0603,login,1787499000000,1787499120000,16.49,16.13,4,4,closed,true
T000698,1782691200000,S2,cab,SITE4,V11,D0278,KA01AB1744,logout,1782754200000,1782754200000,40.11,43.37,4,3,closed,true,UNEXPECTED_EXTRA_FIELD
T000699,1782604800000,S2,shuttle,SITE1,V01,D0367,KA01AB1678,logout,1782667800000,1782667980000,14.25,14.40,24,14,closed,true
T000700,1787875200000,S1,shuttle,SITE4,V09,D0240,KA01AB1522,logout,1787916600000,1787916660000,35.59,38.01,24,12,closed,true
T000701,1786406400000,S2,cab,SITE1,V07,D0373,KA01AB1247,login,1786437000000,1786437660000,17.42,19.83,4,3,closed,true
T000702,1786924800000,S1,nodal,SITE3,V10,D0130,KA01AB0935,logout,1786966200000,1786966200000,17.50,18.82,12,12,closed,true
T000703,1782086400000,S3,shuttle,SITE1,V01,D0152,KA01AB0518,login,1782142200000,1782142440000,14.68,16.29,24,22,closed,true
T000704,1781481600000,S2,nodal,SITE4,V04,D0142,KA01AB1130,login,1781512200000,1781513760000,21.98,23.91,12,8,closed,true
T000705,1788393600000,S3,nodal,SITE3,V11,D0363,KA01AB1276,login,1788449400000,1788449400000,34.32,38.10,12,3,closed,true
T000706,1781740800000,S3,nodal,SITE4,V11,D0281,KA01AB1945,logout,1781739000000,1781739060000,27.90,27.15,12,11,closed,true
T000707,1780790400000,S1,shuttle,SITE3,V07,D0226,KA01AB1178,login,1780799400000,1780799520000,24.46,24.28,24,8,closed,true
T000708,1783555200000,S3,cab,SITE4,V09,D0022,KA01AB0756,logout,1783553400000,1783553580000,15.32,17.46,4,2,closed,true
T000709,1784332800000,S1,nodal,SITE4,V10,D0326,KA01AB0828,login,1784341800000,1784341980000,31.67,30.81,12,3,closed,true
T000710,1785628800000,S1,cab,SITE4,V11,D0123,KA01AB1547,logout,1785670200000,,37.90,40.41,4,1,open,true
T000711,1782691200000,S3,cab,SITE1,V05,D0283,KA01AB1822,login,1782747000000,1782747000000,29.22,31.36,4,1,closed,true
T000712,1781568000000,S2,nodal,SITE3,V02,D0104,KA01AB1307,logout,1781631000000,1781631120000,39.09,40.84,12,3,closed,true
T000713,1787616000000,S2,nodal,SITE3,V05,D0207,KA01AB0586,login,1787646600000,1787646840000,33.21,35.00,12,7,closed,true
T000714,1786665600000,S1,nodal,SITE1,V07,D0120,KA01AB0478,logout,1786707000000,1786707180000,14.80,14.14,12,5,closed,true
T000715,1788220800000,S3,shuttle,SITE2,V02,D0018,KA01AB0311,logout,1788219000000,1788219180000,13.15,13.01,24,8,closed,true
T000716,1785715200000,S1,cab,SITE1,V02,D0329,KA01AB1357,logout,1785756600000,1785756780000,8.40,8.93,4,4,closed,true
T000717,1787788800000,S1,cab,SITE3,V09,D0129,KA01AB0802,logout,1787830200000,1787830320000,15.38,16.80,4,4,closed,true
T000718,1786838400000,S1,shuttle,SITE4,V03,D0140,KA01AB0562,logout,1786879800000,1786879800000,12.19,11.60,24,1,closed,true
T000719,1781913600000,S1,shuttle,SITE3,V05,D0230,KA01AB0949,logout,1781955000000,1781955180000,21.59,21.93,24,12,closed,true
T000720,1785542400000,S3,cab,SITE1,V04,D0320,KA01AB0620,logout,1785540600000,1785541800000,20.22,21.31,4,2,closed,true
T000721,1785628800000,S1,shuttle,SITE1,V12,D0337,KA01AB1976,logout,1785670200000,1785670200000,20.04,21.93,24,16,closed,true
T000722,1785628800000,S2,shuttle,SITE4,V07,D0098,KA01AB1271,logout,1785691800000,1785691920000,41.56,44.06,24,23,closed,true
T000723,1785369600000,S3,nodal,SITE1,V10,D0034,KA01AB1022,logout,1785367800000,1785369900000,22.61,23.74,12,1,closed,true
T000724,1783123200000,S3,nodal,SITE2,V02,D0133,KA01AB0127,logout,1783121400000,1783121400000,41.88,40.60,12,2,closed,true
T000725,1786924800000,S1,nodal,SITE2,V07,D0387,KA01AB1434,logout,1786966200000,1786966320000,29.35,32.24,12,9,closed,true,UNEXPECTED_EXTRA_FIELD
T000726,1786233600000,S3,cab,SITE2,V02,D0029,KA01AB1269,logout,1786231800000,1786231860000,31.45,30.06,4,1,closed,true
T000727,1787788800000,S2,cab,SITE4,V10,D0247,KA01AB0014,login,1787819400000,1787819520000,17.88,17.82,4,1,closed,true
T000728,1783814400000,S1,shuttle,SITE1,V05,D0037,KA01AB1725,login,1783823400000,1783823460000,23.14,24.87,24,8,closed,true
T000729,1784764800000,S1,nodal,SITE1,V12,D0292,KA01AB1119,logout,1784806200000,1784806200000,10.24,10.93,12,12,closed,true
T000730,1781222400000,S1,shuttle,SITE4,V06,D0144,KA01AB0580,login,1781231400000,1781231580000,38.73,38.94,24,23,closed,true
T000731,1784937600000,S2,shuttle,SITE3,V05,D0015,KA01AB1490,logout,1785000600000,1785000780000,24.27,27.11,24,24,closed,true
T000732,1783641600000,S2,shuttle,SITE3,V05,D0116,KA01AB1849,login,1783672200000,1783672380000,28.49,32.71,24,3,closed,true
T000733,1787097600000,S3,shuttle,SITE1,V12,D0052,KA01AB0941,logout,1787095800000,1787095980000,42.84,42.67,24,19,closed,true
T000734,1786492800000,S3,shuttle,SITE3,V04,D0348,KA01AB1917,logout,1786491000000,1786491240000,40.96,44.76,24,4,closed,true
T000735,1785888000000,S3,cab,SITE4,V10,D0393,KA01AB1795,login,1785943800000,1785943920000,34.61,37.12,4,2,closed,true
T000736,1786924800000,S1,nodal,SITE1,V08,D0278,KA01AB0969,login,1786933800000,1786933860000,25.36,27.34,12,1,closed,true
T000737,1780963200000,S3,shuttle,SITE4,V05,D0362,KA01AB0546,logout,1780961400000,1780961460000,40.74,46.29,24,15,closed,true
T000738,1786924800000,S3,cab,SITE3,V06,D0068,KA01AB0504,login,1786980600000,1786980720000,25.32,28.56,4,4,closed,true
T000739,1786752000000,S3,cab,SITE2,V04,D0005,KA01AB0114,login,1786807800000,1786807860000,33.75,36.07,4,2,closed,true
T000740,1785024000000,S2,cab,SITE2,V11,D0356,KA01AB1975,logout,1785087000000,1785087120000,11.64,11.89,4,3,closed,true
T000741,1786579200000,S1,nodal,SITE3,V10,D0203,KA01AB0164,logout,1786620600000,1786620840000,20.59,22.08,12,3,closed,true
T000742,1788307200000,S1,shuttle,SITE4,V07,D0066,KA01AB0750,logout,1788348600000,1788348600000,32.87,34.77,24,7,closed,true
T000743,1787443200000,S1,shuttle,SITE3,V09,D0356,KA01AB0191,login,1787452200000,1787452440000,14.29,14.22,24,18,closed,true
T000744,1786752000000,S1,shuttle,SITE2,V01,D0059,KA01AB1650,login,1786761000000,1786761000000,25.66,25.74,24,8,closed,true
T000745,1783296000000,S2,nodal,SITE3,V04,D0378,KA01AB1584,login,1783326600000,1783326840000,31.45,33.11,12,8,closed,true
T000746,1784764800000,S2,nodal,SITE3,V10,D0260,KA01AB0770,logout,1784827800000,1784827800000,9.16,10.27,12,2,closed,true
T000747,1788134400000,S1,shuttle,SITE3,V10,D0209,KA01AB1239,logout,1788175800000,1788177480000,11.10,11.87,24,6,closed,true
T000748,1782432000000,S2,nodal,SITE2,V04,D0226,KA01AB1037,login,1782462600000,1782462660000,22.08,24.15,12,8,closed,true
T000749,1787616000000,S1,cab,SITE4,V03,D0078,KA01AB1519,logout,1787657400000,1787657520000,34.29,36.81,4,2,closed,true
T000750,1783987200000,S1,nodal,SITE1,V11,D0311,KA01AB0142,login,1783996200000,1783996320000,11.12,11.20,12,2,closed,true
T000751,1784246400000,S1,cab,SITE1,V07,D0367,KA01AB1972,login,1784255400000,1784255580000,42.40,46.92,4,3,closed,true
T000752,1782432000000,S3,cab,SITE1,V02,D0150,KA01AB1852,login,1782487800000,1782487860000,19.50,19.58,4,2,closed,true
T000753,1785542400000,S1,cab,SITE1,V03,D0166,KA01AB1188,login,1785551400000,1785551640000,29.38,29.25,4,1,closed,true
T000754,1781308800000,S2,shuttle,SITE3,V01,D0039,KA01AB0992,login,1781339400000,1781339520000,36.87,35.42,24,16,closed,true
T000755,1783641600000,S2,nodal,SITE2,V08,D0064,KA01AB0415,logout,1783704600000,1783704600000,23.07,23.00,12,3,closed,true
T000756,1783382400000,S2,cab,SITE4,V05,D0369,KA01AB1509,logout,1783445400000,1783445400000,30.08,30.40,4,4,closed,true
T000757,1787097600000,S1,shuttle,SITE4,V03,D0289,KA01AB0380,login,1787106600000,1787106780000,14.41,16.21,24,12,closed,true
T000758,1781395200000,S1,cab,SITE3,V11,D0353,KA01AB1247,logout,1781436600000,1781436600000,34.38,34.16,4,2,closed,true
T000759,1788048000000,S3,shuttle,SITE1,V01,D0113,KA01AB0332,logout,1788046200000,1788046380000,38.38,40.32,24,12,closed,true
T000760,1787961600000,S2,cab,SITE1,V05,D0292,KA01AB0073,login,1787992200000,1787992200000,13.83,14.05,4,1,closed,true
T000761,1788220800000,S3,cab,SITE1,V03,D0368,KA01AB1368,login,1788276600000,1788276720000,21.04,22.04,4,2,closed,true
T000762,1785974400000,S2,nodal,SITE3,V05,D0054,KA01AB1498,logout,1786037400000,1786037520000,29.16,32.49,12,1,closed,true
T000763,1786492800000,S1,shuttle,SITE1,V05,D0141,KA01AB1043,login,1786501800000,1786501800000,33.17,34.74,24,20,closed,true
T000764,1782777600000,S2,shuttle,SITE1,V10,D0392,KA01AB0559,logout,1782840600000,1782840720000,42.16,43.36,24,4,closed,true
T000765,1781049600000,S3,shuttle,SITE3,V10,D0280,KA01AB1199,login,1781105400000,1781107860000,33.48,38.22,24,12,closed,true
T000766,1787184000000,S3,nodal,SITE1,V12,D0056,KA01AB1784,logout,1787182200000,1787182380000,14.34,15.66,12,11,closed,true
T000767,1785110400000,S1,nodal,SITE1,V06,D0371,KA01AB1644,logout,1785151800000,1785151860000,39.82,42.17,12,11,closed,true
T000768,1784419200000,S1,nodal,SITE2,V04,D0020,KA01AB0854,login,1784428200000,1784428380000,25.91,25.01,12,8,closed,true
T000769,1784419200000,S1,shuttle,SITE2,V02,D0062,KA01AB0131,logout,1784460600000,1784460720000,11.04,10.60,24,16,closed,true
T000770,1783382400000,S2,shuttle,SITE2,V04,D0262,KA01AB1412,logout,1783445400000,1783445400000,31.09,31.12,24,15,closed,true
T000771,1782086400000,S2,nodal,SITE2,V12,D0267,KA01AB1448,login,1782117000000,1782117060000,30.46,33.49,12,6,closed,true
T000772,1781136000000,S1,cab,SITE2,V10,D0397,KA01AB1935,login,1781145000000,1781145000000,14.22,13.69,4,2,closed,true
T000773,1787011200000,S3,nodal,SITE2,V11,D0072,KA01AB0074,login,1787067000000,1787067240000,29.19,29.68,12,11,closed,true
T000774,1785542400000,S1,cab,SITE3,V07,D0030,KA01AB1479,logout,1785583800000,1785583980000,13.84,15.17,4,2,closed,true
T000775,1785110400000,S1,shuttle,SITE4,V04,D0190,KA01AB1140,login,1785119400000,1785119400000,26.15,26.23,24,21,closed,true
T000776,1787616000000,S2,cab,SITE2,V03,D0100,KA01AB0171,login,1787646600000,1787646840000,39.06,39.03,4,2,closed,true
T000777,1782345600000,S2,shuttle,SITE3,V11,D0345,KA01AB0404,login,1782376200000,1782376320000,17.16,16.80,24,22,closed,true
T000778,1781222400000,S1,nodal,SITE1,V03,D0313,KA01AB0662,logout,1781263800000,1781263980000,10.06,9.74,12,2,closed,true
T000779,1787443200000,S2,cab,SITE4,V03,D0118,KA01AB0098,login,1787473800000,1787473920000,11.53,12.33,4,2,closed,true
T000780,1783728000000,S2,nodal,SITE3,V08,D0108,KA01AB0087,logout,1783791000000,1783791180000,25.11,26.71,12,3,closed,true
T000781,1783382400000,S3,cab,SITE4,V08,D0228,KA01AB0422,login,1783438200000,1783440540000,34.46,35.05,4,3,closed,true
T000782,1783555200000,S1,shuttle,SITE1,V01,D0333,KA01AB1522,login,1783564200000,1783564200000,38.78,42.67,24,2,closed,true
T000783,1788480000000,S3,nodal,SITE1,V11,D0188,KA01AB1458,login,1788535800000,1788535980000,24.75,24.25,12,1,closed,true
T000784,1781308800000,S1,cab,SITE2,V10,D0027,KA01AB0515,logout,1781350200000,1781350440000,40.97,41.11,4,1,closed,true
T000785,1785628800000,S1,shuttle,SITE1,V09,D0352,KA01AB1817,login,1785637800000,1785638040000,33.54,34.02,24,24,closed,true
T000786,1784332800000,S2,nodal,SITE4,V07,D0087,KA01AB0737,login,1784363400000,1784363580000,15.84,15.83,12,2,closed,true
T000787,1784073600000,S1,cab,SITE3,V05,D0230,KA01AB0084,login,1784082600000,1784082780000,27.32,29.07,4,4,closed,true
T000788,1782864000000,S3,nodal,SITE1,V12,D0095,KA01AB0135,login,1782919800000,1782920040000,12.69,12.37,12,1,closed,true
T000789,1787788800000,S3,shuttle,SITE1,V08,D0141,KA01AB1957,login,1787844600000,1787844720000,8.74,9.89,24,17,closed,true
T000790,1786752000000,S3,shuttle,SITE2,V06,D0295,KA01AB0927,logout,1786750200000,1786750260000,26.75,30.36,24,19,closed,true
T000791,1782518400000,S2,shuttle,SITE1,V04,D0209,KA01AB1940,logout,1782581400000,1782581400000,14.48,14.58,24,24,closed,true
T000792,1785542400000,S2,nodal,SITE1,V01,D0091,KA01AB1460,login,1785573000000,1785575340000,25.05,24.86,12,11,closed,true
T000793,1788134400000,S2,shuttle,SITE1,V01,D0009,KA01AB0831,login,1788165000000,1788165240000,21.32,21.20,24,4,closed,true
T000794,1783987200000,S2,shuttle,SITE4,V12,D0078,KA01AB1550,login,1784017800000,1784017800000,26.91,26.43,24,11,closed,true
T000795,1788134400000,S2,cab,SITE4,V05,D0006,KA01AB0564,logout,1788197400000,1788197400000,15.46,16.19,4,4,closed,true
T000796,1785542400000,S3,shuttle,SITE2,V02,D0170,KA01AB0735,logout,1785540600000,1785543180000,33.49,34.71,24,22,closed,true
T000797,1785888000000,S3,nodal,SITE4,V06,D0294,KA01AB0745,logout,1785886200000,1785886440000,31.97,31.52,12,12,closed,true
T000798,1786492800000,S3,shuttle,SITE1,V01,D0120,KA01AB1802,login,1786548600000,1786548720000,11.08,12.29,24,11,closed,true
T000799,1784246400000,S3,shuttle,SITE4,V08,D0015,KA01AB1360,logout,1784244600000,1784245380000,33.59,36.74,24,16,closed,true
T000800,1786579200000,S1,nodal,SITE3,V01,D0199,KA01AB0235,logout,1786620600000,1786620840000,31.46,30.94,12,6,closed,true
T000801,1782604800000,S1,nodal,SITE2,V05,D0342,KA01AB1929,logout,1782646200000,1782646320000,12.42,12.16,12,9,closed,true
T000802,1788220800000,S3,nodal,SITE2,V06,D0043,KA01AB0710,login,1788276600000,,33.76,32.83,12,4,open,true
T000803,1781740800000,S1,nodal,SITE3,V12,D0084,KA01AB1376,login,1781749800000,1781749920000,30.76,31.99,12,3,closed,true
T000804,1784851200000,S1,nodal,SITE2,V10,D0009,KA01AB1851,login,1784860200000,1784860320000,18.83,21.05,12,1,closed,true
T000805,1788480000000,S1,cab,SITE1,V08,D0173,KA01AB0748,login,1788489000000,1788489000000,8.42,9.01,4,3,closed,true
T000806,1785369600000,S1,nodal,SITE1,V01,D0362,KA01AB0146,logout,1785411000000,1785411240000,14.05,14.22,12,11,closed,true
T000807,1781568000000,S2,shuttle,SITE1,V06,D0295,KA01AB0121,login,1781598600000,1781598660000,22.05,22.85,24,16,closed,true
T000808,1782345600000,S3,shuttle,SITE4,V12,D0249,KA01AB0723,login,1782401400000,1782403800000,14.91,15.99,24,2,closed,true
T000809,1786492800000,S2,shuttle,SITE4,V01,D0043,KA01AB0838,logout,1786555800000,1786555920000,30.83,30.85,24,5,closed,true
T000810,1785024000000,S3,cab,SITE2,V03,D0040,KA01AB0742,login,1785079800000,1785081540000,27.31,28.16,4,4,closed,true
T000811,1787702400000,S3,cab,SITE3,V12,D0360,KA01AB0323,login,1787758200000,1787758320000,9.88,10.71,4,4,closed,true
T000812,1783900800000,S2,cab,SITE4,V02,D0349,KA01AB0041,login,1783931400000,1783931760000,14.49,14.89,4,2,closed,true
T000813,1787529600000,S1,shuttle,SITE4,V01,D0115,KA01AB1332,login,1787538600000,1787538600000,23.72,24.62,24,19,closed,true
T000814,1783382400000,S3,nodal,SITE4,V01,D0006,KA01AB1723,login,1783438200000,1783438380000,14.48,16.34,12,12,closed,true
T000815,1782691200000,S3,shuttle,SITE3,V04,D0039,KA01AB0247,logout,1782689400000,1782690720000,41.57,41.85,24,4,closed,true
T000816,1788220800000,S1,nodal,SITE4,V08,D0283,KA01AB1912,login,1788229800000,1788230040000,13.23,14.82,12,8,closed,true
T000817,1785715200000,S3,shuttle,SITE2,V03,D0185,KA01AB0564,logout,1785713400000,1785714720000,22.97,24.78,24,6,closed,true
T000818,1782864000000,S2,nodal,SITE3,V05,D0145,KA01AB0857,logout,1782927000000,1782927000000,19.66,22.01,12,10,closed,true
T000819,1787184000000,S3,cab,SITE3,V07,D0284,KA01AB1915,login,1787239800000,1787239920000,13.72,13.13,4,3,closed,true
T000820,1783814400000,S1,nodal,SITE3,V06,D0220,KA01AB1829,login,1783823400000,1783823400000,32.63,32.43,12,1,closed,true
T000821,1782864000000,S3,cab,SITE1,V12,D0010,KA01AB0106,login,1782919800000,1782920040000,19.41,21.68,4,3,closed,true
T000822,1786665600000,S3,nodal,SITE2,V07,D0133,KA01AB1916,logout,1786663800000,1786663800000,32.14,36.74,12,12,closed,true
T000823,1781222400000,S2,nodal,SITE1,V03,D0399,KA01AB0751,login,1781253000000,1781253120000,10.41,11.23,12,1,closed,true
T000824,1780963200000,S1,cab,SITE4,V08,D0185,KA01AB0129,logout,1781004600000,1781004780000,25.07,28.79,4,1,closed,true
T000825,1781568000000,S2,cab,SITE4,V03,D0116,KA01AB1696,login,1781598600000,1781598720000,12.58,13.91,4,3,closed,true
T000826,1787011200000,S1,cab,SITE4,V02,D0183,KA01AB1595,login,1787020200000,,42.10,45.27,4,2,open,true
T000827,1783036800000,S1,nodal,SITE4,V03,D0252,KA01AB1500,login,1783045800000,1783045980000,14.97,14.84,12,1,closed,true
T000828,1781136000000,S2,shuttle,SITE1,V08,D0297,KA01AB0112,login,1781166600000,1781166780000,19.95,20.43,24,7,closed,true
T000829,1784505600000,S1,shuttle,SITE1,V06,D0294,KA01AB1406,login,1784514600000,1784514660000,32.14,31.45,24,20,closed,true
T000830,1784678400000,S3,cab,SITE3,V05,D0150,KA01AB1284,logout,1784676600000,1784676720000,17.30,17.22,4,4,closed,true
T000831,1782000000000,S3,shuttle,SITE4,V02,D0191,KA01AB0307,logout,1781998200000,1781998380000,8.47,8.93,24,2,closed,true
T000832,1781481600000,S2,nodal,SITE3,V06,D0198,KA01AB0292,logout,1781544600000,1781544660000,10.12,10.04,12,6,closed,true
T000833,1788393600000,S3,shuttle,SITE1,V12,D0278,KA01AB0050,login,1788449400000,1788449520000,16.77,18.78,24,18,closed,true
T000834,1787097600000,S3,shuttle,SITE2,V02,D0292,KA01AB1219,logout,1787095800000,1787095800000,11.08,11.50,24,18,closed,true
T000835,1786492800000,S2,nodal,SITE2,V12,D0142,KA01AB1906,logout,1786555800000,1786555980000,31.55,31.29,12,2,closed,true
T000836,1781827200000,S3,nodal,SITE1,V11,D0326,KA01AB0166,logout,1781825400000,1781825760000,21.08,21.48,12,10,closed,true
T000837,1783123200000,S3,shuttle,SITE2,V10,D0386,KA01AB0871,login,1783179000000,1783179240000,8.76,8.70,24,18,closed,true
T000838,1783382400000,S1,shuttle,SITE2,V07,D0187,KA01AB1177,login,1783391400000,1783391640000,31.41,35.84,24,5,closed,true
T000839,1781395200000,S2,shuttle,SITE2,V03,D0355,KA01AB0902,login,1781425800000,1781425980000,23.41,24.27,24,2,closed,true
T000840,1787616000000,S3,cab,SITE1,V09,D0056,KA01AB1005,login,1787671800000,1787672520000,42.66,43.22,4,2,closed,true
T000841,1782604800000,S3,cab,SITE2,V02,D0375,KA01AB1005,logout,1782603000000,1782604140000,41.24,45.07,4,4,closed,true
T000842,1782172800000,S1,nodal,SITE1,V02,D0007,KA01AB0985,logout,1782214200000,1782214260000,30.42,31.32,12,6,closed,true
T000843,1785283200000,S2,nodal,SITE2,V04,D0080,KA01AB0795,logout,1785346200000,1785346200000,21.75,22.39,12,2,closed,true
T000844,1785715200000,S1,nodal,SITE1,V07,D0149,KA01AB1753,login,1785724200000,1785726660000,29.57,32.58,12,7,closed,true
T000845,1782000000000,S2,shuttle,SITE4,V01,D0302,KA01AB1082,login,1782030600000,1782030600000,33.06,33.07,24,7,closed,true
T000846,1783814400000,S1,shuttle,SITE4,V03,D0243,KA01AB0648,logout,1783855800000,1783857180000,31.07,31.20,24,23,closed,true
T000847,1783382400000,S2,cab,SITE4,V08,D0290,KA01AB0041,login,1783413000000,1783415280000,18.95,21.03,4,2,closed,true
T000848,1785110400000,S2,nodal,SITE1,V12,D0144,KA01AB0867,logout,1785173400000,1785173520000,41.62,46.17,12,4,closed,true
T000849,1782691200000,S1,cab,SITE3,V01,D0340,KA01AB1627,login,1782700200000,1782700380000,37.85,38.08,4,4,closed,true
T000850,1781568000000,S1,nodal,SITE4,V09,D0316,KA01AB0283,login,1781577000000,1781577240000,8.69,9.41,12,5,closed,true
T000851,1787616000000,S2,shuttle,SITE4,V12,D0208,KA01AB1108,login,1787646600000,1787646720000,18.26,18.96,24,11,closed,true
T000852,1787443200000,S1,nodal,SITE4,V11,D0189,KA01AB1792,logout,1787484600000,1787484780000,16.75,16.85,12,6,closed,true
T000853,1781049600000,S1,shuttle,SITE1,V04,D0163,KA01AB1030,logout,1781091000000,1781091060000,23.76,24.12,24,1,closed,true
T000854,1786060800000,S2,shuttle,SITE4,V02,D0236,KA01AB1422,logout,1786123800000,1786123980000,39.12,40.02,24,4,closed,true
T000855,1786406400000,S1,shuttle,SITE1,V02,D0098,KA01AB1918,logout,1786447800000,1786447980000,18.78,18.01,24,14,closed,true
T000856,1780876800000,S2,nodal,SITE3,V01,D0321,KA01AB0017,logout,1780939800000,1780939980000,10.48,11.22,12,1,closed,true
T000857,1781740800000,S2,shuttle,SITE2,V08,D0090,KA01AB1360,login,1781771400000,1781771520000,13.91,14.70,24,21,closed,true
T000858,1785110400000,S3,nodal,SITE4,V06,D0257,KA01AB0072,login,1785166200000,1785166200000,15.13,15.95,12,8,closed,true
T000859,1786752000000,S1,cab,SITE3,V07,D0388,KA01AB1791,login,1786761000000,1786761240000,23.65,25.66,4,3,closed,true
T000860,1786492800000,S3,shuttle,SITE1,V06,D0243,KA01AB0764,login,1786548600000,1786548720000,19.09,21.45,24,4,closed,true
T000861,1785888000000,S3,cab,SITE1,V04,D0357,KA01AB1573,logout,1785886200000,1785887400000,35.66,35.64,4,4,closed,true
T000862,1782259200000,S3,shuttle,SITE4,V12,D0298,KA01AB1594,logout,1782257400000,1782257940000,31.45,36.03,24,9,closed,true
T000863,1780963200000,S2,shuttle,SITE4,V07,D0389,KA01AB0157,login,1780993800000,1780993800000,14.78,16.19,24,15,closed,true
T000864,1785888000000,S1,nodal,SITE4,V08,D0308,KA01AB0129,login,1785897000000,1785899100000,26.11,26.56,12,11,closed,true
T000865,1783382400000,S2,shuttle,SITE4,V11,D0158,KA01AB1206,logout,1783445400000,1783445520000,19.30,21.94,24,15,closed,true
T000866,1787875200000,S2,nodal,SITE3,V02,D0327,KA01AB0413,logout,1787938200000,1787938440000,11.64,12.60,12,3,closed,true
T000867,1786406400000,S3,cab,SITE4,V08,D0399,KA01AB1614,logout,1786404600000,1786404840000,36.52,39.70,4,1,closed,true
T000868,1781740800000,S1,nodal,SITE1,V04,D0035,KA01AB1475,logout,1781782200000,1781782200000,21.83,22.00,12,4,closed,true
T000869,1782432000000,S3,shuttle,SITE1,V06,D0244,KA01AB1262,logout,1782430200000,1782430440000,30.43,30.02,24,11,closed,true
T000870,1783641600000,S3,nodal,SITE3,V02,D0184,KA01AB0816,logout,1783639800000,1783640040000,16.00,15.36,12,1,closed,true
T000871,1784678400000,S3,cab,SITE2,V08,D0134,KA01AB1094,logout,1784676600000,1784676780000,11.39,11.10,4,1,closed,true
T000872,1781136000000,S1,shuttle,SITE4,V09,D0326,KA01AB1488,login,1781145000000,1781145180000,31.24,34.57,24,3,closed,true
T000873,1785110400000,S3,shuttle,SITE3,V04,D0388,KA01AB1757,logout,1785108600000,1785110340000,20.82,23.76,24,24,closed,true
T000874,1787184000000,S1,nodal,SITE1,V08,D0362,KA01AB0167,logout,1787225400000,1787225640000,42.68,41.71,12,12,closed,true
T000875,1780790400000,S2,cab,SITE4,V12,D0113,KA01AB0392,logout,1780853400000,1780853580000,30.08,34.46,4,3,closed,true
T000876,1783296000000,S1,nodal,SITE1,V03,D0131,KA01AB1739,logout,1783337400000,1783337460000,34.65,34.64,12,8,closed,true
T000877,1782950400000,S3,nodal,SITE2,V08,D0317,KA01AB1129,login,1783006200000,1783006380000,31.85,34.37,12,9,closed,true
T000878,1782000000000,S1,cab,SITE1,V02,D0348,KA01AB0595,login,1782009000000,1782009060000,9.39,10.32,4,4,closed,true
T000879,1785110400000,S3,shuttle,SITE4,V02,D0007,KA01AB0984,login,1785166200000,1785166380000,26.13,28.11,24,20,closed,true
T000880,1782518400000,S1,shuttle,SITE3,V10,D0325,KA01AB1238,login,1782527400000,1782527640000,31.61,34.20,24,24,closed,true
T000881,1783123200000,S3,cab,SITE2,V10,D0073,KA01AB1386,logout,1783121400000,1783121580000,8.26,9.45,4,1,closed,true
T000882,1785024000000,S3,cab,SITE4,V02,D0335,KA01AB0735,logout,1785022200000,1785023280000,13.50,13.75,4,1,closed,true
T000883,1784160000000,S3,shuttle,SITE1,V01,D0013,KA01AB0455,logout,1784158200000,1784158260000,17.93,17.87,24,15,closed,true
T000884,1783296000000,S3,shuttle,SITE3,V08,D0285,KA01AB0391,logout,1783294200000,1783294440000,32.61,35.99,24,9,closed,true
T000885,1781308800000,S1,cab,SITE2,V11,D0218,KA01AB0903,login,1781317800000,1781319240000,19.14,19.16,4,3,closed,true
T000886,1783987200000,S3,nodal,SITE2,V05,D0160,KA01AB0469,login,1784043000000,1784044560000,27.43,26.78,12,2,closed,true
T000887,1787702400000,S3,nodal,SITE2,V02,D0304,KA01AB0356,logout,1787700600000,1787700780000,19.22,20.59,12,11,closed,true
T000888,1784419200000,S1,cab,SITE1,V04,D0350,KA01AB0837,logout,1784460600000,1784460840000,29.23,28.67,4,1,closed,true
T000889,1784073600000,S2,nodal,SITE3,V12,D0085,KA01AB1347,login,1784104200000,1784105880000,23.27,25.96,12,1,closed,true
T000890,1788048000000,S3,cab,SITE1,V07,D0024,KA01AB1252,logout,1788046200000,,35.51,33.94,4,3,open,false
T000891,1781136000000,S3,shuttle,SITE4,V12,D0357,KA01AB0290,login,1781191800000,1781192040000,27.02,29.48,24,22,closed,true
T000892,1782518400000,S3,shuttle,SITE4,V03,D0025,KA01AB0464,logout,1782516600000,1782517320000,34.00,36.67,24,15,closed,true
T000893,1781049600000,S1,nodal,SITE4,V07,D0287,KA01AB1708,login,1781058600000,1781058660000,40.83,41.64,12,10,closed,true
T000894,1784592000000,S3,nodal,SITE2,V03,D0361,KA01AB1917,login,1784647800000,1784647800000,32.30,34.74,12,4,closed,true
T000895,1782432000000,S1,nodal,SITE4,V11,D0105,KA01AB1452,login,1782441000000,1782441180000,10.06,11.44,12,7,closed,true
T000896,1785196800000,S3,nodal,SITE1,V04,D0355,KA01AB1369,logout,1785195000000,1785195060000,17.28,18.88,12,3,closed,true
T000897,1786147200000,S3,cab,SITE3,V07,D0397,KA01AB0936,login,1786203000000,1786203000000,23.54,23.64,4,1,closed,true
T000898,1782172800000,S3,cab,SITE1,V02,D0324,KA01AB1397,login,1782228600000,1782231300000,36.77,41.46,4,3,closed,true
T000899,1787443200000,S3,shuttle,SITE2,V04,D0296,KA01AB0061,login,1787499000000,1787499240000,18.49,18.74,24,4,closed,true
T000900,1781827200000,S1,cab,SITE4,V01,D0052,KA01AB0906,login,1781836200000,1781836320000,17.18,18.34,4,4,closed,true
T000901,1786492800000,S2,nodal,SITE2,V08,D0370,KA01AB0225,login,1786523400000,1786523520000,30.35,33.95,12,3,closed,true
T000902,1781568000000,S3,cab,SITE2,V10,D0295,KA01AB1888,logout,1781566200000,1781566260000,12.83,12.33,4,2,closed,true
T000903,1784419200000,S1,nodal,SITE4,V12,D0255,KA01AB0600,logout,1784460600000,1784460600000,21.73,22.87,12,7,closed,true
T000904,1782345600000,S3,cab,SITE3,V06,D0136,KA01AB0321,login,1782401400000,1782401580000,41.46,46.55,4,2,closed,true
T000905,1782950400000,S3,nodal,SITE4,V11,D0252,KA01AB1896,login,1783006200000,1783006260000,13.68,13.45,12,2,closed,true
T000906,1785456000000,S1,shuttle,SITE2,V03,D0129,KA01AB0132,login,1785465000000,1785465180000,28.48,28.16,24,4,closed,true
T000907,1788307200000,S2,cab,SITE1,V04,D0208,KA01AB1432,logout,1788370200000,1788370380000,33.64,32.51,4,3,closed,true
T000908,1787616000000,S2,nodal,SITE2,V03,D0359,KA01AB1748,logout,1787679000000,1787679000000,8.97,8.75,12,11,closed,true
T000909,1786838400000,S2,cab,SITE2,V04,D0178,KA01AB1579,login,1786869000000,1786869000000,10.40,10.63,4,3,closed,true
T000910,1785369600000,S1,nodal,SITE1,V01,D0257,KA01AB1810,login,1785378600000,1785378660000,14.97,16.44,12,3,closed,true
T000911,1784419200000,S1,nodal,SITE1,V12,D0079,KA01AB1317,logout,1784460600000,1784460660000,18.46,19.23,12,10,closed,true
T000912,1781395200000,S1,cab,SITE4,V05,D0146,KA01AB0976,logout,1781436600000,1781436660000,24.64,24.32,4,1,closed,true
T000913,1784246400000,S3,nodal,SITE1,V03,D0217,KA01AB1713,logout,1784244600000,1784244720000,27.94,32.12,12,11,closed,true
T000914,1784851200000,S1,cab,SITE4,V04,D0233,KA01AB0656,logout,1784892600000,1784892600000,37.45,42.12,4,4,closed,true
T000915,1781568000000,S2,nodal,SITE3,V05,D0071,KA01AB0848,logout,1781631000000,1781631120000,13.10,13.96,12,8,closed,true,UNEXPECTED_EXTRA_FIELD
T000916,1784246400000,S3,nodal,SITE3,V07,D0184,KA01AB1924,login,1784302200000,1784302440000,14.44,16.49,12,7,closed,true
T000917,1782259200000,S3,nodal,SITE3,V05,D0187,KA01AB1482,logout,1782257400000,1782257640000,20.89,20.16,12,6,closed,true
T000918,1782604800000,S3,cab,SITE4,V12,D0119,KA01AB0732,login,1782660600000,1782660780000,37.52,38.72,4,4,closed,true
T000919,1784764800000,S2,shuttle,SITE3,V03,D0197,KA01AB0901,login,1784795400000,1784796000000,32.78,31.44,24,15,closed,true
T000920,1786320000000,S3,shuttle,SITE4,V07,D0115,KA01AB1014,login,1786375800000,1786375800000,21.10,22.81,24,24,closed,true
T000921,1782172800000,S1,cab,SITE2,V08,D0309,KA01AB1645,login,1782181800000,1782184500000,37.58,43.00,4,1,closed,true
T000922,1788393600000,S1,shuttle,SITE2,V08,D0032,KA01AB1464,logout,1788435000000,1788435000000,29.74,30.57,24,9,closed,true
T000923,1787616000000,S2,nodal,SITE1,V02,D0333,KA01AB0051,logout,1787679000000,,14.32,14.15,12,7,open,true
T000924,1782086400000,S1,shuttle,SITE3,V05,D0302,KA01AB0285,logout,1782127800000,1782127860000,24.36,27.82,24,8,closed,true
T000925,1785888000000,S1,nodal,SITE2,V12,D0212,KA01AB1370,login,1785897000000,1785897060000,26.86,25.71,12,6,closed,true
T000926,1784764800000,S2,nodal,SITE3,V07,D0160,KA01AB1785,login,1784795400000,1784795640000,27.57,26.66,12,12,closed,true
T000927,1781481600000,S2,cab,SITE4,V10,D0285,KA01AB0834,logout,1781544600000,1781544780000,41.09,41.63,4,3,closed,true
T000928,1787270400000,S3,nodal,SITE1,V11,D0309,KA01AB1562,login,1787326200000,1787326440000,11.04,12.46,12,12,closed,true
T000929,1788307200000,S3,shuttle,SITE4,V11,D0317,KA01AB1262,login,1788363000000,1788363540000,19.93,19.34,24,23,closed,true
T000930,1788393600000,S1,cab,SITE1,V01,D0346,KA01AB1794,logout,1788435000000,1788435180000,17.39,18.39,4,3,closed,true
T000931,1788307200000,S3,shuttle,SITE2,V05,D0163,KA01AB1461,login,1788363000000,1788363000000,31.96,32.62,24,6,closed,true
T000932,1787443200000,S1,shuttle,SITE1,V09,D0022,KA01AB1364,login,1787452200000,1787452200000,19.59,20.69,24,20,closed,true
T000933,1787702400000,S1,nodal,SITE1,V02,D0295,KA01AB1762,login,1787711400000,1787711460000,12.65,13.66,12,5,closed,true
T000934,1785542400000,S2,cab,SITE4,V07,D0094,KA01AB0279,logout,1785605400000,1785605520000,32.05,36.19,4,3,closed,true
T000935,1782604800000,S1,nodal,SITE4,V01,D0234,KA01AB0182,logout,1782646200000,1782647880000,39.01,40.22,12,10,closed,true
T000936,1786320000000,S2,shuttle,SITE1,V03,D0119,KA01AB0686,login,1786350600000,1786350720000,26.85,26.78,24,3,closed,true
T000937,1784592000000,S1,nodal,SITE2,V07,D0350,KA01AB1507,login,1784601000000,1784601180000,28.89,31.44,12,1,closed,true
T000938,1787097600000,S3,shuttle,SITE2,V10,D0284,KA01AB0115,logout,1787095800000,1787095800000,10.45,10.03,24,17,closed,true
T000939,1786406400000,S1,shuttle,SITE4,V08,D0127,KA01AB1692,login,1786415400000,1786415520000,34.96,34.07,24,15,closed,true
T000940,1783987200000,S3,cab,SITE1,V08,D0274,KA01AB0785,login,1784043000000,1784044080000,41.50,42.88,4,2,closed,true
T000941,1786838400000,S1,cab,SITE2,V10,D0340,KA01AB0314,login,1786847400000,1786847460000,33.82,37.48,4,2,closed,true
T000942,1786752000000,S1,nodal,SITE4,V02,D0077,KA01AB1106,login,1786761000000,1786761120000,22.92,24.24,12,7,closed,true
T000943,1786320000000,S3,cab,SITE4,V01,D0007,KA01AB0851,login,1786375800000,1786377780000,20.10,21.06,4,4,closed,true
T000944,1782000000000,S3,shuttle,SITE1,V06,D0118,KA01AB1652,logout,1781998200000,1781998320000,28.11,28.15,24,8,closed,true
T000945,1788134400000,S1,shuttle,SITE3,V07,D0260,KA01AB0941,logout,1788175800000,1788175920000,42.48,41.53,24,20,closed,true
T000946,1783987200000,S3,shuttle,SITE2,V08,D0003,KA01AB1314,login,1784043000000,1784044380000,13.43,13.47,24,9,closed,true
T000947,1781308800000,S3,shuttle,SITE2,V04,D0106,KA01AB1308,logout,1781307000000,1781307000000,17.09,19.61,24,1,closed,true
T000948,1788134400000,S1,shuttle,SITE1,V08,D0161,KA01AB1857,login,1788143400000,1788143460000,20.68,23.09,24,3,closed,true
T000949,1781654400000,S3,cab,SITE3,V03,D0390,KA01AB1672,login,1781710200000,1781711820000,17.97,20.00,4,2,closed,true
T000950,1785801600000,S3,nodal,SITE4,V05,D0213,KA01AB0476,logout,1785799800000,1785799800000,22.31,23.71,12,10,closed,true
T000951,1782864000000,S1,cab,SITE4,V03,D0226,KA01AB0137,logout,1782905400000,1782905460000,40.60,38.66,4,2,closed,true
T000952,1783468800000,S3,nodal,SITE3,V01,D0156,KA01AB1826,login,1783524600000,1783527240000,41.17,40.85,12,11,closed,true
T000953,1787961600000,S2,nodal,SITE2,V10,D0115,KA01AB1699,logout,1788024600000,1788024660000,17.91,19.77,12,8,closed,true
T000954,1780790400000,S1,nodal,SITE1,V07,D0325,KA01AB0479,logout,1780831800000,1780831980000,15.90,15.73,12,10,closed,true
T000955,1784332800000,S2,cab,SITE2,V10,D0176,KA01AB1839,logout,1784395800000,1784396040000,31.73,35.68,4,4,closed,true
T000956,1781395200000,S1,nodal,SITE2,V08,D0221,KA01AB0157,login,1781404200000,,29.05,29.39,12,9,open,true
T000957,1781481600000,S1,cab,SITE1,V04,D0095,KA01AB0593,login,1781490600000,1781490600000,29.07,31.80,4,3,closed,true
T000958,1786752000000,S2,cab,SITE4,V02,D0235,KA01AB1536,login,1786782600000,1786784820000,29.59,28.70,4,2,closed,true
T000959,1782345600000,S1,cab,SITE4,V02,D0101,KA01AB1827,logout,1782387000000,1782387120000,27.34,29.38,4,4,closed,true
T000960,1782345600000,S2,cab,SITE1,V04,D0081,KA01AB0905,login,1782376200000,1782376200000,28.48,27.48,4,3,closed,true
T000961,1781481600000,S1,nodal,SITE1,V07,D0380,KA01AB0878,logout,1781523000000,1781523060000,17.85,17.42,12,11,closed,true
T000962,1787011200000,S2,nodal,SITE3,V11,D0060,KA01AB0226,login,1787041800000,1787041800000,36.35,39.36,12,6,closed,true
T000963,1782432000000,S3,shuttle,SITE3,V05,D0025,KA01AB1979,login,1782487800000,1782487920000,24.48,27.96,24,16,closed,true
T000964,1785369600000,S2,nodal,SITE4,V08,D0020,KA01AB0612,login,1785400200000,1785400260000,11.68,12.50,12,11,closed,true
T000965,1782518400000,S3,cab,SITE2,V06,D0305,KA01AB1082,login,1782574200000,1782574200000,37.22,37.24,4,3,closed,true
T000966,1785888000000,S3,shuttle,SITE2,V08,D0057,KA01AB0994,logout,1785886200000,1785888000000,11.29,10.91,24,12,closed,true
T000967,1786492800000,S3,shuttle,SITE2,V09,D0337,KA01AB0507,login,1786548600000,1786548780000,27.77,26.89,24,7,closed,true
T000968,1783555200000,S2,cab,SITE1,V04,D0115,KA01AB0127,logout,1783618200000,1783618260000,41.47,41.64,4,2,closed,true
T000969,1783814400000,S1,nodal,SITE1,V06,D0184,KA01AB1408,login,1783823400000,1783823400000,15.02,14.39,12,12,closed,true
T000970,1786406400000,S2,cab,SITE1,V06,D0232,KA01AB1718,logout,1786469400000,1786469400000,16.14,17.24,4,3,closed,true
T000971,1781913600000,S2,shuttle,SITE3,V08,D0377,KA01AB1618,login,1781944200000,1781944320000,39.32,44.26,24,14,closed,true
T000972,1784678400000,S2,nodal,SITE4,V01,D0273,KA01AB0519,login,1784709000000,1784709000000,18.01,19.99,12,1,closed,true
T000973,1786492800000,S2,nodal,SITE2,V08,D0324,KA01AB0157,login,1786523400000,1786523400000,35.35,34.08,12,6,closed,true
T000974,1786924800000,S2,nodal,SITE1,V11,D0034,KA01AB1727,login,1786955400000,1786955460000,19.62,22.54,12,10,closed,true
T000975,1786752000000,S2,cab,SITE4,V02,D0023,KA01AB0456,login,1786782600000,1786782840000,12.14,12.57,4,4,closed,true
T000976,1783900800000,S1,cab,SITE3,V07,D0093,KA01AB1286,login,1783909800000,1783909920000,30.22,31.15,4,4,closed,true
T000977,1781481600000,S2,cab,SITE3,V08,D0262,KA01AB1525,login,1781512200000,1781512320000,28.25,32.38,4,3,closed,true
T000978,1786320000000,S2,nodal,SITE4,V10,D0254,KA01AB0131,logout,1786383000000,1786383060000,9.52,9.34,12,10,closed,true
T000979,1784073600000,S2,nodal,SITE3,V02,D0081,KA01AB1417,logout,1784136600000,1784136780000,27.06,28.27,12,4,closed,true
T000980,1785369600000,S3,cab,SITE3,V12,D0308,KA01AB0281,login,1785425400000,1785426240000,13.99,13.41,4,3,closed,true
T000981,1781395200000,S2,cab,SITE4,V06,D0132,KA01AB0186,login,1781425800000,1781425800000,15.97,17.19,4,1,closed,true
T000982,1786665600000,S1,cab,SITE3,V04,D0235,KA01AB1277,login,1786674600000,1786676760000,30.53,33.07,4,2,closed,true
T000983,1782950400000,S1,nodal,SITE1,V06,D0336,KA01AB0563,login,1782959400000,1782959400000,17.65,19.75,12,6,closed,true
T000984,1783900800000,S1,cab,SITE3,V07,D0218,KA01AB1067,login,1783909800000,1783909980000,22.37,23.76,4,4,closed,true
T000985,1782000000000,S1,nodal,SITE4,V02,D0277,KA01AB1657,login,1782009000000,1782009240000,39.41,37.80,12,8,closed,true
T000986,1787097600000,S3,shuttle,SITE1,V06,D0221,KA01AB1285,logout,1787095800000,1787096040000,28.19,31.07,24,6,closed,true
T000987,1782864000000,S1,shuttle,SITE2,V10,D0037,KA01AB1042,login,1782873000000,1782873240000,38.77,41.59,24,18,closed,true
T000988,1782432000000,S3,cab,SITE3,V07,D0092,KA01AB1851,logout,1782430200000,1782430440000,9.32,9.97,4,1,closed,false
T000989,1783555200000,S2,shuttle,SITE1,V07,D0275,KA01AB1838,login,1783585800000,1783586520000,36.68,37.53,24,22,closed,true
T000990,1783468800000,S2,nodal,SITE3,V07,D0137,KA01AB1456,logout,1783531800000,1783531860000,31.20,32.81,12,7,closed,false
T000991,1787616000000,S2,nodal,SITE3,V02,D0168,KA01AB0254,login,1787646600000,1787646720000,16.63,16.28,12,4,closed,true
T000992,1788220800000,S2,cab,SITE1,V02,D0322,KA01AB1483,logout,1788283800000,1788283860000,22.49,25.19,4,3,closed,true
T000993,1781481600000,S3,shuttle,SITE1,V11,D0274,KA01AB0358,logout,1781479800000,1781479800000,38.43,40.54,24,2,closed,true
T000994,1782000000000,S1,cab,SITE4,V06,D0142,KA01AB1301,login,1782009000000,1782009240000,15.71,16.32,4,1,closed,true
T000995,1786233600000,S3,nodal,SITE3,V06,D0116,KA01AB0430,login,1786289400000,1786289400000,39.86,39.67,12,10,closed,true
T000996,1786147200000,S2,nodal,SITE3,V03,D0384,KA01AB0918,logout,1786210200000,1786210440000,29.20,28.97,12,6,closed,true
T000997,1781481600000,S2,cab,SITE3,V04,D0059,KA01AB1990,logout,1781544600000,1781544660000,26.90,30.81,4,2,closed,true
T000998,1786752000000,S2,nodal,SITE3,V12,D0146,KA01AB1084,login,1786782600000,1786783500000,28.10,28.17,12,12,closed,true
T000999,1783900800000,S2,nodal,SITE3,V01,D0386,KA01AB0475,logout,1783963800000,1783963920000,8.68,9.60,12,3,closed,true
T001000,1782172800000,S2,nodal,SITE2,V11,D0075,KA01AB0101,login,1782203400000,1782203520000,12.25,13.06,12,4,closed,true
T001001,1783814400000,S2,cab,SITE3,V05,D0165,KA01AB0162,logout,1783877400000,1783877580000,10.85,10.95,4,4,closed,true
T001002,1782086400000,S2,shuttle,SITE4,V08,D0001,KA01AB1680,logout,1782149400000,1782149520000,16.25,18.14,24,8,closed,true
T001003,1782864000000,S1,shuttle,SITE2,V05,D0123,KA01AB1346,login,1782873000000,1782873120000,15.23,16.37,24,22,closed,true
T001004,1781395200000,S2,cab,SITE3,V04,D0081,KA01AB1366,logout,1781458200000,1781458320000,38.56,37.07,4,3,closed,true
T001005,1786579200000,S3,cab,SITE4,V06,D0244,KA01AB0731,logout,1786577400000,1786577580000,26.83,27.50,4,3,closed,true
T001006,1786579200000,S2,shuttle,SITE4,V07,D0250,KA01AB0254,login,1786609800000,1786609920000,39.58,42.51,24,1,closed,true
T001007,1788307200000,S1,cab,SITE2,V09,D0292,KA01AB1801,logout,1788348600000,1788348660000,26.00,26.45,4,3,closed,true
T001008,1786147200000,S2,shuttle,SITE4,V09,D0362,KA01AB0159,logout,1786210200000,1786210200000,28.73,27.64,24,4,closed,true
T001009,1788048000000,S3,shuttle,SITE2,V02,D0051,KA01AB0274,login,1788103800000,1788103980000,8.04,9.19,24,22,closed,true
T001010,1783382400000,S2,cab,SITE2,V05,D0290,KA01AB1154,login,1783413000000,1783413120000,25.10,25.93,4,1,closed,true
T001011,1783641600000,S3,nodal,SITE1,V07,D0304,KA01AB1075,logout,1783639800000,1783639860000,25.51,29.09,12,9,closed,true
T001012,1784073600000,S1,nodal,SITE4,V07,D0085,KA01AB1194,login,1784082600000,1784082780000,28.51,29.85,12,5,closed,true
T001013,1783209600000,S1,nodal,SITE3,V09,D0050,KA01AB1985,login,1783218600000,1783218600000,35.17,38.40,12,12,closed,true
T001014,1782950400000,S3,shuttle,SITE2,V04,D0030,KA01AB1441,logout,1782948600000,1782948660000,40.82,40.16,24,19,closed,true
T001015,1782172800000,S2,nodal,SITE1,V02,D0225,KA01AB0757,login,1782203400000,1782203400000,26.98,27.55,12,10,closed,true
T001016,1783209600000,S1,shuttle,SITE2,V09,D0067,KA01AB0078,login,1783218600000,1783218840000,19.62,19.49,24,16,closed,true
T001017,1781222400000,S3,shuttle,SITE2,V11,D0352,KA01AB0578,logout,1781220600000,1781221320000,21.84,25.09,24,16,closed,true
T001018,1785024000000,S3,nodal,SITE2,V10,D0316,KA01AB1873,login,1785079800000,1785079860000,19.58,21.58,12,8,closed,true
T001019,1787702400000,S1,cab,SITE4,V06,D0091,KA01AB1592,logout,1787743800000,1787743980000,30.27,33.81,4,3,closed,true
T001020,1782432000000,S2,shuttle,SITE3,V03,D0396,KA01AB0045,login,1782462600000,1782462720000,11.10,11.24,24,19,closed,true
T001021,1787702400000,S3,nodal,SITE4,V11,D0148,KA01AB0999,logout,1787700600000,,15.11,15.62,12,7,open,true
T001022,1781395200000,S1,nodal,SITE2,V05,D0244,KA01AB1073,logout,1781436600000,1781436600000,32.17,36.53,12,6,closed,true
T001023,1787097600000,S2,nodal,SITE3,V10,D0298,KA01AB0981,login,1787128200000,1787128320000,23.46,23.86,12,6,closed,true
T001024,1784851200000,S3,shuttle,SITE4,V02,D0325,KA01AB0837,logout,1784849400000,1784849460000,18.97,18.23,24,3,closed,true
T001025,1782086400000,S3,nodal,SITE1,V08,D0335,KA01AB0109,logout,1782084600000,1782084780000,30.18,32.23,12,6,closed,false
T001026,1785110400000,S3,shuttle,SITE2,V07,D0383,KA01AB0204,login,1785166200000,1785167340000,28.42,31.04,24,7,closed,true
T001027,1782345600000,S1,shuttle,SITE2,V09,D0024,KA01AB1258,login,1782354600000,1782354840000,13.54,13.14,24,7,closed,true
T001028,1783123200000,S2,cab,SITE3,V10,D0091,KA01AB0644,login,1783153800000,1783154040000,8.98,8.64,4,1,closed,true
T001029,1786924800000,S2,nodal,SITE1,V03,D0099,KA01AB0384,logout,1786987800000,1786987860000,33.26,37.49,12,3,closed,true
T001030,1781481600000,S2,nodal,SITE4,V01,D0375,KA01AB1528,logout,1781544600000,1781544600000,9.95,9.47,12,12,closed,true
T001031,1780876800000,S1,cab,SITE2,V11,D0336,KA01AB0571,login,1780885800000,1780885860000,24.39,26.77,4,3,closed,true
T001032,1786147200000,S3,shuttle,SITE4,V11,D0032,KA01AB0457,login,1786203000000,1786203120000,27.55,29.05,24,9,closed,true
T001033,1782172800000,S1,shuttle,SITE3,V02,D0344,KA01AB1272,login,1782181800000,1782182040000,35.05,38.05,24,13,closed,true
T001034,1782518400000,S1,nodal,SITE1,V09,D0109,KA01AB0141,logout,1782559800000,1782559800000,27.30,28.15,12,10,closed,true
T001035,1784332800000,S2,cab,SITE3,V03,D0259,KA01AB1500,login,1784363400000,1784364120000,41.47,41.45,4,1,closed,true
T001036,1781049600000,S1,shuttle,SITE2,V07,D0166,KA01AB0320,logout,1781091000000,1781091240000,39.64,40.96,24,15,closed,true
T001037,1788220800000,S2,shuttle,SITE1,V06,D0075,KA01AB0118,login,1788251400000,1788251640000,25.71,29.51,24,23,closed,true
T001038,1783382400000,S1,nodal,SITE1,V11,D0149,KA01AB0991,logout,1783423800000,,35.39,35.27,12,8,open,true
T001039,1782864000000,S3,nodal,SITE4,V12,D0273,KA01AB1169,logout,1782862200000,1782862380000,22.55,23.48,12,4,closed,true
T001040,1782518400000,S1,nodal,SITE4,V08,D0369,KA01AB0457,login,1782527400000,1782528060000,12.64,14.51,12,12,closed,true
T001041,1784419200000,S1,nodal,SITE1,V12,D0183,KA01AB0737,login,1784428200000,1784428260000,34.69,38.16,12,9,closed,true,UNEXPECTED_EXTRA_FIELD
T001042,1787443200000,S2,nodal,SITE1,V09,D0037,KA01AB0270,logout,1787506200000,1787506200000,18.54,17.72,12,3,closed,true
T001043,1788307200000,S2,nodal,SITE4,V05,D0284,KA01AB0142,logout,1788370200000,1788370440000,13.13,12.51,12,11,closed,true
T001044,1780963200000,S3,shuttle,SITE4,V08,D0006,KA01AB1448,login,1781019000000,1781019120000,42.52,44.07,24,11,closed,true
T001045,1786665600000,S2,nodal,SITE4,V04,D0087,KA01AB1363,logout,1786728600000,1786728720000,28.30,30.08,12,2,closed,true
T001046,1784073600000,S3,nodal,SITE2,V10,D0230,KA01AB0948,login,1784129400000,1784130780000,32.14,32.04,12,5,closed,true
T001047,1785628800000,S2,shuttle,SITE1,V07,D0223,KA01AB1119,login,1785659400000,1785659400000,17.75,19.01,24,1,closed,true
T001048,1782691200000,S1,nodal,SITE1,V12,D0314,KA01AB1868,logout,1782732600000,1782732840000,38.38,40.16,12,4,closed,true
T001049,1788134400000,S3,cab,SITE1,V07,D0136,KA01AB1157,login,1788190200000,1788190200000,34.47,38.52,4,2,closed,true
T001050,1786320000000,S3,cab,SITE3,V05,D0270,KA01AB0427,logout,1786318200000,1786318320000,31.33,34.22,4,4,closed,true
T001051,1787529600000,S2,shuttle,SITE3,V07,D0173,KA01AB0318,login,1787560200000,,16.53,18.48,24,4,open,true
T001052,1783123200000,S1,nodal,SITE3,V05,D0290,KA01AB1881,logout,1783164600000,1783164840000,19.70,21.78,12,11,closed,true
T001053,1783814400000,S2,cab,SITE1,V04,D0324,KA01AB1041,logout,1783877400000,1783877460000,36.59,36.87,4,3,closed,true
T001054,1787443200000,S1,shuttle,SITE3,V10,D0055,KA01AB0239,logout,1787484600000,1787484600000,14.93,15.84,24,14,closed,true
T001055,1783555200000,S2,cab,SITE4,V01,D0046,KA01AB1126,login,1783585800000,1783588380000,16.24,18.18,4,3,closed,true
T001056,1786838400000,S3,shuttle,SITE1,V10,D0307,KA01AB0210,logout,1786836600000,1786836720000,16.85,16.69,24,20,closed,true
T001057,1788220800000,S1,nodal,SITE2,V10,D0357,KA01AB1692,login,1788229800000,1788232380000,18.61,21.33,12,7,closed,true
T001058,1787961600000,S2,cab,SITE1,V08,D0121,KA01AB1217,login,1787992200000,1787992200000,39.11,43.24,4,3,closed,true
T001059,1783900800000,S3,nodal,SITE4,V06,D0042,KA01AB1610,logout,1783899000000,,10.94,10.56,12,6,open,true
T001060,1788134400000,S3,cab,SITE3,V08,D0026,KA01AB0246,logout,1788132600000,1788132780000,34.33,36.91,4,1,closed,false
T001061,1783036800000,S2,cab,SITE2,V05,D0167,KA01AB1068,login,1783067400000,1783067580000,39.02,37.12,4,2,closed,true,UNEXPECTED_EXTRA_FIELD
T001062,1782950400000,S2,shuttle,SITE4,V02,D0089,KA01AB0868,logout,1783013400000,1783013580000,25.94,27.17,24,13,closed,true
T001063,1785542400000,S3,nodal,SITE1,V04,D0105,KA01AB1701,login,1785598200000,,16.79,18.22,12,1,open,true
T001064,1786406400000,S2,cab,SITE1,V10,D0363,KA01AB1357,logout,1786469400000,1786469580000,39.80,37.95,4,3,closed,true
T001065,1785283200000,S2,cab,SITE1,V08,D0324,KA01AB0024,logout,1785346200000,1785346380000,25.10,24.02,4,2,closed,true
T001066,1784851200000,S3,shuttle,SITE4,V02,D0345,KA01AB0493,login,1784907000000,1784908080000,26.76,27.26,24,22,closed,true
T001067,1787184000000,S1,nodal,SITE2,V01,D0281,KA01AB0226,login,1787193000000,1787193240000,18.51,18.72,12,11,closed,true
T001068,1781827200000,S1,cab,SITE1,V04,D0063,KA01AB1279,login,1781836200000,1781836440000,31.96,34.78,4,4,closed,true,UNEXPECTED_EXTRA_FIELD
T001069,1786579200000,S2,cab,SITE1,V02,D0011,KA01AB1528,login,1786609800000,1786610940000,33.73,37.16,4,3,closed,true
T001070,1784160000000,S1,nodal,SITE3,V05,D0363,KA01AB1313,logout,1784201400000,1784203620000,41.58,40.93,12,7,closed,true
T001071,1782172800000,S2,nodal,SITE3,V08,D0043,KA01AB0517,logout,1782235800000,1782235860000,10.93,11.45,12,5,closed,true,UNEXPECTED_EXTRA_FIELD
T001072,1784764800000,S2,nodal,SITE2,V05,D0104,KA01AB0324,login,1784795400000,1784795400000,42.63,41.45,12,11,closed,true,UNEXPECTED_EXTRA_FIELD
T001073,1781481600000,S3,shuttle,SITE4,V08,D0145,KA01AB0511,login,1781537400000,1781537580000,13.19,14.30,24,14,closed,true
T001074,1782950400000,S3,cab,SITE1,V06,D0272,KA01AB0419,login,1783006200000,1783006440000,36.96,41.28,4,3,closed,true
T001075,1785888000000,S3,nodal,SITE4,V10,D0195,KA01AB0720,login,1785943800000,1785943860000,42.56,42.26,12,5,closed,true
T001076,1788480000000,S2,nodal,SITE3,V08,D0092,KA01AB0744,logout,1788543000000,1788543240000,18.79,20.01,12,12,closed,true
T001077,1782864000000,S3,nodal,SITE3,V10,D0318,KA01AB1429,logout,1782862200000,1782862260000,32.63,35.94,12,6,closed,true
T001078,1787443200000,S3,cab,SITE4,V07,D0330,KA01AB1803,logout,1787441400000,1787441760000,22.09,23.15,4,3,closed,true
T001079,1785888000000,S1,nodal,SITE1,V01,D0194,KA01AB0589,login,1785897000000,1785897060000,42.44,44.70,12,2,closed,true
T001080,1785888000000,S1,cab,SITE3,V09,D0136,KA01AB0356,logout,1785929400000,1785929640000,36.11,40.17,4,3,closed,true
T001081,1782777600000,S3,shuttle,SITE2,V12,D0220,KA01AB1122,logout,1782775800000,1782776040000,30.87,32.63,24,23,closed,true
T001082,1783468800000,S2,shuttle,SITE1,V10,D0277,KA01AB1007,login,1783499400000,1783499640000,36.44,36.94,24,15,closed,true
T001083,1781222400000,S1,shuttle,SITE3,V07,D0272,KA01AB1863,login,1781231400000,1781232900000,25.34,26.84,24,22,closed,true
T001084,1782864000000,S3,cab,SITE4,V02,D0341,KA01AB1304,logout,1782862200000,1782862320000,27.60,28.05,4,1,closed,true
T001085,1786233600000,S1,shuttle,SITE2,V05,D0199,KA01AB0380,logout,1786275000000,1786275000000,21.47,21.01,24,18,closed,true
T001086,1786579200000,S2,cab,SITE2,V08,D0046,KA01AB1318,login,1786609800000,1786611000000,30.91,32.10,4,2,closed,true
T001087,1783728000000,S1,shuttle,SITE2,V07,D0178,KA01AB1363,logout,1783769400000,1783769640000,29.24,29.09,24,11,closed,true
T001088,1781481600000,S3,cab,SITE4,V04,D0349,KA01AB1307,login,1781537400000,1781537460000,11.97,12.20,4,3,closed,true
T001089,1787788800000,S2,nodal,SITE3,V08,D0022,KA01AB0035,login,1787819400000,1787819460000,22.18,25.07,12,9,closed,true
T001090,1782864000000,S3,nodal,SITE4,V11,D0345,KA01AB1825,login,1782919800000,1782919980000,22.59,23.95,12,3,closed,true
T001091,1784592000000,S3,nodal,SITE4,V08,D0056,KA01AB1785,login,1784647800000,1784647860000,22.04,24.74,12,10,closed,true
T001092,1782777600000,S3,cab,SITE1,V07,D0054,KA01AB0113,login,1782833400000,1782833520000,16.51,16.39,4,4,closed,true
T001093,1787616000000,S1,nodal,SITE2,V03,D0151,KA01AB0782,login,1787625000000,1787625060000,10.61,11.07,12,4,closed,true
T001094,1781740800000,S1,shuttle,SITE4,V09,D0042,KA01AB1132,logout,1781782200000,1781783700000,38.33,40.28,24,22,closed,true
T001095,1787184000000,S2,nodal,SITE2,V03,D0306,KA01AB0036,logout,1787247000000,1787247720000,10.12,10.52,12,4,closed,true
T001096,1786752000000,S2,cab,SITE1,V12,D0361,KA01AB0546,logout,1786815000000,1786816800000,10.09,9.63,4,4,closed,true
T001097,1781568000000,S2,shuttle,SITE4,V06,D0359,KA01AB0387,login,1781598600000,1781598600000,42.27,40.53,24,7,closed,true
T001098,1785801600000,S1,shuttle,SITE4,V01,D0312,KA01AB0389,logout,1785843000000,1785844500000,36.05,36.65,24,2,closed,true
T001099,1781568000000,S3,shuttle,SITE1,V01,D0327,KA01AB0859,logout,1781566200000,1781566440000,10.73,12.28,24,10,closed,true
T001100,1785369600000,S1,nodal,SITE2,V08,D0022,KA01AB0393,logout,1785411000000,1785411000000,8.24,9.29,12,11,closed,true
T001101,1782518400000,S2,cab,SITE1,V05,D0341,KA01AB0564,logout,1782581400000,1782581760000,18.77,19.86,4,3,closed,true
T001102,1787097600000,S2,nodal,SITE3,V03,D0293,KA01AB1185,login,1787128200000,1787128440000,39.38,45.24,12,12,closed,true
T001103,1783296000000,S3,cab,SITE1,V04,D0356,KA01AB1175,login,1783351800000,1783352040000,13.84,14.70,4,2,closed,true
T001104,1787097600000,S2,cab,SITE4,V01,D0271,KA01AB0101,login,1787128200000,1787130360000,26.52,28.09,4,2,closed,true
T001105,1787184000000,S2,nodal,SITE1,V11,D0156,KA01AB1366,logout,1787247000000,1787247240000,26.09,26.38,12,9,closed,true
T001106,1786665600000,S2,nodal,SITE3,V08,D0031,KA01AB1412,login,1786696200000,1786696380000,31.99,36.25,12,7,closed,true
T001107,1784678400000,S1,nodal,SITE4,V02,D0156,KA01AB1054,login,1784687400000,1784687520000,33.64,35.42,12,12,closed,true
T001108,1788048000000,S2,cab,SITE4,V10,D0205,KA01AB0232,login,1788078600000,1788078780000,18.27,19.68,4,2,closed,true
T001109,1782691200000,S2,nodal,SITE4,V10,D0340,KA01AB1752,login,1782721800000,1782721980000,30.45,29.67,12,10,closed,true
T001110,1783382400000,S3,shuttle,SITE4,V07,D0041,KA01AB0355,logout,1783380600000,1783380600000,20.53,21.10,24,11,closed,false
T001111,1782172800000,S2,cab,SITE1,V04,D0192,KA01AB1888,logout,1782235800000,1782235920000,41.28,47.29,4,1,closed,true
T001112,1782777600000,S2,nodal,SITE4,V11,D0148,KA01AB1899,logout,1782840600000,1782842760000,16.93,18.57,12,2,closed,true
T001113,1787097600000,S1,shuttle,SITE4,V05,D0340,KA01AB0748,login,1787106600000,1787106840000,28.40,32.04,24,5,closed,true
T001114,1787443200000,S3,nodal,SITE4,V12,D0244,KA01AB0205,logout,1787441400000,1787441640000,20.34,20.43,12,12,closed,true
T001115,1785715200000,S3,nodal,SITE3,V10,D0323,KA01AB0918,logout,1785713400000,1785713640000,40.35,39.20,12,10,closed,true
T001116,1786924800000,S1,cab,SITE2,V01,D0387,KA01AB0249,logout,1786966200000,1786966440000,40.69,43.57,4,3,closed,true
T001117,1781481600000,S3,nodal,SITE1,V01,D0316,KA01AB1704,logout,1781479800000,1781482380000,21.13,24.23,12,2,closed,true
T001118,1786924800000,S2,nodal,SITE4,V10,D0078,KA01AB1502,login,1786955400000,1786955520000,28.74,31.81,12,5,closed,true
T001119,1787961600000,S3,shuttle,SITE4,V09,D0148,KA01AB1866,login,1788017400000,1788018360000,37.53,37.36,24,15,closed,true
T001120,1781308800000,S2,shuttle,SITE2,V07,D0347,KA01AB0384,logout,1781371800000,1781372040000,33.02,31.60,24,4,closed,true
T001121,1786924800000,S3,nodal,SITE3,V01,D0087,KA01AB1298,logout,1786923000000,1786923180000,30.00,28.69,12,1,closed,true
T001122,1780963200000,S3,shuttle,SITE3,V01,D0126,KA01AB1494,logout,1780961400000,1780961400000,17.59,17.31,24,4,closed,true
T001123,1782777600000,S3,nodal,SITE2,V08,D0038,KA01AB1194,logout,1782775800000,1782777540000,42.48,45.18,12,3,closed,true
T001124,1782864000000,S1,nodal,SITE4,V02,D0348,KA01AB1627,logout,1782905400000,1782905580000,11.21,11.80,12,1,closed,true
T001125,1783123200000,S3,nodal,SITE1,V05,D0165,KA01AB1021,login,1783179000000,1783179120000,14.64,14.25,12,11,closed,true
T001126,1781827200000,S3,shuttle,SITE4,V11,D0192,KA01AB1404,login,1781883000000,1781885340000,37.01,37.13,24,19,closed,true
T001127,1781049600000,S3,shuttle,SITE4,V07,D0158,KA01AB1790,logout,1781047800000,1781048040000,36.03,40.95,24,12,closed,true
T001128,1785628800000,S2,shuttle,SITE4,V04,D0300,KA01AB1577,logout,1785691800000,1785692040000,10.29,10.48,24,9,closed,true
T001129,1781136000000,S1,cab,SITE1,V07,D0389,KA01AB1271,logout,1781177400000,1781177580000,29.94,33.17,4,3,closed,true
T001130,1783900800000,S2,cab,SITE3,V12,D0003,KA01AB0096,logout,1783963800000,1783964160000,17.99,19.06,4,1,closed,true
T001131,1784851200000,S3,shuttle,SITE4,V09,D0146,KA01AB1876,logout,1784849400000,1784849460000,42.37,46.81,24,4,closed,true
T001132,1781568000000,S2,nodal,SITE2,V06,D0312,KA01AB0629,login,1781598600000,1781600280000,17.91,18.49,12,12,closed,true
T001133,1784505600000,S2,shuttle,SITE1,V11,D0373,KA01AB0283,login,1784536200000,1784536200000,19.32,21.36,24,12,closed,true
T001134,1783296000000,S2,cab,SITE2,V10,D0134,KA01AB1171,logout,1783359000000,1783359240000,19.83,20.32,4,3,closed,true
T001135,1781136000000,S3,shuttle,SITE3,V01,D0221,KA01AB1485,login,1781191800000,1781191860000,22.04,24.93,24,13,closed,true
T001136,1785110400000,S2,cab,SITE4,V12,D0116,KA01AB0954,logout,1785173400000,1785173640000,40.20,45.58,4,4,closed,true
T001137,1784764800000,S2,shuttle,SITE3,V07,D0292,KA01AB1718,login,1784795400000,1784795580000,41.04,42.06,24,19,closed,true
T001138,1785369600000,S3,shuttle,SITE1,V08,D0130,KA01AB1787,login,1785425400000,1785425460000,10.91,11.78,24,19,closed,true
T001139,1785024000000,S1,cab,SITE4,V02,D0138,KA01AB0258,logout,1785065400000,1785066720000,28.70,32.44,4,1,closed,true
T001140,1783814400000,S3,nodal,SITE2,V04,D0241,KA01AB1241,login,1783870200000,1783870200000,31.48,31.72,12,1,closed,true
T001141,1782950400000,S2,nodal,SITE2,V03,D0111,KA01AB1837,login,1782981000000,1782981060000,31.14,34.26,12,12,closed,true
T001142,1788220800000,S1,nodal,SITE3,V09,D0073,KA01AB1528,login,1788229800000,1788230040000,15.18,14.77,12,3,closed,true
T001143,1783555200000,S3,cab,SITE4,V10,D0010,KA01AB1413,login,1783611000000,1783611060000,24.40,27.11,4,3,closed,true
T001144,1785542400000,S3,shuttle,SITE3,V09,D0335,KA01AB0766,logout,1785540600000,1785540720000,38.27,39.61,24,20,closed,true
T001145,1787097600000,S3,cab,SITE1,V03,D0159,KA01AB1992,login,1787153400000,1787153640000,18.14,20.76,4,3,closed,true
T001146,1784851200000,S2,nodal,SITE3,V09,D0326,KA01AB0496,logout,1784914200000,1784914440000,38.64,40.88,12,6,closed,true
T001147,1788480000000,S3,cab,SITE1,V01,D0198,KA01AB1703,logout,1788478200000,1788478200000,9.26,10.29,4,1,closed,true
T001148,1783728000000,S3,cab,SITE4,V01,D0303,KA01AB1151,login,1783783800000,1783783800000,41.10,45.95,4,3,closed,true
T001149,1787702400000,S3,nodal,SITE1,V02,D0149,KA01AB1289,login,1787758200000,1787758200000,26.17,27.16,12,7,closed,true
T001150,1785369600000,S1,nodal,SITE1,V03,D0191,KA01AB0323,login,1785378600000,1785378660000,28.83,32.82,12,1,closed,true
T001151,1788220800000,S1,cab,SITE3,V06,D0254,KA01AB1392,logout,1788262200000,1788262440000,18.37,17.89,4,4,closed,true
T001152,1784246400000,S2,shuttle,SITE1,V04,D0248,KA01AB0913,logout,1784309400000,1784309520000,9.80,9.70,24,5,closed,false
T001153,1782259200000,S2,cab,SITE3,V05,D0036,KA01AB1342,login,1782289800000,1782290040000,25.17,27.41,4,4,closed,true
T001154,1784419200000,S3,shuttle,SITE2,V01,D0313,KA01AB1354,login,1784475000000,1784475000000,32.98,34.58,24,2,closed,true
T001155,1786924800000,S3,shuttle,SITE1,V02,D0008,KA01AB0644,login,1786980600000,1786980840000,42.57,41.21,24,6,closed,true
T001156,1782604800000,S3,nodal,SITE2,V06,D0063,KA01AB0397,login,1782660600000,1782663120000,11.76,12.10,12,4,closed,true
T001157,1787961600000,S3,shuttle,SITE2,V07,D0104,KA01AB0038,logout,1787959800000,1787960280000,36.24,36.23,24,17,closed,true
T001158,1785283200000,S3,cab,SITE4,V08,D0267,KA01AB1517,login,1785339000000,1785339180000,21.63,22.23,4,4,closed,true
T001159,1786233600000,S1,nodal,SITE2,V04,D0134,KA01AB0081,login,1786242600000,1786242660000,33.09,37.69,12,2,closed,true
T001160,1786838400000,S2,nodal,SITE2,V02,D0320,KA01AB0593,login,1786869000000,1786869180000,11.08,11.20,12,4,closed,true
T001161,1787616000000,S3,nodal,SITE4,V05,D0135,KA01AB0795,login,1787671800000,1787673600000,13.14,14.16,12,2,closed,true
T001162,1787184000000,S3,cab,SITE2,V04,D0281,KA01AB0427,logout,1787182200000,,41.02,39.91,4,3,open,true
T001163,1783209600000,S2,cab,SITE2,V02,D0142,KA01AB0472,logout,1783272600000,1783272720000,16.96,17.79,4,4,closed,true
T001164,1784764800000,S3,nodal,SITE3,V12,D0387,KA01AB1398,login,1784820600000,1784820720000,31.70,30.36,12,4,closed,true
T001165,1785283200000,S1,cab,SITE4,V09,D0208,KA01AB1827,login,1785292200000,1785292320000,18.10,18.18,4,3,closed,true
T001166,1787875200000,S3,nodal,SITE2,V06,D0264,KA01AB1480,login,1787931000000,1787931240000,27.05,29.15,12,9,closed,true
T001167,1787356800000,S3,cab,SITE4,V07,D0181,KA01AB1874,logout,1787355000000,1787357700000,11.67,12.98,4,4,closed,true
T001168,1785801600000,S1,cab,SITE2,V01,D0310,KA01AB0931,logout,1785843000000,1785843180000,13.53,13.49,4,4,closed,true
T001169,1784937600000,S1,shuttle,SITE1,V01,D0313,KA01AB1483,logout,1784979000000,1784979180000,31.15,34.15,24,9,closed,true
T001170,1784937600000,S2,cab,SITE4,V11,D0225,KA01AB0326,logout,1785000600000,1785000720000,42.95,48.16,4,3,closed,true
T001171,1782172800000,S2,nodal,SITE4,V05,D0301,KA01AB0287,logout,1782235800000,1782236040000,41.66,43.40,12,4,closed,true
T001172,1781913600000,S1,cab,SITE2,V01,D0254,KA01AB0575,logout,1781955000000,1781955060000,11.00,11.54,4,3,closed,true
T001173,1781222400000,S3,nodal,SITE3,V02,D0125,KA01AB0399,logout,1781220600000,1781220780000,8.60,8.91,12,7,closed,true
T001174,1781308800000,S2,shuttle,SITE1,V09,D0338,KA01AB0216,logout,1781371800000,1781372040000,16.09,17.62,24,10,closed,true
T001175,1783900800000,S3,cab,SITE3,V06,D0205,KA01AB1854,logout,1783899000000,1783900980000,16.33,17.53,4,3,closed,true
T001176,1787788800000,S2,shuttle,SITE3,V10,D0206,KA01AB0185,login,1787819400000,1787819520000,40.75,39.33,24,20,closed,true
T001177,1781308800000,S1,shuttle,SITE1,V06,D0214,KA01AB1459,login,1781317800000,1781317980000,42.44,48.57,24,11,closed,true
T001178,1787356800000,S1,shuttle,SITE4,V06,D0150,KA01AB0934,login,1787365800000,1787366040000,29.65,30.04,24,11,closed,true,UNEXPECTED_EXTRA_FIELD
T001179,1785974400000,S1,shuttle,SITE2,V01,D0355,KA01AB1493,login,1785983400000,1785983400000,20.13,20.12,24,4,closed,true
T001180,1787270400000,S2,shuttle,SITE3,V05,D0383,KA01AB1547,logout,1787333400000,1787333400000,25.73,27.41,24,11,closed,true
T001181,1784678400000,S2,nodal,SITE1,V05,D0126,KA01AB0480,login,1784709000000,1784709000000,24.94,24.89,12,4,closed,true
T001182,1787011200000,S3,cab,SITE3,V03,D0204,KA01AB1820,logout,1787009400000,1787009640000,32.20,35.31,4,4,closed,true
T001183,1787097600000,S2,shuttle,SITE4,V01,D0348,KA01AB0383,login,1787128200000,1787128260000,21.27,24.18,24,2,closed,true
T001184,1782691200000,S2,shuttle,SITE3,V04,D0095,KA01AB0370,logout,1782754200000,1782756420000,30.30,31.96,24,16,closed,true
T001185,1780876800000,S2,nodal,SITE2,V07,D0012,KA01AB1344,login,1780907400000,1780907520000,29.79,28.90,12,3,closed,true
T001186,1783382400000,S3,shuttle,SITE3,V01,D0324,KA01AB0622,login,1783438200000,1783439100000,22.92,26.25,24,14,closed,true
T001187,1781654400000,S1,shuttle,SITE4,V12,D0136,KA01AB0115,login,1781663400000,1781664900000,8.82,8.89,24,13,closed,true
T001188,1781136000000,S1,cab,SITE2,V11,D0331,KA01AB0299,login,1781145000000,1781145240000,25.96,27.29,4,4,closed,true
T001189,1780790400000,S1,cab,SITE2,V03,D0114,KA01AB0535,login,1780799400000,1780799580000,13.41,14.73,4,4,closed,true
T001190,1783555200000,S2,cab,SITE2,V01,D0214,KA01AB1222,logout,1783618200000,1783618260000,40.59,39.66,4,3,closed,true
T001191,1787011200000,S2,shuttle,SITE4,V03,D0067,KA01AB1473,logout,1787074200000,1787074320000,42.58,48.14,24,9,closed,true
T001192,1787875200000,S2,cab,SITE1,V04,D0192,KA01AB0954,login,1787905800000,1787905920000,20.22,21.33,4,2,closed,true
T001193,1782691200000,S1,nodal,SITE3,V05,D0197,KA01AB1848,login,1782700200000,1782700380000,10.21,11.65,12,5,closed,true
T001194,1783123200000,S1,cab,SITE3,V11,D0031,KA01AB0313,logout,1783164600000,1783166280000,35.38,38.28,4,1,closed,true
T001195,1788134400000,S2,cab,SITE2,V03,D0337,KA01AB0790,login,1788165000000,1788165240000,32.96,31.40,4,4,closed,true
T001196,1784592000000,S1,cab,SITE3,V01,D0066,KA01AB1145,logout,1784633400000,1784633400000,36.11,38.47,4,4,closed,true
T001197,1785715200000,S2,nodal,SITE2,V11,D0338,KA01AB0305,login,1785745800000,1785745980000,13.53,13.38,12,2,closed,true
T001198,1780876800000,S1,cab,SITE1,V07,D0185,KA01AB0014,login,1780885800000,1780886040000,10.64,10.32,4,2,closed,true
T001199,1787270400000,S3,nodal,SITE1,V12,D0140,KA01AB1590,logout,1787268600000,1787268720000,10.96,12.53,12,11,closed,true
T001200,1781481600000,S2,shuttle,SITE4,V01,D0068,KA01AB0010,login,1781512200000,1781512200000,19.86,20.88,24,14,closed,true
T001201,1784160000000,S2,shuttle,SITE1,V02,D0054,KA01AB1834,login,1784190600000,1784190660000,10.61,11.34,24,11,closed,true
T001202,1782432000000,S2,nodal,SITE2,V07,D0107,KA01AB0615,logout,1782495000000,1782495180000,9.49,9.46,12,7,closed,true
T001203,1787011200000,S3,nodal,SITE4,V09,D0072,KA01AB1532,logout,1787009400000,1787009400000,38.37,39.97,12,2,closed,true
T001204,1785110400000,S2,shuttle,SITE1,V10,D0337,KA01AB0814,login,1785141000000,1785141120000,36.35,41.02,24,18,closed,true
T001205,1784246400000,S2,shuttle,SITE4,V04,D0054,KA01AB1801,login,1784277000000,1784277240000,25.74,28.14,24,15,closed,true
T001206,1788048000000,S3,shuttle,SITE4,V07,D0134,KA01AB1464,logout,1788046200000,1788048840000,15.47,16.83,24,2,closed,false
T001207,1785974400000,S1,cab,SITE2,V03,D0067,KA01AB0642,logout,1786015800000,1786017900000,33.38,37.35,4,2,closed,true
T001208,1782691200000,S1,cab,SITE2,V08,D0315,KA01AB0956,logout,1782732600000,1782732720000,34.15,35.69,4,3,closed,true
T001209,1785110400000,S3,nodal,SITE4,V11,D0093,KA01AB0820,logout,1785108600000,1785108840000,20.28,22.10,12,9,closed,true
T001210,1787875200000,S3,shuttle,SITE3,V11,D0316,KA01AB0982,logout,1787873400000,1787873520000,35.38,34.73,24,2,closed,true
T001211,1788480000000,S2,shuttle,SITE4,V12,D0018,KA01AB0025,login,1788510600000,1788510780000,12.06,13.50,24,20,closed,true
T001212,1783209600000,S3,cab,SITE1,V08,D0183,KA01AB0482,login,1783265400000,1783265580000,40.01,38.10,4,2,closed,true
T001213,1788480000000,S2,cab,SITE3,V10,D0069,KA01AB1468,login,1788510600000,1788510600000,14.29,15.12,4,3,closed,true,UNEXPECTED_EXTRA_FIELD
T001214,1786924800000,S2,cab,SITE2,V06,D0398,KA01AB1978,login,1786955400000,1786955640000,36.34,38.39,4,1,closed,true
T001215,1780790400000,S2,nodal,SITE3,V05,D0049,KA01AB1979,login,1780821000000,1780821120000,26.50,26.38,12,9,closed,true
T001216,1781308800000,S1,nodal,SITE4,V01,D0172,KA01AB1888,login,1781317800000,1781320260000,20.80,23.36,12,12,closed,true
T001217,1787702400000,S2,shuttle,SITE1,V05,D0115,KA01AB0497,login,1787733000000,1787733000000,21.21,21.97,24,4,closed,true
T001218,1782432000000,S3,cab,SITE3,V04,D0223,KA01AB0634,logout,1782430200000,1782430380000,20.72,23.57,4,2,closed,true
T001219,1783900800000,S1,cab,SITE3,V08,D0278,KA01AB1417,login,1783909800000,1783909920000,31.91,34.12,4,1,closed,true
T001220,1787011200000,S2,cab,SITE3,V07,D0107,KA01AB0631,logout,1787074200000,1787074440000,18.08,18.28,4,1,closed,true
T001221,1782518400000,S2,cab,SITE3,V03,D0150,KA01AB0543,login,1782549000000,,38.18,42.20,4,4,open,true
T001222,1781740800000,S1,nodal,SITE1,V09,D0077,KA01AB0978,login,1781749800000,1781749980000,27.02,30.17,12,12,closed,true
T001223,1781308800000,S2,nodal,SITE1,V05,D0271,KA01AB1844,login,1781339400000,1781339640000,29.20,31.14,12,7,closed,true
T001224,1788220800000,S2,nodal,SITE2,V01,D0083,KA01AB0402,logout,1788283800000,1788284040000,9.16,9.37,12,5,closed,true
T001225,1786665600000,S2,cab,SITE3,V08,D0270,KA01AB1154,logout,1786728600000,1786728780000,8.99,9.43,4,4,closed,true
T001226,1787788800000,S1,cab,SITE2,V12,D0156,KA01AB1842,login,1787797800000,1787797860000,19.42,21.26,4,2,closed,true
T001227,1780876800000,S1,nodal,SITE2,V04,D0297,KA01AB1869,login,1780885800000,1780885800000,11.73,12.52,12,9,closed,true
T001228,1788220800000,S3,shuttle,SITE3,V02,D0117,KA01AB1751,logout,1788219000000,1788219000000,17.63,19.46,24,1,closed,true
T001229,1783468800000,S3,cab,SITE4,V08,D0135,KA01AB1772,login,1783524600000,1783524720000,11.99,13.27,4,3,closed,true
T001230,1781913600000,S2,nodal,SITE1,V10,D0225,KA01AB0489,logout,1781976600000,1781976720000,9.97,9.90,12,12,closed,true
T001231,1787443200000,S3,cab,SITE3,V08,D0249,KA01AB1468,logout,1787441400000,1787441580000,9.35,10.02,4,1,closed,true
T001232,1783728000000,S3,shuttle,SITE2,V09,D0225,KA01AB0654,logout,1783726200000,1783727700000,32.58,34.42,24,13,closed,true
T001233,1785283200000,S1,cab,SITE3,V07,D0086,KA01AB0121,login,1785292200000,1785292440000,22.40,23.72,4,2,closed,true
T001234,1783814400000,S1,cab,SITE2,V09,D0396,KA01AB0079,logout,1783855800000,1783855800000,17.38,19.59,4,2,closed,true
T001235,1786060800000,S2,nodal,SITE3,V09,D0043,KA01AB1407,login,1786091400000,1786091580000,42.33,43.10,12,9,closed,true
T001236,1780790400000,S3,shuttle,SITE3,V06,D0007,KA01AB1452,logout,1780788600000,1780788840000,17.44,16.83,24,23,closed,false
T001237,1785110400000,S1,cab,SITE2,V09,D0073,KA01AB1824,logout,1785151800000,1785152040000,24.50,25.97,4,1,closed,true
T001238,1786060800000,S3,nodal,SITE2,V09,D0142,KA01AB0778,logout,1786059000000,1786059240000,13.02,13.93,12,11,closed,true
T001239,1784937600000,S1,shuttle,SITE2,V09,D0135,KA01AB1241,login,1784946600000,1784946600000,33.22,37.92,24,21,closed,true
T001240,1781308800000,S2,cab,SITE4,V02,D0093,KA01AB1674,login,1781339400000,1781339460000,27.92,27.00,4,3,closed,true
T001241,1782691200000,S1,cab,SITE3,V02,D0210,KA01AB0414,logout,1782732600000,1782732780000,39.17,37.73,4,3,closed,true
T001242,1788480000000,S1,cab,SITE3,V07,D0259,KA01AB1997,logout,1788521400000,1788521400000,30.06,29.56,4,3,closed,true
T001243,1783036800000,S3,nodal,SITE4,V08,D0114,KA01AB1841,logout,1783035000000,1783035240000,25.40,26.46,12,5,closed,true
T001244,1784851200000,S3,nodal,SITE2,V06,D0174,KA01AB0507,logout,1784849400000,1784850660000,26.53,28.44,12,12,closed,true
T001245,1782864000000,S1,shuttle,SITE3,V12,D0331,KA01AB1635,logout,1782905400000,1782905580000,42.07,44.83,24,14,closed,true
T001246,1782345600000,S2,nodal,SITE4,V02,D0021,KA01AB1577,login,1782376200000,1782376320000,8.90,9.10,12,5,closed,true
T001247,1786838400000,S2,nodal,SITE3,V04,D0008,KA01AB1751,login,1786869000000,1786869180000,26.79,29.35,12,5,closed,true
T001248,1781740800000,S2,nodal,SITE3,V12,D0334,KA01AB1797,login,1781771400000,1781771580000,41.00,42.89,12,12,closed,true
T001249,1785801600000,S1,shuttle,SITE3,V02,D0139,KA01AB1838,logout,1785843000000,1785843240000,42.82,48.96,24,19,closed,true
T001250,1787788800000,S2,nodal,SITE1,V02,D0389,KA01AB1247,login,1787819400000,1787820240000,16.19,18.39,12,5,closed,true
T001251,1785369600000,S1,nodal,SITE2,V07,D0197,KA01AB1026,logout,1785411000000,1785411240000,28.22,30.27,12,12,closed,true
T001252,1783209600000,S1,cab,SITE4,V06,D0256,KA01AB0623,logout,1783251000000,1783251600000,34.46,33.41,4,2,closed,true
T001253,1787529600000,S3,nodal,SITE3,V04,D0156,KA01AB1237,login,1787585400000,1787585580000,10.69,10.70,12,4,closed,true
T001254,1781222400000,S1,shuttle,SITE3,V12,D0072,KA01AB1917,logout,1781263800000,1781263860000,14.11,13.66,24,14,closed,true
T001255,1781222400000,S2,nodal,SITE2,V08,D0223,KA01AB0722,logout,1781285400000,1781285460000,21.77,23.06,12,7,closed,true
T001256,1785801600000,S2,cab,SITE1,V09,D0363,KA01AB0053,logout,1785864600000,1785864600000,23.62,23.34,4,1,closed,true
T001257,1780876800000,S3,cab,SITE3,V09,D0197,KA01AB1109,login,1780932600000,1780932600000,20.86,22.79,4,1,closed,true
T001258,1783900800000,S3,shuttle,SITE3,V08,D0351,KA01AB0531,login,1783956600000,1783956660000,30.56,34.03,24,18,closed,true
T001259,1783987200000,S3,cab,SITE4,V03,D0309,KA01AB0635,login,1784043000000,1784043480000,41.28,41.47,4,1,closed,true
T001260,1786406400000,S3,nodal,SITE2,V04,D0226,KA01AB1033,login,1786462200000,1786462260000,8.23,7.89,12,7,closed,true
T001261,1781395200000,S2,nodal,SITE2,V04,D0290,KA01AB0944,logout,1781458200000,1781458320000,29.14,29.76,12,1,closed,true
T001262,1781654400000,S2,cab,SITE1,V07,D0224,KA01AB1986,logout,1781717400000,1781717580000,37.11,41.12,4,1,closed,false
T001263,1783814400000,S3,nodal,SITE2,V07,D0120,KA01AB0581,logout,1783812600000,1783812780000,37.54,40.89,12,12,closed,true
T001264,1787875200000,S3,cab,SITE2,V09,D0127,KA01AB0963,logout,1787873400000,1787873580000,29.70,29.03,4,4,closed,true
T001265,1781308800000,S2,shuttle,SITE1,V01,D0037,KA01AB0596,login,1781339400000,1781339460000,22.39,23.29,24,12,closed,true
T001266,1781654400000,S3,cab,SITE4,V10,D0036,KA01AB1512,login,1781710200000,1781710440000,34.01,33.15,4,4,closed,true
T001267,1781481600000,S3,cab,SITE1,V12,D0240,KA01AB1103,login,1781537400000,1781537580000,35.86,37.44,4,3,closed,true
T001268,1787097600000,S3,nodal,SITE4,V12,D0253,KA01AB0697,login,1787153400000,1787153640000,20.88,22.01,12,12,closed,true
T001269,1782777600000,S2,nodal,SITE4,V09,D0049,KA01AB1064,login,1782808200000,1782808440000,10.66,10.44,12,4,closed,true
T001270,1785715200000,S3,nodal,SITE2,V08,D0390,KA01AB0044,logout,1785713400000,1785713520000,31.84,30.90,12,9,closed,false
T001271,1782691200000,S3,cab,SITE4,V09,D0104,KA01AB1243,logout,1782689400000,1782689640000,17.52,18.47,4,2,closed,true
T001272,1787702400000,S1,shuttle,SITE1,V08,D0144,KA01AB1866,login,1787711400000,1787711520000,24.69,27.56,24,17,closed,true
T001273,1783900800000,S1,shuttle,SITE3,V06,D0019,KA01AB0226,login,1783909800000,1783909800000,30.91,32.34,24,2,closed,true
T001274,1787011200000,S2,shuttle,SITE1,V02,D0184,KA01AB1279,logout,1787074200000,1787074320000,14.81,16.48,24,8,closed,true
T001275,1783641600000,S2,nodal,SITE4,V08,D0229,KA01AB0778,logout,1783704600000,1783704840000,23.02,21.97,12,9,closed,true
T001276,1787356800000,S3,cab,SITE3,V09,D0166,KA01AB0010,logout,1787355000000,1787355000000,13.13,15.02,4,2,closed,true
T001277,1783987200000,S3,nodal,SITE2,V07,D0272,KA01AB1138,login,1784043000000,1784043060000,36.50,40.98,12,11,closed,true
T001278,1781049600000,S1,shuttle,SITE1,V05,D0335,KA01AB0635,logout,1781091000000,1781091240000,8.29,9.25,24,3,closed,true
T001279,1782259200000,S2,nodal,SITE3,V03,D0325,KA01AB1336,login,1782289800000,1782289800000,25.61,26.79,12,7,closed,true
T001280,1785283200000,S3,shuttle,SITE4,V03,D0097,KA01AB0686,login,1785339000000,1785339180000,40.48,44.79,24,10,closed,true
T001281,1781913600000,S2,nodal,SITE4,V09,D0228,KA01AB0579,logout,1781976600000,1781976720000,14.13,14.57,12,11,closed,true
T001282,1785628800000,S2,cab,SITE3,V05,D0298,KA01AB1800,login,1785659400000,1785659640000,35.49,34.43,4,2,closed,true
T001283,1781395200000,S3,nodal,SITE4,V01,D0042,KA01AB1966,login,1781451000000,1781451180000,20.56,22.81,12,2,closed,true
T001284,1784937600000,S3,cab,SITE3,V05,D0355,KA01AB0181,login,1784993400000,1784995860000,34.47,39.50,4,3,closed,true
T001285,1788480000000,S1,shuttle,SITE3,V06,D0312,KA01AB1515,logout,1788521400000,1788521640000,30.66,31.41,24,18,closed,true
T001286,1781654400000,S1,shuttle,SITE3,V11,D0395,KA01AB0056,login,1781663400000,1781663640000,13.35,13.11,24,23,closed,true
T001287,1787529600000,S1,cab,SITE2,V01,D0110,KA01AB0963,logout,1787571000000,1787571180000,31.97,35.92,4,3,closed,true
T001288,1784505600000,S1,shuttle,SITE2,V10,D0219,KA01AB0438,logout,1784547000000,1784547060000,15.93,15.35,24,3,closed,true
T001289,1786924800000,S3,cab,SITE1,V04,D0308,KA01AB0791,login,1786980600000,1786983180000,15.87,18.00,4,4,closed,true
T001290,1784851200000,S2,cab,SITE4,V07,D0206,KA01AB1541,login,1784881800000,1784881860000,17.95,17.95,4,1,closed,true
T001291,1783641600000,S1,shuttle,SITE2,V07,D0330,KA01AB1229,login,1783650600000,1783650840000,36.02,40.41,24,5,closed,true
T001292,1784246400000,S3,nodal,SITE1,V04,D0283,KA01AB1051,logout,1784244600000,1784244840000,19.56,19.94,12,3,closed,true
T001293,1785801600000,S1,cab,SITE4,V05,D0044,KA01AB0273,login,1785810600000,1785810780000,31.77,34.45,4,1,closed,true
T001294,1783814400000,S1,shuttle,SITE1,V06,D0111,KA01AB1765,login,1783823400000,1783824600000,31.67,32.21,24,5,closed,true
T001295,1781308800000,S3,nodal,SITE2,V02,D0225,KA01AB0720,login,1781364600000,1781364720000,13.16,14.03,12,8,closed,true
T001296,1787788800000,S2,cab,SITE2,V12,D0212,KA01AB0270,login,1787819400000,1787819460000,32.59,36.02,4,2,closed,true
T001297,1786060800000,S1,shuttle,SITE4,V05,D0280,KA01AB0284,logout,1786102200000,1786102260000,30.08,29.08,24,10,closed,true
T001298,1782086400000,S1,nodal,SITE3,V04,D0374,KA01AB0088,logout,1782127800000,1782127920000,33.95,38.29,12,4,closed,true
T001299,1787011200000,S2,cab,SITE3,V07,D0289,KA01AB0516,logout,1787074200000,1787074260000,24.47,26.04,4,3,closed,false
T001300,1782345600000,S2,cab,SITE1,V12,D0162,KA01AB0792,logout,1782408600000,1782409920000,15.28,17.38,4,3,closed,true
T001301,1784505600000,S1,nodal,SITE1,V06,D0279,KA01AB0807,logout,1784547000000,1784547060000,12.90,12.48,12,6,closed,true
T001302,1784419200000,S2,cab,SITE1,V04,D0052,KA01AB1432,logout,1784482200000,1784482440000,34.33,38.60,4,3,closed,true
T001303,1787875200000,S1,shuttle,SITE3,V09,D0135,KA01AB0829,logout,1787916600000,1787916840000,26.18,25.64,24,15,closed,true
T001304,1787961600000,S2,shuttle,SITE2,V04,D0203,KA01AB0996,login,1787992200000,1787992440000,25.35,27.85,24,1,closed,true
T001305,1787270400000,S3,shuttle,SITE2,V10,D0113,KA01AB1325,logout,1787268600000,1787268660000,15.20,16.21,24,14,closed,true
T001306,1783296000000,S2,shuttle,SITE1,V09,D0115,KA01AB0449,logout,1783359000000,1783359240000,33.23,32.97,24,23,closed,true
T001307,1783209600000,S2,shuttle,SITE4,V11,D0198,KA01AB1062,login,1783240200000,1783240260000,32.54,37.39,24,3,closed,true
T001308,1787270400000,S3,shuttle,SITE3,V09,D0388,KA01AB1262,login,1787326200000,1787326380000,32.62,35.96,24,17,closed,true
T001309,1787788800000,S1,cab,SITE4,V11,D0025,KA01AB0186,login,1787797800000,1787797800000,37.47,38.91,4,3,closed,true
T001310,1783468800000,S2,shuttle,SITE1,V05,D0344,KA01AB1310,login,1783499400000,1783500840000,35.39,36.15,24,11,closed,true
T001311,1781654400000,S1,nodal,SITE4,V10,D0278,KA01AB1574,logout,1781695800000,1781695800000,27.10,28.78,12,3,closed,true
T001312,1787702400000,S1,nodal,SITE3,V08,D0238,KA01AB0179,login,1787711400000,1787711460000,17.88,18.37,12,5,closed,true
T001313,1783036800000,S2,shuttle,SITE4,V05,D0139,KA01AB0739,logout,1783099800000,1783099920000,10.07,10.04,24,17,closed,true
T001314,1786924800000,S3,shuttle,SITE1,V04,D0364,KA01AB0570,login,1786980600000,1786980660000,11.96,12.79,24,7,closed,true
T001315,1786924800000,S2,nodal,SITE2,V01,D0098,KA01AB0778,logout,1786987800000,1786989180000,27.43,29.37,12,1,closed,true
T001316,1785283200000,S3,nodal,SITE2,V09,D0279,KA01AB1336,logout,1785281400000,1785281580000,23.85,27.01,12,3,closed,true
T001317,1780876800000,S2,nodal,SITE2,V09,D0166,KA01AB0032,logout,1780939800000,1780939920000,22.16,22.38,12,8,closed,true,UNEXPECTED_EXTRA_FIELD
T001318,1782086400000,S3,cab,SITE1,V09,D0330,KA01AB0009,login,1782142200000,1782142200000,33.90,36.33,4,3,closed,true
T001319,1783641600000,S2,cab,SITE4,V04,D0051,KA01AB1954,logout,1783704600000,1783704780000,27.89,29.87,4,1,closed,true
T001320,1781913600000,S3,nodal,SITE3,V04,D0398,KA01AB1938,logout,1781911800000,1781912700000,8.09,7.70,12,2,closed,true
T001321,1787270400000,S1,shuttle,SITE1,V01,D0352,KA01AB1519,login,1787279400000,1787279520000,34.03,39.11,24,12,closed,true
T001322,1783728000000,S2,nodal,SITE2,V01,D0225,KA01AB0458,login,1783758600000,1783758600000,37.95,36.29,12,2,closed,true
T001323,1787097600000,S2,cab,SITE2,V12,D0185,KA01AB1149,login,1787128200000,1787128200000,19.71,20.47,4,2,closed,true
T001324,1781308800000,S1,shuttle,SITE4,V09,D0206,KA01AB0583,login,1781317800000,1781319240000,15.54,14.83,24,19,closed,true
T001325,1788393600000,S3,cab,SITE2,V10,D0110,KA01AB1293,logout,1788391800000,1788391920000,17.89,18.71,4,4,closed,true
T001326,1780963200000,S1,shuttle,SITE4,V06,D0038,KA01AB1206,login,1780972200000,1780972440000,28.44,29.33,24,1,closed,true
T001327,1780963200000,S1,nodal,SITE2,V09,D0245,KA01AB0598,login,1780972200000,1780972380000,29.00,32.35,12,3,closed,true
T001328,1781740800000,S1,shuttle,SITE2,V08,D0186,KA01AB1478,logout,1781782200000,1781782320000,35.96,39.93,24,6,closed,true
T001329,1785456000000,S3,nodal,SITE1,V01,D0108,KA01AB1457,logout,1785454200000,1785454320000,19.33,20.76,12,9,closed,true
T001330,1785542400000,S1,shuttle,SITE3,V03,D0361,KA01AB0907,logout,1785583800000,1785585960000,34.39,38.88,24,1,closed,true
T001331,1785283200000,S3,nodal,SITE3,V03,D0122,KA01AB1360,login,1785339000000,1785339180000,16.65,18.09,12,6,closed,true
T001332,1786579200000,S1,cab,SITE3,V04,D0387,KA01AB0381,login,1786588200000,1786588380000,29.81,31.44,4,3,closed,true
T001333,1786579200000,S3,nodal,SITE2,V09,D0366,KA01AB0435,logout,1786577400000,1786577400000,24.20,24.35,12,12,closed,true
T001334,1785715200000,S3,cab,SITE1,V04,D0137,KA01AB0551,login,1785771000000,1785771120000,13.84,15.40,4,2,closed,true
T001335,1786406400000,S2,nodal,SITE2,V09,D0179,KA01AB0939,logout,1786469400000,1786469640000,28.82,27.95,12,6,closed,true
T001336,1781308800000,S1,cab,SITE4,V09,D0100,KA01AB0713,login,1781317800000,1781319960000,11.86,11.33,4,1,closed,true
T001337,1786060800000,S1,cab,SITE1,V12,D0249,KA01AB1647,logout,1786102200000,1786102380000,23.02,22.56,4,3,closed,true,UNEXPECTED_EXTRA_FIELD
T001338,1787788800000,S3,nodal,SITE4,V05,D0154,KA01AB1986,logout,1787787000000,1787787240000,22.07,23.68,12,5,closed,true
T001339,1786406400000,S2,cab,SITE1,V06,D0256,KA01AB1881,login,1786437000000,1786437060000,38.77,44.13,4,1,closed,true
T001340,1781913600000,S2,cab,SITE2,V08,D0006,KA01AB0768,login,1781944200000,1781944260000,30.95,29.90,4,4,closed,true
T001341,1786233600000,S1,nodal,SITE2,V03,D0105,KA01AB1124,login,1786242600000,1786242660000,18.20,19.68,12,11,closed,true
T001342,1786665600000,S3,cab,SITE2,V11,D0216,KA01AB0210,logout,1786663800000,1786664040000,20.26,22.60,4,3,closed,true
T001343,1786060800000,S3,cab,SITE3,V02,D0305,KA01AB0977,login,1786116600000,1786116600000,14.18,14.56,4,4,closed,true
T001344,1785110400000,S1,cab,SITE4,V08,D0239,KA01AB0490,login,1785119400000,1785119580000,26.28,28.35,4,2,closed,true
T001345,1780876800000,S2,cab,SITE1,V06,D0380,KA01AB0533,logout,1780939800000,1780939860000,16.40,18.74,4,1,closed,true
T001346,1786665600000,S2,cab,SITE3,V02,D0198,KA01AB1140,login,1786696200000,1786696440000,41.45,44.49,4,2,closed,true
T001347,1786579200000,S2,cab,SITE3,V03,D0394,KA01AB1147,login,1786609800000,1786609980000,18.27,17.60,4,3,closed,true
T001348,1788393600000,S2,shuttle,SITE3,V07,D0143,KA01AB0745,login,1788424200000,1788424200000,14.83,17.01,24,1,closed,true
T001349,1788134400000,S3,cab,SITE3,V01,D0366,KA01AB1257,login,1788190200000,1788190380000,15.51,16.71,4,3,closed,true
T001350,1784332800000,S1,cab,SITE4,V08,D0338,KA01AB1643,login,1784341800000,1784341800000,35.54,40.18,4,3,closed,true
T001351,1787961600000,S3,nodal,SITE2,V09,D0025,KA01AB0749,login,1788017400000,,15.71,15.32,12,6,open,true
T001352,1784937600000,S3,cab,SITE1,V06,D0004,KA01AB0745,logout,1784935800000,1784935860000,19.49,18.77,4,1,closed,true
T001353,1782000000000,S2,shuttle,SITE2,V03,D0255,KA01AB0661,logout,1782063000000,1782063180000,15.12,14.70,24,15,closed,true
T001354,1787702400000,S2,cab,SITE4,V12,D0173,KA01AB1567,login,1787733000000,1787733120000,15.17,16.97,4,4,closed,true
T001355,1785801600000,S3,shuttle,SITE4,V11,D0354,KA01AB0385,login,1785857400000,1785857640000,11.92,13.45,24,8,closed,true
T001356,1787875200000,S3,nodal,SITE2,V04,D0290,KA01AB0122,login,1787931000000,1787931180000,26.20,26.06,12,12,closed,true
T001357,1787097600000,S2,cab,SITE4,V12,D0175,KA01AB1791,logout,1787160600000,1787160840000,39.14,37.71,4,2,closed,true
T001358,1785369600000,S3,cab,SITE4,V07,D0081,KA01AB1880,login,1785425400000,1785425460000,38.42,43.71,4,1,closed,true
T001359,1783555200000,S2,cab,SITE4,V01,D0064,KA01AB1748,login,1783585800000,1783585920000,42.29,43.86,4,4,closed,true
T001360,1781568000000,S1,shuttle,SITE4,V06,D0261,KA01AB0014,login,1781577000000,1781577180000,12.76,13.14,24,2,closed,true
T001361,1781481600000,S1,shuttle,SITE3,V04,D0211,KA01AB0017,logout,1781523000000,1781523000000,14.31,16.19,24,18,closed,true
T001362,1786406400000,S1,shuttle,SITE3,V05,D0232,KA01AB0705,logout,1786447800000,1786448040000,24.33,25.28,24,18,closed,true
T001363,1785024000000,S1,cab,SITE4,V03,D0217,KA01AB0273,login,1785033000000,1785034740000,15.03,15.08,4,1,closed,true
T001364,1784592000000,S1,nodal,SITE2,V10,D0141,KA01AB1993,logout,1784633400000,1784633400000,11.35,12.04,12,1,closed,true
T001365,1781827200000,S2,nodal,SITE2,V10,D0287,KA01AB1856,logout,1781890200000,1781890200000,16.38,16.82,12,3,closed,true
T001366,1787097600000,S1,cab,SITE4,V07,D0220,KA01AB0104,login,1787106600000,1787106600000,36.58,37.76,4,1,closed,true
T001367,1781481600000,S1,shuttle,SITE1,V03,D0115,KA01AB1382,login,1781490600000,1781490600000,29.41,30.67,24,14,closed,true
T001368,1781654400000,S2,shuttle,SITE2,V07,D0016,KA01AB1254,login,1781685000000,1781685240000,42.87,44.19,24,17,closed,true
T001369,1785110400000,S1,shuttle,SITE4,V12,D0133,KA01AB1993,logout,1785151800000,1785151980000,41.39,42.64,24,1,closed,true
T001370,1788480000000,S3,nodal,SITE2,V10,D0204,KA01AB0044,logout,1788478200000,1788480840000,31.32,32.91,12,9,closed,true
T001371,1782172800000,S3,cab,SITE1,V02,D0262,KA01AB1602,logout,1782171000000,,31.50,32.74,4,1,open,true
T001372,1781568000000,S3,cab,SITE3,V05,D0110,KA01AB1355,login,1781623800000,1781624580000,23.17,24.61,4,4,closed,true
T001373,1781049600000,S3,cab,SITE2,V09,D0009,KA01AB0286,login,1781105400000,1781105400000,41.58,41.03,4,2,closed,true
T001374,1786406400000,S1,shuttle,SITE4,V06,D0291,KA01AB1138,login,1786415400000,1786415400000,34.05,38.78,24,6,closed,true
T001375,1787702400000,S1,shuttle,SITE2,V01,D0057,KA01AB1924,logout,1787743800000,1787743860000,28.96,33.08,24,13,closed,true
T001376,1783728000000,S3,cab,SITE4,V08,D0121,KA01AB1829,logout,1783726200000,1783726380000,25.19,25.22,4,4,closed,true
T001377,1781395200000,S2,shuttle,SITE3,V09,D0137,KA01AB0753,login,1781425800000,1781426040000,12.39,12.17,24,5,closed,true
T001378,1783209600000,S3,nodal,SITE4,V01,D0179,KA01AB1206,login,1783265400000,1783265460000,40.25,41.43,12,11,closed,true
T001379,1786665600000,S1,shuttle,SITE1,V08,D0319,KA01AB0989,logout,1786707000000,1786707060000,32.49,36.53,24,9,closed,true
T001380,1781136000000,S2,nodal,SITE2,V08,D0136,KA01AB0929,login,1781166600000,1781166600000,13.99,13.59,12,10,closed,true
T001381,1787529600000,S1,nodal,SITE3,V02,D0344,KA01AB0222,logout,1787571000000,1787571240000,34.15,38.78,12,8,closed,true
T001382,1786579200000,S1,shuttle,SITE3,V09,D0293,KA01AB0803,logout,1786620600000,1786620840000,36.55,36.65,24,12,closed,true
T001383,1785801600000,S2,nodal,SITE2,V03,D0258,KA01AB0669,logout,1785864600000,1785864600000,29.29,28.38,12,12,closed,true
T001384,1783555200000,S1,shuttle,SITE1,V12,D0327,KA01AB1945,login,1783564200000,1783564320000,21.91,24.76,24,17,closed,true
T001385,1782691200000,S2,nodal,SITE2,V06,D0356,KA01AB1129,login,1782721800000,1782723840000,14.44,15.75,12,1,closed,true
T001386,1787097600000,S1,shuttle,SITE4,V09,D0380,KA01AB0310,logout,1787139000000,1787139000000,42.15,40.96,24,17,closed,true
T001387,1787443200000,S1,cab,SITE2,V12,D0182,KA01AB1544,login,1787452200000,1787453880000,41.58,44.58,4,1,closed,true
T001388,1784246400000,S2,nodal,SITE2,V08,D0208,KA01AB0588,logout,1784309400000,1784309520000,29.66,34.00,12,7,closed,true
T001389,1785974400000,S1,shuttle,SITE3,V03,D0285,KA01AB1642,login,1785983400000,1785983580000,18.27,18.18,24,8,closed,true
T001390,1780876800000,S3,cab,SITE2,V11,D0068,KA01AB0136,logout,1780875000000,1780875120000,21.69,24.10,4,2,closed,true
T001391,1784073600000,S3,shuttle,SITE4,V07,D0236,KA01AB1965,logout,1784071800000,1784071860000,38.76,40.95,24,24,closed,true
T001392,1784160000000,S2,shuttle,SITE4,V01,D0070,KA01AB1821,logout,1784223000000,1784223060000,23.42,22.81,24,4,closed,true
T001393,1787097600000,S1,cab,SITE2,V12,D0087,KA01AB0709,logout,1787139000000,1787139240000,40.27,44.87,4,1,closed,true
T001394,1787529600000,S3,cab,SITE4,V08,D0134,KA01AB1244,login,1787585400000,1787585640000,31.61,33.51,4,3,closed,true
T001395,1788048000000,S3,cab,SITE1,V10,D0301,KA01AB0410,login,1788103800000,1788104040000,38.65,42.92,4,4,closed,true
T001396,1788393600000,S3,shuttle,SITE4,V11,D0140,KA01AB0716,logout,1788391800000,1788391980000,38.47,40.51,24,13,closed,true
T001397,1784851200000,S1,cab,SITE1,V07,D0378,KA01AB0224,login,1784860200000,1784860380000,13.13,13.20,4,2,closed,true
T001398,1781568000000,S1,nodal,SITE3,V11,D0276,KA01AB1520,logout,1781609400000,1781609580000,29.83,34.29,12,1,closed,true
T001399,1782432000000,S3,cab,SITE2,V07,D0038,KA01AB0996,login,1782487800000,1782487860000,17.11,18.12,4,4,closed,true
T001400,1782345600000,S1,nodal,SITE4,V08,D0391,KA01AB1802,logout,1782387000000,1782387180000,15.25,15.68,12,7,closed,true
T001401,1785283200000,S3,shuttle,SITE1,V07,D0211,KA01AB1867,login,1785339000000,1785339060000,14.77,16.28,24,1,closed,true
T001402,1787270400000,S1,nodal,SITE3,V09,D0275,KA01AB0989,logout,1787311800000,1787311800000,33.45,36.66,12,5,closed,true
T001403,1785974400000,S3,cab,SITE3,V05,D0011,KA01AB1815,logout,1785972600000,1785975120000,36.28,41.07,4,4,closed,true
T001404,1783814400000,S2,nodal,SITE2,V10,D0202,KA01AB1009,login,1783845000000,1783847040000,10.65,10.78,12,10,closed,true
T001405,1782432000000,S2,nodal,SITE3,V02,D0217,KA01AB0273,logout,1782495000000,1782495060000,42.99,49.07,12,6,closed,true
T001406,1782000000000,S2,cab,SITE2,V04,D0275,KA01AB0144,login,1782030600000,1782030600000,24.93,27.07,4,4,closed,true
T001407,1783641600000,S1,nodal,SITE4,V09,D0177,KA01AB0430,logout,1783683000000,1783683240000,14.56,15.13,12,8,closed,true
T001408,1785542400000,S1,nodal,SITE3,V12,D0198,KA01AB0644,logout,1785583800000,1785583980000,19.39,20.93,12,4,closed,true
T001409,1786492800000,S3,cab,SITE1,V04,D0075,KA01AB0003,login,1786548600000,1786548780000,10.35,10.89,4,3,closed,true
T001410,1787961600000,S3,shuttle,SITE2,V10,D0335,KA01AB1378,login,1788017400000,1788017640000,18.41,18.08,24,13,closed,true
T001411,1783555200000,S1,nodal,SITE3,V07,D0327,KA01AB1388,login,1783564200000,1783566360000,17.76,17.89,12,12,closed,true
T001412,1782086400000,S2,cab,SITE1,V06,D0237,KA01AB0174,login,1782117000000,1782117060000,35.25,33.54,4,4,closed,true
T001413,1785369600000,S3,nodal,SITE2,V09,D0091,KA01AB1032,login,1785425400000,1785425400000,19.02,19.68,12,2,closed,true
T001414,1781308800000,S2,cab,SITE1,V08,D0222,KA01AB1871,login,1781339400000,1781339640000,33.01,36.51,4,2,closed,true
T001415,1786838400000,S3,shuttle,SITE3,V04,D0337,KA01AB1708,login,1786894200000,1786894320000,17.41,16.76,24,8,closed,true
T001416,1785369600000,S2,nodal,SITE4,V06,D0277,KA01AB0434,logout,1785432600000,1785432780000,35.29,36.54,12,11,closed,true
T001417,1782000000000,S1,cab,SITE2,V06,D0212,KA01AB1126,login,1782009000000,1782009240000,31.31,33.82,4,1,closed,true
T001418,1787529600000,S3,cab,SITE1,V05,D0249,KA01AB1392,login,1787585400000,1787586300000,8.06,7.78,4,4,closed,true
T001419,1784073600000,S1,nodal,SITE2,V12,D0057,KA01AB0922,login,1784082600000,1784082720000,25.72,25.10,12,4,closed,true
T001420,1781049600000,S3,shuttle,SITE4,V01,D0255,KA01AB1569,logout,1781047800000,1781047920000,20.38,22.22,24,14,closed,true
T001421,1786320000000,S2,cab,SITE1,V06,D0263,KA01AB0249,logout,1786383000000,1786383000000,27.34,30.50,4,2,closed,true
T001422,1787961600000,S2,cab,SITE2,V12,D0309,KA01AB1761,login,1787992200000,1787992380000,40.41,44.00,4,3,closed,true
T001423,1785888000000,S3,shuttle,SITE2,V04,D0061,KA01AB1267,logout,1785886200000,1785886440000,41.49,45.86,24,24,closed,true
T001424,1787443200000,S2,shuttle,SITE3,V01,D0363,KA01AB1598,login,1787473800000,1787473800000,41.56,42.26,24,10,closed,true
T001425,1785110400000,S3,cab,SITE2,V05,D0211,KA01AB1222,logout,1785108600000,1785108720000,13.84,15.47,4,4,closed,true
T001426,1788048000000,S1,cab,SITE4,V10,D0285,KA01AB0823,login,1788057000000,1788057240000,32.03,30.80,4,1,closed,true
T001427,1786665600000,S2,shuttle,SITE4,V03,D0144,KA01AB0875,login,1786696200000,1786696440000,8.31,9.18,24,24,closed,true
T001428,1782518400000,S3,nodal,SITE2,V11,D0102,KA01AB1278,login,1782574200000,1782574320000,28.14,26.86,12,11,closed,true
T001429,1786492800000,S2,nodal,SITE3,V09,D0284,KA01AB1751,login,1786523400000,1786523460000,17.26,16.59,12,10,closed,true
T001430,1782691200000,S2,nodal,SITE2,V11,D0374,KA01AB1947,logout,1782754200000,1782754260000,37.86,38.34,12,7,closed,true
T001431,1786752000000,S3,shuttle,SITE4,V01,D0101,KA01AB1227,login,1786807800000,1786808460000,29.28,30.37,24,11,closed,true
T001432,1782432000000,S1,cab,SITE2,V02,D0386,KA01AB0531,login,1782441000000,1782441120000,14.00,15.93,4,3,closed,true
T001433,1785283200000,S2,shuttle,SITE3,V11,D0181,KA01AB0530,logout,1785346200000,1785346260000,9.10,9.07,24,9,closed,true
T001434,1787702400000,S1,cab,SITE1,V02,D0074,KA01AB1927,login,1787711400000,1787711580000,24.58,24.95,4,2,closed,true
T001435,1785542400000,S2,nodal,SITE2,V06,D0166,KA01AB0844,logout,1785605400000,1785606360000,15.23,14.55,12,12,closed,true
T001436,1784851200000,S2,shuttle,SITE3,V08,D0222,KA01AB0856,login,1784881800000,1784882040000,31.76,30.23,24,14,closed,true
T001437,1784851200000,S3,cab,SITE2,V03,D0285,KA01AB1185,login,1784907000000,1784907000000,30.52,30.15,4,2,closed,true
T001438,1787875200000,S3,cab,SITE1,V03,D0381,KA01AB1546,logout,1787873400000,1787873400000,39.22,39.53,4,1,closed,true
T001439,1787184000000,S1,cab,SITE3,V07,D0338,KA01AB1563,logout,1787225400000,1787225460000,28.29,31.76,4,4,closed,true
T001440,1783987200000,S2,cab,SITE2,V02,D0014,KA01AB1768,logout,1784050200000,1784050440000,39.91,42.14,4,4,closed,true
T001441,1787616000000,S3,shuttle,SITE1,V10,D0067,KA01AB1748,logout,1787614200000,1787614440000,33.91,32.40,24,3,closed,true
T001442,1782086400000,S1,shuttle,SITE2,V01,D0131,KA01AB0954,logout,1782127800000,1782128040000,19.63,22.27,24,8,closed,true
T001443,1788048000000,S1,cab,SITE2,V08,D0199,KA01AB1899,login,1788057000000,1788057180000,16.81,16.35,4,4,closed,true
T001444,1787097600000,S1,shuttle,SITE3,V10,D0034,KA01AB1206,logout,1787139000000,1787139180000,24.48,24.91,24,21,closed,true
T001445,1781308800000,S3,nodal,SITE1,V12,D0173,KA01AB0577,login,1781364600000,1781364660000,30.31,29.39,12,2,closed,true
T001446,1787443200000,S2,shuttle,SITE1,V05,D0334,KA01AB1387,logout,1787506200000,1787506440000,41.15,45.14,24,19,closed,true
T001447,1785715200000,S3,cab,SITE4,V01,D0377,KA01AB1847,logout,1785713400000,1785713580000,9.39,9.49,4,3,closed,true
T001448,1787529600000,S2,nodal,SITE4,V09,D0167,KA01AB0770,login,1787560200000,,41.20,46.90,12,7,open,true
T001449,1787184000000,S3,shuttle,SITE2,V05,D0177,KA01AB0694,logout,1787182200000,1787182380000,15.05,15.61,24,3,closed,true
T001450,1782604800000,S2,cab,SITE4,V05,D0311,KA01AB0968,logout,1782667800000,1782667800000,15.21,16.73,4,1,closed,true
T001451,1785888000000,S2,nodal,SITE3,V09,D0298,KA01AB0942,logout,1785951000000,1785952200000,18.69,20.97,12,9,closed,true
T001452,1787702400000,S2,shuttle,SITE1,V12,D0189,KA01AB0722,logout,1787765400000,1787765400000,21.99,21.46,24,6,closed,true
T001453,1781481600000,S3,cab,SITE2,V02,D0384,KA01AB1469,login,1781537400000,1781540100000,33.90,33.64,4,4,closed,true
T001454,1786752000000,S2,shuttle,SITE1,V08,D0305,KA01AB1736,logout,1786815000000,1786815060000,8.97,9.46,24,4,closed,true
T001455,1783296000000,S2,cab,SITE2,V05,D0026,KA01AB1695,logout,1783359000000,1783359000000,13.24,13.83,4,2,closed,true
T001456,1780963200000,S2,shuttle,SITE3,V07,D0118,KA01AB1799,logout,1781026200000,1781026380000,35.26,37.78,24,1,closed,false
T001457,1787356800000,S1,shuttle,SITE2,V03,D0186,KA01AB0944,login,1787365800000,1787366460000,32.76,35.86,24,16,closed,true
T001458,1781222400000,S1,shuttle,SITE2,V03,D0268,KA01AB0807,logout,1781263800000,1781264040000,34.48,38.26,24,22,closed,true
T001459,1783382400000,S2,nodal,SITE2,V05,D0244,KA01AB1761,logout,1783445400000,1783445400000,38.68,40.60,12,11,closed,true
T001460,1786665600000,S2,shuttle,SITE3,V07,D0356,KA01AB1862,login,1786696200000,1786696380000,11.20,11.56,24,6,closed,true
T001461,1781654400000,S2,nodal,SITE1,V03,D0183,KA01AB1261,login,1781685000000,1781685180000,30.01,31.13,12,6,closed,true
T001462,1786406400000,S2,shuttle,SITE4,V04,D0396,KA01AB0303,logout,1786469400000,1786469640000,21.13,23.77,24,10,closed,true
T001463,1787011200000,S2,nodal,SITE4,V11,D0108,KA01AB1095,logout,1787074200000,1787076180000,15.18,17.28,12,8,closed,true
T001464,1781740800000,S3,nodal,SITE3,V08,D0376,KA01AB0463,logout,1781739000000,1781740140000,28.99,32.75,12,9,closed,true
T001465,1786665600000,S2,cab,SITE3,V03,D0387,KA01AB1715,logout,1786728600000,1786728720000,36.29,39.97,4,4,closed,true
T001466,1782259200000,S3,nodal,SITE4,V06,D0249,KA01AB0725,logout,1782257400000,1782257580000,16.65,17.12,12,5,closed,true
T001467,1782518400000,S3,nodal,SITE2,V07,D0201,KA01AB0169,logout,1782516600000,1782518280000,31.12,34.31,12,11,closed,true
T001468,1783382400000,S1,nodal,SITE2,V10,D0259,KA01AB0102,logout,1783423800000,1783423920000,40.66,39.41,12,12,closed,true
T001469,1781740800000,S3,shuttle,SITE2,V11,D0072,KA01AB1239,logout,1781739000000,1781739000000,15.69,16.56,24,14,closed,true
T001470,1780790400000,S1,shuttle,SITE1,V01,D0201,KA01AB0951,login,1780799400000,,8.45,8.19,24,19,open,true
T001471,1787356800000,S3,cab,SITE1,V04,D0213,KA01AB0744,logout,1787355000000,1787355060000,18.64,20.88,4,4,closed,false
T001472,1784505600000,S2,nodal,SITE4,V09,D0086,KA01AB1952,login,1784536200000,1784536440000,19.97,19.72,12,6,closed,true
T001473,1783036800000,S1,nodal,SITE1,V11,D0262,KA01AB0213,logout,1783078200000,1783078260000,21.45,23.75,12,1,closed,true
T001474,1782691200000,S2,nodal,SITE4,V04,D0205,KA01AB1095,logout,1782754200000,1782754260000,33.04,34.65,12,11,closed,true
T001475,1781222400000,S2,nodal,SITE2,V09,D0085,KA01AB0160,logout,1781285400000,1781285640000,21.74,24.76,12,7,closed,true
T001476,1783123200000,S1,nodal,SITE3,V03,D0096,KA01AB0551,login,1783132200000,1783132320000,33.43,32.34,12,5,closed,true
T001477,1786924800000,S1,cab,SITE3,V08,D0381,KA01AB0607,logout,1786966200000,1786967400000,39.59,38.86,4,1,closed,true
T001478,1784592000000,S3,cab,SITE4,V12,D0294,KA01AB0748,logout,1784590200000,1784590560000,35.27,38.81,4,2,closed,true
T001479,1787011200000,S1,shuttle,SITE2,V04,D0217,KA01AB1026,login,1787020200000,1787020380000,34.05,34.22,24,9,closed,true
T001480,1783209600000,S1,cab,SITE3,V11,D0393,KA01AB1262,logout,1783251000000,1783251120000,16.15,17.27,4,1,closed,true
T001481,1784592000000,S2,cab,SITE2,V08,D0285,KA01AB0068,login,1784622600000,1784622720000,18.25,19.69,4,4,closed,true
T001482,1784246400000,S3,nodal,SITE4,V05,D0328,KA01AB1021,logout,1784244600000,1784244840000,21.53,23.64,12,5,closed,true
T001483,1785024000000,S3,cab,SITE4,V03,D0376,KA01AB0040,login,1785079800000,1785079860000,35.40,36.27,4,1,closed,true
T001484,1785110400000,S1,nodal,SITE4,V09,D0243,KA01AB0549,login,1785119400000,1785119580000,23.13,24.52,12,10,closed,true
T001485,1784851200000,S1,nodal,SITE4,V08,D0133,KA01AB0417,logout,1784892600000,1784892780000,20.64,23.45,12,9,closed,true
T001486,1783382400000,S2,shuttle,SITE4,V09,D0171,KA01AB1971,logout,1783445400000,1783445580000,16.82,16.81,24,8,closed,true
T001487,1788307200000,S1,nodal,SITE3,V12,D0105,KA01AB0380,logout,1788348600000,1788348780000,30.64,32.17,12,9,closed,true
T001488,1783900800000,S2,nodal,SITE3,V11,D0088,KA01AB0929,logout,1783963800000,1783963800000,38.91,44.65,12,8,closed,true
T001489,1782172800000,S1,shuttle,SITE3,V09,D0261,KA01AB1932,logout,1782214200000,1782214380000,33.15,33.09,24,20,closed,true
T001490,1785024000000,S1,cab,SITE1,V12,D0131,KA01AB0147,logout,1785065400000,1785065400000,17.83,20.47,4,2,closed,true
T001491,1781222400000,S1,nodal,SITE1,V06,D0000,KA01AB1468,login,1781231400000,1781231640000,36.20,38.06,12,6,closed,true
T001492,1781481600000,S1,shuttle,SITE3,V10,D0111,KA01AB1701,logout,1781523000000,1781523060000,30.89,30.18,24,7,closed,true
T001493,1783468800000,S2,cab,SITE4,V12,D0132,KA01AB0307,logout,1783531800000,1783532700000,20.91,24.04,4,2,closed,true
T001494,1787097600000,S3,nodal,SITE1,V01,D0340,KA01AB0021,login,1787153400000,1787153640000,19.62,21.03,12,5,closed,true
T001495,1784851200000,S1,cab,SITE4,V01,D0034,KA01AB1205,login,1784860200000,1784860440000,16.58,16.80,4,1,closed,true
T001496,1783296000000,S1,nodal,SITE2,V10,D0177,KA01AB0310,login,1783305000000,1783305180000,40.50,43.37,12,9,closed,true
T001497,1785974400000,S1,shuttle,SITE4,V03,D0353,KA01AB1820,logout,1786015800000,1786015860000,38.94,43.21,24,9,closed,true
T001498,1787875200000,S2,shuttle,SITE4,V05,D0137,KA01AB1943,logout,1787938200000,1787938380000,20.33,22.14,24,6,closed,true
T001499,1788480000000,S2,shuttle,SITE1,V05,D0181,KA01AB1755,logout,1788543000000,1788543240000,31.58,33.16,24,20,closed,false
T001500,1783728000000,S3,shuttle,SITE2,V08,D0070,KA01AB0785,login,1783783800000,1783783980000,29.60,29.49,24,10,closed,true
T001501,1782259200000,S1,nodal,SITE4,V09,D0192,KA01AB1405,logout,1782300600000,1782300780000,36.67,38.92,12,9,closed,true
T001502,1786492800000,S1,cab,SITE4,V03,D0369,KA01AB0524,login,1786501800000,1786501860000,30.55,31.70,4,1,closed,true
T001503,1787875200000,S2,nodal,SITE3,V06,D0355,KA01AB1821,logout,1787938200000,1787938260000,39.87,37.93,12,4,closed,true
T001504,1785801600000,S2,nodal,SITE1,V08,D0041,KA01AB1394,logout,1785864600000,1785864720000,26.73,26.39,12,10,closed,true
T001505,1787788800000,S2,shuttle,SITE3,V06,D0010,KA01AB0948,logout,1787851800000,1787851920000,23.93,24.66,24,11,closed,true
T001506,1782086400000,S1,nodal,SITE3,V10,D0055,KA01AB0019,login,1782095400000,1782095460000,16.16,16.30,12,10,closed,true
T001507,1785283200000,S3,nodal,SITE1,V02,D0188,KA01AB0169,logout,1785281400000,1785281580000,24.47,25.46,12,5,closed,true
T001508,1788048000000,S3,shuttle,SITE3,V06,D0231,KA01AB0284,login,1788103800000,1788103920000,18.18,20.32,24,7,closed,true
T001509,1782000000000,S2,cab,SITE1,V05,D0191,KA01AB1719,login,1782030600000,1782032640000,30.56,33.33,4,3,closed,true
T001510,1784937600000,S2,nodal,SITE4,V12,D0321,KA01AB1019,login,1784968200000,1784968200000,19.92,22.44,12,5,closed,true,UNEXPECTED_EXTRA_FIELD
T001511,1787443200000,S3,shuttle,SITE1,V05,D0123,KA01AB1628,logout,1787441400000,1787443800000,33.82,36.42,24,2,closed,false
T001512,1787961600000,S2,cab,SITE4,V03,D0261,KA01AB0595,login,1787992200000,1787992440000,38.03,37.89,4,4,closed,true
T001513,1788393600000,S1,shuttle,SITE2,V04,D0139,KA01AB1575,login,1788402600000,1788402840000,17.07,17.77,24,15,closed,true
T001514,1781654400000,S3,cab,SITE3,V06,D0242,KA01AB0590,logout,1781652600000,1781652840000,37.01,36.50,4,4,closed,true
T001515,1783814400000,S2,nodal,SITE1,V01,D0107,KA01AB0446,logout,1783877400000,1783877580000,28.30,27.75,12,11,closed,true
T001516,1782518400000,S3,cab,SITE4,V04,D0102,KA01AB1747,logout,1782516600000,1782517980000,35.09,33.68,4,2,closed,true
T001517,1786320000000,S1,cab,SITE4,V09,D0085,KA01AB1889,logout,1786361400000,1786361460000,32.60,33.56,4,4,closed,true
T001518,1783641600000,S2,shuttle,SITE1,V06,D0004,KA01AB0524,login,1783672200000,1783672320000,34.39,35.84,24,15,closed,true
T001519,1786579200000,S2,nodal,SITE3,V01,D0279,KA01AB1539,logout,1786642200000,1786642200000,10.88,11.34,12,5,closed,true
T001520,1785196800000,S2,cab,SITE1,V03,D0143,KA01AB0523,login,1785227400000,1785227400000,36.44,39.05,4,2,closed,true
T001521,1781827200000,S1,nodal,SITE4,V05,D0319,KA01AB1933,login,1781836200000,1781836380000,28.58,32.53,12,2,closed,true
T001522,1786752000000,S3,nodal,SITE1,V10,D0118,KA01AB1621,login,1786807800000,1786807980000,12.36,13.35,12,3,closed,true
T001523,1786665600000,S1,cab,SITE4,V11,D0289,KA01AB0448,logout,1786707000000,,40.29,39.95,4,3,open,true
T001524,1787875200000,S1,shuttle,SITE1,V11,D0256,KA01AB0382,login,1787884200000,1787884560000,33.28,37.97,24,11,closed,true
T001525,1783555200000,S1,cab,SITE2,V11,D0076,KA01AB1272,logout,1783596600000,1783599240000,27.98,27.33,4,3,closed,true
T001526,1781827200000,S2,cab,SITE4,V04,D0064,KA01AB1862,login,1781857800000,1781857980000,25.49,26.78,4,3,closed,true
T001527,1787702400000,S3,shuttle,SITE4,V01,D0112,KA01AB1998,logout,1787700600000,1787700720000,24.59,24.88,24,11,closed,true
T001528,1784764800000,S3,cab,SITE3,V09,D0395,KA01AB0711,login,1784820600000,1784820780000,33.39,34.38,4,4,closed,true
T001529,1781568000000,S3,nodal,SITE1,V10,D0287,KA01AB0459,logout,1781566200000,,38.34,37.33,12,6,open,true
T001530,1782518400000,S1,cab,SITE4,V04,D0274,KA01AB1497,logout,1782559800000,1782560040000,24.20,25.78,4,4,closed,true
T001531,1788134400000,S1,cab,SITE2,V07,D0100,KA01AB0553,logout,1788175800000,1788177000000,8.94,10.18,4,4,closed,true
T001532,1781136000000,S2,shuttle,SITE1,V01,D0092,KA01AB1536,logout,1781199000000,1781199120000,19.40,19.15,24,3,closed,true
T001533,1784419200000,S2,cab,SITE1,V08,D0190,KA01AB1615,logout,1784482200000,1784482440000,23.89,25.34,4,2,closed,true
T001534,1785369600000,S3,shuttle,SITE3,V06,D0014,KA01AB0948,login,1785425400000,1785425640000,38.74,40.55,24,8,closed,true
T001535,1782172800000,S3,nodal,SITE3,V11,D0029,KA01AB1776,logout,1782171000000,1782171180000,14.54,13.91,12,3,closed,true
T001536,1784678400000,S3,shuttle,SITE1,V05,D0073,KA01AB1048,logout,1784676600000,1784676720000,9.88,10.81,24,19,closed,true
T001537,1780876800000,S1,nodal,SITE1,V10,D0340,KA01AB0893,login,1780885800000,1780886040000,16.25,15.80,12,3,closed,true
T001538,1782172800000,S1,shuttle,SITE3,V06,D0354,KA01AB1562,login,1782181800000,1782181920000,16.53,16.41,24,4,closed,true
T001539,1784419200000,S1,cab,SITE1,V07,D0382,KA01AB1395,login,1784428200000,1784428440000,37.58,41.71,4,3,closed,true
T001540,1787788800000,S3,shuttle,SITE1,V08,D0235,KA01AB1269,logout,1787787000000,1787787180000,8.33,8.75,24,22,closed,true
T001541,1787184000000,S3,nodal,SITE2,V06,D0220,KA01AB1773,logout,1787182200000,1787184900000,20.33,21.69,12,3,closed,true
T001542,1782172800000,S3,nodal,SITE4,V10,D0185,KA01AB1566,login,1782228600000,1782228600000,37.26,40.10,12,8,closed,true
T001543,1784419200000,S1,nodal,SITE3,V10,D0315,KA01AB1820,logout,1784460600000,1784460780000,11.84,13.48,12,1,closed,true
T001544,1785110400000,S3,shuttle,SITE4,V01,D0370,KA01AB0761,login,1785166200000,1785166680000,39.89,38.29,24,12,closed,true
T001545,1788307200000,S1,cab,SITE3,V08,D0250,KA01AB0729,login,1788316200000,1788316260000,42.42,40.58,4,3,closed,true
T001546,1785801600000,S3,cab,SITE2,V05,D0009,KA01AB0850,login,1785857400000,1785857640000,13.08,13.90,4,2,closed,true
T001547,1784160000000,S2,nodal,SITE3,V02,D0358,KA01AB0224,login,1784190600000,1784190660000,35.11,38.21,12,5,closed,true
T001548,1784851200000,S1,nodal,SITE2,V03,D0318,KA01AB0537,login,1784860200000,1784860320000,14.90,15.99,12,10,closed,true
T001549,1783296000000,S2,nodal,SITE4,V05,D0116,KA01AB0832,logout,1783359000000,1783359180000,18.68,17.85,12,5,closed,true
T001550,1787875200000,S2,shuttle,SITE1,V08,D0241,KA01AB0008,login,1787905800000,1787905920000,19.05,18.77,24,14,closed,true
T001551,1781222400000,S2,shuttle,SITE3,V09,D0370,KA01AB0131,logout,1781285400000,1781285400000,33.98,34.00,24,23,closed,true
T001552,1781481600000,S3,cab,SITE3,V09,D0015,KA01AB0356,logout,1781479800000,1781479980000,42.24,46.58,4,2,closed,true
T001553,1785628800000,S2,shuttle,SITE1,V03,D0170,KA01AB1611,login,1785659400000,1785659640000,27.70,29.72,24,21,closed,true
T001554,1782345600000,S1,nodal,SITE3,V09,D0348,KA01AB1841,logout,1782387000000,1782387240000,17.20,18.57,12,12,closed,true
T001555,1785110400000,S1,shuttle,SITE2,V07,D0267,KA01AB0293,logout,1785151800000,1785154380000,37.39,36.32,24,18,closed,true
T001556,1787702400000,S1,shuttle,SITE3,V09,D0082,KA01AB1431,login,1787711400000,1787711520000,23.54,25.32,24,22,closed,true
T001557,1786320000000,S1,nodal,SITE2,V08,D0040,KA01AB1670,login,1786329000000,1786329000000,41.82,44.77,12,4,closed,true
T001558,1783814400000,S2,shuttle,SITE4,V02,D0228,KA01AB1403,login,1783845000000,1783845180000,13.45,15.30,24,8,closed,true
T001559,1782000000000,S3,nodal,SITE3,V07,D0063,KA01AB1912,logout,1781998200000,1781998320000,10.27,10.36,12,11,closed,true
T001560,1782345600000,S1,cab,SITE4,V06,D0272,KA01AB1336,login,1782354600000,1782354780000,12.67,14.29,4,1,closed,true
T001561,1786233600000,S3,shuttle,SITE2,V06,D0101,KA01AB1038,logout,1786231800000,1786231920000,11.96,13.46,24,4,closed,true
T001562,1783641600000,S2,shuttle,SITE4,V06,D0212,KA01AB0544,login,1783672200000,1783672260000,19.58,19.38,24,23,closed,true
T001563,1783296000000,S3,nodal,SITE4,V02,D0353,KA01AB0257,logout,1783294200000,1783295100000,27.21,29.63,12,1,closed,true
T001564,1785715200000,S2,nodal,SITE3,V07,D0095,KA01AB1515,logout,1785778200000,1785778320000,8.57,8.54,12,8,closed,true
T001565,1785801600000,S3,nodal,SITE3,V07,D0233,KA01AB0613,login,1785857400000,1785857520000,30.43,29.65,12,7,closed,true
T001566,1784505600000,S2,nodal,SITE4,V01,D0309,KA01AB1420,logout,1784568600000,1784568600000,20.00,19.89,12,6,closed,true
T001567,1788480000000,S3,nodal,SITE2,V07,D0055,KA01AB1959,login,1788535800000,1788536220000,36.13,40.97,12,1,closed,true
T001568,1785196800000,S2,nodal,SITE4,V12,D0181,KA01AB0736,logout,1785259800000,1785259980000,9.47,9.85,12,6,closed,true
T001569,1785369600000,S3,shuttle,SITE4,V03,D0184,KA01AB1552,login,1785425400000,1785425640000,28.83,29.91,24,12,closed,true
T001570,1782604800000,S2,shuttle,SITE3,V12,D0376,KA01AB1806,login,1782635400000,1782635640000,27.78,26.70,24,10,closed,true
T001571,1782518400000,S1,nodal,SITE4,V03,D0275,KA01AB0367,login,1782527400000,1782527520000,38.63,44.16,12,5,closed,true
T001572,1784592000000,S1,nodal,SITE4,V08,D0049,KA01AB0335,login,1784601000000,1784601180000,37.74,42.67,12,5,closed,true
T001573,1781395200000,S2,shuttle,SITE4,V05,D0171,KA01AB1763,login,1781425800000,1781425980000,30.52,29.41,24,19,closed,true
T001574,1787443200000,S1,cab,SITE3,V12,D0117,KA01AB0068,login,1787452200000,1787452740000,22.44,23.12,4,4,closed,true
T001575,1787184000000,S3,nodal,SITE1,V05,D0302,KA01AB1464,logout,1787182200000,1787182320000,32.06,32.14,12,1,closed,false
T001576,1783987200000,S3,shuttle,SITE1,V01,D0111,KA01AB1986,logout,1783985400000,1783985520000,9.99,11.43,24,8,closed,true
T001577,1781568000000,S3,cab,SITE3,V09,D0151,KA01AB1164,logout,1781566200000,1781566320000,11.47,11.77,4,4,closed,true
T001578,1785456000000,S1,shuttle,SITE4,V02,D0004,KA01AB1524,login,1785465000000,1785465000000,11.19,11.25,24,10,closed,true
T001579,1781568000000,S3,nodal,SITE1,V07,D0188,KA01AB0217,login,1781623800000,1781623980000,34.22,37.43,12,6,closed,true
T001580,1786579200000,S2,nodal,SITE3,V04,D0194,KA01AB0798,logout,1786642200000,1786642440000,26.46,28.05,12,4,closed,true
T001581,1782864000000,S1,shuttle,SITE1,V09,D0009,KA01AB1874,logout,1782905400000,1782905640000,31.75,35.83,24,8,closed,true
T001582,1787011200000,S2,nodal,SITE4,V12,D0196,KA01AB0050,login,1787041800000,1787043360000,41.01,41.28,12,7,closed,true
T001583,1788307200000,S3,cab,SITE3,V11,D0222,KA01AB0826,login,1788363000000,1788363000000,32.45,32.46,4,3,closed,true
T001584,1784073600000,S3,shuttle,SITE2,V09,D0128,KA01AB0242,login,1784129400000,1784129580000,19.60,19.50,24,3,closed,true
T001585,1782086400000,S3,shuttle,SITE4,V07,D0043,KA01AB1540,login,1782142200000,1782142260000,20.46,20.88,24,3,closed,true
T001586,1786233600000,S2,nodal,SITE1,V08,D0100,KA01AB0395,logout,1786296600000,1786296720000,33.96,32.43,12,2,closed,true
T001587,1785456000000,S1,cab,SITE1,V12,D0373,KA01AB1925,login,1785465000000,1785465180000,40.61,43.20,4,1,closed,true
T001588,1785628800000,S1,shuttle,SITE2,V09,D0154,KA01AB0831,logout,1785670200000,1785670440000,26.62,30.36,24,18,closed,true
T001589,1787961600000,S1,cab,SITE3,V06,D0256,KA01AB1174,logout,1788003000000,1788005040000,13.23,12.98,4,2,closed,true
T001590,1784505600000,S1,nodal,SITE3,V03,D0368,KA01AB1466,logout,1784547000000,1784547120000,30.15,29.91,12,8,closed,true
T001591,1783382400000,S3,nodal,SITE4,V05,D0016,KA01AB1330,login,1783438200000,1783438320000,10.21,11.49,12,4,closed,true
T001592,1785456000000,S3,shuttle,SITE2,V11,D0243,KA01AB1449,login,1785511800000,1785511980000,41.32,44.04,24,13,closed,true
T001593,1782432000000,S3,shuttle,SITE4,V04,D0127,KA01AB1374,login,1782487800000,1782487980000,31.02,29.91,24,11,closed,true
T001594,1788307200000,S1,nodal,SITE2,V06,D0241,KA01AB0463,logout,1788348600000,1788348780000,30.72,31.05,12,5,closed,true
T001595,1783468800000,S1,cab,SITE2,V10,D0397,KA01AB0100,login,1783477800000,1783477800000,10.32,10.78,4,1,closed,true
T001596,1788480000000,S1,nodal,SITE1,V12,D0352,KA01AB0259,login,1788489000000,1788489180000,23.52,24.80,12,8,closed,true
T001597,1780876800000,S2,cab,SITE4,V02,D0268,KA01AB0419,login,1780907400000,1780907640000,41.44,39.75,4,3,closed,true
T001598,1781222400000,S3,cab,SITE2,V02,D0050,KA01AB0080,logout,1781220600000,1781220600000,30.86,33.06,4,3,closed,true
T001599,1788220800000,S3,cab,SITE2,V08,D0355,KA01AB0966,logout,1788219000000,1788219720000,10.06,9.62,4,2,closed,true
T001600,1785888000000,S2,cab,SITE4,V03,D0074,KA01AB1176,login,1785918600000,1785918720000,29.06,32.15,4,1,closed,true
T001601,1787875200000,S1,nodal,SITE1,V12,D0310,KA01AB1345,logout,1787916600000,1787916600000,31.48,35.29,12,8,closed,true
T001602,1781395200000,S3,nodal,SITE3,V05,D0136,KA01AB0505,login,1781451000000,1781451240000,15.43,16.91,12,8,closed,true
T001603,1784073600000,S2,shuttle,SITE4,V03,D0086,KA01AB0003,login,1784104200000,1784104260000,37.90,40.41,24,3,closed,true
T001604,1784160000000,S1,cab,SITE1,V10,D0144,KA01AB1189,logout,1784201400000,1784201580000,12.85,14.57,4,3,closed,true
T001605,1782691200000,S3,shuttle,SITE2,V11,D0307,KA01AB1308,logout,1782689400000,1782689460000,16.51,18.28,24,24,closed,true
T001606,1787184000000,S2,cab,SITE4,V04,D0170,KA01AB1133,login,1787214600000,1787214840000,42.43,41.11,4,1,closed,true
T001607,1787616000000,S3,cab,SITE3,V01,D0385,KA01AB1442,logout,1787614200000,1787614260000,42.60,45.86,4,2,closed,true
T001608,1782000000000,S1,nodal,SITE4,V09,D0357,KA01AB1380,login,1782009000000,1782009060000,29.87,33.54,12,6,closed,true
T001609,1781654400000,S2,shuttle,SITE2,V01,D0055,KA01AB0794,login,1781685000000,1781685060000,16.23,16.88,24,3,closed,true
T001610,1786665600000,S2,cab,SITE3,V02,D0387,KA01AB0413,logout,1786728600000,1786731120000,33.89,33.59,4,2,closed,true
T001611,1782432000000,S1,cab,SITE4,V10,D0355,KA01AB1599,logout,1782473400000,1782473400000,9.53,10.16,4,2,closed,true
T001612,1781740800000,S1,cab,SITE1,V04,D0320,KA01AB1345,login,1781749800000,1781750040000,42.66,41.53,4,3,closed,true
T001613,1786060800000,S2,nodal,SITE2,V08,D0219,KA01AB0502,logout,1786123800000,1786124820000,41.78,43.83,12,8,closed,true
T001614,1786147200000,S2,shuttle,SITE2,V12,D0285,KA01AB1024,logout,1786210200000,1786212660000,23.05,23.66,24,23,closed,true
T001615,1782864000000,S3,cab,SITE1,V06,D0234,KA01AB1239,login,1782919800000,1782919860000,17.54,16.79,4,3,closed,true
T001616,1781308800000,S3,nodal,SITE3,V08,D0203,KA01AB1351,login,1781364600000,1781364660000,33.79,37.09,12,9,closed,true
T001617,1781136000000,S3,cab,SITE4,V06,D0192,KA01AB1009,login,1781191800000,1781191860000,24.90,27.11,4,3,closed,true
T001618,1782518400000,S1,cab,SITE1,V01,D0357,KA01AB1187,logout,1782559800000,1782559920000,9.21,9.57,4,4,closed,true
T001619,1782259200000,S1,shuttle,SITE4,V11,D0228,KA01AB0672,logout,1782300600000,1782300600000,12.38,12.91,24,2,closed,true
T001620,1784073600000,S1,shuttle,SITE3,V04,D0078,KA01AB1847,logout,1784115000000,1784115060000,36.91,36.96,24,6,closed,true,UNEXPECTED_EXTRA_FIELD
T001621,1786752000000,S3,nodal,SITE1,V04,D0162,KA01AB0816,logout,1786750200000,1786750200000,37.61,37.59,12,4,closed,true
T001622,1784073600000,S1,nodal,SITE1,V08,D0171,KA01AB1764,login,1784082600000,1784082720000,33.28,35.90,12,2,closed,true
T001623,1783468800000,S3,nodal,SITE3,V12,D0142,KA01AB1293,logout,1783467000000,1783467180000,30.01,31.03,12,7,closed,true
T001624,1782604800000,S2,nodal,SITE1,V03,D0310,KA01AB1009,logout,1782667800000,1782667860000,20.07,22.83,12,12,closed,true
T001625,1783123200000,S1,nodal,SITE4,V04,D0247,KA01AB0962,logout,1783164600000,1783164660000,38.73,38.40,12,8,closed,true
T001626,1781481600000,S3,cab,SITE1,V06,D0268,KA01AB1680,login,1781537400000,1781537580000,39.50,39.50,4,1,closed,true
T001627,1782950400000,S1,cab,SITE1,V10,D0072,KA01AB0949,login,1782959400000,1782959640000,27.01,26.82,4,3,closed,true
T001628,1784246400000,S3,cab,SITE3,V10,D0118,KA01AB1165,logout,1784244600000,1784244720000,15.62,16.59,4,1,closed,true
T001629,1783468800000,S1,cab,SITE4,V05,D0205,KA01AB1310,logout,1783510200000,1783510440000,39.06,37.33,4,3,closed,true
T001630,1787011200000,S3,nodal,SITE3,V01,D0324,KA01AB0283,logout,1787009400000,1787009640000,23.12,26.50,12,5,closed,true
T001631,1785283200000,S2,cab,SITE4,V04,D0042,KA01AB1524,logout,1785346200000,1785346320000,33.44,32.05,4,4,closed,true
T001632,1785715200000,S2,cab,SITE3,V02,D0387,KA01AB1512,login,1785745800000,1785746040000,36.11,36.66,4,2,closed,true
T001633,1782000000000,S3,shuttle,SITE2,V04,D0159,KA01AB0947,login,1782055800000,1782055800000,21.73,21.86,24,3,closed,true
T001634,1787702400000,S1,cab,SITE2,V11,D0149,KA01AB1334,logout,1787743800000,1787744040000,22.22,22.93,4,4,closed,true
T001635,1788307200000,S1,nodal,SITE3,V03,D0324,KA01AB0746,logout,1788348600000,1788348660000,16.51,18.77,12,3,closed,true
T001636,1782000000000,S2,nodal,SITE3,V09,D0337,KA01AB1299,logout,1782063000000,1782065160000,42.70,44.17,12,12,closed,true
T001637,1786233600000,S2,cab,SITE1,V06,D0013,KA01AB0644,logout,1786296600000,1786296720000,19.09,20.23,4,3,closed,true
T001638,1783036800000,S2,shuttle,SITE1,V01,D0303,KA01AB0556,login,1783067400000,1783067460000,10.03,9.97,24,23,closed,true
T001639,1784678400000,S2,shuttle,SITE4,V07,D0198,KA01AB1610,login,1784709000000,1784709120000,41.39,43.14,24,14,closed,true
T001640,1782259200000,S2,shuttle,SITE1,V03,D0244,KA01AB0826,logout,1782322200000,1782322260000,21.34,21.24,24,5,closed,true
T001641,1782864000000,S3,cab,SITE3,V08,D0197,KA01AB1228,logout,1782862200000,1782862260000,22.22,22.57,4,1,closed,true
T001642,1784851200000,S3,cab,SITE2,V04,D0079,KA01AB1705,logout,1784849400000,1784849640000,32.33,33.30,4,1,closed,true
T001643,1785542400000,S3,shuttle,SITE3,V07,D0389,KA01AB0423,login,1785598200000,1785598260000,41.22,42.49,24,18,closed,true
T001644,1786752000000,S3,cab,SITE3,V10,D0210,KA01AB0061,logout,1786750200000,1786751040000,16.20,18.31,4,1,closed,true
T001645,1782259200000,S1,shuttle,SITE1,V12,D0006,KA01AB1848,login,1782268200000,1782268380000,23.16,22.69,24,1,closed,true
T001646,1787529600000,S2,shuttle,SITE3,V01,D0053,KA01AB1592,login,1787560200000,,23.80,25.49,24,16,open,true
T001647,1782691200000,S3,nodal,SITE3,V09,D0141,KA01AB1704,login,1782747000000,1782747240000,15.80,16.21,12,7,closed,true
T001648,1782000000000,S1,nodal,SITE3,V07,D0395,KA01AB1878,login,1782009000000,1782009120000,40.01,39.69,12,4,closed,true
T001649,1782518400000,S3,cab,SITE1,V01,D0057,KA01AB0233,login,1782574200000,1782574320000,37.99,38.45,4,1,closed,true
T001650,1781827200000,S3,shuttle,SITE4,V07,D0339,KA01AB0202,login,1781883000000,1781885280000,27.56,27.09,24,17,closed,true
T001651,1783382400000,S3,shuttle,SITE4,V03,D0254,KA01AB1705,logout,1783380600000,1783381620000,19.39,22.29,24,20,closed,true
T001652,1785715200000,S1,shuttle,SITE1,V05,D0244,KA01AB1862,logout,1785756600000,1785756840000,36.31,41.60,24,23,closed,true
T001653,1788134400000,S1,shuttle,SITE3,V10,D0134,KA01AB1582,logout,1788175800000,1788175860000,10.88,11.08,24,11,closed,true
T001654,1786233600000,S3,nodal,SITE2,V12,D0108,KA01AB0424,login,1786289400000,1786289580000,42.27,41.44,12,11,closed,true
T001655,1786147200000,S1,nodal,SITE1,V12,D0123,KA01AB0752,login,1786156200000,1786156260000,36.51,40.23,12,3,closed,true
T001656,1782259200000,S1,cab,SITE4,V01,D0216,KA01AB1516,login,1782268200000,1782268260000,22.66,24.31,4,2,closed,true
T001657,1788480000000,S2,nodal,SITE2,V08,D0248,KA01AB0061,login,1788510600000,1788510780000,29.52,32.59,12,8,closed,true
T001658,1784764800000,S2,cab,SITE1,V08,D0349,KA01AB0155,logout,1784827800000,1784828820000,42.51,47.73,4,1,closed,true
T001659,1786579200000,S3,shuttle,SITE4,V12,D0323,KA01AB0598,login,1786635000000,1786636380000,29.95,31.35,24,15,closed,true
T001660,1781913600000,S1,shuttle,SITE1,V09,D0363,KA01AB1090,logout,1781955000000,1781955240000,17.39,16.75,24,7,closed,true
T001661,1787961600000,S3,shuttle,SITE2,V03,D0249,KA01AB0227,logout,1787959800000,1787960220000,27.62,27.21,24,7,closed,true
T001662,1786492800000,S1,cab,SITE4,V03,D0085,KA01AB0498,logout,1786534200000,1786534320000,35.78,39.80,4,4,closed,true
T001663,1788134400000,S1,shuttle,SITE1,V10,D0269,KA01AB0666,login,1788143400000,1788143640000,34.22,38.82,24,3,closed,true
T001664,1786147200000,S3,nodal,SITE4,V12,D0104,KA01AB0500,logout,1786145400000,1786147200000,11.29,12.10,12,10,closed,true
T001665,1784851200000,S3,cab,SITE1,V12,D0040,KA01AB0279,logout,1784849400000,1784849400000,34.10,33.84,4,1,closed,true
T001666,1786579200000,S3,shuttle,SITE3,V10,D0112,KA01AB0535,login,1786635000000,1786635060000,25.53,25.83,24,10,closed,true
T001667,1787702400000,S1,nodal,SITE1,V02,D0193,KA01AB0861,logout,1787743800000,1787743800000,20.80,23.37,12,8,closed,true
T001668,1786665600000,S2,cab,SITE1,V06,D0341,KA01AB1310,login,1786696200000,1786696320000,18.01,19.81,4,3,closed,true
T001669,1782345600000,S1,cab,SITE1,V03,D0048,KA01AB1562,login,1782354600000,1782354780000,29.06,31.49,4,4,closed,true
T001670,1786060800000,S3,cab,SITE3,V11,D0335,KA01AB1727,login,1786116600000,1786116720000,23.24,23.75,4,3,closed,true
T001671,1785110400000,S3,nodal,SITE2,V06,D0278,KA01AB0811,login,1785166200000,1785167340000,39.71,45.57,12,9,closed,true
T001672,1786147200000,S3,shuttle,SITE4,V06,D0066,KA01AB1047,login,1786203000000,1786205520000,26.22,26.74,24,21,closed,true
T001673,1781827200000,S3,cab,SITE3,V08,D0033,KA01AB0698,login,1781883000000,1781884560000,31.16,33.92,4,3,closed,true
T001674,1784332800000,S3,nodal,SITE3,V05,D0171,KA01AB1263,logout,1784331000000,1784331060000,40.65,44.60,12,7,closed,true
T001675,1786406400000,S1,shuttle,SITE2,V08,D0122,KA01AB0062,logout,1786447800000,1786447980000,26.29,25.72,24,7,closed,true
T001676,1783468800000,S2,cab,SITE4,V02,D0146,KA01AB0044,logout,1783531800000,1783531800000,35.02,36.38,4,4,closed,true
T001677,1785283200000,S2,cab,SITE2,V01,D0075,KA01AB1440,login,1785313800000,1785313980000,16.97,17.06,4,4,closed,true
T001678,1786406400000,S1,cab,SITE1,V07,D0033,KA01AB0793,logout,1786447800000,,30.88,30.41,4,4,open,true
T001679,1780876800000,S3,nodal,SITE4,V05,D0173,KA01AB1956,logout,1780875000000,1780875000000,17.26,16.77,12,1,closed,true
T001680,1781568000000,S2,cab,SITE1,V09,D0064,KA01AB0901,login,1781598600000,1781598780000,20.11,20.03,4,3,closed,true
T001681,1783900800000,S1,nodal,SITE4,V12,D0210,KA01AB0441,login,1783909800000,1783909860000,10.52,11.28,12,4,closed,true
T001682,1785110400000,S3,shuttle,SITE1,V04,D0342,KA01AB0559,logout,1785108600000,1785109140000,42.26,44.73,24,12,closed,true
T001683,1781395200000,S2,nodal,SITE2,V04,D0379,KA01AB0141,login,1781425800000,1781425980000,13.10,13.68,12,10,closed,true
T001684,1782172800000,S1,nodal,SITE4,V04,D0258,KA01AB0339,logout,1782214200000,1782214440000,42.52,47.71,12,2,closed,true
T001685,1786838400000,S3,shuttle,SITE1,V03,D0303,KA01AB0563,logout,1786836600000,1786836720000,39.01,38.81,24,5,closed,true
T001686,1781136000000,S2,shuttle,SITE1,V06,D0189,KA01AB1974,logout,1781199000000,1781199240000,8.82,9.29,24,11,closed,true
T001687,1782086400000,S3,cab,SITE2,V04,D0306,KA01AB1238,login,1782142200000,1782142440000,25.93,25.64,4,1,closed,true
T001688,1787875200000,S3,nodal,SITE2,V08,D0320,KA01AB1177,logout,1787873400000,,29.43,32.40,12,9,open,true
T001689,1787270400000,S3,shuttle,SITE2,V08,D0112,KA01AB1841,logout,1787268600000,1787268600000,21.41,23.24,24,5,closed,true
T001690,1783900800000,S1,shuttle,SITE4,V07,D0113,KA01AB1314,login,1783909800000,1783909860000,31.78,31.80,24,19,closed,true
T001691,1783296000000,S2,cab,SITE1,V07,D0131,KA01AB1020,logout,1783359000000,1783359120000,10.56,10.80,4,3,closed,false
T001692,1783900800000,S2,shuttle,SITE2,V09,D0042,KA01AB0480,login,1783931400000,1783931520000,27.02,30.32,24,23,closed,true
T001693,1782691200000,S2,cab,SITE1,V05,D0292,KA01AB0527,login,1782721800000,1782722040000,22.52,25.69,4,2,closed,true
T001694,1781222400000,S3,nodal,SITE3,V04,D0169,KA01AB0729,login,1781278200000,1781278320000,23.40,22.52,12,8,closed,true
T001695,1785369600000,S2,shuttle,SITE1,V04,D0330,KA01AB1019,logout,1785432600000,,24.65,27.55,24,20,open,true
T001696,1782604800000,S1,nodal,SITE3,V05,D0286,KA01AB0760,login,1782613800000,1782614340000,40.82,41.92,12,8,closed,true
T001697,1780963200000,S1,cab,SITE1,V01,D0154,KA01AB1397,login,1780972200000,1780972200000,37.44,36.04,4,4,closed,true
T001698,1785974400000,S2,cab,SITE1,V07,D0393,KA01AB0353,login,1786005000000,1786007220000,22.10,22.56,4,2,closed,true
T001699,1784246400000,S2,shuttle,SITE3,V05,D0379,KA01AB1117,login,1784277000000,1784277000000,42.22,40.35,24,11,closed,true
T001700,1784505600000,S1,shuttle,SITE1,V04,D0274,KA01AB0087,logout,1784547000000,1784547060000,34.45,35.73,24,20,closed,true
T001701,1786752000000,S1,nodal,SITE4,V04,D0216,KA01AB1705,logout,1786793400000,1786795920000,38.64,43.03,12,12,closed,true
T001702,1782777600000,S2,nodal,SITE4,V12,D0287,KA01AB1777,logout,1782840600000,1782840840000,35.29,36.03,12,5,closed,true
T001703,1784246400000,S3,nodal,SITE4,V06,D0133,KA01AB0763,login,1784302200000,1784303580000,20.34,20.59,12,8,closed,true
T001704,1788307200000,S2,shuttle,SITE2,V03,D0015,KA01AB0451,login,1788337800000,1788338040000,19.66,20.55,24,12,closed,true
T001705,1788220800000,S2,nodal,SITE1,V08,D0359,KA01AB0132,logout,1788283800000,1788283920000,27.54,28.83,12,11,closed,true
T001706,1782518400000,S3,shuttle,SITE4,V11,D0311,KA01AB0226,login,1782574200000,1782574320000,17.29,19.26,24,12,closed,true
T001707,1782864000000,S3,cab,SITE2,V07,D0044,KA01AB0114,logout,1782862200000,1782862800000,35.23,34.59,4,2,closed,false
T001708,1784505600000,S1,cab,SITE3,V04,D0074,KA01AB1922,login,1784514600000,1784514600000,23.33,22.95,4,4,closed,true
T001709,1787961600000,S1,cab,SITE1,V11,D0188,KA01AB0215,logout,1788003000000,1788003000000,9.52,9.87,4,4,closed,true
T001710,1781308800000,S2,cab,SITE2,V04,D0123,KA01AB0201,logout,1781371800000,1781372040000,33.62,36.53,4,1,closed,true
T001711,1781395200000,S2,nodal,SITE4,V06,D0052,KA01AB1224,login,1781425800000,1781426760000,40.63,43.40,12,1,closed,true
T001712,1783555200000,S2,nodal,SITE3,V07,D0071,KA01AB0418,logout,1783618200000,1783618440000,18.62,19.91,12,12,closed,true
T001713,1781481600000,S3,shuttle,SITE1,V09,D0287,KA01AB0730,login,1781537400000,1781537400000,12.98,12.76,24,5,closed,true
T001714,1788048000000,S1,shuttle,SITE4,V02,D0214,KA01AB1005,logout,1788089400000,1788089520000,30.09,29.68,24,10,closed,true
T001715,1786060800000,S1,cab,SITE2,V06,D0279,KA01AB0197,logout,1786102200000,1786104360000,16.93,17.94,4,4,closed,true
T001716,1781827200000,S2,nodal,SITE4,V10,D0256,KA01AB0014,logout,1781890200000,1781890200000,11.36,11.08,12,6,closed,true
T001717,1782777600000,S2,cab,SITE1,V06,D0147,KA01AB1153,login,1782808200000,1782808260000,38.64,40.32,4,2,closed,true
T001718,1781481600000,S1,nodal,SITE3,V05,D0311,KA01AB1840,logout,1781523000000,1781524260000,23.02,25.86,12,12,closed,true
T001719,1783123200000,S1,cab,SITE4,V01,D0118,KA01AB1257,logout,1783164600000,1783166760000,29.14,33.45,4,4,closed,true
T001720,1783987200000,S2,cab,SITE1,V01,D0195,KA01AB0671,login,1784017800000,1784017920000,26.20,27.93,4,3,closed,true
T001721,1784246400000,S2,shuttle,SITE2,V05,D0097,KA01AB0835,logout,1784309400000,1784309400000,18.61,20.56,24,5,closed,true
T001722,1782691200000,S3,cab,SITE2,V05,D0056,KA01AB1152,login,1782747000000,1782747120000,18.64,21.02,4,1,closed,true
T001723,1783296000000,S3,shuttle,SITE4,V02,D0260,KA01AB0709,logout,1783294200000,1783296540000,36.19,36.17,24,22,closed,true
T001724,1783814400000,S2,shuttle,SITE4,V06,D0212,KA01AB0049,login,1783845000000,1783845120000,38.25,38.11,24,1,closed,true
T001725,1785283200000,S2,shuttle,SITE3,V08,D0210,KA01AB0865,login,1785313800000,1785313920000,30.58,29.59,24,3,closed,true
T001726,1784592000000,S2,nodal,SITE2,V12,D0104,KA01AB0859,login,1784622600000,1784622780000,41.12,43.75,12,9,closed,true
T001727,1781222400000,S2,cab,SITE2,V06,D0365,KA01AB0493,logout,1781285400000,1781286120000,17.24,19.18,4,2,closed,true
T001728,1785888000000,S1,cab,SITE2,V02,D0202,KA01AB1330,login,1785897000000,1785897180000,17.31,18.75,4,4,closed,true
T001729,1786752000000,S2,shuttle,SITE3,V07,D0263,KA01AB0399,logout,1786815000000,1786815120000,37.45,39.94,24,15,closed,false
T001730,1784851200000,S2,shuttle,SITE3,V11,D0004,KA01AB0068,login,1784881800000,1784881920000,40.31,45.12,24,10,closed,true
T001731,1782518400000,S1,cab,SITE1,V06,D0099,KA01AB1424,logout,1782559800000,1782560040000,28.15,27.66,4,3,closed,true
T001732,1782864000000,S3,cab,SITE4,V08,D0214,KA01AB1878,logout,1782862200000,1782862320000,14.43,14.06,4,4,closed,true
T001733,1784332800000,S1,shuttle,SITE2,V02,D0221,KA01AB1415,login,1784341800000,1784341860000,37.75,42.32,24,13,closed,true
T001734,1783641600000,S3,nodal,SITE4,V05,D0070,KA01AB1165,logout,1783639800000,1783639920000,20.62,20.65,12,11,closed,true
T001735,1785369600000,S1,cab,SITE4,V03,D0374,KA01AB1433,login,1785378600000,1785378720000,41.79,44.00,4,1,closed,true
T001736,1788048000000,S2,cab,SITE2,V07,D0280,KA01AB1871,logout,1788111000000,1788111060000,32.53,34.89,4,3,closed,true
T001737,1781222400000,S1,cab,SITE2,V02,D0049,KA01AB1125,login,1781231400000,1781233080000,37.89,39.56,4,1,closed,true
T001738,1783468800000,S2,cab,SITE2,V07,D0313,KA01AB1207,logout,1783531800000,1783531800000,35.81,40.15,4,4,closed,true
T001739,1782864000000,S1,shuttle,SITE3,V02,D0020,KA01AB1079,logout,1782905400000,1782905460000,15.67,15.91,24,17,closed,true
T001740,1788480000000,S1,nodal,SITE3,V08,D0302,KA01AB0515,logout,1788521400000,1788521400000,38.74,41.34,12,12,closed,true
T001741,1781654400000,S3,shuttle,SITE3,V01,D0342,KA01AB0096,logout,1781652600000,1781652720000,14.51,16.45,24,18,closed,true
T001742,1785542400000,S3,cab,SITE3,V05,D0202,KA01AB0965,logout,1785540600000,1785540720000,25.23,25.40,4,4,closed,true
T001743,1781222400000,S2,shuttle,SITE1,V11,D0368,KA01AB0365,logout,1781285400000,1781285460000,26.76,27.49,24,13,closed,true
T001744,1783728000000,S1,cab,SITE1,V11,D0357,KA01AB0088,logout,1783769400000,1783769520000,34.32,37.13,4,4,closed,true
T001745,1787443200000,S1,shuttle,SITE4,V06,D0132,KA01AB1402,login,1787452200000,1787452200000,13.45,15.36,24,12,closed,true
T001746,1781049600000,S2,cab,SITE3,V06,D0361,KA01AB1447,login,1781080200000,1781080440000,15.99,17.02,4,2,closed,true
T001747,1783728000000,S2,shuttle,SITE3,V06,D0312,KA01AB1972,logout,1783791000000,1783791180000,39.82,44.33,24,20,closed,true
T001748,1788134400000,S2,shuttle,SITE4,V06,D0279,KA01AB1341,logout,1788197400000,1788197520000,23.81,27.05,24,12,closed,true
T001749,1785542400000,S2,nodal,SITE2,V11,D0192,KA01AB1353,login,1785573000000,1785573480000,13.91,13.58,12,1,closed,true
T001750,1782691200000,S3,shuttle,SITE3,V04,D0112,KA01AB1954,login,1782747000000,1782747000000,30.91,29.62,24,19,closed,true
T001751,1787356800000,S2,nodal,SITE4,V02,D0060,KA01AB0413,logout,1787419800000,1787419800000,39.47,44.24,12,6,closed,true
T001752,1782432000000,S1,nodal,SITE4,V04,D0307,KA01AB0978,login,1782441000000,1782441000000,29.67,32.00,12,11,closed,true
T001753,1785369600000,S1,nodal,SITE1,V01,D0357,KA01AB1687,logout,1785411000000,1785411180000,24.32,23.45,12,12,closed,true
T001754,1786147200000,S1,shuttle,SITE3,V02,D0390,KA01AB0359,login,1786156200000,1786156380000,24.15,27.68,24,18,closed,true,UNEXPECTED_EXTRA_FIELD
T001755,1783123200000,S3,nodal,SITE4,V06,D0319,KA01AB1574,logout,1783121400000,1783121520000,36.82,36.77,12,4,closed,true
T001756,1783123200000,S3,nodal,SITE2,V01,D0198,KA01AB0386,logout,1783121400000,1783121580000,37.74,41.45,12,10,closed,true
T001757,1788220800000,S2,nodal,SITE4,V07,D0351,KA01AB1815,logout,1788283800000,1788283860000,29.62,32.88,12,1,closed,true
T001758,1782172800000,S2,shuttle,SITE4,V06,D0063,KA01AB1337,logout,1782235800000,1782235800000,24.30,24.67,24,5,closed,true
T001759,1788048000000,S3,shuttle,SITE2,V05,D0329,KA01AB0074,login,1788103800000,,29.66,28.59,24,16,open,true
T001760,1787270400000,S3,nodal,SITE3,V06,D0281,KA01AB0376,login,1787326200000,1787326440000,20.54,22.07,12,3,closed,true
T001761,1787443200000,S2,nodal,SITE4,V11,D0031,KA01AB1502,logout,1787506200000,1787506440000,38.48,43.47,12,11,closed,true
T001762,1781740800000,S3,cab,SITE2,V11,D0300,KA01AB0467,login,1781796600000,1781796660000,18.18,20.56,4,3,closed,true
T001763,1786492800000,S3,shuttle,SITE2,V02,D0227,KA01AB1623,login,1786548600000,1786548720000,39.82,40.05,24,16,closed,true
T001764,1782000000000,S3,cab,SITE1,V06,D0066,KA01AB0462,login,1782055800000,1782056040000,8.20,9.14,4,4,closed,true
T001765,1782691200000,S1,shuttle,SITE2,V08,D0359,KA01AB0525,logout,1782732600000,1782732840000,26.97,27.46,24,5,closed,true
T001766,1783641600000,S3,cab,SITE4,V02,D0175,KA01AB1290,login,1783697400000,1783699320000,9.74,10.74,4,3,closed,true
T001767,1785196800000,S1,shuttle,SITE2,V09,D0085,KA01AB0778,logout,1785238200000,1785238320000,16.95,17.16,24,24,closed,true
T001768,1784419200000,S3,nodal,SITE1,V10,D0279,KA01AB1433,logout,1784417400000,1784417400000,20.67,20.06,12,2,closed,true
T001769,1781740800000,S3,cab,SITE2,V11,D0114,KA01AB1482,login,1781796600000,1781796660000,18.24,20.03,4,4,closed,true
T001770,1786060800000,S3,cab,SITE1,V06,D0390,KA01AB0152,login,1786116600000,1786118940000,17.70,19.48,4,1,closed,true
T001771,1781395200000,S2,shuttle,SITE4,V05,D0127,KA01AB1156,login,1781425800000,1781426040000,42.38,44.50,24,22,closed,true
T001772,1784764800000,S2,shuttle,SITE2,V08,D0373,KA01AB1610,login,1784795400000,1784795880000,14.61,16.25,24,14,closed,true
T001773,1781395200000,S3,shuttle,SITE3,V11,D0300,KA01AB1145,login,1781451000000,1781451180000,24.36,26.51,24,20,closed,true
T001774,1781308800000,S3,shuttle,SITE1,V03,D0135,KA01AB1407,login,1781364600000,1781364840000,30.90,32.72,24,4,closed,true
T001775,1785283200000,S2,nodal,SITE2,V04,D0247,KA01AB0770,logout,1785346200000,1785346440000,10.02,10.42,12,6,closed,true
T001776,1780876800000,S3,cab,SITE4,V10,D0121,KA01AB0604,logout,1780875000000,1780875000000,8.87,9.60,4,4,closed,true
T001777,1786579200000,S1,nodal,SITE1,V10,D0364,KA01AB1119,logout,1786620600000,1786620780000,26.58,29.99,12,4,closed,true
T001778,1781222400000,S1,cab,SITE3,V07,D0244,KA01AB1939,login,1781231400000,1781231580000,37.96,38.08,4,2,closed,true
T001779,1781827200000,S1,cab,SITE1,V04,D0243,KA01AB1826,logout,1781868600000,1781868780000,39.44,39.79,4,4,closed,true
T001780,1783036800000,S1,nodal,SITE1,V08,D0087,KA01AB0430,login,1783045800000,1783045800000,16.71,18.78,12,5,closed,true
T001781,1785283200000,S3,nodal,SITE3,V03,D0387,KA01AB1039,login,1785339000000,1785339060000,40.99,44.75,12,5,closed,true
T001782,1783209600000,S3,shuttle,SITE2,V04,D0040,KA01AB0864,login,1783265400000,,29.57,29.91,24,13,open,true
T001783,1787184000000,S2,cab,SITE2,V03,D0231,KA01AB0632,login,1787214600000,1787214660000,29.05,30.70,4,4,closed,true
T001784,1783641600000,S2,cab,SITE3,V03,D0155,KA01AB1063,logout,1783704600000,1783704660000,35.34,34.98,4,2,closed,true
T001785,1784419200000,S1,nodal,SITE2,V08,D0281,KA01AB0356,login,1784428200000,1784428320000,40.85,46.22,12,11,closed,true
T001786,1784851200000,S2,nodal,SITE3,V10,D0070,KA01AB1035,logout,1784914200000,1784914320000,22.96,26.32,12,10,closed,true
T001787,1781654400000,S2,nodal,SITE1,V10,D0033,KA01AB1845,login,1781685000000,1781685000000,41.53,44.38,12,1,closed,true
T001788,1786579200000,S2,shuttle,SITE4,V11,D0144,KA01AB0670,login,1786609800000,1786609980000,29.22,28.39,24,23,closed,true
T001789,1788220800000,S2,cab,SITE1,V06,D0071,KA01AB1323,login,1788251400000,1788251460000,18.89,20.08,4,4,closed,true
T001790,1781913600000,S2,nodal,SITE2,V09,D0105,KA01AB0525,login,1781944200000,1781944380000,32.66,34.78,12,2,closed,true
T001791,1785369600000,S2,nodal,SITE3,V12,D0084,KA01AB0198,logout,1785432600000,1785432840000,10.81,11.69,12,7,closed,true
T001792,1787270400000,S2,shuttle,SITE2,V06,D0373,KA01AB1703,logout,1787333400000,1787333640000,16.90,18.13,24,7,closed,true
T001793,1785542400000,S2,shuttle,SITE1,V01,D0303,KA01AB1526,logout,1785605400000,1785605400000,26.90,26.14,24,19,closed,true
T001794,1781049600000,S1,shuttle,SITE3,V11,D0336,KA01AB0513,login,1781058600000,1781058840000,20.00,20.07,24,16,closed,true
T001795,1787702400000,S2,shuttle,SITE2,V12,D0348,KA01AB1715,login,1787733000000,1787733780000,29.90,30.61,24,3,closed,true
T001796,1784937600000,S2,shuttle,SITE2,V07,D0082,KA01AB0748,login,1784968200000,1784968440000,10.64,11.84,24,18,closed,true
T001797,1786579200000,S2,cab,SITE2,V01,D0129,KA01AB1962,login,1786609800000,1786610040000,24.21,24.57,4,1,closed,true
T001798,1781740800000,S3,nodal,SITE4,V02,D0329,KA01AB0944,logout,1781739000000,1781740560000,19.47,20.54,12,4,closed,true
T001799,1782172800000,S3,nodal,SITE4,V12,D0261,KA01AB0619,login,1782228600000,1782228840000,30.10,33.50,12,11,closed,true
T001800,1786147200000,S1,nodal,SITE4,V03,D0005,KA01AB0097,login,1786156200000,1786156260000,13.98,15.39,12,2,closed,true
T001801,1783641600000,S3,cab,SITE1,V11,D0332,KA01AB0240,logout,1783639800000,1783639860000,11.55,11.57,4,1,closed,true
T001802,1784592000000,S1,nodal,SITE4,V09,D0091,KA01AB0349,logout,1784633400000,,12.12,11.56,12,10,open,true
T001803,1784851200000,S2,cab,SITE1,V03,D0381,KA01AB0165,logout,1784914200000,1784914380000,12.83,14.41,4,4,closed,true
T001804,1786406400000,S2,nodal,SITE3,V08,D0062,KA01AB1834,login,1786437000000,1786437060000,14.49,14.92,12,6,closed,true
T001805,1784592000000,S3,shuttle,SITE2,V03,D0285,KA01AB0840,login,1784647800000,1784647920000,30.39,32.50,24,10,closed,true
T001806,1788307200000,S2,nodal,SITE4,V12,D0059,KA01AB0028,login,1788337800000,1788337860000,38.12,38.16,12,2,closed,true
T001807,1782000000000,S3,cab,SITE4,V12,D0285,KA01AB1739,logout,1781998200000,1781998380000,17.55,17.24,4,1,closed,true
T001808,1780790400000,S2,cab,SITE1,V04,D0396,KA01AB1085,logout,1780853400000,1780853580000,30.96,30.06,4,4,closed,true
T001809,1784332800000,S1,nodal,SITE3,V09,D0338,KA01AB1748,logout,1784374200000,1784374260000,31.89,32.28,12,12,closed,true
T001810,1783123200000,S3,cab,SITE4,V12,D0094,KA01AB0200,logout,1783121400000,1783121760000,17.52,18.61,4,1,closed,true
T001811,1787270400000,S1,shuttle,SITE4,V08,D0041,KA01AB0371,logout,1787311800000,1787311980000,23.22,22.88,24,16,closed,true
T001812,1785888000000,S2,cab,SITE4,V05,D0302,KA01AB1967,logout,1785951000000,1785953220000,15.11,16.44,4,2,closed,true
T001813,1783987200000,S1,shuttle,SITE4,V10,D0319,KA01AB0878,login,1783996200000,1783996320000,23.99,27.11,24,23,closed,true
T001814,1787356800000,S3,nodal,SITE4,V11,D0040,KA01AB1044,logout,1787355000000,1787357640000,17.72,17.80,12,10,closed,true
T001815,1786579200000,S2,nodal,SITE2,V08,D0194,KA01AB1081,logout,1786642200000,1786644300000,30.04,29.99,12,10,closed,true
T001816,1781395200000,S1,nodal,SITE2,V10,D0148,KA01AB1896,login,1781404200000,1781404380000,38.22,38.65,12,1,closed,true
T001817,1782518400000,S3,cab,SITE1,V06,D0096,KA01AB0557,login,1782574200000,1782576540000,31.00,34.48,4,4,closed,true
T001818,1781222400000,S3,cab,SITE3,V12,D0035,KA01AB1294,logout,1781220600000,1781220780000,14.16,14.53,4,3,closed,true
T001819,1786233600000,S2,nodal,SITE3,V08,D0209,KA01AB0196,login,1786264200000,1786264260000,32.44,31.38,12,3,closed,true
T001820,1782950400000,S3,shuttle,SITE2,V03,D0259,KA01AB1998,login,1783006200000,1783006440000,17.24,18.35,24,21,closed,true
T001821,1784764800000,S3,cab,SITE3,V09,D0098,KA01AB1618,login,1784820600000,1784820720000,27.66,28.49,4,2,closed,true
T001822,1787270400000,S3,shuttle,SITE2,V02,D0091,KA01AB0233,login,1787326200000,1787326800000,41.56,39.49,24,19,closed,true
T001823,1787616000000,S1,shuttle,SITE4,V12,D0141,KA01AB0200,logout,1787657400000,1787657580000,30.06,33.87,24,21,closed,true
T001824,1783123200000,S2,cab,SITE1,V07,D0096,KA01AB1555,login,1783153800000,1783153800000,8.34,8.02,4,2,closed,true
T001825,1787011200000,S3,nodal,SITE3,V03,D0326,KA01AB1251,login,1787067000000,1787067240000,35.20,34.48,12,6,closed,true
T001826,1783296000000,S3,shuttle,SITE3,V07,D0346,KA01AB1118,logout,1783294200000,1783294260000,24.70,25.25,24,21,closed,true
T001827,1785888000000,S3,shuttle,SITE1,V03,D0111,KA01AB1705,login,1785943800000,1785944040000,20.20,21.13,24,17,closed,true
T001828,1785801600000,S1,shuttle,SITE4,V01,D0248,KA01AB0022,logout,1785843000000,1785843240000,26.22,29.21,24,24,closed,true
T001829,1787875200000,S1,cab,SITE4,V01,D0246,KA01AB1440,logout,1787916600000,1787916660000,17.79,17.03,4,3,closed,true
T001830,1785196800000,S1,nodal,SITE2,V12,D0085,KA01AB1374,logout,1785238200000,1785238440000,42.32,42.47,12,7,closed,true
T001831,1788048000000,S1,nodal,SITE1,V11,D0160,KA01AB0878,logout,1788089400000,1788089400000,35.11,34.49,12,5,closed,true
T001832,1785024000000,S1,shuttle,SITE1,V06,D0184,KA01AB1854,login,1785033000000,1785033180000,32.85,32.08,24,4,closed,true
T001833,1784419200000,S2,shuttle,SITE4,V07,D0047,KA01AB1360,login,1784449800000,1784450040000,36.79,38.26,24,14,closed,true
T001834,1782259200000,S1,cab,SITE1,V04,D0117,KA01AB1988,logout,1782300600000,1782300600000,40.80,44.94,4,3,closed,true
T001835,1782000000000,S1,cab,SITE2,V05,D0310,KA01AB1430,login,1782009000000,1782009060000,12.89,14.03,4,4,closed,true
T001836,1785369600000,S1,nodal,SITE1,V04,D0350,KA01AB1947,login,1785378600000,1785378660000,23.27,22.77,12,3,closed,true
T001837,1787443200000,S1,cab,SITE3,V02,D0121,KA01AB1472,login,1787452200000,1787452380000,42.52,43.45,4,2,closed,true
T001838,1787356800000,S3,cab,SITE2,V04,D0297,KA01AB0720,login,1787412600000,1787412840000,30.35,29.12,4,2,closed,true
T001839,1787184000000,S2,nodal,SITE2,V05,D0169,KA01AB0156,logout,1787247000000,1787247000000,16.94,19.01,12,8,closed,true
T001840,1782345600000,S3,shuttle,SITE2,V11,D0049,KA01AB1239,login,1782401400000,1782401580000,17.83,19.27,24,13,closed,true
T001841,1781481600000,S3,cab,SITE2,V07,D0291,KA01AB0919,login,1781537400000,1781537460000,9.81,9.49,4,4,closed,true
T001842,1780790400000,S2,shuttle,SITE4,V07,D0002,KA01AB1170,login,1780821000000,1780821960000,24.23,27.82,24,24,closed,true
T001843,1782691200000,S3,shuttle,SITE1,V01,D0331,KA01AB1460,logout,1782689400000,1782689580000,40.48,42.72,24,4,closed,true
T001844,1787443200000,S1,cab,SITE2,V05,D0295,KA01AB0557,login,1787452200000,1787452320000,8.13,8.85,4,3,closed,true
T001845,1786233600000,S3,shuttle,SITE2,V09,D0060,KA01AB0907,logout,1786231800000,1786232040000,21.92,20.91,24,20,closed,true
T001846,1781395200000,S2,shuttle,SITE4,V04,D0137,KA01AB0980,login,1781425800000,1781425920000,20.10,22.98,24,14,closed,true
T001847,1780790400000,S2,cab,SITE2,V11,D0113,KA01AB1127,login,1780821000000,1780821000000,15.70,16.72,4,2,closed,true
T001848,1781913600000,S3,cab,SITE3,V03,D0339,KA01AB1931,login,1781969400000,1781971800000,34.44,36.68,4,2,closed,true
T001849,1785283200000,S3,shuttle,SITE1,V08,D0071,KA01AB1492,login,1785339000000,1785339240000,19.80,20.15,24,11,closed,true
T001850,1785628800000,S3,shuttle,SITE2,V03,D0045,KA01AB1754,logout,1785627000000,1785627000000,35.31,39.84,24,3,closed,true
T001851,1783036800000,S1,cab,SITE1,V01,D0236,KA01AB1216,login,1783045800000,1783045860000,19.56,20.69,4,1,closed,true
T001852,1781308800000,S2,cab,SITE3,V01,D0211,KA01AB0788,logout,1781371800000,1781371800000,28.02,29.41,4,3,closed,true
T001853,1787616000000,S3,cab,SITE4,V09,D0040,KA01AB1271,login,1787671800000,1787673240000,27.88,29.57,4,2,closed,true
T001854,1782345600000,S2,cab,SITE3,V10,D0175,KA01AB1653,login,1782376200000,1782376200000,12.94,13.38,4,4,closed,true
T001855,1781481600000,S2,shuttle,SITE3,V04,D0039,KA01AB0387,logout,1781544600000,1781544840000,22.17,25.22,24,4,closed,true
T001856,1783209600000,S1,nodal,SITE4,V07,D0162,KA01AB1118,login,1783218600000,1783220460000,30.59,31.05,12,10,closed,true
T001857,1788134400000,S2,nodal,SITE1,V06,D0341,KA01AB1033,logout,1788197400000,1788197520000,20.89,21.66,12,9,closed,true
T001858,1783209600000,S3,cab,SITE1,V05,D0141,KA01AB1396,logout,1783207800000,1783207860000,36.92,42.07,4,4,closed,true
T001859,1782432000000,S3,nodal,SITE4,V07,D0075,KA01AB1913,logout,1782430200000,,10.00,11.03,12,12,open,true
T001860,1783728000000,S1,shuttle,SITE3,V03,D0035,KA01AB0994,login,1783737000000,1783737240000,26.60,30.52,24,5,closed,true
T001861,1781740800000,S2,nodal,SITE2,V11,D0282,KA01AB1269,login,1781771400000,1781771580000,39.69,45.10,12,7,closed,true
T001862,1786406400000,S1,shuttle,SITE2,V12,D0316,KA01AB1011,login,1786415400000,1786415640000,26.61,26.21,24,18,closed,true
T001863,1783209600000,S3,shuttle,SITE3,V10,D0076,KA01AB1694,login,1783265400000,1783265400000,13.12,12.98,24,8,closed,true
T001864,1785283200000,S1,cab,SITE2,V05,D0082,KA01AB0077,login,1785292200000,1785292440000,41.45,45.61,4,4,closed,true
T001865,1783036800000,S3,nodal,SITE3,V01,D0065,KA01AB1171,logout,1783035000000,1783035240000,24.46,24.96,12,8,closed,true
T001866,1783555200000,S2,cab,SITE1,V06,D0236,KA01AB0060,logout,1783618200000,1783618380000,30.54,33.41,4,4,closed,true
T001867,1783555200000,S3,shuttle,SITE1,V04,D0247,KA01AB0816,logout,1783553400000,1783553460000,23.56,26.76,24,4,closed,true
T001868,1787961600000,S2,nodal,SITE4,V04,D0040,KA01AB0416,logout,1788024600000,1788024780000,28.28,27.61,12,5,closed,true
T001869,1787184000000,S3,shuttle,SITE4,V09,D0251,KA01AB1487,login,1787239800000,1787240280000,36.43,40.93,24,4,closed,true
T001870,1788048000000,S3,shuttle,SITE3,V08,D0133,KA01AB1314,logout,1788046200000,1788046320000,27.53,29.69,24,16,closed,true
T001871,1786320000000,S3,nodal,SITE2,V03,D0363,KA01AB1989,logout,1786318200000,1786318260000,9.46,9.85,12,1,closed,true
T001872,1787184000000,S3,cab,SITE1,V10,D0199,KA01AB0236,logout,1787182200000,1787182320000,14.95,14.53,4,3,closed,true
T001873,1787788800000,S3,nodal,SITE1,V09,D0142,KA01AB0685,login,1787844600000,1787844780000,35.88,35.96,12,3,closed,true
T001874,1785110400000,S2,cab,SITE3,V10,D0011,KA01AB0700,logout,1785173400000,1785173640000,14.65,14.78,4,4,closed,true
T001875,1788393600000,S2,cab,SITE2,V11,D0094,KA01AB1290,logout,1788456600000,1788456660000,18.04,17.77,4,4,closed,true
T001876,1783728000000,S1,nodal,SITE3,V05,D0358,KA01AB1765,logout,1783769400000,1783769520000,16.97,19.47,12,7,closed,true
T001877,1788480000000,S3,nodal,SITE4,V11,D0377,KA01AB0920,login,1788535800000,1788535860000,11.21,10.65,12,11,closed,true
T001878,1787270400000,S1,nodal,SITE1,V11,D0350,KA01AB0398,login,1787279400000,1787279580000,40.62,45.45,12,2,closed,true
T001879,1785888000000,S1,shuttle,SITE2,V10,D0045,KA01AB1875,logout,1785929400000,1785929520000,40.23,42.91,24,16,closed,true
T001880,1786838400000,S3,cab,SITE4,V05,D0026,KA01AB1808,login,1786894200000,1786894320000,30.44,34.43,4,2,closed,true
T001881,1783728000000,S2,shuttle,SITE3,V10,D0295,KA01AB1287,login,1783758600000,1783758660000,11.78,13.16,24,9,closed,true
T001882,1786147200000,S3,nodal,SITE1,V08,D0156,KA01AB1239,login,1786203000000,1786203240000,23.74,24.12,12,9,closed,true
T001883,1787529600000,S3,shuttle,SITE1,V05,D0190,KA01AB0913,login,1787585400000,1787585640000,42.48,41.88,24,13,closed,true
T001884,1782000000000,S2,nodal,SITE2,V12,D0390,KA01AB1558,login,1782030600000,1782030780000,13.77,14.38,12,11,closed,true
T001885,1783296000000,S3,shuttle,SITE3,V04,D0398,KA01AB0681,login,1783351800000,1783351980000,36.39,41.54,24,17,closed,true
T001886,1783641600000,S1,nodal,SITE2,V03,D0281,KA01AB1976,logout,1783683000000,1783683120000,18.43,18.74,12,10,closed,true
T001887,1784937600000,S1,shuttle,SITE2,V09,D0326,KA01AB0380,logout,1784979000000,1784979360000,27.85,28.99,24,17,closed,true
T001888,1787356800000,S1,shuttle,SITE2,V11,D0290,KA01AB1796,login,1787365800000,1787365860000,33.48,38.14,24,12,closed,true
T001889,1787270400000,S1,nodal,SITE1,V05,D0280,KA01AB0517,login,1787279400000,1787279640000,39.17,42.82,12,10,closed,true
T001890,1782518400000,S2,cab,SITE1,V02,D0012,KA01AB1176,logout,1782581400000,1782582420000,15.95,15.93,4,1,closed,true
T001891,1786752000000,S3,cab,SITE4,V09,D0385,KA01AB1985,login,1786807800000,1786807860000,25.64,29.45,4,3,closed,true
T001892,1783123200000,S2,shuttle,SITE4,V09,D0374,KA01AB0182,login,1783153800000,1783153920000,25.63,25.58,24,1,closed,true
T001893,1786665600000,S3,nodal,SITE1,V12,D0263,KA01AB0359,login,1786721400000,1786721520000,11.84,12.56,12,7,closed,true
T001894,1785024000000,S2,nodal,SITE4,V11,D0190,KA01AB1745,login,1785054600000,1785054660000,35.89,38.31,12,1,closed,true
T001895,1781395200000,S3,nodal,SITE1,V03,D0332,KA01AB0462,login,1781451000000,1781453640000,35.32,39.05,12,1,closed,true
T001896,1781827200000,S1,cab,SITE3,V02,D0117,KA01AB0702,login,1781836200000,1781836200000,10.30,10.71,4,2,closed,true
T001897,1786060800000,S1,nodal,SITE4,V09,D0264,KA01AB1207,login,1786069800000,1786070040000,30.11,28.80,12,6,closed,true
T001898,1781222400000,S1,nodal,SITE2,V01,D0357,KA01AB0709,logout,1781263800000,1781264040000,25.62,28.93,12,9,closed,true
T001899,1788134400000,S2,nodal,SITE1,V02,D0067,KA01AB0927,login,1788165000000,1788165000000,30.10,32.66,12,10,closed,true
T001900,1787184000000,S2,nodal,SITE1,V04,D0348,KA01AB0426,logout,1787247000000,1787247180000,35.55,38.29,12,7,closed,true
T001901,1784851200000,S1,nodal,SITE3,V12,D0234,KA01AB0125,logout,1784892600000,1784892720000,37.63,37.40,12,4,closed,true
T001902,1788048000000,S1,cab,SITE3,V05,D0058,KA01AB0767,logout,1788089400000,1788089460000,37.50,38.43,4,1,closed,true
T001903,1782518400000,S1,shuttle,SITE1,V09,D0279,KA01AB1369,logout,1782559800000,1782559860000,27.99,29.05,24,11,closed,true
T001904,1784505600000,S3,cab,SITE2,V12,D0099,KA01AB1996,login,1784561400000,1784561580000,19.63,20.04,4,2,closed,true
T001905,1781654400000,S1,nodal,SITE1,V09,D0398,KA01AB1810,logout,1781695800000,1781697600000,29.28,29.06,12,11,closed,true
T001906,1787270400000,S2,nodal,SITE1,V02,D0011,KA01AB1126,logout,1787333400000,1787333460000,36.37,37.70,12,2,closed,true
T001907,1787616000000,S2,nodal,SITE4,V02,D0256,KA01AB0227,login,1787646600000,1787648700000,32.48,36.75,12,4,closed,true
T001908,1783382400000,S3,shuttle,SITE3,V03,D0228,KA01AB0345,logout,1783380600000,1783380600000,13.66,14.01,24,20,closed,true
T001909,1786579200000,S1,cab,SITE1,V03,D0361,KA01AB1436,logout,1786620600000,1786623240000,20.22,21.38,4,4,closed,true
T001910,1783814400000,S2,cab,SITE1,V04,D0145,KA01AB0231,logout,1783877400000,1783877580000,10.02,10.57,4,3,closed,true
T001911,1783555200000,S3,shuttle,SITE1,V07,D0114,KA01AB0530,login,1783611000000,1783611180000,34.09,37.97,24,22,closed,true
T001912,1785196800000,S2,nodal,SITE4,V09,D0245,KA01AB0581,login,1785227400000,1785227580000,25.93,26.47,12,5,closed,true
T001913,1782432000000,S3,nodal,SITE3,V04,D0245,KA01AB0921,logout,1782430200000,1782430380000,8.48,9.25,12,4,closed,true
T001914,1781222400000,S3,nodal,SITE1,V08,D0352,KA01AB1590,login,1781278200000,1781278440000,26.75,29.99,12,8,closed,true
T001915,1783296000000,S1,cab,SITE1,V06,D0045,KA01AB0943,logout,1783337400000,1783337640000,34.65,33.38,4,4,closed,true
T001916,1783123200000,S1,nodal,SITE1,V04,D0282,KA01AB0847,logout,1783164600000,1783164720000,12.95,13.89,12,10,closed,true
T001917,1781827200000,S2,cab,SITE4,V08,D0067,KA01AB1070,login,1781857800000,1781857860000,10.77,10.31,4,3,closed,true
T001918,1780963200000,S2,cab,SITE4,V06,D0152,KA01AB0650,logout,1781026200000,1781026380000,21.33,24.35,4,2,closed,true
T001919,1785974400000,S1,cab,SITE2,V03,D0243,KA01AB1298,login,1785983400000,1785983460000,22.15,21.75,4,2,closed,true
T001920,1781049600000,S3,cab,SITE2,V05,D0316,KA01AB0307,login,1781105400000,1781105640000,34.16,33.67,4,1,closed,true
T001921,1786665600000,S2,nodal,SITE1,V01,D0156,KA01AB1441,logout,1786728600000,1786728720000,25.43,24.63,12,5,closed,true
T001922,1787097600000,S3,shuttle,SITE3,V03,D0321,KA01AB1017,login,1787153400000,1787153760000,24.58,24.04,24,7,closed,true
T001923,1783900800000,S2,cab,SITE3,V04,D0342,KA01AB0327,login,1783931400000,1783931640000,42.91,45.45,4,1,closed,true
T001924,1787961600000,S3,shuttle,SITE4,V01,D0390,KA01AB0233,login,1788017400000,1788017460000,36.36,39.54,24,1,closed,true
T001925,1788393600000,S1,nodal,SITE3,V01,D0388,KA01AB0752,login,1788402600000,1788402600000,24.30,23.53,12,1,closed,true
T001926,1786147200000,S2,nodal,SITE2,V05,D0062,KA01AB0673,logout,1786210200000,1786210380000,9.54,10.88,12,11,closed,true
T001927,1781481600000,S1,shuttle,SITE1,V06,D0130,KA01AB0217,logout,1781523000000,1781523120000,30.50,32.14,24,24,closed,true
T001928,1782777600000,S3,cab,SITE2,V03,D0001,KA01AB1553,logout,1782775800000,1782775860000,36.87,41.38,4,3,closed,true
T001929,1784505600000,S3,nodal,SITE1,V12,D0168,KA01AB1437,logout,1784503800000,1784506020000,16.92,16.18,12,4,closed,true
T001930,1780963200000,S3,cab,SITE4,V09,D0180,KA01AB0354,login,1781019000000,1781019240000,36.00,34.83,4,2,closed,true
T001931,1786320000000,S2,shuttle,SITE2,V07,D0223,KA01AB1512,login,1786350600000,1786350720000,11.43,11.52,24,6,closed,true
T001932,1785283200000,S3,cab,SITE3,V04,D0020,KA01AB1810,logout,1785281400000,1785281460000,29.00,30.04,4,1,closed,true
T001933,1781308800000,S2,shuttle,SITE2,V08,D0167,KA01AB1836,logout,1781371800000,1781371920000,35.12,37.90,24,9,closed,true
T001934,1787011200000,S3,nodal,SITE2,V07,D0057,KA01AB1039,login,1787067000000,1787067000000,28.23,29.60,12,8,closed,true,UNEXPECTED_EXTRA_FIELD
T001935,1788220800000,S1,cab,SITE4,V04,D0396,KA01AB1498,logout,1788262200000,1788262440000,28.65,27.53,4,2,closed,true
T001936,1786406400000,S1,nodal,SITE4,V10,D0283,KA01AB0970,login,1786415400000,1786417260000,24.88,25.11,12,9,closed,true
T001937,1785974400000,S1,shuttle,SITE1,V07,D0146,KA01AB0568,login,1785983400000,1785983460000,29.47,30.31,24,6,closed,true,UNEXPECTED_EXTRA_FIELD
T001938,1783468800000,S3,shuttle,SITE3,V05,D0306,KA01AB0303,logout,1783467000000,1783467120000,40.65,42.22,24,3,closed,true
T001939,1781308800000,S1,shuttle,SITE1,V04,D0216,KA01AB0961,login,1781317800000,1781318460000,10.61,11.85,24,12,closed,true
T001940,1783641600000,S3,nodal,SITE3,V04,D0049,KA01AB0149,logout,1783639800000,1783640220000,16.39,16.32,12,10,closed,true
T001941,1787184000000,S1,cab,SITE3,V09,D0310,KA01AB1033,logout,1787225400000,1787225580000,18.70,21.28,4,3,closed,true,UNEXPECTED_EXTRA_FIELD
T001942,1785456000000,S2,nodal,SITE2,V10,D0070,KA01AB0211,logout,1785519000000,1785519000000,21.40,23.55,12,5,closed,true
T001943,1785974400000,S1,nodal,SITE4,V09,D0360,KA01AB0120,logout,1786015800000,1786015980000,9.09,8.94,12,4,closed,true
T001944,1783728000000,S1,cab,SITE4,V07,D0194,KA01AB0531,login,1783737000000,1783737000000,17.23,17.55,4,1,closed,true
T001945,1786320000000,S2,shuttle,SITE3,V04,D0396,KA01AB1023,login,1786350600000,1786350840000,21.98,24.88,24,9,closed,true
T001946,1782432000000,S2,nodal,SITE1,V06,D0151,KA01AB0216,logout,1782495000000,1782495240000,13.61,13.00,12,10,closed,true
T001947,1781481600000,S3,nodal,SITE2,V09,D0076,KA01AB0075,login,1781537400000,,25.87,27.49,12,7,open,true
T001948,1783123200000,S2,shuttle,SITE1,V02,D0371,KA01AB0640,login,1783153800000,,14.50,14.52,24,7,open,true
T001949,1782950400000,S2,cab,SITE1,V01,D0285,KA01AB1545,login,1782981000000,1782983160000,34.47,34.06,4,1,closed,true
T001950,1785110400000,S3,nodal,SITE4,V03,D0281,KA01AB0823,logout,1785108600000,1785108720000,28.73,31.07,12,11,closed,true
T001951,1784505600000,S2,shuttle,SITE3,V09,D0353,KA01AB0535,login,1784536200000,1784536260000,38.65,41.10,24,9,closed,true
T001952,1782950400000,S1,shuttle,SITE1,V11,D0179,KA01AB0112,logout,1782991800000,1782992040000,31.10,34.60,24,4,closed,true
T001953,1786233600000,S1,nodal,SITE4,V01,D0250,KA01AB0927,logout,1786275000000,1786275060000,8.09,9.25,12,10,closed,true
T001954,1783555200000,S1,cab,SITE3,V05,D0070,KA01AB1045,logout,1783596600000,1783596840000,42.95,44.88,4,3,closed,true
T001955,1783382400000,S3,shuttle,SITE2,V05,D0192,KA01AB1139,logout,1783380600000,1783380780000,25.20,26.96,24,19,closed,true
T001956,1782604800000,S2,shuttle,SITE1,V03,D0109,KA01AB1648,logout,1782667800000,1782670380000,30.57,33.79,24,19,closed,true
T001957,1781222400000,S3,cab,SITE2,V01,D0105,KA01AB0567,login,1781278200000,1781278320000,26.44,25.12,4,1,closed,true
T001958,1784073600000,S3,shuttle,SITE2,V06,D0103,KA01AB1299,login,1784129400000,1784130300000,16.40,16.10,24,16,closed,true
T001959,1787097600000,S2,shuttle,SITE2,V11,D0089,KA01AB0172,logout,1787160600000,1787160840000,34.51,39.16,24,20,closed,false
T001960,1785369600000,S1,nodal,SITE3,V11,D0037,KA01AB0568,logout,1785411000000,1785411060000,27.66,31.72,12,6,closed,true
T001961,1786665600000,S3,shuttle,SITE2,V12,D0055,KA01AB1937,logout,1786663800000,1786663980000,22.04,22.77,24,16,closed,true
T001962,1787097600000,S1,cab,SITE2,V12,D0209,KA01AB0780,logout,1787139000000,1787139000000,31.74,36.11,4,1,closed,true
T001963,1781395200000,S2,shuttle,SITE3,V12,D0092,KA01AB1452,logout,1781458200000,1781458380000,30.58,34.82,24,19,closed,true
T001964,1784419200000,S2,nodal,SITE3,V09,D0375,KA01AB1617,login,1784449800000,1784449800000,19.26,20.94,12,12,closed,true
T001965,1785456000000,S2,shuttle,SITE3,V11,D0219,KA01AB1414,login,1785486600000,1785486600000,17.63,18.47,24,21,closed,true
T001966,1786579200000,S1,nodal,SITE4,V07,D0361,KA01AB0154,login,1786588200000,1786588320000,36.03,34.49,12,6,closed,true
T001967,1785196800000,S1,nodal,SITE1,V08,D0220,KA01AB0168,login,1785205800000,1785205860000,41.87,41.66,12,7,closed,true
T001968,1787097600000,S2,nodal,SITE2,V08,D0202,KA01AB1473,logout,1787160600000,1787160660000,13.22,12.86,12,12,closed,true
T001969,1782259200000,S1,shuttle,SITE3,V12,D0323,KA01AB1088,logout,1782300600000,1782300720000,21.47,22.62,24,2,closed,true
T001970,1781654400000,S3,shuttle,SITE2,V05,D0072,KA01AB1961,login,1781710200000,1781710200000,11.82,13.05,24,4,closed,true
T001971,1781740800000,S1,shuttle,SITE3,V02,D0397,KA01AB0840,logout,1781782200000,1781782260000,36.09,35.71,24,20,closed,true
T001972,1784246400000,S2,nodal,SITE1,V06,D0234,KA01AB1407,login,1784277000000,1784277120000,29.16,30.32,12,7,closed,true
T001973,1781136000000,S2,cab,SITE2,V09,D0223,KA01AB1193,logout,1781199000000,1781199000000,8.30,8.72,4,2,closed,true
T001974,1783123200000,S3,nodal,SITE1,V03,D0328,KA01AB1638,login,1783179000000,1783179000000,16.40,16.24,12,12,closed,true
T001975,1782259200000,S1,nodal,SITE4,V07,D0038,KA01AB0559,login,1782268200000,1782268380000,38.89,41.23,12,5,closed,true
T001976,1782259200000,S3,nodal,SITE1,V02,D0257,KA01AB1380,login,1782315000000,1782315000000,13.55,15.02,12,3,closed,true
T001977,1786060800000,S3,shuttle,SITE3,V09,D0267,KA01AB0893,login,1786116600000,1786116660000,25.49,26.10,24,16,closed,true
T001978,1787097600000,S2,nodal,SITE2,V09,D0347,KA01AB0922,login,1787128200000,1787128320000,22.00,23.11,12,10,closed,true
T001979,1788393600000,S2,cab,SITE1,V04,D0042,KA01AB0347,login,1788424200000,1788424320000,8.47,9.14,4,4,closed,true
T001980,1782086400000,S2,shuttle,SITE1,V10,D0041,KA01AB1740,logout,1782149400000,1782149640000,28.61,29.48,24,3,closed,true
T001981,1788048000000,S3,nodal,SITE1,V03,D0225,KA01AB1408,logout,1788046200000,1788046260000,27.92,27.84,12,5,closed,true
T001982,1782950400000,S2,cab,SITE1,V05,D0114,KA01AB0860,logout,1783013400000,1783013520000,9.50,9.69,4,4,closed,true
T001983,1782172800000,S1,nodal,SITE4,V10,D0282,KA01AB1221,login,1782181800000,1782182040000,28.35,31.52,12,5,closed,true
T001984,1785110400000,S3,nodal,SITE2,V04,D0016,KA01AB0646,login,1785166200000,1785168660000,14.56,15.38,12,5,closed,true
T001985,1785024000000,S2,cab,SITE2,V03,D0023,KA01AB0875,login,1785054600000,1785054720000,35.13,39.84,4,4,closed,true
T001986,1788134400000,S3,shuttle,SITE3,V06,D0222,KA01AB1839,logout,1788132600000,1788132600000,42.76,47.49,24,9,closed,true
T001987,1782345600000,S3,nodal,SITE4,V11,D0061,KA01AB1187,login,1782401400000,1782401580000,20.33,22.13,12,2,closed,true
T001988,1787097600000,S2,shuttle,SITE4,V09,D0396,KA01AB1008,login,1787128200000,1787128200000,10.73,11.81,24,13,closed,true
T001989,1788134400000,S3,cab,SITE3,V03,D0369,KA01AB1628,login,1788190200000,1788190380000,31.76,31.59,4,1,closed,true
T001990,1787616000000,S2,shuttle,SITE3,V04,D0222,KA01AB0619,login,1787646600000,1787646840000,27.09,31.04,24,20,closed,true
T001991,1783382400000,S3,cab,SITE3,V10,D0143,KA01AB0192,login,1783438200000,1783438440000,12.58,14.36,4,3,closed,true
T001992,1783468800000,S3,nodal,SITE1,V06,D0100,KA01AB0243,logout,1783467000000,1783467060000,17.97,18.49,12,2,closed,true
T001993,1783209600000,S3,nodal,SITE4,V08,D0171,KA01AB1509,login,1783265400000,1783265580000,13.16,13.32,12,10,closed,true
T001994,1784332800000,S3,cab,SITE4,V09,D0251,KA01AB1892,login,1784388600000,1784388660000,11.80,12.98,4,3,closed,true
T001995,1784160000000,S2,shuttle,SITE2,V11,D0020,KA01AB1491,logout,1784223000000,1784223240000,30.96,31.01,24,23,closed,true
T001996,1787011200000,S2,cab,SITE2,V10,D0036,KA01AB0343,login,1787041800000,1787041980000,13.77,13.74,4,1,closed,true
T001997,1781395200000,S3,nodal,SITE4,V07,D0245,KA01AB1570,login,1781451000000,1781451240000,40.00,38.19,12,9,closed,true
T001998,1782518400000,S2,nodal,SITE3,V09,D0164,KA01AB1420,login,1782549000000,1782549000000,22.37,21.87,12,8,closed,true
T001999,1786320000000,S2,shuttle,SITE4,V02,D0164,KA01AB1728,login,1786350600000,,32.56,36.46,24,13,open,true
T002000,1781395200000,S2,shuttle,SITE4,V08,D0335,KA01AB0331,logout,1781458200000,1781458200000,20.62,20.40,24,10,closed,true
T002001,1787875200000,S2,shuttle,SITE3,V11,D0104,KA01AB1319,logout,1787938200000,1787938260000,13.18,12.53,24,22,closed,true
T002002,1785888000000,S2,cab,SITE1,V02,D0209,KA01AB1541,logout,1785951000000,1785951180000,40.88,43.82,4,3,closed,true
T002003,1785628800000,S3,nodal,SITE1,V10,D0229,KA01AB1145,logout,1785627000000,1785627060000,19.50,20.43,12,11,closed,true
T002004,1782950400000,S2,shuttle,SITE4,V02,D0340,KA01AB1958,logout,1783013400000,1783016040000,27.97,28.68,24,3,closed,true
T002005,1787788800000,S2,shuttle,SITE2,V12,D0373,KA01AB0888,logout,1787851800000,1787854080000,21.36,21.58,24,20,closed,true
T002006,1786060800000,S2,shuttle,SITE4,V02,D0367,KA01AB0681,logout,1786123800000,1786123800000,19.47,19.32,24,5,closed,true
T002007,1785974400000,S3,nodal,SITE1,V06,D0075,KA01AB1463,login,1786030200000,1786031340000,30.27,32.45,12,9,closed,true
T002008,1787529600000,S3,shuttle,SITE4,V05,D0231,KA01AB1093,login,1787585400000,1787585580000,24.37,25.74,24,12,closed,true
T002009,1782950400000,S2,cab,SITE4,V06,D0212,KA01AB0156,login,1782981000000,1782981180000,13.94,13.47,4,4,closed,true
T002010,1788134400000,S2,nodal,SITE1,V06,D0351,KA01AB1078,logout,1788197400000,1788197460000,35.59,36.19,12,6,closed,true
T002011,1782777600000,S2,shuttle,SITE4,V06,D0299,KA01AB0245,logout,1782840600000,1782840600000,20.77,20.86,24,23,closed,true
T002012,1781308800000,S1,nodal,SITE3,V09,D0297,KA01AB0912,logout,1781350200000,1781350440000,20.97,22.65,12,7,closed,true
T002013,1785974400000,S3,shuttle,SITE2,V09,D0179,KA01AB0257,logout,1785972600000,1785972600000,33.33,33.74,24,8,closed,true
T002014,1787011200000,S2,nodal,SITE1,V09,D0262,KA01AB1316,login,1787041800000,1787041920000,23.62,22.58,12,12,closed,true
T002015,1788393600000,S2,shuttle,SITE3,V08,D0199,KA01AB1958,login,1788424200000,1788424380000,25.61,25.87,24,11,closed,true
T002016,1787788800000,S3,nodal,SITE4,V06,D0009,KA01AB0766,login,1787844600000,1787844720000,12.89,14.66,12,4,closed,true
T002017,1782086400000,S1,cab,SITE4,V11,D0121,KA01AB0118,login,1782095400000,1782095520000,23.17,23.86,4,3,closed,true
T002018,1787788800000,S1,cab,SITE1,V01,D0006,KA01AB1469,login,1787797800000,1787797800000,15.49,16.26,4,2,closed,true
T002019,1783900800000,S3,nodal,SITE4,V05,D0336,KA01AB0837,logout,1783899000000,1783900200000,23.62,25.98,12,10,closed,true
T002020,1783641600000,S2,nodal,SITE1,V09,D0012,KA01AB0361,logout,1783704600000,1783704840000,20.46,22.68,12,2,closed,true
T002021,1785369600000,S1,nodal,SITE1,V08,D0263,KA01AB0120,login,1785378600000,1785378840000,21.28,22.35,12,7,closed,true
T002022,1787270400000,S2,cab,SITE1,V03,D0000,KA01AB0845,logout,1787333400000,1787333520000,38.44,40.65,4,2,closed,true
T002023,1787788800000,S2,nodal,SITE2,V09,D0241,KA01AB0109,logout,1787851800000,1787852040000,26.45,26.75,12,12,closed,true,UNEXPECTED_EXTRA_FIELD
T002024,1783468800000,S3,nodal,SITE2,V01,D0256,KA01AB1049,logout,1783467000000,,36.40,39.29,12,9,open,true
T002025,1785888000000,S2,shuttle,SITE1,V08,D0374,KA01AB0537,logout,1785951000000,1785951120000,10.01,11.45,24,17,closed,true
T002026,1786320000000,S1,cab,SITE3,V12,D0349,KA01AB1404,login,1786329000000,1786329000000,38.66,43.13,4,2,closed,true
T002027,1783900800000,S2,nodal,SITE1,V06,D0301,KA01AB0378,logout,1783963800000,1783964040000,28.23,32.28,12,1,closed,true
T002028,1787011200000,S3,shuttle,SITE1,V04,D0361,KA01AB1920,logout,1787009400000,1787009580000,34.72,35.67,24,3,closed,true
T002029,1788134400000,S2,cab,SITE3,V06,D0329,KA01AB1932,login,1788165000000,1788165000000,36.33,35.23,4,4,closed,true
T002030,1781481600000,S3,cab,SITE3,V05,D0328,KA01AB0616,login,1781537400000,1781537580000,32.70,32.77,4,3,closed,true
T002031,1785801600000,S2,cab,SITE1,V07,D0311,KA01AB1269,login,1785832200000,1785834720000,23.19,24.95,4,2,closed,true
T002032,1785801600000,S1,cab,SITE4,V08,D0248,KA01AB0852,logout,1785843000000,1785843180000,35.89,39.88,4,1,closed,true
T002033,1784160000000,S1,nodal,SITE4,V10,D0324,KA01AB1973,login,1784169000000,1784169180000,38.65,44.00,12,12,closed,true
T002034,1780876800000,S3,shuttle,SITE4,V05,D0004,KA01AB1983,logout,1780875000000,1780875180000,24.80,25.94,24,4,closed,true
T002035,1785196800000,S3,nodal,SITE4,V12,D0269,KA01AB0415,logout,1785195000000,,32.37,32.11,12,8,open,true
T002036,1781222400000,S1,cab,SITE4,V09,D0007,KA01AB1848,login,1781231400000,1781231520000,14.27,16.34,4,4,closed,true
T002037,1783728000000,S3,cab,SITE4,V12,D0042,KA01AB0044,login,1783783800000,1783783980000,18.53,20.15,4,3,closed,true
T002038,1786147200000,S1,cab,SITE4,V03,D0370,KA01AB1798,login,1786156200000,1786156440000,29.04,27.77,4,4,closed,true
T002039,1783728000000,S1,cab,SITE3,V09,D0000,KA01AB0366,logout,1783769400000,1783769580000,16.89,18.14,4,1,closed,true
T002040,1781913600000,S1,shuttle,SITE4,V04,D0266,KA01AB1406,logout,1781955000000,1781955180000,37.07,36.55,24,8,closed,true
T002041,1782086400000,S2,cab,SITE1,V05,D0242,KA01AB0203,logout,1782149400000,1782149460000,8.08,8.73,4,2,closed,true
T002042,1784419200000,S2,cab,SITE4,V01,D0033,KA01AB0090,login,1784449800000,1784450040000,29.21,29.37,4,1,closed,true
T002043,1786579200000,S1,cab,SITE2,V03,D0356,KA01AB1619,logout,1786620600000,1786620780000,30.03,33.17,4,3,closed,true
T002044,1787788800000,S3,cab,SITE1,V02,D0310,KA01AB0754,login,1787844600000,1787846160000,38.74,38.08,4,3,closed,true
T002045,1785628800000,S1,nodal,SITE4,V04,D0086,KA01AB0919,login,1785637800000,1785637920000,34.09,35.77,12,3,closed,true
T002046,1782259200000,S1,cab,SITE4,V01,D0355,KA01AB0657,login,1782268200000,1782268320000,23.00,22.60,4,4,closed,true
T002047,1786060800000,S1,nodal,SITE3,V01,D0225,KA01AB0994,login,1786069800000,1786070040000,35.67,36.04,12,12,closed,true
T002048,1782086400000,S1,shuttle,SITE4,V01,D0317,KA01AB1829,login,1782095400000,1782095520000,11.68,11.80,24,10,closed,true
T002049,1783900800000,S2,shuttle,SITE4,V11,D0061,KA01AB0276,login,1783931400000,1783931400000,16.64,17.02,24,1,closed,true
T002050,1785196800000,S1,nodal,SITE1,V04,D0065,KA01AB0400,logout,1785238200000,1785240900000,42.52,43.41,12,3,closed,true
T002051,1781136000000,S1,shuttle,SITE1,V01,D0046,KA01AB0950,logout,1781177400000,1781177400000,14.29,14.20,24,20,closed,true
T002052,1784592000000,S2,nodal,SITE3,V09,D0075,KA01AB1131,logout,1784655000000,1784655240000,25.98,26.49,12,4,closed,true,UNEXPECTED_EXTRA_FIELD
T002053,1783382400000,S1,cab,SITE3,V10,D0037,KA01AB1857,login,1783391400000,1783391400000,22.81,26.19,4,1,closed,true
T002054,1788048000000,S3,shuttle,SITE1,V07,D0033,KA01AB1892,login,1788103800000,1788105600000,41.89,46.84,24,10,closed,true
T002055,1782950400000,S1,cab,SITE2,V11,D0088,KA01AB0321,login,1782959400000,1782959460000,11.11,12.43,4,3,closed,true
T002056,1787011200000,S1,shuttle,SITE4,V09,D0155,KA01AB1756,login,1787020200000,1787021400000,33.06,34.46,24,3,closed,true
T002057,1786838400000,S2,shuttle,SITE2,V03,D0329,KA01AB1206,login,1786869000000,1786869120000,30.92,35.03,24,16,closed,true
T002058,1786579200000,S3,shuttle,SITE1,V02,D0053,KA01AB1615,login,1786635000000,1786635000000,27.77,27.42,24,2,closed,true
T002059,1785369600000,S3,shuttle,SITE1,V05,D0329,KA01AB0538,login,1785425400000,1785425640000,17.77,18.03,24,6,closed,true
T002060,1787529600000,S3,shuttle,SITE2,V06,D0265,KA01AB1967,logout,1787527800000,1787528040000,16.04,15.52,24,18,closed,true
T002061,1787184000000,S3,cab,SITE1,V07,D0336,KA01AB1204,logout,1787182200000,1787182320000,35.14,39.95,4,1,closed,true
T002062,1787961600000,S3,nodal,SITE3,V12,D0342,KA01AB0499,login,1788017400000,1788017400000,9.45,9.38,12,11,closed,true
T002063,1787702400000,S3,shuttle,SITE1,V11,D0353,KA01AB1636,login,1787758200000,1787758440000,8.93,9.90,24,1,closed,true
T002064,1781827200000,S2,nodal,SITE1,V04,D0338,KA01AB0491,logout,1781890200000,1781890320000,16.05,15.88,12,2,closed,true
T002065,1784419200000,S1,nodal,SITE3,V12,D0056,KA01AB0729,login,1784428200000,1784428200000,29.85,29.48,12,11,closed,true
T002066,1782691200000,S1,nodal,SITE1,V05,D0066,KA01AB0297,login,1782700200000,1782700320000,21.83,23.52,12,3,closed,true
T002067,1784505600000,S2,shuttle,SITE3,V07,D0102,KA01AB1934,login,1784536200000,1784536320000,16.07,17.64,24,18,closed,true
T002068,1786233600000,S1,nodal,SITE3,V09,D0281,KA01AB0027,logout,1786275000000,1786275180000,8.56,8.13,12,6,closed,true
T002069,1784851200000,S2,shuttle,SITE3,V11,D0061,KA01AB0798,logout,1784914200000,1784914440000,31.89,35.47,24,14,closed,true
T002070,1785196800000,S2,nodal,SITE3,V12,D0316,KA01AB1207,login,1785227400000,1785227640000,17.91,17.59,12,10,closed,true
T002071,1787356800000,S3,shuttle,SITE3,V04,D0140,KA01AB1028,logout,1787355000000,1787355180000,21.90,24.44,24,6,closed,true
T002072,1783209600000,S3,shuttle,SITE1,V08,D0091,KA01AB0411,login,1783265400000,1783265400000,22.54,23.37,24,3,closed,true
T002073,1781654400000,S3,nodal,SITE1,V10,D0037,KA01AB1954,login,1781710200000,1781710260000,36.81,35.44,12,1,closed,true
T002074,1788048000000,S3,nodal,SITE4,V01,D0288,KA01AB1301,logout,1788046200000,1788046380000,34.81,35.59,12,7,closed,true
T002075,1781568000000,S2,shuttle,SITE4,V07,D0050,KA01AB0138,login,1781598600000,1781598780000,39.84,37.93,24,10,closed,true
T002076,1780876800000,S2,nodal,SITE2,V02,D0279,KA01AB0620,login,1780907400000,1780907760000,15.28,14.86,12,12,closed,true
T002077,1786406400000,S1,nodal,SITE2,V09,D0109,KA01AB0060,logout,1786447800000,1786448160000,21.75,24.98,12,4,closed,true
T002078,1782086400000,S3,shuttle,SITE3,V10,D0173,KA01AB1820,logout,1782084600000,1782084600000,29.63,30.36,24,15,closed,true
T002079,1787875200000,S2,nodal,SITE4,V11,D0258,KA01AB0135,logout,1787938200000,1787938380000,10.08,11.05,12,11,closed,true
T002080,1786579200000,S2,nodal,SITE2,V11,D0177,KA01AB1489,logout,1786642200000,1786642440000,32.24,31.34,12,12,closed,true
T002081,1784937600000,S2,shuttle,SITE1,V02,D0398,KA01AB0105,login,1784968200000,1784968260000,9.68,10.47,24,15,closed,true
T002082,1782518400000,S2,nodal,SITE2,V02,D0082,KA01AB0500,logout,1782581400000,1782581520000,24.65,25.75,12,3,closed,true
T002083,1787702400000,S3,shuttle,SITE4,V09,D0203,KA01AB1222,login,1787758200000,1787758380000,18.95,18.77,24,9,closed,true
T002084,1782086400000,S2,nodal,SITE3,V05,D0054,KA01AB0277,logout,1782149400000,1782149640000,23.73,24.96,12,12,closed,true
T002085,1782432000000,S1,cab,SITE3,V05,D0331,KA01AB1437,logout,1782473400000,1782473520000,34.16,32.88,4,2,closed,true
T002086,1781136000000,S2,nodal,SITE1,V11,D0162,KA01AB1536,logout,1781199000000,1781199240000,35.57,39.92,12,4,closed,true
T002087,1783123200000,S3,cab,SITE4,V01,D0169,KA01AB1561,logout,1783121400000,1783121580000,30.25,30.40,4,3,closed,true
T002088,1786147200000,S3,cab,SITE4,V06,D0082,KA01AB0929,login,1786203000000,1786203960000,13.38,13.81,4,3,closed,true
T002089,1785628800000,S1,nodal,SITE4,V09,D0113,KA01AB1208,logout,1785670200000,1785672300000,21.07,22.97,12,10,closed,true
T002090,1785456000000,S1,shuttle,SITE4,V09,D0355,KA01AB1033,login,1785465000000,1785465060000,36.93,36.70,24,18,closed,true
T002091,1781136000000,S3,cab,SITE4,V04,D0004,KA01AB1595,logout,1781134200000,1781134380000,26.09,25.30,4,4,closed,true
T002092,1787184000000,S2,nodal,SITE2,V03,D0398,KA01AB0821,logout,1787247000000,1787247180000,11.05,12.45,12,2,closed,true
T002093,1781568000000,S3,shuttle,SITE2,V08,D0058,KA01AB0575,logout,1781566200000,1781566440000,36.66,40.86,24,20,closed,true
T002094,1783728000000,S2,cab,SITE1,V03,D0183,KA01AB0171,login,1783758600000,1783758780000,30.86,30.37,4,3,closed,true
T002095,1781222400000,S1,nodal,SITE1,V09,D0393,KA01AB0482,logout,1781263800000,1781263920000,41.01,44.93,12,4,closed,true
T002096,1781222400000,S1,cab,SITE1,V12,D0362,KA01AB0038,login,1781231400000,1781231640000,8.90,9.52,4,2,closed,true
T002097,1783382400000,S3,nodal,SITE4,V07,D0019,KA01AB0817,logout,1783380600000,1783380780000,20.18,22.03,12,5,closed,true
T002098,1782345600000,S1,cab,SITE4,V09,D0154,KA01AB0199,logout,1782387000000,1782387060000,35.36,38.84,4,3,closed,true
T002099,1781308800000,S3,shuttle,SITE2,V07,D0177,KA01AB1292,logout,1781307000000,1781307120000,28.12,32.14,24,2,closed,true
T002100,1785196800000,S1,cab,SITE2,V07,D0031,KA01AB1697,login,1785205800000,1785205860000,21.94,24.36,4,1,closed,true
T002101,1786665600000,S2,nodal,SITE2,V08,D0242,KA01AB1867,login,1786696200000,1786697520000,29.89,31.06,12,3,closed,true
T002102,1783728000000,S1,nodal,SITE1,V04,D0283,KA01AB0737,login,1783737000000,1783737060000,17.77,19.37,12,9,closed,true
T002103,1786320000000,S1,nodal,SITE1,V12,D0202,KA01AB1434,login,1786329000000,1786329060000,17.92,17.11,12,9,closed,true
T002104,1782691200000,S3,cab,SITE2,V07,D0073,KA01AB1313,logout,1782689400000,,40.39,41.21,4,2,open,true
T002105,1781395200000,S3,nodal,SITE2,V11,D0259,KA01AB0792,login,1781451000000,1781451120000,18.97,21.69,12,3,closed,true
T002106,1783728000000,S2,nodal,SITE2,V07,D0028,KA01AB1505,logout,1783791000000,1783791240000,40.47,45.02,12,8,closed,false
T002107,1785974400000,S3,nodal,SITE3,V10,D0132,KA01AB1627,login,1786030200000,1786030260000,12.33,12.85,12,11,closed,true
T002108,1782259200000,S3,cab,SITE3,V06,D0340,KA01AB0723,logout,1782257400000,1782257580000,30.40,33.72,4,3,closed,true
T002109,1785283200000,S1,nodal,SITE3,V02,D0240,KA01AB0121,login,1785292200000,1785292380000,14.84,16.86,12,11,closed,true,UNEXPECTED_EXTRA_FIELD
T002110,1786752000000,S2,shuttle,SITE2,V12,D0228,KA01AB0163,login,1786782600000,1786782840000,16.69,15.98,24,11,closed,true
T002111,1784851200000,S2,nodal,SITE2,V06,D0239,KA01AB0549,login,1784881800000,1784881920000,28.23,29.00,12,11,closed,true
T002112,1787011200000,S2,nodal,SITE3,V10,D0307,KA01AB1303,logout,1787074200000,1787075520000,19.17,20.39,12,3,closed,true
T002113,1787788800000,S1,cab,SITE1,V07,D0150,KA01AB1184,login,1787797800000,1787797980000,8.15,8.86,4,1,closed,true
T002114,1782345600000,S2,shuttle,SITE4,V12,D0034,KA01AB1889,logout,1782408600000,1782408840000,20.44,23.11,24,21,closed,false
T002115,1787097600000,S3,shuttle,SITE4,V10,D0044,KA01AB0972,login,1787153400000,1787155500000,30.43,30.30,24,1,closed,true
T002116,1784937600000,S2,shuttle,SITE3,V07,D0190,KA01AB0054,login,1784968200000,1784968380000,42.98,46.68,24,14,closed,true
T002117,1787097600000,S1,nodal,SITE1,V12,D0015,KA01AB1474,login,1787106600000,,19.48,19.64,12,4,open,true
T002118,1786665600000,S2,nodal,SITE1,V05,D0190,KA01AB1613,login,1786696200000,1786696440000,36.76,37.40,12,8,closed,true
T002119,1782950400000,S2,cab,SITE1,V03,D0252,KA01AB0430,login,1782981000000,1782981060000,12.98,14.72,4,4,closed,true
T002120,1782864000000,S2,cab,SITE4,V04,D0376,KA01AB1030,login,1782894600000,1782894600000,13.24,12.62,4,4,closed,true
T002121,1780790400000,S1,cab,SITE2,V01,D0057,KA01AB1624,logout,1780831800000,1780831800000,32.19,35.40,4,2,closed,true
T002122,1783814400000,S2,shuttle,SITE1,V06,D0285,KA01AB1562,login,1783845000000,1783845180000,20.87,22.16,24,18,closed,true
T002123,1781913600000,S3,shuttle,SITE2,V06,D0022,KA01AB1605,logout,1781911800000,1781911920000,12.88,13.97,24,1,closed,true
T002124,1788480000000,S3,nodal,SITE2,V07,D0109,KA01AB0839,logout,1788478200000,1788480900000,33.92,32.59,12,5,closed,true
T002125,1781481600000,S3,nodal,SITE4,V09,D0352,KA01AB1474,logout,1781479800000,,20.06,22.33,12,2,open,true
T002126,1781654400000,S3,cab,SITE2,V01,D0330,KA01AB1613,logout,1781652600000,1781652660000,24.30,25.00,4,4,closed,true
T002127,1786320000000,S3,cab,SITE3,V12,D0336,KA01AB1075,logout,1786318200000,1786318380000,42.05,42.49,4,3,closed,true
T002128,1781481600000,S3,nodal,SITE2,V04,D0088,KA01AB1671,logout,1781479800000,1781479860000,21.08,24.03,12,2,closed,true
T002129,1784851200000,S1,shuttle,SITE2,V10,D0046,KA01AB0938,login,1784860200000,1784860200000,13.47,14.45,24,12,closed,true
T002130,1786147200000,S2,cab,SITE3,V12,D0390,KA01AB0335,logout,1786210200000,1786210260000,14.26,14.38,4,3,closed,true
T002131,1788393600000,S1,cab,SITE3,V02,D0205,KA01AB1659,logout,1788435000000,1788436680000,34.42,33.31,4,4,closed,true
T002132,1783036800000,S1,shuttle,SITE4,V02,D0102,KA01AB0282,logout,1783078200000,1783078260000,11.89,12.52,24,5,closed,true
T002133,1785110400000,S3,nodal,SITE4,V07,D0310,KA01AB1141,logout,1785108600000,1785108780000,30.48,31.88,12,5,closed,true
T002134,1785715200000,S3,cab,SITE4,V01,D0049,KA01AB1531,login,1785771000000,1785771120000,42.65,43.02,4,4,closed,true
T002135,1787097600000,S1,shuttle,SITE1,V11,D0038,KA01AB0025,logout,1787139000000,1787139000000,38.46,40.48,24,24,closed,true
T002136,1786320000000,S3,shuttle,SITE3,V02,D0112,KA01AB1041,logout,1786318200000,1786318380000,37.39,42.10,24,3,closed,true
T002137,1785369600000,S2,nodal,SITE3,V09,D0248,KA01AB0869,logout,1785432600000,1785434100000,41.15,39.10,12,7,closed,true
T002138,1781827200000,S2,nodal,SITE2,V06,D0231,KA01AB0579,logout,1781890200000,1781890260000,19.15,20.31,12,2,closed,true
T002139,1785542400000,S2,cab,SITE1,V01,D0302,KA01AB1872,logout,1785605400000,1785607560000,33.55,35.50,4,1,closed,true
T002140,1782604800000,S1,shuttle,SITE2,V10,D0367,KA01AB0959,login,1782613800000,1782613860000,41.58,40.47,24,3,closed,true
T002141,1783123200000,S3,shuttle,SITE2,V12,D0089,KA01AB0811,login,1783179000000,1783179240000,33.92,36.04,24,11,closed,true
T002142,1788393600000,S3,cab,SITE3,V08,D0054,KA01AB1500,login,1788449400000,1788449460000,31.86,30.65,4,4,closed,true
T002143,1787270400000,S1,cab,SITE4,V02,D0131,KA01AB1479,logout,1787311800000,1787311920000,24.59,25.74,4,2,closed,true
T002144,1786752000000,S2,nodal,SITE2,V12,D0051,KA01AB1583,logout,1786815000000,1786815120000,39.87,43.69,12,8,closed,true
T002145,1782345600000,S3,cab,SITE1,V07,D0136,KA01AB1401,login,1782401400000,1782401580000,23.62,26.49,4,4,closed,true
T002146,1780876800000,S1,shuttle,SITE4,V01,D0280,KA01AB1878,login,1780885800000,1780887000000,15.09,14.41,24,1,closed,true
T002147,1785715200000,S1,nodal,SITE2,V09,D0018,KA01AB1719,logout,1785756600000,1785756840000,17.67,20.27,12,4,closed,true
T002148,1786147200000,S1,nodal,SITE3,V08,D0002,KA01AB1778,login,1786156200000,1786156380000,38.45,41.10,12,5,closed,true
T002149,1780876800000,S1,cab,SITE3,V12,D0272,KA01AB1495,login,1780885800000,1780887480000,30.81,30.76,4,3,closed,true
T002150,1786579200000,S2,shuttle,SITE2,V07,D0168,KA01AB1212,logout,1786642200000,1786642260000,28.82,27.75,24,15,closed,true
T002151,1784937600000,S2,nodal,SITE2,V07,D0071,KA01AB0443,logout,1785000600000,1785000780000,37.87,38.77,12,3,closed,true
T002152,1781395200000,S3,nodal,SITE3,V06,D0125,KA01AB1938,login,1781451000000,1781451180000,23.97,23.12,12,6,closed,true
T002153,1781654400000,S3,nodal,SITE1,V09,D0335,KA01AB1233,logout,1781652600000,1781652600000,26.17,26.03,12,1,closed,true
T002154,1786147200000,S3,shuttle,SITE4,V11,D0174,KA01AB0245,login,1786203000000,1786205280000,28.17,29.56,24,19,closed,true
T002155,1786665600000,S3,shuttle,SITE2,V05,D0367,KA01AB0074,logout,1786663800000,1786665840000,26.35,29.10,24,2,closed,true
T002156,1784505600000,S1,cab,SITE4,V03,D0031,KA01AB1669,login,1784514600000,1784514720000,32.66,36.16,4,1,closed,true
T002157,1781395200000,S3,shuttle,SITE4,V10,D0083,KA01AB0440,logout,1781393400000,1781393400000,18.92,20.71,24,14,closed,true
T002158,1784851200000,S1,nodal,SITE3,V04,D0077,KA01AB0310,logout,1784892600000,1784892840000,42.43,45.65,12,4,closed,true
T002159,1782345600000,S1,nodal,SITE2,V08,D0306,KA01AB0109,login,1782354600000,1782354840000,38.26,36.49,12,2,closed,true
T002160,1784332800000,S1,cab,SITE4,V01,D0312,KA01AB1401,logout,1784374200000,1784375340000,24.21,25.14,4,1,closed,true
T002161,1781740800000,S2,nodal,SITE2,V02,D0276,KA01AB0106,logout,1781803800000,1781803980000,9.20,9.97,12,7,closed,true
T002162,1788307200000,S1,shuttle,SITE1,V01,D0152,KA01AB1344,logout,1788348600000,1788348720000,8.91,9.49,24,17,closed,true
T002163,1782950400000,S3,shuttle,SITE1,V12,D0321,KA01AB1021,login,1783006200000,1783006320000,12.98,14.07,24,8,closed,true
T002164,1783209600000,S2,shuttle,SITE4,V02,D0074,KA01AB1866,logout,1783272600000,1783272780000,32.72,36.24,24,1,closed,false
T002165,1782864000000,S3,nodal,SITE4,V11,D0078,KA01AB1515,logout,1782862200000,1782862440000,42.81,45.97,12,9,closed,true
T002166,1781049600000,S1,nodal,SITE1,V11,D0078,KA01AB0032,login,1781058600000,1781059320000,26.58,27.61,12,7,closed,true
T002167,1782950400000,S3,nodal,SITE2,V09,D0115,KA01AB1099,login,1783006200000,1783006260000,26.47,25.34,12,6,closed,true
T002168,1787788800000,S1,shuttle,SITE1,V03,D0209,KA01AB0837,logout,1787830200000,1787830440000,26.70,28.25,24,11,closed,true
T002169,1781654400000,S2,cab,SITE3,V03,D0304,KA01AB0624,login,1781685000000,1781686140000,37.36,38.35,4,2,closed,true
T002170,1781308800000,S3,nodal,SITE3,V02,D0033,KA01AB1554,login,1781364600000,1781364840000,39.22,39.53,12,9,closed,true
T002171,1787011200000,S3,shuttle,SITE2,V07,D0271,KA01AB0747,logout,1787009400000,1787009460000,14.63,15.49,24,24,closed,false
T002172,1782172800000,S3,shuttle,SITE2,V06,D0219,KA01AB0159,login,1782228600000,1782228660000,22.27,21.26,24,13,closed,true
T002173,1784505600000,S2,cab,SITE3,V03,D0180,KA01AB1234,login,1784536200000,1784536380000,31.51,35.25,4,3,closed,true
T002174,1782000000000,S1,cab,SITE2,V03,D0243,KA01AB0397,login,1782009000000,1782009000000,25.73,26.45,4,3,closed,true
T002175,1785196800000,S3,cab,SITE1,V11,D0106,KA01AB1217,login,1785252600000,1785252660000,20.08,21.36,4,1,closed,true
T002176,1781308800000,S1,shuttle,SITE1,V03,D0247,KA01AB1396,logout,1781350200000,1781352360000,40.83,44.62,24,23,closed,true
T002177,1787961600000,S1,nodal,SITE4,V10,D0145,KA01AB1226,logout,1788003000000,1788003240000,20.98,20.61,12,8,closed,true
T002178,1782345600000,S2,shuttle,SITE4,V03,D0256,KA01AB1730,logout,1782408600000,,15.49,15.72,24,2,open,true
T002179,1784419200000,S2,shuttle,SITE1,V10,D0226,KA01AB0544,logout,1784482200000,1784482380000,37.10,42.55,24,3,closed,true
T002180,1783468800000,S1,shuttle,SITE3,V08,D0068,KA01AB0325,login,1783477800000,1783479300000,40.05,44.54,24,4,closed,true
T002181,1784073600000,S2,cab,SITE2,V09,D0168,KA01AB1070,logout,1784136600000,1784136660000,11.76,11.23,4,2,closed,true
T002182,1785801600000,S1,shuttle,SITE4,V12,D0002,KA01AB0953,logout,1785843000000,1785843000000,18.03,19.67,24,21,closed,true
T002183,1787788800000,S3,nodal,SITE4,V08,D0159,KA01AB0935,login,1787844600000,1787845080000,33.91,35.74,12,4,closed,true
T002184,1785283200000,S2,nodal,SITE3,V08,D0246,KA01AB1445,login,1785313800000,1785314040000,42.13,45.97,12,4,closed,true
T002185,1782691200000,S2,cab,SITE3,V10,D0011,KA01AB0981,login,1782721800000,1782721800000,31.05,34.19,4,3,closed,true
T002186,1782086400000,S2,shuttle,SITE2,V12,D0117,KA01AB1809,login,1782117000000,1782117180000,25.51,27.87,24,7,closed,true
T002187,1786406400000,S1,shuttle,SITE2,V11,D0185,KA01AB1514,login,1786415400000,1786416900000,42.84,46.76,24,23,closed,true
T002188,1786924800000,S1,cab,SITE1,V02,D0301,KA01AB1871,logout,1786966200000,,29.56,28.62,4,1,open,true,UNEXPECTED_EXTRA_FIELD
T002189,1782345600000,S3,nodal,SITE3,V04,D0032,KA01AB1017,logout,1782343800000,1782344040000,31.03,34.00,12,12,closed,true
T002190,1781740800000,S3,shuttle,SITE2,V06,D0228,KA01AB1154,logout,1781739000000,1781739120000,21.45,21.87,24,18,closed,true
T002191,1783036800000,S2,shuttle,SITE3,V07,D0094,KA01AB1802,login,1783067400000,1783067580000,33.34,34.46,24,4,closed,true
T002192,1784592000000,S3,shuttle,SITE2,V01,D0044,KA01AB0201,login,1784647800000,1784647920000,26.63,27.68,24,18,closed,true
T002193,1780876800000,S2,cab,SITE1,V07,D0316,KA01AB0944,logout,1780939800000,1780939920000,27.83,27.39,4,2,closed,true
T002194,1783209600000,S2,nodal,SITE1,V08,D0260,KA01AB0437,login,1783240200000,1783240260000,27.56,31.31,12,8,closed,true
T002195,1785974400000,S1,nodal,SITE1,V03,D0018,KA01AB1087,login,1785983400000,1785983400000,26.42,28.74,12,7,closed,true
T002196,1786406400000,S3,nodal,SITE2,V10,D0387,KA01AB1090,login,1786462200000,1786462320000,33.42,36.44,12,7,closed,true
T002197,1784678400000,S3,cab,SITE2,V05,D0104,KA01AB0879,logout,1784676600000,1784677080000,8.29,8.29,4,3,closed,true
T002198,1788134400000,S2,shuttle,SITE3,V10,D0269,KA01AB0927,login,1788165000000,1788165060000,14.35,13.66,24,6,closed,true
T002199,1783468800000,S2,cab,SITE3,V01,D0095,KA01AB0589,logout,1783531800000,1783533780000,17.65,17.24,4,2,closed,true
T002200,1783987200000,S1,shuttle,SITE2,V07,D0328,KA01AB1641,logout,1784028600000,1784028660000,15.66,17.20,24,10,closed,true
T002201,1781395200000,S3,cab,SITE3,V11,D0142,KA01AB1974,login,1781451000000,1781451060000,30.57,29.37,4,3,closed,true
T002202,1785542400000,S1,cab,SITE1,V11,D0264,KA01AB1301,logout,1785583800000,1785585720000,16.83,19.31,4,1,closed,true
T002203,1783123200000,S2,shuttle,SITE2,V03,D0135,KA01AB1721,login,1783153800000,1783154040000,8.32,9.00,24,6,closed,true
T002204,1786147200000,S1,cab,SITE3,V08,D0276,KA01AB1217,login,1786156200000,1786157700000,23.90,27.15,4,3,closed,true
T002205,1783555200000,S2,nodal,SITE4,V05,D0114,KA01AB0713,logout,1783618200000,1783618200000,41.51,43.05,12,3,closed,true
T002206,1784851200000,S1,nodal,SITE3,V10,D0381,KA01AB1970,login,1784860200000,1784860380000,26.10,27.86,12,9,closed,true
T002207,1786924800000,S2,cab,SITE4,V10,D0276,KA01AB0909,logout,1786987800000,1786988040000,32.94,33.68,4,3,closed,true
T002208,1782259200000,S3,shuttle,SITE1,V07,D0340,KA01AB1169,login,1782315000000,1782315000000,15.25,17.20,24,4,closed,true
T002209,1785628800000,S2,cab,SITE3,V07,D0111,KA01AB0189,logout,1785691800000,1785691860000,8.66,9.53,4,3,closed,true
T002210,1786060800000,S2,cab,SITE1,V02,D0320,KA01AB0175,login,1786091400000,1786091580000,12.91,12.50,4,2,closed,true
T002211,1782518400000,S3,shuttle,SITE4,V01,D0148,KA01AB1068,logout,1782516600000,1782516780000,15.30,14.54,24,20,closed,true
T002212,1787443200000,S1,nodal,SITE2,V06,D0048,KA01AB1008,login,1787452200000,1787452320000,27.97,27.85,12,11,closed,true
T002213,1787875200000,S2,cab,SITE4,V11,D0203,KA01AB0416,login,1787905800000,1787905980000,21.94,24.37,4,2,closed,true
T002214,1784505600000,S2,cab,SITE3,V08,D0209,KA01AB0186,logout,1784568600000,1784568600000,20.42,21.99,4,4,closed,true
T002215,1786233600000,S3,cab,SITE4,V12,D0348,KA01AB0171,login,1786289400000,1786289400000,25.27,25.90,4,3,closed,true,UNEXPECTED_EXTRA_FIELD
T002216,1783987200000,S1,nodal,SITE4,V10,D0077,KA01AB1516,logout,1784028600000,1784028600000,24.47,23.78,12,4,closed,true
T002217,1783728000000,S1,nodal,SITE2,V10,D0265,KA01AB1386,logout,1783769400000,1783769520000,23.97,25.26,12,9,closed,true
T002218,1782172800000,S3,nodal,SITE4,V01,D0192,KA01AB1984,logout,1782171000000,1782171000000,34.11,36.73,12,3,closed,true
T002219,1780876800000,S3,nodal,SITE4,V08,D0349,KA01AB0002,login,1780932600000,1780932840000,37.77,41.26,12,12,closed,true
T002220,1786752000000,S3,nodal,SITE2,V09,D0144,KA01AB0591,logout,1786750200000,1786750440000,40.62,42.13,12,10,closed,true
T002221,1786752000000,S3,cab,SITE3,V08,D0309,KA01AB0216,logout,1786750200000,1786750440000,38.19,42.55,4,2,closed,true
T002222,1782000000000,S1,cab,SITE2,V05,D0375,KA01AB1582,logout,1782041400000,1782041580000,34.93,39.35,4,3,closed,true
T002223,1782691200000,S3,nodal,SITE4,V09,D0163,KA01AB1002,logout,1782689400000,1782689460000,36.44,39.90,12,10,closed,true
T002224,1784419200000,S1,shuttle,SITE3,V09,D0230,KA01AB0596,login,1784428200000,1784428440000,16.94,16.78,24,12,closed,true
T002225,1787788800000,S3,shuttle,SITE1,V03,D0305,KA01AB1342,logout,1787787000000,1787788320000,29.22,28.75,24,22,closed,true
T002226,1785888000000,S2,nodal,SITE1,V04,D0391,KA01AB1586,logout,1785951000000,1785951120000,15.68,17.66,12,8,closed,true
T002227,1782432000000,S1,nodal,SITE3,V08,D0049,KA01AB0353,login,1782441000000,1782441240000,11.55,10.99,12,6,closed,true
T002228,1783123200000,S2,nodal,SITE4,V12,D0376,KA01AB1718,logout,1783186200000,1783187280000,13.20,13.34,12,5,closed,true
T002229,1782864000000,S2,cab,SITE2,V12,D0038,KA01AB0823,login,1782894600000,1782894780000,16.97,16.44,4,1,closed,true
T002230,1787529600000,S1,nodal,SITE1,V07,D0153,KA01AB0117,logout,1787571000000,1787571900000,9.12,9.77,12,11,closed,true
T002231,1783728000000,S1,cab,SITE4,V10,D0022,KA01AB1937,logout,1783769400000,1783770000000,38.19,42.70,4,4,closed,true
T002232,1785283200000,S2,nodal,SITE4,V08,D0317,KA01AB0647,logout,1785346200000,1785346860000,33.87,32.73,12,5,closed,true
T002233,1781913600000,S3,cab,SITE2,V08,D0051,KA01AB0149,login,1781969400000,1781969580000,24.78,26.25,4,4,closed,true
T002234,1783555200000,S3,cab,SITE1,V07,D0013,KA01AB1027,logout,1783553400000,1783553520000,17.53,19.64,4,4,closed,true
T002235,1785974400000,S2,shuttle,SITE1,V07,D0324,KA01AB0837,logout,1786037400000,1786037460000,12.28,12.68,24,19,closed,true
T002236,1782432000000,S3,shuttle,SITE1,V03,D0395,KA01AB1925,logout,1782430200000,,40.63,43.31,24,19,open,true
T002237,1788307200000,S3,cab,SITE3,V05,D0372,KA01AB0753,login,1788363000000,1788363240000,20.01,19.54,4,1,closed,true
T002238,1784678400000,S3,cab,SITE1,V02,D0248,KA01AB0504,logout,1784676600000,1784676720000,21.20,24.11,4,3,closed,true
T002239,1782259200000,S1,nodal,SITE2,V11,D0094,KA01AB1620,logout,1782300600000,1782300660000,9.01,9.27,12,9,closed,true
T002240,1782691200000,S3,nodal,SITE4,V01,D0053,KA01AB0827,login,1782747000000,1782747240000,27.55,27.41,12,6,closed,true
T002241,1787702400000,S3,cab,SITE4,V01,D0319,KA01AB1493,login,1787758200000,1787758200000,41.61,43.95,4,1,closed,true
T002242,1783209600000,S3,cab,SITE1,V09,D0337,KA01AB0673,login,1783265400000,1783265400000,22.08,23.07,4,3,closed,true
T002243,1785888000000,S2,nodal,SITE4,V03,D0042,KA01AB0224,login,1785918600000,1785918780000,10.39,10.46,12,8,closed,true
T002244,1787097600000,S3,shuttle,SITE2,V01,D0218,KA01AB1579,login,1787153400000,1787153520000,40.83,45.59,24,5,closed,true
T002245,1788048000000,S1,cab,SITE1,V12,D0277,KA01AB1592,logout,1788089400000,1788089580000,9.29,10.27,4,2,closed,true
T002246,1784764800000,S2,shuttle,SITE3,V09,D0068,KA01AB1840,logout,1784827800000,1784827800000,33.42,34.79,24,19,closed,true
T002247,1782259200000,S3,shuttle,SITE4,V12,D0151,KA01AB1834,login,1782315000000,1782316320000,28.33,30.25,24,23,closed,true
T002248,1782259200000,S2,nodal,SITE2,V02,D0126,KA01AB1605,logout,1782322200000,1782322860000,35.29,37.37,12,8,closed,true
T002249,1782172800000,S2,nodal,SITE3,V11,D0371,KA01AB1584,login,1782203400000,1782203460000,37.71,39.62,12,6,closed,true
T002250,1785024000000,S1,shuttle,SITE4,V07,D0151,KA01AB1546,logout,1785065400000,1785065640000,27.94,29.05,24,16,closed,true
T002251,1788048000000,S3,nodal,SITE2,V04,D0028,KA01AB0737,login,1788103800000,1788103920000,41.18,46.63,12,12,closed,true
T002252,1783987200000,S2,nodal,SITE2,V03,D0067,KA01AB0236,login,1784017800000,1784018340000,37.23,39.17,12,11,closed,true
T002253,1786147200000,S3,cab,SITE3,V11,D0396,KA01AB0423,logout,1786145400000,1786145520000,29.89,30.54,4,4,closed,true
T002254,1786924800000,S1,cab,SITE2,V05,D0205,KA01AB0864,logout,1786966200000,1786966440000,18.78,19.58,4,4,closed,true
T002255,1787356800000,S1,shuttle,SITE4,V06,D0335,KA01AB0614,login,1787365800000,1787365980000,27.68,29.03,24,17,closed,true
T002256,1785801600000,S2,shuttle,SITE1,V02,D0375,KA01AB0689,logout,1785864600000,1785864840000,23.51,23.85,24,18,closed,true
T002257,1785456000000,S2,cab,SITE4,V02,D0276,KA01AB0989,login,1785486600000,1785489000000,8.06,8.16,4,1,closed,true
T002258,1783036800000,S3,cab,SITE4,V03,D0034,KA01AB1703,login,1783092600000,1783092780000,40.71,42.98,4,2,closed,true
T002259,1786320000000,S2,nodal,SITE1,V07,D0165,KA01AB0205,logout,1786383000000,1786383000000,39.05,44.25,12,3,closed,false
T002260,1787097600000,S1,shuttle,SITE2,V03,D0136,KA01AB1164,login,1787106600000,1787106780000,10.91,12.53,24,17,closed,true
T002261,1786579200000,S3,shuttle,SITE4,V09,D0112,KA01AB0390,logout,1786577400000,1786577460000,8.25,8.83,24,10,closed,true
T002262,1782086400000,S2,shuttle,SITE1,V12,D0180,KA01AB0564,logout,1782149400000,,40.13,39.50,24,12,open,true
T002263,1781654400000,S1,cab,SITE1,V05,D0389,KA01AB0436,login,1781663400000,1781663640000,25.99,24.83,4,1,closed,true
T002264,1786147200000,S2,cab,SITE1,V12,D0286,KA01AB0901,logout,1786210200000,1786210380000,38.58,43.49,4,4,closed,true
T002265,1787356800000,S2,nodal,SITE3,V12,D0161,KA01AB0680,logout,1787419800000,1787419860000,9.25,10.05,12,3,closed,true
T002266,1782432000000,S2,cab,SITE3,V06,D0033,KA01AB0324,login,1782462600000,1782464880000,42.38,40.46,4,4,closed,true
T002267,1785715200000,S3,shuttle,SITE3,V08,D0391,KA01AB1729,login,1785771000000,1785771120000,29.97,33.48,24,14,closed,true
T002268,1784678400000,S3,cab,SITE2,V01,D0164,KA01AB1432,login,1784734200000,1784734260000,30.52,30.28,4,1,closed,true
T002269,1786665600000,S3,cab,SITE1,V05,D0137,KA01AB1690,login,1786721400000,1786723500000,37.07,40.64,4,1,closed,true
T002270,1782777600000,S1,cab,SITE3,V08,D0235,KA01AB1256,logout,1782819000000,1782819600000,9.33,10.18,4,4,closed,true
T002271,1786924800000,S1,cab,SITE4,V10,D0124,KA01AB0795,login,1786933800000,1786933980000,38.72,41.18,4,4,closed,true
T002272,1781136000000,S2,nodal,SITE1,V04,D0352,KA01AB1737,logout,1781199000000,1781199060000,12.90,14.06,12,9,closed,true
T002273,1787702400000,S1,cab,SITE3,V05,D0196,KA01AB0514,logout,1787743800000,1787744220000,38.78,39.81,4,2,closed,true
T002274,1784073600000,S2,shuttle,SITE4,V07,D0375,KA01AB1175,login,1784104200000,1784104380000,21.78,23.79,24,17,closed,true
T002275,1782000000000,S2,shuttle,SITE2,V04,D0023,KA01AB1639,login,1782030600000,1782030720000,27.10,30.83,24,24,closed,true
T002276,1782086400000,S2,nodal,SITE2,V02,D0020,KA01AB0099,login,1782117000000,1782117060000,21.82,24.97,12,10,closed,true
T002277,1786406400000,S3,nodal,SITE2,V03,D0366,KA01AB1995,logout,1786404600000,1786404600000,32.12,34.74,12,8,closed,true
T002278,1781913600000,S3,cab,SITE2,V05,D0259,KA01AB1062,login,1781969400000,1781969520000,29.49,33.83,4,1,closed,true
T002279,1787875200000,S1,shuttle,SITE3,V10,D0373,KA01AB0569,login,1787884200000,1787884440000,24.67,27.74,24,2,closed,true
T002280,1787788800000,S1,shuttle,SITE3,V03,D0094,KA01AB1988,logout,1787830200000,1787830320000,21.85,23.61,24,20,closed,true
T002281,1784764800000,S1,shuttle,SITE4,V03,D0166,KA01AB1271,login,1784773800000,1784773800000,14.51,14.25,24,18,closed,true
T002282,1782950400000,S2,nodal,SITE2,V05,D0087,KA01AB1257,logout,1783013400000,1783015860000,39.78,43.87,12,12,closed,true
T002283,1783468800000,S2,cab,SITE3,V09,D0314,KA01AB0562,logout,1783531800000,1783531920000,24.80,27.62,4,2,closed,true
T002284,1788134400000,S2,nodal,SITE4,V05,D0244,KA01AB0140,logout,1788197400000,1788197520000,12.57,12.74,12,11,closed,true
T002285,1786233600000,S3,shuttle,SITE3,V01,D0318,KA01AB0172,login,1786289400000,1786289460000,37.14,35.90,24,8,closed,true
T002286,1784764800000,S3,cab,SITE3,V02,D0222,KA01AB1605,logout,1784763000000,1784763060000,33.75,36.22,4,2,closed,true
T002287,1786924800000,S1,cab,SITE4,V09,D0337,KA01AB0005,logout,1786966200000,1786966440000,16.01,16.51,4,1,closed,true
T002288,1787788800000,S3,cab,SITE4,V04,D0283,KA01AB1575,login,1787844600000,1787845020000,24.66,24.88,4,3,closed,true
T002289,1787011200000,S2,cab,SITE1,V03,D0306,KA01AB0966,logout,1787074200000,1787074440000,31.39,31.63,4,3,closed,true
T002290,1782432000000,S1,nodal,SITE2,V09,D0239,KA01AB0802,login,1782441000000,1782441060000,11.89,12.05,12,7,closed,true
T002291,1784851200000,S3,cab,SITE2,V09,D0323,KA01AB1622,logout,1784849400000,1784849580000,18.31,18.85,4,4,closed,true
T002292,1782172800000,S3,shuttle,SITE3,V03,D0357,KA01AB1301,logout,1782171000000,1782171060000,16.34,15.77,24,13,closed,true
T002293,1786838400000,S3,nodal,SITE3,V07,D0263,KA01AB0773,login,1786894200000,1786896120000,22.14,22.12,12,10,closed,true
T002294,1784678400000,S1,cab,SITE2,V01,D0159,KA01AB0823,login,1784687400000,1784687880000,30.68,32.70,4,2,closed,true
T002295,1781222400000,S3,shuttle,SITE4,V06,D0389,KA01AB1419,logout,1781220600000,1781220720000,33.74,37.96,24,24,closed,true
T002296,1786492800000,S1,cab,SITE4,V04,D0047,KA01AB0717,login,1786501800000,1786504140000,41.90,41.58,4,2,closed,true
T002297,1782518400000,S1,shuttle,SITE3,V03,D0062,KA01AB1796,logout,1782559800000,1782559860000,38.00,40.99,24,7,closed,true
T002298,1787184000000,S3,cab,SITE4,V09,D0051,KA01AB1130,login,1787239800000,1787239920000,9.74,10.13,4,2,closed,true
T002299,1784764800000,S1,shuttle,SITE2,V06,D0057,KA01AB0435,login,1784773800000,1784773800000,17.98,18.15,24,11,closed,true
T002300,1784592000000,S3,cab,SITE2,V09,D0075,KA01AB1905,logout,1784590200000,1784590380000,21.84,22.73,4,3,closed,true
T002301,1785628800000,S2,cab,SITE2,V06,D0374,KA01AB0321,logout,1785691800000,1785691800000,30.93,29.51,4,2,closed,true
T002302,1782950400000,S3,nodal,SITE4,V01,D0342,KA01AB1853,login,1783006200000,1783006440000,28.20,31.54,12,12,closed,true
T002303,1782086400000,S2,nodal,SITE1,V02,D0265,KA01AB1251,logout,1782149400000,1782149640000,39.65,41.13,12,10,closed,true
T002304,1782000000000,S2,cab,SITE4,V08,D0010,KA01AB1276,login,1782030600000,1782030720000,22.40,25.15,4,2,closed,true
T002305,1784246400000,S3,shuttle,SITE2,V02,D0288,KA01AB0149,logout,1784244600000,1784244840000,36.28,37.42,24,5,closed,true
T002306,1787616000000,S2,shuttle,SITE4,V09,D0086,KA01AB0080,login,1787646600000,1787646660000,28.84,27.53,24,11,closed,true
T002307,1788220800000,S3,nodal,SITE4,V06,D0019,KA01AB0606,logout,1788219000000,1788219480000,18.64,21.20,12,12,closed,true
T002308,1784678400000,S3,shuttle,SITE1,V07,D0213,KA01AB1014,logout,1784676600000,1784676780000,21.74,25.00,24,13,closed,false
T002309,1785628800000,S3,nodal,SITE3,V08,D0202,KA01AB0781,logout,1785627000000,1785627120000,20.12,20.23,12,7,closed,true
T002310,1783468800000,S3,cab,SITE1,V06,D0123,KA01AB1853,login,1783524600000,1783524660000,30.90,34.42,4,3,closed,true
T002311,1786060800000,S3,cab,SITE2,V08,D0128,KA01AB0757,login,1786116600000,1786116840000,12.90,14.46,4,4,closed,true
T002312,1781308800000,S1,nodal,SITE3,V03,D0318,KA01AB1186,login,1781317800000,1781317800000,22.68,25.10,12,7,closed,true
T002313,1782950400000,S2,shuttle,SITE2,V09,D0354,KA01AB1324,login,1782981000000,1782981120000,27.65,29.61,24,11,closed,true
T002314,1785888000000,S1,nodal,SITE2,V09,D0145,KA01AB0189,login,1785897000000,1785898620000,20.31,21.76,12,7,closed,true
T002315,1781222400000,S2,nodal,SITE3,V12,D0331,KA01AB0590,login,1781253000000,1781253000000,29.93,29.36,12,1,closed,true
T002316,1781395200000,S3,shuttle,SITE1,V04,D0060,KA01AB1337,login,1781451000000,1781451060000,24.80,25.77,24,19,closed,true
T002317,1781913600000,S2,cab,SITE4,V02,D0143,KA01AB1110,logout,1781976600000,1781976840000,38.58,41.49,4,3,closed,true
T002318,1785628800000,S1,nodal,SITE1,V02,D0193,KA01AB0413,logout,1785670200000,1785670260000,32.71,33.80,12,4,closed,true
T002319,1787184000000,S1,cab,SITE1,V07,D0223,KA01AB1585,login,1787193000000,1787193000000,19.66,18.86,4,2,closed,true
T002320,1782172800000,S2,cab,SITE1,V05,D0085,KA01AB0432,logout,1782235800000,1782235920000,15.80,17.96,4,2,closed,true
T002321,1785024000000,S3,nodal,SITE3,V06,D0181,KA01AB1334,login,1785079800000,1785079980000,29.09,30.62,12,4,closed,true
T002322,1781654400000,S3,cab,SITE3,V09,D0350,KA01AB1886,login,1781710200000,1781710200000,30.31,30.48,4,2,closed,true
T002323,1783728000000,S2,cab,SITE3,V12,D0024,KA01AB1060,login,1783758600000,1783758660000,8.30,8.93,4,1,closed,true
T002324,1786579200000,S1,cab,SITE2,V01,D0143,KA01AB0851,login,1786588200000,1786588440000,13.26,14.49,4,4,closed,true
T002325,1786752000000,S1,nodal,SITE4,V02,D0245,KA01AB0892,login,1786761000000,1786761180000,22.80,25.64,12,5,closed,true
T002326,1781913600000,S3,nodal,SITE1,V06,D0294,KA01AB1322,logout,1781911800000,1781911920000,35.55,38.39,12,7,closed,true
T002327,1782604800000,S3,shuttle,SITE1,V01,D0350,KA01AB0094,login,1782660600000,1782660600000,29.21,27.79,24,4,closed,true
T002328,1783296000000,S3,nodal,SITE3,V01,D0154,KA01AB1340,login,1783351800000,1783351860000,20.73,22.47,12,12,closed,true
T002329,1784073600000,S2,nodal,SITE4,V06,D0238,KA01AB1256,logout,1784136600000,1784136720000,19.94,20.88,12,10,closed,true
T002330,1783987200000,S3,nodal,SITE2,V10,D0062,KA01AB0372,login,1784043000000,1784043000000,23.69,22.57,12,4,closed,true
T002331,1788480000000,S3,nodal,SITE4,V10,D0077,KA01AB1243,login,1788535800000,1788535860000,19.36,18.41,12,7,closed,true
T002332,1783555200000,S2,cab,SITE3,V03,D0272,KA01AB1023,login,1783585800000,1783585980000,29.27,33.20,4,4,closed,true,UNEXPECTED_EXTRA_FIELD
T002333,1783209600000,S3,cab,SITE4,V04,D0341,KA01AB1585,logout,1783207800000,1783209840000,13.35,13.49,4,1,closed,true
T002334,1781481600000,S2,shuttle,SITE4,V02,D0130,KA01AB0195,login,1781512200000,1781512440000,18.72,20.25,24,6,closed,true
T002335,1785369600000,S1,nodal,SITE2,V10,D0078,KA01AB0131,logout,1785411000000,1785411060000,30.12,31.59,12,7,closed,true
T002336,1785628800000,S2,shuttle,SITE3,V01,D0267,KA01AB1536,logout,1785691800000,1785692040000,32.51,31.10,24,8,closed,false
T002337,1784764800000,S1,shuttle,SITE4,V07,D0265,KA01AB1507,login,1784773800000,1784773980000,10.64,10.31,24,15,closed,true
T002338,1783209600000,S2,nodal,SITE1,V05,D0383,KA01AB1255,logout,1783272600000,1783272720000,36.85,37.93,12,8,closed,true
T002339,1784160000000,S1,nodal,SITE1,V12,D0124,KA01AB1754,login,1784169000000,1784169060000,31.56,33.77,12,10,closed,true
T002340,1782345600000,S2,shuttle,SITE2,V01,D0159,KA01AB1844,login,1782376200000,1782378480000,12.77,12.61,24,18,closed,true
T002341,1786752000000,S3,cab,SITE1,V01,D0164,KA01AB0962,logout,1786750200000,1786750380000,15.36,15.72,4,4,closed,true
T002342,1780876800000,S2,cab,SITE1,V12,D0207,KA01AB1455,logout,1780939800000,1780939800000,10.04,9.70,4,2,closed,true
T002343,1787356800000,S3,cab,SITE3,V08,D0388,KA01AB0784,login,1787412600000,1787412720000,35.30,38.13,4,1,closed,true
T002344,1780790400000,S2,nodal,SITE3,V04,D0085,KA01AB1486,logout,1780853400000,1780853640000,37.27,37.87,12,7,closed,true
T002345,1786924800000,S1,nodal,SITE2,V06,D0303,KA01AB0165,login,1786933800000,1786934040000,10.61,11.46,12,10,closed,true
T002346,1781136000000,S1,nodal,SITE4,V05,D0268,KA01AB0222,logout,1781177400000,1781177460000,39.43,38.12,12,5,closed,true
T002347,1787702400000,S2,shuttle,SITE4,V01,D0396,KA01AB0585,logout,1787765400000,,41.81,46.00,24,13,open,true
T002348,1780790400000,S1,cab,SITE2,V10,D0005,KA01AB1799,logout,1780831800000,1780831800000,39.67,43.95,4,3,closed,true
T002349,1780963200000,S2,nodal,SITE1,V01,D0035,KA01AB1618,logout,1781026200000,1781026200000,27.56,30.17,12,10,closed,true
T002350,1788307200000,S2,nodal,SITE2,V03,D0392,KA01AB1562,logout,1788370200000,1788371580000,15.86,16.64,12,5,closed,true
T002351,1781049600000,S2,cab,SITE3,V10,D0396,KA01AB1659,login,1781080200000,1781082900000,27.37,30.26,4,4,closed,true
T002352,1781740800000,S3,cab,SITE2,V07,D0084,KA01AB1556,login,1781796600000,1781797680000,41.92,44.77,4,4,closed,true
T002353,1785110400000,S1,shuttle,SITE3,V03,D0069,KA01AB1850,logout,1785151800000,,23.45,25.73,24,16,open,true
T002354,1782518400000,S2,nodal,SITE3,V08,D0121,KA01AB1185,login,1782549000000,1782549180000,34.29,35.27,12,6,closed,true
T002355,1783728000000,S1,cab,SITE1,V02,D0378,KA01AB1903,login,1783737000000,1783737000000,10.44,11.44,4,4,closed,true
T002356,1782950400000,S3,shuttle,SITE4,V09,D0075,KA01AB1170,logout,1782948600000,1782949380000,26.48,28.35,24,14,closed,true
T002357,1786147200000,S1,nodal,SITE2,V11,D0036,KA01AB1990,login,1786156200000,1786156380000,13.51,13.66,12,6,closed,true,UNEXPECTED_EXTRA_FIELD
T002358,1784332800000,S1,cab,SITE3,V11,D0284,KA01AB1034,logout,1784374200000,1784374320000,39.43,44.51,4,3,closed,true
T002359,1783382400000,S3,cab,SITE1,V02,D0373,KA01AB0320,login,1783438200000,1783438440000,26.22,27.75,4,2,closed,true
T002360,1781222400000,S3,nodal,SITE1,V01,D0169,KA01AB1795,logout,1781220600000,1781222280000,29.66,34.06,12,11,closed,true
T002361,1783382400000,S1,shuttle,SITE4,V05,D0082,KA01AB1207,login,1783391400000,1783391580000,18.46,17.98,24,16,closed,true
T002362,1782604800000,S3,shuttle,SITE4,V11,D0154,KA01AB1463,login,1782660600000,1782663060000,22.40,21.28,24,6,closed,true
T002363,1782518400000,S2,nodal,SITE1,V04,D0023,KA01AB1856,logout,1782581400000,1782581460000,20.11,20.99,12,6,closed,true
T002364,1782604800000,S2,shuttle,SITE2,V12,D0384,KA01AB1680,logout,1782667800000,1782667800000,35.21,40.26,24,9,closed,true
T002365,1788393600000,S1,nodal,SITE4,V02,D0048,KA01AB0992,logout,1788435000000,1788435060000,29.55,28.46,12,10,closed,true
T002366,1787270400000,S1,nodal,SITE1,V02,D0235,KA01AB1281,login,1787279400000,1787279460000,11.29,11.18,12,12,closed,true
T002367,1786492800000,S2,nodal,SITE3,V05,D0233,KA01AB1259,login,1786523400000,1786523580000,37.53,35.72,12,8,closed,true
T002368,1785715200000,S2,nodal,SITE4,V10,D0266,KA01AB0875,login,1785745800000,1785745920000,19.12,19.56,12,7,closed,true
T002369,1788220800000,S3,nodal,SITE3,V08,D0041,KA01AB0294,login,1788276600000,1788276720000,13.84,13.30,12,11,closed,true
T002370,1782691200000,S3,nodal,SITE2,V02,D0136,KA01AB0937,login,1782747000000,1782747060000,40.56,43.65,12,7,closed,true
T002371,1782432000000,S3,shuttle,SITE2,V08,D0217,KA01AB0973,logout,1782430200000,1782430260000,38.48,38.60,24,14,closed,true
T002372,1786233600000,S1,nodal,SITE2,V04,D0189,KA01AB1280,login,1786242600000,1786242660000,25.09,26.08,12,4,closed,true
T002373,1787011200000,S1,cab,SITE3,V08,D0138,KA01AB0455,login,1787020200000,1787020320000,30.49,29.28,4,4,closed,true
T002374,1780790400000,S2,shuttle,SITE3,V06,D0332,KA01AB1337,logout,1780853400000,1780853580000,39.53,44.82,24,16,closed,true
T002375,1782604800000,S1,nodal,SITE2,V10,D0361,KA01AB1417,login,1782613800000,1782616020000,9.87,10.92,12,3,closed,true
T002376,1786752000000,S3,cab,SITE3,V09,D0344,KA01AB0607,login,1786807800000,1786808040000,14.17,14.87,4,3,closed,true
T002377,1783209600000,S2,cab,SITE4,V04,D0263,KA01AB0373,logout,1783272600000,1783272720000,19.64,21.14,4,2,closed,true
T002378,1781568000000,S1,nodal,SITE1,V05,D0286,KA01AB0988,logout,1781609400000,1781609460000,42.09,43.51,12,10,closed,true
T002379,1783987200000,S1,nodal,SITE1,V05,D0015,KA01AB0896,login,1783996200000,1783996440000,20.58,23.49,12,8,closed,true
T002380,1786233600000,S3,shuttle,SITE1,V12,D0048,KA01AB1346,login,1786289400000,1786289460000,38.59,43.54,24,9,closed,true
T002381,1783382400000,S2,cab,SITE3,V09,D0040,KA01AB0852,logout,1783445400000,1783445580000,19.73,19.70,4,1,closed,true
T002382,1787529600000,S2,nodal,SITE4,V04,D0034,KA01AB0109,logout,1787592600000,1787595060000,35.95,35.82,12,7,closed,true
T002383,1782691200000,S3,shuttle,SITE3,V01,D0236,KA01AB0095,login,1782747000000,1782747000000,23.11,23.14,24,11,closed,true
T002384,1785110400000,S2,shuttle,SITE4,V04,D0219,KA01AB1633,login,1785141000000,1785141000000,28.50,32.69,24,21,closed,true
T002385,1781308800000,S2,shuttle,SITE3,V03,D0303,KA01AB1273,login,1781339400000,1781339580000,33.92,37.32,24,5,closed,true
T002386,1783123200000,S3,nodal,SITE1,V03,D0062,KA01AB1744,login,1783179000000,1783179120000,22.64,24.11,12,2,closed,true
T002387,1785196800000,S3,cab,SITE3,V08,D0050,KA01AB0212,logout,1785195000000,1785195060000,41.83,44.43,4,3,closed,true
T002388,1781827200000,S1,nodal,SITE4,V10,D0244,KA01AB1024,login,1781836200000,1781836260000,12.33,14.17,12,1,closed,true
T002389,1787875200000,S1,nodal,SITE1,V04,D0391,KA01AB0237,login,1787884200000,1787884200000,32.65,31.33,12,11,closed,true
T002390,1785369600000,S1,nodal,SITE1,V12,D0000,KA01AB0446,logout,1785411000000,,17.15,17.26,12,5,open,true
T002391,1786579200000,S2,cab,SITE4,V09,D0049,KA01AB1302,login,1786609800000,1786609980000,9.57,9.27,4,3,closed,true
T002392,1781654400000,S1,nodal,SITE4,V08,D0362,KA01AB0687,login,1781663400000,1781663520000,27.01,28.82,12,7,closed,true
T002393,1784246400000,S1,cab,SITE3,V11,D0032,KA01AB1167,logout,1784287800000,1784287980000,29.37,29.49,4,1,closed,true
T002394,1784592000000,S1,cab,SITE1,V04,D0051,KA01AB0414,logout,1784633400000,1784633580000,10.13,11.05,4,3,closed,true
T002395,1788307200000,S1,nodal,SITE4,V06,D0242,KA01AB0617,logout,1788348600000,1788348720000,9.92,10.92,12,2,closed,true
T002396,1782432000000,S2,nodal,SITE3,V08,D0112,KA01AB1357,login,1782462600000,1782462780000,14.59,14.34,12,6,closed,true
T002397,1786924800000,S2,shuttle,SITE2,V02,D0269,KA01AB1458,login,1786955400000,1786955460000,14.19,15.83,24,19,closed,true
T002398,1787875200000,S3,shuttle,SITE3,V04,D0109,KA01AB0844,logout,1787873400000,1787873640000,37.06,41.03,24,11,closed,true
T002399,1787097600000,S1,nodal,SITE4,V06,D0050,KA01AB0070,login,1787106600000,1787106720000,23.00,24.48,12,10,closed,true
T002400,1785024000000,S1,nodal,SITE4,V01,D0176,KA01AB1900,login,1785033000000,1785033180000,37.92,39.68,12,1,closed,true
T002401,1784160000000,S3,shuttle,SITE1,V12,D0384,KA01AB1527,login,1784215800000,1784216040000,33.36,32.20,24,1,closed,true
T002402,1786665600000,S3,cab,SITE3,V07,D0358,KA01AB0435,logout,1786663800000,1786663860000,37.54,37.45,4,1,closed,true
T002403,1785369600000,S3,cab,SITE4,V10,D0085,KA01AB0188,logout,1785367800000,1785369960000,32.53,33.94,4,4,closed,true
T002404,1781395200000,S1,nodal,SITE4,V08,D0288,KA01AB1646,login,1781404200000,1781404260000,29.15,33.33,12,8,closed,true
T002405,1783555200000,S1,shuttle,SITE1,V07,D0308,KA01AB1128,login,1783564200000,1783564320000,34.95,40.00,24,17,closed,true
T002406,1786233600000,S3,cab,SITE3,V04,D0247,KA01AB1278,logout,1786231800000,1786231860000,37.65,40.33,4,4,closed,true,UNEXPECTED_EXTRA_FIELD
T002407,1786320000000,S3,shuttle,SITE3,V03,D0233,KA01AB0470,logout,1786318200000,1786320360000,8.59,9.75,24,9,closed,true
T002408,1782518400000,S3,nodal,SITE3,V12,D0037,KA01AB1085,logout,1782516600000,1782516780000,13.34,14.24,12,10,closed,true
T002409,1786665600000,S2,nodal,SITE4,V11,D0195,KA01AB1812,logout,1786728600000,1786728660000,40.15,40.50,12,6,closed,false
T002410,1781740800000,S2,cab,SITE4,V03,D0012,KA01AB1702,logout,1781803800000,1781804040000,22.40,22.25,4,3,closed,true
T002411,1782345600000,S2,shuttle,SITE3,V03,D0125,KA01AB0005,logout,1782408600000,1782408780000,37.56,37.19,24,20,closed,true
T002412,1782864000000,S2,cab,SITE1,V07,D0325,KA01AB0558,login,1782894600000,1782894840000,28.18,31.68,4,4,closed,true
T002413,1783296000000,S3,shuttle,SITE1,V11,D0192,KA01AB0288,login,1783351800000,1783351920000,33.81,38.48,24,11,closed,true
T002414,1787961600000,S3,shuttle,SITE4,V12,D0261,KA01AB0803,login,1788017400000,1788017460000,37.40,42.35,24,22,closed,true
T002415,1781913600000,S2,nodal,SITE2,V11,D0077,KA01AB0340,login,1781944200000,1781944440000,27.75,31.02,12,12,closed,true
T002416,1786147200000,S3,shuttle,SITE4,V03,D0357,KA01AB1447,login,1786203000000,1786203000000,27.33,27.36,24,1,closed,true
T002417,1782259200000,S1,shuttle,SITE4,V06,D0216,KA01AB0764,logout,1782300600000,1782300660000,27.38,28.61,24,9,closed,true
T002418,1783468800000,S3,nodal,SITE2,V03,D0050,KA01AB0711,logout,1783467000000,1783467120000,18.92,20.36,12,4,closed,true
T002419,1782000000000,S2,shuttle,SITE1,V01,D0315,KA01AB0436,login,1782030600000,1782030660000,42.10,43.18,24,21,closed,true
T002420,1785542400000,S3,nodal,SITE3,V04,D0326,KA01AB0451,logout,1785540600000,1785541440000,26.05,29.92,12,7,closed,true
T002421,1786752000000,S3,nodal,SITE2,V07,D0062,KA01AB1090,logout,1786750200000,1786750260000,21.19,22.16,12,9,closed,false
T002422,1781222400000,S3,shuttle,SITE2,V04,D0024,KA01AB0570,logout,1781220600000,1781220720000,41.15,44.76,24,17,closed,true
T002423,1785542400000,S3,nodal,SITE2,V03,D0048,KA01AB0753,logout,1785540600000,,35.27,35.85,12,9,open,true
T002424,1784332800000,S1,nodal,SITE1,V08,D0107,KA01AB1245,logout,1784374200000,1784374320000,23.84,23.49,12,1,closed,true
T002425,1783123200000,S2,cab,SITE4,V06,D0159,KA01AB1647,login,1783153800000,1783154040000,22.00,23.49,4,1,closed,true
T002426,1785456000000,S1,cab,SITE2,V09,D0261,KA01AB0090,logout,1785497400000,1785497460000,14.23,13.69,4,1,closed,true
T002427,1784160000000,S2,shuttle,SITE4,V06,D0273,KA01AB0166,logout,1784223000000,1784223000000,11.43,12.14,24,6,closed,true
T002428,1783123200000,S1,nodal,SITE4,V11,D0157,KA01AB0967,login,1783132200000,1783132380000,25.95,27.80,12,3,closed,true
T002429,1781568000000,S3,cab,SITE1,V01,D0249,KA01AB1358,login,1781623800000,1781624040000,32.52,32.16,4,4,closed,true
T002430,1786060800000,S1,cab,SITE3,V12,D0193,KA01AB1231,login,1786069800000,1786072500000,16.52,16.00,4,4,closed,true
T002431,1783382400000,S3,cab,SITE1,V10,D0083,KA01AB0716,login,1783438200000,1783439700000,24.76,26.41,4,3,closed,true
T002432,1783555200000,S1,cab,SITE3,V01,D0110,KA01AB1553,login,1783564200000,1783564380000,26.50,25.73,4,4,closed,true
T002433,1786924800000,S3,cab,SITE4,V01,D0389,KA01AB0593,logout,1786923000000,1786923180000,14.65,14.02,4,3,closed,true
T002434,1784073600000,S1,shuttle,SITE2,V01,D0300,KA01AB1020,login,1784082600000,1784082720000,9.88,9.58,24,24,closed,true
T002435,1784073600000,S1,shuttle,SITE1,V04,D0190,KA01AB1087,login,1784082600000,1784082600000,26.79,27.97,24,1,closed,true
T002436,1785628800000,S3,nodal,SITE3,V11,D0184,KA01AB1828,login,1785684600000,1785684600000,27.18,26.03,12,9,closed,true
T002437,1782777600000,S3,nodal,SITE4,V08,D0371,KA01AB1515,logout,1782775800000,1782778140000,22.29,22.84,12,9,closed,true
T002438,1785628800000,S1,cab,SITE1,V06,D0274,KA01AB1835,logout,1785670200000,1785670320000,39.64,42.76,4,2,closed,true
T002439,1784332800000,S1,cab,SITE2,V03,D0254,KA01AB1427,login,1784341800000,1784341860000,37.50,42.24,4,2,closed,true
T002440,1781308800000,S3,nodal,SITE2,V04,D0122,KA01AB1762,login,1781364600000,1781367180000,39.19,44.49,12,6,closed,true
T002441,1784851200000,S3,shuttle,SITE4,V06,D0347,KA01AB1540,logout,1784849400000,1784849520000,35.56,34.96,24,11,closed,true
T002442,1788220800000,S2,shuttle,SITE3,V02,D0255,KA01AB1291,logout,1788283800000,1788283860000,34.42,37.71,24,13,closed,true
T002443,1781740800000,S3,cab,SITE4,V02,D0186,KA01AB1231,login,1781796600000,1781796720000,38.12,43.37,4,1,closed,true
T002444,1788307200000,S1,shuttle,SITE4,V06,D0325,KA01AB0000,login,1788316200000,1788316620000,20.62,23.59,24,15,closed,true
T002445,1784592000000,S3,cab,SITE4,V05,D0306,KA01AB0178,logout,1784590200000,1784590440000,34.16,32.82,4,1,closed,true
T002446,1788307200000,S3,nodal,SITE1,V06,D0069,KA01AB0714,login,1788363000000,1788363000000,21.74,23.73,12,5,closed,true
T002447,1787616000000,S2,nodal,SITE4,V01,D0147,KA01AB1099,login,1787646600000,1787646720000,32.60,35.66,12,3,closed,true
T002448,1786320000000,S1,shuttle,SITE4,V01,D0224,KA01AB0638,logout,1786361400000,1786361400000,42.97,46.74,24,18,closed,true
T002449,1783641600000,S1,shuttle,SITE1,V05,D0186,KA01AB1922,login,1783650600000,1783650600000,19.79,20.55,24,10,closed,true
T002450,1783814400000,S2,shuttle,SITE1,V06,D0029,KA01AB1858,logout,1783877400000,1783877580000,17.17,17.44,24,17,closed,true
T002451,1787443200000,S1,shuttle,SITE1,V01,D0295,KA01AB0260,logout,1787484600000,1787485080000,22.90,22.84,24,6,closed,true
T002452,1782259200000,S1,cab,SITE4,V07,D0041,KA01AB1631,login,1782268200000,1782268320000,28.63,30.02,4,4,closed,true
T002453,1787097600000,S3,shuttle,SITE1,V11,D0331,KA01AB1411,logout,1787095800000,1787095980000,38.88,40.44,24,2,closed,true
T002454,1783814400000,S1,shuttle,SITE4,V03,D0379,KA01AB1430,login,1783823400000,1783823640000,38.14,37.85,24,15,closed,true
T002455,1781049600000,S2,nodal,SITE3,V01,D0004,KA01AB1199,logout,1781112600000,1781112600000,24.35,23.95,12,3,closed,true
T002456,1786665600000,S3,shuttle,SITE2,V02,D0055,KA01AB0372,logout,1786663800000,1786665900000,29.62,32.71,24,3,closed,true
T002457,1782777600000,S3,shuttle,SITE4,V06,D0224,KA01AB0878,login,1782833400000,1782833520000,11.59,11.46,24,23,closed,true
T002458,1783468800000,S3,cab,SITE3,V01,D0277,KA01AB1473,logout,1783467000000,1783467000000,24.98,27.29,4,4,closed,true
T002459,1786579200000,S2,shuttle,SITE3,V08,D0379,KA01AB0475,logout,1786642200000,1786642200000,15.06,15.10,24,13,closed,true
T002460,1780963200000,S2,cab,SITE3,V04,D0383,KA01AB1470,logout,1781026200000,1781026380000,27.39,29.44,4,2,closed,true
T002461,1788480000000,S3,cab,SITE3,V05,D0268,KA01AB0502,login,1788535800000,1788536040000,37.71,39.79,4,3,closed,true
T002462,1782691200000,S2,cab,SITE3,V10,D0238,KA01AB0237,logout,1782754200000,1782754320000,37.79,39.88,4,3,closed,true,UNEXPECTED_EXTRA_FIELD
T002463,1787184000000,S1,shuttle,SITE4,V12,D0399,KA01AB1950,login,1787193000000,1787193180000,40.41,44.99,24,3,closed,true
T002464,1783468800000,S1,shuttle,SITE4,V08,D0226,KA01AB1618,logout,1783510200000,1783510200000,19.25,19.99,24,22,closed,true
T002465,1787097600000,S1,nodal,SITE1,V04,D0196,KA01AB0658,logout,1787139000000,1787139180000,31.80,32.51,12,2,closed,true
T002466,1787616000000,S2,shuttle,SITE1,V03,D0033,KA01AB1909,logout,1787679000000,1787679060000,39.91,42.77,24,3,closed,true
T002467,1785542400000,S1,shuttle,SITE3,V04,D0284,KA01AB1356,logout,1785583800000,1785583980000,42.49,44.39,24,18,closed,true
T002468,1785369600000,S2,nodal,SITE3,V01,D0326,KA01AB0751,login,1785400200000,1785400320000,41.45,43.68,12,9,closed,true
T002469,1782950400000,S2,cab,SITE4,V03,D0375,KA01AB0892,logout,1783013400000,1783013640000,19.12,18.38,4,4,closed,true
T002470,1785974400000,S1,cab,SITE4,V11,D0130,KA01AB1807,logout,1786015800000,1786016280000,17.44,19.31,4,3,closed,true
T002471,1780790400000,S3,cab,SITE1,V01,D0017,KA01AB0736,logout,1780788600000,1780788840000,20.23,23.05,4,2,closed,true
T002472,1787270400000,S2,nodal,SITE1,V04,D0037,KA01AB0070,login,1787301000000,1787301060000,11.54,12.61,12,5,closed,true
T002473,1787616000000,S2,nodal,SITE4,V10,D0122,KA01AB1093,login,1787646600000,1787648280000,10.25,11.59,12,3,closed,true
T002474,1787356800000,S1,shuttle,SITE4,V06,D0357,KA01AB0357,login,1787365800000,1787365800000,13.89,14.30,24,15,closed,true
T002475,1784160000000,S1,cab,SITE2,V03,D0317,KA01AB1933,logout,1784201400000,1784201460000,21.76,24.71,4,3,closed,true
T002476,1785801600000,S2,shuttle,SITE2,V02,D0098,KA01AB1055,login,1785832200000,1785832260000,20.01,21.44,24,5,closed,true,UNEXPECTED_EXTRA_FIELD
T002477,1786233600000,S2,shuttle,SITE1,V09,D0369,KA01AB1584,login,1786264200000,1786264200000,30.93,34.67,24,7,closed,true
T002478,1782172800000,S3,cab,SITE1,V10,D0241,KA01AB1622,login,1782228600000,1782228780000,26.03,27.64,4,2,closed,true
T002479,1783555200000,S3,cab,SITE4,V06,D0212,KA01AB0729,login,1783611000000,1783611000000,15.51,17.26,4,4,closed,true
T002480,1782259200000,S3,shuttle,SITE3,V11,D0200,KA01AB1616,login,1782315000000,1782315000000,28.46,28.51,24,5,closed,true
T002481,1784764800000,S2,cab,SITE4,V06,D0194,KA01AB1933,logout,1784827800000,1784827800000,18.10,17.38,4,2,closed,true
T002482,1782259200000,S3,cab,SITE1,V05,D0081,KA01AB1217,login,1782315000000,1782315000000,13.05,13.03,4,3,closed,true
T002483,1785715200000,S1,cab,SITE1,V09,D0122,KA01AB0294,logout,1785756600000,1785756720000,24.89,25.53,4,2,closed,true
T002484,1787875200000,S3,nodal,SITE2,V01,D0380,KA01AB0017,logout,1787873400000,1787873400000,26.70,28.18,12,5,closed,true
T002485,1787270400000,S1,nodal,SITE1,V06,D0378,KA01AB0943,logout,1787311800000,1787311920000,23.56,22.53,12,12,closed,true
T002486,1786492800000,S2,cab,SITE1,V06,D0265,KA01AB1628,login,1786523400000,1786523460000,17.10,16.91,4,3,closed,true
T002487,1784764800000,S2,shuttle,SITE4,V08,D0236,KA01AB0011,logout,1784827800000,1784827980000,32.88,33.41,24,22,closed,true
T002488,1788048000000,S3,nodal,SITE4,V07,D0224,KA01AB0325,logout,1788046200000,1788048480000,16.22,18.13,12,12,closed,true
T002489,1781654400000,S1,shuttle,SITE2,V05,D0296,KA01AB1006,login,1781663400000,1781663520000,15.47,14.88,24,18,closed,true
T002490,1783036800000,S2,shuttle,SITE4,V08,D0208,KA01AB1169,logout,1783099800000,1783099920000,30.14,29.42,24,15,closed,true
T002491,1784937600000,S3,shuttle,SITE3,V03,D0004,KA01AB0469,logout,1784935800000,1784936040000,9.06,10.21,24,23,closed,true
T002492,1785801600000,S1,nodal,SITE2,V08,D0272,KA01AB1486,logout,1785843000000,1785843000000,39.96,41.59,12,6,closed,true
T002493,1781049600000,S2,shuttle,SITE1,V04,D0217,KA01AB0367,logout,1781112600000,1781112720000,30.93,35.53,24,4,closed,true
T002494,1782691200000,S2,cab,SITE4,V08,D0035,KA01AB1020,login,1782721800000,1782723660000,34.48,36.50,4,2,closed,true
T002495,1787875200000,S1,nodal,SITE3,V01,D0155,KA01AB1082,logout,1787916600000,1787916600000,40.76,43.08,12,3,closed,true
T002496,1784246400000,S2,cab,SITE2,V08,D0136,KA01AB0767,logout,1784309400000,1784309940000,36.90,40.98,4,3,closed,true
T002497,1782518400000,S2,shuttle,SITE2,V07,D0131,KA01AB0864,logout,1782581400000,1782581580000,29.69,29.78,24,11,closed,true
T002498,1784160000000,S2,cab,SITE3,V12,D0034,KA01AB1734,logout,1784223000000,1784223180000,19.80,18.87,4,3,closed,true
T002499,1782000000000,S3,cab,SITE4,V04,D0003,KA01AB1949,login,1782055800000,1782056040000,35.97,40.81,4,3,closed,true
T002500,1781740800000,S2,shuttle,SITE3,V08,D0277,KA01AB1946,login,1781771400000,1781771400000,12.19,12.52,24,24,closed,true
T002501,1788220800000,S3,nodal,SITE3,V06,D0261,KA01AB1020,logout,1788219000000,,33.58,35.01,12,10,open,true
T002502,1783468800000,S1,cab,SITE1,V12,D0108,KA01AB1619,logout,1783510200000,1783511100000,26.00,26.92,4,1,closed,true
T002503,1786579200000,S3,nodal,SITE2,V09,D0339,KA01AB0277,login,1786635000000,1786635120000,37.99,43.06,12,11,closed,true
T002504,1788480000000,S2,cab,SITE4,V03,D0084,KA01AB1763,logout,1788543000000,1788543180000,20.56,20.20,4,2,closed,true
T002505,1783814400000,S2,cab,SITE3,V07,D0186,KA01AB1661,logout,1783877400000,1783877520000,16.77,17.51,4,4,closed,true
T002506,1787270400000,S2,nodal,SITE3,V05,D0253,KA01AB0405,login,1787301000000,1787301120000,41.01,47.06,12,1,closed,true
T002507,1784332800000,S2,nodal,SITE1,V05,D0231,KA01AB1716,logout,1784395800000,1784395980000,16.14,18.04,12,11,closed,true
T002508,1783468800000,S1,nodal,SITE3,V10,D0001,KA01AB0459,login,1783477800000,1783477980000,34.93,36.45,12,7,closed,true
T002509,1786579200000,S2,shuttle,SITE3,V12,D0220,KA01AB0986,logout,1786642200000,1786642260000,8.68,8.62,24,23,closed,true
T002510,1783468800000,S2,cab,SITE2,V04,D0228,KA01AB0457,logout,1783531800000,1783531920000,16.18,15.51,4,3,closed,true
T002511,1783296000000,S1,nodal,SITE3,V04,D0002,KA01AB0307,logout,1783337400000,1783339500000,39.98,43.52,12,7,closed,true
T002512,1784851200000,S1,nodal,SITE4,V02,D0136,KA01AB1157,login,1784860200000,1784860200000,14.39,13.70,12,3,closed,true
T002513,1784505600000,S1,shuttle,SITE2,V05,D0094,KA01AB1443,login,1784514600000,1784514720000,32.01,32.59,24,4,closed,true
T002514,1784505600000,S3,nodal,SITE3,V07,D0226,KA01AB0546,logout,1784503800000,1784503920000,13.76,13.38,12,5,closed,true
T002515,1787529600000,S2,nodal,SITE4,V05,D0347,KA01AB1338,login,1787560200000,1787560860000,21.56,24.03,12,10,closed,true
T002516,1787788800000,S2,shuttle,SITE2,V11,D0049,KA01AB1101,login,1787819400000,1787819520000,10.40,11.29,24,11,closed,true
T002517,1786492800000,S1,nodal,SITE4,V11,D0223,KA01AB1704,login,1786501800000,1786502220000,40.89,40.76,12,1,closed,true
T002518,1782604800000,S1,nodal,SITE3,V02,D0010,KA01AB0355,login,1782613800000,1782614040000,19.93,21.63,12,8,closed,true
T002519,1783209600000,S2,nodal,SITE2,V02,D0071,KA01AB1043,login,1783240200000,1783241100000,35.95,35.80,12,10,closed,true
T002520,1787097600000,S2,cab,SITE4,V01,D0190,KA01AB1298,login,1787128200000,1787128200000,13.64,14.23,4,1,closed,true
T002521,1783814400000,S2,nodal,SITE2,V10,D0309,KA01AB1312,logout,1783877400000,1783877400000,10.47,11.16,12,2,closed,true
T002522,1781568000000,S2,cab,SITE1,V04,D0069,KA01AB1906,login,1781598600000,1781598780000,37.63,36.24,4,1,closed,true
T002523,1781222400000,S3,shuttle,SITE4,V05,D0317,KA01AB1863,login,1781278200000,1781280480000,42.55,47.83,24,7,closed,true
T002524,1787270400000,S2,cab,SITE2,V11,D0371,KA01AB1466,login,1787301000000,1787301060000,26.82,28.45,4,4,closed,true
T002525,1780876800000,S1,shuttle,SITE1,V07,D0235,KA01AB0255,logout,1780918200000,1780918320000,8.02,8.87,24,10,closed,true
T002526,1784937600000,S3,shuttle,SITE1,V07,D0353,KA01AB1859,logout,1784935800000,1784937120000,13.05,14.85,24,5,closed,true
T002527,1784505600000,S1,cab,SITE2,V09,D0336,KA01AB0273,login,1784514600000,1784514600000,33.53,33.81,4,3,closed,true
T002528,1786579200000,S1,shuttle,SITE3,V04,D0390,KA01AB1098,logout,1786620600000,1786620660000,37.63,38.73,24,24,closed,true
T002529,1786233600000,S2,cab,SITE3,V08,D0285,KA01AB0680,login,1786264200000,1786264200000,31.62,30.09,4,2,closed,true
T002530,1784160000000,S3,cab,SITE3,V03,D0311,KA01AB1788,login,1784215800000,1784218440000,30.22,31.05,4,1,closed,true
T002531,1783900800000,S1,shuttle,SITE4,V06,D0013,KA01AB1686,login,1783909800000,1783909860000,20.70,21.21,24,6,closed,true
T002532,1784937600000,S2,shuttle,SITE1,V03,D0373,KA01AB0073,login,1784968200000,1784968260000,12.60,14.24,24,14,closed,true
T002533,1786406400000,S1,shuttle,SITE3,V04,D0228,KA01AB1905,logout,1786447800000,1786447980000,17.02,18.66,24,10,closed,true
T002534,1788134400000,S2,cab,SITE3,V01,D0120,KA01AB0132,logout,1788197400000,1788198720000,25.40,28.67,4,1,closed,true
T002535,1786579200000,S2,nodal,SITE1,V03,D0339,KA01AB0076,logout,1786642200000,1786642200000,19.09,19.11,12,3,closed,true
T002536,1784332800000,S3,nodal,SITE4,V05,D0034,KA01AB0669,logout,1784331000000,1784331120000,37.56,42.86,12,1,closed,true
T002537,1782604800000,S1,nodal,SITE3,V03,D0079,KA01AB0335,logout,1782646200000,1782646260000,22.48,24.03,12,7,closed,true
T002538,1785283200000,S3,shuttle,SITE4,V03,D0157,KA01AB1256,login,1785339000000,1785339060000,11.99,11.45,24,15,closed,true
T002539,1785628800000,S3,cab,SITE4,V03,D0389,KA01AB1918,logout,1785627000000,,25.60,29.04,4,4,open,true
T002540,1785283200000,S3,shuttle,SITE2,V07,D0294,KA01AB0063,logout,1785281400000,1785281400000,12.50,13.14,24,8,closed,true
T002541,1784246400000,S1,nodal,SITE1,V06,D0265,KA01AB0549,login,1784255400000,1784255460000,15.85,15.23,12,3,closed,true
T002542,1780790400000,S2,cab,SITE4,V09,D0100,KA01AB1045,login,1780821000000,1780821060000,13.09,12.44,4,2,closed,true
T002543,1786492800000,S3,cab,SITE3,V01,D0077,KA01AB1474,login,1786548600000,1786548660000,40.27,38.32,4,4,closed,true
T002544,1780963200000,S3,shuttle,SITE3,V02,D0247,KA01AB1506,login,1781019000000,1781019120000,29.75,28.31,24,5,closed,true
T002545,1787184000000,S3,nodal,SITE4,V05,D0007,KA01AB1840,login,1787239800000,1787239920000,28.21,27.64,12,7,closed,true
T002546,1783468800000,S1,nodal,SITE4,V12,D0167,KA01AB1406,logout,1783510200000,1783510200000,42.63,42.46,12,3,closed,true
T002547,1785456000000,S3,cab,SITE4,V10,D0102,KA01AB1391,logout,1785454200000,1785454440000,36.64,37.90,4,2,closed,true
T002548,1782259200000,S3,nodal,SITE4,V09,D0177,KA01AB1465,login,1782315000000,1782315240000,37.04,38.33,12,1,closed,true
T002549,1781049600000,S1,shuttle,SITE4,V02,D0193,KA01AB0209,login,1781058600000,1781058720000,20.54,23.51,24,15,closed,true
T002550,1786060800000,S2,nodal,SITE2,V11,D0162,KA01AB0580,login,1786091400000,1786091460000,9.44,9.44,12,9,closed,true
T002551,1784160000000,S1,shuttle,SITE4,V05,D0205,KA01AB1675,logout,1784201400000,1784201580000,26.97,29.96,24,1,closed,true
T002552,1787356800000,S3,shuttle,SITE3,V04,D0212,KA01AB1257,login,1787412600000,1787412600000,10.95,11.06,24,5,closed,true
T002553,1784678400000,S1,shuttle,SITE1,V08,D0216,KA01AB0281,logout,1784719800000,1784720040000,14.98,16.64,24,24,closed,true
T002554,1781827200000,S1,shuttle,SITE4,V06,D0114,KA01AB0412,logout,1781868600000,1781868600000,41.75,43.44,24,19,closed,true
T002555,1788048000000,S1,nodal,SITE4,V08,D0069,KA01AB0471,logout,1788089400000,1788089400000,21.91,25.12,12,2,closed,true
T002556,1781395200000,S1,shuttle,SITE4,V04,D0190,KA01AB1312,logout,1781436600000,1781436780000,34.99,34.91,24,14,closed,true
T002557,1782777600000,S2,nodal,SITE2,V05,D0045,KA01AB0564,logout,1782840600000,1782840660000,28.26,29.22,12,2,closed,true
T002558,1785801600000,S2,shuttle,SITE3,V06,D0158,KA01AB0800,logout,1785864600000,1785864600000,30.14,32.78,24,18,closed,true
T002559,1786924800000,S3,shuttle,SITE3,V09,D0281,KA01AB1223,logout,1786923000000,1786923780000,40.45,43.74,24,14,closed,true
T002560,1783555200000,S2,cab,SITE1,V04,D0238,KA01AB1177,logout,1783618200000,1783618380000,20.22,19.39,4,4,closed,true
T002561,1781136000000,S3,shuttle,SITE3,V03,D0033,KA01AB1877,logout,1781134200000,1781134620000,15.74,17.48,24,15,closed,true
T002562,1786838400000,S3,cab,SITE2,V06,D0196,KA01AB1716,login,1786894200000,1786894440000,14.14,15.16,4,4,closed,true
T002563,1788393600000,S2,shuttle,SITE4,V12,D0010,KA01AB0221,login,1788424200000,1788424320000,33.97,32.74,24,17,closed,true
T002564,1783987200000,S2,shuttle,SITE4,V03,D0115,KA01AB0569,logout,1784050200000,1784050260000,23.24,22.71,24,20,closed,true
T002565,1784332800000,S3,shuttle,SITE4,V06,D0306,KA01AB0789,login,1784388600000,1784389260000,39.40,45.04,24,10,closed,true
T002566,1785715200000,S1,shuttle,SITE3,V02,D0140,KA01AB1691,login,1785724200000,1785724440000,35.57,37.99,24,10,closed,true
T002567,1781308800000,S1,nodal,SITE3,V12,D0107,KA01AB1654,login,1781317800000,1781317860000,34.00,33.32,12,12,closed,true
T002568,1782950400000,S3,shuttle,SITE4,V03,D0195,KA01AB0732,logout,1782948600000,1782948660000,34.97,38.38,24,19,closed,true
T002569,1784419200000,S2,shuttle,SITE4,V12,D0101,KA01AB1437,logout,1784482200000,1784482200000,25.09,26.09,24,3,closed,true
T002570,1784332800000,S1,cab,SITE2,V11,D0150,KA01AB0712,logout,1784374200000,1784374320000,24.17,27.16,4,2,closed,true
T002571,1781654400000,S1,nodal,SITE1,V06,D0152,KA01AB1047,login,1781663400000,1781663400000,21.10,20.36,12,7,closed,true
T002572,1783555200000,S1,shuttle,SITE1,V03,D0337,KA01AB0487,login,1783564200000,1783564440000,14.00,15.72,24,8,closed,true
T002573,1781568000000,S3,cab,SITE1,V05,D0063,KA01AB0886,logout,1781566200000,1781567820000,28.24,32.33,4,4,closed,true
T002574,1786233600000,S3,nodal,SITE2,V06,D0297,KA01AB0781,logout,1786231800000,1786231920000,35.21,35.30,12,11,closed,true
T002575,1784073600000,S2,shuttle,SITE2,V05,D0234,KA01AB1677,logout,1784136600000,1784136780000,37.42,41.74,24,10,closed,true
T002576,1783641600000,S3,shuttle,SITE1,V06,D0064,KA01AB1918,login,1783697400000,1783697520000,31.09,30.47,24,13,closed,true
T002577,1784764800000,S1,nodal,SITE4,V12,D0332,KA01AB0376,login,1784773800000,1784773980000,38.01,39.87,12,10,closed,true
T002578,1784937600000,S1,nodal,SITE4,V09,D0287,KA01AB0381,login,1784946600000,1784946600000,25.27,28.90,12,7,closed,true
T002579,1784851200000,S1,cab,SITE2,V10,D0369,KA01AB1965,login,1784860200000,1784860320000,23.66,25.24,4,3,closed,true
T002580,1787184000000,S2,nodal,SITE1,V03,D0215,KA01AB0638,login,1787214600000,1787214840000,27.78,26.62,12,3,closed,true
T002581,1784332800000,S1,shuttle,SITE1,V07,D0136,KA01AB1209,login,1784341800000,1784341800000,9.50,10.08,24,14,closed,true
T002582,1786924800000,S1,nodal,SITE2,V07,D0070,KA01AB0894,logout,1786966200000,1786966380000,25.63,28.41,12,3,closed,true
T002583,1788393600000,S2,cab,SITE2,V06,D0292,KA01AB1397,logout,1788456600000,1788457320000,28.87,27.50,4,4,closed,true
T002584,1784419200000,S1,cab,SITE2,V03,D0100,KA01AB0364,logout,1784460600000,1784460600000,31.62,34.69,4,3,closed,true
T002585,1781308800000,S2,cab,SITE1,V01,D0119,KA01AB1765,login,1781339400000,1781339640000,33.65,37.45,4,1,closed,true
T002586,1783641600000,S3,shuttle,SITE1,V06,D0107,KA01AB1047,logout,1783639800000,1783639800000,35.81,36.60,24,11,closed,true
T002587,1782345600000,S2,nodal,SITE4,V04,D0078,KA01AB0465,login,1782376200000,1782376260000,31.81,32.34,12,7,closed,true
T002588,1787529600000,S2,shuttle,SITE3,V04,D0248,KA01AB1869,logout,1787592600000,1787592660000,28.69,29.38,24,8,closed,true
T002589,1781827200000,S3,cab,SITE1,V02,D0381,KA01AB1543,login,1781883000000,1781883000000,12.79,12.61,4,3,closed,true
T002590,1785542400000,S2,cab,SITE1,V09,D0033,KA01AB0385,logout,1785605400000,1785605940000,23.29,23.22,4,4,closed,true
T002591,1788393600000,S1,cab,SITE3,V02,D0341,KA01AB0531,logout,1788435000000,1788435060000,36.30,38.87,4,3,closed,true
T002592,1782259200000,S1,cab,SITE2,V03,D0181,KA01AB0776,logout,1782300600000,1782300780000,35.26,39.61,4,3,closed,true
T002593,1788048000000,S3,shuttle,SITE3,V12,D0130,KA01AB0499,login,1788103800000,1788104040000,30.83,35.33,24,23,closed,true
T002594,1784851200000,S1,nodal,SITE2,V12,D0173,KA01AB0974,logout,1784892600000,1784892780000,24.47,25.25,12,3,closed,true
T002595,1785283200000,S3,cab,SITE4,V02,D0173,KA01AB1828,login,1785339000000,1785339180000,39.40,38.87,4,3,closed,true
T002596,1783209600000,S1,cab,SITE1,V12,D0092,KA01AB1574,logout,1783251000000,1783251240000,24.33,27.71,4,3,closed,true
T002597,1782259200000,S1,cab,SITE1,V04,D0276,KA01AB1216,logout,1782300600000,1782300600000,13.88,15.81,4,2,closed,true
T002598,1782345600000,S1,nodal,SITE1,V12,D0190,KA01AB0291,login,1782354600000,1782355740000,13.31,13.16,12,1,closed,true
T002599,1787184000000,S1,shuttle,SITE3,V09,D0373,KA01AB0217,logout,1787225400000,1787225640000,30.94,33.94,24,22,closed,true
T002600,1786579200000,S2,nodal,SITE4,V02,D0147,KA01AB1060,login,1786609800000,1786609800000,42.48,48.33,12,3,closed,true
T002601,1787616000000,S2,cab,SITE2,V05,D0321,KA01AB0186,logout,1787679000000,1787679000000,40.98,41.47,4,2,closed,true
T002602,1786320000000,S1,cab,SITE2,V02,D0213,KA01AB1933,login,1786329000000,1786329000000,33.99,33.32,4,2,closed,true
T002603,1788048000000,S1,nodal,SITE2,V06,D0253,KA01AB0763,logout,1788089400000,1788089640000,17.31,17.31,12,1,closed,true
T002604,1784505600000,S3,shuttle,SITE1,V08,D0178,KA01AB0969,logout,1784503800000,1784503920000,34.98,36.86,24,22,closed,true
T002605,1782172800000,S1,cab,SITE4,V11,D0090,KA01AB1886,logout,1782214200000,1782214380000,18.31,18.49,4,4,closed,true
T002606,1786406400000,S1,nodal,SITE2,V01,D0005,KA01AB0510,login,1786415400000,1786415640000,30.50,34.46,12,8,closed,true
T002607,1782604800000,S1,nodal,SITE1,V09,D0142,KA01AB1786,logout,1782646200000,1782646440000,27.50,28.48,12,8,closed,true
T002608,1783036800000,S2,cab,SITE4,V12,D0344,KA01AB0192,logout,1783099800000,1783099860000,15.95,17.09,4,1,closed,true
T002609,1786838400000,S2,shuttle,SITE2,V09,D0179,KA01AB0964,login,1786869000000,1786869180000,12.95,14.15,24,15,closed,true
T002610,1782604800000,S1,shuttle,SITE3,V04,D0302,KA01AB1819,logout,1782646200000,1782646380000,27.52,28.46,24,4,closed,true
T002611,1780790400000,S1,cab,SITE4,V10,D0184,KA01AB0176,logout,1780831800000,1780831860000,17.89,17.90,4,1,closed,true
T002612,1781740800000,S2,cab,SITE4,V05,D0209,KA01AB0394,logout,1781803800000,1781803980000,12.18,12.48,4,2,closed,true
T002613,1788393600000,S2,nodal,SITE2,V12,D0238,KA01AB0779,logout,1788456600000,1788456780000,42.61,45.54,12,5,closed,true
T002614,1785110400000,S3,shuttle,SITE1,V12,D0144,KA01AB0607,login,1785166200000,1785166200000,19.80,19.48,24,16,closed,true
T002615,1782345600000,S2,nodal,SITE3,V01,D0200,KA01AB0526,logout,1782408600000,1782408780000,13.99,14.92,12,11,closed,true
T002616,1787270400000,S1,nodal,SITE3,V06,D0048,KA01AB0350,logout,1787311800000,1787312040000,21.18,21.64,12,5,closed,true
T002617,1787443200000,S1,cab,SITE2,V10,D0336,KA01AB1428,login,1787452200000,1787452440000,29.64,31.84,4,3,closed,true
T002618,1781222400000,S2,cab,SITE1,V03,D0224,KA01AB0574,login,1781253000000,1781253180000,39.25,38.83,4,2,closed,true
T002619,1783296000000,S3,cab,SITE2,V10,D0126,KA01AB1788,login,1783351800000,1783351860000,39.69,38.78,4,3,closed,true
T002620,1782345600000,S1,cab,SITE2,V10,D0101,KA01AB1746,logout,1782387000000,1782387480000,17.89,19.12,4,1,closed,true
T002621,1787702400000,S2,cab,SITE2,V03,D0245,KA01AB0899,login,1787733000000,1787733120000,29.76,33.16,4,1,closed,true
T002622,1782604800000,S3,shuttle,SITE4,V08,D0302,KA01AB1346,login,1782660600000,1782660780000,41.72,43.28,24,4,closed,true
T002623,1781308800000,S2,cab,SITE3,V11,D0093,KA01AB0854,logout,1781371800000,1781371920000,29.71,33.88,4,1,closed,true
T002624,1782691200000,S1,nodal,SITE1,V02,D0035,KA01AB0705,logout,1782732600000,1782732720000,29.39,32.62,12,5,closed,true
T002625,1781136000000,S2,cab,SITE4,V08,D0132,KA01AB1182,login,1781166600000,1781166600000,9.69,10.55,4,3,closed,true
T002626,1783900800000,S1,cab,SITE4,V11,D0368,KA01AB1328,login,1783909800000,,22.18,22.88,4,2,open,true,UNEXPECTED_EXTRA_FIELD
T002627,1783382400000,S1,cab,SITE1,V07,D0135,KA01AB1966,login,1783391400000,1783391520000,39.39,44.63,4,3,closed,true
T002628,1783987200000,S2,nodal,SITE4,V11,D0177,KA01AB0041,logout,1784050200000,1784050260000,10.03,9.89,12,8,closed,true
T002629,1781395200000,S3,cab,SITE4,V06,D0392,KA01AB0378,logout,1781393400000,1781393580000,37.61,39.09,4,4,closed,true
T002630,1783555200000,S1,cab,SITE2,V10,D0279,KA01AB1332,login,1783564200000,,28.01,31.23,4,4,open,true
T002631,1781827200000,S1,shuttle,SITE2,V12,D0387,KA01AB1693,logout,1781868600000,1781868660000,36.73,37.61,24,5,closed,true
T002632,1781049600000,S2,shuttle,SITE4,V06,D0323,KA01AB0571,logout,1781112600000,1781112600000,16.81,18.29,24,8,closed,true
T002633,1785110400000,S1,nodal,SITE4,V12,D0093,KA01AB0854,login,1785119400000,1785119640000,15.75,17.53,12,6,closed,true
T002634,1780876800000,S1,cab,SITE3,V12,D0037,KA01AB0034,login,1780885800000,1780886040000,40.55,43.63,4,2,closed,true
T002635,1782172800000,S2,shuttle,SITE1,V05,D0372,KA01AB0179,login,1782203400000,1782203640000,40.94,42.02,24,24,closed,true
T002636,1785283200000,S1,cab,SITE1,V02,D0137,KA01AB1280,logout,1785324600000,1785324840000,28.14,29.71,4,2,closed,true
T002637,1782518400000,S3,shuttle,SITE2,V09,D0163,KA01AB0474,login,1782574200000,1782574440000,39.43,39.09,24,20,closed,true
T002638,1780790400000,S2,shuttle,SITE2,V11,D0255,KA01AB0335,login,1780821000000,1780821120000,39.69,41.51,24,19,closed,true
T002639,1782432000000,S2,cab,SITE4,V11,D0067,KA01AB1917,login,1782462600000,1782462780000,16.26,17.53,4,3,closed,true
T002640,1787875200000,S2,cab,SITE3,V02,D0181,KA01AB1596,logout,1787938200000,1787938200000,9.37,10.24,4,2,closed,true
T002641,1780876800000,S3,nodal,SITE2,V10,D0093,KA01AB1995,logout,1780875000000,1780875060000,15.67,15.39,12,2,closed,true
T002642,1787529600000,S3,shuttle,SITE3,V09,D0227,KA01AB1387,login,1787585400000,1787585460000,39.13,42.04,24,8,closed,true
T002643,1787961600000,S1,cab,SITE1,V03,D0083,KA01AB1087,login,1787970600000,1787970660000,18.61,20.32,4,3,closed,true
T002644,1781308800000,S2,shuttle,SITE2,V02,D0145,KA01AB1106,login,1781339400000,1781339520000,42.62,48.91,24,16,closed,true
T002645,1782950400000,S1,nodal,SITE1,V02,D0258,KA01AB1653,login,1782959400000,,25.05,27.22,12,10,open,true
T002646,1788480000000,S1,nodal,SITE4,V12,D0108,KA01AB1027,login,1788489000000,1788490020000,18.42,20.12,12,8,closed,true
T002647,1785283200000,S3,cab,SITE4,V11,D0175,KA01AB0186,login,1785339000000,1785339600000,35.69,39.96,4,3,closed,true
T002648,1785196800000,S1,cab,SITE2,V02,D0387,KA01AB1957,login,1785205800000,1785205920000,24.97,26.04,4,2,closed,true
T002649,1786924800000,S2,cab,SITE1,V05,D0152,KA01AB1557,login,1786955400000,1786955580000,19.39,18.83,4,2,closed,true
T002650,1788307200000,S3,cab,SITE2,V04,D0156,KA01AB0204,logout,1788305400000,1788307500000,14.83,16.70,4,1,closed,true
T002651,1784246400000,S3,shuttle,SITE2,V06,D0349,KA01AB1384,login,1784302200000,1784302380000,40.14,44.93,24,15,closed,true
T002652,1784246400000,S2,nodal,SITE4,V01,D0325,KA01AB1723,login,1784277000000,1784277180000,15.46,14.75,12,7,closed,true
T002653,1782864000000,S3,nodal,SITE2,V12,D0175,KA01AB0586,logout,1782862200000,1782862440000,39.54,39.41,12,11,closed,true
T002654,1784246400000,S1,shuttle,SITE4,V03,D0050,KA01AB1798,logout,1784287800000,1784287980000,28.89,31.59,24,10,closed,true
T002655,1780876800000,S3,cab,SITE2,V03,D0360,KA01AB1458,login,1780932600000,1780932840000,11.72,11.73,4,1,closed,true
T002656,1784937600000,S1,nodal,SITE1,V07,D0299,KA01AB1741,login,1784946600000,1784946720000,27.80,26.41,12,11,closed,true
T002657,1784073600000,S1,nodal,SITE3,V09,D0130,KA01AB0613,logout,1784115000000,1784115060000,22.77,24.70,12,11,closed,true
T002658,1788134400000,S1,nodal,SITE1,V06,D0053,KA01AB0993,logout,1788175800000,1788175860000,37.44,42.18,12,9,closed,true
T002659,1785369600000,S1,shuttle,SITE3,V01,D0282,KA01AB1451,login,1785378600000,1785378600000,25.82,26.51,24,4,closed,true
T002660,1784073600000,S1,shuttle,SITE2,V05,D0225,KA01AB0675,login,1784082600000,1784082840000,39.83,43.99,24,18,closed,true
T002661,1787097600000,S2,shuttle,SITE4,V01,D0324,KA01AB0353,login,1787128200000,1787128440000,21.99,21.54,24,15,closed,true
T002662,1781481600000,S3,cab,SITE2,V10,D0083,KA01AB0202,login,1781537400000,1781537520000,39.99,39.61,4,1,closed,true
T002663,1784332800000,S3,nodal,SITE1,V04,D0265,KA01AB0567,login,1784388600000,1784388720000,35.79,34.58,12,6,closed,true
T002664,1787097600000,S3,nodal,SITE1,V09,D0309,KA01AB1646,login,1787153400000,1787153880000,37.97,40.02,12,5,closed,true
T002665,1784332800000,S2,nodal,SITE3,V03,D0004,KA01AB1974,login,1784363400000,1784363640000,41.54,41.33,12,8,closed,true
T002666,1785196800000,S2,nodal,SITE3,V05,D0214,KA01AB1632,logout,1785259800000,1785262320000,9.26,10.28,12,10,closed,true
T002667,1785110400000,S2,nodal,SITE2,V07,D0355,KA01AB0451,logout,1785173400000,1785173580000,27.26,30.14,12,12,closed,true
T002668,1787356800000,S1,cab,SITE3,V02,D0380,KA01AB0356,logout,1787398200000,1787398380000,11.29,12.77,4,4,closed,true
T002669,1787011200000,S1,nodal,SITE3,V03,D0109,KA01AB1141,logout,1787052600000,1787052660000,23.92,24.31,12,5,closed,true
T002670,1781740800000,S3,nodal,SITE2,V08,D0306,KA01AB0190,logout,1781739000000,1781739000000,14.32,16.45,12,9,closed,true
T002671,1780790400000,S1,cab,SITE2,V03,D0217,KA01AB1617,logout,1780831800000,1780833180000,26.90,29.37,4,2,closed,true,UNEXPECTED_EXTRA_FIELD
T002672,1785888000000,S1,nodal,SITE2,V11,D0324,KA01AB1989,login,1785897000000,1785897120000,42.51,48.51,12,9,closed,true
T002673,1787270400000,S3,cab,SITE3,V11,D0347,KA01AB1821,logout,1787268600000,1787268600000,8.94,9.03,4,3,closed,true
T002674,1787184000000,S1,cab,SITE1,V01,D0200,KA01AB0900,logout,1787225400000,1787225580000,12.88,13.58,4,4,closed,true
T002675,1782345600000,S1,shuttle,SITE1,V05,D0316,KA01AB1761,login,1782354600000,1782354840000,30.58,32.81,24,18,closed,true
T002676,1787875200000,S2,shuttle,SITE3,V04,D0050,KA01AB0566,login,1787905800000,1787905860000,18.91,18.30,24,18,closed,true
T002677,1788393600000,S3,shuttle,SITE1,V01,D0028,KA01AB1242,logout,1788391800000,1788391800000,34.81,39.98,24,23,closed,true
T002678,1781740800000,S1,shuttle,SITE1,V01,D0398,KA01AB0048,logout,1781782200000,1781782440000,10.33,11.24,24,17,closed,true
T002679,1783382400000,S2,cab,SITE4,V05,D0242,KA01AB1424,logout,1783445400000,1783445640000,15.21,16.34,4,2,closed,true
T002680,1783382400000,S2,shuttle,SITE2,V05,D0305,KA01AB1160,login,1783413000000,1783413120000,30.97,32.66,24,4,closed,true
T002681,1783728000000,S2,shuttle,SITE3,V08,D0392,KA01AB1077,login,1783758600000,1783758660000,38.34,40.10,24,24,closed,true
T002682,1785196800000,S1,shuttle,SITE1,V01,D0268,KA01AB1973,login,1785205800000,1785205800000,16.36,16.93,24,15,closed,true
T002683,1788393600000,S2,cab,SITE1,V07,D0379,KA01AB1746,logout,1788456600000,1788459000000,14.16,14.02,4,2,closed,true
T002684,1782950400000,S1,cab,SITE3,V02,D0129,KA01AB1038,logout,1782991800000,1782991980000,8.82,10.02,4,1,closed,true
T002685,1785628800000,S1,shuttle,SITE4,V10,D0266,KA01AB0331,logout,1785670200000,1785670200000,33.09,35.10,24,3,closed,true
T002686,1782086400000,S1,nodal,SITE3,V10,D0264,KA01AB1999,logout,1782127800000,1782128040000,15.54,15.84,12,9,closed,true
T002687,1784764800000,S3,cab,SITE1,V08,D0100,KA01AB0633,login,1784820600000,1784822640000,13.80,15.12,4,1,closed,true,UNEXPECTED_EXTRA_FIELD
T002688,1785110400000,S1,shuttle,SITE1,V06,D0190,KA01AB1810,logout,1785151800000,1785151980000,14.40,16.34,24,20,closed,true
T002689,1783468800000,S1,shuttle,SITE1,V10,D0001,KA01AB1112,logout,1783510200000,1783510260000,16.47,16.38,24,8,closed,true
T002690,1784937600000,S2,shuttle,SITE1,V11,D0207,KA01AB1272,logout,1785000600000,1785000600000,14.33,15.90,24,5,closed,true
T002691,1785283200000,S1,cab,SITE4,V08,D0119,KA01AB1464,logout,1785324600000,1785324660000,16.97,17.53,4,3,closed,true
T002692,1786752000000,S1,shuttle,SITE2,V07,D0347,KA01AB1010,logout,1786793400000,1786793400000,31.26,35.47,24,21,closed,true
T002693,1788480000000,S1,cab,SITE3,V11,D0116,KA01AB0776,login,1788489000000,1788489120000,26.19,28.34,4,1,closed,true
T002694,1782000000000,S2,shuttle,SITE4,V05,D0032,KA01AB0513,login,1782030600000,1782031740000,29.34,33.71,24,15,closed,true
T002695,1782864000000,S3,nodal,SITE2,V08,D0145,KA01AB0897,logout,1782862200000,1782864480000,38.76,38.68,12,11,closed,true
T002696,1787356800000,S3,cab,SITE1,V02,D0208,KA01AB0999,logout,1787355000000,1787355240000,29.48,28.79,4,3,closed,true
T002697,1786406400000,S1,cab,SITE4,V11,D0237,KA01AB1685,logout,1786447800000,1786447920000,19.33,20.65,4,2,closed,true
T002698,1788220800000,S1,nodal,SITE1,V07,D0139,KA01AB1739,login,1788229800000,1788230040000,28.23,30.95,12,6,closed,true
T002699,1787184000000,S1,nodal,SITE2,V04,D0082,KA01AB0412,login,1787193000000,1787193240000,32.14,36.54,12,2,closed,true
T002700,1787270400000,S3,shuttle,SITE1,V09,D0355,KA01AB1236,login,1787326200000,1787326200000,40.64,38.71,24,7,closed,true
T002701,1781568000000,S1,shuttle,SITE2,V06,D0269,KA01AB1758,login,1781577000000,1781577240000,22.65,24.11,24,20,closed,true
T002702,1786147200000,S2,cab,SITE3,V07,D0219,KA01AB0975,logout,1786210200000,1786210320000,9.09,9.89,4,4,closed,false
T002703,1783555200000,S3,cab,SITE3,V01,D0369,KA01AB1364,login,1783611000000,1783611060000,38.23,39.16,4,3,closed,true
T002704,1786752000000,S1,cab,SITE2,V02,D0392,KA01AB1126,logout,1786793400000,1786793400000,18.44,18.88,4,2,closed,true
T002705,1784678400000,S3,cab,SITE1,V12,D0324,KA01AB1567,logout,1784676600000,1784676780000,21.42,24.19,4,1,closed,true
T002706,1781136000000,S3,nodal,SITE2,V10,D0301,KA01AB1064,login,1781191800000,1781192040000,28.83,32.20,12,5,closed,true
T002707,1782259200000,S1,nodal,SITE2,V09,D0201,KA01AB1891,logout,1782300600000,1782300780000,37.66,37.21,12,1,closed,true
T002708,1783468800000,S2,shuttle,SITE2,V07,D0124,KA01AB1376,login,1783499400000,1783499580000,42.22,45.74,24,23,closed,true
T002709,1786233600000,S2,shuttle,SITE2,V09,D0329,KA01AB0442,logout,1786296600000,1786296720000,41.97,41.71,24,4,closed,true
T002710,1783382400000,S3,nodal,SITE4,V12,D0345,KA01AB0687,login,1783438200000,1783438200000,35.59,38.59,12,1,closed,true
T002711,1782432000000,S3,cab,SITE2,V02,D0385,KA01AB0277,login,1782487800000,1782487920000,30.33,34.12,4,2,closed,true
T002712,1788220800000,S1,nodal,SITE1,V10,D0230,KA01AB0074,login,1788229800000,1788229860000,32.28,35.92,12,8,closed,true
T002713,1783382400000,S1,shuttle,SITE1,V09,D0053,KA01AB0658,logout,1783423800000,1783423920000,20.21,20.29,24,3,closed,true
T002714,1782950400000,S3,shuttle,SITE2,V09,D0036,KA01AB1163,logout,1782948600000,1782948720000,32.24,34.63,24,21,closed,true
T002715,1780963200000,S1,cab,SITE3,V03,D0313,KA01AB0459,logout,1781004600000,1781004840000,17.06,18.38,4,1,closed,true
T002716,1784332800000,S1,shuttle,SITE1,V06,D0362,KA01AB1037,login,1784341800000,1784344440000,9.84,9.77,24,22,closed,true
T002717,1786492800000,S1,shuttle,SITE2,V06,D0061,KA01AB0519,login,1786501800000,1786501800000,10.49,10.86,24,11,closed,true
T002718,1787097600000,S1,nodal,SITE4,V06,D0165,KA01AB0091,logout,1787139000000,1787139120000,32.70,31.24,12,1,closed,true
T002719,1788393600000,S3,cab,SITE3,V11,D0220,KA01AB0393,login,1788449400000,1788449580000,12.19,12.37,4,2,closed,true
T002720,1780876800000,S2,cab,SITE4,V05,D0146,KA01AB1107,login,1780907400000,1780907640000,38.39,36.95,4,1,closed,true,UNEXPECTED_EXTRA_FIELD
T002721,1787443200000,S1,cab,SITE1,V06,D0089,KA01AB0476,logout,1787484600000,1787484840000,21.24,22.28,4,1,closed,true
T002722,1786752000000,S1,cab,SITE3,V08,D0339,KA01AB0739,logout,1786793400000,1786795320000,12.49,13.05,4,3,closed,true
T002723,1781654400000,S1,shuttle,SITE3,V08,D0347,KA01AB0225,login,1781663400000,1781665380000,38.41,44.02,24,23,closed,true
T002724,1785715200000,S2,shuttle,SITE4,V06,D0295,KA01AB1976,login,1785745800000,1785746040000,37.68,41.92,24,21,closed,true
T002725,1784332800000,S2,cab,SITE3,V11,D0377,KA01AB1133,logout,1784395800000,1784395920000,17.65,18.41,4,2,closed,true
T002726,1787097600000,S2,cab,SITE4,V02,D0173,KA01AB1059,logout,1787160600000,1787160780000,31.22,34.11,4,3,closed,true
T002727,1785456000000,S1,nodal,SITE2,V06,D0095,KA01AB1824,login,1785465000000,1785465120000,40.80,46.50,12,7,closed,true
T002728,1782691200000,S1,shuttle,SITE2,V01,D0172,KA01AB1434,logout,1782732600000,1782733560000,17.54,19.54,24,8,closed,true
T002729,1783728000000,S1,nodal,SITE3,V05,D0044,KA01AB1710,login,1783737000000,1783737060000,33.82,38.50,12,9,closed,true
T002730,1785196800000,S1,shuttle,SITE2,V06,D0289,KA01AB1194,logout,1785238200000,1785238380000,8.98,9.99,24,24,closed,true
T002731,1782172800000,S3,cab,SITE2,V10,D0247,KA01AB0116,logout,1782171000000,1782173040000,34.32,39.19,4,1,closed,true
T002732,1784332800000,S2,shuttle,SITE2,V02,D0376,KA01AB1664,logout,1784395800000,1784396040000,12.44,11.88,24,11,closed,true
T002733,1784764800000,S1,shuttle,SITE3,V11,D0004,KA01AB1940,login,1784773800000,1784773860000,28.27,28.08,24,8,closed,true
T002734,1784505600000,S2,cab,SITE4,V07,D0222,KA01AB1819,login,1784536200000,1784536200000,28.78,32.22,4,4,closed,true
T002735,1787961600000,S2,nodal,SITE1,V04,D0017,KA01AB1756,logout,1788024600000,1788024660000,18.35,17.70,12,3,closed,true
T002736,1781654400000,S1,nodal,SITE2,V10,D0221,KA01AB0933,login,1781663400000,1781665020000,18.76,18.91,12,6,closed,true
T002737,1785974400000,S2,cab,SITE3,V08,D0288,KA01AB0518,logout,1786037400000,1786037640000,12.54,12.04,4,4,closed,true
T002738,1787097600000,S3,nodal,SITE1,V11,D0109,KA01AB0359,login,1787153400000,1787153400000,41.25,41.47,12,3,closed,true
T002739,1784073600000,S3,nodal,SITE1,V12,D0306,KA01AB0131,logout,1784071800000,1784071980000,18.61,19.79,12,10,closed,true
T002740,1788220800000,S1,cab,SITE4,V06,D0368,KA01AB0693,logout,1788262200000,1788262260000,28.01,32.07,4,1,closed,true
T002741,1788480000000,S2,shuttle,SITE3,V02,D0045,KA01AB0481,logout,1788543000000,1788543240000,33.94,35.35,24,1,closed,true
T002742,1783296000000,S2,shuttle,SITE4,V01,D0016,KA01AB0374,login,1783326600000,1783326660000,17.29,18.93,24,12,closed,true
T002743,1782691200000,S1,nodal,SITE2,V08,D0000,KA01AB0158,login,1782700200000,1782700260000,34.54,34.19,12,5,closed,true
T002744,1788480000000,S1,shuttle,SITE1,V01,D0253,KA01AB0640,logout,1788521400000,1788521460000,29.49,28.72,24,2,closed,true
T002745,1782864000000,S3,shuttle,SITE2,V12,D0023,KA01AB0669,login,1782919800000,1782920940000,29.64,32.45,24,19,closed,true
T002746,1783036800000,S1,cab,SITE1,V08,D0170,KA01AB1904,login,1783045800000,1783045980000,19.51,21.97,4,3,closed,true
T002747,1784851200000,S3,shuttle,SITE1,V06,D0367,KA01AB0348,logout,1784849400000,1784849460000,28.30,32.43,24,7,closed,true
T002748,1784246400000,S3,shuttle,SITE4,V10,D0164,KA01AB0693,logout,1784244600000,1784245080000,41.72,46.03,24,19,closed,false
T002749,1785542400000,S2,shuttle,SITE1,V08,D0383,KA01AB1340,login,1785573000000,1785573000000,28.54,32.20,24,11,closed,true
T002750,1786233600000,S3,nodal,SITE1,V07,D0005,KA01AB1294,logout,1786231800000,1786231980000,15.14,14.44,12,1,closed,true
T002751,1781049600000,S1,shuttle,SITE3,V10,D0105,KA01AB1332,login,1781058600000,1781059680000,23.11,26.51,24,17,closed,true
T002752,1780963200000,S2,nodal,SITE4,V09,D0024,KA01AB1890,login,1780993800000,1780993980000,9.33,9.86,12,9,closed,true
T002753,1785715200000,S2,cab,SITE1,V09,D0364,KA01AB0937,login,1785745800000,1785745920000,38.73,39.86,4,3,closed,true
T002754,1784160000000,S1,nodal,SITE2,V09,D0318,KA01AB1090,logout,1784201400000,1784201520000,33.56,38.54,12,11,closed,true
T002755,1786838400000,S3,cab,SITE3,V05,D0382,KA01AB1650,logout,1786836600000,1786836780000,32.02,32.89,4,4,closed,true
T002756,1783296000000,S2,shuttle,SITE4,V07,D0170,KA01AB0816,logout,1783359000000,1783359180000,41.31,40.00,24,2,closed,true
T002757,1787097600000,S2,cab,SITE1,V12,D0184,KA01AB1272,login,1787128200000,1787128200000,34.07,34.81,4,4,closed,true
T002758,1781395200000,S3,nodal,SITE2,V10,D0170,KA01AB1553,logout,1781393400000,1781393640000,33.79,32.28,12,3,closed,true
T002759,1782172800000,S1,cab,SITE1,V05,D0124,KA01AB1945,logout,1782214200000,1782214440000,21.95,24.28,4,3,closed,true
T002760,1783209600000,S1,nodal,SITE1,V06,D0298,KA01AB1850,logout,1783251000000,1783253280000,31.49,34.78,12,10,closed,true
T002761,1782345600000,S2,shuttle,SITE4,V02,D0261,KA01AB0007,login,1782376200000,1782376200000,38.53,38.19,24,22,closed,true
T002762,1786838400000,S1,cab,SITE4,V11,D0370,KA01AB0026,login,1786847400000,1786847640000,33.34,32.74,4,2,closed,true
T002763,1784073600000,S2,shuttle,SITE3,V03,D0289,KA01AB1454,logout,1784136600000,1784136660000,34.94,39.54,24,23,closed,true
T002764,1782345600000,S2,cab,SITE1,V08,D0012,KA01AB0604,login,1782376200000,1782377400000,24.91,24.43,4,2,closed,true
T002765,1784246400000,S1,shuttle,SITE4,V12,D0149,KA01AB1357,login,1784255400000,1784255580000,25.58,25.11,24,21,closed,true
T002766,1785196800000,S2,cab,SITE4,V02,D0290,KA01AB1950,login,1785227400000,1785227520000,25.09,26.34,4,4,closed,true
T002767,1782604800000,S3,nodal,SITE4,V04,D0034,KA01AB1665,logout,1782603000000,1782605040000,40.09,39.14,12,10,closed,true
T002768,1788480000000,S2,shuttle,SITE4,V04,D0015,KA01AB1654,logout,1788543000000,1788543000000,28.38,29.16,24,4,closed,true
T002769,1780790400000,S3,shuttle,SITE2,V12,D0053,KA01AB1777,login,1780846200000,1780847460000,41.95,43.87,24,11,closed,true
T002770,1782691200000,S1,cab,SITE4,V11,D0238,KA01AB0563,logout,1782732600000,1782732720000,32.26,33.20,4,2,closed,true
T002771,1787097600000,S3,shuttle,SITE1,V10,D0152,KA01AB1241,logout,1787095800000,1787097000000,25.85,27.16,24,12,closed,true
T002772,1782518400000,S1,cab,SITE4,V05,D0341,KA01AB1726,logout,1782559800000,1782559800000,36.29,39.71,4,3,closed,true
T002773,1785542400000,S2,shuttle,SITE2,V11,D0397,KA01AB1939,login,1785573000000,1785573180000,17.58,17.96,24,4,closed,true
T002774,1787875200000,S1,cab,SITE2,V03,D0313,KA01AB1306,login,1787884200000,1787884440000,13.76,15.02,4,1,closed,true
T002775,1782086400000,S2,cab,SITE4,V07,D0333,KA01AB1579,login,1782117000000,1782117060000,15.91,15.15,4,3,closed,true
T002776,1787184000000,S2,shuttle,SITE3,V07,D0287,KA01AB1255,login,1787214600000,,14.49,15.08,24,21,open,true
T002777,1783728000000,S2,cab,SITE3,V06,D0008,KA01AB1531,login,1783758600000,1783759680000,40.16,38.36,4,2,closed,true
T002778,1781308800000,S3,shuttle,SITE2,V07,D0045,KA01AB0508,logout,1781307000000,1781307000000,14.31,14.26,24,18,closed,true
T002779,1783987200000,S2,cab,SITE1,V05,D0370,KA01AB1578,logout,1784050200000,1784051340000,10.21,10.00,4,1,closed,true
T002780,1784592000000,S1,cab,SITE3,V05,D0249,KA01AB1875,login,1784601000000,1784601180000,10.85,10.39,4,2,closed,true
T002781,1785196800000,S1,cab,SITE3,V02,D0122,KA01AB0829,login,1785205800000,1785205800000,29.04,32.32,4,3,closed,true
T002782,1786579200000,S1,nodal,SITE3,V03,D0054,KA01AB0112,logout,1786620600000,1786620600000,38.44,41.73,12,6,closed,true
T002783,1785196800000,S2,shuttle,SITE3,V07,D0026,KA01AB1071,login,1785227400000,1785228780000,22.29,21.80,24,4,closed,true
T002784,1781654400000,S2,shuttle,SITE2,V10,D0090,KA01AB1140,logout,1781717400000,1781717580000,38.56,43.30,24,17,closed,true
T002785,1786406400000,S2,cab,SITE1,V06,D0096,KA01AB0287,logout,1786469400000,1786469580000,15.35,16.91,4,1,closed,true
T002786,1781481600000,S3,cab,SITE3,V12,D0227,KA01AB0423,login,1781537400000,1781537520000,9.95,9.68,4,2,closed,true
T002787,1781136000000,S2,shuttle,SITE2,V07,D0128,KA01AB1754,logout,1781199000000,1781199240000,23.35,26.15,24,9,closed,true
T002788,1788220800000,S3,nodal,SITE3,V05,D0222,KA01AB1416,login,1788276600000,1788276840000,17.90,20.21,12,11,closed,true
T002789,1788134400000,S1,shuttle,SITE2,V05,D0344,KA01AB1753,login,1788143400000,1788143640000,41.81,43.84,24,19,closed,true
T002790,1788220800000,S1,nodal,SITE2,V08,D0177,KA01AB1436,logout,1788262200000,1788262200000,23.36,23.95,12,6,closed,true
T002791,1787270400000,S3,cab,SITE2,V12,D0085,KA01AB1140,logout,1787268600000,1787268600000,42.22,44.29,4,4,closed,true
T002792,1781395200000,S2,nodal,SITE4,V04,D0029,KA01AB1544,login,1781425800000,1781425980000,29.72,30.75,12,2,closed,true
T002793,1787875200000,S1,cab,SITE4,V05,D0276,KA01AB0725,logout,1787916600000,1787916660000,41.89,42.81,4,2,closed,true
T002794,1784332800000,S3,nodal,SITE4,V03,D0098,KA01AB0682,login,1784388600000,1784388600000,10.78,12.21,12,3,closed,true
T002795,1781049600000,S2,shuttle,SITE4,V04,D0047,KA01AB1920,login,1781080200000,1781082660000,37.98,41.48,24,16,closed,true
T002796,1780876800000,S3,cab,SITE1,V10,D0382,KA01AB0336,login,1780932600000,1780932600000,10.74,10.34,4,1,closed,true
T002797,1781654400000,S1,nodal,SITE3,V07,D0060,KA01AB0085,login,1781663400000,1781663400000,24.58,25.66,12,12,closed,true
T002798,1783555200000,S2,cab,SITE3,V11,D0340,KA01AB0996,logout,1783618200000,1783618260000,15.69,16.82,4,1,closed,true
T002799,1784073600000,S3,nodal,SITE1,V09,D0369,KA01AB1580,login,1784129400000,1784129640000,14.43,13.97,12,11,closed,true
T002800,1785196800000,S3,nodal,SITE4,V12,D0176,KA01AB1446,login,1785252600000,1785252780000,36.51,37.50,12,10,closed,true
T002801,1782950400000,S3,shuttle,SITE2,V02,D0103,KA01AB1398,logout,1782948600000,1782948600000,19.88,20.95,24,22,closed,true
T002802,1787702400000,S2,cab,SITE2,V07,D0312,KA01AB1945,login,1787733000000,1787733000000,10.13,10.93,4,3,closed,true
T002803,1786406400000,S3,cab,SITE2,V11,D0179,KA01AB0672,logout,1786404600000,1786404660000,35.34,36.03,4,2,closed,true
T002804,1787961600000,S2,nodal,SITE2,V09,D0169,KA01AB0611,login,1787992200000,1787992320000,27.17,30.04,12,5,closed,true
T002805,1785456000000,S3,nodal,SITE1,V01,D0233,KA01AB0053,login,1785511800000,,18.45,19.32,12,11,open,true
T002806,1785369600000,S3,cab,SITE3,V12,D0120,KA01AB0029,logout,1785367800000,1785367800000,9.79,9.93,4,3,closed,true
T002807,1782432000000,S3,nodal,SITE1,V06,D0076,KA01AB1336,logout,1782430200000,1782430380000,30.24,33.88,12,4,closed,true
T002808,1784160000000,S3,nodal,SITE4,V03,D0281,KA01AB1749,logout,1784158200000,1784158260000,15.32,15.28,12,11,closed,true
T002809,1781654400000,S2,nodal,SITE2,V06,D0399,KA01AB0274,logout,1781717400000,1781719740000,28.73,32.55,12,11,closed,true
T002810,1785628800000,S3,shuttle,SITE2,V11,D0093,KA01AB0114,login,1785684600000,1785684720000,27.48,29.01,24,16,closed,true
T002811,1787097600000,S1,cab,SITE4,V07,D0026,KA01AB1808,login,1787106600000,1787108040000,42.42,42.58,4,4,closed,true
T002812,1787875200000,S1,shuttle,SITE2,V03,D0146,KA01AB1409,login,1787884200000,1787884380000,18.62,19.39,24,22,closed,true
T002813,1782172800000,S1,nodal,SITE2,V08,D0022,KA01AB0771,logout,1782214200000,1782214320000,40.20,40.07,12,6,closed,true
T002814,1783728000000,S1,nodal,SITE1,V06,D0325,KA01AB1667,login,1783737000000,1783738680000,30.23,31.77,12,10,closed,true
T002815,1783123200000,S1,shuttle,SITE3,V09,D0154,KA01AB0454,login,1783132200000,1783132320000,10.73,10.40,24,14,closed,true
T002816,1783036800000,S2,nodal,SITE1,V10,D0298,KA01AB0332,logout,1783099800000,1783100160000,28.69,30.14,12,9,closed,true
T002817,1780963200000,S1,cab,SITE2,V04,D0224,KA01AB0571,login,1780972200000,1780972380000,9.22,9.83,4,1,closed,true
T002818,1788134400000,S3,cab,SITE1,V11,D0293,KA01AB1138,login,1788190200000,1788190440000,17.60,17.35,4,3,closed,true
T002819,1784160000000,S2,cab,SITE1,V06,D0295,KA01AB0395,logout,1784223000000,1784223240000,22.75,25.92,4,4,closed,true
T002820,1784505600000,S2,nodal,SITE4,V01,D0229,KA01AB1597,logout,1784568600000,1784568600000,9.34,8.97,12,8,closed,true
T002821,1782259200000,S3,nodal,SITE3,V07,D0360,KA01AB0689,logout,1782257400000,1782257460000,34.75,38.67,12,12,closed,true
T002822,1783900800000,S1,shuttle,SITE3,V07,D0166,KA01AB1217,login,1783909800000,1783910040000,8.14,8.15,24,11,closed,true
T002823,1783382400000,S2,nodal,SITE3,V02,D0147,KA01AB0446,login,1783413000000,1783413000000,12.11,13.00,12,5,closed,true
T002824,1787356800000,S1,nodal,SITE3,V09,D0283,KA01AB1090,logout,1787398200000,1787398200000,8.60,9.31,12,7,closed,true
T002825,1782000000000,S3,nodal,SITE1,V10,D0083,KA01AB0024,login,1782055800000,1782057120000,34.00,35.77,12,12,closed,true
T002826,1780790400000,S2,cab,SITE3,V04,D0256,KA01AB1073,logout,1780853400000,1780853400000,20.23,21.64,4,4,closed,false
T002827,1782086400000,S1,nodal,SITE2,V10,D0030,KA01AB0324,logout,1782127800000,1782128040000,28.85,32.16,12,3,closed,true
T002828,1781136000000,S2,shuttle,SITE1,V07,D0049,KA01AB1423,logout,1781199000000,1781199120000,30.79,34.11,24,6,closed,true
T002829,1784246400000,S1,shuttle,SITE2,V03,D0102,KA01AB0040,logout,1784287800000,1784287860000,12.16,11.77,24,22,closed,true
T002830,1785196800000,S2,cab,SITE4,V07,D0195,KA01AB0940,login,1785227400000,1785227640000,37.80,38.88,4,1,closed,true
T002831,1788393600000,S1,cab,SITE2,V12,D0234,KA01AB1191,logout,1788435000000,1788435000000,34.95,39.00,4,2,closed,true
T002832,1788393600000,S1,shuttle,SITE2,V07,D0069,KA01AB0068,logout,1788435000000,1788435180000,38.92,40.46,24,24,closed,true
T002833,1781222400000,S2,shuttle,SITE1,V06,D0378,KA01AB0315,login,1781253000000,1781253120000,9.85,9.80,24,12,closed,true
T002834,1781740800000,S2,cab,SITE3,V05,D0111,KA01AB1899,login,1781771400000,1781771580000,21.90,22.94,4,4,closed,true
T002835,1783814400000,S3,shuttle,SITE4,V03,D0078,KA01AB1045,logout,1783812600000,1783812720000,8.45,8.24,24,17,closed,true
T002836,1786406400000,S3,nodal,SITE2,V05,D0235,KA01AB0482,logout,1786404600000,1786404840000,42.04,44.16,12,10,closed,true
T002837,1784592000000,S2,shuttle,SITE3,V09,D0092,KA01AB1674,logout,1784655000000,1784655120000,8.95,8.75,24,5,closed,true
T002838,1784764800000,S1,nodal,SITE1,V05,D0376,KA01AB0132,login,1784773800000,1784773800000,10.39,11.82,12,12,closed,true
T002839,1786579200000,S2,nodal,SITE4,V09,D0048,KA01AB1015,logout,1786642200000,1786642380000,31.89,31.29,12,11,closed,true
T002840,1787788800000,S2,nodal,SITE1,V08,D0192,KA01AB1724,login,1787819400000,1787819520000,22.34,23.40,12,1,closed,true
T002841,1786752000000,S2,cab,SITE4,V11,D0228,KA01AB0085,logout,1786815000000,1786815060000,15.89,17.62,4,1,closed,true
T002842,1785542400000,S3,nodal,SITE2,V10,D0362,KA01AB1631,logout,1785540600000,1785540660000,13.89,13.56,12,12,closed,true
T002843,1782604800000,S1,cab,SITE2,V04,D0045,KA01AB1031,logout,1782646200000,1782646380000,41.68,45.71,4,2,closed,true
T002844,1785196800000,S3,cab,SITE1,V10,D0372,KA01AB1418,login,1785252600000,1785252780000,41.53,45.32,4,2,closed,true
T002845,1782259200000,S3,shuttle,SITE2,V11,D0127,KA01AB0442,logout,1782257400000,1782257640000,24.52,23.88,24,18,closed,false
T002846,1782345600000,S1,nodal,SITE4,V05,D0348,KA01AB1225,login,1782354600000,1782354720000,27.24,30.85,12,10,closed,true
T002847,1782950400000,S3,nodal,SITE3,V12,D0384,KA01AB0067,logout,1782948600000,1782948660000,20.02,22.78,12,11,closed,true
T002848,1785974400000,S1,nodal,SITE3,V12,D0279,KA01AB1121,logout,1786015800000,1786015920000,36.90,35.67,12,10,closed,true
T002849,1783814400000,S1,cab,SITE2,V02,D0158,KA01AB0660,logout,1783855800000,1783855980000,27.20,27.70,4,2,closed,true
T002850,1787616000000,S3,cab,SITE2,V05,D0356,KA01AB0013,logout,1787614200000,1787615580000,31.67,32.72,4,3,closed,true
T002851,1783555200000,S1,cab,SITE1,V08,D0172,KA01AB1090,login,1783564200000,1783564200000,30.60,32.00,4,2,closed,true
T002852,1785974400000,S2,shuttle,SITE3,V11,D0379,KA01AB0937,logout,1786037400000,1786037460000,23.58,22.51,24,1,closed,true
T002853,1786060800000,S1,shuttle,SITE2,V11,D0172,KA01AB1062,login,1786069800000,1786069860000,40.61,39.46,24,16,closed,true
T002854,1787788800000,S1,cab,SITE2,V09,D0340,KA01AB1002,login,1787797800000,1787797860000,14.84,15.42,4,3,closed,true
T002855,1782777600000,S3,shuttle,SITE4,V04,D0175,KA01AB0860,login,1782833400000,1782833400000,18.29,20.13,24,4,closed,true
T002856,1786838400000,S3,shuttle,SITE4,V12,D0247,KA01AB0373,logout,1786836600000,1786836780000,22.14,21.92,24,17,closed,true
T002857,1780876800000,S2,nodal,SITE2,V11,D0012,KA01AB0741,logout,1780939800000,1780939920000,29.75,32.48,12,2,closed,true
T002858,1784419200000,S3,shuttle,SITE4,V11,D0244,KA01AB1698,login,1784475000000,1784475060000,20.83,21.43,24,19,closed,true
T002859,1786492800000,S2,cab,SITE1,V09,D0079,KA01AB0304,logout,1786555800000,1786556040000,15.59,17.52,4,4,closed,false
T002860,1782432000000,S3,cab,SITE2,V03,D0020,KA01AB1363,logout,1782430200000,1782430320000,30.92,34.20,4,2,closed,true
T002861,1781913600000,S2,cab,SITE3,V04,D0056,KA01AB0939,login,1781944200000,1781944260000,17.63,17.46,4,2,closed,true
T002862,1787011200000,S1,nodal,SITE4,V11,D0193,KA01AB0846,login,1787020200000,1787020320000,41.15,39.81,12,9,closed,true
T002863,1783728000000,S2,nodal,SITE3,V04,D0383,KA01AB0311,logout,1783791000000,1783791240000,15.89,17.37,12,3,closed,true
T002864,1785801600000,S2,shuttle,SITE1,V05,D0221,KA01AB1210,login,1785832200000,1785832380000,21.06,22.90,24,23,closed,true
T002865,1784592000000,S1,nodal,SITE4,V02,D0064,KA01AB0109,logout,1784633400000,1784635320000,41.81,43.32,12,9,closed,true
T002866,1785801600000,S2,nodal,SITE4,V05,D0281,KA01AB0112,logout,1785864600000,1785864780000,24.67,25.72,12,4,closed,true
T002867,1786752000000,S2,shuttle,SITE1,V02,D0172,KA01AB1361,login,1786782600000,1786782840000,36.68,38.92,24,19,closed,true
T002868,1786320000000,S2,nodal,SITE1,V05,D0319,KA01AB1102,login,1786350600000,1786350840000,13.25,12.88,12,8,closed,true
T002869,1780790400000,S3,nodal,SITE4,V09,D0263,KA01AB1173,login,1780846200000,1780846440000,39.63,44.63,12,5,closed,true
T002870,1783382400000,S2,nodal,SITE4,V04,D0096,KA01AB0897,login,1783413000000,1783413420000,29.06,28.01,12,8,closed,true
T002871,1787184000000,S2,cab,SITE2,V09,D0307,KA01AB0891,logout,1787247000000,1787247240000,28.31,30.32,4,1,closed,true
T002872,1783900800000,S3,cab,SITE2,V06,D0259,KA01AB0870,logout,1783899000000,1783899120000,42.15,42.79,4,1,closed,true
T002873,1783036800000,S2,cab,SITE3,V12,D0261,KA01AB1829,logout,1783099800000,1783101420000,30.21,31.87,4,3,closed,true
T002874,1784419200000,S1,shuttle,SITE4,V06,D0082,KA01AB0582,login,1784428200000,1784428440000,18.83,20.39,24,9,closed,true
T002875,1788220800000,S2,shuttle,SITE3,V08,D0339,KA01AB0985,login,1788251400000,1788251760000,30.69,34.66,24,17,closed,true
T002876,1783814400000,S3,shuttle,SITE4,V12,D0285,KA01AB1590,logout,1783812600000,1783812660000,36.52,40.24,24,10,closed,true
T002877,1781136000000,S1,shuttle,SITE1,V09,D0213,KA01AB0416,login,1781145000000,1781145180000,33.22,34.30,24,5,closed,true
T002878,1787011200000,S2,shuttle,SITE2,V10,D0000,KA01AB1342,login,1787041800000,1787043720000,32.28,37.03,24,2,closed,true
T002879,1787961600000,S3,cab,SITE4,V02,D0371,KA01AB1652,logout,1787959800000,1787959800000,15.25,14.99,4,1,closed,true
T002880,1783036800000,S1,shuttle,SITE2,V10,D0357,KA01AB1419,login,1783045800000,1783045980000,13.21,12.65,24,10,closed,true
T002881,1785801600000,S1,cab,SITE3,V07,D0207,KA01AB1155,logout,1785843000000,1785843120000,30.90,31.45,4,4,closed,true
T002882,1784419200000,S3,nodal,SITE2,V05,D0244,KA01AB0970,login,1784475000000,1784475360000,41.96,40.48,12,12,closed,true
T002883,1784160000000,S2,nodal,SITE4,V10,D0248,KA01AB1148,logout,1784223000000,1784223000000,8.81,9.94,12,1,closed,true
T002884,1787961600000,S2,shuttle,SITE4,V03,D0227,KA01AB0685,logout,1788024600000,1788024840000,11.95,11.99,24,23,closed,true
T002885,1784764800000,S2,nodal,SITE1,V02,D0370,KA01AB0228,logout,1784827800000,1784828040000,18.38,20.87,12,1,closed,true
T002886,1780963200000,S1,shuttle,SITE3,V03,D0115,KA01AB1522,login,1780972200000,1780973520000,23.10,25.93,24,18,closed,true,UNEXPECTED_EXTRA_FIELD
T002887,1784678400000,S3,shuttle,SITE4,V10,D0162,KA01AB1833,login,1784734200000,1784734260000,31.14,35.09,24,5,closed,true
T002888,1781913600000,S1,shuttle,SITE1,V01,D0262,KA01AB0000,logout,1781955000000,1781955240000,14.91,17.13,24,12,closed,true
T002889,1784592000000,S1,cab,SITE3,V10,D0394,KA01AB1132,login,1784601000000,1784601120000,18.14,19.16,4,1,closed,true
T002890,1781568000000,S3,nodal,SITE1,V08,D0161,KA01AB1468,logout,1781566200000,1781566260000,29.95,33.66,12,8,closed,true
T002891,1786924800000,S1,shuttle,SITE2,V02,D0179,KA01AB0932,login,1786933800000,1786933800000,31.06,32.24,24,7,closed,true
T002892,1786147200000,S1,cab,SITE4,V08,D0135,KA01AB1207,logout,1786188600000,1786188660000,29.63,33.34,4,2,closed,true
T002893,1784678400000,S2,nodal,SITE3,V09,D0360,KA01AB0690,login,1784709000000,,26.51,25.41,12,11,open,true
T002894,1787184000000,S2,nodal,SITE1,V11,D0092,KA01AB1502,logout,1787247000000,1787247180000,22.64,22.74,12,8,closed,false
T002895,1785024000000,S2,nodal,SITE3,V04,D0173,KA01AB0876,logout,1785087000000,1785089280000,13.75,15.69,12,11,closed,true
T002896,1786665600000,S3,cab,SITE2,V08,D0012,KA01AB1740,login,1786721400000,1786722840000,30.47,30.50,4,1,closed,true
T002897,1783900800000,S2,nodal,SITE4,V07,D0235,KA01AB0366,login,1783931400000,1783931640000,17.68,18.16,12,8,closed,true
T002898,1786233600000,S2,cab,SITE1,V12,D0247,KA01AB0858,login,1786264200000,1786264200000,23.63,26.55,4,3,closed,true
T002899,1784073600000,S2,cab,SITE1,V08,D0216,KA01AB0464,login,1784104200000,1784104260000,36.86,37.02,4,1,closed,true
T002900,1782777600000,S1,cab,SITE2,V04,D0184,KA01AB1366,logout,1782819000000,1782819120000,18.63,19.29,4,1,closed,true
T002901,1788134400000,S2,shuttle,SITE1,V02,D0001,KA01AB1301,login,1788165000000,1788167100000,12.77,12.64,24,21,closed,true
T002902,1785196800000,S3,shuttle,SITE1,V06,D0250,KA01AB0861,login,1785252600000,1785252720000,19.46,22.08,24,9,closed,true
T002903,1787443200000,S1,cab,SITE1,V02,D0234,KA01AB1354,login,1787452200000,1787452440000,23.77,24.13,4,3,closed,true
T002904,1780876800000,S1,nodal,SITE2,V08,D0245,KA01AB0584,logout,1780918200000,1780918260000,30.37,29.73,12,9,closed,true
T002905,1781136000000,S1,nodal,SITE4,V10,D0130,KA01AB1701,login,1781145000000,1781145060000,39.64,44.50,12,4,closed,true
T002906,1781049600000,S2,nodal,SITE4,V07,D0148,KA01AB1496,logout,1781112600000,1781113440000,29.42,32.94,12,10,closed,false
T002907,1783123200000,S1,cab,SITE3,V08,D0218,KA01AB0359,login,1783132200000,1783132200000,13.36,13.38,4,4,closed,true
T002908,1788220800000,S2,cab,SITE3,V04,D0009,KA01AB1385,logout,1788283800000,1788283920000,13.50,13.11,4,1,closed,true
T002909,1781136000000,S2,nodal,SITE3,V03,D0312,KA01AB1705,login,1781166600000,1781166840000,38.90,43.59,12,8,closed,true
T002910,1786924800000,S3,nodal,SITE2,V06,D0336,KA01AB1938,logout,1786923000000,,33.00,31.84,12,4,open,false
T002911,1781654400000,S2,nodal,SITE2,V11,D0321,KA01AB0136,logout,1781717400000,1781717640000,15.06,15.27,12,2,closed,true
T002912,1781049600000,S2,shuttle,SITE2,V04,D0080,KA01AB1585,login,1781080200000,1781080440000,30.82,32.34,24,13,closed,true
T002913,1781136000000,S1,cab,SITE4,V08,D0191,KA01AB1576,logout,1781177400000,1781177400000,20.49,19.89,4,2,closed,true
T002914,1780790400000,S3,cab,SITE3,V01,D0106,KA01AB1553,logout,1780788600000,1780788720000,41.33,39.32,4,1,closed,true
T002915,1781308800000,S2,cab,SITE4,V12,D0396,KA01AB1945,logout,1781371800000,1781371980000,35.10,38.81,4,2,closed,true
T002916,1782864000000,S1,nodal,SITE2,V11,D0104,KA01AB0690,login,1782873000000,,41.27,41.99,12,5,open,true
T002917,1783468800000,S1,nodal,SITE4,V04,D0063,KA01AB0376,logout,1783510200000,1783510320000,10.85,10.94,12,12,closed,true
T002918,1787529600000,S3,shuttle,SITE2,V08,D0137,KA01AB0891,login,1787585400000,1787585400000,27.99,29.72,24,6,closed,true
T002919,1781308800000,S3,shuttle,SITE2,V03,D0043,KA01AB0619,logout,1781307000000,1781307180000,37.15,40.10,24,6,closed,true
T002920,1787788800000,S1,nodal,SITE2,V06,D0248,KA01AB1183,login,1787797800000,1787798040000,33.64,37.50,12,8,closed,true
T002921,1785024000000,S2,cab,SITE2,V06,D0206,KA01AB0236,logout,1785087000000,1785087240000,14.01,14.43,4,4,closed,true
T002922,1781740800000,S1,shuttle,SITE4,V07,D0199,KA01AB1996,login,1781749800000,1781749800000,41.98,46.72,24,19,closed,true
T002923,1781395200000,S2,shuttle,SITE3,V09,D0108,KA01AB0491,login,1781425800000,1781425920000,29.19,32.33,24,21,closed,true
T002924,1785542400000,S3,nodal,SITE1,V08,D0100,KA01AB0582,logout,1785540600000,1785540720000,24.55,23.58,12,4,closed,true
T002925,1783382400000,S3,shuttle,SITE4,V03,D0155,KA01AB1674,login,1783438200000,1783438440000,32.21,33.91,24,10,closed,true
T002926,1785542400000,S2,shuttle,SITE1,V01,D0323,KA01AB1604,login,1785573000000,1785573060000,36.02,37.03,24,23,closed,true
T002927,1784160000000,S2,cab,SITE4,V03,D0112,KA01AB0825,login,1784190600000,1784192100000,21.55,22.13,4,3,closed,true
T002928,1784678400000,S2,shuttle,SITE1,V03,D0270,KA01AB1544,logout,1784741400000,1784741640000,39.63,41.75,24,10,closed,true
T002929,1787356800000,S3,cab,SITE1,V09,D0162,KA01AB0847,login,1787412600000,1787413320000,26.21,26.38,4,2,closed,true
T002930,1786752000000,S3,nodal,SITE1,V09,D0123,KA01AB0256,login,1786807800000,1786810440000,22.12,23.49,12,1,closed,true,UNEXPECTED_EXTRA_FIELD
T002931,1783900800000,S2,nodal,SITE2,V01,D0202,KA01AB1390,login,1783931400000,1783931400000,25.69,26.65,12,5,closed,true
T002932,1785110400000,S2,nodal,SITE1,V10,D0032,KA01AB0947,login,1785141000000,1785142140000,41.10,40.39,12,5,closed,true
T002933,1784764800000,S2,nodal,SITE1,V07,D0356,KA01AB1683,logout,1784827800000,,11.43,11.32,12,5,open,false
T002934,1781654400000,S1,cab,SITE2,V11,D0134,KA01AB1966,logout,1781695800000,1781695980000,36.46,37.90,4,3,closed,true
T002935,1783036800000,S2,shuttle,SITE3,V03,D0277,KA01AB0454,login,1783067400000,1783067460000,42.39,46.21,24,1,closed,true
T002936,1785542400000,S3,nodal,SITE2,V03,D0145,KA01AB0199,login,1785598200000,1785598440000,35.64,34.40,12,9,closed,true
T002937,1781308800000,S3,cab,SITE3,V08,D0062,KA01AB0736,login,1781364600000,1781365440000,32.73,35.80,4,3,closed,true
T002938,1785801600000,S3,cab,SITE2,V10,D0056,KA01AB1122,logout,1785799800000,1785800040000,12.11,13.70,4,4,closed,false
T002939,1781049600000,S3,nodal,SITE1,V06,D0115,KA01AB0529,login,1781105400000,1781105580000,42.51,40.72,12,1,closed,true
T002940,1780963200000,S1,shuttle,SITE1,V10,D0140,KA01AB1056,login,1780972200000,1780972380000,15.01,15.09,24,21,closed,true
T002941,1784419200000,S3,nodal,SITE2,V11,D0365,KA01AB1209,logout,1784417400000,1784419260000,16.65,16.26,12,1,closed,true
T002942,1783209600000,S2,shuttle,SITE3,V07,D0276,KA01AB1281,login,1783240200000,1783240380000,35.33,35.84,24,14,closed,true
T002943,1785196800000,S1,nodal,SITE2,V07,D0190,KA01AB0850,login,1785205800000,1785205860000,34.97,33.64,12,4,closed,true
T002944,1788134400000,S2,nodal,SITE2,V06,D0324,KA01AB0545,logout,1788197400000,1788197640000,35.07,34.02,12,4,closed,true
T002945,1782777600000,S2,shuttle,SITE4,V10,D0185,KA01AB1653,login,1782808200000,1782808320000,24.38,23.50,24,6,closed,true
T002946,1787011200000,S1,cab,SITE3,V04,D0356,KA01AB1875,login,1787020200000,1787020260000,40.32,42.13,4,1,closed,true
T002947,1788480000000,S3,nodal,SITE2,V12,D0286,KA01AB0041,login,1788535800000,1788535800000,9.20,9.41,12,8,closed,true
T002948,1787529600000,S2,cab,SITE1,V07,D0040,KA01AB0270,logout,1787592600000,1787592840000,21.70,23.59,4,1,closed,true
T002949,1786233600000,S3,cab,SITE2,V07,D0363,KA01AB1782,login,1786289400000,1786289520000,15.75,16.00,4,4,closed,true
T002950,1785456000000,S3,nodal,SITE4,V11,D0265,KA01AB0284,logout,1785454200000,1785454380000,14.93,16.74,12,3,closed,true
T002951,1783728000000,S3,shuttle,SITE3,V03,D0024,KA01AB1808,logout,1783726200000,1783726380000,30.90,30.33,24,9,closed,true
T002952,1787356800000,S1,cab,SITE3,V04,D0396,KA01AB1507,login,1787365800000,,22.93,22.40,4,4,open,true
T002953,1787875200000,S2,cab,SITE4,V04,D0118,KA01AB0867,login,1787905800000,1787905980000,21.67,24.32,4,3,closed,true
T002954,1788393600000,S3,shuttle,SITE2,V06,D0076,KA01AB0923,login,1788449400000,1788449640000,38.44,37.56,24,9,closed,true
T002955,1782950400000,S3,shuttle,SITE1,V08,D0305,KA01AB1929,login,1783006200000,1783006200000,23.67,27.15,24,6,closed,true
T002956,1784851200000,S3,nodal,SITE3,V02,D0074,KA01AB1977,logout,1784849400000,1784849580000,8.55,9.19,12,10,closed,true
T002957,1783296000000,S3,nodal,SITE4,V08,D0057,KA01AB0102,logout,1783294200000,1783294380000,22.45,22.40,12,9,closed,true
T002958,1783296000000,S3,cab,SITE3,V10,D0094,KA01AB0399,logout,1783294200000,1783294680000,42.81,47.10,4,1,closed,true
T002959,1781913600000,S2,cab,SITE1,V04,D0289,KA01AB0350,logout,1781976600000,1781976600000,10.34,10.57,4,3,closed,true
T002960,1785369600000,S1,cab,SITE2,V09,D0118,KA01AB1571,logout,1785411000000,1785411540000,16.04,17.76,4,2,closed,true
T002961,1781395200000,S1,cab,SITE2,V01,D0174,KA01AB0407,logout,1781436600000,1781436720000,24.34,23.36,4,3,closed,true
T002962,1787011200000,S2,cab,SITE1,V09,D0239,KA01AB1910,logout,1787074200000,1787074260000,9.53,9.10,4,2,closed,false
T002963,1782000000000,S2,cab,SITE3,V03,D0003,KA01AB0961,login,1782030600000,1782030780000,37.72,37.56,4,3,closed,true
T002964,1784160000000,S1,cab,SITE1,V10,D0047,KA01AB1927,logout,1784201400000,1784201460000,20.75,20.17,4,1,closed,true
T002965,1787356800000,S2,shuttle,SITE1,V03,D0319,KA01AB1053,logout,1787419800000,1787420040000,33.24,35.93,24,11,closed,true
T002966,1781308800000,S2,cab,SITE2,V11,D0115,KA01AB1044,login,1781339400000,1781339460000,17.28,19.61,4,4,closed,true
T002967,1781308800000,S1,cab,SITE2,V04,D0130,KA01AB1708,logout,1781350200000,1781350260000,34.68,39.20,4,3,closed,true
T002968,1788307200000,S1,nodal,SITE3,V05,D0041,KA01AB0595,login,1788316200000,1788316680000,27.52,30.47,12,8,closed,true
T002969,1784678400000,S2,shuttle,SITE3,V01,D0030,KA01AB1027,logout,1784741400000,1784741520000,25.83,28.82,24,22,closed,true
T002970,1781827200000,S2,nodal,SITE1,V06,D0329,KA01AB0793,login,1781857800000,1781858040000,26.93,29.25,12,1,closed,true
T002971,1785024000000,S2,shuttle,SITE2,V01,D0313,KA01AB0340,logout,1785087000000,1785087180000,10.53,11.79,24,6,closed,true
T002972,1787270400000,S1,cab,SITE2,V11,D0048,KA01AB0944,logout,1787311800000,1787311920000,26.44,27.50,4,4,closed,true
T002973,1786752000000,S1,cab,SITE2,V08,D0254,KA01AB1772,logout,1786793400000,1786795980000,9.50,9.47,4,4,closed,true
T002974,1782777600000,S3,nodal,SITE1,V04,D0000,KA01AB1305,logout,1782775800000,1782776040000,26.77,27.35,12,4,closed,true
T002975,1780963200000,S2,shuttle,SITE3,V10,D0164,KA01AB1754,login,1780993800000,1780993920000,36.19,40.36,24,17,closed,true
T002976,1780963200000,S2,shuttle,SITE2,V02,D0325,KA01AB1110,logout,1781026200000,1781026440000,15.80,15.86,24,5,closed,true
T002977,1784246400000,S3,cab,SITE1,V03,D0174,KA01AB1757,logout,1784244600000,1784244840000,40.97,40.48,4,4,closed,true
T002978,1786838400000,S1,cab,SITE4,V06,D0117,KA01AB0060,logout,1786879800000,1786879980000,37.46,38.18,4,2,closed,true
T002979,1783296000000,S2,cab,SITE4,V06,D0024,KA01AB1313,logout,1783359000000,1783359000000,22.38,21.95,4,3,closed,false
T002980,1785542400000,S1,nodal,SITE2,V10,D0304,KA01AB1698,login,1785551400000,1785551460000,35.82,37.86,12,2,closed,true
T002981,1786579200000,S1,nodal,SITE2,V02,D0294,KA01AB0042,logout,1786620600000,1786620780000,14.50,13.94,12,7,closed,true
T002982,1785801600000,S1,nodal,SITE1,V08,D0071,KA01AB1434,logout,1785843000000,,14.13,14.91,12,4,open,true
T002983,1784246400000,S1,shuttle,SITE4,V01,D0006,KA01AB1493,logout,1784287800000,1784287920000,35.80,38.54,24,23,closed,true
T002984,1780963200000,S1,cab,SITE3,V04,D0334,KA01AB0006,login,1780972200000,,37.65,37.68,4,1,open,true
T002985,1782777600000,S1,cab,SITE4,V02,D0171,KA01AB1219,login,1782786600000,1782786660000,34.52,37.96,4,3,closed,true
T002986,1785542400000,S2,shuttle,SITE2,V12,D0264,KA01AB0754,login,1785573000000,1785573120000,34.17,33.51,24,1,closed,true
T002987,1782864000000,S2,nodal,SITE4,V12,D0347,KA01AB0291,logout,1782927000000,1782927000000,9.92,11.24,12,11,closed,true
T002988,1785196800000,S3,nodal,SITE2,V10,D0079,KA01AB1352,logout,1785195000000,1785195060000,35.39,36.35,12,9,closed,true
T002989,1782259200000,S2,shuttle,SITE1,V12,D0368,KA01AB1522,login,1782289800000,1782290040000,8.69,9.93,24,8,closed,true
T002990,1787616000000,S2,shuttle,SITE3,V09,D0282,KA01AB0610,logout,1787679000000,1787680980000,29.85,33.21,24,15,closed,true
T002991,1786752000000,S3,shuttle,SITE4,V11,D0136,KA01AB0085,logout,1786750200000,1786750440000,21.37,23.41,24,23,closed,true
T002992,1784678400000,S1,cab,SITE4,V05,D0102,KA01AB1495,login,1784687400000,1784687580000,39.05,40.06,4,3,closed,true
T002993,1780963200000,S3,shuttle,SITE2,V06,D0195,KA01AB1231,login,1781019000000,1781021640000,27.58,29.34,24,4,closed,true
T002994,1784505600000,S3,shuttle,SITE4,V12,D0044,KA01AB1555,login,1784561400000,1784561580000,31.14,33.37,24,17,closed,true
T002995,1785628800000,S1,cab,SITE1,V08,D0194,KA01AB0020,logout,1785670200000,1785670260000,14.60,14.85,4,4,closed,true
T002996,1787097600000,S3,nodal,SITE3,V12,D0290,KA01AB0274,logout,1787095800000,1787097360000,16.90,17.79,12,12,closed,true
T002997,1783641600000,S2,shuttle,SITE3,V11,D0245,KA01AB1621,login,1783672200000,1783672380000,26.45,26.73,24,13,closed,true
T002998,1786838400000,S3,shuttle,SITE4,V01,D0176,KA01AB0917,login,1786894200000,1786894200000,8.29,8.01,24,7,closed,true
T002999,1786924800000,S3,nodal,SITE3,V04,D0264,KA01AB0597,login,1786980600000,1786980600000,31.12,31.56,12,10,closed,true
T003000,1787702400000,S2,shuttle,SITE4,V05,D0117,KA01AB1396,login,1787733000000,1787733180000,23.08,25.20,24,18,closed,true
T003001,1781136000000,S2,nodal,SITE3,V01,D0253,KA01AB0798,logout,1781199000000,1781199060000,41.23,42.62,12,10,closed,true
T003002,1781222400000,S2,cab,SITE3,V04,D0036,KA01AB0578,login,1781253000000,1781253240000,34.99,37.82,4,4,closed,true
T003003,1785369600000,S3,cab,SITE2,V04,D0004,KA01AB1256,logout,1785367800000,1785367920000,14.12,13.53,4,3,closed,true
T003004,1785974400000,S3,cab,SITE2,V01,D0321,KA01AB0277,logout,1785972600000,1785972780000,12.68,14.39,4,2,closed,true,UNEXPECTED_EXTRA_FIELD
T003005,1788393600000,S2,nodal,SITE2,V06,D0105,KA01AB1526,logout,1788456600000,1788456780000,15.99,17.16,12,3,closed,true
T003006,1788393600000,S3,cab,SITE1,V05,D0143,KA01AB1316,logout,1788391800000,1788391800000,8.86,8.74,4,3,closed,false
T003007,1787616000000,S3,nodal,SITE4,V02,D0075,KA01AB0201,logout,1787614200000,1787614320000,18.60,20.84,12,5,closed,true
T003008,1782086400000,S3,nodal,SITE4,V04,D0176,KA01AB1878,login,1782142200000,1782142260000,28.56,32.52,12,3,closed,true
T003009,1785196800000,S1,shuttle,SITE3,V08,D0281,KA01AB1166,login,1785205800000,1785205920000,32.44,37.27,24,19,closed,true
T003010,1787616000000,S3,cab,SITE1,V10,D0366,KA01AB1720,logout,1787614200000,1787614200000,9.21,9.16,4,1,closed,true
T003011,1786838400000,S1,shuttle,SITE3,V01,D0365,KA01AB1769,logout,1786879800000,1786879920000,34.93,38.35,24,19,closed,true
T003012,1781136000000,S1,shuttle,SITE3,V04,D0224,KA01AB0736,login,1781145000000,1781145000000,42.89,49.03,24,24,closed,true
T003013,1782432000000,S3,nodal,SITE2,V11,D0103,KA01AB0613,login,1782487800000,1782488460000,35.33,36.44,12,2,closed,true
T003014,1788220800000,S1,nodal,SITE3,V03,D0286,KA01AB1738,logout,1788262200000,1788262200000,40.44,41.34,12,12,closed,true
T003015,1786838400000,S2,shuttle,SITE1,V03,D0094,KA01AB0668,login,1786869000000,1786869120000,29.65,30.57,24,19,closed,true
T003016,1782345600000,S2,nodal,SITE2,V04,D0181,KA01AB0909,logout,1782408600000,1782408780000,36.16,37.28,12,10,closed,true
T003017,1781308800000,S3,shuttle,SITE2,V08,D0058,KA01AB0927,logout,1781307000000,1781307060000,31.74,33.81,24,23,closed,true
T003018,1786406400000,S1,shuttle,SITE3,V10,D0335,KA01AB1140,login,1786415400000,1786415400000,37.75,41.61,24,6,closed,true
T003019,1786147200000,S1,nodal,SITE1,V09,D0322,KA01AB1592,logout,1786188600000,1786188600000,22.41,25.50,12,1,closed,true
T003020,1787443200000,S2,cab,SITE4,V05,D0072,KA01AB1123,login,1787473800000,1787473860000,9.77,9.40,4,2,closed,true
T003021,1784592000000,S1,shuttle,SITE4,V06,D0398,KA01AB0996,login,1784601000000,1784601120000,8.44,8.41,24,15,closed,true
T003022,1788220800000,S1,shuttle,SITE2,V06,D0136,KA01AB0609,login,1788229800000,,39.37,38.84,24,8,open,true
T003023,1784678400000,S2,shuttle,SITE3,V06,D0168,KA01AB1421,login,1784709000000,1784709480000,37.43,39.26,24,17,closed,true
T003024,1788048000000,S1,cab,SITE2,V12,D0088,KA01AB0721,login,1788057000000,1788057000000,17.85,17.77,4,1,closed,true
T003025,1780790400000,S3,cab,SITE2,V05,D0393,KA01AB0807,login,1780846200000,1780846380000,13.56,15.51,4,4,closed,true
T003026,1786233600000,S3,cab,SITE2,V10,D0046,KA01AB1996,login,1786289400000,1786289520000,32.36,36.08,4,3,closed,true
T003027,1781827200000,S1,cab,SITE1,V02,D0386,KA01AB1813,login,1781836200000,1781836440000,38.38,39.63,4,1,closed,true
T003028,1786406400000,S2,nodal,SITE4,V10,D0188,KA01AB0315,logout,1786469400000,1786469460000,15.13,15.88,12,2,closed,true
T003029,1782000000000,S3,cab,SITE4,V11,D0231,KA01AB1362,logout,1781998200000,1781998380000,18.20,17.93,4,1,closed,true
T003030,1787011200000,S3,shuttle,SITE1,V03,D0294,KA01AB0231,logout,1787009400000,1787009640000,26.18,27.27,24,9,closed,true
T003031,1784505600000,S3,nodal,SITE3,V09,D0323,KA01AB0403,logout,1784503800000,1784503920000,38.86,42.42,12,4,closed,true
T003032,1784246400000,S1,cab,SITE1,V04,D0073,KA01AB0833,logout,1784287800000,1784287980000,21.19,20.62,4,2,closed,true
T003033,1783641600000,S3,shuttle,SITE3,V12,D0390,KA01AB0037,logout,1783639800000,1783639800000,42.08,43.62,24,14,closed,false
T003034,1783382400000,S2,cab,SITE4,V11,D0378,KA01AB0091,login,1783413000000,1783413000000,24.17,26.16,4,3,closed,true
T003035,1783209600000,S2,shuttle,SITE3,V06,D0044,KA01AB0855,login,1783240200000,1783240380000,36.84,40.31,24,12,closed,true
T003036,1787702400000,S2,nodal,SITE3,V08,D0169,KA01AB0873,login,1787733000000,1787733060000,30.24,29.71,12,1,closed,true
T003037,1781308800000,S3,cab,SITE3,V10,D0217,KA01AB1988,logout,1781307000000,1781307000000,23.87,24.52,4,4,closed,true
T003038,1781395200000,S2,shuttle,SITE1,V01,D0192,KA01AB1856,login,1781425800000,1781426040000,24.72,27.85,24,21,closed,true,UNEXPECTED_EXTRA_FIELD
T003039,1787097600000,S2,shuttle,SITE3,V04,D0228,KA01AB1570,logout,1787160600000,1787160780000,15.06,14.72,24,13,closed,true
T003040,1784073600000,S1,nodal,SITE1,V01,D0053,KA01AB1147,logout,1784115000000,1784115120000,35.05,40.05,12,6,closed,true
T003041,1786579200000,S3,cab,SITE4,V01,D0350,KA01AB1070,login,1786635000000,1786635000000,11.72,13.11,4,3,closed,true
T003042,1781395200000,S2,shuttle,SITE1,V05,D0343,KA01AB1547,logout,1781458200000,1781458200000,22.30,22.97,24,12,closed,true
T003043,1786924800000,S3,shuttle,SITE2,V05,D0367,KA01AB1980,logout,1786923000000,1786923180000,35.64,36.98,24,16,closed,true
T003044,1783123200000,S2,cab,SITE1,V12,D0241,KA01AB1042,login,1783153800000,1783153920000,10.52,11.62,4,2,closed,true
T003045,1785542400000,S3,cab,SITE4,V05,D0257,KA01AB1833,login,1785598200000,1785598320000,38.87,41.07,4,4,closed,true
T003046,1781568000000,S2,cab,SITE2,V04,D0270,KA01AB1916,login,1781598600000,1781598600000,22.88,22.77,4,3,closed,true
T003047,1784592000000,S1,shuttle,SITE1,V08,D0101,KA01AB1865,logout,1784633400000,1784633400000,37.58,42.82,24,8,closed,true
T003048,1782000000000,S3,nodal,SITE3,V11,D0140,KA01AB1923,logout,1781998200000,1781998200000,10.22,11.19,12,3,closed,true
T003049,1781136000000,S3,nodal,SITE4,V12,D0114,KA01AB0573,logout,1781134200000,1781134380000,24.09,26.20,12,3,closed,true
T003050,1786924800000,S2,nodal,SITE2,V12,D0065,KA01AB0749,login,1786955400000,1786955580000,9.72,9.81,12,8,closed,true
T003051,1784937600000,S3,nodal,SITE3,V03,D0191,KA01AB1018,login,1784993400000,1784993520000,28.09,31.57,12,4,closed,true
T003052,1785715200000,S1,cab,SITE4,V04,D0161,KA01AB0069,login,1785724200000,1785724320000,37.66,40.81,4,1,closed,true
T003053,1781568000000,S2,cab,SITE1,V07,D0330,KA01AB1336,login,1781598600000,1781598600000,24.77,24.56,4,3,closed,true
T003054,1787875200000,S1,nodal,SITE3,V05,D0170,KA01AB1385,login,1787884200000,1787884320000,24.67,26.07,12,9,closed,true
T003055,1782345600000,S1,nodal,SITE2,V03,D0130,KA01AB1412,login,1782354600000,1782354660000,24.95,25.79,12,6,closed,true
T003056,1787356800000,S3,nodal,SITE2,V08,D0306,KA01AB1136,logout,1787355000000,1787355000000,15.57,16.50,12,9,closed,true
T003057,1782691200000,S1,cab,SITE4,V05,D0359,KA01AB1774,login,1782700200000,1782700380000,14.84,15.58,4,3,closed,true
T003058,1783987200000,S3,cab,SITE3,V10,D0386,KA01AB0704,login,1784043000000,1784043000000,36.30,35.29,4,1,closed,true
T003059,1784592000000,S3,cab,SITE2,V01,D0129,KA01AB1875,login,1784647800000,1784647860000,41.27,39.35,4,3,closed,true
T003060,1781308800000,S1,nodal,SITE1,V03,D0327,KA01AB0486,logout,1781350200000,1781350380000,37.07,37.33,12,7,closed,true
T003061,1781568000000,S2,shuttle,SITE2,V09,D0390,KA01AB0710,login,1781598600000,1781598600000,36.40,36.05,24,23,closed,true
T003062,1782345600000,S3,cab,SITE3,V12,D0131,KA01AB0867,login,1782401400000,1782401460000,16.74,17.73,4,4,closed,true
T003063,1781827200000,S3,nodal,SITE1,V10,D0299,KA01AB1435,login,1781883000000,1781883180000,20.99,21.25,12,11,closed,true
T003064,1782086400000,S1,cab,SITE1,V02,D0353,KA01AB0420,logout,1782127800000,1782127980000,19.86,20.06,4,3,closed,true
T003065,1786406400000,S3,cab,SITE3,V03,D0052,KA01AB1509,login,1786462200000,1786464000000,35.59,35.28,4,2,closed,true
T003066,1786147200000,S2,nodal,SITE2,V01,D0211,KA01AB0029,logout,1786210200000,1786210440000,27.77,28.05,12,11,closed,true
T003067,1786406400000,S2,cab,SITE3,V01,D0166,KA01AB0052,logout,1786469400000,1786469640000,36.57,42.05,4,2,closed,true
T003068,1780790400000,S1,nodal,SITE2,V05,D0023,KA01AB0472,login,1780799400000,1780799580000,42.34,42.87,12,8,closed,true
T003069,1781827200000,S1,cab,SITE2,V05,D0191,KA01AB1159,login,1781836200000,1781838720000,11.73,11.43,4,3,closed,true
T003070,1784851200000,S3,cab,SITE3,V01,D0147,KA01AB1095,login,1784907000000,1784907000000,35.95,36.89,4,1,closed,true
T003071,1784073600000,S3,nodal,SITE4,V11,D0133,KA01AB0841,login,1784129400000,1784129640000,27.04,26.51,12,4,closed,true
T003072,1788480000000,S3,cab,SITE3,V07,D0039,KA01AB1322,logout,1788478200000,1788480540000,17.83,19.10,4,1,closed,true
T003073,1780876800000,S2,cab,SITE3,V08,D0176,KA01AB0840,login,1780907400000,1780907640000,35.10,39.50,4,4,closed,true
T003074,1780790400000,S3,shuttle,SITE3,V02,D0331,KA01AB1457,login,1780846200000,1780846440000,26.72,29.09,24,19,closed,true
T003075,1785456000000,S1,cab,SITE2,V06,D0083,KA01AB1341,logout,1785497400000,1785497580000,33.72,32.59,4,2,closed,true
T003076,1784851200000,S1,nodal,SITE1,V08,D0029,KA01AB0573,login,1784860200000,1784860260000,15.10,14.36,12,12,closed,true
T003077,1787616000000,S3,shuttle,SITE1,V07,D0069,KA01AB0594,login,1787671800000,1787671860000,14.53,15.99,24,6,closed,true
T003078,1782604800000,S1,nodal,SITE3,V05,D0177,KA01AB0949,logout,1782646200000,1782648180000,24.64,26.49,12,9,closed,true
T003079,1780876800000,S2,cab,SITE3,V05,D0121,KA01AB0452,login,1780907400000,1780909740000,11.22,12.26,4,2,closed,true
T003080,1788307200000,S2,cab,SITE3,V05,D0182,KA01AB0657,login,1788337800000,1788337980000,39.03,38.75,4,1,closed,true
T003081,1786579200000,S3,cab,SITE4,V04,D0128,KA01AB1155,logout,1786577400000,1786577400000,27.43,26.77,4,4,closed,true
T003082,1783900800000,S2,cab,SITE4,V07,D0019,KA01AB1355,login,1783931400000,1783931400000,26.46,28.33,4,1,closed,true
T003083,1786147200000,S3,shuttle,SITE4,V11,D0117,KA01AB0648,login,1786203000000,1786203000000,26.10,24.99,24,4,closed,true
T003084,1786147200000,S1,nodal,SITE1,V01,D0367,KA01AB1318,login,1786156200000,1786156260000,8.59,9.80,12,8,closed,true
T003085,1781827200000,S2,shuttle,SITE3,V10,D0125,KA01AB1211,login,1781857800000,1781858700000,26.86,26.02,24,6,closed,true
T003086,1788307200000,S1,shuttle,SITE2,V11,D0167,KA01AB0631,login,1788316200000,1788316200000,24.88,25.86,24,5,closed,true
T003087,1787097600000,S2,nodal,SITE3,V09,D0257,KA01AB0438,logout,1787160600000,1787160660000,24.75,26.54,12,2,closed,true
T003088,1783468800000,S1,shuttle,SITE3,V05,D0164,KA01AB0863,logout,1783510200000,1783510440000,31.71,30.86,24,19,closed,true
T003089,1787443200000,S2,shuttle,SITE2,V03,D0239,KA01AB0488,logout,1787506200000,1787506440000,9.18,9.67,24,1,closed,true
T003090,1786924800000,S1,cab,SITE3,V02,D0371,KA01AB1524,login,1786933800000,1786933980000,25.56,25.93,4,4,closed,true
T003091,1787616000000,S1,cab,SITE1,V11,D0100,KA01AB1115,login,1787625000000,1787625060000,38.55,42.86,4,3,closed,true
T003092,1782000000000,S2,cab,SITE2,V02,D0352,KA01AB0497,login,1782030600000,1782030840000,9.98,11.43,4,1,closed,true
T003093,1784073600000,S3,shuttle,SITE1,V07,D0349,KA01AB1632,login,1784129400000,1784129580000,42.27,43.03,24,15,closed,true
T003094,1783296000000,S1,shuttle,SITE2,V09,D0249,KA01AB1505,login,1783305000000,1783305000000,33.00,34.47,24,22,closed,true
T003095,1788134400000,S2,nodal,SITE3,V12,D0258,KA01AB0496,logout,1788197400000,1788197520000,41.25,39.68,12,7,closed,true
T003096,1783209600000,S2,cab,SITE2,V08,D0035,KA01AB1535,logout,1783272600000,1783272660000,25.07,26.56,4,3,closed,true
T003097,1785801600000,S2,cab,SITE2,V05,D0353,KA01AB1806,logout,1785864600000,1785864660000,11.62,12.81,4,2,closed,true
T003098,1784678400000,S3,cab,SITE3,V11,D0234,KA01AB1208,logout,1784676600000,1784676720000,41.29,44.47,4,1,closed,true
T003099,1787270400000,S2,cab,SITE2,V10,D0014,KA01AB0142,logout,1787333400000,1787333460000,28.11,31.49,4,3,closed,true
T003100,1783987200000,S1,nodal,SITE1,V03,D0273,KA01AB1307,login,1783996200000,1783996380000,42.72,43.57,12,6,closed,true
T003101,1783555200000,S3,cab,SITE2,V05,D0162,KA01AB1249,logout,1783553400000,1783553580000,25.48,27.25,4,3,closed,true
T003102,1786665600000,S1,nodal,SITE1,V12,D0126,KA01AB1220,logout,1786707000000,1786707180000,32.48,30.99,12,7,closed,true
T003103,1781827200000,S1,nodal,SITE3,V11,D0069,KA01AB1694,login,1781836200000,1781837640000,40.35,41.22,12,8,closed,true
T003104,1786233600000,S3,shuttle,SITE1,V02,D0127,KA01AB1270,login,1786289400000,1786289400000,26.32,30.24,24,14,closed,true
T003105,1781222400000,S1,cab,SITE3,V10,D0083,KA01AB0869,login,1781231400000,1781231580000,23.00,22.75,4,1,closed,true
T003106,1783123200000,S1,shuttle,SITE4,V08,D0001,KA01AB0250,login,1783132200000,1783132440000,8.81,8.55,24,22,closed,true
T003107,1783728000000,S3,shuttle,SITE2,V04,D0217,KA01AB0989,logout,1783726200000,1783726260000,22.03,23.36,24,8,closed,true
T003108,1788134400000,S2,cab,SITE3,V06,D0382,KA01AB1380,login,1788165000000,1788165000000,42.20,42.56,4,2,closed,true
T003109,1786406400000,S3,shuttle,SITE3,V10,D0187,KA01AB0154,login,1786462200000,1786462320000,18.21,19.29,24,22,closed,true
T003110,1785024000000,S1,nodal,SITE2,V01,D0035,KA01AB0703,logout,1785065400000,1785065520000,11.23,11.71,12,11,closed,true
T003111,1785628800000,S2,shuttle,SITE1,V04,D0163,KA01AB1678,logout,1785691800000,1785691800000,16.90,16.84,24,9,closed,true
T003112,1783728000000,S1,nodal,SITE2,V12,D0103,KA01AB1708,login,1783737000000,1783737060000,14.86,16.31,12,6,closed,true
T003113,1781481600000,S2,nodal,SITE3,V01,D0388,KA01AB1668,login,1781512200000,1781512200000,26.58,26.23,12,8,closed,true
T003114,1783814400000,S2,shuttle,SITE1,V02,D0222,KA01AB0364,login,1783845000000,1783845240000,30.21,29.49,24,7,closed,true
T003115,1787443200000,S3,nodal,SITE3,V06,D0071,KA01AB0063,logout,1787441400000,1787442300000,26.90,29.74,12,8,closed,true
T003116,1785024000000,S2,nodal,SITE1,V05,D0339,KA01AB0320,logout,1785087000000,1785087240000,31.84,30.59,12,4,closed,true
T003117,1780963200000,S3,nodal,SITE1,V07,D0330,KA01AB0732,logout,1780961400000,1780961460000,23.14,22.36,12,4,closed,true
T003118,1788048000000,S3,nodal,SITE2,V02,D0380,KA01AB1525,login,1788103800000,1788103800000,12.91,13.45,12,12,closed,true,UNEXPECTED_EXTRA_FIELD
T003119,1780963200000,S2,nodal,SITE2,V03,D0141,KA01AB1521,logout,1781026200000,1781026440000,9.05,9.46,12,3,closed,true
T003120,1781654400000,S2,nodal,SITE2,V05,D0154,KA01AB1270,logout,1781717400000,1781717460000,38.88,38.05,12,9,closed,true
T003121,1784937600000,S2,shuttle,SITE4,V05,D0112,KA01AB1799,login,1784968200000,1784968200000,37.72,37.22,24,11,closed,true
T003122,1787961600000,S3,cab,SITE2,V04,D0109,KA01AB1111,login,1788017400000,1788017520000,12.38,13.71,4,3,closed,true
T003123,1787875200000,S2,shuttle,SITE4,V10,D0001,KA01AB0804,logout,1787938200000,1787938440000,14.23,14.57,24,1,closed,true
T003124,1784246400000,S1,shuttle,SITE3,V08,D0049,KA01AB1836,logout,1784287800000,1784287860000,13.63,14.76,24,15,closed,true
T003125,1787356800000,S3,cab,SITE1,V12,D0249,KA01AB1642,login,1787412600000,1787412660000,38.21,42.55,4,4,closed,true
T003126,1782604800000,S2,shuttle,SITE2,V09,D0165,KA01AB0380,login,1782635400000,1782635580000,21.89,21.79,24,20,closed,true
T003127,1786147200000,S2,shuttle,SITE3,V09,D0266,KA01AB1996,logout,1786210200000,1786210200000,37.58,37.80,24,23,closed,true
T003128,1783296000000,S1,shuttle,SITE3,V04,D0215,KA01AB1556,logout,1783337400000,1783337520000,29.59,32.12,24,15,closed,true
T003129,1787702400000,S1,nodal,SITE4,V03,D0221,KA01AB0369,logout,1787743800000,1787745780000,38.53,37.21,12,6,closed,true
T003130,1781740800000,S2,shuttle,SITE3,V11,D0390,KA01AB0927,login,1781771400000,1781771640000,17.79,16.97,24,18,closed,true
T003131,1787529600000,S1,shuttle,SITE3,V07,D0357,KA01AB1709,login,1787538600000,1787538600000,38.06,37.53,24,15,closed,true
T003132,1784246400000,S2,shuttle,SITE1,V08,D0117,KA01AB0763,login,1784277000000,1784278920000,29.04,31.88,24,3,closed,true
T003133,1786060800000,S1,cab,SITE2,V01,D0071,KA01AB1831,logout,1786102200000,1786102440000,26.91,26.04,4,1,closed,true
T003134,1788220800000,S3,cab,SITE3,V03,D0002,KA01AB0549,login,1788276600000,1788276720000,11.82,11.95,4,4,closed,true
T003135,1781395200000,S1,shuttle,SITE1,V02,D0274,KA01AB1552,login,1781404200000,1781404260000,39.43,38.64,24,5,closed,true
T003136,1783209600000,S2,nodal,SITE1,V07,D0175,KA01AB0096,logout,1783272600000,1783272780000,23.99,27.44,12,1,closed,true
T003137,1783900800000,S3,nodal,SITE3,V06,D0330,KA01AB1080,login,1783956600000,1783956720000,31.24,29.68,12,8,closed,true
T003138,1786838400000,S1,cab,SITE2,V01,D0127,KA01AB0436,logout,1786879800000,1786879920000,13.19,13.79,4,3,closed,true
T003139,1783814400000,S1,cab,SITE4,V02,D0032,KA01AB0449,logout,1783855800000,1783855980000,42.61,47.22,4,1,closed,true
T003140,1787443200000,S2,shuttle,SITE4,V03,D0143,KA01AB1633,logout,1787506200000,1787506200000,25.32,24.34,24,17,closed,true
T003141,1786579200000,S2,nodal,SITE3,V10,D0055,KA01AB1869,logout,1786642200000,1786643280000,41.78,41.48,12,8,closed,true
T003142,1782691200000,S3,cab,SITE4,V12,D0009,KA01AB0700,logout,1782689400000,1782691920000,19.96,20.93,4,2,closed,true
T003143,1786924800000,S1,shuttle,SITE2,V06,D0102,KA01AB1424,logout,1786966200000,1786968900000,21.35,23.77,24,21,closed,true
T003144,1785542400000,S1,cab,SITE4,V09,D0147,KA01AB1145,login,1785551400000,1785551640000,38.28,37.69,4,2,closed,true
T003145,1785110400000,S2,shuttle,SITE4,V07,D0183,KA01AB1501,logout,1785173400000,1785173460000,14.81,15.26,24,8,closed,true
T003146,1786406400000,S2,nodal,SITE1,V02,D0008,KA01AB1530,logout,1786469400000,1786470060000,29.87,32.86,12,1,closed,true
T003147,1783641600000,S3,cab,SITE2,V04,D0130,KA01AB1961,login,1783697400000,1783697640000,10.43,11.42,4,4,closed,true
T003148,1784160000000,S2,cab,SITE1,V08,D0225,KA01AB1905,logout,1784223000000,1784223060000,41.51,43.13,4,1,closed,true
T003149,1785110400000,S2,nodal,SITE2,V02,D0372,KA01AB1969,login,1785141000000,1785141240000,21.35,21.51,12,2,closed,true
T003150,1787788800000,S2,nodal,SITE2,V05,D0071,KA01AB1084,login,1787819400000,1787819640000,12.01,11.49,12,10,closed,true
T003151,1781481600000,S3,cab,SITE3,V03,D0327,KA01AB1909,login,1781537400000,1781537520000,37.21,41.17,4,2,closed,true
T003152,1788220800000,S2,nodal,SITE3,V09,D0177,KA01AB1156,logout,1788283800000,1788283860000,33.35,32.28,12,1,closed,true
T003153,1783641600000,S1,shuttle,SITE3,V04,D0307,KA01AB0754,logout,1783683000000,1783683000000,32.78,34.71,24,15,closed,true
T003154,1786838400000,S2,nodal,SITE1,V01,D0180,KA01AB1021,login,1786869000000,1786869180000,33.30,33.50,12,7,closed,true
T003155,1786320000000,S2,nodal,SITE1,V08,D0036,KA01AB0683,login,1786350600000,1786350600000,34.22,38.92,12,2,closed,true
T003156,1787961600000,S3,cab,SITE3,V10,D0177,KA01AB0950,login,1788017400000,1788019680000,29.66,30.82,4,3,closed,true
T003157,1781568000000,S2,shuttle,SITE3,V09,D0111,KA01AB0205,logout,1781631000000,1781633220000,23.93,23.38,24,5,closed,true
T003158,1780876800000,S3,nodal,SITE1,V03,D0176,KA01AB0852,login,1780932600000,1780932780000,10.91,10.60,12,5,closed,true
T003159,1781136000000,S3,cab,SITE4,V01,D0178,KA01AB0874,logout,1781134200000,1781134380000,32.44,35.86,4,1,closed,true
T003160,1781913600000,S2,nodal,SITE3,V06,D0215,KA01AB0694,logout,1781976600000,1781977680000,20.16,21.83,12,3,closed,true
T003161,1786579200000,S3,cab,SITE2,V03,D0002,KA01AB0390,logout,1786577400000,1786577640000,14.26,15.16,4,3,closed,true
T003162,1785888000000,S3,nodal,SITE1,V05,D0329,KA01AB1322,logout,1785886200000,1785886440000,32.83,37.45,12,1,closed,true
T003163,1782000000000,S1,nodal,SITE2,V11,D0211,KA01AB0566,login,1782009000000,1782009600000,19.85,20.32,12,7,closed,true
T003164,1788393600000,S2,shuttle,SITE3,V10,D0016,KA01AB1916,logout,1788456600000,1788456720000,10.37,10.87,24,9,closed,true
T003165,1781222400000,S2,cab,SITE3,V05,D0195,KA01AB1431,logout,1781285400000,1781285640000,38.14,41.60,4,4,closed,true
T003166,1783900800000,S3,shuttle,SITE2,V06,D0067,KA01AB0239,login,1783956600000,1783956720000,11.40,11.27,24,11,closed,true
T003167,1782432000000,S1,nodal,SITE3,V04,D0081,KA01AB0035,login,1782441000000,1782441000000,36.10,35.91,12,11,closed,true
T003168,1782086400000,S2,shuttle,SITE4,V05,D0159,KA01AB1503,login,1782117000000,1782117000000,19.32,19.69,24,3,closed,true
T003169,1782432000000,S3,cab,SITE3,V03,D0188,KA01AB0074,login,1782487800000,1782487800000,13.94,14.79,4,4,closed,true
T003170,1782950400000,S3,nodal,SITE2,V10,D0291,KA01AB1423,login,1783006200000,1783006200000,17.12,19.68,12,9,closed,true
T003171,1785542400000,S3,shuttle,SITE2,V03,D0378,KA01AB1135,login,1785598200000,1785598200000,12.36,13.62,24,17,closed,true
T003172,1785456000000,S2,cab,SITE4,V05,D0246,KA01AB0905,login,1785486600000,1785486660000,31.66,35.16,4,2,closed,true
T003173,1786060800000,S1,nodal,SITE1,V02,D0063,KA01AB1888,login,1786069800000,1786069980000,40.94,43.29,12,5,closed,true
T003174,1782777600000,S1,shuttle,SITE2,V01,D0373,KA01AB0521,logout,1782819000000,1782819000000,27.98,26.68,24,16,closed,true
T003175,1787184000000,S3,nodal,SITE3,V12,D0374,KA01AB0640,logout,1787182200000,1787182440000,25.72,29.45,12,9,closed,true
T003176,1783641600000,S2,shuttle,SITE4,V08,D0151,KA01AB1177,logout,1783704600000,1783704840000,25.77,28.69,24,2,closed,true
T003177,1784505600000,S1,cab,SITE4,V02,D0183,KA01AB1592,login,1784514600000,1784514720000,16.76,17.61,4,3,closed,true
T003178,1787875200000,S1,nodal,SITE3,V08,D0373,KA01AB1637,login,1787884200000,1787884380000,42.87,42.81,12,7,closed,true
T003179,1785974400000,S1,shuttle,SITE3,V03,D0227,KA01AB0262,login,1785983400000,1785985320000,13.64,13.81,24,23,closed,true
T003180,1781395200000,S1,cab,SITE3,V09,D0286,KA01AB1724,login,1781404200000,1781405580000,35.92,40.35,4,4,closed,true
T003181,1786233600000,S2,shuttle,SITE3,V09,D0116,KA01AB1727,logout,1786296600000,1786296840000,21.54,22.46,24,17,closed,true
T003182,1781049600000,S3,nodal,SITE4,V05,D0219,KA01AB0009,login,1781105400000,1781105640000,37.51,38.48,12,3,closed,true
T003183,1781827200000,S1,nodal,SITE3,V05,D0242,KA01AB0469,logout,1781868600000,1781868780000,35.82,41.14,12,2,closed,true
T003184,1780876800000,S1,nodal,SITE4,V03,D0116,KA01AB1013,logout,1780918200000,1780918380000,42.80,45.16,12,2,closed,true
T003185,1785196800000,S1,nodal,SITE4,V02,D0265,KA01AB0688,login,1785205800000,1785205860000,17.74,17.04,12,6,closed,true
T003186,1786406400000,S3,cab,SITE2,V09,D0165,KA01AB0839,login,1786462200000,1786462260000,20.95,23.38,4,1,closed,true
T003187,1783209600000,S2,shuttle,SITE4,V03,D0095,KA01AB0367,logout,1783272600000,1783272720000,29.95,33.29,24,13,closed,true
T003188,1782345600000,S1,shuttle,SITE1,V03,D0366,KA01AB1449,logout,1782387000000,1782387240000,41.88,44.80,24,14,closed,true
T003189,1781740800000,S1,nodal,SITE3,V02,D0295,KA01AB1397,logout,1781782200000,1781782320000,13.27,13.51,12,6,closed,true
T003190,1786147200000,S3,shuttle,SITE3,V06,D0279,KA01AB0640,login,1786203000000,1786203000000,25.35,28.41,24,7,closed,true
T003191,1783814400000,S2,shuttle,SITE2,V12,D0334,KA01AB1454,login,1783845000000,1783845060000,27.13,30.37,24,2,closed,true
T003192,1782172800000,S1,shuttle,SITE4,V11,D0198,KA01AB1354,login,1782181800000,1782181920000,17.91,19.01,24,16,closed,true
T003193,1783468800000,S2,shuttle,SITE1,V11,D0340,KA01AB1797,login,1783499400000,,24.09,26.07,24,1,open,true
T003194,1787529600000,S1,nodal,SITE4,V12,D0291,KA01AB0835,logout,1787571000000,1787571060000,30.18,29.34,12,2,closed,true
T003195,1785024000000,S3,nodal,SITE3,V11,D0056,KA01AB0898,login,1785079800000,1785080580000,19.87,22.14,12,4,closed,true
T003196,1781654400000,S3,shuttle,SITE4,V02,D0266,KA01AB0025,logout,1781652600000,1781652600000,32.09,33.10,24,21,closed,true
T003197,1780963200000,S3,cab,SITE4,V03,D0344,KA01AB0625,login,1781019000000,1781020800000,39.63,44.85,4,1,closed,true
T003198,1787788800000,S1,cab,SITE1,V06,D0230,KA01AB0348,logout,1787830200000,1787830320000,29.48,28.50,4,1,closed,true
T003199,1785888000000,S2,shuttle,SITE1,V07,D0020,KA01AB0375,login,1785918600000,1785918600000,37.09,35.65,24,5,closed,true
T003200,1788220800000,S1,cab,SITE2,V04,D0270,KA01AB1031,login,1788229800000,1788229800000,33.22,35.30,4,4,closed,true
T003201,1784419200000,S1,shuttle,SITE3,V01,D0117,KA01AB1504,login,1784428200000,1784430060000,18.17,20.13,24,16,closed,true
T003202,1785196800000,S1,shuttle,SITE3,V06,D0261,KA01AB0627,login,1785205800000,1785207900000,27.12,28.22,24,7,closed,true
T003203,1781654400000,S3,nodal,SITE3,V04,D0373,KA01AB1740,login,1781710200000,1781710320000,17.54,17.23,12,5,closed,true
T003204,1788220800000,S3,shuttle,SITE4,V01,D0110,KA01AB0879,logout,1788219000000,1788219120000,15.88,17.92,24,24,closed,true
T003205,1783209600000,S1,cab,SITE4,V07,D0281,KA01AB1078,logout,1783251000000,1783251240000,14.63,13.90,4,1,closed,true
T003206,1785196800000,S1,shuttle,SITE3,V01,D0346,KA01AB0124,login,1785205800000,1785205920000,23.53,24.84,24,16,closed,true
T003207,1787616000000,S2,cab,SITE1,V11,D0297,KA01AB1833,login,1787646600000,1787646840000,11.86,11.54,4,1,closed,true
T003208,1786492800000,S1,nodal,SITE1,V12,D0244,KA01AB1809,logout,1786534200000,1786534320000,20.30,21.28,12,6,closed,true
T003209,1782691200000,S1,cab,SITE1,V04,D0104,KA01AB0515,login,1782700200000,1782700200000,33.52,34.56,4,3,closed,true
T003210,1787356800000,S3,nodal,SITE3,V04,D0167,KA01AB0063,login,1787412600000,1787413440000,20.97,23.69,12,6,closed,true
T003211,1782950400000,S1,cab,SITE2,V09,D0139,KA01AB1093,logout,1782991800000,1782991920000,28.78,28.02,4,2,closed,true
T003212,1783987200000,S1,cab,SITE3,V07,D0184,KA01AB0373,login,1783996200000,1783996260000,35.36,38.06,4,4,closed,true
T003213,1784073600000,S2,shuttle,SITE2,V06,D0023,KA01AB1327,logout,1784136600000,1784136660000,9.06,9.34,24,15,closed,true
T003214,1783814400000,S1,nodal,SITE2,V06,D0162,KA01AB1165,login,1783823400000,1783823460000,41.16,42.68,12,8,closed,true
T003215,1786924800000,S1,nodal,SITE4,V04,D0262,KA01AB1491,logout,1786966200000,1786966380000,14.79,16.15,12,1,closed,true
T003216,1783468800000,S2,shuttle,SITE3,V03,D0170,KA01AB1280,logout,1783531800000,1783531920000,42.99,45.21,24,24,closed,true
T003217,1786492800000,S3,nodal,SITE2,V09,D0236,KA01AB0569,logout,1786491000000,1786491240000,38.69,40.92,12,11,closed,true
T003218,1787356800000,S1,cab,SITE3,V12,D0271,KA01AB1596,login,1787365800000,1787366040000,41.44,47.53,4,1,closed,true
T003219,1785888000000,S2,cab,SITE3,V10,D0317,KA01AB0578,login,1785918600000,1785918720000,11.03,12.01,4,4,closed,true
T003220,1783641600000,S1,nodal,SITE4,V03,D0270,KA01AB0739,logout,1783683000000,1783683120000,25.75,28.96,12,1,closed,true
T003221,1783641600000,S2,shuttle,SITE1,V08,D0061,KA01AB0455,logout,1783704600000,1783705860000,8.37,8.71,24,23,closed,true
T003222,1782000000000,S2,cab,SITE2,V01,D0170,KA01AB1480,logout,1782063000000,1782063120000,33.28,33.59,4,4,closed,true
T003223,1784937600000,S3,shuttle,SITE3,V01,D0071,KA01AB0902,logout,1784935800000,1784935800000,20.39,19.84,24,2,closed,true
T003224,1787616000000,S1,nodal,SITE2,V03,D0366,KA01AB0621,logout,1787657400000,1787657400000,24.90,24.34,12,12,closed,true
T003225,1782000000000,S2,cab,SITE3,V01,D0209,KA01AB1766,logout,1782063000000,1782063240000,29.29,28.00,4,2,closed,true
T003226,1780876800000,S2,nodal,SITE3,V03,D0301,KA01AB0517,logout,1780939800000,1780941900000,9.29,9.54,12,2,closed,true
T003227,1784160000000,S2,shuttle,SITE3,V03,D0133,KA01AB0653,logout,1784223000000,1784223180000,19.68,19.41,24,9,closed,true
T003228,1781481600000,S1,nodal,SITE4,V04,D0218,KA01AB1645,logout,1781523000000,1781523000000,40.08,41.24,12,8,closed,true
T003229,1784592000000,S3,shuttle,SITE1,V07,D0142,KA01AB0963,login,1784647800000,1784648040000,19.87,18.89,24,19,closed,true
T003230,1787529600000,S1,cab,SITE3,V03,D0043,KA01AB1043,logout,1787571000000,1787571180000,9.04,9.34,4,3,closed,true
T003231,1787443200000,S2,cab,SITE3,V10,D0248,KA01AB1519,login,1787473800000,1787473980000,19.37,19.80,4,2,closed,true
T003232,1786320000000,S3,nodal,SITE3,V10,D0051,KA01AB1515,login,1786375800000,1786375980000,11.40,12.93,12,3,closed,true
T003233,1788220800000,S2,cab,SITE1,V04,D0321,KA01AB0390,logout,1788283800000,1788285900000,35.45,36.49,4,4,closed,true
T003234,1784332800000,S3,cab,SITE2,V12,D0394,KA01AB1301,login,1784388600000,1784389080000,31.66,33.00,4,1,closed,true
T003235,1783728000000,S2,cab,SITE4,V03,D0101,KA01AB1924,logout,1783791000000,1783791060000,19.49,21.14,4,1,closed,true
T003236,1783987200000,S2,nodal,SITE4,V03,D0069,KA01AB0301,logout,1784050200000,1784050440000,33.18,33.96,12,8,closed,true
T003237,1785369600000,S1,nodal,SITE2,V02,D0236,KA01AB0133,login,1785378600000,1785378840000,9.39,9.81,12,5,closed,true
T003238,1782086400000,S1,nodal,SITE1,V10,D0338,KA01AB0735,login,1782095400000,1782095460000,39.81,41.68,12,8,closed,true
T003239,1784937600000,S3,shuttle,SITE4,V10,D0194,KA01AB0588,login,1784993400000,1784993520000,29.50,30.95,24,11,closed,true
T003240,1784246400000,S1,cab,SITE4,V09,D0299,KA01AB1553,login,1784255400000,1784255640000,26.82,26.28,4,3,closed,true
T003241,1781308800000,S2,cab,SITE4,V12,D0185,KA01AB0077,logout,1781371800000,1781371860000,17.99,18.39,4,2,closed,true
T003242,1782000000000,S2,cab,SITE2,V12,D0392,KA01AB1090,login,1782030600000,1782030660000,31.59,31.89,4,4,closed,true
T003243,1784073600000,S2,cab,SITE3,V12,D0353,KA01AB1440,login,1784104200000,1784104200000,40.64,42.15,4,4,closed,true
T003244,1781740800000,S1,cab,SITE2,V08,D0360,KA01AB1266,login,1781749800000,1781749980000,15.98,16.15,4,2,closed,true
T003245,1784937600000,S1,shuttle,SITE1,V02,D0246,KA01AB0462,login,1784946600000,1784946780000,41.14,42.40,24,3,closed,true
T003246,1781481600000,S1,shuttle,SITE3,V06,D0213,KA01AB0415,login,1781490600000,1781490780000,13.20,14.40,24,3,closed,true
T003247,1786752000000,S3,cab,SITE2,V03,D0347,KA01AB1102,logout,1786750200000,1786750200000,35.99,39.66,4,1,closed,false
T003248,1781654400000,S2,cab,SITE1,V11,D0230,KA01AB0679,login,1781685000000,1781685120000,18.75,17.99,4,2,closed,true
T003249,1786838400000,S3,nodal,SITE3,V01,D0235,KA01AB0550,login,1786894200000,1786895340000,23.13,24.38,12,1,closed,true
T003250,1787961600000,S3,nodal,SITE2,V04,D0273,KA01AB0188,login,1788017400000,,31.10,30.20,12,4,open,true
T003251,1787875200000,S1,nodal,SITE4,V05,D0395,KA01AB1362,logout,1787916600000,1787916600000,33.62,36.91,12,6,closed,true
T003252,1784505600000,S3,nodal,SITE4,V05,D0351,KA01AB0699,logout,1784503800000,1784503860000,11.78,12.41,12,2,closed,true
T003253,1783209600000,S1,nodal,SITE3,V11,D0271,KA01AB0823,logout,1783251000000,1783251180000,38.16,40.78,12,11,closed,true
T003254,1787356800000,S3,nodal,SITE2,V03,D0177,KA01AB0362,login,1787412600000,1787412600000,34.77,37.41,12,1,closed,true
T003255,1787097600000,S3,cab,SITE1,V11,D0177,KA01AB1525,login,1787153400000,1787153580000,10.95,11.77,4,3,closed,true
T003256,1785715200000,S1,cab,SITE2,V09,D0371,KA01AB1415,login,1785724200000,1785726420000,31.25,32.60,4,1,closed,true
T003257,1784160000000,S2,cab,SITE1,V06,D0008,KA01AB1422,logout,1784223000000,1784223180000,27.05,26.28,4,4,closed,true
T003258,1787097600000,S2,nodal,SITE3,V04,D0073,KA01AB0653,logout,1787160600000,1787160840000,21.07,23.99,12,12,closed,true
T003259,1781481600000,S3,cab,SITE2,V01,D0234,KA01AB1456,logout,1781479800000,1781479980000,40.37,41.59,4,2,closed,true
T003260,1785024000000,S1,cab,SITE4,V09,D0207,KA01AB1495,login,1785033000000,1785033180000,15.80,16.00,4,1,closed,true
T003261,1783641600000,S3,cab,SITE4,V08,D0129,KA01AB0427,login,1783697400000,1783698840000,27.90,28.91,4,2,closed,true
T003262,1785369600000,S1,shuttle,SITE4,V02,D0092,KA01AB0136,logout,1785411000000,1785411000000,35.41,36.96,24,23,closed,true
T003263,1785715200000,S2,shuttle,SITE3,V06,D0310,KA01AB1742,logout,1785778200000,1785778440000,39.54,40.95,24,8,closed,true
T003264,1784592000000,S2,shuttle,SITE3,V05,D0199,KA01AB0858,login,1784622600000,1784622780000,24.31,23.77,24,10,closed,true
T003265,1784419200000,S3,cab,SITE1,V10,D0095,KA01AB1687,logout,1784417400000,1784417520000,14.36,14.88,4,1,closed,true
T003266,1788393600000,S1,nodal,SITE1,V02,D0010,KA01AB1811,logout,1788435000000,,26.44,25.13,12,5,open,true,UNEXPECTED_EXTRA_FIELD
T003267,1787788800000,S1,nodal,SITE2,V06,D0077,KA01AB1045,login,1787797800000,1787797860000,41.08,46.70,12,11,closed,true
T003268,1787011200000,S3,shuttle,SITE1,V03,D0018,KA01AB1947,login,1787067000000,1787067240000,16.65,18.64,24,8,closed,true
T003269,1783641600000,S1,shuttle,SITE2,V12,D0174,KA01AB0035,login,1783650600000,1783653180000,38.50,39.30,24,12,closed,true
T003270,1784851200000,S1,nodal,SITE2,V10,D0292,KA01AB1697,logout,1784892600000,1784892840000,39.94,38.47,12,5,closed,true
T003271,1787616000000,S2,nodal,SITE1,V02,D0335,KA01AB0754,login,1787646600000,1787646840000,16.66,17.49,12,6,closed,true
T003272,1783382400000,S2,cab,SITE4,V04,D0330,KA01AB0138,logout,1783445400000,1783445400000,8.12,9.17,4,1,closed,true
T003273,1785024000000,S2,cab,SITE4,V07,D0331,KA01AB0119,login,1785054600000,1785054720000,16.87,16.45,4,2,closed,true
T003274,1784160000000,S1,shuttle,SITE3,V07,D0046,KA01AB1383,login,1784169000000,1784169000000,40.24,45.49,24,13,closed,true
T003275,1787443200000,S3,cab,SITE4,V10,D0273,KA01AB1270,logout,1787441400000,1787443020000,30.85,31.46,4,2,closed,true
T003276,1788480000000,S2,nodal,SITE2,V04,D0069,KA01AB0033,logout,1788543000000,1788543000000,30.11,31.22,12,11,closed,true
T003277,1784332800000,S1,nodal,SITE3,V08,D0089,KA01AB0678,logout,1784374200000,1784374380000,35.43,40.40,12,2,closed,true
T003278,1786665600000,S2,shuttle,SITE4,V03,D0369,KA01AB0524,login,1786696200000,1786696320000,36.65,39.85,24,10,closed,true
T003279,1781827200000,S2,shuttle,SITE3,V09,D0135,KA01AB0310,login,1781857800000,1781859000000,8.80,9.93,24,24,closed,true
T003280,1786233600000,S2,cab,SITE2,V01,D0373,KA01AB1969,login,1786264200000,1786264200000,28.50,30.03,4,1,closed,true
T003281,1788134400000,S1,shuttle,SITE2,V03,D0034,KA01AB1636,login,1788143400000,1788143400000,26.99,29.31,24,18,closed,true
T003282,1781049600000,S1,cab,SITE3,V01,D0021,KA01AB1612,logout,1781091000000,1781091000000,12.98,12.73,4,4,closed,true
T003283,1781308800000,S3,nodal,SITE2,V11,D0200,KA01AB1617,login,1781364600000,1781364720000,23.22,25.56,12,10,closed,true
T003284,1782864000000,S2,cab,SITE2,V07,D0136,KA01AB0281,logout,1782927000000,1782927180000,11.06,11.82,4,2,closed,true
T003285,1784332800000,S3,shuttle,SITE1,V05,D0136,KA01AB0982,login,1784388600000,1784388840000,42.77,43.83,24,23,closed,true
T003286,1787875200000,S1,cab,SITE3,V07,D0124,KA01AB1080,login,1787884200000,1787886660000,13.59,15.29,4,1,closed,true
T003287,1787356800000,S1,nodal,SITE4,V08,D0222,KA01AB0783,login,1787365800000,1787365980000,31.79,33.04,12,11,closed,true
T003288,1780963200000,S2,shuttle,SITE3,V02,D0004,KA01AB0498,logout,1781026200000,1781026200000,11.09,12.45,24,11,closed,true
T003289,1787011200000,S1,shuttle,SITE2,V05,D0097,KA01AB0065,logout,1787052600000,1787052600000,13.56,12.88,24,21,closed,true
T003290,1787097600000,S3,nodal,SITE3,V03,D0086,KA01AB1464,login,1787153400000,1787154960000,17.19,17.51,12,12,closed,true
T003291,1784592000000,S2,cab,SITE2,V08,D0159,KA01AB0247,logout,1784655000000,1784655120000,35.77,35.96,4,4,closed,true
T003292,1785369600000,S2,shuttle,SITE4,V10,D0256,KA01AB1489,logout,1785432600000,1785432840000,25.03,25.22,24,11,closed,true
T003293,1782259200000,S3,shuttle,SITE1,V06,D0261,KA01AB1573,login,1782315000000,1782315240000,32.68,31.12,24,20,closed,true
T003294,1786060800000,S2,shuttle,SITE4,V01,D0093,KA01AB0810,logout,1786123800000,1786123920000,32.32,31.96,24,10,closed,true
T003295,1782172800000,S3,shuttle,SITE1,V01,D0209,KA01AB1082,login,1782228600000,1782228840000,42.93,46.24,24,18,closed,true
T003296,1781913600000,S2,shuttle,SITE2,V10,D0090,KA01AB1614,login,1781944200000,1781944440000,28.19,28.09,24,4,closed,true
T003297,1782259200000,S2,cab,SITE3,V06,D0356,KA01AB0382,logout,1782322200000,1782322260000,12.16,11.87,4,2,closed,true
T003298,1783468800000,S1,nodal,SITE1,V09,D0004,KA01AB0176,logout,1783510200000,1783510200000,38.03,38.21,12,4,closed,true
T003299,1780963200000,S3,shuttle,SITE1,V01,D0191,KA01AB0577,login,1781019000000,1781019180000,9.08,9.84,24,21,closed,true
T003300,1787097600000,S2,cab,SITE2,V10,D0255,KA01AB0469,logout,1787160600000,1787162400000,35.56,36.10,4,3,closed,true
T003301,1784764800000,S1,cab,SITE2,V12,D0131,KA01AB0763,logout,1784806200000,1784806380000,30.22,32.27,4,1,closed,true
T003302,1786579200000,S2,nodal,SITE3,V07,D0352,KA01AB0519,login,1786609800000,1786609800000,11.28,12.76,12,4,closed,true,UNEXPECTED_EXTRA_FIELD
T003303,1781827200000,S1,cab,SITE1,V03,D0061,KA01AB0732,login,1781836200000,1781836320000,16.68,17.85,4,2,closed,true
T003304,1787097600000,S2,shuttle,SITE2,V02,D0159,KA01AB1024,logout,1787160600000,1787161200000,30.37,32.54,24,5,closed,true
T003305,1787184000000,S1,nodal,SITE2,V04,D0329,KA01AB0868,logout,1787225400000,1787225400000,23.18,25.46,12,5,closed,true
T003306,1783468800000,S1,nodal,SITE1,V04,D0067,KA01AB0311,logout,1783510200000,1783510260000,31.13,30.74,12,7,closed,true
T003307,1782950400000,S1,nodal,SITE1,V03,D0041,KA01AB1560,login,1782959400000,1782959400000,14.00,15.40,12,2,closed,true
T003308,1781136000000,S3,nodal,SITE3,V06,D0264,KA01AB1032,logout,1781134200000,1781134860000,24.34,26.15,12,3,closed,true
T003309,1782172800000,S3,cab,SITE4,V06,D0017,KA01AB1966,login,1782228600000,1782230460000,39.70,43.47,4,1,closed,true
T003310,1786147200000,S1,nodal,SITE3,V03,D0147,KA01AB1183,login,1786156200000,1786156260000,8.31,8.44,12,5,closed,true
T003311,1787961600000,S1,nodal,SITE4,V12,D0354,KA01AB0391,logout,1788003000000,1788003000000,25.29,25.85,12,4,closed,true
T003312,1788480000000,S2,nodal,SITE4,V09,D0183,KA01AB0584,logout,1788543000000,1788545220000,33.37,33.22,12,10,closed,true
T003313,1787097600000,S2,cab,SITE1,V01,D0383,KA01AB1225,login,1787128200000,1787128200000,25.59,26.24,4,4,closed,true
T003314,1783382400000,S3,shuttle,SITE4,V03,D0131,KA01AB1638,logout,1783380600000,1783380660000,28.71,30.43,24,6,closed,true
T003315,1787702400000,S3,nodal,SITE4,V02,D0032,KA01AB1913,login,1787758200000,1787758440000,33.30,37.26,12,8,closed,true
T003316,1782691200000,S3,shuttle,SITE4,V03,D0036,KA01AB1999,logout,1782689400000,1782689640000,13.38,14.25,24,1,closed,true
T003317,1784678400000,S2,cab,SITE4,V01,D0272,KA01AB1040,login,1784709000000,1784709240000,29.84,29.05,4,4,closed,true
T003318,1782950400000,S3,cab,SITE4,V09,D0054,KA01AB0081,login,1783006200000,1783007820000,34.22,34.39,4,4,closed,true
T003319,1784851200000,S1,cab,SITE2,V05,D0322,KA01AB1206,login,1784860200000,1784860260000,29.68,29.23,4,3,closed,true
T003320,1781568000000,S1,nodal,SITE4,V02,D0053,KA01AB1187,login,1781577000000,1781577240000,26.85,29.89,12,6,closed,true
T003321,1785456000000,S2,cab,SITE4,V09,D0098,KA01AB1329,logout,1785519000000,1785519120000,12.55,13.42,4,3,closed,true
T003322,1785715200000,S1,shuttle,SITE2,V07,D0182,KA01AB1864,logout,1785756600000,1785756720000,9.09,9.24,24,20,closed,true
T003323,1787788800000,S2,cab,SITE1,V08,D0353,KA01AB0580,logout,1787851800000,1787851860000,17.08,19.36,4,2,closed,true
T003324,1787788800000,S1,nodal,SITE3,V02,D0278,KA01AB1174,logout,1787830200000,,10.12,10.47,12,5,open,true
T003325,1783814400000,S1,shuttle,SITE1,V11,D0142,KA01AB0780,login,1783823400000,1783823460000,40.95,46.24,24,5,closed,true
T003326,1787961600000,S3,nodal,SITE4,V02,D0381,KA01AB1480,logout,1787959800000,1787959860000,10.29,11.75,12,6,closed,true
T003327,1783555200000,S2,nodal,SITE1,V02,D0048,KA01AB1433,login,1783585800000,1783585860000,37.70,40.04,12,11,closed,true
T003328,1783900800000,S1,nodal,SITE4,V07,D0233,KA01AB0210,logout,1783942200000,1783942380000,42.87,46.72,12,3,closed,true
T003329,1781740800000,S2,shuttle,SITE4,V07,D0044,KA01AB1461,logout,1781803800000,1781803800000,34.47,34.66,24,7,closed,false
T003330,1785888000000,S1,cab,SITE1,V05,D0210,KA01AB1667,logout,1785929400000,1785929460000,18.70,20.54,4,4,closed,true
T003331,1788480000000,S1,shuttle,SITE2,V02,D0142,KA01AB0049,login,1788489000000,1788489060000,32.13,32.53,24,17,closed,true
T003332,1783036800000,S2,shuttle,SITE4,V11,D0254,KA01AB1628,login,1783067400000,1783067580000,34.00,32.46,24,22,closed,true
T003333,1786838400000,S2,nodal,SITE4,V06,D0255,KA01AB0071,logout,1786901400000,1786901580000,22.88,25.60,12,2,closed,true
T003334,1783728000000,S1,nodal,SITE3,V06,D0139,KA01AB1104,login,1783737000000,,12.46,11.85,12,8,open,true
T003335,1786060800000,S3,cab,SITE3,V09,D0137,KA01AB1493,login,1786116600000,1786118040000,40.15,41.69,4,2,closed,true
T003336,1786060800000,S3,nodal,SITE2,V11,D0039,KA01AB1750,logout,1786059000000,1786059180000,41.96,40.65,12,6,closed,true
T003337,1781395200000,S1,cab,SITE3,V03,D0305,KA01AB1072,logout,1781436600000,1781436780000,24.24,26.47,4,1,closed,true
T003338,1788134400000,S3,nodal,SITE2,V07,D0106,KA01AB1920,logout,1788132600000,1788134820000,34.57,36.19,12,2,closed,false
T003339,1782259200000,S2,shuttle,SITE2,V07,D0114,KA01AB1043,logout,1782322200000,1782323880000,13.48,14.07,24,21,closed,true
T003340,1786924800000,S2,shuttle,SITE2,V01,D0041,KA01AB0755,login,1786955400000,1786955460000,22.57,22.06,24,4,closed,true
T003341,1782259200000,S2,nodal,SITE2,V06,D0120,KA01AB0484,logout,1782322200000,,38.42,36.90,12,7,open,true
T003342,1787961600000,S3,nodal,SITE2,V12,D0283,KA01AB1007,logout,1787959800000,1787959920000,40.03,39.01,12,11,closed,true
T003343,1786924800000,S3,cab,SITE4,V08,D0002,KA01AB0611,login,1786980600000,1786983300000,28.94,31.15,4,1,closed,true
T003344,1787011200000,S2,cab,SITE3,V10,D0265,KA01AB0013,login,1787041800000,1787041980000,25.44,27.94,4,2,closed,true
T003345,1785024000000,S1,shuttle,SITE2,V09,D0329,KA01AB1865,login,1785033000000,1785034080000,25.86,28.26,24,10,closed,true
T003346,1787443200000,S2,shuttle,SITE4,V05,D0180,KA01AB0199,logout,1787506200000,1787506320000,40.48,39.16,24,22,closed,true
T003347,1784937600000,S1,cab,SITE3,V02,D0232,KA01AB0719,logout,1784979000000,1784979060000,16.27,15.61,4,2,closed,true
T003348,1787356800000,S1,shuttle,SITE1,V09,D0116,KA01AB1130,login,1787365800000,1787366040000,36.50,35.43,24,14,closed,true
T003349,1786838400000,S2,cab,SITE4,V04,D0109,KA01AB0499,login,1786869000000,1786869180000,15.59,15.75,4,2,closed,true
T003350,1782086400000,S2,nodal,SITE2,V06,D0308,KA01AB0153,login,1782117000000,1782117120000,25.44,28.05,12,5,closed,true
T003351,1785283200000,S2,cab,SITE4,V11,D0336,KA01AB1295,logout,1785346200000,1785346380000,41.90,47.31,4,2,closed,true
T003352,1782950400000,S2,cab,SITE3,V01,D0281,KA01AB1287,logout,1783013400000,1783013580000,29.35,33.59,4,3,closed,true
T003353,1781049600000,S2,nodal,SITE3,V12,D0012,KA01AB0842,login,1781080200000,1781080200000,9.63,9.77,12,4,closed,true,UNEXPECTED_EXTRA_FIELD
T003354,1783209600000,S1,shuttle,SITE2,V03,D0223,KA01AB0968,logout,1783251000000,1783251000000,15.68,17.64,24,22,closed,true
T003355,1786406400000,S3,cab,SITE1,V06,D0170,KA01AB0276,logout,1786404600000,1786404660000,34.11,36.47,4,2,closed,true
T003356,1786406400000,S2,nodal,SITE1,V07,D0149,KA01AB0134,logout,1786469400000,1786469460000,24.98,25.32,12,8,closed,false
T003357,1781827200000,S3,nodal,SITE4,V09,D0270,KA01AB1336,logout,1781825400000,1781825400000,11.19,10.96,12,2,closed,true
T003358,1785110400000,S1,cab,SITE4,V12,D0143,KA01AB0218,logout,1785151800000,1785151800000,22.42,22.69,4,3,closed,true
T003359,1781222400000,S1,shuttle,SITE3,V11,D0219,KA01AB1461,logout,1781263800000,1781263800000,21.77,24.91,24,24,closed,true
T003360,1781222400000,S3,nodal,SITE1,V02,D0073,KA01AB0141,logout,1781220600000,1781220660000,42.73,43.03,12,8,closed,true
T003361,1782864000000,S3,nodal,SITE3,V12,D0277,KA01AB0054,logout,1782862200000,1782862440000,13.51,14.43,12,6,closed,true
T003362,1781481600000,S1,shuttle,SITE4,V02,D0359,KA01AB1402,login,1781490600000,1781491440000,34.39,36.09,24,22,closed,true
T003363,1782000000000,S1,shuttle,SITE3,V06,D0061,KA01AB0683,logout,1782041400000,1782042540000,8.87,8.85,24,1,closed,true
T003364,1785456000000,S2,cab,SITE4,V04,D0214,KA01AB0466,logout,1785519000000,1785520080000,21.86,25.08,4,1,closed,true
T003365,1787270400000,S3,nodal,SITE1,V04,D0305,KA01AB0123,logout,1787268600000,1787269080000,41.57,45.76,12,1,closed,true
T003366,1787529600000,S3,shuttle,SITE1,V09,D0123,KA01AB0041,logout,1787527800000,1787527920000,31.54,30.26,24,2,closed,true
T003367,1785024000000,S1,nodal,SITE3,V05,D0231,KA01AB0478,logout,1785065400000,1785065640000,8.05,8.31,12,12,closed,true
T003368,1786492800000,S1,cab,SITE4,V12,D0396,KA01AB0430,login,1786501800000,1786502040000,21.52,24.64,4,4,closed,true
T003369,1783382400000,S2,cab,SITE3,V03,D0114,KA01AB1044,logout,1783445400000,1783445460000,23.11,24.89,4,1,closed,true
T003370,1782086400000,S2,cab,SITE2,V09,D0047,KA01AB0698,login,1782117000000,1782117180000,24.66,25.19,4,1,closed,true
T003371,1787875200000,S3,nodal,SITE3,V12,D0136,KA01AB1283,logout,1787873400000,1787873400000,18.73,20.76,12,4,closed,true
T003372,1782518400000,S3,cab,SITE3,V12,D0001,KA01AB0754,logout,1782516600000,1782516780000,32.02,32.26,4,3,closed,true
T003373,1782432000000,S1,shuttle,SITE3,V06,D0004,KA01AB1196,login,1782441000000,1782441000000,18.02,19.65,24,5,closed,true
T003374,1782864000000,S2,nodal,SITE2,V02,D0112,KA01AB0839,login,1782894600000,1782894840000,21.18,24.01,12,6,closed,true
T003375,1782518400000,S2,shuttle,SITE1,V08,D0016,KA01AB0276,login,1782549000000,1782549060000,31.06,33.36,24,7,closed,true
T003376,1781136000000,S1,nodal,SITE1,V09,D0122,KA01AB0056,login,1781145000000,1781145000000,32.85,32.13,12,3,closed,true
T003377,1783468800000,S2,nodal,SITE1,V12,D0289,KA01AB1749,login,1783499400000,1783499400000,30.24,34.62,12,11,closed,true
T003378,1781740800000,S2,nodal,SITE1,V05,D0125,KA01AB0649,logout,1781803800000,1781804040000,11.67,11.37,12,12,closed,true
T003379,1786320000000,S3,cab,SITE3,V06,D0142,KA01AB1479,login,1786375800000,1786375800000,42.56,48.81,4,1,closed,true
T003380,1784505600000,S3,nodal,SITE2,V07,D0265,KA01AB0516,login,1784561400000,1784561580000,22.63,21.95,12,7,closed,true
T003381,1786320000000,S2,shuttle,SITE3,V04,D0222,KA01AB0986,logout,1786383000000,1786383060000,22.29,21.24,24,11,closed,true
T003382,1783468800000,S3,cab,SITE1,V10,D0288,KA01AB0701,logout,1783467000000,1783468140000,36.34,38.16,4,2,closed,true
T003383,1782518400000,S2,nodal,SITE3,V10,D0022,KA01AB1496,login,1782549000000,1782549000000,30.06,30.89,12,5,closed,true
T003384,1787011200000,S1,nodal,SITE1,V03,D0358,KA01AB1149,login,1787020200000,1787020200000,8.70,8.97,12,8,closed,true
T003385,1788048000000,S2,cab,SITE3,V01,D0366,KA01AB0212,logout,1788111000000,1788111240000,36.73,38.03,4,2,closed,true
T003386,1782604800000,S1,nodal,SITE1,V12,D0288,KA01AB1399,logout,1782646200000,1782646260000,29.05,31.89,12,5,closed,true
T003387,1784505600000,S1,shuttle,SITE1,V03,D0089,KA01AB0857,login,1784514600000,1784514780000,34.10,36.68,24,14,closed,true
T003388,1785024000000,S1,shuttle,SITE2,V01,D0031,KA01AB0337,login,1785033000000,1785033180000,33.92,33.38,24,14,closed,true
T003389,1784505600000,S1,shuttle,SITE1,V04,D0345,KA01AB0015,logout,1784547000000,1784548080000,29.39,29.38,24,4,closed,true
T003390,1786838400000,S3,cab,SITE3,V06,D0392,KA01AB0225,login,1786894200000,1786894440000,42.75,47.81,4,4,closed,true
T003391,1783555200000,S3,cab,SITE4,V04,D0268,KA01AB0837,login,1783611000000,1783611180000,17.81,19.22,4,4,closed,true
T003392,1783382400000,S1,cab,SITE4,V05,D0322,KA01AB0202,login,1783391400000,1783391520000,35.45,40.50,4,4,closed,true
T003393,1787616000000,S2,cab,SITE2,V03,D0371,KA01AB1948,logout,1787679000000,1787679180000,19.27,18.83,4,3,closed,true
T003394,1783641600000,S3,cab,SITE3,V02,D0214,KA01AB0288,logout,1783639800000,1783639980000,28.64,29.01,4,4,closed,true
T003395,1784246400000,S2,nodal,SITE1,V06,D0100,KA01AB1342,login,1784277000000,1784277900000,15.92,17.09,12,7,closed,true
T003396,1784332800000,S2,shuttle,SITE3,V10,D0267,KA01AB0612,logout,1784395800000,1784395980000,19.97,19.35,24,4,closed,true
T003397,1787011200000,S3,nodal,SITE1,V05,D0003,KA01AB1663,logout,1787009400000,1787009640000,21.63,24.52,12,6,closed,true
T003398,1785283200000,S2,cab,SITE4,V07,D0158,KA01AB1082,login,1785313800000,1785314280000,27.08,26.45,4,2,closed,true
T003399,1784678400000,S2,cab,SITE3,V10,D0283,KA01AB1021,login,1784709000000,1784710380000,8.44,8.79,4,3,closed,true
T003400,1785888000000,S3,nodal,SITE1,V07,D0159,KA01AB1244,login,1785943800000,1785943980000,13.86,14.54,12,6,closed,true
T003401,1787184000000,S1,nodal,SITE3,V07,D0090,KA01AB1362,login,1787193000000,1787193120000,26.67,29.80,12,5,closed,true
T003402,1783209600000,S2,nodal,SITE1,V01,D0198,KA01AB1706,login,1783240200000,1783241940000,40.24,45.72,12,3,closed,true
T003403,1782172800000,S1,nodal,SITE2,V07,D0285,KA01AB0472,logout,1782214200000,1782214200000,18.41,20.52,12,1,closed,true
T003404,1788393600000,S1,cab,SITE1,V05,D0297,KA01AB1667,login,1788402600000,1788402780000,11.94,12.41,4,3,closed,true
T003405,1788393600000,S3,shuttle,SITE4,V06,D0013,KA01AB1502,logout,1788391800000,1788391920000,15.29,16.79,24,10,closed,true
T003406,1787875200000,S2,cab,SITE1,V03,D0265,KA01AB0612,logout,1787938200000,1787938260000,11.92,12.17,4,4,closed,true
T003407,1783209600000,S1,cab,SITE3,V08,D0077,KA01AB1482,login,1783218600000,1783218840000,20.01,21.92,4,2,closed,true
T003408,1787356800000,S2,shuttle,SITE4,V07,D0063,KA01AB1231,logout,1787419800000,1787421840000,24.21,23.99,24,23,closed,true
T003409,1784160000000,S2,shuttle,SITE3,V01,D0331,KA01AB0041,login,1784190600000,1784190600000,20.44,21.71,24,10,closed,true
T003410,1787961600000,S1,cab,SITE4,V01,D0058,KA01AB1994,logout,1788003000000,1788003120000,35.61,39.19,4,2,closed,true
T003411,1784419200000,S2,nodal,SITE3,V02,D0317,KA01AB1492,login,1784449800000,1784449920000,18.63,17.88,12,10,closed,true
T003412,1784764800000,S1,shuttle,SITE2,V02,D0068,KA01AB0604,logout,1784806200000,1784806380000,21.26,22.75,24,11,closed,true
T003413,1785715200000,S3,cab,SITE3,V09,D0116,KA01AB1583,login,1785771000000,1785772320000,34.79,33.62,4,3,closed,true
T003414,1781049600000,S1,nodal,SITE3,V06,D0106,KA01AB0140,login,1781058600000,1781058840000,33.22,33.61,12,12,closed,true
T003415,1785888000000,S1,shuttle,SITE4,V02,D0174,KA01AB0292,login,1785897000000,1785897120000,17.11,17.30,24,9,closed,true
T003416,1781740800000,S2,shuttle,SITE4,V11,D0263,KA01AB1651,login,1781771400000,1781771460000,12.51,12.57,24,2,closed,true
T003417,1785542400000,S2,shuttle,SITE4,V05,D0040,KA01AB1898,login,1785573000000,1785573240000,10.82,12.32,24,3,closed,true
T003418,1784332800000,S1,cab,SITE3,V06,D0236,KA01AB1321,logout,1784374200000,1784374380000,26.91,28.11,4,3,closed,true
T003419,1783728000000,S3,nodal,SITE1,V07,D0066,KA01AB0833,logout,1783726200000,1783726380000,29.34,30.46,12,7,closed,true
T003420,1784332800000,S2,nodal,SITE3,V09,D0150,KA01AB1765,logout,1784395800000,1784395980000,32.61,33.70,12,8,closed,true
T003421,1782864000000,S1,nodal,SITE4,V07,D0107,KA01AB1267,logout,1782905400000,1782905640000,40.84,42.95,12,7,closed,true
T003422,1782000000000,S3,nodal,SITE3,V11,D0195,KA01AB1219,login,1782055800000,1782055980000,26.85,30.10,12,9,closed,true
T003423,1787702400000,S2,nodal,SITE4,V06,D0003,KA01AB0153,login,1787733000000,1787733180000,28.46,29.58,12,11,closed,true
T003424,1781913600000,S2,nodal,SITE1,V09,D0043,KA01AB0095,logout,1781976600000,1781976660000,18.54,18.76,12,8,closed,true
T003425,1784592000000,S3,cab,SITE3,V10,D0207,KA01AB0572,login,1784647800000,1784648160000,17.10,19.04,4,2,closed,true
T003426,1784505600000,S2,nodal,SITE1,V10,D0030,KA01AB0151,login,1784536200000,1784536320000,42.30,47.09,12,4,closed,true
T003427,1786060800000,S2,cab,SITE3,V09,D0048,KA01AB0257,login,1786091400000,1786091640000,11.52,12.53,4,4,closed,true
T003428,1787011200000,S1,cab,SITE1,V04,D0363,KA01AB1443,logout,1787052600000,1787052660000,12.85,12.37,4,2,closed,true
T003429,1782259200000,S3,nodal,SITE1,V03,D0237,KA01AB1224,login,1782315000000,1782315060000,8.73,8.99,12,10,closed,true
T003430,1787184000000,S2,cab,SITE1,V06,D0198,KA01AB1776,logout,1787247000000,1787247000000,17.21,18.72,4,2,closed,true
T003431,1788393600000,S2,nodal,SITE3,V05,D0014,KA01AB1746,login,1788424200000,1788424440000,9.40,10.45,12,12,closed,true
T003432,1783123200000,S1,cab,SITE1,V11,D0357,KA01AB1229,logout,1783164600000,1783164720000,10.14,11.48,4,2,closed,true
T003433,1784160000000,S2,nodal,SITE3,V06,D0392,KA01AB1275,logout,1784223000000,1784223240000,33.47,34.45,12,10,closed,true
T003434,1784937600000,S3,shuttle,SITE3,V10,D0285,KA01AB0924,logout,1784935800000,,9.48,9.33,24,17,open,true
T003435,1787097600000,S3,shuttle,SITE4,V05,D0163,KA01AB1213,logout,1787095800000,1787095860000,34.15,35.84,24,4,closed,true
T003436,1782777600000,S3,nodal,SITE4,V02,D0393,KA01AB1066,logout,1782775800000,1782775800000,10.32,10.28,12,2,closed,true
T003437,1783209600000,S3,cab,SITE3,V12,D0191,KA01AB1033,login,1783265400000,1783265520000,37.55,37.89,4,1,closed,true
T003438,1787616000000,S1,cab,SITE3,V05,D0118,KA01AB0226,login,1787625000000,1787625000000,13.94,14.54,4,2,closed,true
T003439,1787011200000,S3,shuttle,SITE1,V07,D0071,KA01AB0283,logout,1787009400000,1787009580000,42.43,42.67,24,23,closed,false
T003440,1785801600000,S1,nodal,SITE3,V07,D0322,KA01AB0019,login,1785810600000,1785810840000,42.53,42.87,12,1,closed,true
T003441,1783209600000,S3,shuttle,SITE2,V02,D0361,KA01AB1980,logout,1783207800000,1783207800000,36.20,36.85,24,16,closed,true
T003442,1787011200000,S2,cab,SITE2,V03,D0147,KA01AB0391,logout,1787074200000,1787076540000,13.75,14.10,4,1,closed,true
T003443,1782691200000,S3,nodal,SITE1,V03,D0184,KA01AB1946,logout,1782689400000,1782690240000,22.17,21.37,12,8,closed,true
T003444,1787702400000,S3,cab,SITE1,V06,D0344,KA01AB0011,login,1787758200000,1787758320000,32.42,32.90,4,2,closed,true
T003445,1780876800000,S2,nodal,SITE4,V11,D0354,KA01AB0896,logout,1780939800000,1780939920000,11.49,12.56,12,12,closed,false
T003446,1782518400000,S3,nodal,SITE2,V06,D0338,KA01AB1900,logout,1782516600000,1782516600000,8.17,9.30,12,4,closed,true
T003447,1783296000000,S3,nodal,SITE3,V11,D0201,KA01AB0247,logout,1783294200000,1783294200000,25.71,25.87,12,4,closed,true
T003448,1784937600000,S2,nodal,SITE1,V11,D0102,KA01AB0068,login,1784968200000,1784968260000,37.00,41.07,12,4,closed,true
T003449,1783123200000,S3,shuttle,SITE4,V08,D0290,KA01AB1823,login,1783179000000,1783179000000,36.58,37.98,24,13,closed,true
T003450,1787529600000,S3,shuttle,SITE4,V01,D0186,KA01AB0205,login,1787585400000,1787585640000,37.89,41.77,24,19,closed,true
T003451,1787875200000,S1,shuttle,SITE4,V11,D0041,KA01AB1783,login,1787884200000,1787884320000,21.03,20.30,24,4,closed,true
T003452,1787011200000,S2,nodal,SITE1,V06,D0093,KA01AB0014,logout,1787074200000,1787074320000,41.54,43.35,12,11,closed,true
T003453,1787011200000,S2,shuttle,SITE2,V12,D0167,KA01AB0433,logout,1787074200000,1787074440000,23.80,25.40,24,5,closed,true
T003454,1782432000000,S3,shuttle,SITE3,V03,D0004,KA01AB1523,logout,1782430200000,1782430380000,19.18,20.13,24,10,closed,true
T003455,1785196800000,S1,cab,SITE3,V11,D0127,KA01AB0791,login,1785205800000,1785206640000,18.11,17.55,4,4,closed,true
T003456,1787356800000,S3,nodal,SITE3,V02,D0147,KA01AB0911,logout,1787355000000,1787357100000,26.14,26.33,12,2,closed,true
T003457,1786320000000,S3,nodal,SITE2,V09,D0096,KA01AB1248,login,1786375800000,1786375800000,14.93,14.35,12,2,closed,true
T003458,1781136000000,S3,shuttle,SITE4,V09,D0005,KA01AB1851,logout,1781134200000,1781134800000,40.46,41.68,24,15,closed,true
T003459,1780963200000,S1,nodal,SITE2,V08,D0376,KA01AB0630,logout,1781004600000,1781004840000,31.88,31.78,12,10,closed,true
T003460,1786752000000,S3,shuttle,SITE1,V02,D0219,KA01AB1799,login,1786807800000,1786807980000,9.13,9.09,24,14,closed,true
T003461,1784160000000,S1,cab,SITE2,V08,D0132,KA01AB0646,login,1784169000000,1784169060000,31.64,34.80,4,2,closed,true
T003462,1787097600000,S1,cab,SITE1,V02,D0364,KA01AB1300,login,1787106600000,1787106780000,9.96,9.63,4,4,closed,true
T003463,1782604800000,S3,shuttle,SITE3,V02,D0017,KA01AB0172,logout,1782603000000,1782603240000,35.14,37.18,24,19,closed,true
T003464,1786320000000,S3,nodal,SITE1,V07,D0040,KA01AB1518,logout,1786318200000,1786318260000,32.70,33.14,12,7,closed,true
T003465,1781568000000,S2,nodal,SITE2,V07,D0040,KA01AB0733,logout,1781631000000,1781631000000,39.41,38.25,12,4,closed,true
T003466,1783209600000,S1,cab,SITE3,V04,D0293,KA01AB1750,login,1783218600000,1783218660000,26.20,25.35,4,1,closed,true
T003467,1784937600000,S3,shuttle,SITE4,V07,D0296,KA01AB0019,login,1784993400000,1784993640000,26.55,29.88,24,5,closed,true
T003468,1788134400000,S3,nodal,SITE2,V06,D0013,KA01AB1673,login,1788190200000,1788190440000,18.78,19.28,12,7,closed,true
T003469,1785456000000,S2,shuttle,SITE1,V03,D0010,KA01AB0643,login,1785486600000,1785486720000,19.97,19.50,24,11,closed,true
T003470,1785196800000,S3,nodal,SITE4,V08,D0012,KA01AB1223,login,1785252600000,1785252660000,33.35,33.19,12,10,closed,true
T003471,1782345600000,S2,nodal,SITE4,V08,D0124,KA01AB0462,logout,1782408600000,1782409920000,11.60,13.06,12,11,closed,true
T003472,1783900800000,S2,cab,SITE1,V12,D0352,KA01AB1571,logout,1783963800000,1783964040000,21.15,20.56,4,3,closed,true
T003473,1783814400000,S3,nodal,SITE4,V12,D0288,KA01AB0059,login,1783870200000,1783870440000,18.47,19.80,12,9,closed,true
T003474,1781568000000,S1,shuttle,SITE1,V03,D0356,KA01AB1107,logout,1781609400000,1781609400000,33.23,32.11,24,16,closed,true
T003475,1786838400000,S1,nodal,SITE3,V12,D0339,KA01AB0910,login,1786847400000,1786847460000,9.15,10.41,12,9,closed,true
T003476,1787529600000,S1,cab,SITE2,V03,D0114,KA01AB1037,logout,1787571000000,1787571060000,13.83,15.27,4,2,closed,true
T003477,1786752000000,S1,cab,SITE2,V11,D0039,KA01AB1041,logout,1786793400000,1786793580000,23.90,22.87,4,3,closed,true
T003478,1787961600000,S3,nodal,SITE3,V11,D0241,KA01AB1147,login,1788017400000,1788017580000,22.22,23.48,12,1,closed,true
T003479,1781136000000,S3,cab,SITE1,V12,D0191,KA01AB0888,login,1781191800000,1781193840000,12.31,13.27,4,1,closed,true
T003480,1787097600000,S1,cab,SITE4,V06,D0121,KA01AB1646,logout,1787139000000,1787139120000,11.17,12.79,4,4,closed,true
T003481,1787443200000,S3,shuttle,SITE1,V08,D0172,KA01AB1589,login,1787499000000,1787499060000,29.73,29.27,24,18,closed,true
T003482,1781827200000,S1,shuttle,SITE4,V03,D0109,KA01AB1838,logout,1781868600000,1781868840000,25.90,26.01,24,2,closed,true
T003483,1781827200000,S2,shuttle,SITE1,V08,D0008,KA01AB1507,logout,1781890200000,1781890320000,17.96,20.38,24,24,closed,true
T003484,1786665600000,S3,shuttle,SITE3,V10,D0024,KA01AB0205,logout,1786663800000,1786663800000,14.03,14.66,24,3,closed,true
T003485,1781136000000,S3,cab,SITE2,V01,D0121,KA01AB1182,logout,1781134200000,1781134380000,42.72,48.16,4,2,closed,true
T003486,1782604800000,S2,cab,SITE1,V10,D0176,KA01AB1178,logout,1782667800000,1782667860000,11.70,13.26,4,1,closed,true
T003487,1784419200000,S1,shuttle,SITE1,V02,D0139,KA01AB1308,login,1784428200000,1784428200000,11.95,13.33,24,6,closed,true
T003488,1783728000000,S1,nodal,SITE1,V10,D0053,KA01AB1236,logout,1783769400000,1783769400000,17.13,17.51,12,10,closed,true
T003489,1785456000000,S2,nodal,SITE2,V08,D0396,KA01AB0233,logout,1785519000000,1785519120000,23.83,26.06,12,6,closed,true
T003490,1784332800000,S1,cab,SITE2,V12,D0001,KA01AB1281,logout,1784374200000,1784374440000,10.88,12.04,4,2,closed,true
T003491,1787097600000,S1,cab,SITE4,V06,D0357,KA01AB1642,login,1787106600000,1787106840000,11.44,12.36,4,3,closed,true
T003492,1788480000000,S3,cab,SITE1,V04,D0283,KA01AB0952,logout,1788478200000,1788478320000,38.97,38.68,4,4,closed,true
T003493,1787184000000,S2,nodal,SITE3,V12,D0264,KA01AB0845,logout,1787247000000,1787247120000,19.16,19.48,12,12,closed,true
T003494,1782086400000,S1,nodal,SITE2,V12,D0345,KA01AB0649,logout,1782127800000,1782129960000,31.45,34.22,12,3,closed,true
T003495,1786924800000,S2,shuttle,SITE4,V08,D0294,KA01AB0912,login,1786955400000,1786955460000,39.87,45.51,24,3,closed,true
T003496,1787961600000,S3,nodal,SITE4,V12,D0040,KA01AB1305,logout,1787959800000,1787959800000,42.55,41.63,12,7,closed,true
T003497,1787184000000,S2,nodal,SITE4,V07,D0068,KA01AB0223,login,1787214600000,1787214600000,31.90,34.42,12,6,closed,true
T003498,1781308800000,S3,cab,SITE2,V04,D0358,KA01AB1242,login,1781364600000,1781364660000,19.46,21.54,4,2,closed,true
T003499,1784246400000,S2,nodal,SITE4,V07,D0375,KA01AB1987,logout,1784309400000,1784309400000,16.08,18.02,12,12,closed,false
T003500,1782604800000,S3,cab,SITE3,V05,D0377,KA01AB0074,logout,1782603000000,1782603240000,10.77,10.68,4,1,closed,true
T003501,1785110400000,S1,nodal,SITE2,V07,D0276,KA01AB0670,login,1785119400000,1785119520000,36.92,36.17,12,6,closed,true
T003502,1785715200000,S3,cab,SITE1,V02,D0143,KA01AB0427,login,1785771000000,1785771120000,9.81,10.08,4,3,closed,true
T003503,1787011200000,S3,nodal,SITE3,V04,D0135,KA01AB0951,login,1787067000000,1787068680000,32.47,34.89,12,3,closed,true
T003504,1782604800000,S1,cab,SITE3,V06,D0387,KA01AB0672,login,1782613800000,1782613920000,26.97,29.05,4,2,closed,true
T003505,1786838400000,S1,cab,SITE4,V04,D0291,KA01AB0350,login,1786847400000,1786847640000,39.24,44.88,4,2,closed,true
T003506,1785715200000,S2,shuttle,SITE4,V02,D0241,KA01AB1379,logout,1785778200000,1785778380000,23.36,25.89,24,5,closed,true
T003507,1786406400000,S2,shuttle,SITE2,V02,D0391,KA01AB1214,login,1786437000000,1786437000000,27.06,25.95,24,1,closed,true
T003508,1781654400000,S2,cab,SITE3,V03,D0318,KA01AB1751,login,1781685000000,1781685120000,9.04,9.05,4,2,closed,true
T003509,1787356800000,S3,cab,SITE3,V08,D0315,KA01AB1178,logout,1787355000000,1787355120000,14.68,15.10,4,3,closed,true
T003510,1787097600000,S3,shuttle,SITE1,V08,D0103,KA01AB1387,login,1787153400000,1787153460000,22.27,25.25,24,5,closed,true
T003511,1787011200000,S1,nodal,SITE1,V06,D0166,KA01AB0711,login,1787020200000,,16.12,17.00,12,5,open,true
T003512,1782864000000,S2,cab,SITE1,V12,D0116,KA01AB0807,login,1782894600000,1782894600000,22.41,23.84,4,1,closed,true
T003513,1783555200000,S1,cab,SITE3,V04,D0027,KA01AB1070,login,1783564200000,1783564440000,34.16,33.46,4,2,closed,true
T003514,1781395200000,S2,nodal,SITE1,V06,D0373,KA01AB1228,logout,1781458200000,1781458260000,15.17,17.16,12,12,closed,true
T003515,1785369600000,S2,nodal,SITE1,V07,D0221,KA01AB1962,login,1785400200000,1785400440000,20.06,19.09,12,4,closed,true
T003516,1783296000000,S2,shuttle,SITE3,V08,D0152,KA01AB0167,login,1783326600000,1783326600000,15.70,17.92,24,5,closed,true
T003517,1783728000000,S2,nodal,SITE2,V12,D0206,KA01AB1270,logout,1783791000000,1783791060000,32.22,34.51,12,3,closed,true
T003518,1785628800000,S2,shuttle,SITE3,V09,D0218,KA01AB0097,logout,1785691800000,1785691860000,40.07,39.23,24,17,closed,true
T003519,1783987200000,S2,cab,SITE2,V08,D0224,KA01AB1711,logout,1784050200000,1784051640000,29.11,31.39,4,4,closed,true
T003520,1788480000000,S1,cab,SITE2,V02,D0397,KA01AB0065,logout,1788521400000,1788521580000,22.06,21.25,4,4,closed,true
T003521,1784937600000,S1,nodal,SITE1,V04,D0346,KA01AB0646,login,1784946600000,1784946720000,25.17,28.68,12,4,closed,true
T003522,1784073600000,S1,shuttle,SITE3,V03,D0383,KA01AB1162,logout,1784115000000,1784115060000,9.18,9.69,24,8,closed,true
T003523,1783296000000,S2,cab,SITE4,V12,D0020,KA01AB1224,logout,1783359000000,1783359180000,37.47,42.99,4,4,closed,true
T003524,1782950400000,S1,cab,SITE3,V05,D0051,KA01AB1365,login,1782959400000,1782959520000,17.11,18.10,4,3,closed,true
T003525,1788393600000,S1,cab,SITE2,V09,D0045,KA01AB0146,login,1788402600000,1788402720000,42.17,42.46,4,3,closed,true
T003526,1784505600000,S2,shuttle,SITE4,V10,D0047,KA01AB0692,logout,1784568600000,1784568840000,13.59,14.10,24,21,closed,true
T003527,1785801600000,S2,shuttle,SITE4,V06,D0307,KA01AB1380,login,1785832200000,1785832380000,41.54,39.69,24,21,closed,true
T003528,1781913600000,S2,shuttle,SITE4,V12,D0011,KA01AB0627,login,1781944200000,1781946900000,30.22,29.64,24,6,closed,true
T003529,1783987200000,S3,nodal,SITE4,V12,D0192,KA01AB1740,login,1784043000000,1784043000000,33.95,37.43,12,2,closed,true
T003530,1785456000000,S1,nodal,SITE3,V07,D0290,KA01AB0621,logout,1785497400000,1785497580000,9.85,10.17,12,11,closed,true
T003531,1788134400000,S2,nodal,SITE2,V08,D0382,KA01AB1354,login,1788165000000,1788165060000,14.48,14.25,12,3,closed,true
T003532,1786579200000,S1,nodal,SITE3,V05,D0248,KA01AB0321,login,1786588200000,1786588440000,27.11,27.91,12,6,closed,true
T003533,1784073600000,S3,shuttle,SITE1,V08,D0154,KA01AB0044,login,1784129400000,1784129400000,32.35,31.17,24,6,closed,true
T003534,1785542400000,S2,shuttle,SITE4,V06,D0030,KA01AB0419,login,1785573000000,1785573120000,10.09,11.49,24,19,closed,true
T003535,1787529600000,S3,shuttle,SITE2,V12,D0181,KA01AB1689,logout,1787527800000,1787527920000,27.60,29.80,24,20,closed,false
T003536,1787011200000,S2,nodal,SITE2,V04,D0276,KA01AB1554,logout,1787074200000,1787074200000,33.10,37.13,12,6,closed,false
T003537,1784592000000,S2,nodal,SITE4,V04,D0042,KA01AB1694,login,1784622600000,1784622660000,12.44,12.47,12,9,closed,true
T003538,1785110400000,S3,cab,SITE3,V05,D0323,KA01AB0933,logout,1785108600000,1785111180000,20.66,23.32,4,4,closed,true
T003539,1785369600000,S3,cab,SITE4,V10,D0239,KA01AB1599,logout,1785367800000,1785367860000,41.62,45.78,4,4,closed,true
T003540,1781654400000,S1,cab,SITE4,V09,D0077,KA01AB1068,login,1781663400000,1781663520000,18.71,19.65,4,3,closed,true
T003541,1782345600000,S1,cab,SITE1,V01,D0398,KA01AB0790,login,1782354600000,1782354720000,41.39,42.89,4,4,closed,true
T003542,1787616000000,S2,cab,SITE2,V01,D0373,KA01AB0348,login,1787646600000,1787649060000,31.60,34.22,4,2,closed,true
T003543,1783296000000,S3,shuttle,SITE1,V11,D0138,KA01AB1955,login,1783351800000,,26.16,28.94,24,14,open,true
T003544,1783123200000,S3,cab,SITE4,V03,D0267,KA01AB1255,login,1783179000000,1783181160000,8.12,8.49,4,3,closed,true
T003545,1781049600000,S2,nodal,SITE3,V03,D0227,KA01AB0996,logout,1781112600000,1781112660000,9.32,10.28,12,2,closed,true
T003546,1783814400000,S1,shuttle,SITE3,V02,D0039,KA01AB0504,logout,1783855800000,1783856040000,14.86,16.51,24,4,closed,true
T003547,1786924800000,S2,nodal,SITE2,V02,D0289,KA01AB0333,login,1786955400000,1786956720000,34.67,38.76,12,4,closed,true
T003548,1785974400000,S1,shuttle,SITE3,V01,D0024,KA01AB1093,logout,1786015800000,1786015800000,20.76,23.64,24,21,closed,true
T003549,1785888000000,S2,cab,SITE1,V01,D0162,KA01AB0728,logout,1785951000000,1785951240000,26.39,25.89,4,3,closed,true
T003550,1785542400000,S2,shuttle,SITE1,V05,D0154,KA01AB1524,login,1785573000000,1785573240000,9.40,10.37,24,3,closed,true
T003551,1785628800000,S1,shuttle,SITE1,V09,D0287,KA01AB0257,logout,1785670200000,1785670320000,36.85,36.35,24,11,closed,true,UNEXPECTED_EXTRA_FIELD
T003552,1782691200000,S2,cab,SITE3,V12,D0082,KA01AB0725,login,1782721800000,1782724260000,42.15,42.35,4,3,closed,true
T003553,1787529600000,S2,shuttle,SITE4,V10,D0329,KA01AB1576,login,1787560200000,1787560200000,38.61,37.18,24,12,closed,true
T003554,1784764800000,S3,shuttle,SITE1,V09,D0113,KA01AB0722,login,1784820600000,1784820600000,23.84,25.95,24,13,closed,true
T003555,1785024000000,S2,shuttle,SITE4,V11,D0039,KA01AB1968,login,1785054600000,1785054600000,39.73,41.51,24,14,closed,true
T003556,1781222400000,S1,cab,SITE2,V03,D0339,KA01AB1897,logout,1781263800000,1781264700000,30.66,32.57,4,4,closed,true
T003557,1782000000000,S2,cab,SITE1,V02,D0000,KA01AB0397,login,1782030600000,1782030720000,21.37,23.89,4,4,closed,true
T003558,1783036800000,S3,cab,SITE4,V03,D0376,KA01AB0785,logout,1783035000000,1783035120000,26.94,29.44,4,4,closed,true
T003559,1786838400000,S1,cab,SITE4,V04,D0030,KA01AB1758,login,1786847400000,1786847580000,42.10,40.89,4,1,closed,true
T003560,1786147200000,S3,shuttle,SITE1,V05,D0367,KA01AB0118,logout,1786145400000,1786145640000,27.98,27.22,24,15,closed,true
T003561,1783382400000,S3,nodal,SITE4,V03,D0303,KA01AB1285,logout,1783380600000,1783380600000,10.97,11.62,12,8,closed,true
T003562,1787097600000,S2,nodal,SITE2,V06,D0243,KA01AB1786,login,1787128200000,1787128440000,34.33,38.00,12,1,closed,true
T003563,1788220800000,S2,shuttle,SITE1,V02,D0036,KA01AB0985,login,1788251400000,1788251400000,40.93,44.70,24,10,closed,true
T003564,1788307200000,S2,nodal,SITE3,V09,D0287,KA01AB0153,login,1788337800000,1788339480000,23.08,26.01,12,9,closed,true,UNEXPECTED_EXTRA_FIELD
T003565,1787788800000,S2,nodal,SITE4,V04,D0177,KA01AB0068,login,1787819400000,1787819580000,18.25,20.50,12,6,closed,true
T003566,1787529600000,S3,cab,SITE3,V06,D0362,KA01AB1434,logout,1787527800000,1787527800000,20.76,20.33,4,3,closed,false
T003567,1784937600000,S2,nodal,SITE1,V11,D0273,KA01AB1156,login,1784968200000,1784969640000,9.06,8.81,12,9,closed,true
T003568,1785024000000,S1,cab,SITE3,V05,D0052,KA01AB1293,login,1785033000000,1785033180000,35.71,37.86,4,4,closed,true
T003569,1783987200000,S1,cab,SITE2,V03,D0049,KA01AB1607,logout,1784028600000,1784028720000,9.03,9.36,4,1,closed,true
T003570,1787961600000,S1,nodal,SITE4,V08,D0261,KA01AB0134,login,1787970600000,1787970660000,30.18,33.73,12,3,closed,true
T003571,1788480000000,S1,nodal,SITE3,V01,D0273,KA01AB1066,logout,1788521400000,1788521520000,12.44,14.23,12,11,closed,true
T003572,1781913600000,S1,nodal,SITE4,V06,D0063,KA01AB1426,logout,1781955000000,1781955180000,39.77,44.09,12,2,closed,true
T003573,1781654400000,S3,shuttle,SITE1,V03,D0332,KA01AB1760,logout,1781652600000,1781654160000,41.16,45.54,24,9,closed,true
T003574,1783814400000,S1,nodal,SITE3,V12,D0170,KA01AB0734,logout,1783855800000,1783855800000,33.13,36.37,12,2,closed,true
T003575,1781827200000,S2,nodal,SITE1,V01,D0315,KA01AB0394,login,1781857800000,1781857980000,29.48,33.39,12,8,closed,true
T003576,1784419200000,S3,shuttle,SITE4,V05,D0274,KA01AB1437,logout,1784417400000,1784417580000,19.25,19.19,24,17,closed,true
T003577,1785974400000,S1,nodal,SITE2,V06,D0027,KA01AB0765,logout,1786015800000,1786015920000,38.28,41.57,12,8,closed,true
T003578,1786579200000,S3,cab,SITE1,V06,D0222,KA01AB0727,logout,1786577400000,1786577640000,29.67,33.53,4,3,closed,true
T003579,1786060800000,S3,cab,SITE2,V12,D0350,KA01AB1427,login,1786116600000,1786117860000,36.35,37.86,4,1,closed,true
T003580,1787356800000,S3,shuttle,SITE1,V03,D0113,KA01AB1191,logout,1787355000000,1787355120000,18.33,17.58,24,17,closed,true
T003581,1785024000000,S2,cab,SITE2,V04,D0196,KA01AB1212,login,1785054600000,1785054720000,37.10,41.27,4,1,closed,true
T003582,1785974400000,S1,cab,SITE3,V03,D0107,KA01AB0299,logout,1786015800000,1786015860000,16.93,17.05,4,3,closed,true
T003583,1788220800000,S1,nodal,SITE3,V06,D0189,KA01AB0789,login,1788229800000,1788229920000,32.89,35.20,12,9,closed,true
T003584,1780876800000,S1,cab,SITE4,V10,D0018,KA01AB0479,logout,1780918200000,1780918320000,11.86,11.51,4,3,closed,true
T003585,1781827200000,S2,cab,SITE4,V10,D0245,KA01AB1367,logout,1781890200000,1781890200000,33.41,37.80,4,2,closed,true
T003586,1785801600000,S2,cab,SITE3,V05,D0100,KA01AB0508,login,1785832200000,1785832260000,17.34,17.85,4,3,closed,true
T003587,1782000000000,S1,cab,SITE2,V04,D0338,KA01AB0696,login,1782009000000,1782009180000,38.80,44.31,4,1,closed,true
T003588,1786320000000,S2,shuttle,SITE1,V04,D0190,KA01AB0533,login,1786350600000,1786350660000,39.97,44.69,24,5,closed,true
T003589,1781049600000,S3,nodal,SITE4,V06,D0362,KA01AB1227,logout,1781047800000,1781047920000,40.47,43.86,12,1,closed,true
T003590,1786060800000,S1,shuttle,SITE4,V05,D0351,KA01AB0230,login,1786069800000,1786070040000,26.64,26.58,24,3,closed,true
T003591,1782172800000,S2,cab,SITE4,V02,D0126,KA01AB0078,logout,1782235800000,1782235980000,30.89,31.67,4,1,closed,true
T003592,1783987200000,S3,cab,SITE2,V12,D0209,KA01AB0668,login,1784043000000,1784043060000,30.87,33.34,4,2,closed,true
T003593,1785024000000,S1,cab,SITE1,V07,D0180,KA01AB1905,logout,1785065400000,1785065400000,39.78,40.16,4,3,closed,true
T003594,1781395200000,S1,cab,SITE2,V09,D0332,KA01AB1205,login,1781404200000,1781406600000,40.94,39.68,4,2,closed,true
T003595,1788134400000,S2,shuttle,SITE1,V10,D0356,KA01AB1621,login,1788165000000,1788165180000,20.11,22.56,24,8,closed,true
T003596,1788307200000,S1,cab,SITE2,V03,D0038,KA01AB0085,login,1788316200000,1788316260000,39.65,39.04,4,4,closed,true
T003597,1785542400000,S2,cab,SITE1,V04,D0146,KA01AB1768,login,1785573000000,1785573060000,18.00,17.85,4,3,closed,true
T003598,1788480000000,S1,cab,SITE3,V10,D0038,KA01AB0757,logout,1788521400000,1788521580000,21.97,24.96,4,1,closed,true
T003599,1781827200000,S3,shuttle,SITE2,V03,D0364,KA01AB1456,login,1781883000000,1781883180000,41.89,40.72,24,9,closed,true
T003600,1782864000000,S3,cab,SITE4,V03,D0125,KA01AB1781,logout,1782862200000,1782863400000,12.75,13.15,4,1,closed,true
T003601,1782518400000,S3,cab,SITE3,V12,D0167,KA01AB1581,login,1782574200000,1782574200000,24.61,27.70,4,3,closed,true,UNEXPECTED_EXTRA_FIELD
T003602,1783382400000,S1,cab,SITE2,V03,D0250,KA01AB0472,login,1783391400000,,24.49,24.39,4,4,open,true
T003603,1783728000000,S2,shuttle,SITE3,V01,D0331,KA01AB1289,logout,1783791000000,1783791120000,28.23,28.86,24,3,closed,true
T003604,1786838400000,S1,cab,SITE4,V06,D0271,KA01AB0904,logout,1786879800000,1786879980000,14.91,17.02,4,4,closed,true
T003605,1781913600000,S2,cab,SITE1,V11,D0105,KA01AB0587,login,1781944200000,1781944440000,30.52,32.44,4,2,closed,true
T003606,1785715200000,S2,cab,SITE1,V01,D0362,KA01AB1119,login,1785745800000,1785745800000,42.01,41.39,4,4,closed,true
T003607,1787529600000,S1,shuttle,SITE3,V07,D0325,KA01AB0825,logout,1787571000000,1787571180000,17.35,18.47,24,6,closed,true
T003608,1782518400000,S3,shuttle,SITE2,V09,D0251,KA01AB0442,login,1782574200000,1782574380000,42.97,43.69,24,3,closed,true
T003609,1784592000000,S2,nodal,SITE1,V08,D0397,KA01AB1537,login,1784622600000,1784622840000,39.47,41.31,12,10,closed,true
T003610,1781568000000,S1,shuttle,SITE1,V02,D0104,KA01AB1928,login,1781577000000,1781577000000,29.41,31.35,24,21,closed,true
T003611,1787875200000,S3,cab,SITE4,V12,D0035,KA01AB0352,logout,1787873400000,1787873520000,25.88,24.70,4,4,closed,true
T003612,1782000000000,S3,nodal,SITE1,V01,D0330,KA01AB1772,logout,1781998200000,1781998260000,24.93,24.14,12,8,closed,true
T003613,1786320000000,S2,cab,SITE4,V03,D0052,KA01AB0930,logout,1786383000000,1786383180000,26.54,26.57,4,4,closed,true
T003614,1786233600000,S2,nodal,SITE3,V07,D0325,KA01AB0121,logout,1786296600000,1786296840000,8.60,9.58,12,4,closed,true
T003615,1782000000000,S2,shuttle,SITE1,V03,D0068,KA01AB1107,logout,1782063000000,1782063000000,10.37,11.12,24,21,closed,true
T003616,1783987200000,S1,nodal,SITE4,V02,D0289,KA01AB0016,logout,1784028600000,1784028780000,13.15,14.06,12,6,closed,true
T003617,1782000000000,S3,shuttle,SITE1,V08,D0322,KA01AB0559,login,1782055800000,1782055860000,36.93,39.21,24,24,closed,true
T003618,1782000000000,S1,cab,SITE1,V07,D0312,KA01AB0691,login,1782009000000,1782009120000,24.42,28.02,4,1,closed,true
T003619,1783728000000,S1,nodal,SITE4,V07,D0344,KA01AB1834,logout,1783769400000,1783769460000,11.23,12.87,12,8,closed,true
T003620,1782000000000,S3,shuttle,SITE1,V01,D0364,KA01AB1290,login,1782055800000,1782055860000,42.20,43.73,24,14,closed,true
T003621,1786924800000,S1,shuttle,SITE2,V01,D0270,KA01AB1601,logout,1786966200000,1786966440000,23.06,24.62,24,24,closed,true
T003622,1782950400000,S1,nodal,SITE4,V02,D0207,KA01AB0528,login,1782959400000,1782959460000,20.46,23.20,12,5,closed,true
T003623,1787443200000,S3,nodal,SITE4,V03,D0262,KA01AB1376,login,1787499000000,1787499120000,42.26,45.16,12,9,closed,true
T003624,1783641600000,S1,nodal,SITE4,V07,D0004,KA01AB1680,login,1783650600000,1783650720000,26.48,27.26,12,3,closed,true
T003625,1784073600000,S1,shuttle,SITE4,V10,D0082,KA01AB0731,login,1784082600000,1784082660000,11.84,12.12,24,19,closed,true
T003626,1786147200000,S3,nodal,SITE2,V06,D0013,KA01AB0033,logout,1786145400000,1786145640000,22.01,24.28,12,8,closed,true
T003627,1787270400000,S2,shuttle,SITE4,V08,D0241,KA01AB1832,login,1787301000000,1787301180000,39.40,41.62,24,21,closed,true
T003628,1782432000000,S2,nodal,SITE1,V09,D0043,KA01AB1050,logout,1782495000000,1782495060000,30.99,32.77,12,2,closed,true
T003629,1786579200000,S3,cab,SITE4,V11,D0321,KA01AB1933,logout,1786577400000,1786577580000,16.54,15.84,4,3,closed,true,UNEXPECTED_EXTRA_FIELD
T003630,1784851200000,S2,shuttle,SITE4,V02,D0233,KA01AB1887,logout,1784914200000,,24.93,24.33,24,22,open,true
T003631,1786752000000,S1,cab,SITE1,V10,D0037,KA01AB0703,login,1786761000000,1786761120000,15.71,14.95,4,3,closed,true
T003632,1782000000000,S2,nodal,SITE2,V08,D0084,KA01AB1399,logout,1782063000000,1782063000000,34.65,36.44,12,12,closed,true
T003633,1787961600000,S1,shuttle,SITE2,V08,D0128,KA01AB1405,logout,1788003000000,1788003180000,18.38,18.74,24,18,closed,true
T003634,1785110400000,S3,cab,SITE2,V08,D0171,KA01AB1427,login,1785166200000,1785166440000,12.18,12.81,4,2,closed,true
T003635,1781049600000,S2,cab,SITE2,V02,D0255,KA01AB0089,logout,1781112600000,1781112840000,15.03,16.29,4,1,closed,true
T003636,1781913600000,S3,shuttle,SITE1,V01,D0391,KA01AB0611,login,1781969400000,1781969460000,16.68,18.87,24,18,closed,true
T003637,1783728000000,S2,shuttle,SITE2,V11,D0337,KA01AB1160,login,1783758600000,1783758840000,28.94,29.71,24,15,closed,true
T003638,1781395200000,S1,shuttle,SITE3,V03,D0380,KA01AB0098,login,1781404200000,1781404440000,37.58,42.23,24,16,closed,true
T003639,1786838400000,S3,cab,SITE4,V12,D0320,KA01AB0785,login,1786894200000,1786894320000,18.95,18.75,4,3,closed,true
T003640,1783123200000,S3,nodal,SITE3,V10,D0038,KA01AB1683,logout,1783121400000,1783121520000,39.11,44.87,12,12,closed,true
T003641,1784851200000,S3,nodal,SITE4,V11,D0364,KA01AB1351,login,1784907000000,1784907000000,14.94,14.58,12,7,closed,true
T003642,1782000000000,S2,cab,SITE1,V02,D0371,KA01AB0370,logout,1782063000000,1782063120000,13.03,12.65,4,3,closed,true
T003643,1786665600000,S1,nodal,SITE2,V08,D0096,KA01AB0654,logout,1786707000000,1786707120000,42.82,48.62,12,3,closed,true
T003644,1786060800000,S3,cab,SITE4,V04,D0348,KA01AB1406,login,1786116600000,1786116720000,28.20,32.12,4,4,closed,true
T003645,1786752000000,S1,shuttle,SITE3,V04,D0288,KA01AB0850,login,1786761000000,1786761060000,40.78,39.86,24,15,closed,true
T003646,1784419200000,S3,cab,SITE3,V03,D0115,KA01AB0147,login,1784475000000,1784475240000,9.77,11.22,4,4,closed,true
T003647,1781481600000,S1,nodal,SITE3,V10,D0241,KA01AB0644,logout,1781523000000,1781523120000,9.07,8.71,12,10,closed,true
T003648,1781913600000,S3,cab,SITE2,V09,D0183,KA01AB0543,login,1781969400000,1781969640000,15.23,15.85,4,1,closed,true
T003649,1783468800000,S1,nodal,SITE1,V02,D0219,KA01AB0170,logout,1783510200000,1783510260000,19.91,22.40,12,8,closed,true
T003650,1787961600000,S2,nodal,SITE3,V06,D0242,KA01AB0864,logout,1788024600000,1788024780000,22.06,24.95,12,2,closed,true
T003651,1781308800000,S3,shuttle,SITE2,V01,D0240,KA01AB1219,logout,1781307000000,1781307060000,41.61,47.55,24,4,closed,true
T003652,1787356800000,S3,nodal,SITE1,V05,D0379,KA01AB0673,login,1787412600000,1787412720000,18.12,18.50,12,4,closed,true
T003653,1783468800000,S3,shuttle,SITE3,V11,D0031,KA01AB0421,logout,1783467000000,1783467240000,29.20,29.98,24,10,closed,true
T003654,1785888000000,S1,nodal,SITE3,V09,D0380,KA01AB1839,logout,1785929400000,1785929640000,22.59,23.91,12,8,closed,true
T003655,1783296000000,S3,shuttle,SITE1,V04,D0133,KA01AB1589,login,1783351800000,1783351800000,11.53,12.65,24,7,closed,true
T003656,1780790400000,S2,nodal,SITE2,V11,D0347,KA01AB0952,logout,1780853400000,1780853520000,16.51,17.86,12,1,closed,true
T003657,1784073600000,S3,shuttle,SITE1,V11,D0028,KA01AB1282,login,1784129400000,1784129520000,13.93,13.61,24,15,closed,true
T003658,1781136000000,S3,nodal,SITE3,V05,D0120,KA01AB0813,logout,1781134200000,1781134260000,11.60,12.21,12,12,closed,true
T003659,1781222400000,S3,cab,SITE3,V11,D0338,KA01AB0625,login,1781278200000,1781278980000,33.09,35.17,4,2,closed,true
T003660,1787443200000,S3,shuttle,SITE1,V03,D0006,KA01AB1911,login,1787499000000,1787499000000,24.97,24.27,24,24,closed,true
T003661,1783987200000,S2,cab,SITE3,V04,D0164,KA01AB0644,login,1784017800000,1784018040000,8.71,9.68,4,4,closed,true
T003662,1781136000000,S2,cab,SITE2,V02,D0372,KA01AB0331,login,1781166600000,1781166600000,31.65,35.45,4,2,closed,true
T003663,1788220800000,S1,cab,SITE3,V03,D0020,KA01AB0680,login,1788229800000,1788229920000,41.01,44.16,4,1,closed,true
T003664,1782432000000,S3,nodal,SITE2,V04,D0356,KA01AB0459,logout,1782430200000,1782430380000,19.90,20.56,12,11,closed,true
T003665,1787097600000,S1,shuttle,SITE2,V08,D0192,KA01AB0832,login,1787106600000,1787106600000,12.99,13.58,24,19,closed,true
T003666,1784851200000,S3,shuttle,SITE4,V06,D0162,KA01AB0828,login,1784907000000,1784907240000,15.62,17.26,24,2,closed,true
T003667,1788220800000,S1,cab,SITE4,V02,D0372,KA01AB0384,logout,1788262200000,1788262200000,21.66,22.22,4,2,closed,true
T003668,1785974400000,S1,cab,SITE2,V06,D0009,KA01AB1280,login,1785983400000,1785983580000,38.19,36.47,4,1,closed,true
T003669,1784160000000,S3,cab,SITE4,V03,D0141,KA01AB1030,login,1784215800000,1784216040000,18.23,19.16,4,2,closed,true
T003670,1783382400000,S2,nodal,SITE4,V07,D0173,KA01AB1878,logout,1783445400000,1783445400000,40.54,39.86,12,4,closed,true
T003671,1787184000000,S2,cab,SITE3,V02,D0203,KA01AB0606,login,1787214600000,1787214780000,22.49,22.73,4,3,closed,true
T003672,1781481600000,S3,shuttle,SITE4,V02,D0245,KA01AB0477,login,1781537400000,1781537640000,12.68,12.77,24,2,closed,true
T003673,1786665600000,S1,cab,SITE4,V11,D0174,KA01AB0509,login,1786674600000,1786674660000,40.13,40.16,4,1,closed,true
T003674,1788134400000,S2,cab,SITE4,V06,D0261,KA01AB0460,logout,1788197400000,1788197580000,35.03,39.20,4,1,closed,true,UNEXPECTED_EXTRA_FIELD
T003675,1787011200000,S2,cab,SITE2,V10,D0249,KA01AB0473,logout,1787074200000,1787074260000,33.09,36.36,4,4,closed,true
T003676,1784246400000,S1,cab,SITE3,V03,D0109,KA01AB1020,logout,1784287800000,1784287920000,31.17,32.29,4,2,closed,true
T003677,1781222400000,S3,nodal,SITE3,V12,D0086,KA01AB1556,login,1781278200000,1781278200000,27.03,30.91,12,11,closed,true
T003678,1788393600000,S1,nodal,SITE2,V06,D0326,KA01AB0983,login,1788402600000,1788402780000,39.81,42.76,12,5,closed,true
T003679,1784505600000,S2,shuttle,SITE3,V03,D0006,KA01AB1918,login,1784536200000,1784536320000,11.63,12.85,24,4,closed,true
T003680,1784073600000,S3,nodal,SITE3,V11,D0213,KA01AB0069,login,1784129400000,1784129580000,27.55,28.89,12,5,closed,true
T003681,1782864000000,S2,nodal,SITE3,V08,D0265,KA01AB1076,login,1782894600000,1782894840000,21.72,21.24,12,4,closed,true
T003682,1786924800000,S2,shuttle,SITE3,V04,D0096,KA01AB0947,logout,1786987800000,1786988040000,15.03,16.38,24,22,closed,true
T003683,1781395200000,S3,shuttle,SITE2,V01,D0013,KA01AB0481,login,1781451000000,1781451120000,35.75,39.23,24,17,closed,true
T003684,1781568000000,S3,shuttle,SITE4,V09,D0115,KA01AB1389,logout,1781566200000,1781566380000,42.99,45.89,24,22,closed,true
T003685,1788134400000,S1,shuttle,SITE3,V10,D0344,KA01AB0103,logout,1788175800000,1788175860000,26.52,25.95,24,23,closed,true
T003686,1782259200000,S3,cab,SITE2,V07,D0070,KA01AB0764,logout,1782257400000,1782259260000,36.27,36.82,4,1,closed,true
T003687,1783555200000,S1,nodal,SITE3,V07,D0155,KA01AB1461,logout,1783596600000,1783596840000,15.46,15.19,12,9,closed,true
T003688,1786060800000,S2,shuttle,SITE3,V11,D0383,KA01AB0091,logout,1786123800000,1786124040000,13.27,14.70,24,19,closed,true
T003689,1782950400000,S2,nodal,SITE1,V11,D0117,KA01AB0963,logout,1783013400000,1783014720000,36.00,40.54,12,12,closed,true
T003690,1781913600000,S3,shuttle,SITE3,V02,D0076,KA01AB1111,login,1781969400000,1781969520000,21.85,24.60,24,16,closed,true
T003691,1783123200000,S3,nodal,SITE4,V07,D0377,KA01AB1034,logout,1783121400000,1783121580000,38.57,37.12,12,8,closed,true
T003692,1782086400000,S1,shuttle,SITE4,V09,D0324,KA01AB1070,logout,1782127800000,1782127860000,36.99,41.56,24,10,closed,true
T003693,1783296000000,S2,shuttle,SITE4,V11,D0003,KA01AB0234,login,1783326600000,1783326840000,10.83,12.07,24,1,closed,true
T003694,1783900800000,S2,shuttle,SITE3,V04,D0067,KA01AB0261,login,1783931400000,1783931520000,42.21,45.29,24,8,closed,true
T003695,1787270400000,S1,cab,SITE1,V08,D0235,KA01AB0214,login,1787279400000,1787279580000,30.51,31.50,4,1,closed,true
T003696,1782086400000,S2,nodal,SITE4,V03,D0010,KA01AB0731,login,1782117000000,1782117060000,30.19,34.49,12,2,closed,true
T003697,1783555200000,S3,shuttle,SITE3,V12,D0028,KA01AB1742,login,1783611000000,1783612380000,9.15,9.62,24,17,closed,true
T003698,1787184000000,S3,cab,SITE2,V09,D0364,KA01AB1953,login,1787239800000,1787239800000,12.91,13.26,4,2,closed,true
T003699,1785024000000,S3,shuttle,SITE2,V11,D0052,KA01AB1102,login,1785079800000,1785079860000,10.80,10.68,24,6,closed,true
T003700,1785196800000,S2,shuttle,SITE2,V01,D0204,KA01AB0875,logout,1785259800000,1785261780000,12.18,13.84,24,1,closed,false
T003701,1785628800000,S3,nodal,SITE3,V11,D0349,KA01AB1893,logout,1785627000000,1785627000000,23.19,23.10,12,4,closed,true
T003702,1783900800000,S3,nodal,SITE4,V11,D0076,KA01AB1428,login,1783956600000,1783956720000,27.11,29.14,12,5,closed,true
T003703,1787875200000,S1,cab,SITE1,V05,D0196,KA01AB0262,logout,1787916600000,1787916840000,34.01,35.67,4,4,closed,true
T003704,1784764800000,S1,cab,SITE2,V11,D0137,KA01AB0358,logout,1784806200000,1784806200000,18.94,21.50,4,4,closed,true
T003705,1788307200000,S1,shuttle,SITE3,V01,D0046,KA01AB1127,logout,1788348600000,1788348840000,9.08,9.91,24,5,closed,true
T003706,1786665600000,S2,shuttle,SITE2,V04,D0001,KA01AB0736,logout,1786728600000,1786728840000,34.24,35.51,24,3,closed,true
T003707,1786838400000,S1,cab,SITE4,V08,D0364,KA01AB1886,logout,1786879800000,1786881780000,21.80,24.89,4,3,closed,true
T003708,1785024000000,S1,shuttle,SITE3,V09,D0222,KA01AB0761,logout,1785065400000,1785065580000,19.47,18.72,24,19,closed,true
T003709,1787616000000,S2,shuttle,SITE4,V04,D0303,KA01AB1444,login,1787646600000,1787646600000,30.68,35.15,24,3,closed,true
T003710,1781136000000,S1,cab,SITE3,V11,D0160,KA01AB0234,login,1781145000000,1781145120000,20.24,19.92,4,3,closed,true
T003711,1788393600000,S3,nodal,SITE4,V05,D0305,KA01AB0780,logout,1788391800000,1788392940000,35.74,35.42,12,5,closed,false
T003712,1782172800000,S3,cab,SITE3,V06,D0265,KA01AB0413,login,1782228600000,1782228660000,41.09,42.40,4,1,closed,true
T003713,1787875200000,S1,cab,SITE2,V06,D0348,KA01AB0713,login,1787884200000,1787884260000,18.69,19.98,4,2,closed,true
T003714,1781827200000,S3,cab,SITE2,V02,D0220,KA01AB1736,login,1781883000000,1781883120000,28.51,28.64,4,1,closed,true
T003715,1787875200000,S3,cab,SITE4,V01,D0296,KA01AB1307,login,1787931000000,1787931180000,29.22,31.99,4,1,closed,true
T003716,1785888000000,S2,cab,SITE1,V03,D0195,KA01AB0338,logout,1785951000000,1785951120000,17.66,18.46,4,1,closed,true
T003717,1787443200000,S2,cab,SITE3,V04,D0378,KA01AB1980,logout,1787506200000,1787506200000,32.10,34.70,4,3,closed,true
T003718,1787011200000,S1,nodal,SITE2,V12,D0346,KA01AB1777,logout,1787052600000,1787052720000,33.18,37.38,12,1,closed,true
T003719,1783209600000,S1,shuttle,SITE4,V07,D0269,KA01AB1364,logout,1783251000000,1783251120000,9.92,10.47,24,16,closed,true
T003720,1787961600000,S1,nodal,SITE3,V11,D0056,KA01AB1088,login,1787970600000,1787970780000,19.62,18.67,12,7,closed,true
T003721,1788307200000,S3,cab,SITE4,V06,D0227,KA01AB1706,logout,1788305400000,1788305580000,28.26,29.73,4,3,closed,true
T003722,1787616000000,S2,nodal,SITE3,V02,D0203,KA01AB1018,login,1787646600000,1787646720000,29.32,28.61,12,7,closed,true
T003723,1784160000000,S3,nodal,SITE4,V06,D0275,KA01AB1015,logout,1784158200000,1784158440000,18.75,18.59,12,2,closed,true
T003724,1787788800000,S1,nodal,SITE2,V08,D0212,KA01AB1805,login,1787797800000,1787798580000,32.81,35.10,12,1,closed,true
T003725,1785628800000,S1,cab,SITE2,V01,D0215,KA01AB0983,login,1785637800000,1785637860000,39.07,37.45,4,3,closed,true
T003726,1783296000000,S3,nodal,SITE3,V12,D0112,KA01AB1286,logout,1783294200000,1783296720000,33.96,38.96,12,5,closed,true
T003727,1786233600000,S3,cab,SITE1,V07,D0241,KA01AB0770,login,1786289400000,1786289580000,14.69,15.47,4,1,closed,true
T003728,1788393600000,S3,cab,SITE1,V11,D0006,KA01AB1668,logout,1788391800000,1788392040000,18.17,19.35,4,2,closed,true
T003729,1788480000000,S2,cab,SITE1,V06,D0056,KA01AB0919,login,1788510600000,1788510840000,12.57,12.52,4,3,closed,true
T003730,1781395200000,S2,shuttle,SITE4,V07,D0227,KA01AB1347,login,1781425800000,1781426040000,37.49,40.78,24,9,closed,true
T003731,1782432000000,S2,cab,SITE1,V08,D0054,KA01AB1378,login,1782462600000,1782462780000,28.22,31.86,4,1,closed,true
T003732,1788048000000,S2,nodal,SITE2,V09,D0247,KA01AB1626,login,1788078600000,1788078600000,31.93,35.43,12,6,closed,true
T003733,1785369600000,S2,shuttle,SITE1,V01,D0118,KA01AB0034,login,1785400200000,1785400320000,31.76,33.33,24,3,closed,true
T003734,1786147200000,S2,cab,SITE1,V05,D0328,KA01AB1602,login,1786177800000,1786177860000,39.10,42.26,4,1,closed,true
T003735,1782000000000,S1,cab,SITE1,V12,D0107,KA01AB0074,logout,1782041400000,1782041640000,20.73,23.74,4,3,closed,true
T003736,1781308800000,S2,cab,SITE4,V01,D0183,KA01AB1450,login,1781339400000,1781339640000,33.99,36.45,4,3,closed,true
T003737,1782950400000,S1,shuttle,SITE4,V03,D0340,KA01AB1285,login,1782959400000,1782959580000,24.83,25.31,24,4,closed,true
T003738,1784937600000,S2,shuttle,SITE4,V06,D0385,KA01AB0864,login,1784968200000,1784968260000,32.98,35.74,24,9,closed,true
T003739,1786320000000,S1,shuttle,SITE1,V12,D0281,KA01AB1494,login,1786329000000,1786329120000,17.59,18.86,24,16,closed,true
T003740,1786838400000,S1,cab,SITE2,V03,D0345,KA01AB0221,logout,1786879800000,1786879860000,27.27,26.19,4,2,closed,true
T003741,1782604800000,S2,shuttle,SITE3,V01,D0098,KA01AB0045,login,1782635400000,1782635580000,19.74,21.52,24,13,closed,true
T003742,1787270400000,S2,nodal,SITE4,V11,D0071,KA01AB1306,logout,1787333400000,1787335500000,37.14,39.23,12,1,closed,true
T003743,1783900800000,S2,cab,SITE4,V10,D0083,KA01AB0321,logout,1783963800000,1783963800000,17.44,18.13,4,1,closed,true
T003744,1783641600000,S3,cab,SITE4,V07,D0126,KA01AB1464,logout,1783639800000,1783639920000,20.82,20.76,4,4,closed,true
T003745,1783209600000,S2,cab,SITE3,V10,D0229,KA01AB0050,logout,1783272600000,1783272720000,12.68,14.43,4,1,closed,true
T003746,1782345600000,S1,nodal,SITE2,V08,D0156,KA01AB1783,logout,1782387000000,1782387840000,13.75,15.21,12,1,closed,true
T003747,1784332800000,S3,cab,SITE4,V09,D0328,KA01AB1379,login,1784388600000,1784388660000,33.94,36.00,4,2,closed,true
T003748,1781049600000,S1,shuttle,SITE1,V11,D0153,KA01AB0854,login,1781058600000,1781058780000,35.83,40.09,24,6,closed,true
T003749,1786406400000,S2,nodal,SITE1,V11,D0145,KA01AB1075,login,1786437000000,1786438680000,40.19,43.70,12,8,closed,true
T003750,1783209600000,S3,cab,SITE3,V07,D0337,KA01AB0817,login,1783265400000,,13.62,13.00,4,3,open,true
T003751,1786233600000,S1,cab,SITE4,V08,D0079,KA01AB1514,logout,1786275000000,1786277340000,12.86,14.59,4,4,closed,true
T003752,1787788800000,S3,cab,SITE3,V12,D0221,KA01AB1446,login,1787844600000,1787844660000,26.61,29.16,4,4,closed,true
T003753,1787443200000,S3,nodal,SITE3,V03,D0189,KA01AB1342,login,1787499000000,1787499180000,28.82,32.96,12,12,closed,true
T003754,1785456000000,S2,cab,SITE1,V09,D0303,KA01AB0520,logout,1785519000000,1785519000000,20.23,22.58,4,3,closed,true
T003755,1783209600000,S3,nodal,SITE1,V11,D0375,KA01AB0205,logout,1783207800000,1783207920000,42.99,44.66,12,9,closed,true,UNEXPECTED_EXTRA_FIELD
T003756,1781395200000,S1,cab,SITE1,V07,D0071,KA01AB0937,login,1781404200000,1781404320000,32.86,32.73,4,4,closed,true
T003757,1780876800000,S2,shuttle,SITE2,V06,D0289,KA01AB1214,logout,1780939800000,1780940040000,8.40,8.51,24,11,closed,true
T003758,1782172800000,S1,shuttle,SITE3,V09,D0239,KA01AB1650,logout,1782214200000,1782215940000,24.99,23.79,24,13,closed,true
T003759,1781308800000,S2,nodal,SITE2,V04,D0278,KA01AB0376,logout,1781371800000,1781372040000,26.66,28.09,12,10,closed,true
T003760,1785542400000,S1,shuttle,SITE4,V01,D0203,KA01AB1725,login,1785551400000,1785551460000,41.20,46.84,24,15,closed,true
T003761,1783209600000,S3,shuttle,SITE4,V11,D0120,KA01AB0974,login,1783265400000,1783265400000,24.09,26.82,24,6,closed,true
T003762,1785801600000,S2,nodal,SITE1,V07,D0075,KA01AB1053,login,1785832200000,1785832200000,32.74,34.21,12,10,closed,true
T003763,1786147200000,S3,shuttle,SITE3,V06,D0191,KA01AB1879,logout,1786145400000,1786145460000,32.40,33.84,24,17,closed,true
T003764,1783468800000,S1,nodal,SITE4,V06,D0317,KA01AB0751,login,1783477800000,1783477800000,35.17,35.05,12,9,closed,true
T003765,1781395200000,S1,nodal,SITE2,V12,D0150,KA01AB1118,login,1781404200000,1781406300000,31.99,30.62,12,7,closed,true
T003766,1780963200000,S1,shuttle,SITE4,V06,D0013,KA01AB1745,login,1780972200000,1780972440000,8.16,8.07,24,9,closed,true
T003767,1782777600000,S1,cab,SITE4,V07,D0274,KA01AB0027,logout,1782819000000,1782819240000,10.83,11.23,4,4,closed,true
T003768,1783814400000,S3,nodal,SITE4,V05,D0160,KA01AB0057,login,1783870200000,1783870320000,17.68,17.61,12,7,closed,true
T003769,1784160000000,S3,cab,SITE4,V07,D0176,KA01AB1345,logout,1784158200000,1784158380000,34.43,34.00,4,3,closed,false
T003770,1788393600000,S3,nodal,SITE1,V10,D0190,KA01AB1294,logout,1788391800000,1788391920000,20.42,19.54,12,9,closed,true
T003771,1786838400000,S3,nodal,SITE1,V10,D0168,KA01AB0629,logout,1786836600000,1786836720000,8.18,9.05,12,12,closed,true
T003772,1786924800000,S3,cab,SITE2,V09,D0369,KA01AB1139,login,1786980600000,1786980840000,37.31,40.99,4,4,closed,true
T003773,1786060800000,S2,shuttle,SITE1,V05,D0010,KA01AB1248,login,1786091400000,1786091460000,9.42,10.41,24,10,closed,true
T003774,1784073600000,S2,shuttle,SITE4,V06,D0254,KA01AB0688,logout,1784136600000,1784136660000,30.08,31.72,24,3,closed,true
T003775,1786492800000,S2,cab,SITE3,V02,D0107,KA01AB0651,login,1786523400000,1786523640000,38.51,41.16,4,2,closed,true
T003776,1784073600000,S1,cab,SITE4,V02,D0172,KA01AB0623,logout,1784115000000,1784117520000,22.36,25.17,4,3,closed,true
T003777,1781308800000,S2,shuttle,SITE1,V11,D0066,KA01AB1434,logout,1781371800000,,34.99,34.64,24,21,open,true
T003778,1782518400000,S2,nodal,SITE2,V03,D0241,KA01AB1654,login,1782549000000,1782549000000,10.52,10.02,12,1,closed,true
T003779,1783900800000,S3,cab,SITE2,V03,D0262,KA01AB0452,login,1783956600000,1783956780000,12.39,12.46,4,2,closed,true
T003780,1786320000000,S1,nodal,SITE4,V05,D0290,KA01AB1024,logout,1786361400000,1786361460000,42.54,41.53,12,9,closed,true
T003781,1780876800000,S2,shuttle,SITE3,V12,D0311,KA01AB0040,logout,1780939800000,1780939980000,41.54,44.95,24,15,closed,true
T003782,1783123200000,S3,cab,SITE2,V04,D0150,KA01AB1914,login,1783179000000,1783179180000,24.19,23.45,4,4,closed,true
T003783,1786838400000,S1,shuttle,SITE4,V11,D0005,KA01AB1012,login,1786847400000,1786848960000,35.85,39.54,24,22,closed,true
T003784,1787011200000,S1,shuttle,SITE2,V01,D0294,KA01AB0093,login,1787020200000,1787020440000,20.94,22.18,24,8,closed,true
T003785,1785801600000,S1,nodal,SITE2,V04,D0122,KA01AB0846,logout,1785843000000,1785843060000,37.03,37.84,12,2,closed,true
T003786,1782086400000,S1,shuttle,SITE1,V10,D0375,KA01AB1888,logout,1782127800000,1782127980000,24.33,26.16,24,9,closed,true
T003787,1784160000000,S2,shuttle,SITE4,V10,D0182,KA01AB1807,login,1784190600000,1784190660000,25.09,28.79,24,4,closed,true
T003788,1781136000000,S1,nodal,SITE1,V04,D0265,KA01AB1811,login,1781145000000,1781146200000,25.23,25.87,12,5,closed,true
T003789,1785196800000,S3,nodal,SITE3,V08,D0334,KA01AB1519,login,1785252600000,1785252600000,21.26,23.68,12,7,closed,true
T003790,1782432000000,S3,cab,SITE1,V10,D0162,KA01AB1382,logout,1782430200000,1782430320000,32.04,32.25,4,1,closed,true
T003791,1786320000000,S1,nodal,SITE4,V07,D0093,KA01AB1312,logout,1786361400000,1786362720000,32.74,34.32,12,4,closed,true
T003792,1786492800000,S1,nodal,SITE2,V03,D0337,KA01AB0136,logout,1786534200000,1786534200000,25.52,26.63,12,2,closed,true
T003793,1780790400000,S2,shuttle,SITE4,V10,D0285,KA01AB1204,login,1780821000000,1780821240000,38.83,44.22,24,10,closed,true
T003794,1784505600000,S3,cab,SITE1,V03,D0301,KA01AB1551,login,1784561400000,1784561400000,11.60,12.94,4,1,closed,true
T003795,1781568000000,S1,shuttle,SITE4,V02,D0087,KA01AB1130,login,1781577000000,,31.31,34.52,24,1,open,true
T003796,1783555200000,S1,shuttle,SITE4,V04,D0281,KA01AB1978,login,1783564200000,1783564380000,36.99,39.52,24,3,closed,true
T003797,1781568000000,S1,shuttle,SITE4,V12,D0269,KA01AB0728,logout,1781609400000,1781609460000,41.31,39.51,24,15,closed,true
T003798,1784246400000,S3,shuttle,SITE3,V12,D0149,KA01AB1933,logout,1784244600000,1784244600000,32.89,35.35,24,18,closed,true
T003799,1783468800000,S1,shuttle,SITE3,V05,D0251,KA01AB1342,logout,1783510200000,1783510440000,39.41,41.75,24,12,closed,true
T003800,1781568000000,S2,nodal,SITE2,V10,D0394,KA01AB1492,logout,1781631000000,1781631060000,35.02,33.97,12,9,closed,true
T003801,1783555200000,S2,nodal,SITE3,V09,D0197,KA01AB0013,login,1783585800000,1783586820000,15.84,15.15,12,8,closed,true
T003802,1785283200000,S1,nodal,SITE1,V07,D0056,KA01AB1972,logout,1785324600000,1785324720000,18.69,21.10,12,3,closed,true
T003803,1786320000000,S1,cab,SITE3,V11,D0148,KA01AB1417,logout,1786361400000,1786362540000,42.32,48.56,4,2,closed,true,UNEXPECTED_EXTRA_FIELD
T003804,1785024000000,S2,nodal,SITE4,V02,D0113,KA01AB0144,logout,1785087000000,1785087120000,27.45,29.05,12,2,closed,true
T003805,1783641600000,S2,cab,SITE3,V04,D0332,KA01AB0939,logout,1783704600000,1783704780000,16.40,18.54,4,4,closed,true
T003806,1785715200000,S3,nodal,SITE1,V11,D0185,KA01AB0518,login,1785771000000,1785771060000,24.44,23.50,12,6,closed,true
T003807,1785196800000,S2,shuttle,SITE1,V01,D0355,KA01AB1265,login,1785227400000,1785227580000,31.65,30.15,24,23,closed,true
T003808,1788220800000,S1,cab,SITE2,V10,D0242,KA01AB1678,logout,1788262200000,1788263220000,42.10,42.31,4,1,closed,true
T003809,1785974400000,S3,nodal,SITE3,V05,D0335,KA01AB0746,login,1786030200000,1786030440000,33.65,34.97,12,11,closed,true,UNEXPECTED_EXTRA_FIELD
T003810,1780876800000,S1,cab,SITE1,V10,D0284,KA01AB1637,logout,1780918200000,1780918200000,29.41,31.66,4,3,closed,true
T003811,1784073600000,S2,nodal,SITE4,V07,D0224,KA01AB0156,login,1784104200000,1784104200000,28.87,31.44,12,4,closed,true
T003812,1782864000000,S1,nodal,SITE2,V09,D0134,KA01AB1522,login,1782873000000,1782873060000,9.07,8.71,12,1,closed,true
T003813,1783468800000,S3,nodal,SITE1,V05,D0234,KA01AB1769,logout,1783467000000,1783467240000,16.49,18.12,12,12,closed,true
T003814,1787184000000,S2,cab,SITE4,V04,D0046,KA01AB0816,login,1787214600000,1787214720000,35.06,36.54,4,3,closed,true
T003815,1783382400000,S1,cab,SITE4,V10,D0010,KA01AB0086,logout,1783423800000,1783423920000,15.97,18.30,4,4,closed,true
T003816,1782259200000,S3,shuttle,SITE3,V06,D0258,KA01AB1661,login,1782315000000,1782315000000,34.80,34.10,24,16,closed,true
T003817,1783555200000,S1,nodal,SITE3,V07,D0235,KA01AB0632,logout,1783596600000,1783596780000,34.25,32.99,12,8,closed,true
T003818,1781913600000,S1,nodal,SITE3,V12,D0105,KA01AB0548,login,1781922600000,1781922720000,14.08,14.81,12,7,closed,true
T003819,1783641600000,S1,cab,SITE4,V05,D0389,KA01AB1410,login,1783650600000,1783650600000,16.38,18.20,4,4,closed,true
T003820,1786492800000,S1,nodal,SITE3,V05,D0211,KA01AB1272,login,1786501800000,1786502880000,24.13,27.26,12,3,closed,true
T003821,1787011200000,S1,shuttle,SITE4,V06,D0090,KA01AB1111,login,1787020200000,1787020320000,19.15,18.24,24,7,closed,true
T003822,1786579200000,S1,nodal,SITE4,V03,D0211,KA01AB1435,logout,1786620600000,1786620780000,10.21,9.89,12,6,closed,true
T003823,1783468800000,S2,shuttle,SITE1,V04,D0115,KA01AB0035,login,1783499400000,1783499460000,37.72,37.53,24,22,closed,true
T003824,1787702400000,S1,cab,SITE4,V09,D0051,KA01AB1107,login,1787711400000,1787711460000,27.41,29.23,4,1,closed,true
T003825,1786060800000,S1,nodal,SITE2,V10,D0313,KA01AB1352,login,1786069800000,1786070400000,13.37,14.76,12,3,closed,true
T003826,1782691200000,S3,cab,SITE2,V07,D0198,KA01AB0773,login,1782747000000,1782748620000,18.81,18.00,4,1,closed,true
T003827,1785456000000,S3,cab,SITE3,V01,D0244,KA01AB1199,login,1785511800000,1785511920000,16.79,16.23,4,1,closed,true
T003828,1780963200000,S2,shuttle,SITE4,V04,D0177,KA01AB1662,logout,1781026200000,1781026440000,26.22,28.09,24,19,closed,true
T003829,1785196800000,S2,nodal,SITE1,V12,D0195,KA01AB0813,login,1785227400000,1785227580000,29.31,28.65,12,7,closed,true
T003830,1784332800000,S3,nodal,SITE1,V09,D0373,KA01AB0208,login,1784388600000,1784388600000,23.22,26.49,12,1,closed,true
T003831,1787184000000,S1,nodal,SITE2,V02,D0212,KA01AB1185,logout,1787225400000,1787225640000,38.94,43.30,12,6,closed,true,UNEXPECTED_EXTRA_FIELD
T003832,1787443200000,S2,cab,SITE4,V04,D0206,KA01AB1503,login,1787473800000,1787473860000,42.86,43.92,4,3,closed,true
T003833,1783382400000,S1,nodal,SITE4,V07,D0292,KA01AB1167,logout,1783423800000,1783423800000,30.03,30.83,12,11,closed,true
T003834,1782691200000,S3,shuttle,SITE1,V04,D0123,KA01AB0846,logout,1782689400000,1782689520000,31.96,36.71,24,2,closed,true
T003835,1783036800000,S2,shuttle,SITE4,V05,D0080,KA01AB0187,login,1783067400000,1783069080000,8.94,9.17,24,13,closed,true
T003836,1783036800000,S3,cab,SITE3,V04,D0156,KA01AB0353,login,1783092600000,1783093620000,13.91,15.70,4,2,closed,true
T003837,1782518400000,S3,nodal,SITE4,V03,D0122,KA01AB1861,login,1782574200000,1782574200000,24.03,25.60,12,10,closed,true
T003838,1786924800000,S3,nodal,SITE3,V01,D0295,KA01AB1856,logout,1786923000000,1786923120000,16.19,16.01,12,1,closed,true
T003839,1788220800000,S1,nodal,SITE3,V12,D0115,KA01AB1865,logout,1788262200000,1788262260000,33.36,35.03,12,7,closed,true
T003840,1783123200000,S3,shuttle,SITE2,V07,D0155,KA01AB0099,login,1783179000000,1783179180000,29.82,31.37,24,19,closed,true
T003841,1783036800000,S3,nodal,SITE3,V07,D0167,KA01AB1932,logout,1783035000000,1783035120000,35.93,36.62,12,4,closed,true
T003842,1785801600000,S1,cab,SITE3,V04,D0359,KA01AB0937,logout,1785843000000,1785843000000,17.84,17.58,4,4,closed,true
T003843,1787011200000,S3,cab,SITE1,V02,D0387,KA01AB0124,login,1787067000000,1787067180000,34.45,35.13,4,2,closed,true
T003844,1784592000000,S1,shuttle,SITE2,V06,D0188,KA01AB1517,logout,1784633400000,1784633640000,11.89,12.09,24,12,closed,true
T003845,1781740800000,S1,shuttle,SITE3,V12,D0264,KA01AB1408,login,1781749800000,1781749980000,29.54,29.92,24,5,closed,true
T003846,1787097600000,S2,shuttle,SITE3,V06,D0059,KA01AB1844,login,1787128200000,1787128200000,11.08,11.42,24,24,closed,true
T003847,1783814400000,S2,nodal,SITE2,V02,D0383,KA01AB0101,login,1783845000000,1783845180000,28.42,30.76,12,3,closed,true
T003848,1783641600000,S1,cab,SITE1,V12,D0081,KA01AB0118,login,1783650600000,1783650840000,28.98,31.98,4,3,closed,true
T003849,1781740800000,S1,cab,SITE3,V06,D0002,KA01AB0412,logout,1781782200000,1781782440000,22.39,24.50,4,2,closed,true
T003850,1781049600000,S2,nodal,SITE4,V06,D0083,KA01AB1217,logout,1781112600000,1781112840000,37.27,41.58,12,8,closed,true
T003851,1781654400000,S1,cab,SITE1,V03,D0045,KA01AB0733,login,1781663400000,1781666100000,18.16,19.65,4,1,closed,true
T003852,1785283200000,S1,cab,SITE4,V04,D0121,KA01AB1828,logout,1785324600000,1785324780000,32.67,31.27,4,4,closed,true
T003853,1780790400000,S1,nodal,SITE2,V01,D0069,KA01AB1020,login,1780799400000,1780799460000,18.29,18.97,12,1,closed,true
T003854,1788134400000,S3,cab,SITE1,V08,D0352,KA01AB1136,logout,1788132600000,1788134580000,25.92,26.75,4,1,closed,true
T003855,1783555200000,S2,cab,SITE4,V08,D0300,KA01AB1095,login,1783585800000,1783585800000,27.25,31.07,4,3,closed,true
T003856,1783987200000,S1,nodal,SITE4,V08,D0074,KA01AB1195,login,1783996200000,1783996260000,22.95,25.93,12,8,closed,true
T003857,1781049600000,S1,cab,SITE2,V08,D0084,KA01AB0996,logout,1781091000000,1781091240000,41.94,41.02,4,3,closed,true
T003858,1782000000000,S3,nodal,SITE4,V09,D0264,KA01AB0715,login,1782055800000,1782055860000,22.49,24.18,12,1,closed,true
T003859,1787875200000,S3,nodal,SITE3,V02,D0013,KA01AB0078,logout,1787873400000,1787874180000,27.10,31.02,12,4,closed,true
T003860,1786233600000,S3,cab,SITE4,V08,D0051,KA01AB1444,login,1786289400000,1786290120000,26.19,25.85,4,4,closed,true
T003861,1784160000000,S3,shuttle,SITE3,V04,D0108,KA01AB0684,login,1784215800000,1784215860000,40.86,43.94,24,22,closed,true
T003862,1786579200000,S1,cab,SITE1,V07,D0280,KA01AB1720,logout,1786620600000,1786620840000,32.41,35.25,4,4,closed,true
T003863,1787443200000,S1,shuttle,SITE3,V04,D0051,KA01AB1274,logout,1787484600000,1787484720000,18.50,18.54,24,8,closed,true
T003864,1783036800000,S3,shuttle,SITE3,V08,D0336,KA01AB1149,logout,1783035000000,1783036800000,11.67,11.28,24,1,closed,true
T003865,1783123200000,S3,nodal,SITE1,V07,D0004,KA01AB1384,logout,1783121400000,1783121820000,28.59,27.79,12,3,closed,false
T003866,1788048000000,S1,shuttle,SITE4,V09,D0103,KA01AB0767,login,1788057000000,1788057060000,14.83,15.39,24,6,closed,true
T003867,1783209600000,S1,shuttle,SITE3,V09,D0283,KA01AB1545,login,1783218600000,1783218780000,29.76,30.99,24,23,closed,true
T003868,1781568000000,S1,nodal,SITE1,V03,D0016,KA01AB0259,login,1781577000000,1781577180000,34.06,34.79,12,4,closed,true
T003869,1782777600000,S1,nodal,SITE1,V12,D0157,KA01AB0367,logout,1782819000000,1782819120000,14.36,14.45,12,10,closed,true
T003870,1783468800000,S3,cab,SITE1,V02,D0139,KA01AB1738,login,1783524600000,1783524840000,14.87,15.03,4,4,closed,true
T003871,1784764800000,S2,nodal,SITE2,V05,D0167,KA01AB0435,logout,1784827800000,1784827860000,27.02,25.83,12,6,closed,true
T003872,1782518400000,S3,shuttle,SITE2,V07,D0254,KA01AB1230,login,1782574200000,1782574380000,29.24,29.69,24,22,closed,true
T003873,1781136000000,S2,shuttle,SITE3,V09,D0237,KA01AB0121,login,1781166600000,1781167500000,30.29,33.29,24,3,closed,true
T003874,1781654400000,S1,cab,SITE2,V06,D0280,KA01AB0544,logout,1781695800000,1781695920000,33.56,37.60,4,3,closed,true
T003875,1785283200000,S2,nodal,SITE2,V03,D0235,KA01AB0741,logout,1785346200000,1785346320000,28.11,27.64,12,5,closed,true
T003876,1787270400000,S3,shuttle,SITE4,V11,D0131,KA01AB1928,logout,1787268600000,1787270220000,30.15,34.46,24,20,closed,true
T003877,1785283200000,S3,nodal,SITE2,V08,D0042,KA01AB0470,logout,1785281400000,1785281520000,26.88,28.85,12,6,closed,true
T003878,1784160000000,S3,shuttle,SITE1,V06,D0162,KA01AB0667,logout,1784158200000,1784158260000,32.57,34.27,24,11,closed,true
T003879,1785110400000,S2,nodal,SITE4,V07,D0031,KA01AB0125,logout,1785173400000,1785173400000,32.91,34.69,12,4,closed,true
T003880,1782691200000,S2,shuttle,SITE4,V05,D0094,KA01AB1000,login,1782721800000,,39.32,44.33,24,24,open,true
T003881,1788134400000,S2,shuttle,SITE4,V01,D0292,KA01AB0274,login,1788165000000,1788165000000,40.39,45.05,24,9,closed,true
T003882,1784592000000,S1,nodal,SITE4,V11,D0014,KA01AB0462,logout,1784633400000,1784633400000,18.22,19.99,12,9,closed,true
T003883,1784505600000,S3,cab,SITE2,V11,D0212,KA01AB0074,logout,1784503800000,1784503800000,24.21,25.53,4,1,closed,true
T003884,1784937600000,S1,shuttle,SITE4,V11,D0142,KA01AB0182,logout,1784979000000,1784979240000,10.49,10.34,24,13,closed,true
T003885,1783036800000,S1,nodal,SITE1,V07,D0076,KA01AB0749,login,1783045800000,1783046040000,34.16,33.76,12,5,closed,true
T003886,1782172800000,S1,shuttle,SITE4,V05,D0145,KA01AB0337,login,1782181800000,1782182580000,18.03,20.26,24,23,closed,true
T003887,1788307200000,S1,nodal,SITE3,V01,D0136,KA01AB1117,login,1788316200000,1788316440000,10.37,10.25,12,2,closed,true
T003888,1783814400000,S3,nodal,SITE1,V05,D0084,KA01AB1038,logout,1783812600000,1783813440000,29.49,33.59,12,6,closed,true
T003889,1782000000000,S2,shuttle,SITE2,V03,D0304,KA01AB0176,logout,1782063000000,1782063000000,29.05,32.97,24,6,closed,true
T003890,1786665600000,S2,shuttle,SITE3,V01,D0206,KA01AB1594,login,1786696200000,1786696440000,18.99,19.48,24,1,closed,true
T003891,1784851200000,S1,cab,SITE2,V11,D0246,KA01AB1894,login,1784860200000,1784860260000,9.65,10.62,4,4,closed,true
T003892,1784764800000,S2,cab,SITE3,V06,D0034,KA01AB1176,login,1784795400000,1784795580000,20.12,22.61,4,3,closed,true
T003893,1780790400000,S3,cab,SITE4,V02,D0349,KA01AB0126,login,1780846200000,1780846440000,21.91,23.21,4,3,closed,true
T003894,1786060800000,S1,shuttle,SITE4,V06,D0296,KA01AB0262,logout,1786102200000,1786102380000,28.35,30.60,24,14,closed,true
T003895,1782086400000,S3,shuttle,SITE3,V11,D0064,KA01AB1095,logout,1782084600000,1782084840000,23.37,22.47,24,11,closed,true
T003896,1784592000000,S3,cab,SITE2,V07,D0029,KA01AB1794,login,1784647800000,1784648040000,27.67,26.39,4,3,closed,true
T003897,1783641600000,S1,shuttle,SITE2,V01,D0322,KA01AB0296,login,1783650600000,1783650840000,37.27,40.83,24,18,closed,true
T003898,1786233600000,S2,cab,SITE4,V01,D0275,KA01AB1994,login,1786264200000,1786264260000,27.48,29.23,4,2,closed,true
T003899,1783468800000,S3,nodal,SITE4,V07,D0214,KA01AB0007,logout,1783467000000,1783467120000,16.85,18.84,12,3,closed,true
T003900,1787875200000,S3,cab,SITE3,V02,D0324,KA01AB0726,logout,1787873400000,1787873580000,29.93,30.51,4,1,closed,true
T003901,1783555200000,S2,nodal,SITE2,V07,D0155,KA01AB1207,logout,1783618200000,1783618260000,33.87,34.39,12,3,closed,false
T003902,1787961600000,S2,cab,SITE2,V05,D0125,KA01AB0694,logout,1788024600000,1788024780000,27.73,28.05,4,4,closed,true
T003903,1782604800000,S2,cab,SITE1,V06,D0141,KA01AB0398,login,1782635400000,1782635460000,28.99,28.85,4,3,closed,true
T003904,1783987200000,S2,nodal,SITE3,V05,D0098,KA01AB1032,logout,1784050200000,1784050380000,18.39,18.77,12,2,closed,true
T003905,1786233600000,S2,cab,SITE3,V11,D0267,KA01AB1332,logout,1786296600000,1786296840000,11.24,11.37,4,4,closed,true
T003906,1784419200000,S3,nodal,SITE1,V09,D0197,KA01AB1304,logout,1784417400000,1784419320000,35.96,34.99,12,2,closed,true
T003907,1782518400000,S1,cab,SITE3,V05,D0152,KA01AB1760,logout,1782559800000,1782560040000,15.34,14.61,4,4,closed,true
T003908,1783209600000,S2,nodal,SITE3,V10,D0145,KA01AB0336,login,1783240200000,1783240200000,23.63,26.06,12,5,closed,true
T003909,1785283200000,S1,shuttle,SITE3,V01,D0121,KA01AB0980,login,1785292200000,1785292200000,42.65,44.24,24,9,closed,true
T003910,1786320000000,S2,nodal,SITE2,V06,D0046,KA01AB0331,logout,1786383000000,1786383180000,20.04,20.01,12,6,closed,true
T003911,1782000000000,S3,cab,SITE1,V05,D0079,KA01AB0775,logout,1781998200000,1781998380000,28.22,31.33,4,2,closed,true
T003912,1787097600000,S1,nodal,SITE3,V04,D0306,KA01AB0240,login,1787106600000,1787106660000,19.00,19.17,12,7,closed,true
T003913,1783382400000,S1,shuttle,SITE1,V01,D0100,KA01AB0437,logout,1783423800000,1783423980000,16.76,15.99,24,18,closed,true
T003914,1781395200000,S3,cab,SITE4,V02,D0135,KA01AB0128,logout,1781393400000,1781393400000,22.60,22.11,4,2,closed,true
T003915,1783296000000,S3,cab,SITE3,V05,D0130,KA01AB1232,logout,1783294200000,1783294440000,28.58,32.68,4,1,closed,true
T003916,1785628800000,S3,cab,SITE1,V02,D0193,KA01AB0507,login,1785684600000,1785684720000,21.81,24.55,4,2,closed,true
T003917,1784160000000,S3,nodal,SITE3,V01,D0160,KA01AB0117,logout,1784158200000,1784158380000,29.20,32.69,12,8,closed,true
T003918,1785369600000,S2,nodal,SITE3,V12,D0378,KA01AB0642,logout,1785432600000,1785433560000,8.62,9.03,12,4,closed,true
T003919,1782172800000,S3,shuttle,SITE1,V02,D0036,KA01AB0124,logout,1782171000000,1782171180000,11.48,12.50,24,23,closed,true
T003920,1783728000000,S1,cab,SITE4,V03,D0255,KA01AB0992,logout,1783769400000,,10.05,9.84,4,1,open,true
T003921,1781568000000,S2,cab,SITE3,V09,D0263,KA01AB0044,logout,1781631000000,1781631180000,24.15,26.20,4,1,closed,true
T003922,1787529600000,S1,shuttle,SITE1,V07,D0173,KA01AB0795,login,1787538600000,1787538600000,29.27,33.22,24,14,closed,true
T003923,1780790400000,S2,nodal,SITE4,V08,D0163,KA01AB1101,login,1780821000000,1780821120000,21.25,21.84,12,10,closed,true
T003924,1781395200000,S3,cab,SITE1,V02,D0268,KA01AB0955,login,1781451000000,1781452560000,39.54,44.15,4,3,closed,true
T003925,1785974400000,S2,cab,SITE4,V01,D0083,KA01AB0580,logout,1786037400000,1786037460000,12.56,13.02,4,4,closed,true
T003926,1788134400000,S3,cab,SITE3,V12,D0037,KA01AB0905,login,1788190200000,1788192600000,14.72,16.26,4,3,closed,true
T003927,1786233600000,S3,nodal,SITE2,V11,D0082,KA01AB1406,login,1786289400000,1786289580000,39.81,40.14,12,5,closed,true
T003928,1784592000000,S3,cab,SITE2,V03,D0337,KA01AB0485,logout,1784590200000,1784590440000,22.71,25.57,4,2,closed,true
T003929,1784764800000,S3,cab,SITE3,V07,D0053,KA01AB1310,login,1784820600000,1784820720000,11.81,11.99,4,1,closed,true
T003930,1785715200000,S1,nodal,SITE1,V08,D0146,KA01AB1430,login,1785724200000,1785724200000,9.67,9.50,12,4,closed,true
T003931,1782000000000,S3,nodal,SITE2,V11,D0194,KA01AB0833,login,1782055800000,1782055800000,35.01,35.28,12,1,closed,true
T003932,1781136000000,S2,nodal,SITE1,V03,D0119,KA01AB1265,login,1781166600000,1781168100000,30.57,30.20,12,2,closed,true
T003933,1783641600000,S3,cab,SITE4,V09,D0299,KA01AB0615,logout,1783639800000,1783639860000,38.45,39.85,4,4,closed,true
T003934,1787184000000,S2,nodal,SITE4,V09,D0197,KA01AB0045,logout,1787247000000,1787247060000,42.97,44.53,12,11,closed,true
T003935,1786665600000,S1,shuttle,SITE3,V10,D0114,KA01AB1680,logout,1786707000000,1786707120000,14.90,15.02,24,2,closed,true
T003936,1782950400000,S2,cab,SITE2,V09,D0388,KA01AB0964,login,1782981000000,,38.54,43.03,4,1,open,true
T003937,1786752000000,S3,cab,SITE1,V11,D0176,KA01AB1954,logout,1786750200000,1786750440000,36.37,37.72,4,1,closed,true
T003938,1785283200000,S2,shuttle,SITE1,V05,D0060,KA01AB0923,logout,1785346200000,1785346920000,18.12,20.36,24,22,closed,true
T003939,1780876800000,S1,nodal,SITE2,V03,D0223,KA01AB0575,logout,1780918200000,,39.54,42.24,12,12,open,true
T003940,1786579200000,S1,nodal,SITE3,V01,D0234,KA01AB1481,logout,1786620600000,1786620840000,28.82,29.68,12,10,closed,true
T003941,1788048000000,S2,nodal,SITE1,V06,D0158,KA01AB1488,logout,1788111000000,1788111120000,15.25,17.48,12,12,closed,true
T003942,1786320000000,S1,cab,SITE3,V07,D0086,KA01AB0513,logout,1786361400000,1786361400000,32.20,36.64,4,2,closed,true
T003943,1781481600000,S1,cab,SITE2,V12,D0311,KA01AB1979,logout,1781523000000,1781523120000,20.90,23.98,4,2,closed,true
T003944,1788393600000,S3,shuttle,SITE3,V05,D0146,KA01AB0368,login,1788449400000,1788449460000,8.52,9.67,24,2,closed,true
T003945,1780790400000,S3,cab,SITE3,V05,D0137,KA01AB0832,login,1780846200000,1780846380000,39.24,38.23,4,3,closed,true
T003946,1786665600000,S3,nodal,SITE2,V07,D0346,KA01AB0374,logout,1786663800000,1786663860000,13.64,15.56,12,10,closed,false
T003947,1786406400000,S2,shuttle,SITE1,V06,D0120,KA01AB0734,login,1786437000000,1786437240000,16.95,16.40,24,17,closed,true
T003948,1783728000000,S1,nodal,SITE3,V07,D0182,KA01AB0633,login,1783737000000,1783737120000,9.82,9.64,12,8,closed,true
T003949,1784073600000,S2,cab,SITE1,V03,D0158,KA01AB1889,login,1784104200000,1784104380000,40.17,42.67,4,2,closed,true
T003950,1785456000000,S2,cab,SITE3,V07,D0369,KA01AB1275,login,1785486600000,1785486600000,9.94,9.94,4,2,closed,true
T003951,1785888000000,S1,cab,SITE3,V11,D0107,KA01AB0040,logout,1785929400000,1785929520000,21.28,23.87,4,4,closed,true
T003952,1784764800000,S2,shuttle,SITE4,V08,D0253,KA01AB0811,login,1784795400000,1784795580000,37.76,37.03,24,11,closed,true
T003953,1784246400000,S3,cab,SITE2,V12,D0183,KA01AB0883,login,1784302200000,1784302200000,22.58,24.31,4,3,closed,true
T003954,1784764800000,S3,nodal,SITE3,V01,D0112,KA01AB0371,logout,1784763000000,1784763000000,20.29,22.97,12,12,closed,true
T003955,1781913600000,S1,shuttle,SITE4,V03,D0041,KA01AB1685,logout,1781955000000,1781955120000,40.80,41.31,24,1,closed,true
T003956,1786579200000,S2,nodal,SITE2,V04,D0103,KA01AB0513,login,1786609800000,1786609860000,36.86,39.71,12,7,closed,true
T003957,1781136000000,S2,nodal,SITE1,V03,D0044,KA01AB0825,logout,1781199000000,1781199120000,42.20,47.48,12,6,closed,true
T003958,1784678400000,S1,nodal,SITE2,V10,D0189,KA01AB1658,login,1784687400000,,27.73,30.51,12,3,open,true
T003959,1787270400000,S2,shuttle,SITE2,V09,D0335,KA01AB0840,logout,1787333400000,1787335380000,19.66,20.66,24,7,closed,true
T003960,1782777600000,S3,cab,SITE3,V08,D0010,KA01AB0851,login,1782833400000,1782833580000,23.41,22.97,4,1,closed,true
T003961,1784332800000,S3,cab,SITE2,V06,D0357,KA01AB1797,logout,1784331000000,1784331840000,33.47,34.65,4,3,closed,true
T003962,1781049600000,S1,cab,SITE1,V06,D0126,KA01AB1263,logout,1781091000000,1781091120000,41.33,43.12,4,3,closed,true
T003963,1782864000000,S3,shuttle,SITE2,V05,D0212,KA01AB0283,logout,1782862200000,1782862260000,34.51,36.00,24,21,closed,true,UNEXPECTED_EXTRA_FIELD
T003964,1783468800000,S1,shuttle,SITE4,V09,D0326,KA01AB0757,logout,1783510200000,1783510380000,41.16,46.54,24,8,closed,true
T003965,1786320000000,S3,shuttle,SITE2,V07,D0006,KA01AB0477,login,1786375800000,1786375800000,29.74,31.86,24,15,closed,true
T003966,1785369600000,S3,shuttle,SITE2,V09,D0134,KA01AB0604,login,1785425400000,1785426000000,35.94,40.67,24,1,closed,true
T003967,1785715200000,S1,cab,SITE3,V03,D0030,KA01AB1846,logout,1785756600000,1785756660000,17.05,17.60,4,1,closed,true
T003968,1781827200000,S2,cab,SITE4,V10,D0234,KA01AB0197,logout,1781890200000,1781890260000,24.21,26.82,4,2,closed,true
T003969,1785801600000,S1,nodal,SITE2,V11,D0349,KA01AB0198,login,1785810600000,1785810660000,25.91,29.04,12,3,closed,true
T003970,1785542400000,S2,nodal,SITE4,V09,D0086,KA01AB0684,login,1785573000000,1785573240000,11.56,13.00,12,12,closed,true
T003971,1781395200000,S3,shuttle,SITE4,V12,D0389,KA01AB1048,login,1781451000000,1781451120000,13.99,15.19,24,23,closed,true
T003972,1788393600000,S1,cab,SITE3,V08,D0285,KA01AB1131,login,1788402600000,1788402840000,23.53,26.27,4,4,closed,true
T003973,1785369600000,S1,cab,SITE1,V04,D0319,KA01AB0626,logout,1785411000000,1785411120000,13.98,13.74,4,4,closed,true
T003974,1787616000000,S3,cab,SITE3,V06,D0199,KA01AB0244,logout,1787614200000,1787614380000,9.06,9.50,4,2,closed,true
T003975,1783987200000,S1,shuttle,SITE1,V03,D0348,KA01AB0038,login,1783996200000,1783996260000,18.80,18.80,24,10,closed,true
T003976,1788393600000,S1,cab,SITE2,V06,D0199,KA01AB0476,logout,1788435000000,1788435000000,14.62,14.25,4,3,closed,true
T003977,1787011200000,S1,cab,SITE2,V11,D0228,KA01AB0666,logout,1787052600000,1787052600000,24.24,24.08,4,1,closed,true
T003978,1786924800000,S2,cab,SITE4,V07,D0118,KA01AB1944,logout,1786987800000,1786987980000,39.96,44.44,4,3,closed,false
T003979,1784592000000,S1,cab,SITE3,V10,D0205,KA01AB0779,login,1784601000000,1784602440000,34.72,39.83,4,2,closed,true
T003980,1782172800000,S2,nodal,SITE3,V06,D0040,KA01AB0392,logout,1782235800000,1782235800000,14.42,15.92,12,4,closed,true
T003981,1783814400000,S3,nodal,SITE4,V10,D0098,KA01AB0954,logout,1783812600000,1783812600000,14.91,15.03,12,6,closed,true
T003982,1787529600000,S3,cab,SITE3,V10,D0240,KA01AB0315,login,1787585400000,1787585400000,37.24,36.39,4,3,closed,true
T003983,1782950400000,S2,cab,SITE4,V08,D0009,KA01AB1422,login,1782981000000,1782983220000,12.43,13.84,4,3,closed,true
T003984,1781308800000,S2,cab,SITE3,V07,D0220,KA01AB1119,logout,1781371800000,1781371980000,11.75,13.24,4,3,closed,true
T003985,1782259200000,S3,shuttle,SITE3,V06,D0139,KA01AB0923,login,1782315000000,1782316020000,31.74,33.89,24,22,closed,true
T003986,1786579200000,S3,nodal,SITE4,V10,D0109,KA01AB0123,login,1786635000000,1786635180000,19.33,19.03,12,8,closed,true
T003987,1783814400000,S3,cab,SITE2,V10,D0141,KA01AB0844,logout,1783812600000,1783812600000,34.43,38.80,4,4,closed,true
T003988,1781222400000,S2,shuttle,SITE1,V07,D0390,KA01AB0638,login,1781253000000,1781253840000,40.08,39.91,24,10,closed,true
T003989,1786320000000,S2,cab,SITE2,V04,D0115,KA01AB1414,logout,1786383000000,1786383840000,14.39,15.95,4,3,closed,true
T003990,1785715200000,S3,cab,SITE2,V01,D0273,KA01AB1159,login,1785771000000,1785771060000,15.34,16.39,4,4,closed,true
T003991,1780963200000,S1,cab,SITE3,V01,D0386,KA01AB0559,logout,1781004600000,1781004780000,11.67,12.49,4,4,closed,true
T003992,1785024000000,S1,cab,SITE4,V09,D0059,KA01AB1047,logout,1785065400000,1785065400000,33.88,34.00,4,4,closed,true
T003993,1785196800000,S2,cab,SITE3,V08,D0308,KA01AB1314,logout,1785259800000,1785259920000,33.75,38.22,4,1,closed,true
T003994,1784332800000,S3,shuttle,SITE4,V09,D0323,KA01AB1054,logout,1784331000000,1784331120000,27.69,29.75,24,5,closed,true
T003995,1782691200000,S1,nodal,SITE3,V01,D0298,KA01AB1905,login,1782700200000,1782700440000,36.43,40.20,12,5,closed,true
T003996,1785024000000,S1,nodal,SITE3,V05,D0112,KA01AB0002,logout,1785065400000,1785065400000,14.03,14.56,12,10,closed,true
T003997,1785369600000,S1,nodal,SITE4,V11,D0033,KA01AB1819,logout,1785411000000,1785411240000,35.15,37.13,12,6,closed,true
T003998,1783123200000,S2,cab,SITE2,V07,D0301,KA01AB0234,logout,1783186200000,1783186200000,9.18,9.39,4,2,closed,false
T003999,1783900800000,S2,nodal,SITE4,V04,D0009,KA01AB0311,login,1783931400000,1783931640000,26.65,28.85,12,4,closed,true
T004000,1785196800000,S2,cab,SITE3,V01,D0161,KA01AB1288,login,1785227400000,1785227460000,9.12,10.04,4,4,closed,true
T004001,1781654400000,S1,nodal,SITE3,V08,D0312,KA01AB0544,login,1781663400000,1781663640000,34.99,40.07,12,4,closed,true
T004002,1781740800000,S3,cab,SITE3,V10,D0089,KA01AB0376,logout,1781739000000,1781739000000,19.73,21.64,4,1,closed,true
T004003,1782604800000,S1,cab,SITE1,V06,D0273,KA01AB1097,login,1782613800000,1782614040000,18.11,19.83,4,1,closed,true
T004004,1788220800000,S2,cab,SITE1,V03,D0302,KA01AB0260,logout,1788283800000,1788283800000,28.37,31.35,4,1,closed,true
T004005,1785628800000,S2,shuttle,SITE2,V12,D0086,KA01AB1386,login,1785659400000,1785659580000,12.99,14.59,24,6,closed,true
T004006,1783814400000,S3,nodal,SITE2,V02,D0183,KA01AB1442,login,1783870200000,1783870260000,28.93,28.29,12,1,closed,true
T004007,1786924800000,S1,cab,SITE3,V01,D0198,KA01AB0876,login,1786933800000,1786933800000,38.37,36.79,4,4,closed,true
T004008,1786752000000,S3,nodal,SITE4,V08,D0194,KA01AB1420,logout,1786750200000,1786750380000,30.76,33.04,12,4,closed,true
T004009,1787788800000,S2,cab,SITE1,V04,D0259,KA01AB1212,login,1787819400000,1787819520000,13.29,13.98,4,2,closed,true
T004010,1787616000000,S2,nodal,SITE3,V11,D0150,KA01AB1090,login,1787646600000,1787646720000,36.20,36.65,12,9,closed,true
T004011,1784937600000,S1,nodal,SITE4,V12,D0108,KA01AB1724,login,1784946600000,1784947740000,35.97,40.91,12,2,closed,true
T004012,1782518400000,S3,shuttle,SITE2,V07,D0185,KA01AB0342,login,1782574200000,1782574380000,28.89,31.39,24,21,closed,true
T004013,1783036800000,S2,nodal,SITE4,V05,D0101,KA01AB0436,login,1783067400000,1783067580000,14.82,15.95,12,9,closed,true
T004014,1785283200000,S1,shuttle,SITE2,V07,D0095,KA01AB0135,login,1785292200000,1785292440000,22.84,25.38,24,2,closed,true
T004015,1784073600000,S2,shuttle,SITE1,V07,D0288,KA01AB0209,logout,1784136600000,1784136840000,12.63,12.05,24,9,closed,true
T004016,1785801600000,S3,nodal,SITE2,V06,D0034,KA01AB1489,logout,1785799800000,1785799860000,17.70,18.89,12,5,closed,true
T004017,1782432000000,S2,cab,SITE4,V06,D0076,KA01AB0567,logout,1782495000000,1782495180000,30.19,29.84,4,4,closed,true
T004018,1783987200000,S2,nodal,SITE2,V03,D0357,KA01AB1321,logout,1784050200000,1784052840000,14.05,13.91,12,4,closed,true
T004019,1782518400000,S3,shuttle,SITE1,V09,D0214,KA01AB1915,logout,1782516600000,1782516840000,20.81,21.67,24,15,closed,true
T004020,1786320000000,S1,nodal,SITE3,V11,D0100,KA01AB1390,login,1786329000000,1786329120000,17.30,17.45,12,8,closed,true
T004021,1785369600000,S3,cab,SITE3,V10,D0134,KA01AB1793,logout,1785367800000,1785367920000,41.26,45.56,4,3,closed,true
T004022,1781308800000,S2,cab,SITE2,V05,D0215,KA01AB1491,login,1781339400000,1781339460000,28.87,28.47,4,3,closed,true
T004023,1783382400000,S1,shuttle,SITE2,V11,D0245,KA01AB1501,login,1783391400000,1783391640000,42.96,49.12,24,8,closed,true
T004024,1784246400000,S3,cab,SITE1,V11,D0063,KA01AB1046,login,1784302200000,1784304720000,42.69,42.37,4,3,closed,true
T004025,1783036800000,S2,shuttle,SITE4,V02,D0331,KA01AB1965,login,1783067400000,1783067580000,28.00,27.31,24,4,closed,true
T004026,1783123200000,S3,shuttle,SITE4,V04,D0302,KA01AB1736,logout,1783121400000,1783121940000,14.69,16.56,24,15,closed,true
T004027,1782345600000,S3,shuttle,SITE1,V12,D0067,KA01AB0801,logout,1782343800000,1782343860000,16.38,17.86,24,10,closed,true
T004028,1787097600000,S2,cab,SITE3,V11,D0368,KA01AB0088,logout,1787160600000,1787160720000,14.08,14.36,4,2,closed,true
T004029,1784678400000,S3,nodal,SITE4,V09,D0099,KA01AB0693,login,1784734200000,1784734380000,11.75,13.42,12,11,closed,true
T004030,1785110400000,S2,cab,SITE2,V04,D0206,KA01AB0113,logout,1785173400000,1785173580000,30.78,29.84,4,3,closed,true
T004031,1782432000000,S1,nodal,SITE4,V09,D0303,KA01AB1495,logout,1782473400000,,25.48,25.12,12,10,open,true
T004032,1783296000000,S3,shuttle,SITE2,V08,D0238,KA01AB0039,logout,1783294200000,,34.57,34.93,24,3,open,true
T004033,1781481600000,S2,shuttle,SITE3,V08,D0049,KA01AB1348,login,1781512200000,1781512260000,15.57,17.83,24,18,closed,true
T004034,1786579200000,S1,cab,SITE4,V08,D0301,KA01AB1431,login,1786588200000,1786590300000,9.31,10.41,4,1,closed,true
T004035,1786665600000,S3,shuttle,SITE3,V08,D0304,KA01AB0531,login,1786721400000,1786721640000,12.21,13.45,24,11,closed,true
T004036,1786233600000,S1,shuttle,SITE2,V06,D0223,KA01AB0826,login,1786242600000,1786242840000,33.20,31.79,24,10,closed,true
T004037,1786060800000,S2,shuttle,SITE4,V12,D0039,KA01AB1409,login,1786091400000,1786091640000,33.26,31.85,24,1,closed,true,UNEXPECTED_EXTRA_FIELD
T004038,1783036800000,S3,cab,SITE3,V08,D0140,KA01AB0743,logout,1783035000000,1783035240000,42.97,45.16,4,3,closed,true
T004039,1787184000000,S1,shuttle,SITE2,V10,D0210,KA01AB0864,login,1787193000000,1787193180000,19.07,20.72,24,9,closed,true
T004040,1782259200000,S1,shuttle,SITE4,V07,D0030,KA01AB0128,logout,1782300600000,1782300600000,39.76,41.97,24,16,closed,true
T004041,1783728000000,S2,nodal,SITE1,V04,D0370,KA01AB1076,login,1783758600000,1783758780000,22.43,24.56,12,1,closed,true
T004042,1781481600000,S2,cab,SITE1,V07,D0142,KA01AB0126,login,1781512200000,1781512260000,25.35,25.15,4,2,closed,true
T004043,1783209600000,S2,shuttle,SITE3,V02,D0046,KA01AB1800,login,1783240200000,1783240200000,15.01,16.94,24,5,closed,true
T004044,1782950400000,S3,shuttle,SITE2,V09,D0063,KA01AB0077,login,1783006200000,1783006200000,35.26,39.88,24,12,closed,true
T004045,1786147200000,S1,shuttle,SITE2,V03,D0373,KA01AB0297,logout,1786188600000,1786188600000,42.01,43.00,24,5,closed,true
T004046,1783468800000,S1,nodal,SITE3,V03,D0120,KA01AB1615,logout,1783510200000,1783510440000,24.83,24.60,12,10,closed,true
T004047,1787529600000,S1,nodal,SITE2,V12,D0293,KA01AB0801,login,1787538600000,1787538780000,37.25,39.24,12,3,closed,true
T004048,1786406400000,S2,cab,SITE4,V07,D0244,KA01AB1085,login,1786437000000,1786437180000,16.04,17.90,4,2,closed,true
T004049,1787875200000,S1,nodal,SITE2,V09,D0142,KA01AB0572,logout,1787916600000,1787916720000,26.41,27.78,12,10,closed,true
T004050,1788480000000,S1,nodal,SITE1,V04,D0041,KA01AB0211,login,1788489000000,1788489600000,28.51,29.93,12,9,closed,true
T004051,1784764800000,S2,shuttle,SITE2,V12,D0264,KA01AB1953,login,1784795400000,1784795460000,43.00,41.82,24,8,closed,true
T004052,1781740800000,S2,shuttle,SITE4,V04,D0298,KA01AB1102,login,1781771400000,1781771460000,16.53,16.74,24,8,closed,true
T004053,1784851200000,S2,cab,SITE3,V06,D0123,KA01AB0138,login,1784881800000,1784881860000,41.99,45.41,4,2,closed,true
T004054,1783814400000,S3,nodal,SITE1,V03,D0103,KA01AB1720,login,1783870200000,1783871100000,28.17,30.53,12,12,closed,true
T004055,1788480000000,S1,cab,SITE1,V06,D0032,KA01AB0467,login,1788489000000,1788489240000,39.93,41.34,4,1,closed,true
T004056,1783641600000,S2,nodal,SITE3,V04,D0336,KA01AB0260,login,1783672200000,1783672200000,23.11,22.67,12,1,closed,true
T004057,1780790400000,S1,shuttle,SITE1,V07,D0116,KA01AB1013,login,1780799400000,1780799520000,35.40,36.21,24,8,closed,true
T004058,1782604800000,S1,cab,SITE3,V12,D0269,KA01AB0050,login,1782613800000,1782616140000,8.78,9.52,4,3,closed,true
T004059,1782432000000,S3,nodal,SITE2,V03,D0052,KA01AB0829,logout,1782430200000,1782431820000,17.08,17.07,12,12,closed,true
T004060,1786406400000,S1,shuttle,SITE3,V02,D0287,KA01AB0947,login,1786415400000,1786415400000,31.48,30.73,24,16,closed,true
T004061,1785888000000,S2,shuttle,SITE2,V12,D0178,KA01AB0782,logout,1785951000000,1785951180000,10.99,10.80,24,8,closed,true
T004062,1783814400000,S2,nodal,SITE3,V04,D0154,KA01AB0775,login,1783845000000,1783845120000,9.97,10.47,12,11,closed,true
T004063,1781136000000,S3,nodal,SITE2,V03,D0182,KA01AB0184,logout,1781134200000,1781134200000,26.84,27.36,12,7,closed,true
T004064,1787443200000,S3,nodal,SITE3,V04,D0137,KA01AB0636,login,1787499000000,1787501160000,14.37,16.07,12,11,closed,true
T004065,1787097600000,S2,cab,SITE2,V10,D0239,KA01AB0316,login,1787128200000,1787128440000,31.84,35.41,4,4,closed,true
T004066,1785369600000,S2,nodal,SITE3,V04,D0221,KA01AB0653,login,1785400200000,1785400440000,12.66,13.14,12,11,closed,true
T004067,1783468800000,S3,cab,SITE3,V08,D0061,KA01AB1898,login,1783524600000,1783524840000,33.72,35.07,4,3,closed,true
T004068,1782172800000,S3,shuttle,SITE1,V03,D0177,KA01AB0152,logout,1782171000000,1782172320000,19.64,19.47,24,9,closed,true
T004069,1783900800000,S3,cab,SITE4,V02,D0030,KA01AB0478,login,1783956600000,1783956660000,23.95,27.34,4,4,closed,true
T004070,1787875200000,S1,cab,SITE4,V09,D0376,KA01AB1410,logout,1787916600000,1787918520000,36.70,40.72,4,1,closed,true
T004071,1786492800000,S3,nodal,SITE3,V09,D0027,KA01AB0982,logout,1786491000000,1786491060000,18.37,20.08,12,9,closed,true
T004072,1784332800000,S1,cab,SITE3,V01,D0099,KA01AB1882,logout,1784374200000,1784374440000,18.53,20.79,4,3,closed,true
T004073,1785974400000,S2,cab,SITE4,V08,D0142,KA01AB0851,logout,1786037400000,1786037400000,37.13,37.57,4,3,closed,true
T004074,1781913600000,S3,nodal,SITE2,V08,D0180,KA01AB0130,login,1781969400000,1781969520000,8.42,8.16,12,4,closed,true
T004075,1781568000000,S1,cab,SITE3,V02,D0003,KA01AB0969,login,1781577000000,1781577120000,26.76,28.01,4,4,closed,true
T004076,1785024000000,S1,shuttle,SITE4,V07,D0031,KA01AB1466,logout,1785065400000,1785065460000,16.78,18.42,24,12,closed,true
T004077,1781654400000,S2,cab,SITE4,V12,D0268,KA01AB1745,logout,1781717400000,1781717460000,14.77,14.52,4,1,closed,true
T004078,1781395200000,S1,cab,SITE2,V06,D0158,KA01AB0991,login,1781404200000,1781404320000,39.41,38.71,4,3,closed,true
T004079,1786492800000,S3,cab,SITE1,V04,D0234,KA01AB1762,login,1786548600000,1786548660000,39.19,39.50,4,4,closed,true
T004080,1783123200000,S3,nodal,SITE3,V07,D0122,KA01AB0716,login,1783179000000,1783179360000,27.67,26.56,12,1,closed,true
T004081,1781395200000,S2,nodal,SITE4,V04,D0144,KA01AB1884,logout,1781458200000,1781458260000,8.36,8.82,12,4,closed,true
T004082,1788134400000,S3,shuttle,SITE1,V02,D0289,KA01AB0794,login,1788190200000,1788190380000,15.02,16.16,24,7,closed,true
T004083,1785801600000,S3,cab,SITE3,V08,D0326,KA01AB1476,login,1785857400000,1785857460000,10.48,11.08,4,1,closed,true
T004084,1784851200000,S2,cab,SITE4,V09,D0351,KA01AB0406,logout,1784914200000,1784914200000,21.72,23.26,4,3,closed,true
T004085,1785369600000,S1,nodal,SITE4,V12,D0071,KA01AB1702,logout,1785411000000,1785411060000,34.28,34.82,12,4,closed,true
T004086,1787270400000,S1,cab,SITE4,V11,D0267,KA01AB0333,login,1787279400000,1787279520000,22.81,23.15,4,1,closed,true
T004087,1787184000000,S3,nodal,SITE1,V04,D0112,KA01AB1353,logout,1787182200000,1787182200000,16.87,16.33,12,10,closed,true
T004088,1786147200000,S2,cab,SITE2,V09,D0194,KA01AB0933,logout,1786210200000,1786210380000,12.71,14.03,4,3,closed,true
T004089,1788393600000,S2,shuttle,SITE3,V01,D0251,KA01AB0121,login,1788424200000,1788424200000,9.01,10.23,24,7,closed,true
T004090,1783382400000,S2,nodal,SITE4,V11,D0387,KA01AB0372,logout,1783445400000,1783445400000,36.92,36.23,12,7,closed,true
T004091,1782950400000,S1,nodal,SITE1,V05,D0210,KA01AB0958,login,1782959400000,1782959580000,39.45,38.29,12,1,closed,true
T004092,1787184000000,S2,nodal,SITE4,V05,D0257,KA01AB1128,login,1787214600000,1787216880000,30.10,31.16,12,2,closed,true
T004093,1785974400000,S3,cab,SITE1,V01,D0389,KA01AB1129,logout,1785972600000,1785972840000,38.06,36.28,4,3,closed,true
T004094,1785628800000,S1,nodal,SITE3,V02,D0353,KA01AB0348,login,1785637800000,1785637800000,20.16,20.30,12,12,closed,true
T004095,1783036800000,S1,nodal,SITE3,V07,D0280,KA01AB0312,logout,1783078200000,1783078680000,34.11,36.89,12,4,closed,true
T004096,1783468800000,S2,nodal,SITE1,V11,D0134,KA01AB1631,logout,1783531800000,1783531860000,16.71,17.16,12,9,closed,true
T004097,1782691200000,S2,shuttle,SITE1,V09,D0195,KA01AB0570,login,1782721800000,1782721980000,27.06,30.84,24,8,closed,true
T004098,1783555200000,S1,shuttle,SITE3,V10,D0019,KA01AB1867,login,1783564200000,1783564320000,24.69,24.44,24,6,closed,true
T004099,1786492800000,S1,nodal,SITE3,V07,D0083,KA01AB1823,login,1786501800000,1786501860000,11.79,12.63,12,3,closed,true
T004100,1785888000000,S3,shuttle,SITE1,V10,D0260,KA01AB0899,login,1785943800000,1785944040000,22.51,22.37,24,24,closed,true
T004101,1784160000000,S3,cab,SITE1,V07,D0090,KA01AB0149,logout,1784158200000,1784158260000,15.08,16.57,4,4,closed,true
T004102,1781827200000,S1,shuttle,SITE2,V04,D0327,KA01AB1518,logout,1781868600000,1781868780000,26.82,30.81,24,14,closed,true
T004103,1788307200000,S3,shuttle,SITE3,V03,D0069,KA01AB1598,logout,1788305400000,1788305640000,14.68,14.89,24,4,closed,true
T004104,1784160000000,S3,shuttle,SITE2,V03,D0132,KA01AB0679,login,1784215800000,1784215980000,34.68,36.51,24,6,closed,true
T004105,1783641600000,S1,nodal,SITE1,V04,D0058,KA01AB0986,login,1783650600000,1783650780000,22.31,25.12,12,11,closed,true
T004106,1783209600000,S2,cab,SITE4,V08,D0318,KA01AB0910,logout,1783272600000,1783272720000,16.28,16.37,4,3,closed,true,UNEXPECTED_EXTRA_FIELD
T004107,1782172800000,S3,cab,SITE1,V01,D0055,KA01AB0800,login,1782228600000,1782228780000,20.82,22.91,4,2,closed,true
T004108,1786320000000,S2,cab,SITE3,V01,D0116,KA01AB1890,logout,1786383000000,1786383000000,42.94,48.54,4,2,closed,true
T004109,1787356800000,S1,cab,SITE4,V11,D0134,KA01AB1653,logout,1787398200000,1787398380000,38.36,37.06,4,3,closed,true
T004110,1781740800000,S2,shuttle,SITE4,V02,D0009,KA01AB1186,login,1781771400000,1781771640000,11.04,11.43,24,16,closed,true
T004111,1787270400000,S2,nodal,SITE1,V01,D0132,KA01AB0379,login,1787301000000,1787301000000,16.21,16.23,12,7,closed,true
T004112,1787184000000,S3,nodal,SITE2,V01,D0347,KA01AB0555,login,1787239800000,1787240040000,36.53,37.11,12,12,closed,true
T004113,1783814400000,S3,shuttle,SITE3,V02,D0048,KA01AB1258,login,1783870200000,1783870380000,17.42,18.39,24,19,closed,true
T004114,1781740800000,S1,nodal,SITE2,V08,D0105,KA01AB1640,logout,1781782200000,1781783340000,9.49,9.69,12,8,closed,true
T004115,1786924800000,S2,cab,SITE4,V03,D0099,KA01AB0777,login,1786955400000,1786955520000,25.20,28.82,4,1,closed,true
T004116,1781049600000,S1,nodal,SITE1,V08,D0182,KA01AB1994,logout,1781091000000,,22.35,23.70,12,11,open,true
T004117,1783555200000,S1,cab,SITE1,V02,D0352,KA01AB1403,login,1783564200000,1783564260000,13.54,15.55,4,1,closed,true
T004118,1782345600000,S3,cab,SITE1,V02,D0026,KA01AB1164,logout,1782343800000,1782343980000,23.90,25.51,4,2,closed,true
T004119,1787184000000,S1,cab,SITE1,V07,D0368,KA01AB0579,logout,1787225400000,1787226540000,17.47,19.05,4,1,closed,true
T004120,1786924800000,S1,nodal,SITE4,V10,D0377,KA01AB0115,login,1786933800000,1786933800000,34.57,38.35,12,5,closed,true
T004121,1783209600000,S3,cab,SITE4,V03,D0188,KA01AB1041,login,1783265400000,1783265460000,18.88,18.10,4,3,closed,true
T004122,1780876800000,S2,cab,SITE1,V05,D0039,KA01AB0949,logout,1780939800000,1780939920000,27.65,30.55,4,4,closed,true
T004123,1784419200000,S2,nodal,SITE4,V12,D0139,KA01AB0315,logout,1784482200000,1784482620000,24.96,28.64,12,12,closed,false
T004124,1788220800000,S3,cab,SITE2,V07,D0162,KA01AB0270,logout,1788219000000,1788219060000,40.07,40.11,4,4,closed,true
T004125,1785974400000,S1,shuttle,SITE2,V07,D0175,KA01AB1042,login,1785983400000,1785983580000,26.68,29.36,24,21,closed,true
T004126,1786233600000,S3,cab,SITE3,V12,D0377,KA01AB0048,logout,1786231800000,1786232040000,25.07,27.78,4,4,closed,true
T004127,1784505600000,S1,shuttle,SITE2,V12,D0354,KA01AB0816,login,1784514600000,1784514780000,17.00,19.13,24,11,closed,true
T004128,1788393600000,S2,shuttle,SITE2,V09,D0297,KA01AB1582,login,1788424200000,1788424200000,8.48,9.13,24,4,closed,true
T004129,1782000000000,S1,cab,SITE2,V08,D0386,KA01AB1218,login,1782009000000,1782009240000,8.82,9.36,4,2,closed,true
T004130,1781395200000,S1,cab,SITE1,V01,D0096,KA01AB0691,logout,1781436600000,1781436840000,34.97,35.76,4,2,closed,true
T004131,1785110400000,S3,shuttle,SITE2,V04,D0258,KA01AB1059,login,1785166200000,1785166260000,30.43,29.06,24,14,closed,true
T004132,1785974400000,S3,nodal,SITE1,V11,D0327,KA01AB1242,logout,1785972600000,1785975300000,33.94,38.51,12,8,closed,true
T004133,1782518400000,S1,nodal,SITE4,V02,D0294,KA01AB0577,login,1782527400000,1782529860000,29.43,32.09,12,10,closed,true
T004134,1782172800000,S3,shuttle,SITE3,V09,D0322,KA01AB0516,login,1782228600000,1782230760000,31.99,34.15,24,11,closed,true
T004135,1781049600000,S2,cab,SITE2,V07,D0111,KA01AB1671,login,1781080200000,1781080380000,23.79,25.47,4,3,closed,true
T004136,1783296000000,S2,shuttle,SITE4,V07,D0226,KA01AB0013,login,1783326600000,,16.55,16.84,24,15,open,true
T004137,1784419200000,S2,shuttle,SITE2,V08,D0294,KA01AB0444,logout,1784482200000,1784482320000,31.92,34.42,24,5,closed,true
T004138,1784073600000,S3,shuttle,SITE1,V08,D0259,KA01AB1149,login,1784129400000,1784129460000,9.56,10.79,24,22,closed,true
T004139,1785542400000,S1,shuttle,SITE2,V10,D0193,KA01AB0009,login,1785551400000,1785551460000,42.30,48.21,24,24,closed,true
T004140,1782777600000,S1,shuttle,SITE3,V04,D0289,KA01AB0318,logout,1782819000000,1782819180000,42.78,40.93,24,23,closed,true
T004141,1786752000000,S2,nodal,SITE4,V07,D0340,KA01AB0518,login,1786782600000,1786782840000,37.37,40.93,12,4,closed,true
T004142,1786579200000,S2,shuttle,SITE4,V12,D0028,KA01AB1948,logout,1786642200000,1786642440000,33.71,35.13,24,3,closed,true
T004143,1785196800000,S1,shuttle,SITE4,V04,D0250,KA01AB1984,logout,1785238200000,1785238440000,8.23,8.90,24,24,closed,true
T004144,1785801600000,S3,cab,SITE1,V05,D0384,KA01AB0200,logout,1785799800000,1785799980000,31.28,33.32,4,1,closed,true
T004145,1785628800000,S1,cab,SITE1,V09,D0304,KA01AB0580,login,1785637800000,1785637920000,33.00,37.08,4,2,closed,true
T004146,1781136000000,S2,cab,SITE4,V03,D0362,KA01AB1450,logout,1781199000000,1781199240000,27.69,30.16,4,3,closed,true
T004147,1782086400000,S1,cab,SITE3,V03,D0171,KA01AB1309,logout,1782127800000,1782127980000,15.73,17.33,4,1,closed,true
T004148,1783814400000,S2,cab,SITE4,V02,D0193,KA01AB1599,logout,1783877400000,1783877640000,12.49,11.88,4,1,closed,true
T004149,1784678400000,S2,cab,SITE4,V04,D0356,KA01AB1052,login,1784709000000,1784709240000,35.19,33.96,4,1,closed,true
T004150,1787616000000,S1,nodal,SITE1,V04,D0101,KA01AB0102,logout,1787657400000,1787657580000,21.28,20.70,12,4,closed,true
T004151,1785456000000,S2,cab,SITE4,V07,D0147,KA01AB1761,logout,1785519000000,1785519420000,23.71,25.76,4,1,closed,true
T004152,1783900800000,S2,nodal,SITE4,V10,D0159,KA01AB0646,logout,1783963800000,1783964040000,29.38,28.41,12,12,closed,true
T004153,1787961600000,S3,nodal,SITE2,V09,D0252,KA01AB0364,logout,1787959800000,1787959860000,35.26,37.50,12,3,closed,true
T004154,1784592000000,S3,shuttle,SITE3,V09,D0391,KA01AB0888,login,1784647800000,1784647860000,9.30,9.55,24,18,closed,true
T004155,1788134400000,S2,nodal,SITE4,V02,D0152,KA01AB1234,login,1788165000000,1788165120000,11.94,11.81,12,12,closed,true
T004156,1782259200000,S2,shuttle,SITE2,V06,D0120,KA01AB1838,logout,1782322200000,1782322320000,11.41,11.03,24,16,closed,true
T004157,1787443200000,S3,nodal,SITE4,V08,D0268,KA01AB1323,login,1787499000000,1787499000000,14.64,16.71,12,9,closed,true
T004158,1785456000000,S1,shuttle,SITE3,V04,D0255,KA01AB1272,login,1785465000000,1785465060000,23.10,26.18,24,20,closed,true
T004159,1788307200000,S1,nodal,SITE4,V05,D0353,KA01AB1436,login,1788316200000,1788316380000,25.97,28.05,12,3,closed,true
T004160,1783209600000,S2,cab,SITE2,V09,D0267,KA01AB0602,logout,1783272600000,1783272600000,34.57,35.16,4,1,closed,true
T004161,1785974400000,S1,nodal,SITE4,V12,D0343,KA01AB1160,login,1785983400000,1785983460000,29.03,30.90,12,6,closed,true
T004162,1782000000000,S2,cab,SITE2,V07,D0355,KA01AB0869,login,1782030600000,1782030660000,15.66,16.31,4,2,closed,true
T004163,1782432000000,S2,nodal,SITE1,V08,D0040,KA01AB1783,login,1782462600000,1782462660000,26.07,27.48,12,1,closed,true
T004164,1783900800000,S2,cab,SITE4,V04,D0145,KA01AB0988,login,1783931400000,1783931640000,15.24,17.33,4,1,closed,true
T004165,1782086400000,S2,cab,SITE2,V12,D0078,KA01AB1392,login,1782117000000,1782117120000,22.46,25.02,4,3,closed,true
T004166,1782432000000,S3,shuttle,SITE2,V01,D0066,KA01AB1552,logout,1782430200000,1782430320000,33.51,36.25,24,1,closed,true
T004167,1787529600000,S3,shuttle,SITE4,V10,D0341,KA01AB1909,login,1787585400000,1787586360000,39.32,44.81,24,17,closed,true
T004168,1785024000000,S3,shuttle,SITE2,V09,D0331,KA01AB1543,logout,1785022200000,1785024180000,12.35,13.36,24,17,closed,false
T004169,1781913600000,S1,shuttle,SITE3,V05,D0333,KA01AB0346,logout,1781955000000,1781955000000,19.26,21.88,24,2,closed,true
T004170,1783209600000,S3,cab,SITE2,V05,D0196,KA01AB0985,login,1783265400000,1783265640000,14.69,16.03,4,4,closed,true
T004171,1782086400000,S1,shuttle,SITE1,V12,D0064,KA01AB1768,logout,1782127800000,1782129060000,18.42,20.97,24,23,closed,true
T004172,1782086400000,S3,nodal,SITE2,V11,D0216,KA01AB1503,login,1782142200000,1782142200000,34.22,33.73,12,2,closed,true
T004173,1785974400000,S1,shuttle,SITE3,V07,D0292,KA01AB0231,logout,1786015800000,1786017720000,12.24,11.64,24,3,closed,true
T004174,1782777600000,S1,shuttle,SITE2,V08,D0322,KA01AB1674,login,1782786600000,1782786600000,25.81,29.37,24,9,closed,true
T004175,1783382400000,S1,cab,SITE4,V02,D0106,KA01AB1634,login,1783391400000,1783391460000,29.11,32.74,4,4,closed,true
T004176,1782518400000,S1,nodal,SITE4,V12,D0219,KA01AB0443,login,1782527400000,1782527520000,40.82,39.07,12,10,closed,true
T004177,1788134400000,S1,cab,SITE3,V02,D0153,KA01AB1512,login,1788143400000,1788143580000,14.11,15.16,4,3,closed,true
T004178,1786665600000,S3,shuttle,SITE4,V12,D0203,KA01AB0672,login,1786721400000,1786721400000,32.70,33.42,24,22,closed,true
T004179,1788048000000,S1,shuttle,SITE3,V01,D0226,KA01AB0377,login,1788057000000,1788057240000,38.43,43.60,24,17,closed,true
T004180,1786147200000,S1,cab,SITE2,V02,D0140,KA01AB1389,login,1786156200000,1786156380000,36.14,36.27,4,2,closed,true
T004181,1781308800000,S3,cab,SITE4,V04,D0141,KA01AB1957,logout,1781307000000,1781307120000,14.51,14.27,4,2,closed,true
T004182,1787961600000,S1,cab,SITE2,V01,D0224,KA01AB0547,login,1787970600000,1787970720000,35.68,35.23,4,3,closed,true
T004183,1786924800000,S3,shuttle,SITE1,V05,D0099,KA01AB0669,login,1786980600000,1786980780000,37.94,36.62,24,23,closed,true
T004184,1785369600000,S1,cab,SITE1,V06,D0124,KA01AB0248,logout,1785411000000,1785412140000,27.43,29.65,4,3,closed,true
T004185,1781740800000,S3,cab,SITE3,V01,D0131,KA01AB0434,logout,1781739000000,1781739240000,30.25,29.99,4,4,closed,true
T004186,1782086400000,S3,nodal,SITE3,V10,D0137,KA01AB1909,logout,1782084600000,1782084720000,29.20,30.06,12,2,closed,true
T004187,1785456000000,S2,cab,SITE4,V11,D0344,KA01AB0145,login,1785486600000,1785486600000,22.02,24.59,4,3,closed,true
T004188,1781654400000,S3,nodal,SITE4,V06,D0283,KA01AB1429,logout,1781652600000,1781652840000,11.67,11.42,12,11,closed,true
T004189,1788048000000,S2,nodal,SITE2,V09,D0021,KA01AB0020,login,1788078600000,1788078600000,41.07,40.84,12,10,closed,true
T004190,1786060800000,S3,cab,SITE1,V04,D0266,KA01AB0458,logout,1786059000000,1786059240000,38.50,38.58,4,1,closed,true
T004191,1781740800000,S3,shuttle,SITE1,V12,D0224,KA01AB1421,login,1781796600000,1781796660000,39.34,43.26,24,3,closed,true
T004192,1783814400000,S3,shuttle,SITE4,V12,D0048,KA01AB0147,logout,1783812600000,1783812720000,31.84,31.54,24,2,closed,true
T004193,1787443200000,S2,shuttle,SITE4,V03,D0134,KA01AB1089,logout,1787506200000,1787506260000,20.51,22.23,24,8,closed,true
T004194,1787097600000,S1,nodal,SITE4,V11,D0270,KA01AB1360,logout,1787139000000,1787139000000,25.46,27.56,12,5,closed,true
T004195,1781654400000,S1,shuttle,SITE3,V02,D0142,KA01AB1187,login,1781663400000,1781663520000,28.39,30.38,24,7,closed,true
T004196,1784505600000,S2,shuttle,SITE4,V02,D0399,KA01AB0357,logout,1784568600000,1784568780000,8.42,8.27,24,4,closed,true
T004197,1784764800000,S3,cab,SITE2,V03,D0264,KA01AB0068,logout,1784763000000,1784763060000,38.02,40.96,4,4,closed,true
T004198,1782777600000,S1,nodal,SITE4,V11,D0283,KA01AB0471,logout,1782819000000,1782819240000,30.37,34.90,12,2,closed,true
T004199,1780876800000,S2,shuttle,SITE2,V12,D0195,KA01AB0907,logout,1780939800000,1780939920000,37.92,37.70,24,13,closed,true
T004200,1784764800000,S1,cab,SITE1,V12,D0145,KA01AB0027,login,1784773800000,1784774040000,33.53,34.36,4,1,closed,true
T004201,1784678400000,S2,cab,SITE2,V01,D0082,KA01AB1153,logout,1784741400000,1784741520000,12.18,13.32,4,2,closed,true
T004202,1782259200000,S3,shuttle,SITE4,V05,D0347,KA01AB1980,logout,1782257400000,1782257640000,39.09,41.44,24,22,closed,true
T004203,1783900800000,S2,shuttle,SITE3,V08,D0209,KA01AB1364,login,1783931400000,1783931640000,36.12,39.98,24,3,closed,true
T004204,1785196800000,S2,cab,SITE1,V05,D0136,KA01AB0580,logout,1785259800000,1785259920000,41.61,47.42,4,3,closed,true
T004205,1783468800000,S3,cab,SITE4,V08,D0088,KA01AB0763,logout,1783467000000,1783467240000,34.67,34.70,4,1,closed,true
T004206,1786406400000,S2,shuttle,SITE4,V05,D0100,KA01AB1390,logout,1786469400000,1786469400000,12.83,12.99,24,22,closed,true
T004207,1787875200000,S3,nodal,SITE2,V12,D0106,KA01AB1588,logout,1787873400000,1787875200000,9.22,9.89,12,6,closed,true
T004208,1780790400000,S1,nodal,SITE3,V12,D0058,KA01AB1014,login,1780799400000,1780799460000,14.67,14.53,12,4,closed,true
T004209,1781827200000,S1,cab,SITE2,V07,D0375,KA01AB1898,logout,1781868600000,1781868720000,27.55,27.22,4,1,closed,true
T004210,1787875200000,S2,nodal,SITE2,V09,D0317,KA01AB1019,login,1787905800000,1787905980000,25.88,25.11,12,11,closed,true
T004211,1781395200000,S3,cab,SITE4,V11,D0173,KA01AB0928,login,1781451000000,1781451120000,31.84,31.11,4,4,closed,true
T004212,1788134400000,S2,shuttle,SITE3,V06,D0026,KA01AB0015,logout,1788197400000,1788197580000,29.83,31.62,24,18,closed,true
T004213,1783468800000,S2,shuttle,SITE1,V05,D0096,KA01AB0221,login,1783499400000,1783499460000,40.66,46.45,24,19,closed,true
T004214,1787356800000,S3,nodal,SITE1,V01,D0338,KA01AB1380,logout,1787355000000,1787355060000,39.71,43.51,12,11,closed,true
T004215,1782864000000,S3,cab,SITE4,V09,D0363,KA01AB0551,logout,1782862200000,1782862800000,24.18,25.90,4,4,closed,true
T004216,1784764800000,S2,nodal,SITE2,V11,D0010,KA01AB0165,login,1784795400000,1784795460000,16.41,16.65,12,4,closed,true
T004217,1784160000000,S3,cab,SITE1,V05,D0378,KA01AB0397,login,1784215800000,1784215800000,11.04,11.79,4,3,closed,true
T004218,1784160000000,S2,shuttle,SITE3,V09,D0128,KA01AB0736,login,1784190600000,1784190780000,22.23,21.61,24,1,closed,true
T004219,1784419200000,S2,shuttle,SITE2,V03,D0291,KA01AB0721,logout,1784482200000,1784482380000,25.75,25.97,24,17,closed,true
T004220,1781481600000,S3,nodal,SITE3,V12,D0231,KA01AB0370,login,1781537400000,1781537580000,21.36,22.46,12,8,closed,true
T004221,1782345600000,S3,shuttle,SITE3,V03,D0236,KA01AB1421,logout,1782343800000,1782344040000,17.44,18.61,24,17,closed,true
T004222,1787788800000,S3,cab,SITE3,V04,D0369,KA01AB1828,logout,1787787000000,1787787180000,37.29,40.43,4,4,closed,true
T004223,1783382400000,S3,shuttle,SITE4,V03,D0021,KA01AB1285,login,1783438200000,1783439400000,20.50,22.75,24,9,closed,true
T004224,1786320000000,S2,shuttle,SITE2,V02,D0086,KA01AB0001,logout,1786383000000,1786383240000,40.04,42.56,24,23,closed,true
T004225,1781136000000,S2,nodal,SITE3,V10,D0237,KA01AB1506,login,1781166600000,1781166840000,29.05,29.74,12,10,closed,true
T004226,1786838400000,S1,nodal,SITE4,V07,D0032,KA01AB1266,logout,1786879800000,1786879920000,16.57,17.57,12,10,closed,true
T004227,1788048000000,S1,cab,SITE4,V06,D0133,KA01AB1941,login,1788057000000,1788057000000,28.55,28.66,4,3,closed,true
T004228,1785974400000,S2,nodal,SITE1,V04,D0076,KA01AB0296,login,1786005000000,1786005120000,38.73,38.41,12,10,closed,true
T004229,1784332800000,S3,cab,SITE3,V12,D0189,KA01AB0403,login,1784388600000,1784388600000,33.55,38.27,4,2,closed,true
T004230,1787356800000,S1,nodal,SITE3,V01,D0030,KA01AB1233,login,1787365800000,1787366040000,16.93,16.35,12,4,closed,true
T004231,1781827200000,S3,shuttle,SITE1,V06,D0138,KA01AB1263,login,1781883000000,1781883180000,15.53,16.96,24,5,closed,true
T004232,1785024000000,S2,shuttle,SITE4,V09,D0303,KA01AB1382,login,1785054600000,1785054780000,15.62,17.09,24,20,closed,true
T004233,1783728000000,S1,cab,SITE1,V02,D0107,KA01AB0865,logout,1783769400000,1783769400000,21.96,22.72,4,3,closed,true
T004234,1786924800000,S1,shuttle,SITE1,V03,D0221,KA01AB0257,login,1786933800000,1786933920000,19.51,21.61,24,21,closed,true
T004235,1783296000000,S1,cab,SITE4,V06,D0293,KA01AB0070,login,1783305000000,1783305540000,22.78,24.22,4,2,closed,true
T004236,1787011200000,S3,cab,SITE2,V07,D0133,KA01AB1919,logout,1787009400000,1787011740000,35.48,39.40,4,2,closed,true
T004237,1783814400000,S1,cab,SITE1,V03,D0387,KA01AB0093,login,1783823400000,1783823520000,9.69,10.80,4,1,closed,true
T004238,1780963200000,S3,shuttle,SITE2,V06,D0077,KA01AB0199,logout,1780961400000,1780961400000,20.03,20.54,24,10,closed,true
T004239,1785888000000,S1,shuttle,SITE3,V09,D0001,KA01AB1539,logout,1785929400000,1785929400000,39.90,45.87,24,17,closed,true
T004240,1786752000000,S1,shuttle,SITE4,V08,D0265,KA01AB1791,login,1786761000000,1786761240000,24.93,28.56,24,20,closed,true
T004241,1787875200000,S1,shuttle,SITE4,V09,D0048,KA01AB0793,login,1787884200000,1787884440000,11.48,11.18,24,5,closed,true
T004242,1786320000000,S2,shuttle,SITE2,V04,D0111,KA01AB1554,logout,1786383000000,1786383180000,41.67,42.15,24,18,closed,true
T004243,1785628800000,S2,nodal,SITE4,V09,D0394,KA01AB1600,login,1785659400000,1785659400000,27.35,28.42,12,10,closed,true
T004244,1787529600000,S3,shuttle,SITE4,V06,D0375,KA01AB0902,logout,1787527800000,1787527860000,21.68,22.34,24,20,closed,true
T004245,1784246400000,S3,nodal,SITE1,V03,D0106,KA01AB0026,logout,1784244600000,1784246220000,17.28,18.84,12,3,closed,true
T004246,1784851200000,S1,nodal,SITE3,V02,D0260,KA01AB1638,login,1784860200000,1784860380000,42.51,48.13,12,2,closed,true
T004247,1785888000000,S3,cab,SITE1,V02,D0225,KA01AB1173,logout,1785886200000,1785887340000,32.41,35.09,4,4,closed,true
T004248,1788220800000,S1,shuttle,SITE2,V08,D0016,KA01AB1677,logout,1788262200000,1788262260000,10.88,11.15,24,11,closed,true
T004249,1781049600000,S3,shuttle,SITE4,V08,D0159,KA01AB1707,logout,1781047800000,1781047980000,35.16,39.47,24,4,closed,true
T004250,1783987200000,S2,cab,SITE1,V10,D0034,KA01AB1818,login,1784017800000,1784017800000,18.13,17.81,4,3,closed,true
T004251,1784592000000,S3,shuttle,SITE1,V08,D0202,KA01AB1098,logout,1784590200000,1784590380000,8.72,9.82,24,15,closed,true
T004252,1787875200000,S2,cab,SITE4,V05,D0288,KA01AB0596,logout,1787938200000,1787938440000,33.94,34.01,4,3,closed,true
T004253,1786406400000,S1,shuttle,SITE4,V06,D0061,KA01AB0425,logout,1786447800000,1786447860000,26.83,30.05,24,13,closed,true,UNEXPECTED_EXTRA_FIELD
T004254,1788307200000,S1,cab,SITE2,V09,D0029,KA01AB0618,logout,1788348600000,1788348720000,16.13,16.27,4,2,closed,true
T004255,1785715200000,S3,shuttle,SITE4,V11,D0279,KA01AB1026,login,1785771000000,1785771060000,17.31,17.34,24,22,closed,true
T004256,1783987200000,S1,shuttle,SITE1,V03,D0332,KA01AB0806,login,1783996200000,1783996260000,38.07,39.18,24,20,closed,true
T004257,1784851200000,S3,cab,SITE3,V12,D0385,KA01AB1448,logout,1784849400000,1784849580000,23.78,26.89,4,4,closed,true
T004258,1783728000000,S2,shuttle,SITE3,V11,D0345,KA01AB0559,logout,1783791000000,1783791000000,41.54,46.08,24,17,closed,true
T004259,1784246400000,S3,cab,SITE4,V08,D0021,KA01AB0039,login,1784302200000,1784302260000,31.73,30.72,4,3,closed,true
T004260,1784505600000,S1,nodal,SITE2,V08,D0205,KA01AB1949,login,1784514600000,1784514780000,33.47,35.48,12,5,closed,true
T004261,1781395200000,S2,nodal,SITE4,V01,D0226,KA01AB1781,logout,1781458200000,1781458260000,41.54,46.25,12,3,closed,true
T004262,1782000000000,S2,nodal,SITE3,V11,D0173,KA01AB0981,logout,1782063000000,1782063060000,36.32,38.30,12,10,closed,false
T004263,1780963200000,S1,cab,SITE3,V04,D0133,KA01AB0737,logout,1781004600000,1781004660000,10.96,12.25,4,1,closed,true
T004264,1786492800000,S3,shuttle,SITE2,V12,D0014,KA01AB1563,login,1786548600000,1786548660000,32.45,33.73,24,19,closed,true
T004265,1783123200000,S2,shuttle,SITE3,V03,D0137,KA01AB0327,login,1783153800000,1783153800000,29.36,31.61,24,24,closed,true
T004266,1782518400000,S3,cab,SITE3,V01,D0034,KA01AB1163,logout,1782516600000,1782516720000,38.75,40.09,4,2,closed,true
T004267,1781395200000,S1,nodal,SITE3,V01,D0317,KA01AB1840,login,1781404200000,1781406120000,37.44,38.44,12,5,closed,true
T004268,1780790400000,S3,nodal,SITE4,V12,D0281,KA01AB1707,login,1780846200000,1780846380000,20.11,20.33,12,8,closed,true
T004269,1785024000000,S1,shuttle,SITE1,V12,D0147,KA01AB0644,logout,1785065400000,1785066660000,42.32,40.61,24,18,closed,true
T004270,1787443200000,S1,shuttle,SITE4,V07,D0360,KA01AB1135,login,1787452200000,1787452200000,31.52,35.78,24,21,closed,true
T004271,1785888000000,S2,cab,SITE3,V10,D0251,KA01AB1078,logout,1785951000000,1785951120000,25.10,28.41,4,2,closed,true
T004272,1781395200000,S3,shuttle,SITE2,V09,D0053,KA01AB1022,logout,1781393400000,1781393580000,13.28,14.11,24,13,closed,true
T004273,1786579200000,S3,shuttle,SITE3,V12,D0128,KA01AB0284,logout,1786577400000,1786577640000,20.26,19.86,24,15,closed,true
T004274,1784851200000,S2,nodal,SITE3,V09,D0150,KA01AB1322,login,1784881800000,1784882040000,10.56,11.66,12,9,closed,true
T004275,1787356800000,S1,nodal,SITE3,V06,D0052,KA01AB0030,logout,1787398200000,,8.74,8.95,12,8,open,true
T004276,1788048000000,S3,nodal,SITE3,V03,D0018,KA01AB0844,login,1788103800000,1788103800000,40.71,40.54,12,3,closed,true
T004277,1785456000000,S3,cab,SITE4,V07,D0044,KA01AB1964,login,1785511800000,1785511800000,23.20,23.91,4,3,closed,true
T004278,1787097600000,S3,cab,SITE4,V10,D0161,KA01AB1814,login,1787153400000,1787153520000,34.98,39.99,4,1,closed,true
T004279,1783209600000,S3,shuttle,SITE3,V06,D0302,KA01AB0277,logout,1783207800000,1783207920000,13.18,13.04,24,1,closed,true
T004280,1781222400000,S3,cab,SITE3,V11,D0107,KA01AB0012,logout,1781220600000,1781220600000,31.92,32.52,4,1,closed,true
T004281,1784937600000,S2,cab,SITE4,V01,D0144,KA01AB1636,logout,1785000600000,1785000780000,26.36,25.29,4,3,closed,true
T004282,1784160000000,S3,nodal,SITE1,V07,D0034,KA01AB1580,login,1784215800000,1784215980000,22.20,21.36,12,6,closed,true
T004283,1781913600000,S2,nodal,SITE3,V09,D0087,KA01AB1244,logout,1781976600000,1781977620000,24.70,24.44,12,1,closed,true
T004284,1785801600000,S2,shuttle,SITE3,V07,D0391,KA01AB0327,logout,1785864600000,1785864780000,17.28,17.83,24,15,closed,true
T004285,1782432000000,S1,cab,SITE3,V10,D0121,KA01AB0868,login,1782441000000,1782441120000,29.31,30.05,4,4,closed,true
T004286,1782864000000,S1,cab,SITE3,V09,D0258,KA01AB0572,logout,1782905400000,1782905580000,22.13,22.94,4,3,closed,true
T004287,1781740800000,S2,nodal,SITE4,V03,D0302,KA01AB0170,logout,1781803800000,1781804040000,25.53,26.77,12,9,closed,true
T004288,1786665600000,S1,shuttle,SITE3,V02,D0185,KA01AB0641,logout,1786707000000,1786707180000,37.25,37.24,24,18,closed,true
T004289,1783382400000,S3,cab,SITE3,V01,D0004,KA01AB1734,logout,1783380600000,1783380600000,13.27,13.16,4,4,closed,true
T004290,1781136000000,S2,cab,SITE4,V08,D0161,KA01AB1758,login,1781166600000,1781166840000,28.58,28.24,4,1,closed,true
T004291,1785628800000,S2,cab,SITE1,V01,D0103,KA01AB1785,logout,1785691800000,1785691860000,27.15,29.94,4,4,closed,true
T004292,1782086400000,S3,shuttle,SITE2,V05,D0008,KA01AB1183,logout,1782084600000,1782084660000,21.03,20.76,24,7,closed,true
T004293,1787184000000,S3,shuttle,SITE3,V01,D0052,KA01AB0083,logout,1787182200000,1787182380000,35.29,39.17,24,19,closed,true
T004294,1782345600000,S3,nodal,SITE4,V06,D0178,KA01AB1108,login,1782401400000,1782401580000,40.39,40.46,12,7,closed,true
T004295,1784764800000,S3,nodal,SITE1,V08,D0183,KA01AB0380,login,1784820600000,1784821080000,22.53,22.12,12,12,closed,true
T004296,1785801600000,S1,nodal,SITE4,V09,D0037,KA01AB0869,logout,1785843000000,1785843240000,19.83,19.95,12,3,closed,true
T004297,1783123200000,S3,shuttle,SITE3,V03,D0180,KA01AB1874,login,1783179000000,1783179060000,28.20,28.57,24,21,closed,true
T004298,1784937600000,S1,cab,SITE4,V04,D0323,KA01AB0794,login,1784946600000,1784946600000,37.08,41.96,4,4,closed,true
T004299,1784073600000,S2,nodal,SITE2,V08,D0172,KA01AB1175,login,1784104200000,,13.61,14.09,12,6,open,true
T004300,1785283200000,S3,shuttle,SITE4,V10,D0277,KA01AB0301,logout,1785281400000,1785281460000,20.38,19.49,24,2,closed,true
T004301,1782950400000,S1,shuttle,SITE4,V10,D0113,KA01AB0836,logout,1782991800000,1782991800000,19.03,20.02,24,12,closed,true
T004302,1786406400000,S1,cab,SITE3,V06,D0329,KA01AB1035,login,1786415400000,1786415520000,30.24,31.52,4,2,closed,true
T004303,1784937600000,S3,nodal,SITE2,V08,D0316,KA01AB0286,login,1784993400000,1784993640000,10.85,11.70,12,6,closed,true
T004304,1787356800000,S1,nodal,SITE4,V07,D0154,KA01AB1241,logout,1787398200000,1787398320000,36.25,36.54,12,1,closed,true
T004305,1783900800000,S2,nodal,SITE4,V11,D0282,KA01AB0963,logout,1783963800000,1783963800000,11.07,11.04,12,10,closed,true
T004306,1782259200000,S2,nodal,SITE3,V06,D0378,KA01AB0216,logout,1782322200000,1782322440000,25.34,25.06,12,9,closed,true
T004307,1785628800000,S3,nodal,SITE4,V06,D0302,KA01AB0907,login,1785684600000,1785685740000,41.02,43.05,12,7,closed,true
T004308,1788134400000,S1,cab,SITE3,V05,D0308,KA01AB0414,logout,1788175800000,1788175920000,20.29,20.00,4,2,closed,true
T004309,1785542400000,S1,cab,SITE3,V05,D0137,KA01AB1329,login,1785551400000,1785551400000,35.48,36.02,4,2,closed,true
T004310,1782345600000,S1,cab,SITE3,V02,D0052,KA01AB1015,login,1782354600000,1782354660000,37.83,36.93,4,2,closed,true
T004311,1783641600000,S2,shuttle,SITE1,V10,D0102,KA01AB1228,logout,1783704600000,1783706160000,38.52,37.09,24,3,closed,true
T004312,1785542400000,S3,nodal,SITE4,V05,D0106,KA01AB1901,login,1785598200000,1785598200000,18.35,19.16,12,2,closed,true
T004313,1787097600000,S1,nodal,SITE1,V09,D0095,KA01AB0574,logout,1787139000000,1787140800000,27.40,28.66,12,12,closed,true
T004314,1788307200000,S3,shuttle,SITE3,V08,D0246,KA01AB1475,logout,1788305400000,1788305640000,42.90,48.88,24,1,closed,true
T004315,1781049600000,S2,shuttle,SITE3,V08,D0109,KA01AB1248,login,1781080200000,1781080380000,41.49,42.08,24,17,closed,true
T004316,1783382400000,S3,cab,SITE4,V07,D0094,KA01AB0846,login,1783438200000,1783438320000,30.54,29.89,4,1,closed,true
T004317,1781136000000,S2,shuttle,SITE1,V12,D0244,KA01AB0348,login,1781166600000,1781166720000,8.18,8.73,24,17,closed,true
T004318,1784764800000,S3,shuttle,SITE1,V07,D0106,KA01AB1448,login,1784820600000,,9.97,10.40,24,22,open,true,UNEXPECTED_EXTRA_FIELD
T004319,1787184000000,S2,shuttle,SITE1,V08,D0189,KA01AB1784,logout,1787247000000,1787247120000,14.13,14.48,24,21,closed,true
T004320,1784937600000,S1,nodal,SITE2,V08,D0117,KA01AB0010,logout,1784979000000,1784979240000,24.35,24.10,12,2,closed,true
T004321,1786838400000,S1,cab,SITE1,V10,D0028,KA01AB0908,login,1786847400000,,19.71,22.33,4,3,open,true
T004322,1788134400000,S1,cab,SITE2,V09,D0021,KA01AB0055,login,1788143400000,1788143640000,8.18,8.46,4,2,closed,true
T004323,1785628800000,S3,shuttle,SITE2,V09,D0390,KA01AB1407,logout,1785627000000,1785627060000,12.49,13.08,24,13,closed,true
T004324,1784332800000,S2,cab,SITE4,V02,D0320,KA01AB1302,login,1784363400000,1784363640000,25.61,29.40,4,2,closed,true
T004325,1784505600000,S2,nodal,SITE3,V06,D0294,KA01AB0542,logout,1784568600000,1784568840000,22.02,21.11,12,7,closed,true
T004326,1785974400000,S2,nodal,SITE1,V03,D0327,KA01AB0549,logout,1786037400000,1786037400000,20.97,20.52,12,7,closed,true
T004327,1783036800000,S3,cab,SITE2,V07,D0277,KA01AB1004,login,1783092600000,1783092840000,34.57,39.34,4,2,closed,true
T004328,1786924800000,S3,shuttle,SITE4,V05,D0117,KA01AB1719,login,1786980600000,1786980840000,16.23,17.31,24,22,closed,true
T004329,1788048000000,S2,nodal,SITE1,V02,D0241,KA01AB1111,logout,1788111000000,1788111060000,37.24,40.60,12,1,closed,true
T004330,1784937600000,S1,shuttle,SITE4,V01,D0087,KA01AB0849,login,1784946600000,1784949000000,18.54,17.99,24,4,closed,true
T004331,1787788800000,S3,nodal,SITE4,V12,D0192,KA01AB1159,login,1787844600000,1787844600000,13.07,14.24,12,2,closed,true
T004332,1787788800000,S1,cab,SITE3,V09,D0188,KA01AB0684,login,1787797800000,1787797800000,23.63,24.44,4,2,closed,true
T004333,1786665600000,S3,shuttle,SITE4,V05,D0012,KA01AB0904,logout,1786663800000,1786663920000,15.07,14.52,24,17,closed,true
T004334,1785456000000,S1,cab,SITE3,V07,D0387,KA01AB0871,login,1785465000000,1785465060000,40.00,40.96,4,4,closed,true
T004335,1785715200000,S3,shuttle,SITE4,V08,D0179,KA01AB0014,logout,1785713400000,1785713460000,35.52,38.83,24,14,closed,true
T004336,1787875200000,S1,cab,SITE3,V01,D0292,KA01AB0178,logout,1787916600000,1787916720000,37.71,38.52,4,4,closed,true
T004337,1786924800000,S2,cab,SITE2,V01,D0129,KA01AB1120,login,1786955400000,1786955400000,39.94,44.74,4,3,closed,true
T004338,1781568000000,S1,shuttle,SITE2,V07,D0247,KA01AB1736,login,1781577000000,1781577060000,21.59,22.03,24,5,closed,true
T004339,1783296000000,S1,nodal,SITE4,V12,D0238,KA01AB0253,login,1783305000000,1783305240000,25.75,29.43,12,12,closed,true
T004340,1781654400000,S3,nodal,SITE1,V06,D0107,KA01AB0655,login,1781710200000,1781710320000,10.22,10.39,12,8,closed,true
T004341,1781913600000,S2,nodal,SITE4,V06,D0231,KA01AB1134,login,1781944200000,1781944320000,39.72,40.14,12,6,closed,true
T004342,1783123200000,S3,nodal,SITE3,V03,D0216,KA01AB0715,logout,1783121400000,1783121640000,37.43,40.37,12,3,closed,true
T004343,1781654400000,S2,cab,SITE4,V02,D0326,KA01AB0532,login,1781685000000,1781685180000,39.67,43.46,4,1,closed,true
T004344,1785542400000,S1,shuttle,SITE1,V11,D0124,KA01AB0217,logout,1785583800000,1785585960000,42.97,48.06,24,24,closed,true
T004345,1782000000000,S2,nodal,SITE4,V05,D0205,KA01AB1546,logout,1782063000000,1782063240000,9.93,10.64,12,7,closed,true
T004346,1782432000000,S3,cab,SITE3,V05,D0162,KA01AB0872,login,1782487800000,1782487860000,25.50,25.39,4,2,closed,true
T004347,1781395200000,S3,nodal,SITE3,V08,D0286,KA01AB0628,logout,1781393400000,1781393640000,15.53,15.70,12,6,closed,true
T004348,1781222400000,S3,nodal,SITE3,V06,D0142,KA01AB1093,login,1781278200000,1781278200000,33.92,34.09,12,8,closed,true
T004349,1785456000000,S2,cab,SITE1,V07,D0065,KA01AB0740,logout,1785519000000,1785519120000,36.51,39.80,4,1,closed,true
T004350,1782345600000,S2,nodal,SITE3,V05,D0377,KA01AB0654,login,1782376200000,1782376260000,24.78,24.00,12,10,closed,true
T004351,1785974400000,S1,shuttle,SITE4,V01,D0127,KA01AB1557,logout,1786015800000,1786018320000,13.02,14.73,24,4,closed,true
T004352,1785024000000,S3,shuttle,SITE4,V07,D0074,KA01AB0454,logout,1785022200000,1785022380000,8.13,9.01,24,11,closed,true
T004353,1787011200000,S1,cab,SITE2,V04,D0126,KA01AB1128,login,1787020200000,1787020740000,9.02,8.66,4,1,closed,true
T004354,1785369600000,S2,cab,SITE2,V06,D0235,KA01AB1810,login,1785400200000,1785400320000,32.51,36.57,4,3,closed,true
T004355,1782604800000,S1,shuttle,SITE4,V01,D0017,KA01AB1089,logout,1782646200000,1782646320000,16.14,17.49,24,2,closed,true
T004356,1786492800000,S1,shuttle,SITE1,V09,D0252,KA01AB0784,login,1786501800000,1786501860000,36.50,40.53,24,20,closed,true
T004357,1785542400000,S1,cab,SITE4,V07,D0288,KA01AB0004,logout,1785583800000,,32.17,32.64,4,4,open,true
T004358,1785542400000,S2,cab,SITE3,V11,D0157,KA01AB1038,logout,1785605400000,1785605580000,14.83,15.47,4,4,closed,true
T004359,1786060800000,S3,shuttle,SITE1,V02,D0160,KA01AB1903,login,1786116600000,1786118760000,38.38,44.05,24,20,closed,true
T004360,1782777600000,S2,cab,SITE3,V11,D0177,KA01AB0119,login,1782808200000,1782808440000,17.03,17.83,4,4,closed,true
T004361,1782864000000,S1,shuttle,SITE2,V05,D0188,KA01AB0554,login,1782873000000,1782873180000,34.23,35.87,24,16,closed,true
T004362,1781049600000,S3,nodal,SITE1,V02,D0275,KA01AB1863,login,1781105400000,1781105640000,38.00,43.46,12,6,closed,true
T004363,1787097600000,S2,cab,SITE1,V02,D0319,KA01AB1432,logout,1787160600000,,20.40,20.61,4,2,open,true
T004364,1785456000000,S2,cab,SITE2,V03,D0211,KA01AB0011,logout,1785519000000,,11.93,11.63,4,4,open,true
T004365,1785196800000,S2,nodal,SITE1,V11,D0091,KA01AB0243,login,1785227400000,1785227520000,13.78,15.67,12,7,closed,true
T004366,1784678400000,S1,nodal,SITE4,V12,D0396,KA01AB0822,login,1784687400000,1784687460000,33.70,37.62,12,2,closed,true
T004367,1786406400000,S1,cab,SITE4,V09,D0238,KA01AB1075,logout,1786447800000,1786447860000,42.93,44.13,4,1,closed,true
T004368,1781222400000,S3,nodal,SITE2,V01,D0112,KA01AB1673,logout,1781220600000,1781220660000,23.78,25.49,12,7,closed,true
T004369,1783296000000,S2,cab,SITE1,V07,D0215,KA01AB1476,login,1783326600000,1783326720000,20.05,19.56,4,3,closed,true
T004370,1788480000000,S2,cab,SITE1,V07,D0086,KA01AB0006,logout,1788543000000,1788543240000,25.19,28.75,4,4,closed,true
T004371,1783382400000,S2,cab,SITE2,V06,D0252,KA01AB0028,login,1783413000000,1783413120000,31.18,33.01,4,3,closed,true
T004372,1783728000000,S1,cab,SITE1,V01,D0336,KA01AB0752,logout,1783769400000,1783769580000,13.98,15.61,4,3,closed,true
T004373,1782000000000,S3,cab,SITE4,V04,D0148,KA01AB0929,logout,1781998200000,1782000720000,12.65,13.66,4,1,closed,true
T004374,1780790400000,S2,nodal,SITE3,V07,D0023,KA01AB0510,login,1780821000000,1780821000000,33.04,37.92,12,1,closed,true
T004375,1784764800000,S2,shuttle,SITE2,V01,D0203,KA01AB0959,logout,1784827800000,1784827980000,24.12,23.15,24,10,closed,true
T004376,1787097600000,S2,cab,SITE3,V10,D0379,KA01AB0559,logout,1787160600000,1787160840000,11.12,12.41,4,1,closed,true
T004377,1788048000000,S1,nodal,SITE4,V08,D0378,KA01AB0943,logout,1788089400000,1788089580000,26.18,27.97,12,6,closed,true
T004378,1783382400000,S3,shuttle,SITE1,V04,D0382,KA01AB0704,login,1783438200000,1783438260000,26.41,30.15,24,22,closed,true
T004379,1787875200000,S3,nodal,SITE1,V04,D0130,KA01AB1862,login,1787931000000,1787931180000,42.48,45.69,12,10,closed,true
T004380,1785888000000,S1,cab,SITE4,V07,D0071,KA01AB1446,logout,1785929400000,1785929640000,17.50,18.36,4,3,closed,true
T004381,1783123200000,S2,cab,SITE4,V07,D0059,KA01AB1330,login,1783153800000,1783153920000,18.56,20.06,4,4,closed,true
T004382,1786060800000,S1,shuttle,SITE3,V02,D0252,KA01AB0588,login,1786069800000,1786069920000,27.86,27.77,24,2,closed,true
T004383,1781740800000,S1,shuttle,SITE2,V04,D0259,KA01AB1903,login,1781749800000,1781750520000,30.50,30.90,24,22,closed,true
T004384,1783641600000,S2,shuttle,SITE3,V10,D0223,KA01AB1840,login,1783672200000,1783672440000,9.67,10.75,24,3,closed,true
T004385,1781308800000,S2,cab,SITE3,V12,D0253,KA01AB1871,logout,1781371800000,1781371980000,21.00,22.95,4,4,closed,true
T004386,1780790400000,S3,shuttle,SITE1,V08,D0212,KA01AB0323,login,1780846200000,1780846200000,30.16,29.70,24,14,closed,true
T004387,1787011200000,S2,cab,SITE3,V01,D0398,KA01AB0302,logout,1787074200000,,42.75,41.75,4,3,open,true
T004388,1783641600000,S1,nodal,SITE1,V10,D0361,KA01AB1273,login,1783650600000,1783650660000,37.27,38.40,12,4,closed,true
T004389,1785110400000,S1,shuttle,SITE2,V12,D0121,KA01AB0583,login,1785119400000,1785119520000,26.62,30.05,24,16,closed,true
T004390,1784678400000,S3,shuttle,SITE1,V12,D0304,KA01AB1207,login,1784734200000,1784735340000,25.43,25.77,24,6,closed,true
T004391,1782950400000,S1,cab,SITE2,V12,D0138,KA01AB1027,logout,1782991800000,1782992040000,19.91,20.46,4,4,closed,true
T004392,1786060800000,S2,cab,SITE1,V08,D0137,KA01AB0054,logout,1786123800000,1786123800000,10.46,9.94,4,4,closed,true
T004393,1788048000000,S1,nodal,SITE2,V11,D0111,KA01AB0342,logout,1788089400000,1788090840000,38.67,37.37,12,9,closed,true
T004394,1783468800000,S2,shuttle,SITE1,V07,D0370,KA01AB0502,login,1783499400000,1783499400000,18.62,18.45,24,1,closed,true
T004395,1783728000000,S1,cab,SITE3,V08,D0250,KA01AB1405,logout,1783769400000,1783769400000,16.92,16.78,4,4,closed,true
T004396,1787961600000,S1,cab,SITE1,V06,D0181,KA01AB1407,login,1787970600000,1787970600000,40.35,46.29,4,2,closed,true
T004397,1786924800000,S2,nodal,SITE3,V09,D0137,KA01AB1941,logout,1786987800000,1786987800000,11.33,11.00,12,5,closed,true
T004398,1785628800000,S2,cab,SITE2,V05,D0107,KA01AB1547,login,1785659400000,1785659580000,42.87,41.37,4,3,closed,true
T004399,1786838400000,S2,shuttle,SITE2,V11,D0225,KA01AB0823,login,1786869000000,1786869660000,29.31,31.13,24,18,closed,true
T004400,1784764800000,S3,nodal,SITE2,V09,D0131,KA01AB1408,login,1784820600000,1784820600000,33.01,36.63,12,12,closed,true
T004401,1781136000000,S3,cab,SITE1,V03,D0290,KA01AB1093,logout,1781134200000,1781134440000,26.17,28.81,4,1,closed,true
T004402,1783641600000,S2,nodal,SITE1,V12,D0327,KA01AB1275,logout,1783704600000,1783705260000,17.83,18.34,12,7,closed,true
T004403,1782864000000,S2,nodal,SITE4,V12,D0184,KA01AB0439,login,1782894600000,1782894780000,19.63,20.85,12,6,closed,true
T004404,1785283200000,S3,nodal,SITE3,V11,D0320,KA01AB0535,login,1785339000000,1785341520000,32.58,36.53,12,5,closed,true
T004405,1781654400000,S3,nodal,SITE4,V10,D0041,KA01AB0101,login,1781710200000,1781712720000,22.63,25.92,12,12,closed,true
T004406,1787616000000,S3,cab,SITE4,V10,D0128,KA01AB1346,login,1787671800000,1787671800000,8.48,9.18,4,3,closed,true
T004407,1784073600000,S2,nodal,SITE1,V04,D0193,KA01AB1652,logout,1784136600000,1784137620000,26.24,26.59,12,8,closed,true
T004408,1783814400000,S2,nodal,SITE1,V08,D0159,KA01AB1419,logout,1783877400000,1783877460000,14.13,13.44,12,6,closed,true
T004409,1782259200000,S1,cab,SITE2,V06,D0173,KA01AB1635,login,1782268200000,1782268320000,20.27,20.71,4,2,closed,true
T004410,1783814400000,S3,cab,SITE2,V02,D0002,KA01AB0961,login,1783870200000,1783870440000,38.69,42.85,4,4,closed,true
T004411,1784419200000,S3,shuttle,SITE4,V03,D0107,KA01AB1885,login,1784475000000,1784475060000,17.88,17.40,24,22,closed,true
T004412,1780876800000,S3,nodal,SITE1,V12,D0108,KA01AB1999,login,1780932600000,1780932780000,17.50,17.91,12,3,closed,true
T004413,1785196800000,S2,cab,SITE1,V11,D0007,KA01AB0035,logout,1785259800000,1785259800000,42.02,44.25,4,3,closed,true
T004414,1781308800000,S2,shuttle,SITE4,V07,D0399,KA01AB1452,logout,1781371800000,1781371980000,32.92,36.93,24,4,closed,true
T004415,1785888000000,S3,cab,SITE4,V03,D0131,KA01AB0049,login,1785943800000,1785944040000,16.78,18.73,4,2,closed,true
T004416,1784678400000,S1,cab,SITE1,V01,D0009,KA01AB0940,logout,1784719800000,1784721000000,9.22,9.12,4,3,closed,true
T004417,1786924800000,S2,cab,SITE1,V12,D0118,KA01AB1331,logout,1786987800000,1786988040000,22.68,25.13,4,4,closed,true
T004418,1785888000000,S1,cab,SITE3,V04,D0234,KA01AB1726,login,1785897000000,1785897180000,9.60,9.79,4,2,closed,true
T004419,1781481600000,S2,nodal,SITE3,V09,D0177,KA01AB1301,login,1781512200000,1781512380000,29.78,28.46,12,9,closed,true
T004420,1781740800000,S3,nodal,SITE4,V12,D0385,KA01AB1482,logout,1781739000000,,17.89,18.72,12,8,open,true
T004421,1781913600000,S2,shuttle,SITE4,V06,D0303,KA01AB0539,login,1781944200000,1781944200000,17.63,17.16,24,22,closed,true
T004422,1781049600000,S1,shuttle,SITE3,V07,D0393,KA01AB1694,login,1781058600000,1781058780000,9.53,9.30,24,11,closed,true
T004423,1783555200000,S2,shuttle,SITE3,V05,D0363,KA01AB0449,logout,1783618200000,1783618320000,10.71,11.34,24,1,closed,true
T004424,1783209600000,S1,shuttle,SITE4,V02,D0249,KA01AB1114,logout,1783251000000,1783251180000,34.11,38.84,24,12,closed,true
T004425,1786060800000,S3,nodal,SITE4,V05,D0272,KA01AB1360,logout,1786059000000,1786059180000,9.76,10.91,12,9,closed,true
T004426,1781913600000,S2,cab,SITE4,V09,D0295,KA01AB1730,login,1781944200000,1781944200000,27.90,31.01,4,1,closed,true
T004427,1784678400000,S2,cab,SITE2,V03,D0020,KA01AB0676,login,1784709000000,1784709120000,39.38,37.71,4,2,closed,true
T004428,1782345600000,S3,shuttle,SITE4,V07,D0180,KA01AB0295,login,1782401400000,1782401460000,22.31,22.80,24,11,closed,true
T004429,1781654400000,S3,cab,SITE4,V01,D0354,KA01AB0258,logout,1781652600000,1781655300000,12.93,14.00,4,2,closed,true
T004430,1781568000000,S3,cab,SITE1,V01,D0307,KA01AB0035,logout,1781566200000,1781566200000,31.57,31.09,4,1,closed,true
T004431,1787356800000,S1,nodal,SITE1,V07,D0315,KA01AB0843,login,1787365800000,1787365860000,22.22,21.35,12,10,closed,true
T004432,1782086400000,S1,shuttle,SITE4,V10,D0375,KA01AB1115,login,1782095400000,1782095640000,15.34,14.71,24,19,closed,true
T004433,1785196800000,S2,nodal,SITE1,V02,D0015,KA01AB0346,logout,1785259800000,1785259920000,28.87,32.33,12,5,closed,true
T004434,1781913600000,S2,shuttle,SITE4,V08,D0290,KA01AB1021,login,1781944200000,1781946240000,39.72,41.51,24,14,closed,true
T004435,1785974400000,S2,cab,SITE4,V06,D0113,KA01AB1914,login,1786005000000,1786005060000,33.77,37.65,4,3,closed,true
T004436,1788048000000,S2,shuttle,SITE4,V08,D0245,KA01AB1466,logout,1788111000000,1788111240000,36.58,40.89,24,8,closed,true
T004437,1784592000000,S3,shuttle,SITE4,V07,D0060,KA01AB0893,login,1784647800000,1784648040000,37.41,41.65,24,8,closed,true
T004438,1785801600000,S2,nodal,SITE1,V02,D0304,KA01AB0349,login,1785832200000,1785832320000,35.79,36.43,12,10,closed,true
T004439,1781913600000,S2,nodal,SITE2,V05,D0298,KA01AB1668,login,1781944200000,1781946300000,9.75,11.20,12,7,closed,true
T004440,1787875200000,S3,nodal,SITE3,V03,D0314,KA01AB1896,login,1787931000000,1787931120000,35.95,37.62,12,8,closed,true
T004441,1788393600000,S1,cab,SITE1,V02,D0169,KA01AB1780,login,1788402600000,1788402660000,17.80,18.46,4,4,closed,true
T004442,1782950400000,S1,cab,SITE1,V07,D0188,KA01AB0669,logout,1782991800000,1782991980000,41.35,43.59,4,2,closed,true
T004443,1782864000000,S2,cab,SITE1,V03,D0277,KA01AB0550,login,1782894600000,1782894720000,19.91,21.88,4,4,closed,true
T004444,1783382400000,S1,shuttle,SITE1,V01,D0197,KA01AB1618,login,1783391400000,1783391520000,9.99,11.32,24,23,closed,true
T004445,1781136000000,S2,shuttle,SITE3,V03,D0023,KA01AB0659,login,1781166600000,1781168340000,41.04,45.79,24,19,closed,true
T004446,1781136000000,S2,nodal,SITE1,V03,D0299,KA01AB0558,login,1781166600000,1781168460000,21.87,24.76,12,5,closed,true
T004447,1785024000000,S3,shuttle,SITE3,V04,D0204,KA01AB1521,logout,1785022200000,1785024300000,32.44,32.43,24,1,closed,true
T004448,1784332800000,S1,nodal,SITE2,V11,D0166,KA01AB1022,logout,1784374200000,1784374380000,28.55,28.34,12,2,closed,true
T004449,1787097600000,S1,nodal,SITE2,V07,D0110,KA01AB0935,logout,1787139000000,1787139240000,30.41,29.48,12,9,closed,true
T004450,1786924800000,S1,shuttle,SITE1,V12,D0115,KA01AB0884,logout,1786966200000,1786966440000,28.48,31.21,24,23,closed,true
T004451,1781395200000,S2,shuttle,SITE4,V12,D0139,KA01AB0630,logout,1781458200000,1781458320000,9.98,11.19,24,16,closed,true
T004452,1783123200000,S1,nodal,SITE3,V02,D0268,KA01AB1652,logout,1783164600000,1783164780000,29.79,28.88,12,5,closed,true
T004453,1787356800000,S1,nodal,SITE3,V04,D0210,KA01AB0397,login,1787365800000,1787365800000,33.01,34.99,12,11,closed,true
T004454,1787616000000,S3,shuttle,SITE1,V08,D0212,KA01AB0889,logout,1787614200000,1787614260000,8.85,8.41,24,20,closed,true
T004455,1784505600000,S3,shuttle,SITE2,V06,D0037,KA01AB0286,logout,1784503800000,1784504040000,29.83,31.30,24,1,closed,true
T004456,1783123200000,S2,cab,SITE1,V06,D0070,KA01AB0230,login,1783153800000,1783153920000,38.59,40.87,4,4,closed,true
T004457,1781136000000,S2,shuttle,SITE4,V01,D0003,KA01AB1020,login,1781166600000,1781166600000,35.67,39.67,24,14,closed,true
T004458,1781913600000,S2,shuttle,SITE3,V06,D0053,KA01AB1967,logout,1781976600000,1781976660000,35.43,33.85,24,6,closed,true
T004459,1784332800000,S2,shuttle,SITE2,V12,D0376,KA01AB1455,logout,1784395800000,1784395920000,25.36,24.80,24,10,closed,true
T004460,1782518400000,S2,shuttle,SITE2,V10,D0124,KA01AB1886,logout,1782581400000,1782581520000,21.90,25.02,24,23,closed,false
T004461,1785456000000,S1,cab,SITE1,V05,D0183,KA01AB1363,login,1785465000000,1785467580000,32.37,31.89,4,2,closed,true
T004462,1783555200000,S2,cab,SITE3,V02,D0330,KA01AB0080,login,1783585800000,1783585800000,40.57,43.68,4,1,closed,true
T004463,1787616000000,S1,shuttle,SITE1,V11,D0387,KA01AB0070,logout,1787657400000,1787657460000,22.79,23.86,24,20,closed,true
T004464,1786924800000,S2,cab,SITE3,V11,D0217,KA01AB1099,logout,1786987800000,1786989360000,30.66,29.48,4,2,closed,true
T004465,1786233600000,S3,nodal,SITE2,V09,D0342,KA01AB0492,logout,1786231800000,1786231800000,23.27,22.20,12,9,closed,true
T004466,1788307200000,S2,cab,SITE4,V07,D0375,KA01AB0310,login,1788337800000,1788339420000,10.65,10.19,4,4,closed,true
T004467,1784160000000,S1,cab,SITE2,V12,D0157,KA01AB0275,logout,1784201400000,1784201580000,19.05,20.83,4,4,closed,true
T004468,1782777600000,S1,cab,SITE4,V07,D0314,KA01AB0006,login,1782786600000,1782788580000,37.07,35.41,4,4,closed,true
T004469,1783382400000,S2,cab,SITE4,V03,D0187,KA01AB0261,logout,1783445400000,1783445400000,34.22,36.11,4,4,closed,true
T004470,1788220800000,S2,shuttle,SITE4,V06,D0218,KA01AB0961,login,1788251400000,1788251640000,27.49,27.73,24,15,closed,true
T004471,1782345600000,S1,nodal,SITE3,V07,D0156,KA01AB1109,logout,1782387000000,1782387180000,37.57,39.58,12,2,closed,true
T004472,1785110400000,S2,cab,SITE3,V04,D0035,KA01AB0723,logout,1785173400000,1785173580000,37.13,38.32,4,4,closed,true
T004473,1783296000000,S2,nodal,SITE3,V05,D0387,KA01AB0786,login,1783326600000,1783326720000,15.51,16.81,12,3,closed,true
T004474,1787097600000,S1,cab,SITE3,V09,D0169,KA01AB0247,login,1787106600000,1787106600000,39.41,42.22,4,2,closed,true
T004475,1782864000000,S1,shuttle,SITE3,V07,D0039,KA01AB0503,logout,1782905400000,1782905640000,14.26,15.42,24,16,closed,true
T004476,1785542400000,S2,cab,SITE4,V08,D0105,KA01AB1468,login,1785573000000,1785573120000,24.58,26.95,4,2,closed,true
T004477,1787097600000,S1,shuttle,SITE2,V01,D0016,KA01AB1815,logout,1787139000000,1787139000000,32.63,33.59,24,20,closed,true
T004478,1787702400000,S3,shuttle,SITE1,V05,D0160,KA01AB1485,login,1787758200000,1787758440000,28.17,31.20,24,9,closed,true
T004479,1786665600000,S1,cab,SITE4,V08,D0163,KA01AB1676,logout,1786707000000,1786707000000,15.90,16.64,4,3,closed,true
T004480,1787097600000,S2,nodal,SITE2,V10,D0307,KA01AB0287,logout,1787160600000,1787160720000,41.92,48.07,12,12,closed,true
T004481,1785196800000,S2,cab,SITE3,V04,D0292,KA01AB0703,logout,1785259800000,1785259980000,32.59,34.55,4,4,closed,true
T004482,1780876800000,S2,nodal,SITE2,V09,D0116,KA01AB0445,login,1780907400000,1780907640000,8.11,8.92,12,2,closed,true
T004483,1785974400000,S2,cab,SITE1,V06,D0115,KA01AB1882,login,1786005000000,1786005000000,29.17,32.52,4,1,closed,true
T004484,1785801600000,S3,shuttle,SITE2,V10,D0308,KA01AB0243,login,1785857400000,1785857520000,28.35,28.30,24,15,closed,true
T004485,1786492800000,S3,cab,SITE4,V01,D0385,KA01AB0107,login,1786548600000,,36.33,35.47,4,2,open,true
T004486,1783987200000,S1,cab,SITE4,V10,D0010,KA01AB1675,logout,1784028600000,1784030460000,8.72,9.38,4,4,closed,true
T004487,1782518400000,S1,cab,SITE3,V07,D0319,KA01AB0960,logout,1782559800000,1782560220000,22.32,24.46,4,3,closed,true
T004488,1783987200000,S2,shuttle,SITE1,V12,D0069,KA01AB1695,logout,1784050200000,1784050380000,31.93,35.25,24,5,closed,true
T004489,1784678400000,S3,nodal,SITE4,V10,D0024,KA01AB1617,logout,1784676600000,1784678580000,37.75,39.59,12,7,closed,true
T004490,1784419200000,S1,shuttle,SITE2,V05,D0129,KA01AB0878,logout,1784460600000,1784460840000,10.02,10.25,24,4,closed,true
T004491,1786752000000,S1,cab,SITE3,V01,D0124,KA01AB1017,login,1786761000000,1786761120000,23.72,23.65,4,1,closed,true
T004492,1782777600000,S2,shuttle,SITE2,V07,D0290,KA01AB1168,logout,1782840600000,1782840720000,15.31,17.08,24,4,closed,false
T004493,1788134400000,S3,cab,SITE2,V06,D0386,KA01AB0362,login,1788190200000,,30.81,33.90,4,2,open,true
T004494,1788048000000,S3,cab,SITE2,V03,D0117,KA01AB0334,logout,1788046200000,1788046260000,31.68,34.40,4,2,closed,true
T004495,1784160000000,S3,nodal,SITE2,V10,D0004,KA01AB1914,logout,1784158200000,1784158380000,41.98,45.59,12,11,closed,true
T004496,1781568000000,S2,shuttle,SITE2,V11,D0334,KA01AB1189,logout,1781631000000,1781631060000,9.37,9.66,24,7,closed,true
T004497,1782345600000,S2,cab,SITE3,V12,D0268,KA01AB1076,login,1782376200000,1782376260000,36.19,35.33,4,4,closed,true
T004498,1780876800000,S3,nodal,SITE1,V06,D0338,KA01AB0046,login,1780932600000,1780932840000,18.79,20.43,12,6,closed,true
T004499,1788307200000,S2,shuttle,SITE2,V04,D0192,KA01AB0546,login,1788337800000,1788337980000,21.74,21.26,24,11,closed,true
T004500,1781308800000,S2,nodal,SITE2,V11,D0258,KA01AB0333,login,1781339400000,1781339580000,30.72,31.21,12,11,closed,true
T004501,1785283200000,S3,cab,SITE3,V05,D0387,KA01AB1438,login,1785339000000,1785339180000,36.95,40.72,4,1,closed,true
T004502,1781395200000,S2,shuttle,SITE1,V02,D0259,KA01AB1285,logout,1781458200000,1781458200000,37.83,41.23,24,23,closed,true
T004503,1781654400000,S1,cab,SITE1,V08,D0189,KA01AB0321,logout,1781695800000,1781695800000,25.77,28.71,4,4,closed,true
T004504,1784592000000,S1,cab,SITE2,V12,D0028,KA01AB0879,login,1784601000000,1784601060000,32.34,33.58,4,3,closed,true
T004505,1788048000000,S3,shuttle,SITE1,V03,D0172,KA01AB1843,login,1788103800000,1788104040000,15.97,17.05,24,10,closed,true
T004506,1782345600000,S3,nodal,SITE4,V08,D0170,KA01AB1662,logout,1782343800000,1782344700000,16.38,17.50,12,12,closed,true,UNEXPECTED_EXTRA_FIELD
T004507,1782864000000,S1,shuttle,SITE1,V10,D0000,KA01AB1728,login,1782873000000,1782873060000,39.17,42.05,24,20,closed,true
T004508,1782691200000,S1,shuttle,SITE4,V02,D0006,KA01AB0124,logout,1782732600000,1782732840000,39.15,44.70,24,3,closed,true
T004509,1782000000000,S2,nodal,SITE4,V08,D0251,KA01AB1087,logout,1782063000000,1782063180000,41.82,44.81,12,9,closed,true
T004510,1785542400000,S3,shuttle,SITE2,V06,D0311,KA01AB0310,login,1785598200000,1785598200000,14.36,14.21,24,24,closed,true
T004511,1786320000000,S1,shuttle,SITE3,V05,D0377,KA01AB1373,logout,1786361400000,1786361640000,33.87,38.21,24,11,closed,true
T004512,1781222400000,S1,cab,SITE2,V12,D0254,KA01AB1475,login,1781231400000,1781231580000,25.58,26.82,4,2,closed,true
T004513,1782604800000,S1,shuttle,SITE1,V08,D0292,KA01AB0982,logout,1782646200000,,13.92,16.01,24,21,open,true
T004514,1781913600000,S1,shuttle,SITE3,V12,D0141,KA01AB1110,logout,1781955000000,1781956620000,37.36,36.13,24,10,closed,true
T004515,1785369600000,S3,nodal,SITE4,V05,D0071,KA01AB1118,logout,1785367800000,1785367980000,38.25,42.82,12,11,closed,true
T004516,1786320000000,S2,shuttle,SITE3,V12,D0182,KA01AB1718,login,1786350600000,1786350600000,38.45,39.25,24,11,closed,true
T004517,1788307200000,S3,cab,SITE1,V08,D0076,KA01AB0873,logout,1788305400000,1788305520000,17.43,16.96,4,3,closed,true
T004518,1782086400000,S2,nodal,SITE3,V01,D0254,KA01AB0723,login,1782117000000,1782117060000,9.68,9.54,12,6,closed,true
T004519,1787961600000,S1,shuttle,SITE4,V03,D0162,KA01AB1511,logout,1788003000000,1788005040000,26.73,30.16,24,22,closed,true
T004520,1780963200000,S3,shuttle,SITE3,V09,D0046,KA01AB0893,login,1781019000000,1781019180000,18.05,18.76,24,2,closed,true
T004521,1784505600000,S3,nodal,SITE4,V01,D0277,KA01AB1292,logout,1784503800000,1784503860000,8.76,9.18,12,2,closed,true
T004522,1781654400000,S3,cab,SITE4,V10,D0005,KA01AB1889,login,1781710200000,1781710320000,38.67,41.15,4,1,closed,true
T004523,1785369600000,S2,shuttle,SITE3,V09,D0383,KA01AB0976,logout,1785432600000,1785432660000,39.01,41.31,24,7,closed,true
T004524,1787184000000,S1,nodal,SITE1,V11,D0053,KA01AB0560,login,1787193000000,1787193180000,22.18,21.18,12,6,closed,true
T004525,1788393600000,S2,shuttle,SITE2,V11,D0341,KA01AB1919,login,1788424200000,1788424260000,31.73,33.70,24,23,closed,true
T004526,1781654400000,S1,cab,SITE3,V11,D0155,KA01AB0977,login,1781663400000,1781663520000,41.12,44.73,4,2,closed,true
T004527,1784073600000,S2,shuttle,SITE3,V05,D0359,KA01AB0330,login,1784104200000,1784104320000,9.30,9.47,24,17,closed,true
T004528,1784937600000,S3,shuttle,SITE1,V11,D0008,KA01AB1178,login,1784993400000,1784993460000,21.14,20.62,24,5,closed,true
T004529,1787616000000,S3,nodal,SITE3,V04,D0182,KA01AB0003,logout,1787614200000,1787614380000,30.75,35.15,12,2,closed,true
T004530,1781913600000,S1,shuttle,SITE3,V12,D0073,KA01AB0456,login,1781922600000,1781922840000,20.09,21.21,24,2,closed,true
T004531,1787097600000,S1,cab,SITE3,V06,D0339,KA01AB0540,logout,1787139000000,1787139240000,8.45,8.80,4,2,closed,true
T004532,1782950400000,S3,cab,SITE2,V03,D0398,KA01AB0451,logout,1782948600000,1782948780000,37.69,40.65,4,1,closed,true
T004533,1786406400000,S3,nodal,SITE4,V05,D0267,KA01AB0825,logout,1786404600000,1786404660000,33.32,32.34,12,9,closed,true
T004534,1788393600000,S2,nodal,SITE1,V08,D0183,KA01AB0537,login,1788424200000,1788424440000,27.34,27.76,12,3,closed,true
T004535,1781913600000,S3,shuttle,SITE2,V08,D0045,KA01AB0067,login,1781969400000,1781969520000,22.05,24.80,24,19,closed,true
T004536,1781740800000,S2,cab,SITE4,V09,D0319,KA01AB1816,logout,1781803800000,1781803860000,42.39,42.64,4,2,closed,true
T004537,1786233600000,S2,nodal,SITE4,V07,D0057,KA01AB1734,logout,1786296600000,1786296840000,32.52,31.52,12,9,closed,true
T004538,1783814400000,S2,cab,SITE4,V06,D0371,KA01AB0340,logout,1783877400000,1783877460000,28.48,27.62,4,1,closed,true
T004539,1785456000000,S3,shuttle,SITE4,V10,D0137,KA01AB1146,logout,1785454200000,1785454260000,21.73,21.35,24,5,closed,true
T004540,1788134400000,S3,cab,SITE1,V04,D0301,KA01AB0107,logout,1788132600000,1788132840000,35.39,38.92,4,3,closed,true
T004541,1784246400000,S2,nodal,SITE3,V05,D0106,KA01AB1968,login,1784277000000,1784277180000,26.69,28.33,12,10,closed,true
T004542,1782604800000,S3,cab,SITE2,V08,D0025,KA01AB0295,logout,1782603000000,1782603960000,27.80,29.57,4,1,closed,true
T004543,1785801600000,S1,cab,SITE1,V03,D0340,KA01AB1369,logout,1785843000000,1785843240000,35.45,35.87,4,4,closed,true
T004544,1787011200000,S2,nodal,SITE3,V12,D0225,KA01AB1585,logout,1787074200000,1787074320000,12.01,12.69,12,8,closed,true
T004545,1786320000000,S1,shuttle,SITE4,V09,D0314,KA01AB1120,logout,1786361400000,1786362120000,27.78,30.01,24,15,closed,true
T004546,1782604800000,S1,cab,SITE4,V06,D0355,KA01AB1791,login,1782613800000,1782613800000,36.83,38.87,4,1,closed,true
T004547,1785715200000,S3,nodal,SITE2,V05,D0162,KA01AB1903,login,1785771000000,1785771060000,36.17,36.84,12,8,closed,true
T004548,1781049600000,S2,cab,SITE2,V12,D0026,KA01AB0965,login,1781080200000,1781080380000,39.07,41.74,4,2,closed,true
T004549,1785110400000,S2,shuttle,SITE2,V01,D0352,KA01AB0665,login,1785141000000,,23.14,26.32,24,24,open,true
T004550,1780876800000,S2,cab,SITE4,V04,D0327,KA01AB0301,logout,1780939800000,1780939920000,40.09,42.93,4,3,closed,true
T004551,1786924800000,S2,nodal,SITE4,V12,D0324,KA01AB1955,login,1786955400000,1786955640000,20.84,21.35,12,9,closed,true
T004552,1785456000000,S3,shuttle,SITE1,V08,D0398,KA01AB0955,login,1785511800000,1785513540000,9.99,10.56,24,20,closed,true
T004553,1787270400000,S3,cab,SITE4,V08,D0344,KA01AB0277,login,1787326200000,1787326200000,39.50,44.47,4,2,closed,true
T004554,1784419200000,S1,shuttle,SITE1,V07,D0374,KA01AB1209,login,1784428200000,1784429700000,40.17,41.11,24,23,closed,true
T004555,1787097600000,S1,shuttle,SITE1,V08,D0302,KA01AB1605,logout,1787139000000,1787140980000,13.19,13.89,24,6,closed,true
T004556,1781740800000,S2,cab,SITE4,V10,D0315,KA01AB1979,logout,1781803800000,1781804040000,33.96,37.73,4,4,closed,true
T004557,1781395200000,S1,cab,SITE4,V02,D0006,KA01AB1289,logout,1781436600000,1781436780000,11.82,12.48,4,1,closed,true
T004558,1785283200000,S2,cab,SITE3,V12,D0024,KA01AB1561,login,1785313800000,1785313980000,40.99,44.54,4,2,closed,true
T004559,1785456000000,S2,cab,SITE2,V04,D0062,KA01AB0318,login,1785486600000,1785486600000,14.45,14.92,4,3,closed,true
T004560,1782432000000,S1,nodal,SITE2,V10,D0181,KA01AB0296,login,1782441000000,1782441060000,36.85,40.48,12,8,closed,true
T004561,1784937600000,S3,shuttle,SITE4,V08,D0215,KA01AB1404,logout,1784935800000,1784935980000,15.41,15.35,24,12,closed,true
T004562,1782950400000,S2,nodal,SITE3,V08,D0141,KA01AB1602,login,1782981000000,1782981000000,17.61,17.52,12,1,closed,true
T004563,1783900800000,S1,cab,SITE3,V07,D0065,KA01AB0735,login,1783909800000,1783910040000,9.48,10.80,4,3,closed,true
T004564,1787788800000,S3,nodal,SITE1,V02,D0269,KA01AB0923,logout,1787787000000,1787787000000,36.13,37.59,12,12,closed,true
T004565,1781827200000,S1,shuttle,SITE1,V09,D0132,KA01AB0345,login,1781836200000,1781836200000,39.11,43.58,24,22,closed,true
T004566,1784678400000,S1,nodal,SITE4,V07,D0255,KA01AB1785,login,1784687400000,1784687820000,21.88,24.00,12,12,closed,true
T004567,1784505600000,S3,cab,SITE4,V01,D0383,KA01AB1272,logout,1784503800000,1784504040000,38.33,38.82,4,3,closed,true
T004568,1780790400000,S1,nodal,SITE1,V09,D0056,KA01AB0613,login,1780799400000,1780799760000,34.57,35.68,12,3,closed,true
T004569,1786492800000,S3,nodal,SITE2,V07,D0371,KA01AB1856,logout,1786491000000,1786491120000,11.42,12.65,12,12,closed,false
T004570,1787961600000,S1,nodal,SITE2,V04,D0185,KA01AB1541,logout,1788003000000,1788003180000,29.77,34.22,12,6,closed,true
T004571,1788480000000,S1,nodal,SITE4,V01,D0098,KA01AB1981,logout,1788521400000,1788521580000,18.75,20.60,12,11,closed,true
T004572,1785110400000,S2,nodal,SITE4,V01,D0248,KA01AB1839,logout,1785173400000,1785173640000,21.09,23.13,12,5,closed,true
T004573,1786579200000,S3,cab,SITE4,V09,D0088,KA01AB0121,logout,1786577400000,1786577580000,38.47,37.71,4,1,closed,true
T004574,1787961600000,S2,shuttle,SITE2,V02,D0275,KA01AB0946,logout,1788024600000,1788024840000,24.15,25.63,24,8,closed,true
T004575,1783382400000,S1,nodal,SITE3,V08,D0199,KA01AB0790,login,1783391400000,1783391460000,16.09,18.04,12,12,closed,true
T004576,1785024000000,S2,shuttle,SITE2,V01,D0328,KA01AB0590,login,1785054600000,1785054840000,39.64,45.27,24,1,closed,true
T004577,1782777600000,S1,shuttle,SITE1,V07,D0130,KA01AB1198,logout,1782819000000,1782819240000,29.76,29.51,24,23,closed,true
T004578,1783728000000,S3,shuttle,SITE2,V06,D0075,KA01AB0824,login,1783783800000,1783783920000,22.67,23.01,24,2,closed,true
T004579,1788393600000,S3,cab,SITE2,V01,D0315,KA01AB1000,login,1788449400000,1788449400000,17.62,16.79,4,4,closed,true
T004580,1782691200000,S2,cab,SITE3,V06,D0275,KA01AB0250,logout,1782754200000,1782754320000,25.18,25.47,4,1,closed,true
T004581,1786838400000,S2,nodal,SITE2,V01,D0340,KA01AB1022,logout,1786901400000,1786901640000,42.38,42.29,12,11,closed,true
T004582,1784678400000,S2,nodal,SITE2,V08,D0173,KA01AB0985,logout,1784741400000,1784741640000,15.25,15.26,12,3,closed,true
T004583,1786579200000,S3,shuttle,SITE3,V03,D0159,KA01AB1764,logout,1786577400000,1786578480000,31.18,32.36,24,1,closed,true
T004584,1787011200000,S3,shuttle,SITE3,V03,D0397,KA01AB1715,login,1787067000000,1787067240000,20.51,20.44,24,3,closed,true
T004585,1787961600000,S2,nodal,SITE4,V08,D0383,KA01AB0232,logout,1788024600000,1788024840000,19.03,18.59,12,9,closed,true
T004586,1782345600000,S2,cab,SITE1,V08,D0284,KA01AB1281,login,1782376200000,1782376380000,40.56,43.68,4,4,closed,true
T004587,1788048000000,S1,cab,SITE4,V03,D0124,KA01AB1951,login,1788057000000,1788057060000,21.12,22.21,4,3,closed,true
T004588,1780963200000,S2,cab,SITE3,V12,D0283,KA01AB0458,login,1780993800000,1780993860000,15.76,17.26,4,3,closed,true
T004589,1786147200000,S3,shuttle,SITE4,V08,D0262,KA01AB1271,login,1786203000000,,36.50,37.54,24,3,open,true
T004590,1787011200000,S2,cab,SITE1,V08,D0217,KA01AB1440,logout,1787074200000,1787074440000,18.24,19.96,4,4,closed,true
T004591,1783036800000,S1,cab,SITE1,V02,D0175,KA01AB0825,login,1783045800000,1783045920000,40.73,45.38,4,2,closed,true
T004592,1787529600000,S2,cab,SITE3,V08,D0163,KA01AB1701,login,1787560200000,1787560260000,35.25,37.15,4,1,closed,true
T004593,1787702400000,S2,nodal,SITE2,V01,D0123,KA01AB1465,logout,1787765400000,1787766420000,15.96,17.23,12,1,closed,true
T004594,1783296000000,S2,shuttle,SITE3,V02,D0398,KA01AB0683,login,1783326600000,1783326780000,38.22,40.24,24,19,closed,true
T004595,1780963200000,S1,shuttle,SITE2,V08,D0301,KA01AB0475,login,1780972200000,1780972440000,33.82,35.25,24,9,closed,true
T004596,1781049600000,S3,shuttle,SITE1,V08,D0066,KA01AB1169,logout,1781047800000,1781047800000,32.50,31.64,24,11,closed,true
T004597,1783036800000,S2,cab,SITE3,V11,D0314,KA01AB1589,logout,1783099800000,1783100760000,10.99,11.00,4,3,closed,true
T004598,1782172800000,S1,nodal,SITE1,V10,D0039,KA01AB1112,login,1782181800000,1782181800000,31.90,30.79,12,12,closed,true
T004599,1782432000000,S1,cab,SITE2,V04,D0368,KA01AB1796,logout,1782473400000,1782473460000,19.08,21.87,4,4,closed,true,UNEXPECTED_EXTRA_FIELD
T004600,1781136000000,S3,shuttle,SITE3,V10,D0270,KA01AB0997,logout,1781134200000,1781134440000,20.66,23.64,24,15,closed,true
T004601,1781136000000,S1,cab,SITE1,V05,D0139,KA01AB1710,login,1781145000000,1781145240000,42.22,44.26,4,3,closed,true
T004602,1787961600000,S2,cab,SITE2,V10,D0129,KA01AB1726,logout,1788024600000,1788024600000,30.17,34.22,4,1,closed,true
T004603,1788134400000,S2,shuttle,SITE1,V03,D0019,KA01AB0527,logout,1788197400000,1788197640000,36.75,35.51,24,21,closed,true
T004604,1788307200000,S2,shuttle,SITE1,V10,D0119,KA01AB1002,login,1788337800000,1788337920000,16.05,17.77,24,7,closed,true
T004605,1781308800000,S2,nodal,SITE4,V04,D0241,KA01AB1420,login,1781339400000,1781339640000,39.63,42.25,12,1,closed,true
T004606,1783900800000,S2,nodal,SITE4,V11,D0056,KA01AB1700,login,1783931400000,1783931400000,9.79,10.66,12,2,closed,true
T004607,1786665600000,S3,cab,SITE2,V11,D0329,KA01AB0407,login,1786721400000,,23.11,25.48,4,4,open,true
T004608,1787616000000,S3,shuttle,SITE1,V04,D0019,KA01AB0220,login,1787671800000,1787671920000,40.97,42.79,24,8,closed,true
T004609,1787616000000,S1,cab,SITE4,V01,D0235,KA01AB1895,login,1787625000000,1787625180000,28.67,32.09,4,1,closed,true
T004610,1782172800000,S1,nodal,SITE2,V06,D0151,KA01AB1288,login,1782181800000,1782181860000,36.32,35.92,12,5,closed,true
T004611,1782604800000,S1,shuttle,SITE3,V11,D0010,KA01AB0768,login,1782613800000,1782613920000,16.40,16.38,24,2,closed,true
T004612,1787443200000,S1,shuttle,SITE3,V10,D0011,KA01AB0647,logout,1787484600000,1787484780000,8.86,9.95,24,6,closed,true
T004613,1785888000000,S2,shuttle,SITE1,V07,D0374,KA01AB1384,login,1785918600000,1785918840000,19.30,18.52,24,23,closed,true
T004614,1786406400000,S1,shuttle,SITE1,V04,D0082,KA01AB1996,login,1786415400000,1786415580000,20.10,23.08,24,6,closed,true
T004615,1781136000000,S3,nodal,SITE4,V03,D0105,KA01AB0948,logout,1781134200000,1781134200000,28.38,32.58,12,9,closed,true
T004616,1785283200000,S3,nodal,SITE1,V01,D0003,KA01AB1426,logout,1785281400000,1785281520000,11.06,11.73,12,1,closed,true
T004617,1783296000000,S1,shuttle,SITE4,V01,D0322,KA01AB0218,logout,1783337400000,1783337460000,21.87,24.38,24,6,closed,true
T004618,1786838400000,S1,nodal,SITE1,V01,D0324,KA01AB0499,login,1786847400000,1786847400000,22.59,22.92,12,1,closed,true
T004619,1785024000000,S3,nodal,SITE1,V07,D0151,KA01AB1265,login,1785079800000,1785079860000,25.28,28.93,12,5,closed,true
T004620,1781740800000,S3,nodal,SITE3,V07,D0322,KA01AB1667,logout,1781739000000,1781740500000,23.66,25.59,12,2,closed,true
T004621,1787443200000,S1,cab,SITE3,V09,D0138,KA01AB1672,login,1787452200000,1787452200000,15.91,17.21,4,3,closed,true
T004622,1786060800000,S1,nodal,SITE3,V04,D0052,KA01AB1143,login,1786069800000,1786070040000,24.29,24.76,12,7,closed,true
T004623,1787788800000,S1,shuttle,SITE4,V11,D0162,KA01AB0371,login,1787797800000,1787798040000,17.63,19.09,24,7,closed,true
T004624,1783555200000,S3,cab,SITE3,V10,D0160,KA01AB1640,login,1783611000000,1783611180000,38.04,39.68,4,3,closed,true
T004625,1787961600000,S2,shuttle,SITE1,V06,D0335,KA01AB0624,logout,1788024600000,1788024840000,14.64,16.26,24,13,closed,false
T004626,1781568000000,S2,cab,SITE1,V04,D0226,KA01AB1982,login,1781598600000,1781598840000,10.62,11.62,4,3,closed,true
T004627,1782345600000,S1,nodal,SITE3,V09,D0351,KA01AB1153,login,1782354600000,1782354780000,42.18,41.51,12,7,closed,true
T004628,1783209600000,S3,nodal,SITE4,V01,D0079,KA01AB0896,logout,1783207800000,1783207920000,33.24,32.67,12,4,closed,true
T004629,1781654400000,S1,shuttle,SITE2,V05,D0373,KA01AB1773,logout,1781695800000,1781696820000,35.04,33.33,24,12,closed,true
T004630,1782604800000,S3,shuttle,SITE1,V05,D0349,KA01AB1298,login,1782660600000,1782660840000,34.32,33.59,24,23,closed,true
T004631,1785110400000,S3,shuttle,SITE2,V06,D0170,KA01AB0095,login,1785166200000,1785166380000,16.16,18.03,24,21,closed,true
T004632,1786320000000,S3,nodal,SITE4,V05,D0399,KA01AB1797,login,1786375800000,1786375920000,40.81,40.20,12,4,closed,true
T004633,1781136000000,S3,nodal,SITE3,V06,D0044,KA01AB1657,logout,1781134200000,1781134200000,24.07,23.56,12,6,closed,true
T004634,1784419200000,S2,shuttle,SITE2,V10,D0134,KA01AB1069,login,1784449800000,1784450040000,8.61,9.45,24,23,closed,true
T004635,1787616000000,S1,shuttle,SITE3,V02,D0122,KA01AB0768,login,1787625000000,1787625060000,18.31,20.59,24,24,closed,true
T004636,1786147200000,S3,nodal,SITE4,V07,D0232,KA01AB0480,login,1786203000000,1786203120000,38.42,36.66,12,8,closed,true
T004637,1783296000000,S2,nodal,SITE4,V08,D0160,KA01AB1715,logout,1783359000000,1783359180000,37.22,37.47,12,7,closed,true
T004638,1787875200000,S1,cab,SITE4,V05,D0120,KA01AB1417,login,1787884200000,1787884320000,29.01,28.88,4,3,closed,true
T004639,1785369600000,S1,nodal,SITE2,V11,D0002,KA01AB1852,logout,1785411000000,1785411120000,11.26,12.13,12,11,closed,true
T004640,1780876800000,S2,shuttle,SITE3,V06,D0167,KA01AB0371,logout,1780939800000,1780939800000,23.78,26.31,24,11,closed,true
T004641,1782950400000,S2,nodal,SITE4,V07,D0247,KA01AB1315,logout,1783013400000,1783013460000,16.48,16.04,12,7,closed,false
T004642,1787875200000,S1,cab,SITE2,V05,D0276,KA01AB1740,login,1787884200000,1787884200000,11.18,10.69,4,4,closed,true
T004643,1784592000000,S1,nodal,SITE1,V05,D0323,KA01AB0927,login,1784601000000,1784601000000,10.48,11.48,12,3,closed,true
T004644,1782259200000,S2,nodal,SITE4,V09,D0311,KA01AB1298,logout,1782322200000,1782322260000,14.32,14.14,12,11,closed,true
T004645,1787961600000,S2,nodal,SITE1,V02,D0398,KA01AB1154,logout,1788024600000,1788024780000,11.59,11.41,12,12,closed,true
T004646,1784073600000,S3,nodal,SITE3,V07,D0032,KA01AB0934,login,1784129400000,1784129400000,32.90,32.47,12,7,closed,true
T004647,1780963200000,S3,shuttle,SITE4,V11,D0177,KA01AB1168,logout,1780961400000,1780963200000,28.56,29.52,24,21,closed,false
T004648,1786579200000,S2,shuttle,SITE1,V09,D0172,KA01AB1806,logout,1786642200000,1786644300000,24.56,25.44,24,17,closed,true
T004649,1785628800000,S2,shuttle,SITE1,V03,D0029,KA01AB1508,login,1785659400000,1785659520000,25.76,26.15,24,19,closed,true
T004650,1781222400000,S1,cab,SITE2,V12,D0149,KA01AB1590,login,1781231400000,1781231640000,14.76,14.44,4,1,closed,true
T004651,1784332800000,S1,nodal,SITE3,V06,D0218,KA01AB0025,logout,1784374200000,,23.62,23.52,12,3,open,true
T004652,1786320000000,S2,cab,SITE3,V06,D0154,KA01AB0502,login,1786350600000,1786350780000,41.64,47.67,4,1,closed,true
T004653,1784678400000,S1,cab,SITE1,V02,D0041,KA01AB0987,logout,1784719800000,1784719860000,38.78,36.96,4,2,closed,true
T004654,1782604800000,S3,nodal,SITE1,V07,D0225,KA01AB0101,logout,1782603000000,1782603240000,21.60,21.58,12,1,closed,true
T004655,1786838400000,S3,shuttle,SITE2,V09,D0085,KA01AB0674,logout,1786836600000,1786836660000,24.81,24.71,24,9,closed,true
T004656,1781827200000,S3,cab,SITE4,V06,D0134,KA01AB1496,logout,1781825400000,1781825520000,12.17,11.92,4,1,closed,true
T004657,1787788800000,S2,nodal,SITE1,V02,D0226,KA01AB1651,login,1787819400000,1787819400000,40.17,40.82,12,11,closed,true
T004658,1785283200000,S2,cab,SITE1,V11,D0025,KA01AB1870,login,1785313800000,1785313860000,19.69,19.81,4,3,closed,true
T004659,1788220800000,S3,cab,SITE2,V07,D0100,KA01AB1267,logout,1788219000000,1788221340000,38.90,43.48,4,1,closed,true
T004660,1784160000000,S3,nodal,SITE4,V09,D0200,KA01AB0265,logout,1784158200000,1784159280000,14.01,15.38,12,9,closed,true
T004661,1786838400000,S2,shuttle,SITE1,V11,D0259,KA01AB0462,login,1786869000000,1786869180000,38.59,42.33,24,6,closed,true
T004662,1784937600000,S3,shuttle,SITE3,V08,D0040,KA01AB1340,logout,1784935800000,1784935860000,36.77,39.83,24,15,closed,true
T004663,1784246400000,S1,cab,SITE2,V10,D0232,KA01AB0189,login,1784255400000,1784255520000,12.29,12.56,4,4,closed,true
T004664,1783123200000,S3,shuttle,SITE3,V12,D0211,KA01AB1358,logout,1783121400000,1783123980000,22.27,21.52,24,21,closed,true
T004665,1783728000000,S2,shuttle,SITE1,V09,D0047,KA01AB1935,login,1783758600000,1783758780000,15.90,17.52,24,7,closed,true
T004666,1785196800000,S3,nodal,SITE4,V02,D0273,KA01AB1125,logout,1785195000000,1785195000000,19.56,21.05,12,5,closed,true
T004667,1784505600000,S3,nodal,SITE1,V07,D0388,KA01AB0608,login,1784561400000,1784561640000,19.33,21.74,12,8,closed,true,UNEXPECTED_EXTRA_FIELD
T004668,1786665600000,S2,cab,SITE3,V06,D0370,KA01AB0918,logout,1786728600000,1786728840000,40.28,40.57,4,4,closed,true
T004669,1787875200000,S1,shuttle,SITE1,V02,D0296,KA01AB1781,logout,1787916600000,1787916660000,39.13,41.58,24,5,closed,true
T004670,1783296000000,S3,cab,SITE2,V11,D0350,KA01AB1452,logout,1783294200000,1783295940000,42.82,49.17,4,2,closed,true
T004671,1782691200000,S3,shuttle,SITE2,V06,D0364,KA01AB1981,login,1782747000000,1782747180000,42.15,47.55,24,12,closed,true
T004672,1781049600000,S1,shuttle,SITE4,V01,D0206,KA01AB1128,login,1781058600000,1781058720000,39.84,44.68,24,20,closed,true
T004673,1784678400000,S1,cab,SITE1,V07,D0341,KA01AB1698,logout,1784719800000,1784719920000,12.34,12.05,4,1,closed,true
T004674,1782000000000,S2,cab,SITE3,V11,D0230,KA01AB0185,logout,1782063000000,1782063000000,35.56,35.62,4,1,closed,true
T004675,1780790400000,S2,cab,SITE2,V02,D0383,KA01AB1082,login,1780821000000,1780821180000,26.49,27.74,4,2,closed,true
T004676,1783382400000,S3,cab,SITE2,V09,D0185,KA01AB1066,login,1783438200000,1783438260000,25.89,29.64,4,3,closed,true
T004677,1787529600000,S2,nodal,SITE3,V11,D0154,KA01AB0901,logout,1787592600000,1787592600000,39.29,43.32,12,3,closed,true
T004678,1788393600000,S2,cab,SITE3,V04,D0386,KA01AB0249,logout,1788456600000,1788456840000,39.90,38.89,4,4,closed,true
T004679,1782777600000,S1,shuttle,SITE3,V12,D0043,KA01AB0752,logout,1782819000000,1782819180000,40.73,43.91,24,3,closed,true
T004680,1784246400000,S1,cab,SITE2,V03,D0356,KA01AB1233,login,1784255400000,1784255640000,24.53,25.75,4,2,closed,true
T004681,1786060800000,S3,cab,SITE1,V08,D0170,KA01AB0498,logout,1786059000000,1786059060000,28.98,30.88,4,4,closed,true
T004682,1783209600000,S2,shuttle,SITE4,V01,D0113,KA01AB0885,logout,1783272600000,1783272840000,40.03,44.52,24,9,closed,true
T004683,1783641600000,S1,cab,SITE3,V11,D0222,KA01AB1258,logout,1783683000000,1783683000000,15.11,15.98,4,3,closed,true
T004684,1786665600000,S1,nodal,SITE4,V11,D0369,KA01AB1736,logout,1786707000000,1786707180000,21.10,23.30,12,12,closed,true
T004685,1783814400000,S1,shuttle,SITE1,V05,D0080,KA01AB0043,login,1783823400000,1783823400000,12.78,12.82,24,4,closed,true
T004686,1782604800000,S3,cab,SITE4,V11,D0124,KA01AB0260,logout,1782603000000,1782604080000,35.45,37.57,4,1,closed,true
T004687,1788480000000,S1,nodal,SITE1,V08,D0163,KA01AB0402,logout,1788521400000,1788521640000,42.46,46.94,12,5,closed,true
T004688,1784764800000,S2,nodal,SITE1,V01,D0152,KA01AB1308,login,1784795400000,1784795400000,31.01,34.67,12,1,closed,true
T004689,1787356800000,S1,shuttle,SITE2,V04,D0033,KA01AB0587,logout,1787398200000,1787398320000,27.34,29.03,24,24,closed,true
T004690,1785801600000,S2,shuttle,SITE3,V02,D0004,KA01AB0663,logout,1785864600000,1785864780000,19.98,21.29,24,7,closed,true
T004691,1788307200000,S3,cab,SITE4,V02,D0286,KA01AB1668,logout,1788305400000,1788305580000,25.44,24.89,4,2,closed,true
T004692,1788480000000,S2,shuttle,SITE2,V02,D0122,KA01AB0685,login,1788510600000,1788510660000,29.61,33.84,24,13,closed,true
T004693,1784937600000,S2,cab,SITE3,V01,D0105,KA01AB0109,logout,1785000600000,1785000840000,24.06,24.61,4,4,closed,true
T004694,1781395200000,S2,cab,SITE1,V05,D0072,KA01AB0890,logout,1781458200000,1781458200000,21.78,23.65,4,3,closed,true
T004695,1788048000000,S3,shuttle,SITE3,V10,D0094,KA01AB1532,logout,1788046200000,1788046440000,20.89,21.14,24,2,closed,true
T004696,1787788800000,S3,nodal,SITE3,V09,D0152,KA01AB0837,logout,1787787000000,1787787240000,34.21,35.42,12,5,closed,true
T004697,1786752000000,S1,cab,SITE3,V05,D0298,KA01AB0781,logout,1786793400000,1786793580000,33.08,34.11,4,2,closed,true
T004698,1782086400000,S3,cab,SITE2,V02,D0197,KA01AB1592,login,1782142200000,1782144000000,39.46,44.17,4,3,closed,true
T004699,1784851200000,S3,nodal,SITE2,V08,D0299,KA01AB1538,logout,1784849400000,1784849580000,40.22,39.57,12,3,closed,true,UNEXPECTED_EXTRA_FIELD
T004700,1787616000000,S2,cab,SITE4,V07,D0227,KA01AB0828,logout,1787679000000,1787679240000,14.04,13.98,4,3,closed,true
T004701,1783900800000,S1,nodal,SITE4,V03,D0219,KA01AB1781,login,1783909800000,1783909800000,11.04,11.89,12,8,closed,true
T004702,1786665600000,S3,shuttle,SITE4,V06,D0275,KA01AB1239,login,1786721400000,1786721400000,11.41,12.02,24,13,closed,true
T004703,1787788800000,S3,shuttle,SITE2,V12,D0264,KA01AB0170,logout,1787787000000,1787787180000,17.73,19.96,24,15,closed,true
T004704,1780790400000,S1,cab,SITE2,V10,D0366,KA01AB1949,logout,1780831800000,1780831980000,37.89,36.72,4,3,closed,true
T004705,1781827200000,S3,cab,SITE2,V11,D0303,KA01AB1664,logout,1781825400000,1781825640000,26.28,29.43,4,3,closed,true
T004706,1786233600000,S2,cab,SITE2,V07,D0080,KA01AB1212,login,1786264200000,1786264440000,38.67,36.87,4,4,closed,true
T004707,1785024000000,S2,nodal,SITE1,V02,D0081,KA01AB1409,logout,1785087000000,1785087000000,19.32,19.83,12,2,closed,true
T004708,1784073600000,S3,shuttle,SITE1,V12,D0304,KA01AB1749,logout,1784071800000,1784071800000,11.56,12.38,24,15,closed,true
T004709,1782086400000,S2,nodal,SITE2,V12,D0050,KA01AB0365,login,1782117000000,1782117000000,35.41,37.90,12,1,closed,true,UNEXPECTED_EXTRA_FIELD
T004710,1785888000000,S2,nodal,SITE1,V04,D0207,KA01AB1582,login,1785918600000,1785918780000,32.49,36.05,12,7,closed,true
T004711,1780876800000,S3,shuttle,SITE2,V06,D0255,KA01AB0612,login,1780932600000,1780932720000,38.28,40.72,24,9,closed,true
T004712,1785024000000,S1,nodal,SITE2,V07,D0059,KA01AB1035,login,1785033000000,1785035520000,10.13,10.86,12,3,closed,true
T004713,1785283200000,S2,shuttle,SITE3,V09,D0299,KA01AB0643,login,1785313800000,1785313980000,16.28,17.23,24,24,closed,true
T004714,1783555200000,S2,nodal,SITE2,V05,D0342,KA01AB0921,logout,1783618200000,1783618440000,28.77,29.41,12,7,closed,true
T004715,1786924800000,S1,shuttle,SITE2,V12,D0233,KA01AB1635,login,1786933800000,1786933860000,30.82,29.61,24,17,closed,true
T004716,1787443200000,S1,shuttle,SITE4,V06,D0211,KA01AB1902,logout,1787484600000,1787484600000,25.45,26.45,24,17,closed,true
T004717,1787184000000,S1,cab,SITE3,V09,D0374,KA01AB1205,login,1787193000000,1787193120000,36.79,37.44,4,2,closed,true
T004718,1783468800000,S2,nodal,SITE2,V03,D0116,KA01AB0968,login,1783499400000,1783499400000,40.26,40.26,12,6,closed,true
T004719,1784246400000,S2,nodal,SITE2,V10,D0241,KA01AB0930,logout,1784309400000,1784309580000,39.80,38.04,12,1,closed,true
T004720,1782691200000,S3,shuttle,SITE3,V05,D0318,KA01AB0339,logout,1782689400000,1782689400000,16.96,17.42,24,4,closed,true
T004721,1783382400000,S1,cab,SITE3,V11,D0156,KA01AB0663,logout,1783423800000,1783423860000,15.54,17.86,4,3,closed,true
T004722,1784073600000,S1,nodal,SITE3,V07,D0328,KA01AB1031,login,1784082600000,1784082840000,25.95,28.82,12,4,closed,true
T004723,1784851200000,S2,nodal,SITE4,V08,D0000,KA01AB0613,logout,1784914200000,1784914380000,27.73,30.89,12,8,closed,true
T004724,1788048000000,S1,cab,SITE4,V01,D0359,KA01AB1283,logout,1788089400000,1788089640000,41.70,41.67,4,1,closed,true
T004725,1786320000000,S3,cab,SITE3,V12,D0259,KA01AB0798,login,1786375800000,1786375860000,20.17,21.61,4,1,closed,true
T004726,1787961600000,S2,cab,SITE4,V09,D0125,KA01AB1690,logout,1788024600000,1788024660000,8.48,8.41,4,1,closed,true
T004727,1785024000000,S2,shuttle,SITE4,V07,D0241,KA01AB1714,logout,1785087000000,1785087060000,36.19,36.88,24,8,closed,true
T004728,1782345600000,S1,nodal,SITE3,V10,D0275,KA01AB1206,logout,1782387000000,1782387000000,36.67,34.98,12,11,closed,true
T004729,1787011200000,S2,shuttle,SITE2,V11,D0039,KA01AB1405,login,1787041800000,1787041860000,18.72,20.85,24,5,closed,true
T004730,1781222400000,S2,cab,SITE1,V09,D0214,KA01AB0636,login,1781253000000,1781253060000,40.18,40.18,4,2,closed,true
T004731,1784678400000,S3,cab,SITE2,V09,D0359,KA01AB0956,logout,1784676600000,1784676720000,19.04,19.19,4,3,closed,true
T004732,1788480000000,S2,shuttle,SITE2,V10,D0126,KA01AB1815,login,1788510600000,1788510600000,28.27,28.00,24,10,closed,true
T004733,1786752000000,S1,nodal,SITE1,V02,D0306,KA01AB0797,logout,1786793400000,1786793640000,35.09,40.06,12,3,closed,true
T004734,1783468800000,S2,nodal,SITE3,V05,D0360,KA01AB1232,logout,1783531800000,1783531860000,11.60,12.55,12,7,closed,true
T004735,1782086400000,S1,cab,SITE1,V05,D0210,KA01AB0720,login,1782095400000,1782095640000,42.37,40.93,4,4,closed,true
T004736,1787184000000,S1,shuttle,SITE4,V02,D0331,KA01AB1297,login,1787193000000,1787195160000,23.65,24.92,24,14,closed,true
T004737,1784505600000,S3,nodal,SITE1,V12,D0025,KA01AB0565,logout,1784503800000,1784505300000,8.99,8.71,12,5,closed,true
T004738,1788393600000,S3,nodal,SITE2,V11,D0219,KA01AB0129,login,1788449400000,1788449400000,26.38,25.54,12,11,closed,true
T004739,1787875200000,S2,cab,SITE1,V07,D0013,KA01AB0794,logout,1787938200000,1787940600000,27.92,31.23,4,2,closed,false
T004740,1785974400000,S3,cab,SITE1,V06,D0040,KA01AB0218,login,1786030200000,1786030320000,31.97,35.18,4,2,closed,true
T004741,1782691200000,S1,cab,SITE4,V03,D0165,KA01AB1324,login,1782700200000,1782700260000,29.50,33.71,4,3,closed,true
T004742,1784937600000,S2,shuttle,SITE3,V07,D0037,KA01AB0397,logout,1785000600000,1785000600000,40.43,42.54,24,20,closed,true
T004743,1782950400000,S1,nodal,SITE2,V04,D0087,KA01AB0610,logout,1782991800000,1782992040000,34.56,38.88,12,6,closed,true
T004744,1782691200000,S3,shuttle,SITE2,V04,D0145,KA01AB0479,logout,1782689400000,1782689460000,21.49,22.77,24,5,closed,true
T004745,1782172800000,S3,cab,SITE2,V11,D0277,KA01AB0425,logout,1782171000000,1782171000000,27.94,26.84,4,4,closed,true
T004746,1788480000000,S2,cab,SITE1,V11,D0081,KA01AB1842,logout,1788543000000,1788543120000,28.96,30.79,4,2,closed,true
T004747,1785024000000,S2,cab,SITE4,V04,D0213,KA01AB1035,login,1785054600000,1785054660000,40.60,43.87,4,2,closed,true
T004748,1787184000000,S1,cab,SITE2,V05,D0355,KA01AB1762,login,1787193000000,1787193180000,35.40,35.88,4,3,closed,true
T004749,1782777600000,S2,cab,SITE3,V06,D0126,KA01AB0009,login,1782808200000,,12.98,13.51,4,2,open,true
T004750,1785456000000,S2,nodal,SITE2,V09,D0153,KA01AB1364,logout,1785519000000,1785519180000,11.15,10.67,12,6,closed,true
T004751,1783036800000,S2,nodal,SITE2,V06,D0399,KA01AB1057,login,1783067400000,1783068960000,14.73,15.38,12,12,closed,true
T004752,1782864000000,S3,shuttle,SITE3,V01,D0251,KA01AB0710,logout,1782862200000,1782862260000,10.81,10.38,24,2,closed,true
T004753,1785801600000,S2,cab,SITE1,V08,D0162,KA01AB0027,logout,1785864600000,1785864780000,19.56,19.40,4,3,closed,true
T004754,1787529600000,S3,nodal,SITE1,V11,D0014,KA01AB1331,logout,1787527800000,1787528940000,36.57,41.43,12,6,closed,true
T004755,1788048000000,S2,shuttle,SITE4,V04,D0254,KA01AB1636,logout,1788111000000,1788111180000,15.67,17.73,24,17,closed,true
T004756,1787788800000,S1,nodal,SITE3,V07,D0361,KA01AB1859,login,1787797800000,1787798040000,25.44,24.89,12,3,closed,true
T004757,1784851200000,S1,cab,SITE3,V11,D0053,KA01AB0641,logout,1784892600000,1784892780000,31.20,30.09,4,3,closed,true
T004758,1781654400000,S2,nodal,SITE4,V03,D0043,KA01AB0885,login,1781685000000,1781685240000,33.37,37.54,12,5,closed,true
T004759,1783555200000,S3,shuttle,SITE4,V05,D0371,KA01AB1631,login,1783611000000,1783611180000,39.18,41.22,24,14,closed,true
T004760,1786492800000,S1,nodal,SITE3,V04,D0029,KA01AB1894,login,1786501800000,1786502040000,9.28,9.54,12,4,closed,true
T004761,1786406400000,S1,cab,SITE2,V10,D0342,KA01AB1340,login,1786415400000,1786415400000,28.32,29.95,4,4,closed,true
T004762,1783987200000,S3,shuttle,SITE1,V09,D0119,KA01AB1808,login,1784043000000,1784045040000,12.26,12.62,24,19,closed,true
T004763,1786579200000,S3,nodal,SITE3,V01,D0314,KA01AB0425,login,1786635000000,1786635120000,33.13,37.51,12,6,closed,true
T004764,1785974400000,S2,nodal,SITE2,V12,D0070,KA01AB0800,logout,1786037400000,1786037640000,10.17,11.13,12,11,closed,true
T004765,1787788800000,S1,shuttle,SITE4,V11,D0027,KA01AB0480,logout,1787830200000,1787830320000,15.32,15.27,24,24,closed,true
T004766,1786752000000,S3,cab,SITE4,V10,D0308,KA01AB1343,login,1786807800000,1786807860000,11.31,12.93,4,1,closed,true
T004767,1787011200000,S1,cab,SITE1,V09,D0317,KA01AB1536,logout,1787052600000,1787052720000,8.71,8.66,4,1,closed,true
T004768,1781827200000,S3,cab,SITE1,V06,D0195,KA01AB1172,login,1781883000000,1781883060000,32.20,32.86,4,4,closed,true
T004769,1788048000000,S3,cab,SITE2,V11,D0103,KA01AB0052,logout,1788046200000,1788046260000,41.91,40.15,4,1,closed,false
T004770,1784332800000,S1,nodal,SITE2,V05,D0249,KA01AB0504,logout,1784374200000,1784374320000,35.79,35.66,12,8,closed,true
T004771,1781740800000,S1,cab,SITE2,V03,D0302,KA01AB1138,login,1781749800000,1781749800000,18.63,21.28,4,2,closed,true
T004772,1786233600000,S1,nodal,SITE1,V03,D0391,KA01AB0480,login,1786242600000,1786242780000,42.27,43.10,12,5,closed,true
T004773,1786147200000,S1,shuttle,SITE1,V07,D0164,KA01AB0823,login,1786156200000,1786156200000,11.67,11.77,24,23,closed,true
T004774,1786233600000,S3,shuttle,SITE4,V10,D0200,KA01AB0941,logout,1786231800000,,28.35,31.94,24,17,open,true
T004775,1784160000000,S2,shuttle,SITE3,V11,D0030,KA01AB0721,login,1784190600000,1784190780000,26.15,28.41,24,4,closed,true
T004776,1782432000000,S2,shuttle,SITE1,V12,D0165,KA01AB0742,login,1782462600000,1782462600000,20.04,22.60,24,6,closed,true
T004777,1783123200000,S2,cab,SITE3,V11,D0008,KA01AB0759,logout,1783186200000,1783186380000,22.47,24.63,4,1,closed,false
T004778,1783987200000,S1,nodal,SITE2,V10,D0106,KA01AB1599,logout,1784028600000,1784028660000,24.00,22.99,12,3,closed,true
T004779,1782172800000,S1,nodal,SITE1,V03,D0175,KA01AB1397,login,1782181800000,1782182040000,37.84,39.84,12,12,closed,true
T004780,1781222400000,S1,shuttle,SITE3,V02,D0203,KA01AB1093,login,1781231400000,1781231520000,22.53,24.12,24,3,closed,true
T004781,1780790400000,S3,cab,SITE4,V02,D0316,KA01AB1722,logout,1780788600000,1780788660000,40.45,38.95,4,2,closed,true
T004782,1783555200000,S3,shuttle,SITE1,V08,D0218,KA01AB1246,logout,1783553400000,1783553520000,17.69,18.67,24,8,closed,false
T004783,1788220800000,S1,shuttle,SITE4,V08,D0176,KA01AB1132,login,1788229800000,1788229920000,19.52,22.17,24,6,closed,true
T004784,1783900800000,S3,cab,SITE4,V03,D0019,KA01AB0139,logout,1783899000000,1783899060000,32.06,30.56,4,1,closed,true
T004785,1782259200000,S1,shuttle,SITE4,V05,D0028,KA01AB1699,logout,1782300600000,1782300720000,34.50,37.84,24,23,closed,true
T004786,1781654400000,S2,nodal,SITE4,V09,D0245,KA01AB0376,logout,1781717400000,1781717520000,15.80,16.56,12,12,closed,true
T004787,1783382400000,S1,cab,SITE3,V07,D0146,KA01AB0163,login,1783391400000,1783391580000,12.80,13.27,4,2,closed,true
T004788,1783814400000,S2,shuttle,SITE2,V06,D0041,KA01AB1201,login,1783845000000,1783845060000,23.67,24.86,24,8,closed,true
T004789,1788134400000,S2,nodal,SITE4,V08,D0084,KA01AB0542,login,1788165000000,1788165180000,15.20,15.26,12,7,closed,true
T004790,1787443200000,S2,cab,SITE4,V05,D0132,KA01AB1396,login,1787473800000,1787473920000,39.40,44.44,4,4,closed,true
T004791,1787875200000,S3,cab,SITE2,V04,D0107,KA01AB0342,login,1787931000000,,22.77,22.17,4,2,open,true
T004792,1781827200000,S2,shuttle,SITE2,V06,D0278,KA01AB0623,login,1781857800000,1781858160000,35.38,38.55,24,3,closed,true
T004793,1787616000000,S3,shuttle,SITE2,V10,D0004,KA01AB0087,logout,1787614200000,1787614320000,39.05,43.33,24,13,closed,true
T004794,1785628800000,S2,cab,SITE3,V10,D0346,KA01AB1235,logout,1785691800000,1785692520000,42.24,47.15,4,4,closed,true
T004795,1782172800000,S2,shuttle,SITE3,V06,D0039,KA01AB1221,logout,1782235800000,1782236040000,17.23,17.99,24,9,closed,true
T004796,1788307200000,S2,shuttle,SITE1,V04,D0397,KA01AB0235,logout,1788370200000,,38.81,38.44,24,17,open,true
T004797,1783555200000,S1,cab,SITE4,V04,D0390,KA01AB1011,logout,1783596600000,1783596660000,31.29,32.13,4,3,closed,true
T004798,1781568000000,S1,nodal,SITE2,V02,D0343,KA01AB1387,logout,1781609400000,1781609640000,21.68,22.24,12,3,closed,true
T004799,1782086400000,S2,shuttle,SITE3,V03,D0157,KA01AB1956,login,1782117000000,1782117240000,27.22,26.66,24,4,closed,true
T004800,1786924800000,S2,shuttle,SITE1,V06,D0231,KA01AB1967,logout,1786987800000,1786987860000,16.93,18.13,24,11,closed,true
T004801,1787443200000,S3,shuttle,SITE3,V09,D0203,KA01AB1565,login,1787499000000,1787499240000,34.47,34.88,24,20,closed,true
T004802,1786579200000,S1,cab,SITE3,V08,D0317,KA01AB1209,logout,1786620600000,1786620780000,25.93,28.43,4,1,closed,true
T004803,1787443200000,S1,cab,SITE4,V03,D0002,KA01AB1363,logout,1787484600000,1787484720000,35.90,36.17,4,1,closed,true
T004804,1781136000000,S1,nodal,SITE1,V03,D0300,KA01AB0934,logout,1781177400000,1781177400000,8.75,9.84,12,3,closed,true
T004805,1782950400000,S2,nodal,SITE4,V03,D0165,KA01AB0144,logout,1783013400000,1783013580000,24.38,24.04,12,4,closed,true
T004806,1781308800000,S2,nodal,SITE2,V07,D0018,KA01AB1738,logout,1781371800000,1781372040000,32.25,31.02,12,2,closed,true
T004807,1787788800000,S3,cab,SITE1,V02,D0098,KA01AB0334,logout,1787787000000,1787789700000,39.58,40.03,4,1,closed,true
T004808,1787702400000,S3,nodal,SITE3,V07,D0317,KA01AB0879,login,1787758200000,1787758320000,21.46,21.82,12,7,closed,true
T004809,1782345600000,S2,nodal,SITE3,V05,D0397,KA01AB1152,login,1782376200000,1782377280000,33.94,36.52,12,4,closed,true
T004810,1783900800000,S1,cab,SITE2,V10,D0018,KA01AB0195,login,1783909800000,,20.48,21.35,4,2,open,true
T004811,1787875200000,S1,shuttle,SITE1,V09,D0090,KA01AB0084,logout,1787916600000,1787916660000,21.12,22.29,24,11,closed,true
T004812,1780963200000,S2,cab,SITE3,V11,D0140,KA01AB0201,logout,1781026200000,1781026320000,26.87,28.03,4,2,closed,true
T004813,1788307200000,S3,shuttle,SITE4,V01,D0114,KA01AB1029,login,1788363000000,1788363120000,33.58,34.77,24,3,closed,true
T004814,1782345600000,S3,shuttle,SITE4,V03,D0279,KA01AB1543,login,1782401400000,1782403020000,17.61,18.67,24,7,closed,true
T004815,1782604800000,S2,nodal,SITE2,V11,D0374,KA01AB0215,login,1782635400000,1782635940000,37.38,42.44,12,10,closed,true
T004816,1782432000000,S3,nodal,SITE4,V06,D0364,KA01AB0001,login,1782487800000,1782487980000,9.26,10.45,12,2,closed,true
T004817,1787702400000,S3,cab,SITE1,V02,D0283,KA01AB0156,login,1787758200000,1787758380000,11.55,13.23,4,1,closed,true
T004818,1788048000000,S3,nodal,SITE3,V06,D0348,KA01AB0202,logout,1788046200000,1788046980000,20.00,20.71,12,9,closed,true
T004819,1781395200000,S1,nodal,SITE1,V03,D0248,KA01AB0537,login,1781404200000,1781404380000,36.80,39.46,12,7,closed,true
T004820,1783468800000,S1,shuttle,SITE4,V11,D0163,KA01AB1882,login,1783477800000,1783479420000,18.29,17.96,24,6,closed,true
T004821,1780876800000,S2,shuttle,SITE1,V05,D0352,KA01AB1804,logout,1780939800000,1780939860000,11.01,11.34,24,12,closed,true
T004822,1788480000000,S2,nodal,SITE3,V03,D0311,KA01AB1564,login,1788510600000,1788510660000,17.98,17.37,12,1,closed,true
T004823,1786147200000,S3,shuttle,SITE3,V12,D0068,KA01AB1233,logout,1786145400000,1786145520000,14.71,15.09,24,3,closed,true
T004824,1786838400000,S1,shuttle,SITE1,V06,D0367,KA01AB0524,logout,1786879800000,1786879860000,34.81,33.81,24,10,closed,true
T004825,1785974400000,S3,nodal,SITE3,V04,D0205,KA01AB1159,login,1786030200000,1786030320000,23.60,23.89,12,7,closed,true
T004826,1786320000000,S3,cab,SITE3,V04,D0377,KA01AB1085,logout,1786318200000,1786318380000,23.97,24.11,4,1,closed,true
T004827,1786924800000,S1,shuttle,SITE4,V03,D0204,KA01AB1213,login,1786933800000,1786933860000,10.57,10.05,24,2,closed,true
T004828,1785369600000,S3,nodal,SITE3,V03,D0308,KA01AB0234,login,1785425400000,1785425640000,25.25,24.48,12,7,closed,true
T004829,1785974400000,S2,cab,SITE4,V02,D0067,KA01AB1751,logout,1786037400000,1786037640000,27.27,31.00,4,2,closed,true
T004830,1784073600000,S2,nodal,SITE2,V01,D0082,KA01AB1652,logout,1784136600000,1784136720000,26.86,30.48,12,3,closed,true
T004831,1782172800000,S2,cab,SITE2,V12,D0321,KA01AB1227,login,1782203400000,1782205200000,12.52,13.18,4,4,closed,true
T004832,1781136000000,S3,cab,SITE1,V09,D0251,KA01AB1499,logout,1781134200000,1781134440000,28.92,29.55,4,1,closed,true
T004833,1785283200000,S1,shuttle,SITE2,V12,D0040,KA01AB1782,login,1785292200000,1785292260000,18.29,19.74,24,8,closed,true
T004834,1784332800000,S1,shuttle,SITE3,V10,D0331,KA01AB1901,logout,1784374200000,1784374440000,13.90,13.56,24,18,closed,true
T004835,1787356800000,S2,cab,SITE2,V07,D0185,KA01AB0891,login,1787387400000,,27.20,26.51,4,3,open,true
T004836,1788480000000,S3,cab,SITE2,V08,D0053,KA01AB0018,login,1788535800000,1788535980000,17.18,18.16,4,4,closed,true
T004837,1781654400000,S1,cab,SITE1,V01,D0053,KA01AB1887,login,1781663400000,1781663460000,39.05,39.87,4,4,closed,true
T004838,1783036800000,S2,nodal,SITE2,V12,D0136,KA01AB0666,logout,1783099800000,1783099920000,18.72,18.80,12,4,closed,true
T004839,1784505600000,S1,cab,SITE4,V04,D0167,KA01AB1554,login,1784514600000,1784514660000,11.30,12.74,4,1,closed,true
T004840,1781913600000,S1,cab,SITE1,V09,D0184,KA01AB0829,logout,1781955000000,1781955180000,18.13,18.96,4,3,closed,true
T004841,1788307200000,S3,cab,SITE4,V06,D0224,KA01AB0743,logout,1788305400000,1788305580000,28.00,31.03,4,4,closed,true,UNEXPECTED_EXTRA_FIELD
T004842,1786320000000,S2,shuttle,SITE3,V07,D0381,KA01AB1271,login,1786350600000,,21.17,21.74,24,10,open,true
T004843,1786752000000,S2,shuttle,SITE2,V08,D0038,KA01AB1213,logout,1786815000000,1786815180000,19.97,21.53,24,17,closed,true
T004844,1787097600000,S1,shuttle,SITE3,V10,D0158,KA01AB1691,logout,1787139000000,1787140560000,24.39,26.04,24,3,closed,true
T004845,1781568000000,S2,cab,SITE4,V10,D0020,KA01AB0434,login,1781598600000,1781598600000,15.48,16.50,4,4,closed,true
T004846,1784937600000,S1,cab,SITE1,V05,D0335,KA01AB1949,logout,1784979000000,1784979060000,12.44,12.83,4,4,closed,true
T004847,1783468800000,S1,nodal,SITE3,V06,D0186,KA01AB1135,login,1783477800000,1783477860000,22.30,22.55,12,8,closed,true
T004848,1782345600000,S1,cab,SITE3,V12,D0266,KA01AB0388,logout,1782387000000,1782387060000,34.35,35.47,4,1,closed,true
T004849,1787788800000,S3,cab,SITE2,V05,D0154,KA01AB0427,logout,1787787000000,1787787240000,23.12,23.34,4,4,closed,true
T004850,1781395200000,S1,nodal,SITE4,V10,D0144,KA01AB1706,logout,1781436600000,1781436660000,24.42,27.12,12,10,closed,true
T004851,1786665600000,S2,shuttle,SITE3,V08,D0077,KA01AB0355,logout,1786728600000,1786728600000,36.13,35.34,24,8,closed,false
T004852,1781654400000,S2,shuttle,SITE4,V05,D0193,KA01AB0388,login,1781685000000,1781685180000,8.17,8.46,24,4,closed,true
T004853,1785283200000,S1,nodal,SITE1,V06,D0063,KA01AB0688,logout,1785324600000,1785324780000,24.33,27.69,12,3,closed,true
T004854,1785024000000,S3,shuttle,SITE2,V10,D0077,KA01AB0602,login,1785079800000,1785079800000,11.82,12.29,24,22,closed,true
T004855,1782086400000,S1,nodal,SITE1,V01,D0331,KA01AB1243,login,1782095400000,1782095400000,30.34,33.51,12,10,closed,true
T004856,1786147200000,S2,shuttle,SITE1,V01,D0070,KA01AB0866,login,1786177800000,1786177980000,42.48,45.74,24,2,closed,true
T004857,1782777600000,S3,shuttle,SITE3,V08,D0369,KA01AB0713,login,1782833400000,1782833460000,36.73,42.15,24,15,closed,true
T004858,1782086400000,S2,shuttle,SITE4,V02,D0218,KA01AB1399,login,1782117000000,1782117060000,42.09,41.89,24,2,closed,true
T004859,1785974400000,S1,shuttle,SITE1,V05,D0151,KA01AB1049,login,1785983400000,1785983520000,24.02,24.55,24,6,closed,true
T004860,1784332800000,S1,cab,SITE3,V05,D0163,KA01AB1922,logout,1784374200000,1784374320000,35.65,39.23,4,2,closed,true
T004861,1781049600000,S3,shuttle,SITE1,V05,D0291,KA01AB0082,logout,1781047800000,1781047860000,24.20,24.42,24,1,closed,true
T004862,1783036800000,S2,cab,SITE4,V03,D0192,KA01AB0602,logout,1783099800000,1783099860000,34.38,38.89,4,1,closed,false
T004863,1786579200000,S2,cab,SITE1,V02,D0272,KA01AB0684,login,1786609800000,1786611360000,31.12,32.42,4,2,closed,true
T004864,1783036800000,S2,nodal,SITE1,V08,D0305,KA01AB0178,login,1783067400000,1783070100000,28.63,27.69,12,9,closed,true
T004865,1787184000000,S2,cab,SITE2,V09,D0177,KA01AB0170,login,1787214600000,1787214600000,19.12,21.15,4,4,closed,true
T004866,1782691200000,S1,shuttle,SITE2,V05,D0102,KA01AB0865,logout,1782732600000,1782732660000,38.51,38.38,24,6,closed,true
T004867,1786752000000,S3,shuttle,SITE1,V04,D0305,KA01AB1932,logout,1786750200000,1786750440000,38.49,43.38,24,10,closed,true
T004868,1786924800000,S3,shuttle,SITE4,V05,D0260,KA01AB0343,login,1786980600000,1786981320000,25.57,28.59,24,24,closed,true
T004869,1783814400000,S2,nodal,SITE2,V09,D0259,KA01AB0252,login,1783845000000,1783845120000,13.78,13.15,12,1,closed,true
T004870,1781395200000,S3,nodal,SITE1,V05,D0359,KA01AB1675,logout,1781393400000,1781393580000,38.80,43.78,12,6,closed,true
T004871,1788048000000,S1,shuttle,SITE4,V12,D0004,KA01AB1464,logout,1788089400000,1788089460000,34.16,34.43,24,3,closed,true
T004872,1788048000000,S1,nodal,SITE2,V06,D0224,KA01AB0460,logout,1788089400000,1788089400000,8.89,8.90,12,10,closed,true
T004873,1782691200000,S3,nodal,SITE4,V01,D0148,KA01AB0966,login,1782747000000,1782747000000,33.57,32.18,12,4,closed,true
T004874,1781740800000,S1,cab,SITE3,V08,D0390,KA01AB0000,login,1781749800000,1781749800000,34.37,33.65,4,2,closed,true
T004875,1783209600000,S2,cab,SITE1,V07,D0145,KA01AB1377,login,1783240200000,1783240200000,42.38,41.46,4,4,closed,true
T004876,1784419200000,S1,nodal,SITE4,V06,D0341,KA01AB0321,logout,1784460600000,1784463180000,30.19,33.18,12,3,closed,true
T004877,1786060800000,S3,nodal,SITE1,V03,D0202,KA01AB1207,logout,1786059000000,1786059120000,12.61,12.03,12,2,closed,true
T004878,1783209600000,S3,cab,SITE2,V04,D0213,KA01AB1745,logout,1783207800000,1783208040000,29.23,32.59,4,2,closed,true,UNEXPECTED_EXTRA_FIELD
T004879,1785196800000,S2,cab,SITE1,V12,D0258,KA01AB1632,login,1785227400000,1785227640000,34.01,33.53,4,4,closed,true
T004880,1785024000000,S2,nodal,SITE1,V10,D0274,KA01AB0083,logout,1785087000000,1785087180000,8.18,9.05,12,2,closed,true
T004881,1784678400000,S1,cab,SITE3,V04,D0062,KA01AB0117,logout,1784719800000,1784721420000,29.17,30.24,4,1,closed,true
T004882,1783641600000,S2,shuttle,SITE3,V12,D0068,KA01AB1995,login,1783672200000,1783672560000,16.24,16.65,24,11,closed,true
T004883,1786406400000,S1,cab,SITE1,V01,D0368,KA01AB1361,login,1786415400000,1786415580000,16.17,17.59,4,3,closed,true
T004884,1785542400000,S1,nodal,SITE4,V06,D0392,KA01AB0270,login,1785551400000,1785551520000,19.11,19.59,12,10,closed,true
T004885,1780876800000,S2,cab,SITE3,V04,D0347,KA01AB0907,login,1780907400000,1780907520000,12.28,12.09,4,1,closed,true
T004886,1786665600000,S2,cab,SITE4,V02,D0090,KA01AB0755,logout,1786728600000,1786728720000,16.37,15.76,4,4,closed,true
T004887,1784851200000,S1,cab,SITE3,V06,D0072,KA01AB1198,logout,1784892600000,1784892840000,42.75,42.39,4,3,closed,true
T004888,1786924800000,S1,shuttle,SITE3,V02,D0378,KA01AB0588,logout,1786966200000,,39.70,41.87,24,3,open,true
T004889,1787788800000,S3,cab,SITE2,V02,D0162,KA01AB1708,login,1787844600000,1787844780000,25.50,28.71,4,1,closed,true
T004890,1787529600000,S2,cab,SITE2,V09,D0095,KA01AB0654,login,1787560200000,1787560200000,28.77,28.50,4,1,closed,true
T004891,1787788800000,S3,shuttle,SITE2,V12,D0164,KA01AB1583,login,1787844600000,1787846640000,21.62,22.30,24,10,closed,true
T004892,1784851200000,S1,cab,SITE4,V04,D0077,KA01AB0665,login,1784860200000,1784860320000,9.21,8.76,4,3,closed,true
T004893,1782000000000,S1,cab,SITE1,V03,D0147,KA01AB1017,logout,1782041400000,1782041400000,24.97,27.82,4,2,closed,true
T004894,1783209600000,S2,shuttle,SITE4,V09,D0032,KA01AB1488,login,1783240200000,1783240560000,10.75,11.46,24,20,closed,true
T004895,1782000000000,S1,cab,SITE1,V05,D0303,KA01AB1003,logout,1782041400000,1782041400000,14.91,14.53,4,4,closed,true
T004896,1784592000000,S1,nodal,SITE2,V01,D0138,KA01AB1563,login,1784601000000,1784601000000,30.36,34.78,12,4,closed,true
T004897,1783814400000,S3,cab,SITE4,V09,D0010,KA01AB0159,logout,1783812600000,1783812660000,35.25,35.38,4,4,closed,true
T004898,1782086400000,S1,nodal,SITE3,V11,D0346,KA01AB0253,logout,1782127800000,1782127920000,18.02,17.33,12,9,closed,true
T004899,1785542400000,S1,shuttle,SITE3,V09,D0099,KA01AB1739,login,1785551400000,1785551400000,30.42,29.44,24,17,closed,true
T004900,1785024000000,S1,cab,SITE2,V06,D0121,KA01AB1978,login,1785033000000,1785033240000,15.45,16.38,4,2,closed,true
T004901,1785456000000,S1,nodal,SITE2,V02,D0239,KA01AB0887,login,1785465000000,1785465060000,32.08,33.49,12,5,closed,true
T004902,1782086400000,S2,cab,SITE4,V09,D0279,KA01AB1435,logout,1782149400000,1782149520000,26.36,26.26,4,3,closed,true
T004903,1787184000000,S3,cab,SITE4,V09,D0260,KA01AB1211,logout,1787182200000,1787182440000,12.35,13.46,4,3,closed,true
T004904,1781395200000,S3,nodal,SITE1,V04,D0192,KA01AB1350,logout,1781393400000,1781393520000,8.14,9.19,12,12,closed,true
T004905,1785110400000,S2,shuttle,SITE4,V10,D0053,KA01AB1618,login,1785141000000,1785141240000,20.26,21.04,24,15,closed,true
T004906,1781568000000,S1,nodal,SITE3,V05,D0302,KA01AB0382,login,1781577000000,1781577000000,41.76,40.69,12,11,closed,true
T004907,1787097600000,S2,shuttle,SITE3,V11,D0340,KA01AB0183,logout,1787160600000,1787160840000,41.54,45.29,24,4,closed,true
T004908,1784419200000,S1,shuttle,SITE3,V11,D0004,KA01AB0132,login,1784428200000,1784428380000,29.26,32.31,24,14,closed,true
T004909,1782172800000,S1,shuttle,SITE2,V12,D0262,KA01AB1864,login,1782181800000,1782181800000,14.51,14.01,24,14,closed,true
T004910,1783987200000,S2,nodal,SITE2,V04,D0267,KA01AB0451,login,1784017800000,1784017980000,35.35,35.28,12,11,closed,true,UNEXPECTED_EXTRA_FIELD
T004911,1784160000000,S2,nodal,SITE3,V04,D0333,KA01AB0508,login,1784190600000,1784190840000,28.42,29.37,12,7,closed,true
T004912,1786838400000,S3,shuttle,SITE2,V02,D0188,KA01AB0168,logout,1786836600000,1786836720000,29.99,30.06,24,10,closed,true
T004913,1787011200000,S1,cab,SITE1,V04,D0056,KA01AB1996,login,1787020200000,1787020380000,25.05,24.37,4,2,closed,true
T004914,1786406400000,S2,shuttle,SITE4,V04,D0282,KA01AB0195,login,1786437000000,1786437060000,21.15,24.30,24,20,closed,true
T004915,1783123200000,S1,nodal,SITE1,V05,D0100,KA01AB1163,login,1783132200000,1783132440000,21.10,21.71,12,3,closed,true
T004916,1781481600000,S3,shuttle,SITE1,V01,D0321,KA01AB0589,logout,1781479800000,1781479980000,19.86,20.82,24,12,closed,true
T004917,1786752000000,S3,cab,SITE1,V11,D0023,KA01AB1306,logout,1786750200000,1786750260000,21.74,20.91,4,1,closed,true
T004918,1786665600000,S2,shuttle,SITE2,V12,D0369,KA01AB0163,logout,1786728600000,1786728780000,17.38,18.76,24,24,closed,true
T004919,1787270400000,S1,shuttle,SITE1,V12,D0299,KA01AB0719,logout,1787311800000,1787312040000,8.82,8.40,24,24,closed,true
T004920,1781913600000,S3,cab,SITE4,V04,D0045,KA01AB0331,login,1781969400000,1781969460000,36.40,39.03,4,1,closed,true
T004921,1783382400000,S2,nodal,SITE4,V12,D0029,KA01AB0424,login,1783413000000,1783413240000,8.17,9.04,12,10,closed,true
T004922,1782950400000,S2,shuttle,SITE2,V05,D0298,KA01AB1523,login,1782981000000,1782981000000,16.09,16.98,24,15,closed,true
T004923,1788220800000,S1,cab,SITE2,V08,D0255,KA01AB1722,logout,1788262200000,1788262440000,14.09,14.33,4,2,closed,true
T004924,1786752000000,S3,shuttle,SITE2,V03,D0341,KA01AB0492,login,1786807800000,1786807860000,26.70,29.99,24,24,closed,true
T004925,1787529600000,S2,nodal,SITE3,V09,D0156,KA01AB0743,logout,1787592600000,1787592780000,36.32,37.72,12,4,closed,true
T004926,1781827200000,S2,shuttle,SITE3,V04,D0082,KA01AB0024,login,1781857800000,1781857980000,27.03,29.86,24,6,closed,true
T004927,1782691200000,S3,nodal,SITE2,V09,D0010,KA01AB1923,logout,1782689400000,1782689520000,9.71,9.61,12,4,closed,true
T004928,1782864000000,S1,cab,SITE1,V11,D0344,KA01AB1535,logout,1782905400000,1782905460000,36.84,39.41,4,1,closed,true
T004929,1786665600000,S3,cab,SITE1,V03,D0188,KA01AB0270,login,1786721400000,1786721460000,31.94,35.85,4,2,closed,true
T004930,1781481600000,S3,shuttle,SITE3,V06,D0058,KA01AB0304,login,1781537400000,1781538180000,36.43,38.82,24,7,closed,true
T004931,1788048000000,S2,shuttle,SITE4,V02,D0069,KA01AB0125,logout,1788111000000,1788111180000,40.46,42.15,24,4,closed,true
T004932,1784160000000,S3,shuttle,SITE3,V02,D0299,KA01AB1459,login,1784215800000,1784215920000,8.89,8.95,24,14,closed,true
T004933,1784160000000,S2,nodal,SITE4,V09,D0254,KA01AB1498,logout,1784223000000,1784223120000,8.37,9.06,12,9,closed,true
T004934,1785628800000,S1,cab,SITE3,V01,D0141,KA01AB0880,login,1785637800000,1785637920000,36.61,38.92,4,4,closed,true
T004935,1784937600000,S1,shuttle,SITE2,V08,D0176,KA01AB0929,logout,1784979000000,1784979000000,14.61,16.46,24,6,closed,true
T004936,1780790400000,S1,shuttle,SITE3,V11,D0388,KA01AB0279,logout,1780831800000,1780832040000,17.65,18.89,24,3,closed,true
T004937,1786406400000,S3,nodal,SITE4,V06,D0366,KA01AB0509,logout,1786404600000,1786406820000,41.46,40.12,12,12,closed,true
T004938,1782345600000,S2,nodal,SITE1,V12,D0316,KA01AB0791,logout,1782408600000,1782408780000,15.90,15.60,12,1,closed,true
T004939,1783209600000,S2,shuttle,SITE4,V05,D0203,KA01AB1086,login,1783240200000,1783240200000,21.62,22.18,24,6,closed,true
T004940,1786320000000,S3,cab,SITE4,V09,D0157,KA01AB0465,logout,1786318200000,1786320660000,37.56,40.69,4,1,closed,true
T004941,1788048000000,S2,nodal,SITE1,V04,D0063,KA01AB0617,logout,1788111000000,1788111000000,25.07,26.35,12,5,closed,true
T004942,1782345600000,S1,nodal,SITE4,V08,D0058,KA01AB0673,logout,1782387000000,1782387000000,35.19,38.90,12,6,closed,true
T004943,1782259200000,S2,cab,SITE2,V12,D0313,KA01AB1322,login,1782289800000,1782289920000,27.35,27.31,4,4,closed,true
T004944,1787961600000,S1,shuttle,SITE1,V04,D0335,KA01AB1704,login,1787970600000,1787970720000,42.07,42.79,24,22,closed,true
T004945,1780790400000,S2,shuttle,SITE4,V02,D0218,KA01AB0333,logout,1780853400000,1780853460000,17.29,17.33,24,22,closed,true
T004946,1782172800000,S2,nodal,SITE2,V03,D0274,KA01AB0895,login,1782203400000,1782203580000,21.36,23.80,12,3,closed,true
T004947,1786665600000,S2,nodal,SITE1,V06,D0084,KA01AB1533,login,1786696200000,1786696260000,16.51,16.95,12,12,closed,true
T004948,1788393600000,S3,shuttle,SITE3,V09,D0205,KA01AB0364,logout,1788391800000,1788391920000,19.14,21.24,24,6,closed,true
T004949,1787529600000,S1,nodal,SITE4,V07,D0104,KA01AB1378,logout,1787571000000,1787571000000,31.24,30.83,12,7,closed,true
T004950,1785628800000,S3,nodal,SITE4,V11,D0349,KA01AB1143,logout,1785627000000,1785627480000,17.72,19.24,12,2,closed,true
T004951,1782259200000,S2,shuttle,SITE3,V07,D0188,KA01AB0736,logout,1782322200000,1782322320000,32.45,35.45,24,19,closed,false
T004952,1781568000000,S1,cab,SITE3,V03,D0263,KA01AB0630,login,1781577000000,1781577000000,15.85,15.86,4,2,closed,true
T004953,1783382400000,S1,shuttle,SITE1,V03,D0138,KA01AB0388,login,1783391400000,1783391520000,18.10,17.47,24,19,closed,true
T004954,1780790400000,S3,cab,SITE3,V08,D0345,KA01AB1188,logout,1780788600000,1780788780000,30.56,30.84,4,4,closed,true
T004955,1781481600000,S2,nodal,SITE4,V11,D0142,KA01AB1250,logout,1781544600000,1781544600000,24.54,26.70,12,7,closed,true
T004956,1783468800000,S2,cab,SITE3,V05,D0053,KA01AB1659,logout,1783531800000,1783532040000,40.84,43.91,4,2,closed,true
T004957,1781049600000,S3,shuttle,SITE2,V03,D0025,KA01AB1770,login,1781105400000,1781105640000,16.15,15.64,24,8,closed,true
T004958,1785888000000,S2,nodal,SITE4,V06,D0037,KA01AB1677,login,1785918600000,1785918780000,25.56,26.89,12,6,closed,true
T004959,1784937600000,S3,nodal,SITE4,V09,D0280,KA01AB0482,login,1784993400000,1784993640000,30.65,29.49,12,12,closed,true
T004960,1782259200000,S1,shuttle,SITE3,V11,D0304,KA01AB1163,logout,1782300600000,1782300720000,15.48,16.06,24,6,closed,true
T004961,1783987200000,S1,shuttle,SITE1,V07,D0035,KA01AB1897,logout,1784028600000,1784028840000,32.85,36.51,24,7,closed,true
T004962,1784678400000,S2,shuttle,SITE4,V10,D0136,KA01AB0692,login,1784709000000,1784709240000,19.11,19.52,24,17,closed,true
T004963,1781740800000,S3,nodal,SITE1,V08,D0153,KA01AB0098,logout,1781739000000,1781739000000,29.16,29.12,12,12,closed,false
T004964,1783123200000,S2,cab,SITE1,V10,D0045,KA01AB0661,logout,1783186200000,1783186440000,14.56,15.34,4,2,closed,true
T004965,1785801600000,S3,shuttle,SITE1,V09,D0182,KA01AB1597,login,1785857400000,1785857400000,41.21,39.20,24,13,closed,true
T004966,1782691200000,S2,shuttle,SITE3,V06,D0080,KA01AB0719,login,1782721800000,1782721800000,30.69,30.43,24,14,closed,true
T004967,1784505600000,S3,cab,SITE2,V08,D0052,KA01AB0138,logout,1784503800000,1784503860000,19.95,19.89,4,4,closed,true
T004968,1786752000000,S3,shuttle,SITE2,V11,D0039,KA01AB0421,logout,1786750200000,1786750380000,13.72,14.34,24,23,closed,true
T004969,1786406400000,S1,shuttle,SITE1,V06,D0302,KA01AB0958,login,1786415400000,1786415400000,22.56,24.12,24,14,closed,true
T004970,1788307200000,S3,nodal,SITE3,V12,D0273,KA01AB0078,login,1788363000000,1788363240000,38.44,40.12,12,2,closed,true
T004971,1781049600000,S3,cab,SITE3,V06,D0001,KA01AB0375,login,1781105400000,1781106420000,20.54,20.08,4,1,closed,true
T004972,1788048000000,S2,cab,SITE1,V01,D0178,KA01AB0008,logout,1788111000000,,25.68,29.39,4,3,open,true
T004973,1784678400000,S3,shuttle,SITE4,V10,D0289,KA01AB1055,logout,1784676600000,1784676720000,31.06,34.17,24,17,closed,true
T004974,1782000000000,S2,cab,SITE2,V03,D0040,KA01AB1503,logout,1782063000000,1782063180000,35.22,38.61,4,1,closed,true
T004975,1786579200000,S3,nodal,SITE4,V05,D0192,KA01AB1045,logout,1786577400000,1786577580000,12.67,12.74,12,4,closed,true
T004976,1786492800000,S3,shuttle,SITE2,V01,D0160,KA01AB0127,login,1786548600000,1786548720000,40.07,44.10,24,5,closed,true
T004977,1786233600000,S1,cab,SITE2,V10,D0100,KA01AB0134,logout,1786275000000,1786276500000,30.78,35.37,4,3,closed,true
T004978,1783641600000,S3,shuttle,SITE4,V07,D0192,KA01AB0606,login,1783697400000,1783697460000,36.43,41.72,24,12,closed,true
T004979,1783555200000,S2,shuttle,SITE3,V09,D0051,KA01AB1858,logout,1783618200000,1783618200000,15.70,17.84,24,4,closed,true
T004980,1785196800000,S2,nodal,SITE4,V05,D0162,KA01AB0691,login,1785227400000,1785227580000,21.35,20.59,12,11,closed,true
T004981,1781395200000,S3,nodal,SITE4,V11,D0304,KA01AB1766,logout,1781393400000,1781393400000,33.36,36.96,12,7,closed,true
T004982,1781395200000,S1,shuttle,SITE4,V12,D0368,KA01AB1068,login,1781404200000,1781404260000,12.09,11.72,24,6,closed,true
T004983,1781308800000,S3,nodal,SITE1,V07,D0371,KA01AB1567,logout,1781307000000,1781307240000,34.24,39.22,12,7,closed,true
T004984,1784332800000,S1,nodal,SITE2,V10,D0094,KA01AB0420,login,1784341800000,1784344020000,42.45,45.80,12,1,closed,true
T004985,1782259200000,S1,cab,SITE2,V01,D0251,KA01AB0295,login,1782268200000,1782268260000,30.90,33.86,4,2,closed,true
T004986,1784419200000,S2,shuttle,SITE2,V07,D0251,KA01AB0215,logout,1784482200000,1784483520000,26.35,25.28,24,23,closed,true
T004987,1787702400000,S3,shuttle,SITE4,V11,D0113,KA01AB1464,logout,1787700600000,1787700780000,39.95,42.66,24,5,closed,true
T004988,1781308800000,S3,shuttle,SITE1,V10,D0240,KA01AB1389,logout,1781307000000,,39.17,42.61,24,13,open,true
T004989,1782604800000,S3,cab,SITE3,V05,D0121,KA01AB0709,logout,1782603000000,1782603060000,18.86,18.12,4,2,closed,true
T004990,1785628800000,S1,nodal,SITE3,V05,D0329,KA01AB1888,logout,1785670200000,1785670380000,24.59,24.47,12,3,closed,true
T004991,1782000000000,S1,nodal,SITE4,V04,D0194,KA01AB1393,login,1782009000000,1782009000000,19.70,19.17,12,1,closed,true
T004992,1786492800000,S2,shuttle,SITE3,V07,D0313,KA01AB1540,login,1786523400000,,38.17,39.83,24,23,open,true
T004993,1782172800000,S3,shuttle,SITE1,V08,D0278,KA01AB0665,login,1782228600000,1782228600000,21.87,23.95,24,22,closed,true
T004994,1787184000000,S3,nodal,SITE1,V06,D0292,KA01AB1406,logout,1787182200000,1787182380000,38.39,37.30,12,1,closed,true
T004995,1784505600000,S2,nodal,SITE3,V02,D0209,KA01AB1273,login,1784536200000,1784536800000,15.66,15.00,12,8,closed,true
T004996,1783382400000,S3,nodal,SITE4,V02,D0080,KA01AB0971,login,1783438200000,1783438260000,40.96,41.27,12,1,closed,true
T004997,1783641600000,S1,nodal,SITE1,V03,D0327,KA01AB0874,logout,1783683000000,1783683180000,11.68,11.15,12,12,closed,true
T004998,1785888000000,S2,shuttle,SITE3,V05,D0379,KA01AB1885,logout,1785951000000,1785951060000,37.77,38.80,24,13,closed,true
T004999,1781049600000,S2,shuttle,SITE3,V06,D0285,KA01AB1336,login,1781080200000,1781080440000,33.45,36.87,24,16,closed,true
T005000,1782604800000,S1,nodal,SITE3,V02,D0080,KA01AB1183,login,1782613800000,1782616200000,20.33,22.58,12,10,closed,true
T005001,1783987200000,S3,shuttle,SITE2,V03,D0352,KA01AB1482,logout,1783985400000,1783985400000,19.16,18.26,24,15,closed,true
T005002,1784160000000,S3,shuttle,SITE2,V09,D0052,KA01AB0236,login,1784215800000,1784217600000,20.02,22.60,24,17,closed,true
T005003,1781913600000,S3,cab,SITE2,V11,D0329,KA01AB1052,login,1781969400000,1781969520000,10.42,11.35,4,3,closed,true
T005004,1785369600000,S2,nodal,SITE4,V10,D0213,KA01AB1550,logout,1785432600000,1785432720000,21.32,23.99,12,2,closed,true
T005005,1785542400000,S1,cab,SITE2,V01,D0395,KA01AB0630,login,1785551400000,1785551520000,18.04,19.76,4,4,closed,true
T005006,1786060800000,S3,cab,SITE1,V07,D0347,KA01AB1296,login,1786116600000,1786116840000,40.07,38.20,4,4,closed,true
T005007,1784592000000,S2,cab,SITE4,V02,D0341,KA01AB0101,logout,1784655000000,1784655000000,10.81,10.86,4,2,closed,false
T005008,1781568000000,S2,nodal,SITE2,V03,D0333,KA01AB1583,logout,1781631000000,1781631000000,22.73,21.87,12,4,closed,true
T005009,1787011200000,S3,cab,SITE3,V04,D0275,KA01AB0244,logout,1787009400000,1787009520000,26.33,27.20,4,4,closed,true
T005010,1781740800000,S3,shuttle,SITE3,V10,D0027,KA01AB1635,logout,1781739000000,1781739060000,18.28,18.22,24,9,closed,true
T005011,1785974400000,S1,cab,SITE1,V11,D0216,KA01AB0790,logout,1786015800000,1786015920000,35.85,39.18,4,2,closed,true
T005012,1782518400000,S1,nodal,SITE1,V09,D0041,KA01AB1786,logout,1782559800000,1782559980000,35.26,34.01,12,6,closed,true
T005013,1780790400000,S2,nodal,SITE3,V07,D0097,KA01AB1311,login,1780821000000,1780821180000,14.76,16.23,12,12,closed,true
T005014,1787270400000,S3,shuttle,SITE3,V08,D0175,KA01AB0770,login,1787326200000,1787326200000,10.37,9.87,24,21,closed,true
T005015,1785542400000,S2,nodal,SITE1,V04,D0258,KA01AB0352,login,1785573000000,1785573120000,40.05,42.03,12,10,closed,true
T005016,1781395200000,S1,nodal,SITE1,V10,D0153,KA01AB1475,login,1781404200000,1781406600000,30.31,30.63,12,12,closed,true
T005017,1781740800000,S3,cab,SITE1,V01,D0219,KA01AB1491,logout,1781739000000,1781739180000,30.20,30.43,4,2,closed,true
T005018,1787875200000,S1,nodal,SITE3,V06,D0397,KA01AB1691,logout,1787916600000,1787916660000,36.73,37.87,12,11,closed,true
T005019,1784332800000,S2,shuttle,SITE1,V11,D0380,KA01AB0506,login,1784363400000,1784363460000,24.26,27.76,24,4,closed,true
T005020,1782950400000,S1,nodal,SITE3,V10,D0374,KA01AB1663,logout,1782991800000,1782991860000,42.43,41.39,12,5,closed,true
T005021,1787788800000,S1,shuttle,SITE4,V12,D0041,KA01AB1654,login,1787797800000,1787797920000,20.30,22.81,24,2,closed,true
T005022,1782691200000,S3,nodal,SITE4,V10,D0338,KA01AB0804,logout,1782689400000,1782689580000,17.99,18.55,12,7,closed,true
T005023,1782604800000,S1,shuttle,SITE2,V06,D0387,KA01AB0511,login,1782613800000,1782614040000,21.90,23.26,24,7,closed,true
T005024,1786579200000,S1,nodal,SITE4,V05,D0231,KA01AB0591,logout,1786620600000,1786620660000,18.21,19.02,12,9,closed,true
T005025,1787184000000,S3,shuttle,SITE3,V08,D0089,KA01AB1534,login,1787239800000,1787239860000,36.82,39.98,24,20,closed,true
T005026,1781740800000,S1,shuttle,SITE1,V01,D0342,KA01AB0019,login,1781749800000,1781749980000,23.38,26.38,24,23,closed,true
T005027,1783382400000,S2,shuttle,SITE1,V10,D0332,KA01AB0183,login,1783413000000,1783413240000,34.93,37.94,24,8,closed,true
T005028,1783123200000,S2,nodal,SITE1,V06,D0078,KA01AB1583,login,1783153800000,1783153800000,24.16,25.88,12,8,closed,true
T005029,1788393600000,S1,shuttle,SITE3,V03,D0116,KA01AB1687,login,1788402600000,1788402660000,18.71,20.66,24,9,closed,true,UNEXPECTED_EXTRA_FIELD
T005030,1781049600000,S2,cab,SITE2,V04,D0202,KA01AB1066,login,1781080200000,1781080320000,8.45,8.43,4,4,closed,true
T005031,1786838400000,S3,shuttle,SITE4,V01,D0327,KA01AB1344,login,1786894200000,1786894260000,37.52,35.69,24,18,closed,true
T005032,1788480000000,S3,cab,SITE4,V10,D0144,KA01AB0787,logout,1788478200000,1788480600000,25.96,25.99,4,1,closed,true
T005033,1783209600000,S1,shuttle,SITE1,V03,D0188,KA01AB0949,login,1783218600000,1783219800000,23.11,23.26,24,10,closed,true
T005034,1781049600000,S1,shuttle,SITE4,V04,D0263,KA01AB0165,logout,1781091000000,1781091240000,13.50,13.31,24,19,closed,true
T005035,1783900800000,S2,nodal,SITE2,V10,D0023,KA01AB0107,logout,1783963800000,1783963920000,34.37,37.07,12,7,closed,true
T005036,1782086400000,S3,shuttle,SITE4,V03,D0316,KA01AB1687,logout,1782084600000,1782084600000,16.26,16.06,24,14,closed,true
T005037,1784764800000,S1,shuttle,SITE3,V08,D0377,KA01AB1986,login,1784773800000,1784773980000,11.59,11.14,24,18,closed,true
T005038,1786665600000,S2,nodal,SITE3,V06,D0226,KA01AB1976,login,1786696200000,1786696680000,26.10,29.03,12,11,closed,true
T005039,1785715200000,S1,nodal,SITE4,V04,D0147,KA01AB1658,login,1785724200000,1785724380000,28.83,31.29,12,11,closed,true
T005040,1785369600000,S2,shuttle,SITE1,V02,D0007,KA01AB0183,login,1785400200000,1785400320000,25.71,26.55,24,20,closed,true
T005041,1783814400000,S1,nodal,SITE3,V11,D0209,KA01AB1848,login,1783823400000,1783823640000,29.65,32.13,12,7,closed,true
T005042,1782864000000,S1,nodal,SITE3,V02,D0019,KA01AB1611,login,1782873000000,1782874020000,25.24,28.17,12,6,closed,true
T005043,1784332800000,S1,shuttle,SITE1,V05,D0055,KA01AB0353,login,1784341800000,1784341980000,32.78,34.29,24,17,closed,true
T005044,1787443200000,S3,shuttle,SITE4,V07,D0264,KA01AB0129,login,1787499000000,1787499240000,8.98,10.19,24,15,closed,true
T005045,1787788800000,S1,cab,SITE2,V07,D0292,KA01AB0535,logout,1787830200000,1787830200000,35.16,37.74,4,4,closed,true
T005046,1782950400000,S3,cab,SITE4,V12,D0104,KA01AB1206,login,1783006200000,1783006260000,14.02,14.13,4,1,closed,true
T005047,1783123200000,S1,shuttle,SITE1,V11,D0329,KA01AB0322,logout,1783164600000,1783164660000,18.76,19.70,24,3,closed,true
T005048,1781395200000,S3,nodal,SITE4,V05,D0394,KA01AB0408,logout,1781393400000,1781393640000,18.25,17.46,12,9,closed,false
T005049,1788134400000,S2,nodal,SITE1,V06,D0087,KA01AB0036,logout,1788197400000,1788197400000,21.68,22.22,12,10,closed,true
T005050,1786838400000,S3,shuttle,SITE2,V05,D0037,KA01AB1229,login,1786894200000,1786894320000,11.46,11.69,24,12,closed,true
T005051,1787702400000,S2,shuttle,SITE1,V08,D0284,KA01AB0307,login,1787733000000,1787733000000,30.51,29.50,24,4,closed,true
T005052,1787270400000,S1,shuttle,SITE1,V08,D0051,KA01AB1779,login,1787279400000,1787279520000,8.38,9.40,24,2,closed,true
T005053,1787443200000,S2,shuttle,SITE4,V08,D0070,KA01AB1624,login,1787473800000,1787475660000,15.92,16.46,24,2,closed,true
T005054,1786752000000,S3,nodal,SITE2,V03,D0181,KA01AB1316,login,1786807800000,1786807860000,41.99,43.43,12,4,closed,true
T005055,1787616000000,S3,shuttle,SITE3,V03,D0063,KA01AB0978,login,1787671800000,1787671980000,17.44,18.87,24,5,closed,true
T005056,1782950400000,S2,shuttle,SITE1,V02,D0183,KA01AB0888,logout,1783013400000,1783013580000,18.47,21.00,24,7,closed,true
T005057,1786924800000,S3,cab,SITE4,V09,D0001,KA01AB1020,logout,1786923000000,1786923120000,10.88,11.39,4,3,closed,true
T005058,1786320000000,S1,nodal,SITE1,V07,D0358,KA01AB1531,login,1786329000000,1786329240000,12.65,13.02,12,6,closed,true
T005059,1783036800000,S1,nodal,SITE3,V09,D0308,KA01AB0409,login,1783045800000,1783045920000,37.66,40.96,12,8,closed,true
T005060,1785196800000,S1,cab,SITE3,V04,D0361,KA01AB0144,login,1785205800000,1785205920000,27.27,27.80,4,4,closed,true
T005061,1784592000000,S3,cab,SITE1,V06,D0023,KA01AB1003,login,1784647800000,1784647980000,34.19,32.80,4,3,closed,true
T005062,1784160000000,S1,cab,SITE4,V04,D0055,KA01AB1272,logout,1784201400000,1784201640000,30.23,32.27,4,1,closed,true
T005063,1787097600000,S3,cab,SITE1,V10,D0118,KA01AB1331,login,1787153400000,1787153460000,34.72,37.56,4,1,closed,true
T005064,1786924800000,S3,nodal,SITE1,V04,D0357,KA01AB0164,logout,1786923000000,,12.34,12.32,12,4,open,true
T005065,1788307200000,S3,nodal,SITE3,V05,D0088,KA01AB1502,logout,1788305400000,1788305640000,41.86,40.32,12,2,closed,true
T005066,1782864000000,S1,cab,SITE3,V10,D0367,KA01AB0770,logout,1782905400000,1782905520000,26.66,29.97,4,4,closed,true
T005067,1787097600000,S2,shuttle,SITE1,V03,D0157,KA01AB0435,login,1787128200000,1787128440000,21.79,21.27,24,4,closed,true
T005068,1787788800000,S3,cab,SITE3,V01,D0069,KA01AB1148,logout,1787787000000,1787787900000,13.50,13.98,4,2,closed,true
T005069,1781913600000,S2,nodal,SITE2,V12,D0174,KA01AB1587,logout,1781976600000,1781976660000,32.08,35.41,12,2,closed,true
T005070,1780876800000,S3,nodal,SITE1,V04,D0305,KA01AB1118,login,1780932600000,1780932660000,35.17,37.89,12,9,closed,true
T005071,1786838400000,S1,nodal,SITE2,V11,D0398,KA01AB1073,logout,1786879800000,1786879920000,13.47,13.15,12,9,closed,true
T005072,1784073600000,S3,cab,SITE1,V09,D0260,KA01AB0134,logout,1784071800000,1784073180000,29.22,32.16,4,2,closed,true
T005073,1783987200000,S3,shuttle,SITE1,V02,D0169,KA01AB1638,logout,1783985400000,1783985580000,37.72,36.20,24,2,closed,true
T005074,1788134400000,S3,shuttle,SITE3,V05,D0093,KA01AB0611,login,1788190200000,1788190260000,9.84,10.23,24,24,closed,true
T005075,1782345600000,S3,shuttle,SITE1,V11,D0094,KA01AB1082,logout,1782343800000,1782343980000,23.06,22.19,24,8,closed,true
T005076,1781049600000,S3,shuttle,SITE1,V08,D0338,KA01AB0120,login,1781105400000,1781107680000,30.39,32.14,24,9,closed,true
T005077,1784073600000,S1,cab,SITE4,V11,D0362,KA01AB1441,login,1784082600000,1784082720000,35.47,34.61,4,3,closed,true
T005078,1786838400000,S1,cab,SITE3,V08,D0035,KA01AB0475,logout,1786879800000,1786879980000,26.51,29.03,4,4,closed,true
T005079,1788048000000,S3,nodal,SITE2,V03,D0176,KA01AB0252,login,1788103800000,1788103860000,34.47,36.97,12,4,closed,true
T005080,1788220800000,S3,nodal,SITE4,V11,D0192,KA01AB1884,logout,1788219000000,1788219240000,19.46,20.22,12,3,closed,true
T005081,1784332800000,S3,shuttle,SITE1,V07,D0123,KA01AB1070,logout,1784331000000,1784331060000,19.85,20.65,24,12,closed,true
T005082,1782172800000,S3,nodal,SITE4,V12,D0351,KA01AB0634,login,1782228600000,1782228780000,23.06,24.91,12,11,closed,true
T005083,1786060800000,S2,cab,SITE4,V03,D0178,KA01AB1565,logout,1786123800000,1786124040000,33.01,36.15,4,4,closed,true
T005084,1780963200000,S2,nodal,SITE4,V07,D0197,KA01AB1512,login,1780993800000,1780993980000,32.96,37.71,12,12,closed,true
T005085,1781654400000,S2,cab,SITE4,V09,D0249,KA01AB1435,login,1781685000000,1781685060000,15.92,15.60,4,1,closed,true
T005086,1782864000000,S2,nodal,SITE4,V09,D0273,KA01AB0615,logout,1782927000000,1782927180000,8.27,8.65,12,6,closed,true
T005087,1782691200000,S3,cab,SITE1,V02,D0050,KA01AB0493,logout,1782689400000,1782689820000,15.81,16.16,4,4,closed,false
T005088,1781222400000,S1,cab,SITE1,V04,D0156,KA01AB0287,logout,1781263800000,1781263800000,15.71,17.31,4,1,closed,true
T005089,1788307200000,S1,cab,SITE2,V07,D0121,KA01AB0207,logout,1788348600000,1788349560000,9.04,10.04,4,1,closed,true
T005090,1782259200000,S2,nodal,SITE2,V07,D0375,KA01AB1621,login,1782289800000,1782289980000,20.03,22.34,12,5,closed,true
T005091,1783814400000,S3,cab,SITE4,V06,D0290,KA01AB1673,login,1783870200000,1783870200000,34.48,39.22,4,3,closed,true
T005092,1784246400000,S1,nodal,SITE4,V08,D0173,KA01AB1514,logout,1784287800000,1784287860000,17.85,17.97,12,8,closed,true
T005093,1788393600000,S3,nodal,SITE2,V01,D0378,KA01AB0638,login,1788449400000,1788449460000,28.59,31.19,12,8,closed,true
T005094,1784937600000,S3,shuttle,SITE1,V05,D0000,KA01AB0668,logout,1784935800000,1784935800000,41.52,40.27,24,6,closed,true
T005095,1784937600000,S1,nodal,SITE1,V11,D0304,KA01AB0261,login,1784946600000,1784946780000,12.92,13.57,12,4,closed,true
T005096,1785283200000,S2,cab,SITE1,V05,D0099,KA01AB1039,login,1785313800000,1785313800000,28.83,29.14,4,3,closed,true
T005097,1784505600000,S1,shuttle,SITE4,V01,D0398,KA01AB0598,logout,1784547000000,1784547240000,29.93,30.91,24,9,closed,true
T005098,1782691200000,S2,shuttle,SITE4,V03,D0185,KA01AB0014,logout,1782754200000,1782754200000,27.70,26.66,24,15,closed,true
T005099,1781049600000,S2,cab,SITE3,V02,D0227,KA01AB1149,login,1781080200000,1781080200000,14.03,13.70,4,3,closed,true
T005100,1781136000000,S2,nodal,SITE2,V04,D0248,KA01AB1895,logout,1781199000000,1781199000000,19.76,19.72,12,1,closed,false
T005101,1786752000000,S3,cab,SITE1,V04,D0301,KA01AB1832,logout,1786750200000,1786750440000,20.92,20.79,4,2,closed,true
T005102,1785628800000,S3,cab,SITE2,V03,D0366,KA01AB1419,logout,1785627000000,1785627180000,36.64,36.71,4,1,closed,true
T005103,1786233600000,S1,nodal,SITE2,V11,D0039,KA01AB0355,login,1786242600000,1786242840000,19.07,19.79,12,3,closed,true
T005104,1783382400000,S3,shuttle,SITE4,V05,D0252,KA01AB0300,logout,1783380600000,1783380720000,22.06,22.54,24,4,closed,true
T005105,1785542400000,S2,shuttle,SITE2,V03,D0268,KA01AB1917,logout,1785605400000,1785605400000,21.75,22.23,24,12,closed,true
T005106,1781395200000,S3,shuttle,SITE1,V10,D0109,KA01AB0053,logout,1781393400000,1781393400000,8.83,9.51,24,24,closed,true
T005107,1780790400000,S1,shuttle,SITE1,V09,D0159,KA01AB0063,login,1780799400000,1780799460000,41.48,45.73,24,16,closed,true
T005108,1783123200000,S3,shuttle,SITE4,V06,D0150,KA01AB1525,login,1783179000000,1783181040000,27.44,31.27,24,5,closed,true
T005109,1785024000000,S2,nodal,SITE3,V07,D0310,KA01AB1876,logout,1785087000000,1785087000000,34.39,38.60,12,12,closed,true
T005110,1782000000000,S1,cab,SITE2,V05,D0081,KA01AB1000,logout,1782041400000,1782041640000,8.59,9.41,4,2,closed,true
T005111,1786147200000,S2,shuttle,SITE3,V05,D0110,KA01AB1313,logout,1786210200000,1786210320000,29.17,27.94,24,12,closed,true
T005112,1782777600000,S3,cab,SITE2,V08,D0242,KA01AB0990,logout,1782775800000,1782776040000,15.75,17.42,4,3,closed,true
T005113,1782086400000,S1,cab,SITE3,V07,D0010,KA01AB1541,logout,1782127800000,1782127860000,26.48,29.39,4,1,closed,true
T005114,1787702400000,S3,shuttle,SITE2,V04,D0316,KA01AB1956,login,1787758200000,1787758380000,20.24,19.90,24,13,closed,true
T005115,1788480000000,S2,shuttle,SITE4,V02,D0173,KA01AB0617,logout,1788543000000,1788543240000,30.62,34.66,24,16,closed,true
T005116,1782259200000,S2,shuttle,SITE4,V10,D0330,KA01AB0589,logout,1782322200000,1782322320000,9.90,10.70,24,3,closed,true
T005117,1781308800000,S2,nodal,SITE4,V03,D0328,KA01AB0702,logout,1781371800000,1781371860000,9.09,9.19,12,8,closed,true
T005118,1783036800000,S2,shuttle,SITE2,V09,D0138,KA01AB0827,login,1783067400000,1783067580000,25.27,24.04,24,24,closed,true
T005119,1782691200000,S3,nodal,SITE4,V06,D0298,KA01AB1371,logout,1782689400000,1782689580000,32.43,36.15,12,6,closed,true
T005120,1784419200000,S3,shuttle,SITE1,V01,D0180,KA01AB0087,logout,1784417400000,1784417640000,29.32,32.19,24,22,closed,true
T005121,1782518400000,S2,nodal,SITE1,V03,D0321,KA01AB0235,login,1782549000000,1782549180000,16.23,16.48,12,8,closed,true
T005122,1781827200000,S2,nodal,SITE1,V05,D0057,KA01AB1311,logout,1781890200000,1781892900000,10.71,10.46,12,7,closed,true
T005123,1785024000000,S2,shuttle,SITE3,V11,D0038,KA01AB0782,logout,1785087000000,1785087240000,31.44,34.27,24,7,closed,true
T005124,1781827200000,S1,cab,SITE4,V03,D0244,KA01AB0420,login,1781836200000,1781836320000,41.57,46.51,4,3,closed,true
T005125,1786060800000,S3,nodal,SITE3,V01,D0118,KA01AB1005,login,1786116600000,1786116600000,15.57,15.36,12,1,closed,true
T005126,1783209600000,S1,cab,SITE4,V02,D0032,KA01AB0400,logout,1783251000000,1783251240000,27.11,27.39,4,1,closed,true
T005127,1787961600000,S2,nodal,SITE1,V01,D0002,KA01AB1899,login,1787992200000,1787992440000,28.21,30.03,12,10,closed,true
T005128,1785888000000,S1,shuttle,SITE1,V07,D0138,KA01AB1563,logout,1785929400000,1785929400000,39.93,41.91,24,2,closed,true
T005129,1783382400000,S1,nodal,SITE3,V06,D0183,KA01AB0456,login,1783391400000,1783391460000,36.54,38.95,12,12,closed,true
T005130,1785542400000,S2,cab,SITE1,V03,D0097,KA01AB0634,login,1785573000000,1785574560000,18.82,18.28,4,2,closed,true
T005131,1785715200000,S3,nodal,SITE1,V01,D0025,KA01AB0624,login,1785771000000,1785771180000,30.13,32.89,12,4,closed,true
T005132,1785715200000,S2,shuttle,SITE2,V10,D0112,KA01AB0955,login,1785745800000,1785745800000,15.19,16.80,24,8,closed,true
T005133,1788048000000,S1,nodal,SITE1,V06,D0221,KA01AB0646,login,1788057000000,1788057060000,40.72,43.77,12,4,closed,true
T005134,1785801600000,S3,shuttle,SITE2,V10,D0141,KA01AB1594,logout,1785799800000,1785799800000,38.07,39.83,24,10,closed,true
T005135,1783641600000,S3,nodal,SITE1,V04,D0266,KA01AB0461,login,1783697400000,1783697460000,39.88,38.64,12,11,closed,true
T005136,1784419200000,S2,nodal,SITE3,V07,D0318,KA01AB1426,logout,1784482200000,1784482440000,14.17,14.74,12,10,closed,true
T005137,1780876800000,S2,shuttle,SITE1,V09,D0109,KA01AB1123,logout,1780939800000,,15.59,17.61,24,19,open,true
T005138,1784505600000,S2,nodal,SITE2,V03,D0225,KA01AB1659,logout,1784568600000,1784568780000,14.17,14.84,12,5,closed,true
T005139,1781136000000,S2,nodal,SITE1,V11,D0182,KA01AB0480,logout,1781199000000,1781200080000,10.77,10.28,12,8,closed,true
T005140,1784246400000,S2,cab,SITE4,V12,D0155,KA01AB0239,logout,1784309400000,1784309640000,32.81,37.51,4,3,closed,true
T005141,1787788800000,S1,nodal,SITE4,V02,D0190,KA01AB0820,login,1787797800000,1787797920000,15.49,16.82,12,6,closed,true
T005142,1785801600000,S3,cab,SITE1,V07,D0350,KA01AB1934,login,1785857400000,1785857580000,27.47,28.45,4,2,closed,true
T005143,1785283200000,S1,nodal,SITE2,V10,D0102,KA01AB0607,logout,1785324600000,1785324780000,22.34,21.43,12,3,closed,true
T005144,1784246400000,S2,nodal,SITE2,V11,D0208,KA01AB0496,login,1784277000000,1784277180000,31.60,35.79,12,3,closed,true
T005145,1785110400000,S1,shuttle,SITE3,V07,D0059,KA01AB1054,logout,1785151800000,1785151980000,20.68,19.67,24,10,closed,true
T005146,1787616000000,S2,shuttle,SITE4,V11,D0349,KA01AB1717,login,1787646600000,1787646780000,29.73,30.15,24,2,closed,true
T005147,1785628800000,S1,shuttle,SITE1,V01,D0216,KA01AB1554,logout,1785670200000,1785670320000,17.35,18.67,24,13,closed,true
T005148,1782604800000,S1,nodal,SITE1,V09,D0154,KA01AB1999,logout,1782646200000,1782646560000,29.33,30.42,12,2,closed,true
T005149,1784073600000,S3,cab,SITE3,V06,D0157,KA01AB0218,login,1784129400000,1784129520000,38.72,40.52,4,2,closed,true
T005150,1785974400000,S1,nodal,SITE3,V04,D0113,KA01AB1341,logout,1786015800000,1786015860000,14.20,14.68,12,1,closed,true
T005151,1785456000000,S3,nodal,SITE1,V06,D0146,KA01AB0727,login,1785511800000,1785511860000,8.38,8.94,12,4,closed,true
T005152,1781222400000,S2,nodal,SITE3,V05,D0140,KA01AB1038,logout,1781285400000,1781285640000,22.80,24.75,12,10,closed,true
T005153,1784332800000,S3,nodal,SITE2,V03,D0329,KA01AB1757,logout,1784331000000,1784331180000,13.99,15.18,12,12,closed,true
T005154,1781395200000,S1,nodal,SITE1,V01,D0261,KA01AB1580,login,1781404200000,1781404200000,39.15,37.52,12,10,closed,true
T005155,1781049600000,S2,cab,SITE4,V10,D0225,KA01AB1882,logout,1781112600000,1781112720000,12.97,13.73,4,4,closed,true
T005156,1784592000000,S3,nodal,SITE2,V01,D0157,KA01AB0303,logout,1784590200000,1784590260000,19.50,20.16,12,3,closed,true
T005157,1781136000000,S1,cab,SITE4,V02,D0141,KA01AB0979,logout,1781177400000,1781177460000,42.24,47.81,4,3,closed,true
T005158,1781740800000,S2,cab,SITE2,V06,D0376,KA01AB0791,login,1781771400000,1781771640000,37.19,42.64,4,4,closed,true
T005159,1784246400000,S2,cab,SITE3,V09,D0190,KA01AB0872,login,1784277000000,1784277060000,12.17,12.79,4,1,closed,true
T005160,1780963200000,S3,cab,SITE2,V08,D0390,KA01AB0759,logout,1780961400000,1780961400000,9.48,10.84,4,4,closed,true
T005161,1786752000000,S3,nodal,SITE4,V09,D0308,KA01AB0747,login,1786807800000,1786807920000,14.67,14.23,12,1,closed,true
T005162,1787184000000,S3,nodal,SITE1,V09,D0224,KA01AB0996,login,1787239800000,1787240280000,23.73,22.98,12,11,closed,true
T005163,1782604800000,S2,cab,SITE2,V09,D0106,KA01AB1466,logout,1782667800000,1782667980000,25.52,24.41,4,2,closed,true
T005164,1782864000000,S2,cab,SITE4,V10,D0260,KA01AB1882,login,1782894600000,1782894660000,14.91,15.89,4,3,closed,true
T005165,1781827200000,S3,nodal,SITE3,V03,D0272,KA01AB0357,login,1781883000000,1781883180000,31.84,33.48,12,3,closed,true
T005166,1786406400000,S3,cab,SITE1,V12,D0394,KA01AB0475,logout,1786404600000,1786406520000,15.43,16.26,4,2,closed,true
T005167,1787011200000,S1,shuttle,SITE2,V10,D0224,KA01AB0488,logout,1787052600000,1787052840000,14.68,15.85,24,20,closed,true
T005168,1786924800000,S3,nodal,SITE4,V09,D0056,KA01AB1265,login,1786980600000,1786980840000,13.40,13.60,12,5,closed,true
T005169,1782259200000,S2,cab,SITE3,V11,D0044,KA01AB0613,logout,1782322200000,1782322380000,23.18,24.87,4,2,closed,true
T005170,1784505600000,S3,shuttle,SITE1,V08,D0223,KA01AB0229,logout,1784503800000,1784505000000,20.72,22.09,24,13,closed,true
T005171,1784246400000,S3,nodal,SITE4,V10,D0165,KA01AB1001,login,1784302200000,1784302380000,42.47,45.62,12,11,closed,true
T005172,1787184000000,S2,cab,SITE2,V10,D0125,KA01AB1706,login,1787214600000,1787214720000,29.26,29.61,4,1,closed,true
T005173,1788048000000,S3,cab,SITE1,V08,D0028,KA01AB0567,logout,1788046200000,1788046200000,27.82,27.26,4,4,closed,true
T005174,1781136000000,S1,shuttle,SITE3,V09,D0153,KA01AB1484,logout,1781177400000,1781177580000,16.07,16.75,24,20,closed,true
T005175,1786233600000,S2,nodal,SITE2,V01,D0168,KA01AB1848,login,1786264200000,1786264260000,17.87,18.89,12,1,closed,true
T005176,1785110400000,S3,cab,SITE3,V08,D0092,KA01AB1739,login,1785166200000,1785166380000,23.37,26.16,4,4,closed,true
T005177,1782604800000,S2,nodal,SITE3,V10,D0178,KA01AB1703,logout,1782667800000,1782667920000,41.09,40.28,12,3,closed,true
T005178,1782604800000,S3,cab,SITE1,V01,D0167,KA01AB0868,logout,1782603000000,1782603120000,32.18,33.84,4,3,closed,true
T005179,1782000000000,S1,nodal,SITE4,V02,D0328,KA01AB0662,login,1782009000000,1782009060000,31.79,33.83,12,3,closed,true
T005180,1783555200000,S2,cab,SITE1,V04,D0107,KA01AB1903,login,1783585800000,1783585860000,40.96,46.55,4,4,closed,true
T005181,1780963200000,S1,shuttle,SITE1,V09,D0355,KA01AB0979,login,1780972200000,1780973220000,42.96,42.64,24,2,closed,true
T005182,1786838400000,S2,shuttle,SITE2,V07,D0264,KA01AB0005,logout,1786901400000,1786901520000,10.78,11.16,24,17,closed,true
T005183,1784937600000,S3,cab,SITE4,V06,D0098,KA01AB0876,logout,1784935800000,1784935980000,30.57,34.11,4,4,closed,true
T005184,1781568000000,S1,shuttle,SITE3,V06,D0069,KA01AB0979,logout,1781609400000,1781609400000,27.52,26.34,24,22,closed,true
T005185,1782345600000,S2,shuttle,SITE1,V11,D0360,KA01AB0593,login,1782376200000,1782376440000,38.58,42.55,24,20,closed,true
T005186,1782691200000,S1,nodal,SITE1,V07,D0301,KA01AB0308,login,1782700200000,1782700200000,25.84,25.56,12,1,closed,true
T005187,1784678400000,S2,cab,SITE4,V09,D0179,KA01AB0824,logout,1784741400000,1784741520000,25.60,26.56,4,2,closed,true
T005188,1784419200000,S1,nodal,SITE2,V08,D0144,KA01AB0615,logout,1784460600000,1784460600000,22.91,22.27,12,11,closed,true
T005189,1782864000000,S3,cab,SITE3,V04,D0159,KA01AB0634,login,1782919800000,1782919860000,16.35,16.57,4,2,closed,true
T005190,1787356800000,S2,shuttle,SITE2,V10,D0311,KA01AB0052,logout,1787419800000,1787419920000,19.26,20.56,24,19,closed,true
T005191,1781222400000,S2,shuttle,SITE4,V07,D0290,KA01AB1175,logout,1781285400000,1781285520000,8.41,8.34,24,3,closed,true
T005192,1787011200000,S1,cab,SITE4,V01,D0025,KA01AB1443,logout,1787052600000,1787052720000,19.45,18.94,4,2,closed,true
T005193,1784246400000,S1,cab,SITE4,V03,D0078,KA01AB1029,login,1784255400000,1784255640000,17.71,18.57,4,2,closed,true
T005194,1784419200000,S2,nodal,SITE1,V06,D0085,KA01AB0366,logout,1784482200000,1784482320000,8.77,8.66,12,8,closed,true
T005195,1787443200000,S2,nodal,SITE1,V08,D0085,KA01AB0717,logout,1787506200000,1787507460000,14.27,16.06,12,6,closed,true
T005196,1787616000000,S1,nodal,SITE4,V03,D0323,KA01AB1456,login,1787625000000,1787627280000,9.00,10.07,12,6,closed,true
T005197,1781308800000,S2,shuttle,SITE2,V06,D0180,KA01AB1157,login,1781339400000,1781339460000,15.35,15.01,24,4,closed,true
T005198,1786147200000,S3,nodal,SITE3,V04,D0039,KA01AB1574,logout,1786145400000,1786146060000,23.51,25.33,12,8,closed,true
T005199,1784851200000,S2,shuttle,SITE3,V11,D0284,KA01AB0697,login,1784881800000,1784881800000,19.89,22.68,24,2,closed,true
T005200,1784851200000,S1,cab,SITE4,V10,D0384,KA01AB1152,logout,1784892600000,1784895120000,41.73,42.32,4,1,closed,true
T005201,1786147200000,S2,nodal,SITE4,V12,D0108,KA01AB0963,logout,1786210200000,1786212840000,42.60,41.62,12,2,closed,true
T005202,1786060800000,S2,cab,SITE2,V01,D0138,KA01AB1201,login,1786091400000,1786091400000,39.67,40.79,4,4,closed,true
T005203,1788048000000,S2,cab,SITE2,V07,D0119,KA01AB0561,logout,1788111000000,1788111000000,29.05,29.92,4,3,closed,true
T005204,1784332800000,S3,shuttle,SITE2,V12,D0285,KA01AB0806,login,1784388600000,1784388840000,31.30,29.97,24,3,closed,true
T005205,1785888000000,S3,cab,SITE3,V07,D0369,KA01AB0139,login,1785943800000,1785945540000,11.62,11.71,4,2,closed,true
T005206,1787097600000,S3,nodal,SITE4,V03,D0378,KA01AB0701,logout,1787095800000,1787095920000,26.09,26.10,12,7,closed,true
T005207,1785715200000,S1,shuttle,SITE4,V06,D0251,KA01AB0349,logout,1785756600000,1785756780000,8.66,9.47,24,9,closed,true
T005208,1786665600000,S1,cab,SITE1,V09,D0006,KA01AB1412,logout,1786707000000,1786707000000,31.75,36.29,4,3,closed,true
T005209,1786233600000,S3,shuttle,SITE4,V04,D0126,KA01AB1632,logout,1786231800000,1786231860000,36.36,35.27,24,17,closed,true
T005210,1782432000000,S3,nodal,SITE1,V04,D0308,KA01AB0320,logout,1782430200000,1782430440000,31.71,31.57,12,7,closed,true
T005211,1787097600000,S1,nodal,SITE3,V09,D0089,KA01AB0646,logout,1787139000000,1787139240000,42.10,41.18,12,7,closed,true
T005212,1783296000000,S3,nodal,SITE2,V09,D0282,KA01AB1921,login,1783351800000,1783351920000,24.77,24.32,12,12,closed,true
T005213,1783728000000,S1,shuttle,SITE2,V06,D0330,KA01AB0012,logout,1783769400000,1783769580000,14.96,17.02,24,2,closed,true
T005214,1782086400000,S3,shuttle,SITE3,V01,D0356,KA01AB1085,logout,1782084600000,1782084660000,9.40,9.98,24,2,closed,true
T005215,1784851200000,S3,shuttle,SITE3,V08,D0037,KA01AB1394,logout,1784849400000,1784849460000,20.73,21.01,24,23,closed,true
T005216,1787011200000,S3,cab,SITE2,V02,D0215,KA01AB1851,logout,1787009400000,1787009460000,31.56,35.94,4,3,closed,true
T005217,1783468800000,S2,nodal,SITE1,V05,D0237,KA01AB1278,login,1783499400000,1783501500000,40.31,40.82,12,4,closed,true
T005218,1787529600000,S3,nodal,SITE2,V02,D0183,KA01AB1600,login,1787585400000,1787585640000,17.11,16.61,12,2,closed,true
T005219,1788480000000,S2,nodal,SITE1,V07,D0283,KA01AB0918,login,1788510600000,1788512340000,36.32,37.55,12,6,closed,true
T005220,1787875200000,S1,cab,SITE2,V07,D0099,KA01AB1996,login,1787884200000,1787884200000,39.10,39.46,4,4,closed,true
T005221,1786320000000,S2,cab,SITE1,V07,D0057,KA01AB0581,logout,1786383000000,1786383180000,28.41,31.53,4,1,closed,true
T005222,1785283200000,S1,nodal,SITE1,V04,D0380,KA01AB1623,logout,1785324600000,1785324840000,41.35,44.99,12,8,closed,true
T005223,1787011200000,S2,cab,SITE1,V12,D0034,KA01AB0782,login,1787041800000,1787043840000,9.44,10.64,4,1,closed,true
T005224,1787097600000,S1,cab,SITE3,V02,D0135,KA01AB1758,login,1787106600000,1787106780000,27.33,26.81,4,3,closed,true
T005225,1784592000000,S2,shuttle,SITE2,V05,D0028,KA01AB0133,login,1784622600000,1784625240000,42.90,47.16,24,20,closed,true
T005226,1784073600000,S2,nodal,SITE3,V05,D0189,KA01AB1782,login,1784104200000,1784105640000,21.57,23.74,12,11,closed,true
T005227,1782172800000,S1,cab,SITE4,V12,D0376,KA01AB1250,login,1782181800000,1782182760000,14.64,16.61,4,3,closed,true
T005228,1786060800000,S3,shuttle,SITE4,V03,D0268,KA01AB0510,login,1786116600000,,15.22,15.07,24,14,open,true
T005229,1782345600000,S1,nodal,SITE3,V01,D0355,KA01AB1349,login,1782354600000,1782354840000,16.12,16.57,12,6,closed,true
T005230,1786924800000,S1,nodal,SITE1,V10,D0365,KA01AB0016,login,1786933800000,1786933860000,28.25,27.68,12,4,closed,true
T005231,1782259200000,S2,cab,SITE2,V10,D0046,KA01AB1408,logout,1782322200000,1782322260000,36.22,36.34,4,2,closed,true
T005232,1781049600000,S2,nodal,SITE1,V09,D0092,KA01AB1332,login,1781080200000,1781080440000,17.01,16.40,12,9,closed,true
T005233,1785801600000,S3,cab,SITE3,V12,D0368,KA01AB1987,logout,1785799800000,1785799980000,32.58,36.89,4,3,closed,true
T005234,1788134400000,S2,shuttle,SITE1,V01,D0306,KA01AB0809,logout,1788197400000,1788197640000,14.85,16.42,24,4,closed,true
T005235,1787875200000,S2,shuttle,SITE1,V05,D0354,KA01AB0866,logout,1787938200000,1787938200000,19.61,21.82,24,12,closed,true
T005236,1782172800000,S3,nodal,SITE3,V01,D0034,KA01AB0823,logout,1782171000000,1782171240000,17.34,17.89,12,7,closed,true
T005237,1782777600000,S1,shuttle,SITE1,V04,D0196,KA01AB1927,login,1782786600000,1782786840000,21.10,23.25,24,7,closed,true
T005238,1781913600000,S3,shuttle,SITE4,V03,D0124,KA01AB0619,logout,1781911800000,1781911980000,18.54,20.72,24,16,closed,true
T005239,1782864000000,S2,cab,SITE3,V03,D0231,KA01AB0277,logout,1782927000000,1782927600000,34.97,38.11,4,3,closed,true
T005240,1783900800000,S2,nodal,SITE2,V09,D0006,KA01AB0555,logout,1783963800000,1783963920000,28.60,31.12,12,12,closed,true
T005241,1781913600000,S2,cab,SITE1,V07,D0171,KA01AB0702,login,1781944200000,1781944260000,42.29,40.60,4,3,closed,true
T005242,1784073600000,S1,nodal,SITE4,V12,D0381,KA01AB1942,login,1784082600000,1784082720000,30.82,30.31,12,3,closed,true
T005243,1782864000000,S1,cab,SITE4,V03,D0167,KA01AB0116,logout,1782905400000,1782905400000,40.62,39.26,4,3,closed,true
T005244,1783468800000,S1,shuttle,SITE4,V04,D0227,KA01AB1321,logout,1783510200000,1783510380000,18.97,20.21,24,16,closed,true
T005245,1785110400000,S2,shuttle,SITE4,V11,D0077,KA01AB0106,login,1785141000000,1785141240000,9.97,11.39,24,6,closed,true
T005246,1782172800000,S1,nodal,SITE3,V12,D0366,KA01AB0747,logout,1782214200000,1782214380000,33.49,36.51,12,11,closed,true
T005247,1787443200000,S3,nodal,SITE1,V11,D0255,KA01AB1024,login,1787499000000,1787499060000,41.82,41.96,12,8,closed,true
T005248,1784332800000,S1,nodal,SITE2,V04,D0230,KA01AB1479,login,1784341800000,1784341980000,33.02,33.22,12,7,closed,true
T005249,1784592000000,S3,nodal,SITE1,V11,D0122,KA01AB0909,login,1784647800000,1784647800000,12.16,13.32,12,6,closed,true
T005250,1782086400000,S2,cab,SITE2,V09,D0264,KA01AB0855,login,1782117000000,1782117180000,24.00,25.93,4,4,closed,true
T005251,1786752000000,S2,shuttle,SITE3,V01,D0132,KA01AB1513,logout,1786815000000,1786815060000,18.11,19.92,24,6,closed,true
T005252,1787443200000,S3,nodal,SITE1,V11,D0065,KA01AB0096,logout,1787441400000,1787441520000,36.28,37.43,12,2,closed,true
T005253,1786924800000,S2,cab,SITE3,V04,D0013,KA01AB0020,login,1786955400000,1786955580000,13.53,12.86,4,4,closed,true
T005254,1784851200000,S3,cab,SITE1,V10,D0230,KA01AB0898,logout,1784849400000,1784849400000,9.75,10.55,4,2,closed,true
T005255,1788220800000,S3,shuttle,SITE2,V09,D0329,KA01AB1034,login,1788276600000,1788276840000,33.65,33.37,24,3,closed,true
T005256,1781395200000,S2,cab,SITE2,V05,D0382,KA01AB1063,logout,1781458200000,1781458380000,39.79,40.82,4,2,closed,true
T005257,1782345600000,S2,nodal,SITE1,V09,D0236,KA01AB0656,login,1782376200000,1782376440000,13.62,14.00,12,6,closed,true
T005258,1785888000000,S1,nodal,SITE3,V09,D0163,KA01AB0609,login,1785897000000,1785897000000,19.93,21.65,12,9,closed,true
T005259,1783296000000,S1,shuttle,SITE4,V07,D0019,KA01AB1778,logout,1783337400000,1783338000000,33.10,37.60,24,16,closed,true
T005260,1784160000000,S3,nodal,SITE4,V02,D0086,KA01AB1047,login,1784215800000,1784215980000,30.61,32.11,12,10,closed,true
T005261,1784937600000,S3,cab,SITE4,V10,D0139,KA01AB0624,login,1784993400000,1784993640000,12.57,14.00,4,3,closed,true
T005262,1781654400000,S2,nodal,SITE2,V05,D0097,KA01AB1061,login,1781685000000,1781687460000,15.56,15.57,12,12,closed,true
T005263,1785110400000,S1,cab,SITE4,V11,D0131,KA01AB1473,logout,1785151800000,1785152040000,9.55,10.10,4,1,closed,true
T005264,1787097600000,S3,cab,SITE1,V05,D0226,KA01AB0813,login,1787153400000,1787153640000,12.07,12.43,4,4,closed,true
T005265,1787616000000,S3,cab,SITE2,V03,D0355,KA01AB1291,logout,1787614200000,1787614440000,22.64,23.23,4,3,closed,true
T005266,1783900800000,S3,shuttle,SITE2,V07,D0367,KA01AB0891,login,1783956600000,1783956600000,12.88,13.97,24,21,closed,true
T005267,1787097600000,S1,shuttle,SITE1,V06,D0045,KA01AB0937,logout,1787139000000,1787139180000,20.13,22.17,24,12,closed,true
T005268,1780790400000,S1,shuttle,SITE2,V02,D0257,KA01AB1309,logout,1780831800000,1780831800000,42.32,41.94,24,15,closed,true
T005269,1782950400000,S1,shuttle,SITE3,V04,D0076,KA01AB0730,login,1782959400000,1782960720000,10.71,10.62,24,5,closed,true
T005270,1783641600000,S1,cab,SITE1,V05,D0255,KA01AB1911,logout,1783683000000,1783683120000,34.36,37.57,4,4,closed,true
T005271,1780790400000,S1,shuttle,SITE1,V05,D0106,KA01AB1061,logout,1780831800000,1780832040000,30.31,30.64,24,19,closed,true
T005272,1782604800000,S3,cab,SITE3,V05,D0373,KA01AB1049,logout,1782603000000,1782603060000,40.94,44.90,4,1,closed,true
T005273,1781654400000,S2,shuttle,SITE3,V07,D0256,KA01AB0873,login,1781685000000,1781685060000,19.54,22.35,24,1,closed,true
T005274,1785888000000,S3,shuttle,SITE3,V07,D0269,KA01AB0976,logout,1785886200000,1785886440000,13.09,12.99,24,6,closed,true
T005275,1781827200000,S1,cab,SITE4,V11,D0370,KA01AB1013,login,1781836200000,1781836260000,36.19,37.14,4,4,closed,true
T005276,1782432000000,S1,shuttle,SITE1,V06,D0324,KA01AB1675,logout,1782473400000,1782473580000,31.21,32.93,24,2,closed,true
T005277,1786320000000,S2,nodal,SITE1,V03,D0018,KA01AB0870,login,1786350600000,1786350600000,40.57,41.40,12,2,closed,true
T005278,1783814400000,S1,shuttle,SITE3,V04,D0137,KA01AB1096,logout,1783855800000,1783856040000,15.04,16.22,24,19,closed,true
T005279,1786147200000,S2,shuttle,SITE1,V04,D0334,KA01AB1273,logout,1786210200000,1786210440000,33.67,34.44,24,24,closed,true
T005280,1780963200000,S3,nodal,SITE1,V01,D0037,KA01AB1231,logout,1780961400000,1780961580000,10.54,11.48,12,1,closed,true
T005281,1783468800000,S2,cab,SITE2,V11,D0348,KA01AB1152,login,1783499400000,1783499520000,20.25,22.47,4,3,closed,true
T005282,1782518400000,S2,cab,SITE1,V11,D0088,KA01AB1019,logout,1782581400000,1782581460000,22.00,21.36,4,1,closed,true
T005283,1783209600000,S3,cab,SITE2,V12,D0263,KA01AB0692,login,1783265400000,1783265460000,17.88,17.92,4,1,closed,true
T005284,1782950400000,S1,nodal,SITE2,V02,D0220,KA01AB1009,login,1782959400000,1782959460000,35.53,39.17,12,11,closed,true
T005285,1781740800000,S3,nodal,SITE2,V12,D0311,KA01AB0829,login,1781796600000,1781796600000,41.63,40.38,12,10,closed,true
T005286,1782950400000,S2,nodal,SITE4,V11,D0097,KA01AB1792,logout,1783013400000,1783013400000,36.36,36.04,12,1,closed,true
T005287,1782777600000,S3,shuttle,SITE3,V01,D0258,KA01AB1676,login,1782833400000,1782833520000,41.29,45.13,24,18,closed,true
T005288,1783987200000,S3,nodal,SITE2,V03,D0224,KA01AB1880,login,1784043000000,1784043060000,11.17,11.88,12,3,closed,true
T005289,1783036800000,S3,shuttle,SITE2,V09,D0358,KA01AB1399,login,1783092600000,1783092780000,29.60,31.48,24,24,closed,true
T005290,1785024000000,S2,cab,SITE4,V05,D0059,KA01AB1278,logout,1785087000000,1785087120000,13.79,13.62,4,2,closed,true
T005291,1787616000000,S3,nodal,SITE3,V03,D0000,KA01AB0744,login,1787671800000,1787671860000,16.83,16.92,12,4,closed,true
T005292,1786320000000,S1,shuttle,SITE4,V05,D0115,KA01AB0640,logout,1786361400000,1786361640000,26.77,28.62,24,24,closed,true
T005293,1781222400000,S3,cab,SITE2,V01,D0382,KA01AB1451,login,1781278200000,1781278440000,28.43,31.92,4,2,closed,true
T005294,1781827200000,S2,shuttle,SITE3,V09,D0162,KA01AB0044,logout,1781890200000,1781892780000,40.59,39.56,24,22,closed,true
T005295,1783900800000,S1,cab,SITE2,V12,D0160,KA01AB0678,logout,1783942200000,1783942380000,29.06,32.00,4,1,closed,true
T005296,1782259200000,S2,shuttle,SITE2,V02,D0066,KA01AB0568,logout,1782322200000,1782322440000,42.12,46.10,24,18,closed,true
T005297,1781568000000,S1,cab,SITE2,V10,D0005,KA01AB1549,logout,1781609400000,1781609460000,22.28,22.91,4,3,closed,true
T005298,1784505600000,S3,cab,SITE2,V05,D0369,KA01AB1280,login,1784561400000,1784561400000,32.37,31.08,4,1,closed,true
T005299,1784246400000,S2,nodal,SITE1,V11,D0290,KA01AB1667,logout,1784309400000,1784309640000,34.43,33.74,12,3,closed,true
T005300,1785628800000,S1,nodal,SITE4,V03,D0008,KA01AB1647,logout,1785670200000,1785670260000,33.11,36.33,12,7,closed,true
T005301,1784764800000,S3,cab,SITE3,V12,D0095,KA01AB0262,logout,1784763000000,1784763060000,25.13,27.64,4,1,closed,true
T005302,1788307200000,S1,cab,SITE2,V11,D0388,KA01AB1438,login,1788316200000,1788316440000,40.42,38.41,4,1,closed,true
T005303,1787788800000,S2,nodal,SITE4,V06,D0126,KA01AB0283,login,1787819400000,1787819580000,42.12,42.65,12,9,closed,true
T005304,1787011200000,S1,shuttle,SITE2,V06,D0343,KA01AB1131,logout,1787052600000,1787052600000,14.57,15.11,24,15,closed,true
T005305,1781740800000,S1,shuttle,SITE1,V11,D0192,KA01AB1273,login,1781749800000,1781749860000,38.95,44.70,24,4,closed,true
T005306,1788307200000,S3,shuttle,SITE1,V02,D0034,KA01AB0145,logout,1788305400000,1788305460000,10.56,11.17,24,20,closed,true
T005307,1787011200000,S3,shuttle,SITE2,V08,D0072,KA01AB1616,login,1787067000000,1787067240000,19.36,20.46,24,9,closed,true
T005308,1785888000000,S1,nodal,SITE3,V03,D0213,KA01AB0055,login,1785897000000,1785897000000,8.40,9.38,12,7,closed,true
T005309,1780790400000,S3,cab,SITE3,V01,D0355,KA01AB0923,login,1780846200000,1780846200000,9.50,10.71,4,1,closed,true
T005310,1782777600000,S3,cab,SITE4,V01,D0228,KA01AB0902,logout,1782775800000,1782775860000,28.24,26.86,4,4,closed,true
T005311,1780963200000,S3,nodal,SITE2,V03,D0362,KA01AB0940,logout,1780961400000,1780961640000,24.40,23.64,12,6,closed,true
T005312,1784592000000,S1,cab,SITE3,V06,D0269,KA01AB0606,login,1784601000000,1784601240000,33.24,33.21,4,1,closed,true
T005313,1787875200000,S2,nodal,SITE3,V12,D0141,KA01AB0935,logout,1787938200000,1787938320000,26.51,29.62,12,5,closed,false
T005314,1786838400000,S2,nodal,SITE4,V08,D0308,KA01AB0424,login,1786869000000,1786869180000,22.90,23.39,12,12,closed,true
T005315,1781395200000,S1,cab,SITE1,V05,D0070,KA01AB0491,login,1781404200000,1781404440000,38.11,37.52,4,4,closed,true
T005316,1787616000000,S3,nodal,SITE2,V01,D0298,KA01AB0887,login,1787671800000,1787671800000,28.89,33.12,12,5,closed,true
T005317,1780876800000,S2,nodal,SITE2,V05,D0354,KA01AB0069,login,1780907400000,1780907940000,41.06,41.12,12,3,closed,true
T005318,1784246400000,S3,cab,SITE3,V09,D0361,KA01AB1737,logout,1784244600000,1784244600000,28.56,29.69,4,2,closed,true
T005319,1783036800000,S3,cab,SITE4,V06,D0384,KA01AB1699,login,1783092600000,1783092720000,11.00,12.59,4,3,closed,true,UNEXPECTED_EXTRA_FIELD
T005320,1781654400000,S2,nodal,SITE2,V05,D0287,KA01AB1682,login,1781685000000,1781685180000,24.61,27.84,12,4,closed,true
T005321,1784160000000,S1,cab,SITE3,V03,D0294,KA01AB0938,login,1784169000000,1784169060000,22.11,22.58,4,1,closed,true
T005322,1783641600000,S2,nodal,SITE3,V10,D0268,KA01AB1742,login,1783672200000,1783672440000,36.77,41.89,12,10,closed,true
T005323,1780876800000,S2,shuttle,SITE1,V09,D0275,KA01AB1097,login,1780907400000,1780907460000,9.14,9.50,24,15,closed,true
T005324,1786060800000,S2,cab,SITE2,V11,D0098,KA01AB1991,login,1786091400000,1786091520000,37.52,35.70,4,3,closed,true
T005325,1783900800000,S1,shuttle,SITE4,V03,D0247,KA01AB0619,logout,1783942200000,1783942440000,42.11,44.96,24,1,closed,true
T005326,1783468800000,S2,shuttle,SITE1,V03,D0328,KA01AB0393,logout,1783531800000,1783531860000,38.59,44.26,24,8,closed,true
T005327,1782172800000,S2,nodal,SITE3,V11,D0328,KA01AB1208,login,1782203400000,1782203460000,39.79,38.41,12,8,closed,true
T005328,1783468800000,S3,cab,SITE3,V10,D0007,KA01AB1123,logout,1783467000000,1783467060000,17.77,17.04,4,4,closed,true
T005329,1787356800000,S3,cab,SITE3,V07,D0133,KA01AB1670,logout,1787355000000,1787355180000,11.33,11.79,4,3,closed,true
T005330,1786406400000,S2,shuttle,SITE3,V07,D0030,KA01AB1185,login,1786437000000,1786437180000,16.96,18.24,24,16,closed,true,UNEXPECTED_EXTRA_FIELD
T005331,1786579200000,S2,cab,SITE2,V09,D0265,KA01AB1124,logout,1786642200000,1786642200000,33.24,37.06,4,1,closed,true
T005332,1781308800000,S2,shuttle,SITE4,V07,D0312,KA01AB1044,login,1781339400000,1781339400000,19.84,19.30,24,24,closed,true
T005333,1783641600000,S2,cab,SITE4,V09,D0269,KA01AB0544,login,1783672200000,1783672200000,27.21,30.87,4,2,closed,true
T005334,1781654400000,S2,shuttle,SITE4,V07,D0294,KA01AB1235,login,1781685000000,1781686260000,16.44,18.43,24,24,closed,true
T005335,1781136000000,S1,cab,SITE4,V08,D0352,KA01AB0134,logout,1781177400000,1781177520000,21.21,22.13,4,2,closed,true
T005336,1784592000000,S1,cab,SITE1,V10,D0153,KA01AB1820,login,1784601000000,1784601060000,24.30,25.07,4,4,closed,true
T005337,1787443200000,S1,cab,SITE4,V10,D0374,KA01AB0850,login,1787452200000,1787452260000,8.93,8.59,4,1,closed,true
T005338,1784592000000,S1,cab,SITE1,V02,D0379,KA01AB1767,logout,1784633400000,1784635500000,13.75,14.23,4,3,closed,true
T005339,1787702400000,S3,shuttle,SITE1,V10,D0074,KA01AB0270,login,1787758200000,1787758200000,37.15,39.31,24,24,closed,true
T005340,1781481600000,S3,nodal,SITE4,V11,D0043,KA01AB1108,logout,1781479800000,1781480040000,15.45,16.75,12,8,closed,true
T005341,1781481600000,S3,nodal,SITE1,V02,D0205,KA01AB1622,logout,1781479800000,1781479800000,29.04,31.53,12,7,closed,true
T005342,1783036800000,S3,shuttle,SITE1,V12,D0121,KA01AB1896,logout,1783035000000,1783035120000,27.22,30.49,24,7,closed,true
T005343,1787616000000,S2,nodal,SITE1,V05,D0315,KA01AB0060,login,1787646600000,1787649240000,28.89,33.19,12,4,closed,true
T005344,1787011200000,S2,cab,SITE1,V04,D0378,KA01AB1386,login,1787041800000,1787043480000,15.37,15.13,4,1,closed,true,UNEXPECTED_EXTRA_FIELD
T005345,1781395200000,S1,nodal,SITE4,V11,D0132,KA01AB1041,login,1781404200000,1781404380000,18.97,18.31,12,8,closed,true
T005346,1786752000000,S2,nodal,SITE3,V01,D0329,KA01AB0840,login,1786782600000,1786785300000,37.18,40.12,12,5,closed,true
T005347,1785542400000,S2,shuttle,SITE1,V08,D0115,KA01AB1992,login,1785573000000,,40.73,46.81,24,2,open,true
T005348,1786406400000,S3,cab,SITE1,V04,D0182,KA01AB0290,logout,1786404600000,1786404720000,33.01,32.80,4,4,closed,true
T005349,1781481600000,S1,cab,SITE2,V12,D0044,KA01AB0438,logout,1781523000000,1781525400000,30.23,32.50,4,1,closed,true
T005350,1781481600000,S1,shuttle,SITE2,V08,D0253,KA01AB1341,logout,1781523000000,1781523120000,36.13,39.66,24,3,closed,true
T005351,1781395200000,S3,cab,SITE1,V03,D0226,KA01AB1751,login,1781451000000,1781451120000,26.81,30.18,4,1,closed,true
T005352,1786147200000,S1,nodal,SITE4,V11,D0392,KA01AB0998,logout,1786188600000,1786188660000,9.65,9.29,12,6,closed,true
T005353,1787961600000,S1,cab,SITE2,V08,D0073,KA01AB0771,login,1787970600000,1787970600000,22.41,21.83,4,3,closed,true
T005354,1784937600000,S3,cab,SITE1,V03,D0030,KA01AB1203,login,1784993400000,1784993580000,14.64,15.89,4,4,closed,true
T005355,1788220800000,S1,nodal,SITE1,V09,D0023,KA01AB0397,login,1788229800000,1788229920000,12.63,13.97,12,6,closed,true
T005356,1782864000000,S3,nodal,SITE3,V06,D0118,KA01AB1336,login,1782919800000,1782919920000,12.98,13.95,12,2,closed,true
T005357,1788134400000,S3,nodal,SITE1,V02,D0300,KA01AB0038,login,1788190200000,1788190200000,32.02,34.79,12,2,closed,true
T005358,1785369600000,S2,cab,SITE4,V11,D0117,KA01AB1324,login,1785400200000,1785400380000,30.94,33.72,4,1,closed,true
T005359,1785628800000,S3,cab,SITE3,V10,D0339,KA01AB1542,login,1785684600000,1785684780000,22.49,24.67,4,1,closed,true
T005360,1785801600000,S3,cab,SITE1,V06,D0355,KA01AB1486,login,1785857400000,1785857640000,14.67,16.29,4,1,closed,true
T005361,1786060800000,S1,cab,SITE2,V02,D0334,KA01AB0089,logout,1786102200000,1786102380000,11.35,10.89,4,3,closed,true
T005362,1785283200000,S2,shuttle,SITE1,V11,D0014,KA01AB0516,logout,1785346200000,1785346680000,9.31,10.58,24,4,closed,true
T005363,1781222400000,S2,cab,SITE2,V04,D0035,KA01AB1844,login,1781253000000,1781253180000,32.38,36.64,4,4,closed,true
T005364,1782259200000,S2,cab,SITE1,V06,D0027,KA01AB1703,logout,1782322200000,,33.27,32.05,4,2,open,true
T005365,1788134400000,S1,cab,SITE2,V07,D0348,KA01AB0379,logout,1788175800000,1788177000000,17.92,17.36,4,2,closed,true
T005366,1783468800000,S3,nodal,SITE4,V08,D0198,KA01AB0860,login,1783524600000,1783524840000,33.09,36.64,12,6,closed,true
T005367,1782518400000,S2,shuttle,SITE1,V05,D0312,KA01AB0420,logout,1782581400000,1782581580000,39.30,37.53,24,6,closed,true
T005368,1780790400000,S2,cab,SITE2,V06,D0024,KA01AB1205,login,1780821000000,1780821000000,39.63,40.89,4,3,closed,true
T005369,1786320000000,S2,cab,SITE3,V09,D0050,KA01AB1651,login,1786350600000,1786350660000,36.21,36.70,4,2,closed,true
T005370,1785974400000,S2,nodal,SITE1,V10,D0271,KA01AB0108,login,1786005000000,1786005060000,34.58,36.69,12,3,closed,true
T005371,1785456000000,S3,cab,SITE2,V09,D0287,KA01AB1781,login,1785511800000,1785511800000,20.53,22.61,4,1,closed,true,UNEXPECTED_EXTRA_FIELD
T005372,1786752000000,S2,shuttle,SITE1,V07,D0087,KA01AB1505,login,1786782600000,1786782720000,10.79,12.02,24,1,closed,true
T005373,1786579200000,S2,nodal,SITE2,V02,D0322,KA01AB0404,logout,1786642200000,1786642920000,42.56,40.95,12,7,closed,true
T005374,1783900800000,S1,cab,SITE2,V08,D0292,KA01AB0536,logout,1783942200000,1783942320000,23.90,22.97,4,1,closed,true
T005375,1787270400000,S3,nodal,SITE3,V02,D0181,KA01AB0246,login,1787326200000,1787326320000,20.57,20.57,12,11,closed,true
T005376,1783382400000,S2,cab,SITE2,V03,D0360,KA01AB0779,logout,1783445400000,1783445640000,18.94,20.72,4,3,closed,false
T005377,1781740800000,S3,nodal,SITE3,V02,D0199,KA01AB1497,login,1781796600000,1781797080000,24.01,26.04,12,3,closed,true
T005378,1784592000000,S2,nodal,SITE3,V10,D0259,KA01AB1486,login,1784622600000,1784622720000,11.38,11.34,12,11,closed,true
T005379,1784419200000,S3,cab,SITE1,V03,D0014,KA01AB1061,login,1784475000000,,17.82,18.73,4,2,open,true
T005380,1783900800000,S1,nodal,SITE2,V10,D0344,KA01AB0628,login,1783909800000,1783910040000,20.18,20.17,12,6,closed,true
T005381,1782777600000,S1,cab,SITE4,V09,D0393,KA01AB1335,login,1782786600000,1782786960000,28.06,30.82,4,1,closed,true
T005382,1780790400000,S3,cab,SITE2,V10,D0108,KA01AB1817,logout,1780788600000,1780788660000,36.81,39.44,4,3,closed,true
T005383,1781308800000,S3,cab,SITE1,V02,D0339,KA01AB1171,logout,1781307000000,1781307120000,19.23,21.23,4,4,closed,true
T005384,1784419200000,S2,cab,SITE4,V07,D0297,KA01AB0556,logout,1784482200000,1784483640000,34.77,38.21,4,1,closed,true
T005385,1784419200000,S2,cab,SITE2,V05,D0305,KA01AB0353,login,1784449800000,1784449800000,21.68,22.34,4,1,closed,true
T005386,1785024000000,S1,nodal,SITE4,V09,D0256,KA01AB1741,logout,1785065400000,1785066180000,25.05,25.95,12,11,closed,true
T005387,1781395200000,S3,cab,SITE2,V03,D0288,KA01AB0853,login,1781451000000,1781451240000,39.77,39.73,4,4,closed,true
T005388,1781481600000,S3,shuttle,SITE3,V01,D0358,KA01AB0674,login,1781537400000,1781537520000,28.70,29.29,24,9,closed,true,UNEXPECTED_EXTRA_FIELD
T005389,1785283200000,S2,shuttle,SITE4,V02,D0160,KA01AB0913,logout,1785346200000,1785346320000,21.38,23.10,24,7,closed,true
T005390,1786492800000,S3,shuttle,SITE2,V05,D0128,KA01AB0019,logout,1786491000000,1786491180000,26.82,26.04,24,11,closed,true
T005391,1787529600000,S3,cab,SITE4,V10,D0337,KA01AB0101,logout,1787527800000,1787527980000,8.77,9.24,4,3,closed,true
T005392,1782950400000,S2,nodal,SITE4,V04,D0003,KA01AB0198,logout,1783013400000,1783013520000,40.59,39.90,12,7,closed,true
T005393,1783382400000,S3,cab,SITE2,V08,D0136,KA01AB0439,logout,1783380600000,1783381920000,26.24,29.56,4,2,closed,true
T005394,1782518400000,S1,cab,SITE3,V12,D0147,KA01AB1311,logout,1782559800000,1782559980000,28.68,28.74,4,1,closed,true
T005395,1783814400000,S3,cab,SITE2,V02,D0347,KA01AB0947,logout,1783812600000,1783814340000,23.17,23.09,4,3,closed,true
T005396,1785196800000,S2,cab,SITE4,V08,D0045,KA01AB0568,login,1785227400000,1785227400000,33.07,36.86,4,1,closed,true
T005397,1784246400000,S2,shuttle,SITE3,V07,D0084,KA01AB1231,login,1784277000000,1784277120000,34.22,35.15,24,24,closed,true
T005398,1782950400000,S1,cab,SITE2,V12,D0020,KA01AB1771,login,1782959400000,1782960120000,40.01,40.93,4,2,closed,true,UNEXPECTED_EXTRA_FIELD
T005399,1781740800000,S3,nodal,SITE3,V04,D0365,KA01AB1971,login,1781796600000,1781796660000,41.78,40.20,12,9,closed,true
T005400,1781568000000,S3,shuttle,SITE2,V12,D0274,KA01AB1372,logout,1781566200000,1781568360000,25.76,27.48,24,19,closed,false
T005401,1782345600000,S3,shuttle,SITE3,V08,D0154,KA01AB0270,logout,1782343800000,1782346440000,39.98,45.78,24,5,closed,true
T005402,1784592000000,S1,cab,SITE1,V03,D0235,KA01AB0555,login,1784601000000,1784601180000,15.21,16.57,4,4,closed,true
T005403,1788220800000,S1,shuttle,SITE1,V12,D0265,KA01AB1993,login,1788229800000,1788229860000,39.30,37.79,24,13,closed,true
T005404,1787875200000,S2,shuttle,SITE1,V02,D0197,KA01AB0896,logout,1787938200000,1787938380000,21.91,22.44,24,24,closed,true
T005405,1786924800000,S2,nodal,SITE1,V02,D0333,KA01AB1573,login,1786955400000,1786955580000,28.09,30.98,12,8,closed,true
T005406,1786147200000,S2,shuttle,SITE4,V07,D0143,KA01AB1797,logout,1786210200000,1786210260000,39.81,45.59,24,4,closed,true
T005407,1784332800000,S3,cab,SITE2,V01,D0150,KA01AB0159,login,1784388600000,1784388660000,38.89,37.70,4,2,closed,true
T005408,1787702400000,S2,nodal,SITE3,V12,D0034,KA01AB0295,logout,1787765400000,1787765640000,29.88,31.46,12,3,closed,true
T005409,1788307200000,S3,cab,SITE4,V09,D0251,KA01AB1434,logout,1788305400000,1788305400000,40.92,42.38,4,4,closed,true
T005410,1787961600000,S2,nodal,SITE2,V10,D0193,KA01AB1009,login,1787992200000,1787992380000,20.27,19.28,12,9,closed,true
T005411,1781222400000,S1,cab,SITE1,V02,D0222,KA01AB0251,login,1781231400000,1781231400000,11.86,11.57,4,4,closed,true
T005412,1784678400000,S3,cab,SITE2,V10,D0019,KA01AB1798,login,1784734200000,1784735760000,37.17,38.85,4,4,closed,true
T005413,1781913600000,S2,cab,SITE1,V12,D0164,KA01AB1426,login,1781944200000,1781946180000,39.86,38.37,4,3,closed,true
T005414,1780963200000,S1,nodal,SITE1,V11,D0284,KA01AB1066,login,1780972200000,1780972200000,32.72,36.67,12,4,closed,true
T005415,1786406400000,S2,nodal,SITE4,V03,D0170,KA01AB0908,login,1786437000000,1786437240000,15.87,17.31,12,2,closed,true
T005416,1787961600000,S1,nodal,SITE3,V09,D0368,KA01AB0339,logout,1788003000000,1788003180000,39.33,44.49,12,4,closed,true
T005417,1782086400000,S3,shuttle,SITE1,V11,D0111,KA01AB0022,login,1782142200000,1782143220000,22.24,21.68,24,22,closed,true
T005418,1785542400000,S1,shuttle,SITE3,V05,D0081,KA01AB0699,logout,1785583800000,1785583920000,41.52,44.19,24,15,closed,true
T005419,1783468800000,S1,shuttle,SITE1,V06,D0257,KA01AB0657,login,1783477800000,1783477920000,30.08,30.80,24,11,closed,true
T005420,1784764800000,S3,nodal,SITE2,V09,D0007,KA01AB0067,logout,1784763000000,1784763240000,12.59,14.33,12,7,closed,true
T005421,1783382400000,S2,cab,SITE3,V05,D0005,KA01AB1106,logout,1783445400000,1783445400000,13.32,14.88,4,4,closed,true
T005422,1781568000000,S3,nodal,SITE4,V01,D0281,KA01AB0077,logout,1781566200000,1781567220000,22.67,24.05,12,5,closed,true
T005423,1782604800000,S3,cab,SITE2,V07,D0126,KA01AB1210,logout,1782603000000,1782603060000,18.19,20.48,4,4,closed,true
T005424,1782950400000,S1,shuttle,SITE3,V12,D0058,KA01AB1549,logout,1782991800000,1782991980000,37.96,41.17,24,11,closed,true
T005425,1784678400000,S3,shuttle,SITE1,V09,D0340,KA01AB0823,login,1784734200000,1784734440000,12.56,13.32,24,1,closed,true
T005426,1786579200000,S3,cab,SITE2,V07,D0124,KA01AB1982,login,1786635000000,1786635120000,9.94,10.71,4,3,closed,true
T005427,1783382400000,S2,nodal,SITE2,V03,D0111,KA01AB0363,login,1783413000000,1783413180000,19.15,20.68,12,5,closed,true
T005428,1786060800000,S3,shuttle,SITE1,V04,D0124,KA01AB0328,login,1786116600000,1786116840000,38.77,38.56,24,4,closed,true
T005429,1781740800000,S3,cab,SITE2,V10,D0250,KA01AB0999,login,1781796600000,1781796600000,39.67,37.90,4,3,closed,true
T005430,1788220800000,S2,shuttle,SITE4,V02,D0206,KA01AB1792,login,1788251400000,1788251460000,42.16,44.58,24,13,closed,true
T005431,1783900800000,S1,nodal,SITE1,V10,D0105,KA01AB1453,logout,1783942200000,1783942320000,38.72,39.52,12,4,closed,true
T005432,1786147200000,S3,shuttle,SITE1,V11,D0157,KA01AB0245,login,1786203000000,1786203120000,25.76,24.82,24,9,closed,true
T005433,1786147200000,S1,nodal,SITE4,V03,D0166,KA01AB0627,logout,1786188600000,1786188840000,14.52,15.43,12,7,closed,true
T005434,1782432000000,S3,nodal,SITE4,V12,D0050,KA01AB1915,logout,1782430200000,1782430200000,19.42,19.42,12,6,closed,true
T005435,1781049600000,S2,nodal,SITE4,V02,D0072,KA01AB1749,login,1781080200000,1781080380000,16.52,15.83,12,5,closed,true
T005436,1783209600000,S3,cab,SITE3,V11,D0155,KA01AB1005,logout,1783207800000,1783208040000,19.66,20.47,4,3,closed,true
T005437,1784073600000,S2,cab,SITE1,V06,D0088,KA01AB1021,logout,1784136600000,1784136840000,37.08,35.71,4,3,closed,true
T005438,1783900800000,S1,cab,SITE4,V05,D0288,KA01AB1437,logout,1783942200000,1783944780000,42.76,45.72,4,3,closed,true
T005439,1785024000000,S1,nodal,SITE4,V06,D0344,KA01AB0786,login,1785033000000,1785033000000,20.06,20.97,12,1,closed,true
T005440,1783641600000,S2,cab,SITE4,V05,D0347,KA01AB0532,login,1783672200000,1783672260000,30.15,28.86,4,4,closed,true
T005441,1785456000000,S1,shuttle,SITE4,V12,D0372,KA01AB1032,logout,1785497400000,1785499740000,39.30,41.80,24,2,closed,true
T005442,1785974400000,S1,shuttle,SITE1,V09,D0235,KA01AB0719,login,1785983400000,1785983520000,15.45,17.34,24,7,closed,true
T005443,1781654400000,S1,cab,SITE2,V03,D0293,KA01AB1701,login,1781663400000,1781663460000,15.84,15.62,4,3,closed,true
T005444,1783036800000,S1,shuttle,SITE4,V09,D0183,KA01AB0724,logout,1783078200000,1783078440000,16.37,16.10,24,13,closed,true
T005445,1787270400000,S1,nodal,SITE3,V04,D0356,KA01AB0333,login,1787279400000,1787279520000,15.05,16.21,12,1,closed,true,UNEXPECTED_EXTRA_FIELD
T005446,1782000000000,S1,shuttle,SITE2,V10,D0199,KA01AB1377,login,1782009000000,1782009240000,34.51,39.28,24,8,closed,true
T005447,1786406400000,S1,shuttle,SITE3,V10,D0076,KA01AB1274,logout,1786447800000,1786449000000,26.61,29.05,24,24,closed,true
T005448,1786320000000,S2,cab,SITE3,V07,D0328,KA01AB1319,login,1786350600000,1786350720000,24.38,24.01,4,2,closed,true
T005449,1782604800000,S3,shuttle,SITE1,V08,D0302,KA01AB0633,logout,1782603000000,1782603060000,32.44,32.78,24,8,closed,true
T005450,1787011200000,S3,nodal,SITE1,V05,D0095,KA01AB0247,logout,1787009400000,1787009580000,33.26,31.68,12,12,closed,true
T005451,1786147200000,S3,shuttle,SITE1,V10,D0237,KA01AB0301,login,1786203000000,1786203120000,34.50,36.84,24,4,closed,true
T005452,1782432000000,S2,nodal,SITE4,V10,D0172,KA01AB1921,login,1782462600000,1782462840000,37.90,36.93,12,10,closed,true
T005453,1781136000000,S1,nodal,SITE1,V11,D0306,KA01AB1468,logout,1781177400000,1781179200000,21.85,21.24,12,8,closed,true
T005454,1782518400000,S3,nodal,SITE2,V07,D0174,KA01AB0658,login,1782574200000,1782574200000,28.69,28.19,12,3,closed,true
T005455,1786320000000,S2,cab,SITE3,V03,D0157,KA01AB1050,logout,1786383000000,1786383180000,31.19,34.29,4,3,closed,true
T005456,1786147200000,S1,cab,SITE3,V08,D0320,KA01AB1303,logout,1786188600000,1786190580000,21.84,22.48,4,1,closed,true
T005457,1781049600000,S3,nodal,SITE1,V11,D0033,KA01AB0334,login,1781105400000,1781105640000,33.96,32.32,12,3,closed,true
T005458,1787011200000,S1,shuttle,SITE4,V06,D0225,KA01AB1536,logout,1787052600000,1787052720000,15.31,15.34,24,10,closed,true
T005459,1783468800000,S2,shuttle,SITE2,V03,D0147,KA01AB0506,login,1783499400000,1783499400000,33.29,36.31,24,22,closed,true
T005460,1784419200000,S3,shuttle,SITE4,V10,D0167,KA01AB1643,logout,1784417400000,1784417520000,23.49,23.12,24,16,closed,true
T005461,1783036800000,S1,nodal,SITE1,V02,D0227,KA01AB1124,logout,1783078200000,1783078380000,19.22,20.53,12,11,closed,true
T005462,1785456000000,S3,shuttle,SITE4,V09,D0193,KA01AB0986,logout,1785454200000,1785455040000,26.97,28.65,24,23,closed,true
T005463,1785715200000,S3,shuttle,SITE4,V03,D0187,KA01AB0260,login,1785771000000,1785771060000,33.61,34.93,24,22,closed,true
T005464,1787788800000,S2,cab,SITE1,V09,D0334,KA01AB1439,login,1787819400000,1787819580000,12.48,12.34,4,3,closed,true
T005465,1784851200000,S1,cab,SITE4,V01,D0376,KA01AB1481,logout,1784892600000,1784892780000,18.30,18.74,4,2,closed,true
T005466,1784937600000,S3,cab,SITE4,V11,D0283,KA01AB1777,logout,1784935800000,1784935860000,24.29,23.18,4,1,closed,true
T005467,1782691200000,S2,cab,SITE2,V08,D0187,KA01AB1019,logout,1782754200000,1782754200000,8.84,9.04,4,4,closed,true
T005468,1782259200000,S2,shuttle,SITE2,V01,D0186,KA01AB1183,login,1782289800000,1782289980000,10.95,11.82,24,22,closed,true
T005469,1786233600000,S3,cab,SITE4,V10,D0306,KA01AB0790,login,1786289400000,1786289520000,29.41,31.94,4,1,closed,true
T005470,1781740800000,S3,shuttle,SITE2,V06,D0063,KA01AB1504,login,1781796600000,1781797980000,40.57,45.58,24,14,closed,true
T005471,1788134400000,S2,shuttle,SITE2,V01,D0150,KA01AB0724,logout,1788197400000,1788197580000,24.63,26.35,24,16,closed,true
T005472,1786579200000,S2,nodal,SITE3,V09,D0151,KA01AB0783,login,1786609800000,1786609920000,32.25,34.70,12,6,closed,true
T005473,1780876800000,S3,shuttle,SITE4,V10,D0018,KA01AB0002,login,1780932600000,1780932720000,39.32,40.87,24,17,closed,true
T005474,1788307200000,S2,nodal,SITE3,V06,D0000,KA01AB1448,login,1788337800000,1788338040000,16.35,17.14,12,8,closed,true
T005475,1783036800000,S1,shuttle,SITE2,V03,D0108,KA01AB0687,logout,1783078200000,1783078260000,31.80,30.22,24,6,closed,true
T005476,1783555200000,S1,shuttle,SITE2,V04,D0118,KA01AB0336,logout,1783596600000,1783597020000,39.51,38.63,24,17,closed,true
T005477,1784246400000,S2,nodal,SITE2,V05,D0029,KA01AB0588,logout,1784309400000,1784309520000,30.72,29.61,12,6,closed,true
T005478,1782518400000,S3,nodal,SITE2,V01,D0336,KA01AB0459,login,1782574200000,1782574200000,20.70,23.33,12,10,closed,true
T005479,1783555200000,S2,cab,SITE2,V05,D0054,KA01AB1785,logout,1783618200000,1783618380000,42.88,44.44,4,2,closed,true
T005480,1788480000000,S2,nodal,SITE1,V09,D0158,KA01AB0209,login,1788510600000,1788510660000,35.08,37.70,12,3,closed,true
T005481,1782172800000,S1,shuttle,SITE2,V09,D0133,KA01AB0714,logout,1782214200000,1782214200000,19.56,21.12,24,5,closed,true
T005482,1785369600000,S2,cab,SITE4,V06,D0182,KA01AB1206,login,1785400200000,1785400320000,11.13,10.70,4,4,closed,true
T005483,1786320000000,S3,cab,SITE1,V10,D0229,KA01AB0993,login,1786375800000,1786376040000,22.93,23.74,4,4,closed,true
T005484,1785888000000,S1,nodal,SITE2,V08,D0190,KA01AB0864,login,1785897000000,1785897000000,39.00,41.23,12,6,closed,true
T005485,1780876800000,S3,nodal,SITE1,V03,D0368,KA01AB0022,logout,1780875000000,1780875000000,13.71,14.70,12,12,closed,true
T005486,1784419200000,S2,cab,SITE3,V09,D0103,KA01AB0203,logout,1784482200000,1784482260000,35.52,35.79,4,1,closed,true
T005487,1787011200000,S1,cab,SITE1,V09,D0337,KA01AB0268,login,1787020200000,1787020260000,17.96,20.56,4,1,closed,true
T005488,1785024000000,S1,shuttle,SITE2,V08,D0367,KA01AB0636,logout,1785065400000,1785065520000,29.89,29.41,24,9,closed,true
T005489,1782345600000,S2,shuttle,SITE3,V12,D0371,KA01AB1060,login,1782376200000,1782376200000,30.28,32.61,24,15,closed,true
T005490,1783814400000,S2,nodal,SITE1,V05,D0050,KA01AB1441,login,1783845000000,,16.03,15.80,12,11,open,true
T005491,1784419200000,S3,shuttle,SITE1,V09,D0391,KA01AB1210,logout,1784417400000,1784417820000,29.07,30.65,24,18,closed,true
T005492,1786233600000,S1,cab,SITE2,V08,D0296,KA01AB1127,login,1786242600000,1786242660000,12.90,12.63,4,1,closed,true
T005493,1786838400000,S1,cab,SITE4,V04,D0064,KA01AB1865,logout,1786879800000,1786879920000,9.15,9.66,4,4,closed,true
T005494,1780790400000,S1,cab,SITE3,V01,D0200,KA01AB1075,logout,1780831800000,1780831860000,20.93,20.50,4,2,closed,true
T005495,1786838400000,S1,shuttle,SITE3,V07,D0074,KA01AB0949,login,1786847400000,1786847520000,11.47,11.91,24,8,closed,true
T005496,1784419200000,S3,cab,SITE3,V07,D0385,KA01AB0626,login,1784475000000,1784475120000,9.35,9.52,4,3,closed,true
T005497,1783641600000,S3,nodal,SITE4,V12,D0011,KA01AB1686,login,1783697400000,1783698840000,10.61,11.84,12,12,closed,true
T005498,1784851200000,S2,nodal,SITE4,V06,D0170,KA01AB1297,logout,1784914200000,1784914380000,35.87,34.51,12,9,closed,true
T005499,1784419200000,S3,nodal,SITE2,V07,D0331,KA01AB1143,login,1784475000000,1784475000000,11.81,12.91,12,8,closed,true
T005500,1788048000000,S3,shuttle,SITE2,V02,D0203,KA01AB0019,logout,1788046200000,1788046440000,32.28,34.43,24,2,closed,true
T005501,1786665600000,S1,shuttle,SITE4,V09,D0398,KA01AB1455,logout,1786707000000,1786707060000,25.28,25.69,24,1,closed,true
T005502,1781568000000,S1,shuttle,SITE2,V12,D0260,KA01AB1837,login,1781577000000,1781577180000,22.20,25.18,24,23,closed,true
T005503,1784246400000,S2,shuttle,SITE1,V04,D0002,KA01AB0157,logout,1784309400000,1784309640000,22.64,23.59,24,4,closed,true
T005504,1781568000000,S2,cab,SITE1,V05,D0378,KA01AB0762,login,1781598600000,1781598660000,24.97,27.01,4,2,closed,true
T005505,1781481600000,S1,nodal,SITE1,V01,D0093,KA01AB0824,login,1781490600000,1781490660000,39.58,43.97,12,9,closed,true
T005506,1786406400000,S1,shuttle,SITE4,V12,D0219,KA01AB0372,logout,1786447800000,1786450140000,26.47,25.86,24,17,closed,true
T005507,1783900800000,S1,cab,SITE1,V01,D0178,KA01AB0423,login,1783909800000,1783909800000,41.65,40.18,4,2,closed,true
T005508,1781740800000,S2,shuttle,SITE1,V04,D0364,KA01AB0940,login,1781771400000,1781771640000,42.77,40.74,24,20,closed,true
T005509,1782172800000,S1,shuttle,SITE1,V09,D0007,KA01AB1790,login,1782181800000,1782184380000,29.64,30.94,24,24,closed,true
T005510,1784851200000,S2,nodal,SITE3,V06,D0177,KA01AB1817,login,1784881800000,1784881920000,24.80,27.13,12,12,closed,true
T005511,1788480000000,S1,nodal,SITE3,V12,D0191,KA01AB1187,login,1788489000000,1788489120000,9.72,9.54,12,11,closed,true
T005512,1781308800000,S3,nodal,SITE2,V12,D0045,KA01AB1237,logout,1781307000000,1781307060000,10.55,11.68,12,3,closed,true
T005513,1787702400000,S1,cab,SITE2,V06,D0160,KA01AB0852,logout,1787743800000,1787743860000,29.00,33.14,4,4,closed,true
T005514,1788307200000,S1,nodal,SITE1,V07,D0387,KA01AB1717,login,1788316200000,1788317640000,21.86,24.56,12,2,closed,true
T005515,1783468800000,S1,shuttle,SITE4,V08,D0018,KA01AB1847,logout,1783510200000,1783510320000,29.91,33.25,24,3,closed,true
T005516,1788307200000,S2,cab,SITE4,V12,D0019,KA01AB1781,login,1788337800000,1788337860000,28.63,30.55,4,2,closed,true
T005517,1786924800000,S1,nodal,SITE3,V02,D0221,KA01AB0084,login,1786933800000,1786933980000,12.97,13.30,12,1,closed,true
T005518,1787788800000,S1,nodal,SITE3,V04,D0131,KA01AB1243,logout,1787830200000,1787830200000,19.00,19.41,12,4,closed,true
T005519,1783728000000,S1,shuttle,SITE1,V05,D0030,KA01AB1526,login,1783737000000,1783737240000,13.13,14.01,24,13,closed,true
T005520,1787443200000,S2,shuttle,SITE3,V07,D0198,KA01AB0982,login,1787473800000,1787475420000,17.30,16.98,24,1,closed,true
T005521,1785801600000,S2,shuttle,SITE1,V10,D0356,KA01AB1832,login,1785832200000,1785832380000,17.14,17.85,24,14,closed,true
T005522,1781308800000,S1,cab,SITE4,V11,D0357,KA01AB0044,logout,1781350200000,1781350200000,28.97,30.71,4,3,closed,true
T005523,1786492800000,S1,shuttle,SITE1,V01,D0197,KA01AB1361,logout,1786534200000,1786534260000,33.50,31.87,24,2,closed,true
T005524,1785888000000,S3,shuttle,SITE2,V04,D0051,KA01AB1986,logout,1785886200000,1785886200000,41.92,45.48,24,3,closed,true
T005525,1784160000000,S3,shuttle,SITE3,V06,D0295,KA01AB1943,logout,1784158200000,1784158380000,10.71,11.26,24,12,closed,true
T005526,1786492800000,S1,shuttle,SITE2,V11,D0271,KA01AB0444,logout,1786534200000,1786534440000,11.20,11.44,24,9,closed,true
T005527,1782864000000,S1,cab,SITE2,V12,D0030,KA01AB0219,logout,1782905400000,1782905640000,21.42,22.23,4,2,closed,true
T005528,1784505600000,S2,cab,SITE3,V10,D0169,KA01AB1550,logout,1784568600000,1784568780000,21.30,22.95,4,4,closed,true
T005529,1783987200000,S3,nodal,SITE4,V12,D0300,KA01AB0463,logout,1783985400000,1783985460000,40.37,42.75,12,3,closed,true
T005530,1786147200000,S3,cab,SITE3,V10,D0188,KA01AB0190,login,1786203000000,1786203000000,19.00,19.72,4,2,closed,true
T005531,1787097600000,S1,shuttle,SITE3,V09,D0251,KA01AB1522,logout,1787139000000,1787141400000,20.93,22.69,24,2,closed,true
T005532,1786579200000,S3,cab,SITE3,V05,D0393,KA01AB0288,login,1786635000000,1786635720000,24.53,27.32,4,2,closed,true
T005533,1788048000000,S1,cab,SITE2,V03,D0245,KA01AB1320,logout,1788089400000,1788089460000,30.18,32.38,4,4,closed,true
T005534,1787011200000,S2,nodal,SITE3,V10,D0272,KA01AB0554,logout,1787074200000,1787074200000,11.83,11.86,12,5,closed,true
T005535,1781049600000,S3,shuttle,SITE3,V06,D0150,KA01AB0782,logout,1781047800000,1781047800000,19.03,20.52,24,4,closed,true
T005536,1784764800000,S3,shuttle,SITE1,V09,D0387,KA01AB1147,logout,1784763000000,1784763240000,20.58,23.37,24,21,closed,true
T005537,1784505600000,S1,cab,SITE3,V03,D0098,KA01AB0630,logout,1784547000000,1784547000000,24.57,27.33,4,2,closed,true
T005538,1784419200000,S3,nodal,SITE2,V02,D0146,KA01AB1977,login,1784475000000,1784475120000,9.36,10.66,12,12,closed,true
T005539,1788480000000,S1,cab,SITE4,V09,D0106,KA01AB1258,logout,1788521400000,,32.28,33.16,4,3,open,true
T005540,1786752000000,S3,nodal,SITE2,V09,D0306,KA01AB1220,login,1786807800000,1786807860000,23.63,23.35,12,6,closed,true
T005541,1781740800000,S2,nodal,SITE3,V01,D0022,KA01AB1071,logout,1781803800000,1781803800000,14.19,15.82,12,5,closed,true
T005542,1784678400000,S3,shuttle,SITE4,V05,D0183,KA01AB1827,login,1784734200000,1784734440000,19.18,20.45,24,7,closed,true
T005543,1783641600000,S2,nodal,SITE2,V11,D0210,KA01AB1120,logout,1783704600000,1783704840000,19.47,19.85,12,10,closed,true
T005544,1787011200000,S2,cab,SITE4,V02,D0043,KA01AB1873,login,1787041800000,1787042940000,31.90,35.21,4,1,closed,true
T005545,1782432000000,S2,shuttle,SITE3,V03,D0293,KA01AB1202,logout,1782495000000,1782495060000,36.99,38.37,24,10,closed,true
T005546,1788220800000,S1,shuttle,SITE4,V12,D0088,KA01AB0468,login,1788229800000,1788229860000,41.21,40.88,24,21,closed,true
T005547,1782086400000,S2,nodal,SITE4,V12,D0315,KA01AB0368,logout,1782149400000,1782149640000,24.31,24.91,12,11,closed,true
T005548,1788307200000,S2,shuttle,SITE3,V12,D0033,KA01AB0521,login,1788337800000,1788337800000,16.60,16.21,24,4,closed,true
T005549,1781654400000,S3,cab,SITE4,V02,D0109,KA01AB1780,logout,1781652600000,1781652600000,25.99,28.28,4,4,closed,true
T005550,1786320000000,S3,nodal,SITE1,V09,D0114,KA01AB1449,logout,1786318200000,1786318440000,33.42,37.40,12,2,closed,true
T005551,1784764800000,S3,nodal,SITE2,V05,D0213,KA01AB1865,logout,1784763000000,1784763240000,21.83,24.50,12,7,closed,true
T005552,1787529600000,S3,nodal,SITE3,V11,D0162,KA01AB1817,logout,1787527800000,1787527920000,39.23,44.79,12,5,closed,true
T005553,1784937600000,S3,nodal,SITE2,V10,D0382,KA01AB0974,logout,1784935800000,1784936520000,14.05,14.78,12,5,closed,true
T005554,1784678400000,S1,shuttle,SITE3,V05,D0189,KA01AB0542,logout,1784719800000,1784719860000,8.02,9.21,24,7,closed,true
T005555,1782086400000,S2,nodal,SITE4,V03,D0085,KA01AB1487,logout,1782149400000,1782149520000,20.24,21.97,12,9,closed,true
T005556,1788220800000,S1,nodal,SITE2,V12,D0047,KA01AB0082,login,1788229800000,1788229980000,23.53,25.03,12,7,closed,true
T005557,1783555200000,S2,shuttle,SITE2,V11,D0054,KA01AB1541,logout,1783618200000,1783618200000,20.64,21.81,24,13,closed,true
T005558,1781740800000,S1,nodal,SITE3,V10,D0336,KA01AB0200,login,1781749800000,1781749800000,34.95,36.92,12,11,closed,true
T005559,1781481600000,S3,cab,SITE2,V09,D0100,KA01AB1365,logout,1781479800000,1781480040000,37.08,38.18,4,1,closed,true
T005560,1785110400000,S3,cab,SITE4,V12,D0031,KA01AB0467,login,1785166200000,1785166440000,9.73,10.06,4,3,closed,true
T005561,1785196800000,S1,cab,SITE2,V10,D0028,KA01AB1932,logout,1785238200000,1785238380000,38.43,37.26,4,1,closed,true
T005562,1783209600000,S2,cab,SITE2,V02,D0270,KA01AB0397,login,1783240200000,1783240320000,19.47,21.54,4,4,closed,true,UNEXPECTED_EXTRA_FIELD
T005563,1784332800000,S1,cab,SITE4,V06,D0091,KA01AB0686,logout,1784374200000,1784374320000,24.77,26.58,4,1,closed,true
T005564,1782259200000,S3,shuttle,SITE2,V11,D0228,KA01AB1298,login,1782315000000,1782315180000,40.35,44.93,24,5,closed,true
T005565,1786492800000,S3,cab,SITE3,V06,D0180,KA01AB1753,login,1786548600000,1786548720000,22.89,24.11,4,3,closed,true
T005566,1784937600000,S2,cab,SITE4,V07,D0357,KA01AB0443,login,1784968200000,1784968200000,20.30,21.85,4,4,closed,true
T005567,1781654400000,S3,shuttle,SITE1,V05,D0046,KA01AB0917,login,1781710200000,1781710320000,34.88,35.21,24,1,closed,true
T005568,1782777600000,S1,nodal,SITE1,V12,D0165,KA01AB1824,logout,1782819000000,1782819240000,39.68,38.00,12,7,closed,true
T005569,1784332800000,S3,shuttle,SITE4,V03,D0295,KA01AB1631,login,1784388600000,1784388600000,39.87,45.67,24,5,closed,true
T005570,1781481600000,S3,shuttle,SITE3,V03,D0118,KA01AB0144,logout,1781479800000,1781479800000,28.83,30.85,24,16,closed,true
T005571,1781654400000,S2,nodal,SITE2,V11,D0274,KA01AB1591,login,1781685000000,1781685120000,22.03,22.29,12,10,closed,true
T005572,1784073600000,S2,cab,SITE1,V08,D0021,KA01AB1961,logout,1784136600000,1784136840000,21.28,23.42,4,1,closed,true
T005573,1784160000000,S1,nodal,SITE3,V02,D0394,KA01AB0401,login,1784169000000,1784169180000,26.41,27.34,12,8,closed,true,UNEXPECTED_EXTRA_FIELD
T005574,1786233600000,S3,cab,SITE1,V07,D0151,KA01AB0817,login,1786289400000,1786289400000,19.66,20.73,4,1,closed,true
T005575,1782345600000,S1,shuttle,SITE4,V04,D0345,KA01AB0574,logout,1782387000000,1782387060000,11.89,12.92,24,19,closed,true
T005576,1784332800000,S3,nodal,SITE3,V03,D0008,KA01AB0760,logout,1784331000000,1784331180000,32.38,34.48,12,9,closed,true
T005577,1784419200000,S3,nodal,SITE4,V09,D0117,KA01AB0026,logout,1784417400000,1784417580000,28.86,29.94,12,10,closed,true
T005578,1782345600000,S3,cab,SITE2,V10,D0313,KA01AB0910,login,1782401400000,1782401520000,41.78,42.40,4,4,closed,true
T005579,1787270400000,S3,shuttle,SITE2,V04,D0003,KA01AB1560,login,1787326200000,1787326440000,38.66,40.70,24,22,closed,true
T005580,1785801600000,S2,cab,SITE2,V11,D0193,KA01AB1060,login,1785832200000,1785832380000,32.84,36.01,4,1,closed,true
T005581,1788480000000,S2,shuttle,SITE4,V07,D0249,KA01AB1955,logout,1788543000000,1788543240000,31.17,35.31,24,13,closed,true
T005582,1788048000000,S3,shuttle,SITE4,V01,D0242,KA01AB0579,login,1788103800000,1788104040000,12.90,13.44,24,22,closed,true
T005583,1781568000000,S3,nodal,SITE3,V07,D0162,KA01AB0944,login,1781623800000,1781623860000,10.58,11.01,12,8,closed,true
T005584,1785024000000,S2,nodal,SITE2,V05,D0287,KA01AB0716,logout,1785087000000,1785087120000,26.76,26.16,12,2,closed,true
T005585,1781654400000,S3,cab,SITE1,V04,D0394,KA01AB1016,login,1781710200000,1781710380000,27.62,29.68,4,3,closed,true
T005586,1782086400000,S3,cab,SITE3,V03,D0134,KA01AB1525,logout,1782084600000,1782084840000,19.89,19.43,4,4,closed,true
T005587,1787443200000,S2,cab,SITE3,V11,D0364,KA01AB0908,login,1787473800000,1787473800000,41.03,39.89,4,1,closed,true
T005588,1783036800000,S2,cab,SITE2,V03,D0354,KA01AB0906,login,1783067400000,1783067460000,10.30,11.52,4,2,closed,true
T005589,1782777600000,S2,nodal,SITE2,V04,D0108,KA01AB1435,login,1782808200000,1782809520000,20.28,21.63,12,3,closed,true
T005590,1787097600000,S2,shuttle,SITE4,V02,D0282,KA01AB0763,login,1787128200000,1787128440000,21.18,23.48,24,24,closed,true
T005591,1787961600000,S1,nodal,SITE3,V05,D0050,KA01AB0120,logout,1788003000000,1788003240000,39.62,39.18,12,11,closed,true
T005592,1784592000000,S3,shuttle,SITE1,V12,D0028,KA01AB1334,logout,1784590200000,1784590380000,20.32,22.19,24,10,closed,true
T005593,1786147200000,S3,shuttle,SITE3,V12,D0028,KA01AB1318,logout,1786145400000,1786145520000,32.87,36.17,24,2,closed,true
T005594,1787961600000,S1,cab,SITE1,V09,D0085,KA01AB0227,logout,1788003000000,1788003120000,40.62,41.22,4,1,closed,true
T005595,1782864000000,S2,cab,SITE3,V05,D0180,KA01AB1865,logout,1782927000000,1782927180000,28.34,29.50,4,1,closed,false
T005596,1783468800000,S1,shuttle,SITE3,V11,D0052,KA01AB1687,logout,1783510200000,1783510320000,37.01,37.42,24,8,closed,true
T005597,1781827200000,S2,shuttle,SITE3,V07,D0024,KA01AB0749,logout,1781890200000,1781890260000,34.45,34.84,24,9,closed,false
T005598,1787443200000,S3,cab,SITE2,V01,D0156,KA01AB1702,logout,1787441400000,1787441520000,8.32,9.48,4,4,closed,true
T005599,1780790400000,S3,nodal,SITE4,V06,D0238,KA01AB1064,login,1780846200000,1780846380000,9.27,9.38,12,3,closed,true
T005600,1783900800000,S3,nodal,SITE4,V07,D0365,KA01AB1755,login,1783956600000,1783956600000,31.72,32.70,12,2,closed,true
T005601,1784419200000,S2,shuttle,SITE3,V12,D0382,KA01AB0971,logout,1784482200000,1784482260000,31.13,30.96,24,8,closed,true
T005602,1783036800000,S1,shuttle,SITE3,V03,D0266,KA01AB0830,login,1783045800000,1783046040000,27.29,28.13,24,16,closed,true
T005603,1786320000000,S2,cab,SITE4,V03,D0245,KA01AB0721,logout,1786383000000,1786383120000,31.34,34.49,4,1,closed,true
T005604,1785024000000,S3,shuttle,SITE3,V11,D0375,KA01AB0474,login,1785079800000,1785079860000,22.35,25.70,24,24,closed,true
T005605,1782432000000,S2,cab,SITE3,V09,D0158,KA01AB1614,logout,1782495000000,1782497640000,38.23,43.18,4,2,closed,true
T005606,1786233600000,S3,shuttle,SITE3,V02,D0055,KA01AB0014,login,1786289400000,1786289640000,11.51,11.19,24,7,closed,true
T005607,1786838400000,S1,shuttle,SITE3,V05,D0183,KA01AB1023,login,1786847400000,1786847460000,36.63,35.51,24,7,closed,true
T005608,1782000000000,S2,shuttle,SITE4,V06,D0357,KA01AB0858,logout,1782063000000,1782063000000,21.31,20.42,24,16,closed,true
T005609,1785283200000,S1,cab,SITE1,V09,D0275,KA01AB1726,logout,1785324600000,1785324840000,31.81,31.15,4,2,closed,true
T005610,1783555200000,S1,nodal,SITE2,V03,D0375,KA01AB1209,login,1783564200000,1783564320000,22.29,24.00,12,11,closed,true
T005611,1783987200000,S1,cab,SITE2,V01,D0121,KA01AB0379,login,1783996200000,1783996200000,20.95,20.49,4,4,closed,true
T005612,1781654400000,S1,nodal,SITE3,V12,D0031,KA01AB1112,login,1781663400000,1781663400000,41.11,42.66,12,1,closed,true
T005613,1785888000000,S2,shuttle,SITE2,V06,D0075,KA01AB1347,logout,1785951000000,1785951060000,29.83,33.97,24,14,closed,true
T005614,1784246400000,S1,nodal,SITE2,V03,D0172,KA01AB0504,logout,1784287800000,1784287800000,34.34,34.64,12,6,closed,true
T005615,1781740800000,S2,nodal,SITE3,V07,D0285,KA01AB0597,logout,1781803800000,1781806260000,23.02,22.52,12,6,closed,true
T005616,1782172800000,S1,nodal,SITE4,V05,D0150,KA01AB0479,login,1782181800000,1782181800000,8.90,10.03,12,4,closed,true
T005617,1783987200000,S1,cab,SITE1,V03,D0151,KA01AB0278,login,1783996200000,1783996380000,28.60,31.37,4,4,closed,true
T005618,1781308800000,S1,nodal,SITE4,V02,D0172,KA01AB1476,logout,1781350200000,1781350440000,41.30,45.24,12,2,closed,true
T005619,1782691200000,S2,cab,SITE3,V09,D0321,KA01AB1414,logout,1782754200000,1782754260000,21.52,22.99,4,4,closed,true
T005620,1782172800000,S1,cab,SITE1,V11,D0243,KA01AB0565,login,1782181800000,1782183480000,31.17,34.67,4,4,closed,true
T005621,1785542400000,S2,cab,SITE4,V06,D0012,KA01AB1203,login,1785573000000,,29.72,31.64,4,1,open,true
T005622,1787529600000,S1,cab,SITE1,V12,D0218,KA01AB0981,logout,1787571000000,,18.49,18.54,4,1,open,true
T005623,1783209600000,S1,nodal,SITE1,V06,D0349,KA01AB1105,login,1783218600000,1783218840000,25.16,27.51,12,4,closed,true
T005624,1784505600000,S2,cab,SITE3,V10,D0285,KA01AB0957,logout,1784568600000,1784568780000,35.22,36.87,4,4,closed,true
T005625,1787788800000,S2,nodal,SITE4,V12,D0229,KA01AB1760,logout,1787851800000,1787852040000,39.31,39.46,12,9,closed,true
T005626,1783209600000,S1,cab,SITE2,V03,D0107,KA01AB0381,login,1783218600000,1783218780000,8.31,8.79,4,3,closed,true
T005627,1781481600000,S1,cab,SITE3,V10,D0301,KA01AB0535,logout,1781523000000,1781523180000,38.02,40.13,4,4,closed,true
T005628,1783296000000,S3,nodal,SITE4,V12,D0115,KA01AB1663,logout,1783294200000,1783294920000,35.81,35.51,12,6,closed,true
T005629,1787270400000,S1,cab,SITE1,V03,D0364,KA01AB0932,logout,1787311800000,1787311920000,19.40,18.69,4,1,closed,true
T005630,1783296000000,S1,nodal,SITE4,V05,D0160,KA01AB1929,login,1783305000000,1783305240000,17.02,17.48,12,3,closed,true
T005631,1785974400000,S1,nodal,SITE1,V08,D0169,KA01AB0135,logout,1786015800000,1786015860000,14.72,16.85,12,5,closed,true
T005632,1788480000000,S1,cab,SITE1,V10,D0234,KA01AB0304,login,1788489000000,1788489960000,16.75,18.63,4,4,closed,true
T005633,1783728000000,S1,nodal,SITE4,V04,D0064,KA01AB1520,login,1783737000000,1783737120000,36.22,37.54,12,1,closed,true
T005634,1784246400000,S3,cab,SITE3,V05,D0291,KA01AB0195,logout,1784244600000,1784244840000,12.20,12.16,4,1,closed,true
T005635,1781913600000,S1,nodal,SITE2,V03,D0032,KA01AB1132,logout,1781955000000,1781956380000,26.40,29.65,12,7,closed,true
T005636,1785369600000,S1,cab,SITE2,V12,D0218,KA01AB0925,logout,1785411000000,1785411180000,24.40,23.57,4,2,closed,true
T005637,1783036800000,S2,shuttle,SITE2,V03,D0016,KA01AB0015,login,1783067400000,1783067460000,37.12,40.44,24,7,closed,true
T005638,1786233600000,S2,cab,SITE3,V06,D0314,KA01AB0947,logout,1786296600000,1786296840000,29.76,33.33,4,4,closed,true
T005639,1782172800000,S3,shuttle,SITE2,V02,D0379,KA01AB1034,login,1782228600000,1782228720000,21.23,22.90,24,23,closed,true
T005640,1782518400000,S2,cab,SITE2,V08,D0265,KA01AB0537,login,1782549000000,1782549000000,33.26,34.82,4,4,closed,true
T005641,1788480000000,S2,nodal,SITE2,V05,D0354,KA01AB1640,logout,1788543000000,1788543120000,41.39,42.29,12,8,closed,true
T005642,1783728000000,S1,shuttle,SITE2,V01,D0017,KA01AB1426,login,1783737000000,1783737000000,37.45,42.28,24,14,closed,true
T005643,1787184000000,S3,cab,SITE2,V10,D0202,KA01AB1656,login,1787239800000,1787239860000,11.34,11.95,4,2,closed,true
T005644,1781913600000,S1,cab,SITE2,V01,D0269,KA01AB0610,login,1781922600000,1781922840000,39.53,38.25,4,1,closed,true
T005645,1781654400000,S3,nodal,SITE3,V09,D0225,KA01AB1093,logout,1781652600000,1781652660000,13.16,14.68,12,7,closed,true
T005646,1783209600000,S1,shuttle,SITE2,V08,D0078,KA01AB1227,logout,1783251000000,1783251000000,30.62,34.56,24,22,closed,true
T005647,1783036800000,S2,cab,SITE3,V07,D0151,KA01AB1560,logout,1783099800000,1783099800000,24.67,24.32,4,4,closed,true
T005648,1782691200000,S3,nodal,SITE2,V11,D0140,KA01AB1293,login,1782747000000,1782747060000,33.46,31.91,12,10,closed,true
T005649,1784592000000,S1,cab,SITE4,V05,D0135,KA01AB1823,logout,1784633400000,1784633640000,18.81,18.47,4,4,closed,true
T005650,1781222400000,S2,cab,SITE1,V04,D0024,KA01AB0757,logout,1781285400000,1781285400000,26.54,26.16,4,1,closed,true
T005651,1786924800000,S3,nodal,SITE1,V07,D0203,KA01AB0538,login,1786980600000,1786980660000,18.90,20.81,12,7,closed,true
T005652,1780876800000,S2,cab,SITE4,V01,D0268,KA01AB1745,logout,1780939800000,1780940220000,9.42,10.81,4,3,closed,true
T005653,1781049600000,S1,nodal,SITE4,V12,D0076,KA01AB1275,logout,1781091000000,1781092380000,35.03,34.63,12,4,closed,true
T005654,1785801600000,S2,cab,SITE3,V11,D0028,KA01AB0933,logout,1785864600000,1785865080000,11.33,11.62,4,1,closed,true
T005655,1787443200000,S2,nodal,SITE1,V07,D0340,KA01AB1709,logout,1787506200000,1787506380000,31.90,30.88,12,9,closed,true
T005656,1786233600000,S2,shuttle,SITE1,V12,D0093,KA01AB1868,logout,1786296600000,1786296660000,23.71,26.43,24,23,closed,true
T005657,1781049600000,S3,shuttle,SITE1,V04,D0395,KA01AB0774,login,1781105400000,1781105520000,21.69,22.47,24,12,closed,true
T005658,1785542400000,S1,shuttle,SITE4,V08,D0247,KA01AB1422,logout,1785583800000,1785584040000,38.85,42.65,24,11,closed,true
T005659,1781308800000,S1,shuttle,SITE3,V01,D0020,KA01AB0556,login,1781317800000,1781317800000,40.25,45.03,24,20,closed,true
T005660,1783296000000,S2,shuttle,SITE4,V11,D0040,KA01AB1895,login,1783326600000,1783326600000,9.69,10.67,24,1,closed,true
T005661,1781568000000,S2,cab,SITE3,V07,D0027,KA01AB1934,login,1781598600000,1781600760000,23.62,26.83,4,3,closed,true
T005662,1783468800000,S2,cab,SITE1,V05,D0284,KA01AB0608,logout,1783531800000,1783531860000,31.03,34.38,4,4,closed,true
T005663,1782691200000,S2,cab,SITE1,V11,D0070,KA01AB0940,login,1782721800000,1782721860000,39.31,39.47,4,4,closed,true
T005664,1784073600000,S1,nodal,SITE3,V04,D0228,KA01AB0801,logout,1784115000000,1784117580000,24.71,24.76,12,11,closed,true
T005665,1786665600000,S2,shuttle,SITE4,V02,D0228,KA01AB1400,login,1786696200000,1786696260000,12.38,12.74,24,23,closed,true
T005666,1781049600000,S1,shuttle,SITE1,V05,D0031,KA01AB0993,logout,1781091000000,1781091120000,33.17,37.68,24,19,closed,true
T005667,1782518400000,S2,cab,SITE2,V02,D0256,KA01AB1115,logout,1782581400000,1782581640000,37.36,38.05,4,2,closed,true
T005668,1787961600000,S2,nodal,SITE2,V04,D0265,KA01AB1185,login,1787992200000,1787992320000,23.06,22.00,12,10,closed,true
T005669,1782950400000,S2,shuttle,SITE1,V04,D0236,KA01AB0339,logout,1783013400000,1783013640000,12.14,12.66,24,12,closed,true
T005670,1781308800000,S2,shuttle,SITE4,V10,D0148,KA01AB1484,logout,1781371800000,1781371920000,14.28,14.12,24,24,closed,true
T005671,1784592000000,S2,shuttle,SITE2,V12,D0257,KA01AB0743,logout,1784655000000,,39.36,42.27,24,18,open,true
T005672,1781136000000,S1,nodal,SITE2,V11,D0153,KA01AB1039,login,1781145000000,1781145120000,34.38,34.81,12,11,closed,true
T005673,1784851200000,S2,shuttle,SITE2,V03,D0130,KA01AB1741,logout,1784914200000,1784914260000,17.87,20.06,24,10,closed,true
T005674,1782604800000,S2,shuttle,SITE3,V02,D0303,KA01AB0746,login,1782635400000,1782635580000,10.66,10.53,24,18,closed,true
T005675,1781136000000,S2,shuttle,SITE4,V08,D0339,KA01AB0443,logout,1781199000000,1781199120000,21.18,24.23,24,11,closed,true
T005676,1783123200000,S3,nodal,SITE1,V07,D0255,KA01AB1360,login,1783179000000,1783179180000,17.65,18.77,12,5,closed,true
T005677,1783209600000,S1,nodal,SITE4,V05,D0315,KA01AB0729,login,1783218600000,1783218720000,19.84,22.39,12,9,closed,true
T005678,1784592000000,S3,cab,SITE3,V05,D0143,KA01AB1655,login,1784647800000,1784647920000,30.11,32.75,4,4,closed,true
T005679,1781222400000,S2,nodal,SITE2,V03,D0083,KA01AB1497,login,1781253000000,1781253120000,26.61,30.60,12,9,closed,true
T005680,1781308800000,S1,cab,SITE1,V02,D0211,KA01AB1684,login,1781317800000,1781317980000,13.06,12.64,4,1,closed,true
T005681,1787184000000,S3,cab,SITE1,V10,D0012,KA01AB1130,login,1787239800000,1787240460000,32.13,33.92,4,3,closed,true
T005682,1786233600000,S1,nodal,SITE2,V05,D0022,KA01AB0859,login,1786242600000,1786242840000,34.53,33.00,12,6,closed,true
T005683,1780963200000,S1,shuttle,SITE2,V05,D0353,KA01AB1268,logout,1781004600000,1781004600000,36.84,38.28,24,4,closed,true
T005684,1781049600000,S2,cab,SITE4,V09,D0290,KA01AB0796,logout,1781112600000,1781112660000,26.56,26.12,4,1,closed,true
T005685,1783382400000,S3,nodal,SITE1,V12,D0008,KA01AB1359,login,1783438200000,1783438380000,9.99,10.38,12,5,closed,true
T005686,1782777600000,S1,shuttle,SITE1,V08,D0294,KA01AB0153,login,1782786600000,1782786720000,31.42,32.30,24,12,closed,true
T005687,1785628800000,S3,cab,SITE1,V05,D0190,KA01AB0200,logout,1785627000000,1785627060000,25.01,24.22,4,2,closed,true
T005688,1782259200000,S1,shuttle,SITE3,V03,D0009,KA01AB1825,logout,1782300600000,1782300600000,30.61,31.53,24,24,closed,true
T005689,1786752000000,S1,nodal,SITE4,V06,D0312,KA01AB0832,logout,1786793400000,1786795020000,10.91,10.95,12,11,closed,true
T005690,1783900800000,S3,cab,SITE4,V08,D0242,KA01AB0090,login,1783956600000,1783956720000,31.37,33.26,4,2,closed,true
T005691,1783641600000,S2,nodal,SITE3,V02,D0342,KA01AB1037,logout,1783704600000,1783704720000,13.23,12.69,12,12,closed,true
T005692,1782432000000,S2,nodal,SITE1,V05,D0088,KA01AB0470,logout,1782495000000,1782495180000,29.44,28.71,12,3,closed,true
T005693,1786406400000,S2,nodal,SITE3,V11,D0279,KA01AB0661,login,1786437000000,1786438140000,9.47,9.34,12,12,closed,true
T005694,1787011200000,S2,shuttle,SITE3,V04,D0105,KA01AB0360,login,1787041800000,1787041800000,34.19,39.11,24,21,closed,true
T005695,1783209600000,S2,nodal,SITE2,V07,D0268,KA01AB1159,logout,1783272600000,1783272780000,35.63,36.02,12,10,closed,false
T005696,1780876800000,S3,nodal,SITE1,V08,D0180,KA01AB1505,login,1780932600000,,37.93,39.12,12,2,open,true
T005697,1783209600000,S1,shuttle,SITE2,V03,D0210,KA01AB1381,login,1783218600000,1783218840000,23.20,22.72,24,22,closed,true
T005698,1788307200000,S1,nodal,SITE4,V01,D0122,KA01AB0220,logout,1788348600000,1788348840000,18.27,18.54,12,3,closed,true
T005699,1781827200000,S1,shuttle,SITE4,V01,D0294,KA01AB1505,logout,1781868600000,1781868720000,12.33,13.39,24,15,closed,true
T005700,1781395200000,S1,shuttle,SITE2,V10,D0385,KA01AB1069,logout,1781436600000,1781437980000,31.29,33.17,24,18,closed,true
T005701,1784678400000,S2,nodal,SITE3,V08,D0016,KA01AB1237,logout,1784741400000,1784741880000,33.04,36.64,12,12,closed,true
T005702,1784505600000,S2,cab,SITE4,V10,D0305,KA01AB1128,logout,1784568600000,1784568720000,11.10,11.03,4,3,closed,true
T005703,1782432000000,S2,nodal,SITE4,V07,D0078,KA01AB0169,logout,1782495000000,1782495240000,41.14,44.71,12,1,closed,false
T005704,1785456000000,S3,nodal,SITE1,V06,D0247,KA01AB0442,login,1785511800000,1785511800000,38.34,42.35,12,6,closed,true
T005705,1783900800000,S3,cab,SITE1,V10,D0027,KA01AB0974,logout,1783899000000,1783900200000,20.55,21.13,4,3,closed,true
T005706,1781913600000,S1,cab,SITE4,V12,D0386,KA01AB0939,logout,1781955000000,1781955060000,19.03,18.10,4,2,closed,true
T005707,1786838400000,S1,nodal,SITE2,V10,D0231,KA01AB1435,logout,1786879800000,1786880520000,29.14,30.38,12,12,closed,true
T005708,1785715200000,S2,shuttle,SITE3,V08,D0166,KA01AB1535,login,1785745800000,1785745860000,32.24,36.19,24,6,closed,true
T005709,1781222400000,S1,nodal,SITE4,V02,D0203,KA01AB1149,login,1781231400000,1781231640000,22.91,24.22,12,1,closed,true
T005710,1787356800000,S2,nodal,SITE4,V10,D0147,KA01AB0331,login,1787387400000,1787387400000,10.79,10.51,12,7,closed,true
T005711,1781049600000,S3,shuttle,SITE4,V04,D0369,KA01AB0819,logout,1781047800000,1781047980000,9.38,10.12,24,2,closed,true
T005712,1784332800000,S2,cab,SITE4,V05,D0281,KA01AB1510,logout,1784395800000,1784396340000,39.09,38.58,4,3,closed,true
T005713,1784505600000,S3,nodal,SITE3,V11,D0005,KA01AB0617,logout,1784503800000,1784504640000,8.24,8.21,12,12,closed,true
T005714,1784505600000,S1,shuttle,SITE3,V01,D0062,KA01AB0395,login,1784514600000,1784514780000,17.88,18.27,24,8,closed,true
T005715,1788220800000,S3,nodal,SITE3,V10,D0064,KA01AB1520,logout,1788219000000,1788219600000,24.29,23.29,12,5,closed,true
T005716,1783555200000,S2,cab,SITE4,V08,D0136,KA01AB0353,logout,1783618200000,1783618200000,11.18,11.77,4,2,closed,true
T005717,1785542400000,S3,nodal,SITE4,V06,D0369,KA01AB0004,login,1785598200000,1785598440000,11.98,11.89,12,5,closed,true
T005718,1786233600000,S1,shuttle,SITE2,V07,D0063,KA01AB1978,login,1786242600000,1786242840000,17.14,19.29,24,2,closed,true
T005719,1781136000000,S1,nodal,SITE2,V06,D0081,KA01AB0643,login,1781145000000,1781145000000,12.44,13.70,12,1,closed,true
T005720,1781568000000,S1,nodal,SITE3,V12,D0242,KA01AB1554,login,1781577000000,1781577120000,38.20,38.14,12,9,closed,true
T005721,1787184000000,S2,cab,SITE2,V08,D0085,KA01AB1058,login,1787214600000,1787214720000,20.14,22.68,4,3,closed,true
T005722,1782259200000,S3,nodal,SITE3,V03,D0337,KA01AB0796,login,1782315000000,1782315240000,22.22,23.60,12,12,closed,true
T005723,1787097600000,S1,shuttle,SITE1,V11,D0311,KA01AB0922,logout,1787139000000,1787139060000,11.66,11.69,24,19,closed,true
T005724,1788134400000,S3,shuttle,SITE2,V05,D0340,KA01AB1016,login,1788190200000,1788190260000,32.05,34.38,24,3,closed,true
T005725,1782172800000,S2,cab,SITE1,V01,D0387,KA01AB1957,login,1782203400000,1782203460000,40.61,45.63,4,1,closed,true
T005726,1787011200000,S3,nodal,SITE3,V04,D0161,KA01AB1211,login,1787067000000,1787067060000,28.20,27.26,12,8,closed,true
T005727,1787875200000,S1,nodal,SITE1,V02,D0072,KA01AB0048,logout,1787916600000,,28.91,31.79,12,5,open,true
T005728,1784246400000,S1,cab,SITE1,V12,D0107,KA01AB0102,logout,1784287800000,1784288400000,20.39,19.62,4,1,closed,true
T005729,1788048000000,S1,shuttle,SITE1,V06,D0052,KA01AB0549,logout,1788089400000,1788089580000,9.42,10.33,24,7,closed,true
T005730,1781049600000,S3,cab,SITE2,V02,D0389,KA01AB1481,logout,1781047800000,1781047920000,27.10,29.76,4,2,closed,true
T005731,1787616000000,S2,nodal,SITE2,V07,D0180,KA01AB0119,login,1787646600000,1787646720000,28.52,29.23,12,11,closed,true
T005732,1788393600000,S1,nodal,SITE3,V08,D0137,KA01AB0385,login,1788402600000,1788402840000,11.55,11.22,12,1,closed,true
T005733,1781308800000,S1,cab,SITE1,V06,D0347,KA01AB1001,login,1781317800000,1781319780000,23.72,23.37,4,4,closed,true
T005734,1785196800000,S3,cab,SITE1,V12,D0342,KA01AB0131,login,1785252600000,1785252840000,34.36,36.63,4,4,closed,true
T005735,1780963200000,S1,nodal,SITE2,V06,D0356,KA01AB1966,logout,1781004600000,1781004720000,31.75,33.34,12,5,closed,true
T005736,1784851200000,S3,shuttle,SITE2,V06,D0181,KA01AB0954,login,1784907000000,1784907060000,38.83,42.34,24,19,closed,true
T005737,1781049600000,S2,shuttle,SITE2,V12,D0210,KA01AB1453,logout,1781112600000,1781112720000,25.82,24.53,24,12,closed,true
T005738,1786752000000,S1,nodal,SITE2,V05,D0006,KA01AB1214,login,1786761000000,1786761060000,16.55,18.13,12,8,closed,true
T005739,1784419200000,S3,nodal,SITE4,V05,D0110,KA01AB0047,login,1784475000000,1784475120000,8.57,9.22,12,5,closed,true
T005740,1782864000000,S1,cab,SITE2,V05,D0268,KA01AB1068,login,1782873000000,1782873180000,21.73,24.53,4,2,closed,true
T005741,1785110400000,S3,cab,SITE4,V03,D0080,KA01AB1542,logout,1785108600000,1785108840000,32.99,33.29,4,1,closed,true
T005742,1784592000000,S1,nodal,SITE1,V06,D0068,KA01AB0330,logout,1784633400000,1784633580000,11.77,11.81,12,4,closed,true
T005743,1780963200000,S3,shuttle,SITE2,V10,D0094,KA01AB0544,logout,1780961400000,1780961640000,20.01,19.18,24,18,closed,true
T005744,1784764800000,S2,nodal,SITE1,V07,D0311,KA01AB1664,logout,1784827800000,1784827980000,11.19,10.64,12,7,closed,true
T005745,1785888000000,S1,cab,SITE4,V05,D0271,KA01AB1931,logout,1785929400000,1785929520000,41.65,42.38,4,4,closed,true
T005746,1787097600000,S3,shuttle,SITE2,V04,D0316,KA01AB1250,login,1787153400000,1787153640000,38.06,39.44,24,20,closed,true
T005747,1788393600000,S3,nodal,SITE3,V11,D0136,KA01AB1818,login,1788449400000,1788449460000,12.53,12.74,12,5,closed,true,UNEXPECTED_EXTRA_FIELD
T005748,1783468800000,S1,cab,SITE1,V06,D0320,KA01AB1011,login,1783477800000,1783477980000,11.43,11.50,4,2,closed,true
T005749,1787788800000,S2,nodal,SITE2,V07,D0383,KA01AB1679,login,1787819400000,1787819580000,26.51,30.19,12,3,closed,true
T005750,1785542400000,S2,shuttle,SITE4,V11,D0128,KA01AB0136,login,1785573000000,1785573120000,39.82,38.21,24,13,closed,true
T005751,1782604800000,S2,shuttle,SITE4,V06,D0334,KA01AB0617,logout,1782667800000,1782667920000,36.80,41.82,24,16,closed,true
T005752,1787184000000,S2,cab,SITE1,V05,D0375,KA01AB1911,logout,1787247000000,1787247060000,15.62,16.51,4,2,closed,true
T005753,1787702400000,S1,shuttle,SITE1,V10,D0088,KA01AB0481,login,1787711400000,1787711520000,33.88,33.02,24,5,closed,true
T005754,1783728000000,S2,cab,SITE4,V07,D0317,KA01AB0309,login,1783758600000,1783758660000,37.49,41.29,4,4,closed,true
T005755,1781568000000,S3,shuttle,SITE2,V05,D0235,KA01AB0669,login,1781623800000,1781624040000,29.16,31.37,24,14,closed,true
T005756,1786233600000,S3,nodal,SITE1,V12,D0249,KA01AB1404,login,1786289400000,1786289520000,28.56,32.19,12,9,closed,true
T005757,1785283200000,S1,nodal,SITE2,V09,D0395,KA01AB0724,logout,1785324600000,1785324660000,31.75,35.75,12,6,closed,true
T005758,1784246400000,S3,cab,SITE1,V02,D0115,KA01AB0068,login,1784302200000,1784302200000,35.55,34.31,4,4,closed,true
T005759,1784678400000,S1,cab,SITE3,V06,D0094,KA01AB1050,login,1784687400000,1784687580000,38.20,38.11,4,4,closed,true
T005760,1783728000000,S1,cab,SITE1,V08,D0100,KA01AB0872,logout,1783769400000,1783769520000,31.57,36.06,4,1,closed,true
T005761,1782864000000,S3,shuttle,SITE1,V06,D0166,KA01AB0114,logout,1782862200000,1782864780000,19.61,21.09,24,6,closed,true
T005762,1782864000000,S1,shuttle,SITE2,V02,D0336,KA01AB0378,logout,1782905400000,1782905400000,22.17,24.45,24,21,closed,true
T005763,1785110400000,S2,shuttle,SITE3,V08,D0255,KA01AB0432,login,1785141000000,1785142320000,15.54,16.43,24,23,closed,true
T005764,1785283200000,S3,cab,SITE1,V09,D0037,KA01AB0864,login,1785339000000,1785339420000,20.48,22.93,4,1,closed,true
T005765,1781308800000,S3,nodal,SITE1,V01,D0387,KA01AB0227,logout,1781307000000,1781307180000,17.01,18.72,12,3,closed,true
T005766,1782691200000,S1,nodal,SITE3,V02,D0116,KA01AB1171,login,1782700200000,1782700200000,10.25,11.10,12,8,closed,true
T005767,1783900800000,S2,shuttle,SITE3,V11,D0020,KA01AB1285,login,1783931400000,1783931640000,28.83,28.23,24,8,closed,true
T005768,1785024000000,S1,shuttle,SITE3,V04,D0308,KA01AB1435,logout,1785065400000,1785065520000,24.78,27.18,24,14,closed,true
T005769,1781395200000,S2,cab,SITE1,V05,D0332,KA01AB0391,logout,1781458200000,1781458440000,21.05,22.29,4,4,closed,true
T005770,1785974400000,S1,nodal,SITE4,V07,D0377,KA01AB0343,logout,1786015800000,1786015800000,23.94,23.10,12,8,closed,true
T005771,1781308800000,S3,nodal,SITE1,V12,D0223,KA01AB0709,logout,1781307000000,1781308800000,40.37,42.46,12,6,closed,true
T005772,1782000000000,S3,nodal,SITE4,V02,D0227,KA01AB1245,login,1782055800000,1782056040000,19.92,19.71,12,5,closed,true
T005773,1785110400000,S2,shuttle,SITE2,V08,D0100,KA01AB1394,logout,1785173400000,1785173640000,34.68,34.63,24,23,closed,true
T005774,1784332800000,S1,nodal,SITE3,V12,D0188,KA01AB0276,logout,1784374200000,1784374200000,18.41,18.26,12,7,closed,true
T005775,1786492800000,S2,nodal,SITE4,V08,D0347,KA01AB1190,login,1786523400000,1786523640000,20.38,21.47,12,9,closed,true
T005776,1788220800000,S1,nodal,SITE2,V07,D0224,KA01AB0966,logout,1788262200000,1788262440000,10.86,10.76,12,2,closed,true
T005777,1782864000000,S2,nodal,SITE3,V03,D0171,KA01AB0162,login,1782894600000,1782894660000,21.85,21.33,12,9,closed,true
T005778,1785628800000,S3,shuttle,SITE3,V01,D0040,KA01AB0317,logout,1785627000000,1785627060000,18.73,18.59,24,21,closed,true
T005779,1783814400000,S2,nodal,SITE3,V12,D0295,KA01AB1410,logout,1783877400000,1783877640000,21.29,21.37,12,4,closed,true
T005780,1787961600000,S1,nodal,SITE4,V12,D0092,KA01AB0645,login,1787970600000,1787972100000,11.07,10.63,12,12,closed,true
T005781,1788307200000,S2,nodal,SITE3,V01,D0159,KA01AB0965,logout,1788370200000,1788370320000,14.79,15.91,12,1,closed,true
T005782,1782518400000,S1,nodal,SITE2,V05,D0044,KA01AB1758,login,1782527400000,1782527400000,38.10,43.41,12,5,closed,true
T005783,1780790400000,S1,cab,SITE2,V05,D0332,KA01AB1737,logout,1780831800000,1780831980000,11.19,11.90,4,4,closed,true
T005784,1785888000000,S1,nodal,SITE4,V11,D0178,KA01AB1135,logout,1785929400000,1785931440000,23.92,24.40,12,3,closed,true
T005785,1782604800000,S2,cab,SITE2,V01,D0078,KA01AB1255,logout,1782667800000,1782667920000,16.43,18.34,4,1,closed,true
T005786,1782950400000,S3,nodal,SITE1,V09,D0272,KA01AB0050,login,1783006200000,1783006200000,9.04,9.57,12,12,closed,true
T005787,1787270400000,S2,shuttle,SITE3,V10,D0308,KA01AB0620,logout,1787333400000,1787333400000,17.14,18.30,24,20,closed,true
T005788,1785369600000,S3,nodal,SITE2,V02,D0118,KA01AB0500,login,1785425400000,1785425460000,28.41,28.58,12,5,closed,true
T005789,1780963200000,S1,shuttle,SITE2,V01,D0096,KA01AB1390,logout,1781004600000,1781004660000,14.18,15.68,24,13,closed,true
T005790,1781481600000,S3,nodal,SITE1,V05,D0217,KA01AB1458,login,1781537400000,1781538240000,28.64,31.69,12,8,closed,true
T005791,1786752000000,S1,nodal,SITE3,V02,D0345,KA01AB1093,logout,1786793400000,1786793580000,20.55,23.13,12,9,closed,true
T005792,1786060800000,S2,shuttle,SITE1,V10,D0315,KA01AB0595,login,1786091400000,1786091460000,12.68,14.29,24,23,closed,true
T005793,1788048000000,S2,shuttle,SITE4,V02,D0394,KA01AB1488,login,1788078600000,1788078660000,21.70,20.77,24,22,closed,true
T005794,1782950400000,S2,shuttle,SITE3,V06,D0384,KA01AB1247,login,1782981000000,1782981060000,17.62,18.27,24,6,closed,true
T005795,1781654400000,S2,nodal,SITE4,V03,D0197,KA01AB1422,logout,1781717400000,1781717580000,32.10,35.47,12,5,closed,true
T005796,1787443200000,S1,cab,SITE3,V11,D0077,KA01AB1393,login,1787452200000,1787453880000,9.33,10.68,4,4,closed,true
T005797,1785456000000,S1,cab,SITE2,V08,D0092,KA01AB0338,logout,1785497400000,1785497520000,24.05,25.97,4,3,closed,true
T005798,1785974400000,S2,cab,SITE2,V04,D0369,KA01AB0620,logout,1786037400000,1786037640000,36.27,41.51,4,4,closed,true
T005799,1782518400000,S1,nodal,SITE1,V01,D0383,KA01AB0345,login,1782527400000,1782527400000,9.18,10.11,12,10,closed,true
T005800,1786924800000,S1,cab,SITE3,V04,D0375,KA01AB0768,logout,1786966200000,1786966260000,12.18,12.63,4,2,closed,true
T005801,1783900800000,S3,nodal,SITE2,V11,D0262,KA01AB1039,login,1783956600000,1783956780000,25.24,28.66,12,4,closed,true
T005802,1788393600000,S2,cab,SITE4,V12,D0269,KA01AB1294,login,1788424200000,1788424200000,42.58,46.60,4,1,closed,true
T005803,1781136000000,S1,shuttle,SITE4,V08,D0039,KA01AB0875,login,1781145000000,1781147520000,11.19,11.35,24,5,closed,true
T005804,1782086400000,S1,cab,SITE4,V04,D0163,KA01AB0387,logout,1782127800000,1782127980000,19.70,20.36,4,4,closed,true
T005805,1787097600000,S3,cab,SITE4,V09,D0152,KA01AB0745,logout,1787095800000,1787096040000,19.87,19.33,4,1,closed,true
T005806,1782259200000,S3,cab,SITE3,V03,D0021,KA01AB1283,login,1782315000000,1782315240000,11.34,11.06,4,3,closed,true
T005807,1788220800000,S2,nodal,SITE2,V11,D0094,KA01AB0886,login,1788251400000,1788251520000,31.36,34.33,12,3,closed,true
T005808,1782777600000,S3,nodal,SITE3,V07,D0043,KA01AB0150,logout,1782775800000,1782775920000,20.58,21.60,12,12,closed,true
T005809,1787875200000,S2,nodal,SITE2,V08,D0315,KA01AB0175,login,1787905800000,1787906040000,21.65,21.83,12,6,closed,true
T005810,1787356800000,S1,nodal,SITE2,V07,D0108,KA01AB1015,logout,1787398200000,1787398200000,27.50,29.11,12,11,closed,true
T005811,1781913600000,S2,shuttle,SITE4,V09,D0258,KA01AB1228,login,1781944200000,1781944440000,34.24,34.25,24,7,closed,true
T005812,1787356800000,S1,shuttle,SITE2,V12,D0086,KA01AB1380,logout,1787398200000,1787398320000,21.48,23.33,24,10,closed,true
T005813,1784764800000,S1,cab,SITE2,V12,D0213,KA01AB1639,logout,1784806200000,1784808780000,21.85,23.84,4,4,closed,true
T005814,1782172800000,S2,nodal,SITE3,V01,D0368,KA01AB0754,login,1782203400000,1782203400000,31.05,31.75,12,3,closed,true
T005815,1784332800000,S2,nodal,SITE1,V06,D0274,KA01AB0999,login,1784363400000,1784363460000,8.12,8.74,12,1,closed,true
T005816,1782518400000,S1,cab,SITE2,V02,D0032,KA01AB0105,logout,1782559800000,1782560040000,23.86,25.14,4,2,closed,true
T005817,1781568000000,S1,nodal,SITE2,V04,D0041,KA01AB1091,login,1781577000000,1781577120000,11.29,11.93,12,9,closed,true
T005818,1783641600000,S2,shuttle,SITE4,V07,D0203,KA01AB1315,logout,1783704600000,1783704600000,21.19,24.28,24,4,closed,false
T005819,1786147200000,S2,nodal,SITE4,V11,D0396,KA01AB0153,logout,1786210200000,1786210380000,12.28,13.84,12,4,closed,true
T005820,1785110400000,S1,nodal,SITE1,V05,D0049,KA01AB1646,logout,1785151800000,1785151860000,20.19,19.98,12,7,closed,true
T005821,1784160000000,S1,nodal,SITE3,V08,D0063,KA01AB1431,logout,1784201400000,1784201520000,11.85,12.11,12,11,closed,true
T005822,1787529600000,S3,nodal,SITE2,V10,D0230,KA01AB0964,logout,1787527800000,1787527980000,18.97,19.86,12,2,closed,true
T005823,1786060800000,S3,cab,SITE4,V03,D0061,KA01AB1096,login,1786116600000,1786116720000,42.49,45.64,4,3,closed,true
T005824,1784160000000,S2,nodal,SITE2,V04,D0007,KA01AB1346,logout,1784223000000,1784223120000,38.76,41.80,12,1,closed,true
T005825,1785110400000,S3,nodal,SITE4,V06,D0117,KA01AB0149,logout,1785108600000,1785108780000,22.41,24.01,12,2,closed,true
T005826,1782432000000,S2,shuttle,SITE2,V12,D0334,KA01AB0215,login,1782462600000,1782462600000,37.19,38.18,24,3,closed,true
T005827,1783468800000,S3,nodal,SITE3,V10,D0168,KA01AB0379,logout,1783467000000,1783467180000,27.03,28.74,12,1,closed,true
T005828,1783209600000,S1,cab,SITE3,V12,D0203,KA01AB1988,logout,1783251000000,1783252560000,16.86,18.15,4,1,closed,true
T005829,1781481600000,S1,nodal,SITE1,V07,D0249,KA01AB0412,logout,1781523000000,1781523180000,11.21,12.66,12,6,closed,true
T005830,1786924800000,S3,cab,SITE1,V12,D0332,KA01AB0731,logout,1786923000000,1786923120000,22.25,25.53,4,4,closed,true
T005831,1781049600000,S1,cab,SITE1,V05,D0302,KA01AB0410,login,1781058600000,1781058840000,42.78,46.39,4,2,closed,true
T005832,1780790400000,S3,cab,SITE1,V11,D0053,KA01AB1713,logout,1780788600000,1780790700000,36.94,38.42,4,3,closed,true
T005833,1780876800000,S2,shuttle,SITE4,V03,D0363,KA01AB1118,logout,1780939800000,1780939980000,17.15,19.51,24,20,closed,true
T005834,1782432000000,S2,nodal,SITE1,V12,D0360,KA01AB0925,login,1782462600000,1782462780000,34.43,35.57,12,7,closed,true
T005835,1782518400000,S1,shuttle,SITE4,V12,D0075,KA01AB1085,login,1782527400000,1782527460000,19.54,22.08,24,7,closed,true
T005836,1784937600000,S2,nodal,SITE3,V01,D0053,KA01AB0646,login,1784968200000,1784968440000,24.68,25.59,12,10,closed,true
T005837,1783036800000,S1,nodal,SITE4,V08,D0101,KA01AB1283,login,1783045800000,1783046040000,22.62,25.92,12,11,closed,true
T005838,1783123200000,S1,nodal,SITE2,V04,D0146,KA01AB1175,logout,1783164600000,1783164600000,21.97,23.96,12,1,closed,true
T005839,1787356800000,S2,nodal,SITE1,V06,D0222,KA01AB0606,logout,1787419800000,1787419860000,30.28,29.49,12,8,closed,true
T005840,1786838400000,S3,cab,SITE4,V01,D0230,KA01AB0225,logout,1786836600000,1786836840000,27.52,26.28,4,4,closed,true
T005841,1786147200000,S3,nodal,SITE2,V12,D0146,KA01AB1145,login,1786203000000,1786203180000,39.11,43.30,12,1,closed,true
T005842,1786579200000,S3,shuttle,SITE4,V08,D0089,KA01AB1996,logout,1786577400000,1786577460000,9.35,9.39,24,19,closed,true
T005843,1782172800000,S3,nodal,SITE1,V12,D0065,KA01AB1527,login,1782228600000,1782228660000,13.27,14.78,12,8,closed,true
T005844,1786838400000,S1,nodal,SITE4,V04,D0364,KA01AB1296,login,1786847400000,1786847460000,41.05,46.24,12,9,closed,true
T005845,1781395200000,S2,nodal,SITE1,V02,D0108,KA01AB0741,login,1781425800000,1781426040000,40.54,45.63,12,10,closed,true
T005846,1782950400000,S2,nodal,SITE4,V07,D0034,KA01AB0913,login,1782981000000,1782981000000,23.31,24.09,12,3,closed,true
T005847,1785196800000,S2,cab,SITE4,V04,D0170,KA01AB0685,login,1785227400000,1785227640000,10.52,11.99,4,4,closed,true
T005848,1785283200000,S3,nodal,SITE1,V10,D0270,KA01AB1317,login,1785339000000,1785339240000,35.31,35.48,12,11,closed,true
T005849,1782000000000,S1,shuttle,SITE2,V12,D0097,KA01AB1877,login,1782009000000,1782009240000,40.20,42.22,24,23,closed,true
T005850,1782864000000,S1,cab,SITE2,V04,D0297,KA01AB0538,logout,1782905400000,1782906120000,17.57,17.65,4,3,closed,true
T005851,1784505600000,S1,cab,SITE4,V12,D0345,KA01AB1745,logout,1784547000000,1784547060000,12.27,11.82,4,4,closed,true
T005852,1787529600000,S1,nodal,SITE1,V03,D0072,KA01AB1308,login,1787538600000,1787538660000,15.72,17.06,12,4,closed,true
T005853,1785542400000,S2,cab,SITE1,V09,D0149,KA01AB1092,logout,1785605400000,1785605400000,39.05,38.11,4,2,closed,true
T005854,1780876800000,S1,nodal,SITE3,V03,D0331,KA01AB1251,login,1780885800000,1780885860000,41.91,45.69,12,8,closed,true
T005855,1781395200000,S3,nodal,SITE4,V03,D0393,KA01AB0463,logout,1781393400000,1781393460000,17.41,18.34,12,1,closed,true
T005856,1784073600000,S2,cab,SITE1,V02,D0274,KA01AB0656,logout,1784136600000,1784136720000,20.51,19.91,4,1,closed,true
T005857,1782000000000,S2,nodal,SITE3,V02,D0041,KA01AB1526,login,1782030600000,1782030720000,18.03,20.39,12,4,closed,true
T005858,1783987200000,S2,cab,SITE1,V10,D0015,KA01AB0410,login,1784017800000,1784018040000,35.58,35.50,4,1,closed,true
T005859,1782950400000,S3,nodal,SITE3,V07,D0004,KA01AB1926,login,1783006200000,1783006380000,33.32,36.52,12,11,closed,true
T005860,1787443200000,S1,nodal,SITE2,V11,D0229,KA01AB0652,login,1787452200000,1787452260000,26.63,26.98,12,6,closed,true
T005861,1787961600000,S2,nodal,SITE3,V01,D0123,KA01AB1185,logout,1788024600000,1788024660000,9.50,9.60,12,12,closed,true
T005862,1787788800000,S2,cab,SITE1,V12,D0101,KA01AB0230,login,1787819400000,1787819640000,27.94,30.82,4,4,closed,true
T005863,1787097600000,S3,cab,SITE2,V10,D0086,KA01AB1854,login,1787153400000,1787153580000,25.49,28.75,4,2,closed,true
T005864,1787443200000,S2,cab,SITE3,V10,D0293,KA01AB1487,logout,1787506200000,1787506680000,36.85,42.15,4,4,closed,true
T005865,1782950400000,S1,nodal,SITE3,V06,D0363,KA01AB1945,logout,1782991800000,1782991860000,35.21,40.22,12,1,closed,true
T005866,1783728000000,S1,nodal,SITE1,V03,D0076,KA01AB1364,login,1783737000000,1783737180000,9.30,8.99,12,1,closed,true
T005867,1785110400000,S2,nodal,SITE2,V08,D0077,KA01AB1185,logout,1785173400000,1785173400000,38.49,36.92,12,10,closed,true
T005868,1788134400000,S1,nodal,SITE1,V07,D0263,KA01AB0882,logout,1788175800000,1788175800000,30.36,29.07,12,8,closed,true
T005869,1783641600000,S3,shuttle,SITE3,V09,D0304,KA01AB1343,logout,1783639800000,1783639860000,29.04,33.31,24,3,closed,true
T005870,1783209600000,S2,nodal,SITE2,V06,D0203,KA01AB1939,logout,1783272600000,1783272780000,10.17,10.60,12,10,closed,true
T005871,1783555200000,S3,shuttle,SITE4,V07,D0029,KA01AB1928,login,1783611000000,1783611060000,24.00,26.77,24,11,closed,true
T005872,1780876800000,S1,cab,SITE4,V11,D0369,KA01AB1701,logout,1780918200000,1780918380000,39.60,38.87,4,3,closed,true
T005873,1787184000000,S2,cab,SITE4,V03,D0234,KA01AB0829,login,1787214600000,,32.47,33.54,4,4,open,true
T005874,1781654400000,S1,nodal,SITE1,V11,D0229,KA01AB1233,login,1781663400000,1781663520000,29.62,29.38,12,2,closed,true
T005875,1782518400000,S1,nodal,SITE2,V11,D0078,KA01AB0909,logout,1782559800000,1782560040000,19.38,21.84,12,12,closed,true
T005876,1787443200000,S1,cab,SITE4,V04,D0335,KA01AB1248,logout,1787484600000,1787484600000,19.45,19.32,4,2,closed,true
T005877,1787702400000,S1,nodal,SITE1,V05,D0308,KA01AB1275,login,1787711400000,1787711460000,31.10,33.66,12,10,closed,true
T005878,1786147200000,S3,cab,SITE3,V07,D0260,KA01AB0934,login,1786203000000,1786203060000,15.90,17.05,4,3,closed,true
T005879,1786233600000,S1,nodal,SITE2,V10,D0246,KA01AB0835,login,1786242600000,1786242600000,20.68,23.42,12,12,closed,true
T005880,1781395200000,S3,nodal,SITE2,V06,D0301,KA01AB1339,login,1781451000000,1781451120000,37.24,38.22,12,10,closed,true
T005881,1782604800000,S1,shuttle,SITE1,V05,D0255,KA01AB1432,login,1782613800000,1782613800000,10.85,12.03,24,22,closed,true
T005882,1787788800000,S3,shuttle,SITE2,V03,D0391,KA01AB0034,logout,1787787000000,1787787060000,19.22,21.94,24,24,closed,true
T005883,1787270400000,S2,cab,SITE2,V12,D0026,KA01AB0607,login,1787301000000,1787301480000,36.41,38.80,4,4,closed,true
T005884,1784419200000,S1,cab,SITE1,V04,D0150,KA01AB0892,login,1784428200000,1784428380000,31.95,34.24,4,1,closed,true
T005885,1785888000000,S2,shuttle,SITE1,V12,D0130,KA01AB0810,login,1785918600000,1785921300000,19.42,21.93,24,12,closed,true
T005886,1785110400000,S1,nodal,SITE1,V07,D0052,KA01AB1803,login,1785119400000,1785119460000,38.72,40.63,12,7,closed,true
T005887,1783900800000,S1,cab,SITE4,V12,D0296,KA01AB1537,logout,1783942200000,1783942440000,36.44,40.28,4,3,closed,true
T005888,1782950400000,S3,shuttle,SITE1,V11,D0074,KA01AB0162,login,1783006200000,1783006440000,39.27,41.54,24,22,closed,true
T005889,1786665600000,S3,nodal,SITE4,V10,D0138,KA01AB1514,login,1786721400000,1786721520000,32.87,32.21,12,8,closed,true
T005890,1785110400000,S1,nodal,SITE1,V05,D0307,KA01AB0398,logout,1785151800000,1785151860000,41.40,45.82,12,2,closed,true
T005891,1786147200000,S1,nodal,SITE2,V02,D0088,KA01AB1149,logout,1786188600000,1786188780000,11.92,12.00,12,9,closed,true
T005892,1781827200000,S2,cab,SITE3,V08,D0030,KA01AB1499,login,1781857800000,1781857800000,14.41,15.25,4,1,closed,true
T005893,1782691200000,S2,nodal,SITE1,V11,D0299,KA01AB0235,logout,1782754200000,1782754380000,40.07,38.58,12,1,closed,true
T005894,1788220800000,S3,shuttle,SITE1,V06,D0107,KA01AB1714,login,1788276600000,1788276600000,21.79,23.43,24,14,closed,true
T005895,1785628800000,S1,cab,SITE1,V10,D0077,KA01AB0444,logout,1785670200000,1785670440000,13.15,13.37,4,1,closed,true
T005896,1785801600000,S1,shuttle,SITE3,V02,D0207,KA01AB0553,login,1785810600000,1785810720000,23.14,25.11,24,11,closed,true
T005897,1781827200000,S1,nodal,SITE1,V07,D0116,KA01AB0336,login,1781836200000,1781836440000,17.96,18.23,12,4,closed,true
T005898,1783296000000,S2,shuttle,SITE2,V01,D0035,KA01AB0441,logout,1783359000000,1783359000000,13.57,15.48,24,6,closed,true
T005899,1785196800000,S2,cab,SITE4,V03,D0259,KA01AB1163,logout,1785259800000,1785260760000,42.69,44.40,4,1,closed,true
T005900,1786060800000,S2,nodal,SITE2,V07,D0187,KA01AB1251,login,1786091400000,1786091520000,23.14,24.58,12,2,closed,true
T005901,1785715200000,S2,nodal,SITE4,V05,D0044,KA01AB1761,login,1785745800000,1785748260000,39.87,38.34,12,7,closed,true
T005902,1784592000000,S3,nodal,SITE4,V03,D0056,KA01AB0582,login,1784647800000,1784647800000,13.82,15.15,12,8,closed,true
T005903,1780790400000,S2,cab,SITE4,V11,D0268,KA01AB1966,login,1780821000000,1780821240000,40.64,42.02,4,3,closed,true
T005904,1787788800000,S1,nodal,SITE2,V03,D0085,KA01AB1080,logout,1787830200000,1787830320000,9.15,10.50,12,8,closed,true
T005905,1786147200000,S1,cab,SITE2,V09,D0059,KA01AB0177,logout,1786188600000,1786188840000,34.35,37.10,4,3,closed,true
T005906,1783641600000,S3,nodal,SITE4,V11,D0292,KA01AB0066,logout,1783639800000,1783639860000,26.33,25.23,12,9,closed,true
T005907,1787875200000,S3,cab,SITE2,V01,D0174,KA01AB1513,login,1787931000000,1787931240000,33.67,36.18,4,1,closed,true
T005908,1785974400000,S1,shuttle,SITE2,V05,D0071,KA01AB1111,login,1785983400000,1785983580000,16.03,15.68,24,18,closed,true
T005909,1783900800000,S3,nodal,SITE2,V05,D0190,KA01AB1894,logout,1783899000000,1783899120000,16.63,16.81,12,6,closed,true
T005910,1781136000000,S2,nodal,SITE4,V05,D0226,KA01AB0740,logout,1781199000000,1781199060000,25.12,25.39,12,1,closed,true
T005911,1784332800000,S2,cab,SITE1,V04,D0003,KA01AB1055,login,1784363400000,1784363400000,25.90,28.43,4,1,closed,true
T005912,1782691200000,S2,nodal,SITE2,V07,D0234,KA01AB0576,login,1782721800000,1782722640000,25.08,26.96,12,1,closed,true
T005913,1788480000000,S2,cab,SITE3,V06,D0114,KA01AB0795,login,1788510600000,1788510660000,10.55,10.49,4,2,closed,true
T005914,1784246400000,S2,shuttle,SITE4,V12,D0312,KA01AB0572,login,1784277000000,1784277000000,27.22,30.06,24,5,closed,true
T005915,1788480000000,S2,shuttle,SITE3,V09,D0295,KA01AB0412,logout,1788543000000,1788543120000,9.91,10.38,24,3,closed,true
T005916,1785196800000,S1,shuttle,SITE4,V09,D0335,KA01AB0538,logout,1785238200000,1785238440000,42.14,43.75,24,18,closed,true
T005917,1784678400000,S1,nodal,SITE1,V11,D0056,KA01AB0910,logout,1784719800000,1784719800000,38.87,41.11,12,5,closed,true
T005918,1788393600000,S1,nodal,SITE1,V09,D0173,KA01AB1369,logout,1788435000000,1788435180000,16.28,16.16,12,1,closed,true
T005919,1786838400000,S2,cab,SITE2,V04,D0045,KA01AB1417,login,1786869000000,1786869000000,38.41,43.87,4,3,closed,true
T005920,1782864000000,S1,cab,SITE2,V06,D0085,KA01AB1264,logout,1782905400000,1782905640000,38.34,42.21,4,4,closed,true
T005921,1782691200000,S1,nodal,SITE2,V06,D0164,KA01AB0514,login,1782700200000,1782700260000,14.44,16.02,12,4,closed,true
T005922,1787270400000,S3,cab,SITE2,V03,D0248,KA01AB0036,login,1787326200000,1787326320000,36.74,35.78,4,4,closed,true
T005923,1783728000000,S1,nodal,SITE3,V09,D0108,KA01AB0705,login,1783737000000,1783737000000,25.71,26.74,12,11,closed,true
T005924,1785888000000,S3,cab,SITE4,V06,D0349,KA01AB0974,login,1785943800000,1785945540000,29.69,33.85,4,2,closed,true
T005925,1780963200000,S2,shuttle,SITE2,V04,D0198,KA01AB0880,login,1780993800000,1780993860000,28.58,32.26,24,17,closed,true
T005926,1781395200000,S2,shuttle,SITE3,V03,D0148,KA01AB0262,login,1781425800000,1781425800000,9.66,10.23,24,6,closed,true
T005927,1785110400000,S2,cab,SITE2,V10,D0030,KA01AB1365,logout,1785173400000,1785173640000,36.84,36.56,4,2,closed,true
T005928,1788134400000,S3,nodal,SITE1,V11,D0302,KA01AB0709,logout,1788132600000,1788132780000,22.27,24.91,12,2,closed,true
T005929,1782000000000,S2,cab,SITE3,V05,D0078,KA01AB0733,logout,1782063000000,1782063180000,10.35,10.23,4,4,closed,true
T005930,1785801600000,S3,cab,SITE1,V03,D0056,KA01AB0191,logout,1785799800000,1785799800000,15.75,15.60,4,3,closed,true
T005931,1787702400000,S1,shuttle,SITE4,V06,D0313,KA01AB0080,login,1787711400000,1787711460000,40.38,39.43,24,16,closed,true
T005932,1785542400000,S3,nodal,SITE3,V11,D0399,KA01AB1363,login,1785598200000,1785598380000,36.96,42.23,12,9,closed,true
T005933,1787356800000,S1,cab,SITE3,V03,D0107,KA01AB1004,login,1787365800000,1787366040000,36.76,39.31,4,2,closed,true
T005934,1782518400000,S2,nodal,SITE2,V03,D0341,KA01AB1163,login,1782549000000,1782549240000,28.59,32.81,12,7,closed,true
T005935,1786752000000,S2,nodal,SITE4,V09,D0345,KA01AB0583,login,1786782600000,1786782600000,24.59,24.70,12,3,closed,true
T005936,1785196800000,S2,nodal,SITE4,V12,D0079,KA01AB1708,login,1785227400000,1785227520000,38.85,41.98,12,7,closed,true
T005937,1785974400000,S3,nodal,SITE1,V07,D0011,KA01AB0711,logout,1785972600000,1785972600000,29.84,33.84,12,5,closed,false
T005938,1782086400000,S2,nodal,SITE1,V02,D0317,KA01AB1628,login,1782117000000,1782117060000,15.00,16.06,12,12,closed,true
T005939,1787011200000,S2,cab,SITE2,V03,D0174,KA01AB1727,login,1787041800000,1787041800000,38.53,42.67,4,3,closed,true
T005940,1784160000000,S2,shuttle,SITE3,V08,D0307,KA01AB1951,login,1784190600000,1784190660000,29.99,33.23,24,17,closed,true
T005941,1781308800000,S1,cab,SITE1,V05,D0384,KA01AB1933,login,1781317800000,1781319720000,36.45,40.90,4,1,closed,true
T005942,1783209600000,S2,nodal,SITE2,V09,D0250,KA01AB0642,logout,1783272600000,1783272600000,30.98,32.36,12,11,closed,true
T005943,1785888000000,S2,shuttle,SITE4,V05,D0124,KA01AB0160,logout,1785951000000,1785951000000,27.90,29.54,24,5,closed,true
T005944,1788393600000,S2,cab,SITE1,V08,D0011,KA01AB1136,login,1788424200000,1788424200000,21.08,20.17,4,2,closed,true
T005945,1786320000000,S3,nodal,SITE4,V11,D0378,KA01AB0413,logout,1786318200000,1786318260000,17.03,18.51,12,11,closed,true,UNEXPECTED_EXTRA_FIELD
T005946,1781913600000,S2,cab,SITE2,V11,D0212,KA01AB0664,login,1781944200000,,8.16,8.61,4,2,open,true
T005947,1786492800000,S1,nodal,SITE2,V04,D0067,KA01AB1169,logout,1786534200000,1786534380000,32.21,33.14,12,3,closed,true
T005948,1783900800000,S3,cab,SITE3,V01,D0048,KA01AB0045,logout,1783899000000,1783899180000,31.01,31.02,4,3,closed,true
T005949,1783987200000,S2,shuttle,SITE3,V08,D0126,KA01AB0584,login,1784017800000,1784017980000,38.49,43.95,24,14,closed,true
T005950,1783728000000,S1,shuttle,SITE4,V08,D0178,KA01AB0394,logout,1783769400000,1783769520000,18.70,17.78,24,5,closed,true
T005951,1783382400000,S1,nodal,SITE3,V01,D0249,KA01AB0660,login,1783391400000,1783391580000,25.78,28.11,12,2,closed,true
T005952,1786233600000,S1,shuttle,SITE4,V11,D0266,KA01AB0056,logout,1786275000000,1786277220000,36.02,35.41,24,12,closed,true
T005953,1783382400000,S1,cab,SITE2,V05,D0352,KA01AB0100,logout,1783423800000,1783424040000,8.07,7.83,4,3,closed,true
T005954,1782604800000,S3,cab,SITE4,V01,D0049,KA01AB0787,logout,1782603000000,1782603000000,14.37,14.83,4,1,closed,true
T005955,1782777600000,S3,nodal,SITE2,V01,D0118,KA01AB0389,login,1782833400000,1782833640000,35.67,36.98,12,6,closed,true
T005956,1788134400000,S1,shuttle,SITE1,V04,D0305,KA01AB0110,logout,1788175800000,1788175800000,27.62,29.54,24,16,closed,true
T005957,1783555200000,S1,cab,SITE3,V02,D0008,KA01AB1060,logout,1783596600000,1783596660000,37.54,41.94,4,1,closed,true
T005958,1785974400000,S2,shuttle,SITE2,V12,D0089,KA01AB1761,logout,1786037400000,1786037520000,22.44,23.08,24,18,closed,true
T005959,1782000000000,S3,nodal,SITE3,V07,D0019,KA01AB1903,login,1782055800000,1782056040000,16.25,17.58,12,12,closed,true
T005960,1783555200000,S1,cab,SITE2,V10,D0313,KA01AB1259,login,1783564200000,1783564200000,41.63,41.19,4,3,closed,true
T005961,1786838400000,S1,nodal,SITE4,V12,D0314,KA01AB1375,logout,1786879800000,1786879920000,12.67,14.01,12,12,closed,true
T005962,1784592000000,S3,shuttle,SITE3,V04,D0117,KA01AB0007,logout,1784590200000,1784590380000,42.01,43.18,24,10,closed,true
T005963,1781481600000,S2,shuttle,SITE4,V05,D0233,KA01AB1092,logout,1781544600000,1781544780000,22.46,24.59,24,1,closed,true
T005964,1785024000000,S2,cab,SITE1,V01,D0380,KA01AB1741,login,1785054600000,1785054660000,18.01,19.31,4,2,closed,true
T005965,1787270400000,S3,shuttle,SITE4,V05,D0261,KA01AB0268,login,1787326200000,1787328240000,18.66,20.88,24,6,closed,true
T005966,1788393600000,S1,cab,SITE3,V12,D0374,KA01AB1650,login,1788402600000,1788402600000,27.52,30.03,4,4,closed,true
T005967,1784678400000,S2,cab,SITE4,V11,D0204,KA01AB0800,logout,1784741400000,1784742660000,27.50,27.55,4,1,closed,true
T005968,1783728000000,S2,cab,SITE1,V06,D0236,KA01AB1422,login,1783758600000,1783760760000,30.02,29.71,4,4,closed,true
T005969,1782777600000,S3,nodal,SITE3,V12,D0023,KA01AB0951,login,1782833400000,1782833640000,8.57,8.84,12,5,closed,true
T005970,1784851200000,S2,nodal,SITE1,V01,D0368,KA01AB0117,login,1784881800000,1784882640000,36.42,38.01,12,2,closed,true
T005971,1785456000000,S2,cab,SITE4,V09,D0385,KA01AB1658,logout,1785519000000,1785520080000,38.80,37.64,4,2,closed,true
T005972,1788307200000,S1,nodal,SITE3,V04,D0262,KA01AB0769,logout,1788348600000,1788348780000,25.22,27.15,12,1,closed,true
T005973,1784246400000,S2,nodal,SITE3,V02,D0358,KA01AB0421,logout,1784309400000,1784309520000,25.55,28.52,12,11,closed,true
T005974,1787702400000,S3,cab,SITE1,V11,D0054,KA01AB0035,logout,1787700600000,,8.50,8.28,4,3,open,true
T005975,1785801600000,S1,nodal,SITE4,V10,D0079,KA01AB0969,login,1785810600000,1785810960000,34.65,39.81,12,2,closed,true
T005976,1781481600000,S3,nodal,SITE2,V07,D0256,KA01AB1359,logout,1781479800000,1781480040000,37.47,35.95,12,1,closed,true
T005977,1781049600000,S2,cab,SITE2,V11,D0180,KA01AB1280,logout,1781112600000,1781112840000,42.17,42.04,4,2,closed,true
T005978,1786579200000,S1,cab,SITE2,V01,D0331,KA01AB0094,login,1786588200000,1786588320000,26.48,27.54,4,3,closed,true
T005979,1783296000000,S1,nodal,SITE1,V08,D0060,KA01AB1341,logout,1783337400000,,15.21,17.38,12,8,open,true
T005980,1783900800000,S3,nodal,SITE1,V08,D0193,KA01AB0364,logout,1783899000000,1783899240000,40.36,45.55,12,5,closed,true
T005981,1787788800000,S3,nodal,SITE1,V06,D0212,KA01AB1994,logout,1787787000000,1787787060000,29.92,33.36,12,8,closed,true
T005982,1788480000000,S3,shuttle,SITE2,V10,D0057,KA01AB0974,logout,1788478200000,1788478260000,16.49,17.45,24,23,closed,true
T005983,1783036800000,S2,nodal,SITE2,V08,D0082,KA01AB1792,login,1783067400000,1783067460000,40.04,45.62,12,8,closed,true
T005984,1781049600000,S1,cab,SITE2,V04,D0227,KA01AB1857,logout,1781091000000,1781091060000,34.58,33.16,4,1,closed,true,UNEXPECTED_EXTRA_FIELD
T005985,1788220800000,S3,shuttle,SITE2,V07,D0033,KA01AB1379,logout,1788219000000,1788221640000,41.76,44.48,24,22,closed,true
T005986,1788307200000,S2,shuttle,SITE3,V03,D0355,KA01AB0360,login,1788337800000,1788337860000,29.83,33.47,24,4,closed,true
T005987,1788393600000,S1,shuttle,SITE3,V05,D0202,KA01AB0742,login,1788402600000,1788404760000,36.21,39.68,24,16,closed,true
T005988,1782086400000,S2,shuttle,SITE4,V11,D0278,KA01AB1123,logout,1782149400000,1782151800000,33.96,34.46,24,9,closed,true
T005989,1784332800000,S3,cab,SITE2,V03,D0030,KA01AB0305,login,1784388600000,1784388720000,9.63,10.82,4,4,closed,true
T005990,1787961600000,S3,nodal,SITE1,V02,D0109,KA01AB0493,login,1788017400000,1788017400000,22.29,23.67,12,4,closed,true
T005991,1783987200000,S2,cab,SITE4,V07,D0000,KA01AB0908,logout,1784050200000,1784052780000,19.20,20.90,4,3,closed,false
T005992,1780963200000,S3,nodal,SITE3,V07,D0159,KA01AB0052,login,1781019000000,1781019060000,38.31,39.00,12,9,closed,true
T005993,1784160000000,S3,shuttle,SITE4,V12,D0376,KA01AB1827,logout,1784158200000,1784158320000,32.36,34.30,24,12,closed,true
T005994,1782604800000,S1,nodal,SITE1,V04,D0018,KA01AB0438,login,1782613800000,1782613920000,19.41,21.23,12,3,closed,true
T005995,1785974400000,S2,shuttle,SITE3,V07,D0191,KA01AB1449,logout,1786037400000,1786037580000,34.72,38.22,24,8,closed,true
T005996,1781049600000,S2,shuttle,SITE3,V11,D0165,KA01AB0485,login,1781080200000,1781080320000,36.02,36.82,24,3,closed,true
T005997,1786060800000,S3,cab,SITE1,V12,D0257,KA01AB0644,login,1786116600000,1786116780000,13.24,14.40,4,3,closed,true
T005998,1781222400000,S2,cab,SITE1,V01,D0063,KA01AB0648,logout,1781285400000,1781285580000,16.87,17.42,4,4,closed,false
T005999,1786492800000,S1,nodal,SITE1,V02,D0193,KA01AB0050,login,1786501800000,1786502760000,26.39,27.47,12,3,closed,true
T006000,1786752000000,S2,cab,SITE2,V04,D0186,KA01AB1712,login,1786782600000,,21.32,23.91,4,3,open,true
T006001,1780876800000,S1,shuttle,SITE1,V05,D0018,KA01AB0480,login,1780885800000,1780885980000,15.40,16.38,24,24,closed,true
T006002,1784505600000,S3,nodal,SITE3,V07,D0064,KA01AB1510,login,1784561400000,1784561400000,23.85,26.39,12,4,closed,true
T006003,1782172800000,S2,cab,SITE2,V10,D0212,KA01AB1828,login,1782203400000,1782203640000,41.12,46.18,4,4,closed,true
T006004,1780876800000,S1,shuttle,SITE1,V02,D0090,KA01AB0682,login,1780885800000,1780885980000,14.72,15.33,24,21,closed,true
T006005,1784073600000,S2,cab,SITE4,V11,D0341,KA01AB1951,logout,1784136600000,1784136600000,25.83,25.72,4,4,closed,true
T006006,1781395200000,S1,nodal,SITE3,V09,D0239,KA01AB0140,login,1781404200000,1781404440000,41.83,48.06,12,9,closed,true
T006007,1787616000000,S3,cab,SITE4,V07,D0155,KA01AB0741,logout,1787614200000,1787616900000,22.98,22.51,4,2,closed,true
T006008,1785456000000,S3,shuttle,SITE1,V05,D0246,KA01AB1090,logout,1785454200000,1785454200000,36.21,35.90,24,2,closed,true
T006009,1783641600000,S3,shuttle,SITE2,V10,D0337,KA01AB0316,logout,1783639800000,1783639800000,26.92,27.22,24,20,closed,true
T006010,1782086400000,S1,cab,SITE4,V06,D0321,KA01AB1608,logout,1782127800000,1782128460000,16.02,16.34,4,4,closed,true
T006011,1785110400000,S2,nodal,SITE1,V02,D0207,KA01AB0396,logout,1785173400000,1785173460000,37.76,42.38,12,2,closed,true
T006012,1781049600000,S2,shuttle,SITE3,V05,D0307,KA01AB0490,login,1781080200000,1781080380000,23.24,24.53,24,4,closed,true
T006013,1781395200000,S1,nodal,SITE2,V03,D0273,KA01AB0137,login,1781404200000,1781404320000,23.71,25.02,12,4,closed,true
T006014,1787961600000,S3,cab,SITE4,V08,D0244,KA01AB1609,login,1788017400000,1788017520000,37.81,41.51,4,4,closed,true
T006015,1788307200000,S1,shuttle,SITE4,V10,D0272,KA01AB0249,logout,1788348600000,1788348720000,9.04,8.94,24,14,closed,true
T006016,1787961600000,S3,nodal,SITE1,V03,D0215,KA01AB0131,logout,1787959800000,1787959860000,10.52,10.80,12,12,closed,true
T006017,1784851200000,S3,nodal,SITE2,V12,D0031,KA01AB0796,logout,1784849400000,1784849580000,12.34,12.94,12,9,closed,true
T006018,1781308800000,S1,shuttle,SITE1,V04,D0385,KA01AB1537,login,1781317800000,,40.73,45.42,24,22,open,true
T006019,1782777600000,S3,shuttle,SITE4,V11,D0281,KA01AB0241,logout,1782775800000,1782775800000,15.82,15.77,24,9,closed,true
T006020,1786406400000,S2,nodal,SITE2,V02,D0321,KA01AB0638,login,1786437000000,1786437240000,8.95,9.47,12,6,closed,true
T006021,1781049600000,S3,cab,SITE4,V08,D0167,KA01AB0466,login,1781105400000,1781105640000,21.71,21.60,4,3,closed,true
T006022,1782518400000,S1,nodal,SITE4,V06,D0012,KA01AB1439,login,1782527400000,1782527640000,37.68,39.68,12,7,closed,true
T006023,1781481600000,S3,cab,SITE1,V12,D0120,KA01AB1528,login,1781537400000,1781537640000,19.87,21.69,4,1,closed,true
T006024,1784332800000,S1,shuttle,SITE2,V09,D0199,KA01AB1113,login,1784341800000,1784343120000,10.82,11.58,24,11,closed,true
T006025,1782086400000,S3,shuttle,SITE1,V03,D0277,KA01AB1762,login,1782142200000,1782142260000,31.86,35.81,24,5,closed,true
T006026,1781913600000,S2,shuttle,SITE4,V12,D0030,KA01AB0548,logout,1781976600000,1781976780000,11.59,12.61,24,6,closed,true
T006027,1783814400000,S1,shuttle,SITE2,V05,D0141,KA01AB1890,login,1783823400000,1783823580000,23.62,25.59,24,7,closed,true
T006028,1783468800000,S3,shuttle,SITE1,V12,D0277,KA01AB1885,logout,1783467000000,1783467000000,39.45,40.49,24,24,closed,true
T006029,1783296000000,S1,cab,SITE3,V08,D0021,KA01AB1006,login,1783305000000,1783305000000,39.75,43.84,4,3,closed,true
T006030,1781222400000,S2,nodal,SITE4,V08,D0366,KA01AB0067,login,1781253000000,1781253240000,37.84,40.34,12,3,closed,true
T006031,1787011200000,S3,nodal,SITE3,V10,D0108,KA01AB0203,logout,1787009400000,1787009640000,42.15,41.08,12,10,closed,true
T006032,1787270400000,S2,nodal,SITE3,V06,D0000,KA01AB1093,login,1787301000000,1787301060000,28.79,28.83,12,9,closed,true
T006033,1783468800000,S1,shuttle,SITE3,V04,D0042,KA01AB1847,logout,1783510200000,1783510320000,36.25,37.59,24,17,closed,true
T006034,1782777600000,S3,nodal,SITE2,V12,D0300,KA01AB0863,login,1782833400000,1782833580000,32.38,33.99,12,5,closed,true
T006035,1782000000000,S1,cab,SITE1,V01,D0217,KA01AB0351,login,1782009000000,1782009060000,15.46,17.20,4,1,closed,true
T006036,1781308800000,S2,cab,SITE1,V03,D0311,KA01AB1215,logout,1781371800000,1781371980000,42.89,46.99,4,1,closed,true
T006037,1786233600000,S2,cab,SITE4,V07,D0253,KA01AB0942,login,1786264200000,1786264440000,12.48,12.04,4,2,closed,true
T006038,1786924800000,S2,shuttle,SITE3,V05,D0027,KA01AB1829,logout,1786987800000,1786987920000,33.83,34.04,24,17,closed,true
T006039,1787356800000,S3,nodal,SITE3,V08,D0092,KA01AB0127,login,1787412600000,1787413980000,12.74,12.69,12,5,closed,true
T006040,1787097600000,S3,nodal,SITE4,V01,D0293,KA01AB0421,login,1787153400000,1787153580000,37.98,43.25,12,9,closed,true
T006041,1783728000000,S2,nodal,SITE4,V08,D0349,KA01AB1604,login,1783758600000,1783758780000,35.83,40.06,12,9,closed,true
T006042,1780963200000,S2,cab,SITE4,V03,D0220,KA01AB0186,login,1780993800000,1780994040000,42.59,48.46,4,3,closed,true
T006043,1786752000000,S3,nodal,SITE4,V02,D0011,KA01AB1515,logout,1786750200000,1786750260000,40.30,38.42,12,9,closed,true
T006044,1788307200000,S3,nodal,SITE3,V09,D0090,KA01AB0413,logout,1788305400000,1788305640000,36.47,36.98,12,10,closed,true
T006045,1781568000000,S3,cab,SITE1,V10,D0066,KA01AB0498,login,1781623800000,,39.89,43.84,4,1,open,true
T006046,1782000000000,S3,cab,SITE1,V07,D0115,KA01AB1404,login,1782055800000,1782055800000,13.18,13.10,4,4,closed,true
T006047,1786492800000,S1,shuttle,SITE3,V04,D0072,KA01AB1775,login,1786501800000,1786502040000,16.97,18.80,24,21,closed,true
T006048,1785196800000,S2,cab,SITE4,V08,D0114,KA01AB0320,login,1785227400000,1785227460000,23.25,25.96,4,3,closed,true
T006049,1784419200000,S2,shuttle,SITE1,V05,D0368,KA01AB1121,login,1784449800000,1784449980000,15.20,17.47,24,9,closed,true
T006050,1782777600000,S3,cab,SITE4,V09,D0200,KA01AB0538,logout,1782775800000,1782775920000,17.76,16.91,4,4,closed,true
T006051,1786406400000,S3,nodal,SITE2,V05,D0117,KA01AB0846,logout,1786404600000,1786404840000,31.65,32.15,12,1,closed,true
T006052,1784592000000,S1,shuttle,SITE4,V09,D0033,KA01AB0242,login,1784601000000,1784601060000,35.09,35.83,24,6,closed,true
T006053,1785542400000,S3,cab,SITE4,V11,D0096,KA01AB1852,logout,1785540600000,1785540780000,36.76,41.39,4,2,closed,true
T006054,1784160000000,S1,cab,SITE1,V09,D0367,KA01AB0970,login,1784169000000,1784169000000,39.36,39.42,4,3,closed,true
T006055,1782950400000,S1,shuttle,SITE2,V05,D0299,KA01AB1045,login,1782959400000,1782959460000,32.30,34.27,24,12,closed,true
T006056,1786320000000,S3,nodal,SITE1,V12,D0353,KA01AB1385,logout,1786318200000,1786318440000,37.73,37.03,12,12,closed,true
T006057,1781049600000,S3,cab,SITE3,V02,D0032,KA01AB1197,logout,1781047800000,1781048040000,32.14,32.07,4,1,closed,true
T006058,1787529600000,S3,cab,SITE4,V07,D0334,KA01AB1928,login,1787585400000,1787586780000,32.80,32.75,4,2,closed,true
T006059,1782172800000,S3,nodal,SITE1,V07,D0150,KA01AB1604,logout,1782171000000,1782171180000,38.93,43.23,12,1,closed,true
T006060,1786492800000,S1,nodal,SITE1,V06,D0231,KA01AB0305,login,1786501800000,1786501980000,25.01,25.91,12,7,closed,true
T006061,1781395200000,S3,nodal,SITE2,V12,D0332,KA01AB1987,login,1781451000000,1781451180000,12.26,12.68,12,5,closed,true
T006062,1786665600000,S1,shuttle,SITE3,V04,D0348,KA01AB1393,logout,1786707000000,1786707000000,16.98,16.61,24,6,closed,true
T006063,1787616000000,S1,shuttle,SITE3,V11,D0314,KA01AB1482,login,1787625000000,1787625840000,22.91,23.97,24,5,closed,true
T006064,1785024000000,S2,cab,SITE4,V10,D0320,KA01AB1680,login,1785054600000,1785054600000,41.60,44.03,4,1,closed,true
T006065,1782432000000,S2,nodal,SITE2,V09,D0001,KA01AB1908,login,1782462600000,1782462600000,15.95,17.53,12,7,closed,true
T006066,1786579200000,S2,nodal,SITE1,V02,D0000,KA01AB0108,logout,1786642200000,1786642380000,33.39,36.28,12,10,closed,true
T006067,1787875200000,S1,nodal,SITE3,V10,D0061,KA01AB1284,logout,1787916600000,1787916720000,8.28,8.34,12,6,closed,true
T006068,1784764800000,S1,nodal,SITE3,V02,D0100,KA01AB0974,login,1784773800000,1784773860000,22.81,24.31,12,6,closed,true
T006069,1785801600000,S3,nodal,SITE4,V03,D0347,KA01AB0913,logout,1785799800000,1785799860000,29.05,32.81,12,7,closed,true
T006070,1785110400000,S3,cab,SITE1,V01,D0228,KA01AB0037,logout,1785108600000,1785108840000,18.33,20.07,4,3,closed,true
T006071,1787961600000,S2,shuttle,SITE4,V09,D0277,KA01AB0890,logout,1788024600000,1788024600000,10.24,10.55,24,8,closed,false
T006072,1784160000000,S3,shuttle,SITE2,V12,D0026,KA01AB1384,logout,1784158200000,1784160000000,13.73,13.94,24,8,closed,true
T006073,1785283200000,S3,nodal,SITE4,V12,D0286,KA01AB1052,login,1785339000000,1785339120000,19.17,20.33,12,9,closed,true
T006074,1783555200000,S2,nodal,SITE1,V09,D0293,KA01AB1750,logout,1783618200000,1783618320000,39.36,40.25,12,4,closed,true
T006075,1782086400000,S1,shuttle,SITE3,V07,D0064,KA01AB1240,logout,1782127800000,1782127920000,15.46,15.08,24,9,closed,true
T006076,1787875200000,S2,nodal,SITE2,V10,D0069,KA01AB0704,login,1787905800000,1787905860000,19.52,22.10,12,6,closed,true
T006077,1785628800000,S1,cab,SITE4,V12,D0364,KA01AB1355,logout,1785670200000,1785671520000,18.54,19.06,4,4,closed,true
T006078,1781481600000,S3,cab,SITE1,V07,D0335,KA01AB1876,login,1781537400000,1781537400000,29.74,28.32,4,3,closed,true
T006079,1785024000000,S2,shuttle,SITE2,V09,D0251,KA01AB1509,logout,1785087000000,1785087000000,42.04,45.92,24,22,closed,true
T006080,1781395200000,S3,shuttle,SITE2,V12,D0358,KA01AB0679,login,1781451000000,1781451120000,29.97,31.70,24,9,closed,true
T006081,1782604800000,S1,cab,SITE2,V03,D0128,KA01AB1102,login,1782613800000,1782614040000,22.47,24.66,4,1,closed,true
T006082,1784592000000,S3,nodal,SITE4,V07,D0235,KA01AB0392,login,1784647800000,1784647980000,40.69,38.68,12,3,closed,true
T006083,1787011200000,S1,nodal,SITE4,V06,D0153,KA01AB0287,login,1787020200000,1787020380000,18.86,19.57,12,2,closed,true
T006084,1783555200000,S3,shuttle,SITE4,V05,D0003,KA01AB0180,logout,1783553400000,1783553520000,28.93,27.62,24,10,closed,true
T006085,1781395200000,S3,shuttle,SITE3,V06,D0320,KA01AB0068,login,1781451000000,1781451000000,36.75,37.48,24,9,closed,true
T006086,1781049600000,S1,nodal,SITE3,V03,D0099,KA01AB0117,login,1781058600000,1781058780000,30.23,29.04,12,7,closed,true
T006087,1780963200000,S3,shuttle,SITE2,V09,D0209,KA01AB1664,login,1781019000000,1781019060000,29.83,28.99,24,3,closed,true
T006088,1786060800000,S1,shuttle,SITE2,V04,D0001,KA01AB1195,logout,1786102200000,1786102680000,35.90,39.18,24,12,closed,true
T006089,1781136000000,S2,nodal,SITE2,V10,D0382,KA01AB0078,logout,1781199000000,1781199420000,26.66,26.21,12,9,closed,true
T006090,1784851200000,S3,nodal,SITE1,V03,D0394,KA01AB0797,login,1784907000000,1784907240000,30.05,31.45,12,10,closed,true
T006091,1785542400000,S2,nodal,SITE3,V10,D0269,KA01AB1128,login,1785573000000,1785573180000,23.04,26.47,12,6,closed,true
T006092,1781654400000,S2,shuttle,SITE4,V12,D0261,KA01AB0280,login,1781685000000,1781685420000,21.82,24.19,24,7,closed,true
T006093,1782777600000,S3,nodal,SITE2,V04,D0197,KA01AB1290,login,1782833400000,1782833400000,39.06,38.21,12,4,closed,true
T006094,1782604800000,S1,nodal,SITE2,V04,D0195,KA01AB1091,login,1782613800000,1782613860000,21.49,24.23,12,7,closed,true
T006095,1782172800000,S3,shuttle,SITE2,V01,D0327,KA01AB0788,login,1782228600000,1782228840000,27.76,28.87,24,10,closed,true
T006096,1782086400000,S2,cab,SITE4,V04,D0273,KA01AB1231,logout,1782149400000,1782149520000,11.68,11.15,4,2,closed,true
T006097,1782000000000,S3,cab,SITE3,V10,D0093,KA01AB0965,login,1782055800000,1782056760000,30.14,30.46,4,4,closed,true
T006098,1788220800000,S2,shuttle,SITE4,V06,D0011,KA01AB1726,logout,1788283800000,1788284040000,28.80,31.03,24,15,closed,true
T006099,1785024000000,S3,shuttle,SITE2,V02,D0287,KA01AB0462,logout,1785022200000,1785022440000,15.65,16.06,24,1,closed,true
T006100,1787356800000,S1,nodal,SITE2,V02,D0102,KA01AB1792,login,1787365800000,1787365860000,23.16,23.40,12,6,closed,true
T006101,1785024000000,S1,cab,SITE3,V04,D0061,KA01AB0123,logout,1785065400000,1785065460000,31.64,35.65,4,2,closed,true
T006102,1782432000000,S2,shuttle,SITE2,V05,D0082,KA01AB1427,logout,1782495000000,1782495000000,27.89,27.77,24,12,closed,true
T006103,1786665600000,S1,nodal,SITE4,V09,D0302,KA01AB1550,logout,1786707000000,1786707000000,10.90,11.96,12,4,closed,true
T006104,1782345600000,S1,cab,SITE4,V11,D0033,KA01AB1863,logout,1782387000000,1782387180000,21.28,22.35,4,2,closed,true
T006105,1785888000000,S1,cab,SITE2,V05,D0154,KA01AB1052,login,1785897000000,1785897000000,12.91,14.10,4,1,closed,true
T006106,1787011200000,S1,cab,SITE3,V05,D0396,KA01AB0367,login,1787020200000,1787020380000,15.99,17.94,4,2,closed,true
T006107,1783900800000,S3,cab,SITE4,V02,D0351,KA01AB1548,login,1783956600000,1783956720000,18.11,17.88,4,1,closed,true
T006108,1783814400000,S1,cab,SITE2,V10,D0391,KA01AB0119,login,1783823400000,1783824120000,18.33,20.48,4,2,closed,true
T006109,1788048000000,S2,cab,SITE1,V07,D0275,KA01AB0365,login,1788078600000,1788078660000,34.33,37.50,4,2,closed,true
T006110,1785283200000,S2,nodal,SITE2,V06,D0196,KA01AB0930,logout,1785346200000,1785346320000,8.04,9.20,12,7,closed,true
T006111,1788393600000,S2,nodal,SITE1,V12,D0249,KA01AB1533,logout,1788456600000,1788456660000,8.91,9.23,12,2,closed,true
T006112,1785888000000,S2,nodal,SITE4,V08,D0367,KA01AB1077,logout,1785951000000,1785951000000,24.44,23.72,12,1,closed,true
T006113,1782432000000,S1,nodal,SITE3,V10,D0147,KA01AB1964,logout,1782473400000,1782475980000,34.49,33.91,12,2,closed,true
T006114,1781740800000,S2,nodal,SITE4,V07,D0062,KA01AB1761,logout,1781803800000,1781803920000,42.27,41.93,12,10,closed,true
T006115,1783728000000,S3,shuttle,SITE3,V02,D0267,KA01AB1115,logout,1783726200000,1783726260000,35.54,35.58,24,14,closed,true
T006116,1787356800000,S2,shuttle,SITE4,V03,D0195,KA01AB0533,logout,1787419800000,1787419800000,16.53,18.39,24,22,closed,true
T006117,1785110400000,S2,nodal,SITE4,V12,D0236,KA01AB0489,login,1785141000000,1785141120000,14.36,16.00,12,5,closed,true
T006118,1787616000000,S3,shuttle,SITE1,V09,D0204,KA01AB0049,logout,1787614200000,1787615280000,26.96,29.27,24,15,closed,false
T006119,1785369600000,S2,cab,SITE1,V06,D0245,KA01AB1867,logout,1785432600000,1785432840000,15.91,15.24,4,2,closed,true
T006120,1786838400000,S2,shuttle,SITE2,V12,D0360,KA01AB1706,login,1786869000000,1786869240000,15.28,17.51,24,18,closed,true
T006121,1782259200000,S1,nodal,SITE2,V08,D0020,KA01AB0804,logout,1782300600000,1782300780000,19.45,22.36,12,11,closed,true
T006122,1782950400000,S1,shuttle,SITE1,V10,D0095,KA01AB1933,logout,1782991800000,1782991920000,14.76,14.56,24,7,closed,true
T006123,1783728000000,S3,cab,SITE2,V02,D0341,KA01AB1230,login,1783783800000,1783783980000,15.21,17.34,4,2,closed,true
T006124,1783123200000,S2,cab,SITE4,V03,D0359,KA01AB1461,login,1783153800000,1783153980000,20.78,22.99,4,1,closed,true
T006125,1783296000000,S3,cab,SITE2,V03,D0174,KA01AB1298,login,1783351800000,1783351860000,31.10,34.90,4,4,closed,true
T006126,1780876800000,S3,cab,SITE4,V07,D0329,KA01AB0153,logout,1780875000000,1780875060000,16.79,18.14,4,4,closed,false
T006127,1783296000000,S1,cab,SITE3,V08,D0022,KA01AB0698,login,1783305000000,1783305060000,38.81,43.14,4,3,closed,true
T006128,1784937600000,S3,shuttle,SITE3,V03,D0355,KA01AB1956,login,1784993400000,1784993640000,10.64,10.61,24,1,closed,true
T006129,1787356800000,S1,cab,SITE1,V09,D0302,KA01AB0180,logout,1787398200000,1787398440000,28.67,32.25,4,3,closed,true
T006130,1782691200000,S3,nodal,SITE1,V06,D0024,KA01AB1728,login,1782747000000,1782747060000,36.82,40.92,12,5,closed,true
T006131,1782950400000,S2,cab,SITE4,V08,D0103,KA01AB1271,login,1782981000000,1782981120000,10.65,10.72,4,4,closed,true
T006132,1784764800000,S1,cab,SITE4,V11,D0197,KA01AB0235,login,1784773800000,1784773980000,28.28,32.16,4,2,closed,true
T006133,1785542400000,S2,nodal,SITE3,V08,D0077,KA01AB0604,login,1785573000000,1785573180000,37.92,36.48,12,7,closed,true
T006134,1784332800000,S3,nodal,SITE4,V07,D0033,KA01AB0901,logout,1784331000000,1784331000000,34.01,34.70,12,10,closed,false
T006135,1785369600000,S2,shuttle,SITE2,V02,D0148,KA01AB1209,login,1785400200000,1785400200000,26.97,29.36,24,17,closed,true
T006136,1780963200000,S1,cab,SITE3,V03,D0299,KA01AB1362,logout,1781004600000,1781004720000,11.38,11.10,4,4,closed,true
T006137,1782864000000,S2,cab,SITE2,V03,D0315,KA01AB0704,logout,1782927000000,1782927120000,22.51,22.63,4,2,closed,true
T006138,1786320000000,S2,shuttle,SITE3,V11,D0131,KA01AB0968,logout,1786383000000,1786384860000,16.56,16.09,24,16,closed,true
T006139,1783468800000,S2,nodal,SITE4,V09,D0120,KA01AB1568,logout,1783531800000,1783531980000,33.71,33.38,12,9,closed,true
T006140,1784592000000,S1,cab,SITE3,V01,D0019,KA01AB1790,logout,1784633400000,1784633580000,18.02,17.42,4,1,closed,true
T006141,1782518400000,S1,shuttle,SITE3,V06,D0020,KA01AB0347,login,1782527400000,1782527400000,27.36,27.79,24,15,closed,true
T006142,1785715200000,S1,cab,SITE2,V05,D0178,KA01AB1729,login,1785724200000,1785724200000,19.62,21.84,4,1,closed,true
T006143,1785801600000,S2,nodal,SITE1,V12,D0300,KA01AB1331,login,1785832200000,1785834060000,23.46,24.76,12,8,closed,true,UNEXPECTED_EXTRA_FIELD
T006144,1787616000000,S2,shuttle,SITE4,V10,D0124,KA01AB1148,logout,1787679000000,1787679240000,27.61,28.26,24,1,closed,true
T006145,1781136000000,S2,shuttle,SITE3,V08,D0078,KA01AB0321,logout,1781199000000,1781199060000,38.22,38.78,24,1,closed,true
T006146,1784678400000,S3,shuttle,SITE4,V11,D0375,KA01AB0215,logout,1784676600000,1784679060000,26.51,29.44,24,8,closed,true
T006147,1782172800000,S2,shuttle,SITE3,V08,D0267,KA01AB1092,login,1782203400000,1782203400000,40.15,40.08,24,19,closed,true
T006148,1786060800000,S3,shuttle,SITE1,V10,D0356,KA01AB1844,login,1786116600000,1786116600000,31.36,31.12,24,21,closed,true
T006149,1782000000000,S2,nodal,SITE3,V05,D0115,KA01AB1068,login,1782030600000,1782030600000,31.30,34.84,12,8,closed,true
T006150,1785196800000,S3,cab,SITE4,V01,D0177,KA01AB0109,login,1785252600000,1785252660000,41.08,39.71,4,1,closed,true
T006151,1785024000000,S2,nodal,SITE2,V12,D0117,KA01AB1453,logout,1785087000000,1785087000000,20.21,20.92,12,12,closed,true
T006152,1782864000000,S1,shuttle,SITE3,V04,D0202,KA01AB1583,login,1782873000000,1782873180000,8.68,9.97,24,17,closed,true
T006153,1783814400000,S1,shuttle,SITE4,V11,D0027,KA01AB0597,login,1783823400000,1783823520000,16.46,18.26,24,15,closed,true
T006154,1780963200000,S3,nodal,SITE4,V12,D0113,KA01AB1657,login,1781019000000,1781020440000,13.11,15.01,12,8,closed,true
T006155,1787270400000,S1,cab,SITE4,V01,D0120,KA01AB0322,logout,1787311800000,1787311920000,34.55,35.82,4,3,closed,true
T006156,1784160000000,S2,cab,SITE3,V10,D0104,KA01AB1856,logout,1784223000000,1784223060000,28.46,30.23,4,3,closed,true
T006157,1785715200000,S3,shuttle,SITE2,V08,D0269,KA01AB1403,login,1785771000000,1785771240000,14.29,16.33,24,20,closed,true
T006158,1783728000000,S3,shuttle,SITE3,V09,D0101,KA01AB1454,login,1783783800000,1783785960000,11.25,12.15,24,19,closed,true
T006159,1782691200000,S2,cab,SITE1,V02,D0105,KA01AB1459,logout,1782754200000,1782754320000,15.42,16.38,4,1,closed,true
T006160,1780963200000,S3,shuttle,SITE1,V12,D0223,KA01AB0474,logout,1780961400000,1780961640000,31.44,33.81,24,4,closed,true
T006161,1781136000000,S1,cab,SITE1,V10,D0262,KA01AB0653,logout,1781177400000,1781177580000,11.39,11.31,4,1,closed,true
T006162,1782086400000,S2,shuttle,SITE3,V03,D0264,KA01AB0770,logout,1782149400000,1782151680000,33.32,32.01,24,18,closed,true
T006163,1788048000000,S2,nodal,SITE2,V07,D0369,KA01AB0696,login,1788078600000,1788080400000,30.06,29.18,12,12,closed,true
T006164,1781827200000,S2,shuttle,SITE1,V03,D0063,KA01AB0595,login,1781857800000,1781857860000,16.52,17.02,24,24,closed,true
T006165,1781654400000,S2,nodal,SITE1,V05,D0366,KA01AB0728,login,1781685000000,1781685060000,20.43,23.24,12,4,closed,true
T006166,1782172800000,S2,shuttle,SITE1,V07,D0117,KA01AB0423,login,1782203400000,1782205020000,40.41,38.44,24,10,closed,true
T006167,1786320000000,S1,shuttle,SITE3,V10,D0035,KA01AB0887,login,1786329000000,1786329000000,20.11,20.30,24,14,closed,true
T006168,1787443200000,S2,cab,SITE4,V08,D0365,KA01AB0414,logout,1787506200000,1787508900000,26.06,26.39,4,2,closed,true
T006169,1784592000000,S1,cab,SITE3,V03,D0376,KA01AB1974,logout,1784633400000,1784633580000,15.53,14.80,4,3,closed,true
T006170,1787356800000,S1,cab,SITE3,V03,D0337,KA01AB1571,login,1787365800000,1787366220000,34.31,35.75,4,1,closed,true
T006171,1784073600000,S1,shuttle,SITE4,V09,D0081,KA01AB1556,logout,1784115000000,1784115000000,16.14,17.73,24,9,closed,true
T006172,1788393600000,S1,shuttle,SITE3,V10,D0094,KA01AB1506,logout,1788435000000,1788435060000,30.77,31.83,24,21,closed,true
T006173,1787184000000,S3,cab,SITE2,V10,D0269,KA01AB0806,login,1787239800000,1787239860000,16.94,17.65,4,1,closed,true
T006174,1782604800000,S1,shuttle,SITE3,V06,D0292,KA01AB0272,logout,1782646200000,1782646200000,17.75,17.55,24,16,closed,true
T006175,1786752000000,S3,shuttle,SITE3,V04,D0029,KA01AB1041,logout,1786750200000,1786751880000,12.37,12.80,24,20,closed,true
T006176,1781481600000,S1,shuttle,SITE4,V10,D0080,KA01AB1512,logout,1781523000000,1781525580000,20.10,20.67,24,16,closed,true,UNEXPECTED_EXTRA_FIELD
T006177,1782000000000,S3,cab,SITE4,V05,D0258,KA01AB1432,login,1782055800000,1782055800000,14.62,15.52,4,1,closed,true
T006178,1781136000000,S3,shuttle,SITE3,V05,D0009,KA01AB0000,logout,1781134200000,1781134200000,14.75,15.34,24,18,closed,true
T006179,1786060800000,S3,cab,SITE1,V04,D0208,KA01AB1116,login,1786116600000,1786116660000,25.59,24.58,4,3,closed,true
T006180,1784937600000,S2,cab,SITE1,V11,D0136,KA01AB1777,logout,1785000600000,1785000660000,42.70,42.70,4,1,closed,true
T006181,1788048000000,S3,cab,SITE3,V10,D0365,KA01AB1586,logout,1788046200000,1788046200000,29.69,30.92,4,2,closed,true
T006182,1785369600000,S2,cab,SITE3,V02,D0395,KA01AB1098,login,1785400200000,1785400200000,26.01,26.83,4,3,closed,true
T006183,1786579200000,S3,nodal,SITE1,V04,D0197,KA01AB1472,login,1786635000000,1786636800000,34.22,32.56,12,9,closed,true
T006184,1782000000000,S3,cab,SITE4,V07,D0061,KA01AB1545,logout,1781998200000,1781998380000,20.61,21.62,4,3,closed,true,UNEXPECTED_EXTRA_FIELD
T006185,1782172800000,S3,cab,SITE4,V04,D0371,KA01AB0991,logout,1782171000000,,18.81,21.24,4,1,open,true
T006186,1781136000000,S3,nodal,SITE2,V12,D0340,KA01AB1232,login,1781191800000,1781191860000,39.34,37.57,12,1,closed,true
T006187,1786665600000,S2,shuttle,SITE2,V02,D0312,KA01AB1201,login,1786696200000,1786696380000,17.72,18.91,24,6,closed,true
T006188,1784160000000,S1,nodal,SITE3,V06,D0049,KA01AB1017,login,1784169000000,1784169000000,40.59,45.01,12,7,closed,true
T006189,1784937600000,S3,cab,SITE1,V02,D0087,KA01AB0382,logout,1784935800000,1784935800000,18.30,18.77,4,4,closed,true
T006190,1787961600000,S1,nodal,SITE1,V12,D0115,KA01AB1060,logout,1788003000000,1788003000000,39.71,40.63,12,11,closed,true
T006191,1788134400000,S2,shuttle,SITE4,V03,D0366,KA01AB0982,login,1788165000000,1788165240000,10.01,9.90,24,18,closed,true
T006192,1783468800000,S2,cab,SITE2,V06,D0272,KA01AB0342,logout,1783531800000,1783531800000,33.24,32.19,4,2,closed,true
T006193,1785715200000,S2,nodal,SITE1,V01,D0049,KA01AB0816,login,1785745800000,1785745920000,31.83,30.35,12,9,closed,true,UNEXPECTED_EXTRA_FIELD
T006194,1787011200000,S3,shuttle,SITE2,V01,D0094,KA01AB0762,login,1787067000000,1787067180000,38.17,39.75,24,21,closed,true
T006195,1785196800000,S1,nodal,SITE1,V03,D0258,KA01AB1189,login,1785205800000,1785206220000,11.07,11.10,12,6,closed,true
T006196,1783814400000,S3,shuttle,SITE2,V06,D0172,KA01AB0022,login,1783870200000,1783870380000,19.64,19.82,24,13,closed,true
T006197,1784592000000,S3,shuttle,SITE2,V05,D0166,KA01AB0401,logout,1784590200000,1784590440000,33.05,35.65,24,7,closed,true
T006198,1787184000000,S2,cab,SITE1,V01,D0362,KA01AB0549,login,1787214600000,1787214780000,10.69,11.32,4,4,closed,true
T006199,1786233600000,S2,cab,SITE3,V10,D0191,KA01AB0117,login,1786264200000,1786264320000,12.82,14.01,4,2,closed,true
T006200,1783555200000,S1,shuttle,SITE4,V06,D0358,KA01AB1302,logout,1783596600000,1783597080000,30.47,29.98,24,24,closed,true
T006201,1781568000000,S1,nodal,SITE2,V06,D0270,KA01AB0905,logout,1781609400000,1781609400000,25.61,28.56,12,2,closed,true
T006202,1785974400000,S2,nodal,SITE3,V01,D0028,KA01AB0969,login,1786005000000,1786005120000,16.75,17.42,12,7,closed,true
T006203,1782691200000,S3,shuttle,SITE1,V03,D0018,KA01AB1564,logout,1782689400000,1782689460000,9.36,9.60,24,12,closed,true
T006204,1786406400000,S1,nodal,SITE1,V05,D0170,KA01AB1068,logout,1786447800000,1786448040000,22.56,24.08,12,9,closed,true
T006205,1782518400000,S1,nodal,SITE4,V04,D0317,KA01AB0886,login,1782527400000,1782527580000,19.24,20.12,12,7,closed,true
T006206,1783900800000,S3,cab,SITE3,V10,D0293,KA01AB0181,logout,1783899000000,1783899000000,8.81,9.46,4,4,closed,true
T006207,1784937600000,S3,shuttle,SITE4,V12,D0243,KA01AB0533,login,1784993400000,1784993580000,20.87,20.78,24,19,closed,true
T006208,1783123200000,S3,nodal,SITE2,V06,D0384,KA01AB0829,login,1783179000000,1783179240000,8.83,10.08,12,7,closed,true
T006209,1787443200000,S3,shuttle,SITE3,V11,D0118,KA01AB0647,login,1787499000000,1787499900000,37.37,38.72,24,4,closed,true
T006210,1781827200000,S3,cab,SITE2,V07,D0036,KA01AB0025,login,1781883000000,1781883240000,21.67,23.77,4,4,closed,true
T006211,1783209600000,S2,cab,SITE3,V08,D0067,KA01AB0812,login,1783240200000,1783240320000,31.08,32.44,4,1,closed,true
T006212,1785542400000,S2,nodal,SITE3,V08,D0164,KA01AB0991,logout,1785605400000,1785605880000,34.49,35.25,12,5,closed,true
T006213,1787529600000,S1,cab,SITE1,V07,D0221,KA01AB1443,login,1787538600000,1787539080000,23.52,26.68,4,4,closed,true
T006214,1782864000000,S1,cab,SITE3,V09,D0052,KA01AB0273,logout,1782905400000,1782905460000,41.90,46.21,4,1,closed,true
T006215,1783555200000,S2,cab,SITE4,V10,D0285,KA01AB1626,login,1783585800000,1783586040000,29.76,33.46,4,4,closed,true
T006216,1785628800000,S1,shuttle,SITE1,V02,D0300,KA01AB0610,logout,1785670200000,1785670260000,42.92,48.93,24,3,closed,true
T006217,1788134400000,S2,cab,SITE4,V10,D0354,KA01AB1809,login,1788165000000,1788165240000,30.83,32.30,4,4,closed,true
T006218,1781827200000,S2,nodal,SITE3,V07,D0008,KA01AB1105,logout,1781890200000,1781890380000,30.14,34.54,12,3,closed,false
T006219,1786492800000,S3,nodal,SITE3,V04,D0292,KA01AB0974,logout,1786491000000,1786492620000,23.73,24.47,12,7,closed,true
T006220,1784851200000,S2,cab,SITE1,V07,D0011,KA01AB1375,login,1784881800000,1784882040000,40.17,45.78,4,3,closed,true
T006221,1785110400000,S1,cab,SITE3,V08,D0006,KA01AB0070,login,1785119400000,1785119520000,41.60,47.25,4,2,closed,true
T006222,1784937600000,S1,cab,SITE3,V01,D0329,KA01AB0571,login,1784946600000,1784946720000,31.01,31.28,4,3,closed,true
T006223,1786233600000,S2,nodal,SITE2,V02,D0214,KA01AB1782,logout,1786296600000,1786296660000,42.91,46.39,12,11,closed,true
T006224,1784937600000,S2,shuttle,SITE1,V07,D0380,KA01AB1283,logout,1785000600000,1785000660000,35.74,39.10,24,19,closed,false
T006225,1788307200000,S1,nodal,SITE1,V08,D0242,KA01AB1073,login,1788316200000,1788316440000,36.22,38.20,12,9,closed,true
T006226,1782086400000,S1,cab,SITE2,V05,D0196,KA01AB0997,logout,1782127800000,1782127860000,16.38,15.81,4,1,closed,true
T006227,1782604800000,S3,nodal,SITE2,V05,D0101,KA01AB1422,logout,1782603000000,1782604800000,16.75,18.17,12,4,closed,true
T006228,1787616000000,S3,shuttle,SITE1,V04,D0327,KA01AB0859,logout,1787614200000,1787614320000,26.23,25.38,24,3,closed,true
T006229,1788393600000,S2,cab,SITE3,V05,D0122,KA01AB0088,logout,1788456600000,1788456720000,34.28,39.16,4,4,closed,true
T006230,1786406400000,S3,cab,SITE1,V01,D0212,KA01AB1670,logout,1786404600000,1786404720000,31.41,33.29,4,1,closed,true
T006231,1781913600000,S3,cab,SITE3,V12,D0250,KA01AB1549,logout,1781911800000,1781911800000,23.22,22.62,4,1,closed,true
T006232,1785196800000,S1,cab,SITE1,V06,D0356,KA01AB0221,login,1785205800000,1785206040000,18.82,21.09,4,4,closed,true
T006233,1781136000000,S3,nodal,SITE3,V11,D0382,KA01AB0649,logout,1781134200000,1781134620000,35.43,37.14,12,10,closed,true
T006234,1787529600000,S2,shuttle,SITE1,V10,D0305,KA01AB0451,login,1787560200000,1787560380000,30.21,34.52,24,22,closed,true
T006235,1784851200000,S1,cab,SITE4,V07,D0227,KA01AB1667,logout,1784892600000,1784894220000,36.11,39.01,4,2,closed,true
T006236,1787443200000,S1,shuttle,SITE4,V01,D0188,KA01AB1299,login,1787452200000,1787452680000,10.24,11.41,24,4,closed,true,UNEXPECTED_EXTRA_FIELD
T006237,1783555200000,S2,cab,SITE1,V07,D0066,KA01AB1872,login,1783585800000,1783585860000,24.01,26.14,4,1,closed,true
T006238,1787184000000,S2,shuttle,SITE3,V11,D0322,KA01AB0034,login,1787214600000,1787214720000,29.41,30.79,24,1,closed,true
T006239,1786579200000,S1,cab,SITE2,V09,D0282,KA01AB0742,logout,1786620600000,1786620720000,35.63,40.31,4,4,closed,true
T006240,1788048000000,S3,shuttle,SITE1,V09,D0202,KA01AB1656,login,1788103800000,1788103980000,19.67,22.27,24,4,closed,true
T006241,1783641600000,S3,cab,SITE3,V09,D0047,KA01AB0827,login,1783697400000,1783697520000,12.79,14.44,4,4,closed,true,UNEXPECTED_EXTRA_FIELD
T006242,1784505600000,S1,cab,SITE2,V10,D0146,KA01AB1425,login,1784514600000,1784514780000,14.88,15.06,4,4,closed,true
T006243,1783123200000,S3,cab,SITE4,V02,D0159,KA01AB0025,login,1783179000000,1783179240000,33.82,36.16,4,2,closed,true
T006244,1786579200000,S2,shuttle,SITE1,V12,D0357,KA01AB1015,logout,1786642200000,1786642440000,29.93,31.74,24,20,closed,true
T006245,1783296000000,S1,shuttle,SITE1,V06,D0266,KA01AB1683,logout,1783337400000,1783337460000,35.19,33.89,24,8,closed,true
T006246,1783468800000,S3,nodal,SITE2,V09,D0085,KA01AB1995,login,1783524600000,1783526820000,22.09,23.97,12,11,closed,true
T006247,1781827200000,S1,cab,SITE4,V08,D0292,KA01AB1078,logout,1781868600000,1781868660000,31.93,33.99,4,2,closed,true
T006248,1786320000000,S1,cab,SITE1,V03,D0230,KA01AB1052,login,1786329000000,1786329180000,17.13,18.10,4,1,closed,true
T006249,1782259200000,S2,cab,SITE4,V03,D0185,KA01AB0042,login,1782289800000,1782292020000,11.27,12.82,4,2,closed,true
T006250,1783123200000,S1,nodal,SITE3,V12,D0142,KA01AB0982,logout,1783164600000,1783164660000,39.74,44.06,12,2,closed,true
T006251,1782777600000,S1,nodal,SITE1,V10,D0256,KA01AB0822,logout,1782819000000,1782819240000,15.87,15.46,12,10,closed,true
T006252,1786233600000,S2,nodal,SITE3,V05,D0358,KA01AB0058,login,1786264200000,1786264440000,13.48,14.85,12,3,closed,true
T006253,1788393600000,S3,cab,SITE2,V01,D0254,KA01AB0261,login,1788449400000,1788449460000,24.98,28.27,4,2,closed,true
T006254,1784851200000,S1,nodal,SITE4,V08,D0027,KA01AB0308,logout,1784892600000,1784892780000,8.01,7.62,12,3,closed,true
T006255,1788480000000,S2,cab,SITE2,V05,D0306,KA01AB1660,login,1788510600000,1788510660000,41.07,42.07,4,2,closed,true,UNEXPECTED_EXTRA_FIELD
T006256,1785024000000,S2,nodal,SITE4,V12,D0363,KA01AB1283,logout,1785087000000,1785087180000,16.28,15.59,12,8,closed,false
T006257,1784851200000,S2,shuttle,SITE1,V06,D0236,KA01AB0986,login,1784881800000,1784882040000,30.49,32.72,24,19,closed,true
T006258,1784764800000,S2,nodal,SITE3,V12,D0031,KA01AB1816,logout,1784827800000,1784829300000,27.55,28.25,12,11,closed,true
T006259,1783209600000,S3,shuttle,SITE1,V01,D0273,KA01AB0799,login,1783265400000,1783265640000,30.45,30.96,24,24,closed,true
T006260,1781049600000,S2,shuttle,SITE2,V06,D0263,KA01AB0730,login,1781080200000,1781080200000,40.53,42.87,24,19,closed,true
T006261,1786233600000,S2,cab,SITE4,V08,D0318,KA01AB1191,login,1786264200000,1786266900000,11.62,12.69,4,4,closed,true
T006262,1788393600000,S3,cab,SITE2,V05,D0076,KA01AB1922,login,1788449400000,1788449580000,28.17,27.49,4,2,closed,true
T006263,1785801600000,S1,shuttle,SITE3,V01,D0376,KA01AB0430,login,1785810600000,1785812100000,40.60,43.68,24,10,closed,true
T006264,1782691200000,S2,shuttle,SITE2,V01,D0235,KA01AB0045,logout,1782754200000,1782754320000,30.16,32.99,24,2,closed,true
T006265,1785888000000,S1,shuttle,SITE4,V03,D0141,KA01AB0369,logout,1785929400000,1785929520000,22.15,23.08,24,5,closed,true
T006266,1786406400000,S3,cab,SITE2,V10,D0063,KA01AB1137,logout,1786404600000,1786406400000,22.79,22.84,4,3,closed,true
T006267,1781568000000,S3,cab,SITE3,V03,D0321,KA01AB1795,logout,1781566200000,1781566380000,20.43,21.84,4,2,closed,true
T006268,1785715200000,S2,shuttle,SITE1,V03,D0104,KA01AB0874,login,1785745800000,1785745800000,18.08,20.46,24,6,closed,true
T006269,1784592000000,S1,shuttle,SITE2,V11,D0127,KA01AB0610,logout,1784633400000,1784633580000,32.07,36.61,24,6,closed,true
T006270,1783641600000,S1,cab,SITE2,V12,D0177,KA01AB1760,logout,1783683000000,1783683060000,29.97,32.91,4,1,closed,true,UNEXPECTED_EXTRA_FIELD
T006271,1787616000000,S3,shuttle,SITE1,V04,D0051,KA01AB0691,logout,1787614200000,1787614320000,12.19,13.33,24,3,closed,true
T006272,1783468800000,S3,cab,SITE3,V01,D0101,KA01AB0160,login,1783524600000,1783524840000,18.34,19.77,4,2,closed,true
T006273,1787011200000,S3,shuttle,SITE1,V04,D0268,KA01AB1147,logout,1787009400000,,15.06,16.05,24,3,open,true
T006274,1783296000000,S3,shuttle,SITE4,V10,D0037,KA01AB0068,login,1783351800000,1783351860000,23.98,26.45,24,24,closed,true
T006275,1787097600000,S3,shuttle,SITE3,V02,D0014,KA01AB0566,login,1787153400000,1787153520000,29.80,28.66,24,9,closed,true
T006276,1783814400000,S1,cab,SITE3,V05,D0151,KA01AB1645,logout,1783855800000,1783856280000,21.30,24.43,4,2,closed,true
T006277,1787702400000,S2,shuttle,SITE1,V06,D0372,KA01AB1698,logout,1787765400000,1787765400000,31.94,36.55,24,2,closed,true
T006278,1781308800000,S1,shuttle,SITE3,V03,D0328,KA01AB1837,login,1781317800000,1781317800000,30.02,29.81,24,12,closed,true
T006279,1788220800000,S3,cab,SITE1,V05,D0151,KA01AB1994,logout,1788219000000,1788220320000,18.08,19.21,4,2,closed,true
T006280,1782864000000,S2,cab,SITE2,V12,D0128,KA01AB0240,login,1782894600000,1782894780000,12.93,14.26,4,2,closed,true
T006281,1786752000000,S2,nodal,SITE1,V08,D0320,KA01AB1481,logout,1786815000000,1786815060000,37.94,38.42,12,8,closed,true
T006282,1780963200000,S2,nodal,SITE3,V12,D0178,KA01AB0090,logout,1781026200000,1781026200000,14.87,14.63,12,9,closed,true
T006283,1784937600000,S1,nodal,SITE4,V09,D0155,KA01AB0504,logout,1784979000000,1784979060000,18.41,20.91,12,2,closed,true
T006284,1782345600000,S1,nodal,SITE3,V02,D0352,KA01AB1996,logout,1782387000000,1782387120000,37.59,41.73,12,3,closed,true
T006285,1782345600000,S1,shuttle,SITE1,V03,D0193,KA01AB0655,logout,1782387000000,1782387240000,33.34,33.93,24,5,closed,true
T006286,1786924800000,S3,cab,SITE1,V08,D0159,KA01AB1585,logout,1786923000000,1786923180000,18.30,18.63,4,4,closed,true
T006287,1786406400000,S3,cab,SITE2,V04,D0306,KA01AB1853,login,1786462200000,1786462260000,34.59,34.18,4,3,closed,true
T006288,1787616000000,S3,nodal,SITE4,V02,D0166,KA01AB0771,login,1787671800000,1787672040000,34.24,34.91,12,9,closed,true
T006289,1783900800000,S1,nodal,SITE4,V06,D0131,KA01AB0976,logout,1783942200000,1783942200000,14.94,14.40,12,7,closed,true
T006290,1785801600000,S1,nodal,SITE3,V08,D0224,KA01AB0174,login,1785810600000,1785810720000,25.95,29.12,12,6,closed,true
T006291,1783036800000,S1,shuttle,SITE2,V08,D0379,KA01AB1545,login,1783045800000,1783045800000,23.10,23.72,24,16,closed,true
T006292,1786492800000,S1,shuttle,SITE3,V05,D0251,KA01AB0318,login,1786501800000,1786501920000,27.31,30.83,24,5,closed,true
T006293,1786320000000,S3,shuttle,SITE3,V07,D0328,KA01AB1440,login,1786375800000,1786375860000,39.46,43.81,24,20,closed,true
T006294,1784073600000,S3,shuttle,SITE2,V09,D0073,KA01AB0952,logout,1784071800000,1784071980000,42.63,41.86,24,7,closed,false
T006295,1784937600000,S3,nodal,SITE1,V01,D0079,KA01AB1169,login,1784993400000,1784993580000,40.63,40.33,12,1,closed,true
T006296,1781827200000,S2,nodal,SITE3,V05,D0333,KA01AB1453,logout,1781890200000,1781890440000,16.22,17.66,12,9,closed,true
T006297,1785542400000,S1,cab,SITE3,V08,D0275,KA01AB0527,login,1785551400000,1785551520000,27.89,28.16,4,1,closed,true
T006298,1785196800000,S3,nodal,SITE3,V01,D0077,KA01AB1492,logout,1785195000000,1785195060000,42.34,45.12,12,12,closed,true
T006299,1786924800000,S3,shuttle,SITE4,V08,D0148,KA01AB1020,logout,1786923000000,1786923240000,8.60,9.13,24,3,closed,true
T006300,1787875200000,S1,cab,SITE2,V10,D0191,KA01AB1059,login,1787884200000,1787884440000,31.37,35.00,4,2,closed,true
T006301,1785369600000,S1,cab,SITE1,V04,D0060,KA01AB1696,login,1785378600000,1785378780000,25.99,26.36,4,2,closed,true
T006302,1782432000000,S1,shuttle,SITE2,V10,D0040,KA01AB0859,logout,1782473400000,1782473520000,17.92,18.45,24,21,closed,true
T006303,1782604800000,S1,nodal,SITE4,V10,D0368,KA01AB0697,login,1782613800000,1782614040000,28.33,28.25,12,10,closed,true
T006304,1786492800000,S1,cab,SITE1,V06,D0275,KA01AB0765,logout,1786534200000,1786536000000,25.21,25.53,4,2,closed,true
T006305,1786406400000,S1,cab,SITE4,V11,D0363,KA01AB0369,logout,1786447800000,1786447920000,14.69,15.86,4,1,closed,true
T006306,1783468800000,S1,cab,SITE3,V07,D0173,KA01AB0175,login,1783477800000,1783478040000,25.95,26.12,4,4,closed,true
T006307,1784678400000,S3,shuttle,SITE4,V02,D0168,KA01AB0484,login,1784734200000,1784734440000,24.51,23.44,24,10,closed,true
T006308,1788393600000,S2,cab,SITE4,V10,D0267,KA01AB1386,logout,1788456600000,1788456840000,17.55,17.30,4,2,closed,true
T006309,1787443200000,S3,nodal,SITE3,V08,D0335,KA01AB0491,login,1787499000000,1787499060000,28.27,31.25,12,3,closed,true
T006310,1783382400000,S1,shuttle,SITE4,V12,D0163,KA01AB0298,logout,1783423800000,1783423860000,36.72,35.75,24,13,closed,true
T006311,1781827200000,S2,shuttle,SITE1,V11,D0280,KA01AB1707,login,1781857800000,1781857800000,14.81,16.57,24,8,closed,true
T006312,1785801600000,S2,cab,SITE3,V10,D0280,KA01AB0401,login,1785832200000,1785832200000,40.09,42.91,4,3,closed,true
T006313,1781049600000,S1,shuttle,SITE1,V04,D0021,KA01AB0922,logout,1781091000000,1781091000000,8.57,9.17,24,9,closed,true
T006314,1788480000000,S3,shuttle,SITE2,V12,D0259,KA01AB1365,login,1788535800000,1788535860000,35.82,34.96,24,13,closed,true
T006315,1785542400000,S1,nodal,SITE2,V11,D0164,KA01AB1984,logout,1785583800000,1785583920000,10.05,10.64,12,2,closed,true
T006316,1781222400000,S2,cab,SITE2,V09,D0393,KA01AB0916,login,1781253000000,1781253120000,30.13,32.81,4,4,closed,true
T006317,1786320000000,S1,cab,SITE4,V05,D0189,KA01AB0240,logout,1786361400000,1786361520000,20.20,19.82,4,3,closed,true
T006318,1787702400000,S2,cab,SITE4,V04,D0242,KA01AB0176,logout,1787765400000,1787765580000,30.67,31.57,4,4,closed,true
T006319,1780876800000,S1,cab,SITE1,V10,D0284,KA01AB1485,login,1780885800000,1780886040000,8.98,9.88,4,3,closed,true
T006320,1786233600000,S3,cab,SITE2,V10,D0324,KA01AB0504,logout,1786231800000,1786231920000,40.90,42.86,4,2,closed,true
T006321,1784937600000,S2,cab,SITE3,V07,D0046,KA01AB0878,logout,1785000600000,1785001200000,21.53,20.91,4,3,closed,true
T006322,1781827200000,S2,nodal,SITE2,V07,D0084,KA01AB1695,login,1781857800000,1781858040000,15.28,17.45,12,12,closed,true
T006323,1782172800000,S2,cab,SITE2,V11,D0242,KA01AB0786,login,1782203400000,1782203580000,23.43,22.66,4,2,closed,true
T006324,1786665600000,S3,nodal,SITE2,V11,D0131,KA01AB0383,login,1786721400000,1786721640000,20.04,19.89,12,2,closed,true
T006325,1785888000000,S3,nodal,SITE2,V08,D0014,KA01AB1659,logout,1785886200000,1785886380000,20.34,22.27,12,6,closed,true
T006326,1786924800000,S1,cab,SITE4,V03,D0118,KA01AB1708,logout,1786966200000,1786966260000,20.46,19.45,4,4,closed,true
T006327,1785369600000,S2,nodal,SITE4,V06,D0057,KA01AB1633,login,1785400200000,1785400260000,25.18,26.79,12,9,closed,true
T006328,1781049600000,S2,nodal,SITE3,V01,D0002,KA01AB0643,login,1781080200000,1781081160000,18.26,19.32,12,9,closed,true
T006329,1784678400000,S1,shuttle,SITE4,V06,D0177,KA01AB0961,logout,1784719800000,1784719920000,28.14,27.25,24,4,closed,true
T006330,1782691200000,S3,nodal,SITE3,V08,D0093,KA01AB0195,login,1782747000000,1782747240000,9.85,11.19,12,7,closed,true
T006331,1783468800000,S3,nodal,SITE3,V07,D0088,KA01AB1309,login,1783524600000,1783525440000,32.74,32.78,12,2,closed,true
T006332,1787875200000,S3,nodal,SITE2,V11,D0222,KA01AB0407,logout,1787873400000,1787875380000,33.25,33.09,12,11,closed,true
T006333,1784592000000,S2,shuttle,SITE4,V12,D0341,KA01AB1927,logout,1784655000000,1784655000000,24.00,27.27,24,18,closed,true
T006334,1784246400000,S1,shuttle,SITE3,V09,D0393,KA01AB1033,logout,1784287800000,1784290440000,13.41,15.37,24,4,closed,true
T006335,1786147200000,S3,cab,SITE4,V07,D0020,KA01AB0381,logout,1786145400000,1786145400000,41.34,43.52,4,3,closed,true
T006336,1785628800000,S2,cab,SITE2,V04,D0087,KA01AB0267,login,1785659400000,1785659520000,30.31,32.53,4,4,closed,true
T006337,1781654400000,S1,nodal,SITE3,V05,D0154,KA01AB1197,logout,1781695800000,1781696040000,18.68,19.11,12,8,closed,true
T006338,1782950400000,S1,shuttle,SITE4,V09,D0166,KA01AB0240,logout,1782991800000,1782991860000,26.08,25.74,24,8,closed,true
T006339,1786492800000,S2,nodal,SITE2,V07,D0362,KA01AB0963,login,1786523400000,1786523580000,28.12,27.56,12,7,closed,true
T006340,1783728000000,S2,cab,SITE4,V11,D0386,KA01AB0274,login,1783758600000,1783758840000,10.74,11.84,4,2,closed,true
T006341,1787875200000,S1,shuttle,SITE1,V12,D0395,KA01AB0042,login,1787884200000,1787884320000,25.46,27.60,24,1,closed,true
T006342,1787184000000,S1,nodal,SITE4,V09,D0063,KA01AB1241,login,1787193000000,1787193180000,10.57,11.77,12,6,closed,true
T006343,1780876800000,S1,nodal,SITE2,V07,D0008,KA01AB1735,logout,1780918200000,1780918320000,11.27,11.73,12,11,closed,true
T006344,1781308800000,S3,shuttle,SITE1,V08,D0290,KA01AB0234,login,1781364600000,1781364660000,24.38,24.78,24,18,closed,true
T006345,1783987200000,S1,nodal,SITE4,V07,D0245,KA01AB0501,logout,1784028600000,1784030460000,33.44,33.21,12,5,closed,true
T006346,1781136000000,S2,shuttle,SITE1,V10,D0141,KA01AB1036,logout,1781199000000,1781199120000,32.64,33.60,24,20,closed,true
T006347,1781049600000,S1,nodal,SITE2,V09,D0238,KA01AB0615,login,1781058600000,1781058840000,34.06,33.19,12,9,closed,true
T006348,1783468800000,S2,cab,SITE3,V07,D0094,KA01AB0124,logout,1783531800000,1783531860000,10.07,11.14,4,1,closed,false
T006349,1786060800000,S3,shuttle,SITE1,V11,D0294,KA01AB1373,logout,1786059000000,1786060800000,37.39,40.52,24,22,closed,true
T006350,1787616000000,S3,cab,SITE4,V10,D0244,KA01AB1713,login,1787671800000,1787671800000,24.77,24.95,4,4,closed,true
T006351,1782259200000,S1,cab,SITE3,V02,D0328,KA01AB0820,logout,1782300600000,1782300840000,8.72,8.42,4,4,closed,true
T006352,1783296000000,S1,nodal,SITE4,V05,D0052,KA01AB1404,login,1783305000000,1783305240000,21.41,22.30,12,7,closed,true
T006353,1784419200000,S1,shuttle,SITE4,V03,D0241,KA01AB1551,logout,1784460600000,1784460600000,22.05,23.51,24,2,closed,true
T006354,1785110400000,S1,nodal,SITE1,V07,D0017,KA01AB0879,logout,1785151800000,1785151980000,33.16,31.61,12,11,closed,true,UNEXPECTED_EXTRA_FIELD
T006355,1784764800000,S1,nodal,SITE2,V07,D0388,KA01AB1306,logout,1784806200000,1784806440000,21.34,22.03,12,3,closed,true
T006356,1781568000000,S2,cab,SITE2,V06,D0179,KA01AB0065,logout,1781631000000,1781631120000,33.17,33.93,4,1,closed,true
T006357,1784851200000,S3,shuttle,SITE3,V02,D0022,KA01AB1883,logout,1784849400000,1784849580000,19.26,21.79,24,9,closed,true
T006358,1782518400000,S2,nodal,SITE4,V06,D0284,KA01AB0925,login,1782549000000,1782549000000,36.09,38.21,12,6,closed,true
T006359,1785456000000,S1,shuttle,SITE1,V11,D0267,KA01AB0321,logout,1785497400000,1785497460000,33.51,35.67,24,20,closed,true
T006360,1786406400000,S2,shuttle,SITE2,V08,D0227,KA01AB0222,logout,1786469400000,1786469400000,14.93,16.04,24,19,closed,true
T006361,1781308800000,S3,nodal,SITE1,V01,D0331,KA01AB1265,logout,1781307000000,1781307000000,38.50,39.61,12,1,closed,true
T006362,1781136000000,S1,cab,SITE1,V12,D0312,KA01AB1906,logout,1781177400000,1781177640000,33.38,35.05,4,4,closed,true
T006363,1788480000000,S2,shuttle,SITE3,V12,D0268,KA01AB1014,logout,1788543000000,1788543180000,19.38,20.96,24,13,closed,true
T006364,1782172800000,S3,cab,SITE1,V10,D0263,KA01AB0137,login,1782228600000,1782228600000,30.22,33.24,4,3,closed,true
T006365,1784937600000,S3,nodal,SITE1,V07,D0203,KA01AB1530,logout,1784935800000,1784935980000,22.26,23.77,12,4,closed,true
T006366,1781568000000,S1,cab,SITE3,V10,D0163,KA01AB1091,logout,1781609400000,1781609400000,36.25,36.72,4,4,closed,true
T006367,1780963200000,S2,cab,SITE4,V05,D0048,KA01AB1244,login,1780993800000,1780993980000,20.88,21.48,4,4,closed,true
T006368,1784764800000,S3,shuttle,SITE3,V02,D0273,KA01AB1432,login,1784820600000,1784820840000,14.89,16.40,24,24,closed,true
T006369,1782259200000,S2,shuttle,SITE1,V02,D0204,KA01AB1938,login,1782289800000,1782289860000,9.48,9.70,24,2,closed,true
T006370,1788480000000,S3,nodal,SITE2,V03,D0053,KA01AB0804,login,1788535800000,1788536040000,20.09,22.73,12,9,closed,true
T006371,1785715200000,S1,shuttle,SITE4,V05,D0128,KA01AB0205,logout,1785756600000,1785756780000,8.44,8.78,24,22,closed,true
T006372,1787788800000,S1,nodal,SITE2,V07,D0397,KA01AB0214,login,1787797800000,1787797860000,20.17,19.42,12,10,closed,true
T006373,1781913600000,S2,cab,SITE3,V09,D0359,KA01AB1686,login,1781944200000,1781944320000,42.15,42.17,4,3,closed,true
T006374,1783036800000,S1,shuttle,SITE3,V12,D0103,KA01AB0938,login,1783045800000,1783045860000,32.71,32.02,24,19,closed,true
T006375,1785456000000,S2,nodal,SITE1,V09,D0086,KA01AB1858,login,1785486600000,1785486600000,18.94,20.16,12,12,closed,true
T006376,1787616000000,S1,shuttle,SITE4,V09,D0199,KA01AB0809,login,1787625000000,1787626020000,34.73,37.17,24,21,closed,true
T006377,1786060800000,S3,shuttle,SITE4,V09,D0352,KA01AB0213,login,1786116600000,1786116600000,30.16,29.95,24,1,closed,true
T006378,1782777600000,S1,nodal,SITE3,V04,D0140,KA01AB1807,logout,1782819000000,1782819000000,29.07,32.09,12,7,closed,true
T006379,1780963200000,S3,cab,SITE4,V10,D0231,KA01AB1725,login,1781019000000,1781019000000,12.58,12.50,4,3,closed,true
T006380,1783468800000,S2,cab,SITE3,V07,D0192,KA01AB1622,login,1783499400000,1783499520000,36.88,38.33,4,2,closed,true
T006381,1785110400000,S1,shuttle,SITE1,V06,D0081,KA01AB0938,login,1785119400000,1785119580000,19.73,21.27,24,4,closed,true
T006382,1781395200000,S1,shuttle,SITE1,V08,D0338,KA01AB0001,logout,1781436600000,1781436720000,27.34,31.24,24,3,closed,true
T006383,1783641600000,S2,cab,SITE3,V11,D0283,KA01AB0622,login,1783672200000,1783672440000,14.26,15.37,4,4,closed,true
T006384,1787961600000,S3,nodal,SITE4,V04,D0182,KA01AB1384,logout,1787959800000,1787959980000,8.09,7.70,12,9,closed,true
T006385,1785715200000,S3,nodal,SITE1,V02,D0009,KA01AB1012,logout,1785713400000,1785713520000,34.73,37.94,12,7,closed,true
T006386,1781740800000,S1,nodal,SITE3,V05,D0101,KA01AB0789,logout,1781782200000,1781782200000,35.10,34.85,12,11,closed,true
T006387,1783900800000,S3,cab,SITE3,V06,D0154,KA01AB0087,logout,1783899000000,1783899240000,25.08,24.01,4,4,closed,true
T006388,1787011200000,S1,cab,SITE4,V12,D0193,KA01AB1675,logout,1787052600000,1787052600000,31.34,30.26,4,2,closed,true
T006389,1788134400000,S2,cab,SITE4,V09,D0275,KA01AB1301,logout,1788197400000,1788197520000,29.18,33.26,4,1,closed,true
T006390,1788220800000,S1,cab,SITE3,V11,D0111,KA01AB0993,logout,1788262200000,1788263280000,31.85,32.21,4,1,closed,true
T006391,1781136000000,S2,nodal,SITE1,V08,D0371,KA01AB0499,logout,1781199000000,1781199000000,13.65,13.21,12,1,closed,true
T006392,1781913600000,S1,shuttle,SITE2,V07,D0357,KA01AB1485,logout,1781955000000,1781955180000,18.76,20.00,24,19,closed,true
T006393,1782518400000,S1,cab,SITE2,V03,D0373,KA01AB0910,login,1782527400000,1782527520000,21.45,24.54,4,1,closed,true
T006394,1785888000000,S3,cab,SITE1,V10,D0061,KA01AB0345,logout,1785886200000,1785886200000,41.00,40.14,4,4,closed,true
T006395,1783900800000,S1,shuttle,SITE2,V10,D0197,KA01AB0799,login,1783909800000,1783909980000,38.22,36.81,24,1,closed,true
T006396,1786838400000,S3,shuttle,SITE1,V01,D0286,KA01AB1152,logout,1786836600000,1786838220000,30.08,33.99,24,6,closed,true
T006397,1786665600000,S2,cab,SITE4,V12,D0309,KA01AB1535,logout,1786728600000,1786728660000,25.54,28.61,4,4,closed,false
T006398,1782518400000,S2,nodal,SITE3,V11,D0158,KA01AB1281,logout,1782581400000,1782581520000,18.91,20.09,12,5,closed,true
T006399,1783468800000,S1,cab,SITE3,V03,D0070,KA01AB0988,logout,1783510200000,1783510320000,10.85,11.05,4,1,closed,true
T006400,1781913600000,S2,shuttle,SITE1,V04,D0266,KA01AB1047,login,1781944200000,1781944260000,34.73,38.68,24,21,closed,true
T006401,1780876800000,S2,nodal,SITE3,V01,D0339,KA01AB1176,logout,1780939800000,1780939920000,38.21,39.60,12,10,closed,true,UNEXPECTED_EXTRA_FIELD
T006402,1788220800000,S2,cab,SITE1,V10,D0307,KA01AB1815,login,1788251400000,,17.03,16.85,4,4,open,true
T006403,1781222400000,S1,nodal,SITE4,V03,D0243,KA01AB1144,logout,1781263800000,1781263800000,10.67,10.48,12,6,closed,true
T006404,1784073600000,S3,cab,SITE1,V04,D0049,KA01AB0929,login,1784129400000,1784129460000,39.58,42.55,4,3,closed,true
T006405,1782691200000,S2,nodal,SITE1,V09,D0273,KA01AB0539,logout,1782754200000,1782754200000,32.61,35.84,12,12,closed,true
T006406,1787702400000,S1,cab,SITE4,V12,D0035,KA01AB0205,logout,1787743800000,1787743980000,9.36,9.83,4,2,closed,true
T006407,1781913600000,S1,nodal,SITE3,V08,D0169,KA01AB1844,logout,1781955000000,1781955060000,39.07,40.05,12,6,closed,true
T006408,1786924800000,S2,cab,SITE1,V09,D0144,KA01AB1997,login,1786955400000,1786955640000,17.49,19.90,4,2,closed,true
T006409,1782604800000,S3,cab,SITE3,V01,D0385,KA01AB1119,login,1782660600000,1782663000000,25.07,25.03,4,2,closed,true
T006410,1783123200000,S1,nodal,SITE4,V02,D0063,KA01AB0830,login,1783132200000,1783132200000,22.99,24.26,12,1,closed,true
T006411,1783987200000,S3,nodal,SITE4,V03,D0344,KA01AB1897,logout,1783985400000,1783985640000,23.46,26.89,12,1,closed,true
T006412,1783209600000,S1,shuttle,SITE1,V06,D0135,KA01AB0709,logout,1783251000000,1783251240000,27.26,30.49,24,12,closed,true
T006413,1786838400000,S3,shuttle,SITE3,V05,D0362,KA01AB1064,login,1786894200000,1786894320000,15.47,17.23,24,22,closed,true
T006414,1786320000000,S1,nodal,SITE4,V07,D0192,KA01AB1101,login,1786329000000,1786329180000,10.87,11.71,12,12,closed,true
T006415,1784764800000,S3,cab,SITE2,V01,D0047,KA01AB1745,login,1784820600000,1784820660000,29.02,32.56,4,2,closed,true
T006416,1785024000000,S3,shuttle,SITE3,V03,D0076,KA01AB1305,logout,1785022200000,1785022320000,17.69,17.36,24,3,closed,true
T006417,1786579200000,S1,shuttle,SITE3,V08,D0345,KA01AB1681,login,1786588200000,1786588440000,37.09,36.90,24,5,closed,true
T006418,1784937600000,S1,shuttle,SITE3,V04,D0273,KA01AB0829,login,1784946600000,1784946720000,31.43,30.12,24,19,closed,true
T006419,1787616000000,S1,nodal,SITE1,V07,D0129,KA01AB0832,login,1787625000000,1787625240000,40.25,46.14,12,12,closed,true
T006420,1785369600000,S2,shuttle,SITE1,V04,D0369,KA01AB1402,logout,1785432600000,1785434460000,28.80,31.61,24,2,closed,true
T006421,1781136000000,S1,nodal,SITE1,V09,D0221,KA01AB0172,logout,1781177400000,1781177460000,14.43,15.33,12,7,closed,true
T006422,1781395200000,S3,cab,SITE2,V06,D0155,KA01AB0651,login,1781451000000,1781451180000,24.34,26.25,4,4,closed,true
T006423,1783296000000,S1,cab,SITE1,V01,D0074,KA01AB0631,login,1783305000000,1783305120000,40.23,44.10,4,1,closed,true
T006424,1786752000000,S1,nodal,SITE1,V01,D0391,KA01AB0454,logout,1786793400000,1786795980000,10.08,10.60,12,4,closed,true
T006425,1786233600000,S1,shuttle,SITE4,V06,D0050,KA01AB1841,logout,1786275000000,1786275180000,36.48,39.50,24,8,closed,true
T006426,1784764800000,S3,nodal,SITE1,V03,D0349,KA01AB1146,login,1784820600000,1784820720000,23.84,25.51,12,12,closed,true
T006427,1783468800000,S2,shuttle,SITE3,V06,D0079,KA01AB0990,logout,1783531800000,1783531860000,33.26,33.10,24,9,closed,true
T006428,1782000000000,S3,cab,SITE1,V01,D0090,KA01AB1973,login,1782055800000,1782055920000,16.99,16.46,4,3,closed,true
T006429,1781049600000,S2,cab,SITE2,V10,D0081,KA01AB0639,logout,1781112600000,1781112600000,29.74,29.51,4,2,closed,true
T006430,1783036800000,S3,cab,SITE3,V11,D0149,KA01AB0773,login,1783092600000,1783092660000,19.52,18.65,4,3,closed,true
T006431,1781395200000,S2,cab,SITE3,V10,D0170,KA01AB0190,logout,1781458200000,1781458260000,16.10,16.84,4,2,closed,true
T006432,1784246400000,S1,nodal,SITE4,V02,D0325,KA01AB0038,logout,1784287800000,1784287920000,32.12,33.01,12,8,closed,true
T006433,1782345600000,S2,cab,SITE4,V11,D0285,KA01AB0227,logout,1782408600000,1782410760000,23.31,25.82,4,4,closed,true
T006434,1787702400000,S1,nodal,SITE1,V02,D0075,KA01AB1396,login,1787711400000,1787711520000,27.53,31.64,12,7,closed,true
T006435,1785542400000,S2,nodal,SITE2,V04,D0065,KA01AB1260,logout,1785605400000,1785605640000,30.24,33.34,12,12,closed,true
T006436,1787529600000,S1,nodal,SITE1,V10,D0272,KA01AB1632,login,1787538600000,1787540280000,19.00,21.13,12,3,closed,true
T006437,1783814400000,S1,cab,SITE3,V12,D0289,KA01AB0241,login,1783823400000,1783823580000,9.32,10.47,4,3,closed,true
T006438,1782604800000,S3,shuttle,SITE4,V04,D0312,KA01AB0152,login,1782660600000,1782660720000,26.96,26.87,24,18,closed,true
T006439,1785888000000,S1,cab,SITE2,V11,D0307,KA01AB0797,login,1785897000000,1785897240000,15.21,16.03,4,3,closed,true
T006440,1782345600000,S2,cab,SITE2,V02,D0284,KA01AB0479,logout,1782408600000,1782408720000,11.28,12.96,4,2,closed,true
T006441,1783036800000,S2,nodal,SITE3,V03,D0043,KA01AB0495,login,1783067400000,1783067580000,9.07,9.25,12,1,closed,true
T006442,1785283200000,S2,nodal,SITE1,V12,D0352,KA01AB0090,login,1785313800000,1785313980000,29.43,28.43,12,7,closed,true
T006443,1784419200000,S1,cab,SITE4,V06,D0372,KA01AB0285,logout,1784460600000,1784462400000,40.16,44.14,4,3,closed,true
T006444,1783900800000,S3,nodal,SITE3,V01,D0043,KA01AB0683,logout,1783899000000,1783899240000,41.60,42.72,12,1,closed,true
T006445,1783814400000,S3,nodal,SITE2,V08,D0181,KA01AB0594,login,1783870200000,1783870260000,12.47,14.07,12,9,closed,true
T006446,1785801600000,S2,cab,SITE3,V11,D0040,KA01AB1209,logout,1785864600000,1785864840000,27.06,25.80,4,1,closed,true
T006447,1783382400000,S3,cab,SITE3,V01,D0375,KA01AB1766,login,1783438200000,1783438200000,23.57,22.64,4,1,closed,true
T006448,1788220800000,S1,cab,SITE2,V06,D0216,KA01AB0590,login,1788229800000,1788231720000,22.66,25.79,4,3,closed,true
T006449,1782604800000,S2,nodal,SITE2,V07,D0275,KA01AB0805,login,1782635400000,1782635640000,35.29,40.22,12,7,closed,true
T006450,1786320000000,S2,shuttle,SITE1,V12,D0300,KA01AB1806,logout,1786383000000,1786383120000,19.09,21.21,24,6,closed,true
T006451,1783641600000,S3,cab,SITE1,V11,D0113,KA01AB0697,login,1783697400000,1783700040000,33.76,37.83,4,4,closed,true
T006452,1782777600000,S3,cab,SITE2,V07,D0166,KA01AB1171,logout,1782775800000,1782775860000,25.76,29.60,4,2,closed,true
T006453,1786752000000,S3,cab,SITE1,V10,D0149,KA01AB0699,logout,1786750200000,1786750200000,17.98,19.99,4,2,closed,true
T006454,1783728000000,S1,shuttle,SITE2,V06,D0131,KA01AB1037,login,1783737000000,1783737120000,19.68,21.58,24,4,closed,true
T006455,1780790400000,S1,nodal,SITE3,V02,D0102,KA01AB1635,login,1780799400000,1780799640000,26.85,27.46,12,5,closed,true
T006456,1788220800000,S3,shuttle,SITE4,V04,D0031,KA01AB1314,login,1788276600000,1788276840000,26.47,27.20,24,8,closed,true
T006457,1784851200000,S1,nodal,SITE3,V07,D0312,KA01AB0970,login,1784860200000,1784860260000,12.45,13.49,12,2,closed,true
T006458,1780876800000,S3,nodal,SITE3,V08,D0089,KA01AB0821,logout,1780875000000,1780875240000,21.34,22.01,12,3,closed,true
T006459,1786320000000,S1,nodal,SITE4,V01,D0147,KA01AB1689,login,1786329000000,1786329120000,40.10,41.05,12,9,closed,true
T006460,1781395200000,S1,cab,SITE1,V05,D0202,KA01AB0438,logout,1781436600000,1781436720000,38.77,37.48,4,3,closed,true
T006461,1787961600000,S1,shuttle,SITE2,V10,D0243,KA01AB0595,logout,1788003000000,1788003180000,27.88,26.82,24,3,closed,true
T006462,1787443200000,S3,shuttle,SITE2,V02,D0020,KA01AB0675,logout,1787441400000,1787441520000,12.44,13.40,24,14,closed,true
T006463,1782518400000,S3,cab,SITE3,V06,D0041,KA01AB0030,login,1782574200000,1782574200000,10.74,12.22,4,3,closed,true
T006464,1780876800000,S3,shuttle,SITE4,V07,D0066,KA01AB1252,login,1780932600000,1780932840000,20.81,23.89,24,22,closed,true
T006465,1786147200000,S3,nodal,SITE4,V06,D0042,KA01AB1865,logout,1786145400000,1786145580000,27.82,27.62,12,12,closed,true
T006466,1787097600000,S2,nodal,SITE3,V03,D0225,KA01AB1406,login,1787128200000,1787128320000,19.93,22.11,12,7,closed,true
T006467,1786838400000,S2,cab,SITE2,V09,D0173,KA01AB0065,login,1786869000000,1786869120000,9.78,10.00,4,3,closed,true
T006468,1787097600000,S3,nodal,SITE3,V10,D0189,KA01AB0455,login,1787153400000,1787154060000,27.79,29.86,12,8,closed,true
T006469,1786060800000,S3,shuttle,SITE1,V03,D0129,KA01AB1917,login,1786116600000,1786116780000,21.57,23.26,24,14,closed,true
T006470,1786147200000,S2,nodal,SITE1,V05,D0397,KA01AB1689,logout,1786210200000,1786210260000,31.03,30.07,12,6,closed,true
T006471,1786752000000,S2,shuttle,SITE1,V10,D0343,KA01AB1417,logout,1786815000000,1786815180000,39.23,42.46,24,5,closed,true
T006472,1785369600000,S1,nodal,SITE3,V09,D0076,KA01AB0850,login,1785378600000,1785378720000,12.14,12.59,12,9,closed,true
T006473,1785110400000,S2,nodal,SITE3,V10,D0161,KA01AB0529,login,1785141000000,1785141060000,24.81,27.96,12,5,closed,true
T006474,1787011200000,S3,cab,SITE4,V02,D0218,KA01AB1117,login,1787067000000,1787067180000,20.11,19.64,4,4,closed,true
T006475,1786579200000,S2,cab,SITE3,V05,D0118,KA01AB1245,logout,1786642200000,,36.44,36.95,4,4,open,true
T006476,1785542400000,S1,cab,SITE3,V07,D0200,KA01AB1468,login,1785551400000,1785551640000,27.76,27.96,4,3,closed,true
T006477,1785974400000,S3,cab,SITE1,V10,D0251,KA01AB0173,login,1786030200000,1786030320000,15.25,14.71,4,2,closed,true
T006478,1788134400000,S2,cab,SITE1,V01,D0061,KA01AB0233,logout,1788197400000,1788197520000,22.04,21.97,4,3,closed,true
T006479,1782172800000,S1,nodal,SITE3,V05,D0176,KA01AB0847,login,1782181800000,1782181800000,32.55,33.59,12,6,closed,true
T006480,1783641600000,S2,nodal,SITE2,V08,D0142,KA01AB0089,login,1783672200000,1783672320000,25.97,28.73,12,8,closed,true
T006481,1782864000000,S2,shuttle,SITE1,V01,D0107,KA01AB1939,login,1782894600000,1782894780000,37.37,36.56,24,9,closed,true
T006482,1785974400000,S2,shuttle,SITE1,V08,D0103,KA01AB1323,login,1786005000000,1786005000000,29.94,30.09,24,22,closed,true
T006483,1783036800000,S1,cab,SITE4,V03,D0128,KA01AB1314,login,1783045800000,1783045860000,33.01,35.61,4,4,closed,true
T006484,1783382400000,S1,nodal,SITE2,V08,D0282,KA01AB0811,logout,1783423800000,1783423920000,22.13,23.53,12,3,closed,true
T006485,1787702400000,S1,shuttle,SITE2,V12,D0374,KA01AB0627,logout,1787743800000,1787745540000,32.47,37.33,24,24,closed,true
T006486,1787443200000,S1,cab,SITE3,V02,D0030,KA01AB1846,login,1787452200000,1787452440000,15.52,17.48,4,2,closed,true
T006487,1786320000000,S3,nodal,SITE2,V02,D0088,KA01AB0203,logout,1786318200000,1786318440000,18.85,18.75,12,11,closed,true
T006488,1785110400000,S2,nodal,SITE2,V11,D0171,KA01AB1151,logout,1785173400000,1785173400000,21.60,20.58,12,6,closed,true
T006489,1788393600000,S3,cab,SITE1,V10,D0256,KA01AB1335,login,1788449400000,1788449400000,15.42,17.58,4,1,closed,true,UNEXPECTED_EXTRA_FIELD
T006490,1787616000000,S1,cab,SITE3,V01,D0303,KA01AB1649,logout,1787657400000,1787657580000,19.95,19.44,4,3,closed,true
T006491,1787702400000,S1,shuttle,SITE1,V04,D0084,KA01AB0809,login,1787711400000,1787711520000,14.32,16.25,24,9,closed,true
T006492,1786492800000,S2,cab,SITE2,V07,D0318,KA01AB1525,login,1786523400000,1786523460000,29.01,31.60,4,4,closed,true
T006493,1784332800000,S2,shuttle,SITE1,V04,D0304,KA01AB0926,login,1784363400000,1784363640000,24.87,26.79,24,5,closed,true
T006494,1781740800000,S3,cab,SITE1,V08,D0184,KA01AB1050,login,1781796600000,1781796780000,23.28,23.45,4,3,closed,true
T006495,1786233600000,S2,shuttle,SITE1,V10,D0156,KA01AB1968,logout,1786296600000,1786296660000,39.09,40.30,24,8,closed,true
T006496,1788393600000,S2,cab,SITE4,V10,D0183,KA01AB0409,login,1788424200000,1788424320000,8.67,8.87,4,1,closed,true
T006497,1787529600000,S2,cab,SITE1,V10,D0028,KA01AB1166,login,1787560200000,,41.34,40.49,4,4,open,true
T006498,1782259200000,S2,nodal,SITE4,V06,D0098,KA01AB0883,login,1782289800000,1782289860000,25.17,24.08,12,7,closed,true
T006499,1783555200000,S3,shuttle,SITE4,V03,D0108,KA01AB1684,login,1783611000000,1783611180000,24.30,26.16,24,20,closed,true
T006500,1784851200000,S2,shuttle,SITE4,V02,D0181,KA01AB1065,logout,1784914200000,1784914440000,11.52,12.27,24,2,closed,true
T006501,1785974400000,S3,nodal,SITE2,V09,D0204,KA01AB1874,logout,1785972600000,1785973800000,39.10,40.53,12,10,closed,true
T006502,1783123200000,S2,nodal,SITE3,V10,D0115,KA01AB1301,logout,1783186200000,1783186320000,31.48,35.35,12,3,closed,true
T006503,1782172800000,S2,shuttle,SITE3,V10,D0016,KA01AB0225,logout,1782235800000,1782235800000,22.31,22.99,24,13,closed,true
T006504,1783641600000,S3,shuttle,SITE3,V10,D0219,KA01AB1859,logout,1783639800000,1783641060000,30.05,29.95,24,20,closed,true
T006505,1787097600000,S3,cab,SITE3,V06,D0353,KA01AB0217,logout,1787095800000,1787095800000,29.79,32.25,4,2,closed,true
T006506,1785888000000,S3,cab,SITE2,V07,D0257,KA01AB1782,logout,1785886200000,1785886320000,15.97,16.93,4,3,closed,true
T006507,1782518400000,S2,shuttle,SITE2,V06,D0163,KA01AB1050,login,1782549000000,1782549120000,22.19,22.77,24,5,closed,true
T006508,1787788800000,S2,shuttle,SITE3,V01,D0156,KA01AB0194,logout,1787851800000,1787851920000,25.36,27.34,24,20,closed,true
T006509,1782259200000,S1,shuttle,SITE3,V09,D0330,KA01AB0651,logout,1782300600000,1782300600000,20.54,19.75,24,8,closed,true
T006510,1787788800000,S3,cab,SITE3,V08,D0231,KA01AB0923,logout,1787787000000,1787788200000,26.84,27.92,4,4,closed,true
T006511,1784073600000,S3,nodal,SITE3,V08,D0210,KA01AB0444,logout,1784071800000,1784071920000,21.33,21.15,12,4,closed,true
T006512,1783900800000,S1,shuttle,SITE1,V08,D0276,KA01AB1613,login,1783909800000,1783909920000,13.45,15.01,24,14,closed,true
T006513,1788220800000,S3,shuttle,SITE4,V06,D0273,KA01AB1834,logout,1788219000000,1788219180000,20.33,22.61,24,3,closed,true
T006514,1785196800000,S3,shuttle,SITE4,V08,D0221,KA01AB1097,login,1785252600000,1785252840000,23.50,23.46,24,7,closed,true
T006515,1783555200000,S2,cab,SITE2,V12,D0341,KA01AB1940,logout,1783618200000,1783618200000,42.62,46.64,4,3,closed,true
T006516,1784592000000,S3,cab,SITE2,V03,D0007,KA01AB1183,login,1784647800000,1784648040000,23.40,24.76,4,1,closed,true
T006517,1787529600000,S2,shuttle,SITE4,V07,D0020,KA01AB0352,login,1787560200000,1787561280000,41.69,46.97,24,9,closed,true
T006518,1787875200000,S3,nodal,SITE1,V01,D0380,KA01AB1725,login,1787931000000,1787931000000,20.76,21.92,12,3,closed,true
T006519,1782777600000,S2,shuttle,SITE1,V01,D0152,KA01AB0988,login,1782808200000,1782808380000,38.49,42.42,24,12,closed,true
T006520,1783641600000,S1,shuttle,SITE3,V03,D0083,KA01AB1692,login,1783650600000,1783650600000,23.84,24.75,24,2,closed,true
T006521,1786752000000,S2,cab,SITE3,V11,D0260,KA01AB1564,logout,1786815000000,1786815000000,21.98,21.22,4,3,closed,true
T006522,1788480000000,S2,shuttle,SITE1,V02,D0211,KA01AB0125,logout,1788543000000,1788543060000,31.77,35.59,24,4,closed,true
T006523,1781568000000,S1,nodal,SITE4,V11,D0109,KA01AB1512,login,1781577000000,1781577060000,27.81,31.88,12,5,closed,true
T006524,1786233600000,S2,cab,SITE3,V01,D0290,KA01AB1018,login,1786264200000,1786264200000,18.70,18.91,4,4,closed,true
T006525,1788220800000,S1,cab,SITE1,V09,D0270,KA01AB0987,logout,1788262200000,1788262380000,20.66,22.05,4,1,closed,true
T006526,1786924800000,S1,nodal,SITE1,V06,D0318,KA01AB0010,logout,1786966200000,1786966380000,35.69,36.45,12,1,closed,true
T006527,1786838400000,S3,shuttle,SITE1,V12,D0320,KA01AB1485,logout,1786836600000,1786836600000,19.79,20.86,24,14,closed,true
T006528,1788393600000,S1,shuttle,SITE1,V07,D0285,KA01AB1797,login,1788402600000,1788402720000,18.35,17.44,24,14,closed,true
T006529,1783382400000,S3,shuttle,SITE1,V05,D0278,KA01AB0377,logout,1783380600000,1783381800000,34.41,38.32,24,3,closed,true
T006530,1786752000000,S1,nodal,SITE2,V06,D0221,KA01AB1632,logout,1786793400000,1786793580000,42.72,44.50,12,4,closed,true
T006531,1782432000000,S1,cab,SITE3,V05,D0047,KA01AB1855,login,1782441000000,1782441000000,12.28,13.49,4,4,closed,true
T006532,1780963200000,S2,cab,SITE3,V07,D0044,KA01AB1309,logout,1781026200000,1781026320000,10.94,10.49,4,3,closed,true
T006533,1781049600000,S3,shuttle,SITE1,V01,D0347,KA01AB0677,logout,1781047800000,1781047920000,22.65,23.25,24,16,closed,true
T006534,1781740800000,S1,cab,SITE2,V02,D0161,KA01AB1085,login,1781749800000,1781750040000,29.05,33.41,4,3,closed,true
T006535,1784332800000,S3,cab,SITE1,V01,D0350,KA01AB1456,login,1784388600000,1784388600000,17.85,17.31,4,4,closed,true
T006536,1785628800000,S2,nodal,SITE2,V09,D0258,KA01AB0514,login,1785659400000,1785659460000,24.04,24.07,12,4,closed,true
T006537,1783209600000,S1,shuttle,SITE2,V05,D0204,KA01AB1087,login,1783218600000,1783218720000,22.60,25.61,24,9,closed,true
T006538,1782864000000,S3,cab,SITE3,V02,D0172,KA01AB0107,logout,1782862200000,1782862320000,25.58,25.13,4,2,closed,true
T006539,1782518400000,S3,nodal,SITE3,V08,D0347,KA01AB1855,logout,1782516600000,1782516840000,40.40,44.60,12,2,closed,true
T006540,1787702400000,S2,nodal,SITE1,V11,D0134,KA01AB1601,login,1787733000000,1787733120000,14.99,16.17,12,12,closed,true
T006541,1788393600000,S1,cab,SITE3,V03,D0367,KA01AB1031,logout,1788435000000,1788435000000,32.11,31.30,4,4,closed,true
T006542,1783728000000,S2,cab,SITE4,V01,D0040,KA01AB1076,login,1783758600000,1783758840000,14.23,15.37,4,3,closed,true
T006543,1786060800000,S1,nodal,SITE1,V07,D0047,KA01AB0716,logout,1786102200000,1786102320000,35.79,36.49,12,3,closed,true
T006544,1783296000000,S3,nodal,SITE1,V10,D0012,KA01AB1362,logout,1783294200000,1783294380000,21.27,21.09,12,3,closed,true
T006545,1785542400000,S3,cab,SITE1,V02,D0162,KA01AB1318,login,1785598200000,1785598380000,42.19,40.73,4,1,closed,true
T006546,1781481600000,S1,cab,SITE2,V12,D0308,KA01AB1485,login,1781490600000,1781490780000,35.44,35.48,4,2,closed,true
T006547,1783468800000,S3,shuttle,SITE1,V07,D0069,KA01AB0454,login,1783524600000,1783524720000,38.28,39.56,24,13,closed,true
T006548,1788220800000,S2,shuttle,SITE1,V09,D0171,KA01AB1356,login,1788251400000,1788251400000,30.68,33.91,24,3,closed,true
T006549,1784937600000,S1,nodal,SITE4,V01,D0270,KA01AB0435,logout,1784979000000,1784979240000,41.39,47.29,12,9,closed,true
T006550,1785369600000,S1,shuttle,SITE4,V07,D0236,KA01AB1198,logout,1785411000000,1785411060000,11.28,12.03,24,8,closed,true
T006551,1781913600000,S1,shuttle,SITE4,V05,D0327,KA01AB1413,logout,1781955000000,1781955000000,27.05,28.10,24,15,closed,true
T006552,1781568000000,S2,cab,SITE2,V01,D0068,KA01AB0300,login,1781598600000,1781598720000,11.11,12.70,4,1,closed,true
T006553,1787443200000,S3,shuttle,SITE1,V03,D0311,KA01AB1842,login,1787499000000,1787499000000,39.78,38.10,24,9,closed,true
T006554,1781308800000,S1,nodal,SITE4,V09,D0069,KA01AB1531,logout,1781350200000,1781350200000,34.21,33.98,12,11,closed,true
T006555,1785456000000,S2,cab,SITE2,V03,D0338,KA01AB1995,logout,1785519000000,1785519120000,14.76,14.80,4,1,closed,true
T006556,1787961600000,S2,shuttle,SITE1,V10,D0273,KA01AB1349,logout,1788024600000,1788024840000,9.88,10.60,24,4,closed,true
T006557,1783296000000,S1,nodal,SITE2,V05,D0389,KA01AB0454,logout,1783337400000,1783337520000,32.34,34.55,12,1,closed,true
T006558,1785974400000,S1,nodal,SITE1,V12,D0085,KA01AB0279,login,1785983400000,1785983640000,42.76,43.54,12,5,closed,true
T006559,1782432000000,S2,cab,SITE2,V11,D0263,KA01AB1731,login,1782462600000,1782462660000,10.33,11.17,4,1,closed,true
T006560,1785283200000,S2,nodal,SITE3,V09,D0095,KA01AB1299,login,1785313800000,1785315960000,28.56,31.05,12,1,closed,true
T006561,1785456000000,S3,cab,SITE2,V06,D0010,KA01AB0872,login,1785511800000,1785511860000,10.23,10.94,4,3,closed,true
T006562,1782691200000,S1,nodal,SITE1,V10,D0370,KA01AB0880,logout,1782732600000,1782732720000,22.43,25.16,12,12,closed,true
T006563,1785024000000,S1,nodal,SITE1,V05,D0063,KA01AB1931,login,1785033000000,1785033180000,42.45,41.76,12,8,closed,true
T006564,1787097600000,S2,cab,SITE3,V01,D0213,KA01AB1148,login,1787128200000,1787128440000,19.48,18.95,4,1,closed,true
T006565,1782432000000,S2,nodal,SITE3,V03,D0146,KA01AB1261,logout,1782495000000,1782495000000,11.60,12.58,12,12,closed,true
T006566,1780876800000,S3,cab,SITE4,V10,D0391,KA01AB0259,logout,1780875000000,1780875120000,14.85,14.91,4,3,closed,true
T006567,1781222400000,S3,shuttle,SITE2,V07,D0101,KA01AB1742,login,1781278200000,1781278260000,10.08,11.10,24,24,closed,true
T006568,1788307200000,S1,nodal,SITE3,V08,D0151,KA01AB0171,logout,1788348600000,,41.33,42.48,12,7,open,true
T006569,1784505600000,S1,shuttle,SITE3,V10,D0246,KA01AB0816,login,1784514600000,1784514720000,12.56,12.34,24,14,closed,true
T006570,1785283200000,S1,nodal,SITE1,V09,D0014,KA01AB1625,logout,1785324600000,1785324600000,22.49,23.47,12,7,closed,true
T006571,1786838400000,S2,cab,SITE4,V03,D0271,KA01AB1884,logout,1786901400000,1786901460000,9.00,9.69,4,2,closed,true
T006572,1785283200000,S2,cab,SITE1,V10,D0249,KA01AB0271,login,1785313800000,1785314040000,27.08,27.41,4,4,closed,true
T006573,1782086400000,S1,cab,SITE3,V03,D0059,KA01AB1443,login,1782095400000,1782096540000,38.88,44.06,4,2,closed,true
T006574,1783641600000,S2,nodal,SITE2,V03,D0025,KA01AB1972,logout,1783704600000,1783704720000,37.40,36.40,12,9,closed,true,UNEXPECTED_EXTRA_FIELD
T006575,1781049600000,S1,nodal,SITE3,V04,D0051,KA01AB1784,login,1781058600000,1781058720000,9.87,9.77,12,1,closed,true
T006576,1784160000000,S1,nodal,SITE4,V11,D0347,KA01AB0970,login,1784169000000,1784169000000,13.72,15.38,12,6,closed,true
T006577,1783555200000,S3,nodal,SITE4,V04,D0094,KA01AB0195,login,1783611000000,1783611240000,29.98,28.63,12,4,closed,true
T006578,1784160000000,S2,shuttle,SITE1,V04,D0065,KA01AB0916,logout,1784223000000,,11.21,11.55,24,1,open,true
T006579,1785369600000,S2,cab,SITE2,V07,D0313,KA01AB0572,login,1785400200000,1785400380000,14.28,16.32,4,2,closed,true
T006580,1785024000000,S2,nodal,SITE2,V06,D0366,KA01AB0090,login,1785054600000,1785054600000,8.36,8.05,12,12,closed,true
T006581,1786752000000,S1,cab,SITE2,V11,D0252,KA01AB0384,logout,1786793400000,1786793520000,33.38,33.09,4,1,closed,true
T006582,1782691200000,S2,nodal,SITE2,V01,D0372,KA01AB1091,login,1782721800000,1782722040000,15.68,15.30,12,7,closed,true
T006583,1785110400000,S3,shuttle,SITE3,V04,D0330,KA01AB1886,logout,1785108600000,1785108720000,22.91,24.07,24,12,closed,true
T006584,1784764800000,S3,cab,SITE1,V03,D0369,KA01AB1824,login,1784820600000,1784820720000,14.51,15.30,4,2,closed,true
T006585,1786579200000,S1,nodal,SITE2,V08,D0362,KA01AB0033,login,1786588200000,1786588200000,10.85,11.46,12,5,closed,true
T006586,1782864000000,S2,shuttle,SITE1,V07,D0031,KA01AB1574,logout,1782927000000,1782928740000,31.03,31.41,24,22,closed,true
T006587,1788480000000,S2,shuttle,SITE3,V12,D0025,KA01AB0952,login,1788510600000,1788510660000,27.73,29.91,24,10,closed,true
T006588,1784160000000,S1,cab,SITE2,V12,D0101,KA01AB1349,logout,1784201400000,1784201460000,19.51,22.01,4,2,closed,true
T006589,1786320000000,S2,nodal,SITE3,V06,D0343,KA01AB0358,login,1786350600000,1786350720000,27.02,30.52,12,6,closed,true
T006590,1786233600000,S3,cab,SITE4,V07,D0054,KA01AB0168,logout,1786231800000,1786232040000,42.99,44.01,4,2,closed,true
T006591,1781049600000,S1,nodal,SITE4,V01,D0045,KA01AB0450,logout,1781091000000,1781091120000,11.21,12.33,12,2,closed,true
T006592,1787702400000,S3,cab,SITE3,V08,D0396,KA01AB1613,login,1787758200000,1787758380000,40.90,46.56,4,1,closed,true
T006593,1781481600000,S2,nodal,SITE1,V03,D0015,KA01AB1754,login,1781512200000,1781512320000,18.05,19.10,12,6,closed,true
T006594,1785369600000,S1,nodal,SITE4,V06,D0287,KA01AB1874,logout,1785411000000,1785411060000,23.93,23.80,12,6,closed,true
T006595,1781136000000,S1,cab,SITE2,V02,D0332,KA01AB1234,login,1781145000000,1781146080000,42.87,46.06,4,3,closed,true
T006596,1786752000000,S2,shuttle,SITE3,V11,D0383,KA01AB0441,logout,1786815000000,1786815240000,31.61,32.04,24,16,closed,true
T006597,1787270400000,S3,cab,SITE1,V06,D0188,KA01AB1743,logout,1787268600000,1787268660000,37.52,42.69,4,2,closed,true
T006598,1782345600000,S1,nodal,SITE1,V03,D0079,KA01AB1559,logout,1782387000000,1782387240000,17.53,20.15,12,12,closed,true
T006599,1782604800000,S3,shuttle,SITE1,V05,D0392,KA01AB1916,login,1782660600000,1782660840000,35.24,40.38,24,8,closed,true
T006600,1786492800000,S1,shuttle,SITE4,V07,D0269,KA01AB1555,logout,1786534200000,1786534380000,10.69,12.01,24,19,closed,true
T006601,1788048000000,S1,shuttle,SITE4,V12,D0291,KA01AB0782,login,1788057000000,1788058020000,27.95,27.37,24,6,closed,true
T006602,1781395200000,S2,shuttle,SITE3,V11,D0272,KA01AB0790,logout,1781458200000,1781458380000,8.01,8.65,24,7,closed,true
T006603,1783900800000,S1,cab,SITE4,V09,D0372,KA01AB0467,logout,1783942200000,1783942320000,15.47,14.84,4,3,closed,true
T006604,1787184000000,S2,shuttle,SITE4,V02,D0360,KA01AB1210,login,1787214600000,1787214600000,17.11,19.58,24,4,closed,true
T006605,1788134400000,S2,shuttle,SITE4,V02,D0256,KA01AB1704,logout,1788197400000,1788197400000,17.21,18.29,24,19,closed,true
T006606,1783555200000,S3,shuttle,SITE3,V11,D0075,KA01AB1142,logout,1783553400000,1783554660000,25.38,28.52,24,8,closed,true
T006607,1783382400000,S1,shuttle,SITE4,V08,D0037,KA01AB1255,logout,1783423800000,1783423920000,32.38,34.15,24,6,closed,true,UNEXPECTED_EXTRA_FIELD
T006608,1781568000000,S2,shuttle,SITE2,V03,D0249,KA01AB0223,logout,1781631000000,1781631000000,18.03,17.35,24,4,closed,true
T006609,1784160000000,S1,nodal,SITE3,V04,D0305,KA01AB0662,logout,1784201400000,1784201400000,13.37,15.07,12,7,closed,true
T006610,1787011200000,S1,nodal,SITE4,V06,D0209,KA01AB0931,login,1787020200000,1787020320000,9.79,9.79,12,4,closed,true
T006611,1787097600000,S1,cab,SITE1,V10,D0032,KA01AB1024,login,1787106600000,1787106780000,32.00,33.25,4,1,closed,true
T006612,1786147200000,S3,cab,SITE3,V06,D0222,KA01AB1781,login,1786203000000,1786203120000,19.06,21.05,4,2,closed,true
T006613,1784246400000,S2,cab,SITE3,V10,D0271,KA01AB0699,login,1784277000000,1784277060000,11.53,11.51,4,3,closed,true
T006614,1783641600000,S1,cab,SITE2,V08,D0295,KA01AB1668,login,1783650600000,1783650720000,42.84,41.84,4,4,closed,true
T006615,1785715200000,S2,shuttle,SITE3,V07,D0241,KA01AB1982,logout,1785778200000,1785778260000,15.17,14.96,24,24,closed,true
T006616,1784937600000,S3,nodal,SITE2,V03,D0235,KA01AB0623,logout,1784935800000,1784935980000,34.26,32.57,12,5,closed,true
T006617,1782172800000,S1,nodal,SITE3,V06,D0174,KA01AB0747,logout,1782214200000,1782214200000,31.19,30.30,12,3,closed,true
T006618,1784592000000,S3,cab,SITE1,V06,D0351,KA01AB1732,logout,1784590200000,1784590200000,36.61,39.18,4,1,closed,true
T006619,1787616000000,S2,cab,SITE1,V07,D0058,KA01AB1229,logout,1787679000000,1787679180000,18.91,20.57,4,4,closed,true
T006620,1787011200000,S2,shuttle,SITE4,V05,D0359,KA01AB0032,logout,1787074200000,1787074440000,34.24,33.20,24,2,closed,true
T006621,1787356800000,S1,cab,SITE4,V09,D0064,KA01AB0655,logout,1787398200000,1787398440000,14.55,15.06,4,3,closed,true
T006622,1781654400000,S3,cab,SITE4,V02,D0120,KA01AB1022,login,1781710200000,1781710200000,25.49,25.74,4,4,closed,true
T006623,1787443200000,S2,cab,SITE3,V04,D0202,KA01AB0520,logout,1787506200000,1787506380000,30.07,34.41,4,1,closed,true
T006624,1786492800000,S3,shuttle,SITE2,V07,D0018,KA01AB0288,logout,1786491000000,1786491780000,39.20,37.71,24,8,closed,true
T006625,1785542400000,S3,nodal,SITE3,V11,D0162,KA01AB0466,login,1785598200000,1785598200000,34.79,33.31,12,10,closed,true
T006626,1786924800000,S3,nodal,SITE3,V12,D0254,KA01AB1300,login,1786980600000,1786980660000,22.18,23.79,12,10,closed,true
T006627,1784505600000,S1,nodal,SITE2,V03,D0034,KA01AB0700,logout,1784547000000,1784547240000,12.03,13.01,12,12,closed,true
T006628,1783468800000,S3,nodal,SITE4,V05,D0286,KA01AB0109,logout,1783467000000,1783467240000,21.37,21.74,12,2,closed,true
T006629,1785369600000,S2,cab,SITE3,V05,D0258,KA01AB1855,login,1785400200000,1785402720000,26.16,26.95,4,3,closed,true
T006630,1784073600000,S2,nodal,SITE2,V01,D0384,KA01AB0029,logout,1784136600000,1784136600000,29.10,30.96,12,2,closed,true
T006631,1783987200000,S2,cab,SITE1,V02,D0134,KA01AB1993,login,1784017800000,1784017860000,15.46,16.19,4,1,closed,true,UNEXPECTED_EXTRA_FIELD
T006632,1786579200000,S1,cab,SITE4,V07,D0278,KA01AB1094,login,1786588200000,1786588440000,33.41,32.61,4,3,closed,true
T006633,1784160000000,S2,shuttle,SITE2,V04,D0009,KA01AB0013,login,1784190600000,1784190600000,8.73,9.01,24,9,closed,true
T006634,1782432000000,S3,nodal,SITE2,V05,D0381,KA01AB0451,logout,1782430200000,1782430380000,28.30,32.38,12,6,closed,true
T006635,1783123200000,S2,nodal,SITE3,V11,D0351,KA01AB1489,login,1783153800000,1783153860000,22.87,23.52,12,10,closed,true
T006636,1783209600000,S3,cab,SITE3,V01,D0228,KA01AB1885,logout,1783207800000,1783207860000,15.27,16.10,4,4,closed,true
T006637,1784332800000,S2,cab,SITE3,V05,D0021,KA01AB1907,logout,1784395800000,1784396340000,20.06,20.70,4,1,closed,true
T006638,1783900800000,S1,cab,SITE1,V02,D0358,KA01AB0147,login,1783909800000,1783910040000,18.84,19.56,4,1,closed,true
T006639,1785283200000,S3,cab,SITE3,V12,D0390,KA01AB0273,login,1785339000000,1785340800000,10.43,10.19,4,2,closed,true
T006640,1786406400000,S2,cab,SITE3,V12,D0008,KA01AB1527,logout,1786469400000,1786469640000,16.15,15.63,4,2,closed,true
T006641,1786320000000,S1,cab,SITE2,V09,D0387,KA01AB1815,logout,1786361400000,1786361640000,26.28,28.16,4,1,closed,true
T006642,1783209600000,S3,nodal,SITE2,V10,D0335,KA01AB0700,login,1783265400000,1783265400000,33.44,36.76,12,1,closed,true
T006643,1785283200000,S3,nodal,SITE3,V07,D0206,KA01AB0829,login,1785339000000,1785339240000,42.56,43.50,12,9,closed,true
T006644,1786233600000,S1,shuttle,SITE1,V11,D0244,KA01AB1070,login,1786242600000,1786244580000,19.20,19.81,24,5,closed,true
T006645,1786406400000,S1,nodal,SITE4,V02,D0392,KA01AB1721,login,1786415400000,1786415520000,17.24,17.52,12,2,closed,true
T006646,1781136000000,S2,cab,SITE4,V02,D0052,KA01AB0382,login,1781166600000,1781166660000,41.43,46.22,4,2,closed,true
T006647,1786752000000,S3,cab,SITE2,V05,D0248,KA01AB0788,logout,1786750200000,1786750200000,10.02,10.71,4,1,closed,true
T006648,1782432000000,S1,nodal,SITE3,V02,D0267,KA01AB1985,login,1782441000000,1782441000000,38.88,39.71,12,8,closed,true
T006649,1786665600000,S3,shuttle,SITE2,V11,D0020,KA01AB0971,login,1786721400000,1786722720000,33.01,35.07,24,5,closed,true
T006650,1786147200000,S3,cab,SITE4,V04,D0176,KA01AB0070,logout,1786145400000,1786145580000,38.12,36.87,4,4,closed,true
T006651,1783900800000,S3,cab,SITE2,V12,D0365,KA01AB1314,login,1783956600000,1783956600000,18.83,21.16,4,1,closed,true
T006652,1784851200000,S3,nodal,SITE4,V10,D0281,KA01AB0650,logout,1784849400000,1784849640000,38.09,41.15,12,3,closed,true
T006653,1783209600000,S2,shuttle,SITE1,V05,D0335,KA01AB1162,login,1783240200000,1783240320000,11.11,11.82,24,9,closed,true
T006654,1786492800000,S3,cab,SITE3,V08,D0348,KA01AB1258,logout,1786491000000,1786491960000,36.31,35.25,4,3,closed,true
T006655,1788220800000,S2,shuttle,SITE1,V05,D0056,KA01AB1302,logout,1788283800000,1788283800000,28.73,32.10,24,19,closed,true
T006656,1787011200000,S3,nodal,SITE4,V04,D0132,KA01AB1654,login,1787067000000,1787067000000,41.90,42.45,12,6,closed,true
T006657,1782950400000,S1,cab,SITE2,V04,D0040,KA01AB1187,login,1782959400000,1782959580000,35.13,39.94,4,2,closed,true
T006658,1784505600000,S3,shuttle,SITE4,V10,D0041,KA01AB0944,logout,1784503800000,1784506320000,23.04,24.27,24,3,closed,true
T006659,1784764800000,S3,cab,SITE4,V10,D0116,KA01AB0868,logout,1784763000000,1784763060000,12.45,13.07,4,2,closed,true
T006660,1784332800000,S2,cab,SITE3,V09,D0331,KA01AB0412,login,1784363400000,1784365560000,31.06,29.81,4,1,closed,true
T006661,1784073600000,S2,cab,SITE1,V03,D0001,KA01AB1557,logout,1784136600000,1784136840000,22.11,24.41,4,3,closed,true
T006662,1780790400000,S2,cab,SITE1,V06,D0162,KA01AB1480,logout,1780853400000,1780853580000,21.10,21.42,4,1,closed,true
T006663,1784851200000,S2,cab,SITE3,V10,D0075,KA01AB0636,login,1784881800000,1784881860000,8.62,9.10,4,2,closed,true
T006664,1782864000000,S3,cab,SITE1,V05,D0208,KA01AB0481,login,1782919800000,1782919980000,39.28,43.10,4,2,closed,true
T006665,1784505600000,S2,cab,SITE2,V03,D0158,KA01AB0212,login,1784536200000,1784536440000,21.88,22.59,4,2,closed,true
T006666,1783296000000,S2,cab,SITE4,V11,D0101,KA01AB1699,login,1783326600000,1783326780000,36.47,38.97,4,1,closed,true
T006667,1780876800000,S1,nodal,SITE1,V02,D0196,KA01AB0806,login,1780885800000,1780885920000,25.25,27.02,12,3,closed,true
T006668,1781827200000,S1,shuttle,SITE2,V03,D0062,KA01AB1799,login,1781836200000,1781836440000,31.74,34.24,24,15,closed,true
T006669,1787356800000,S2,nodal,SITE3,V01,D0262,KA01AB1125,logout,1787419800000,1787420340000,10.55,11.14,12,12,closed,true
T006670,1787702400000,S1,nodal,SITE1,V04,D0183,KA01AB0082,login,1787711400000,1787711520000,19.81,22.60,12,1,closed,true
T006671,1787529600000,S3,cab,SITE3,V08,D0265,KA01AB0463,login,1787585400000,1787588040000,25.88,27.84,4,2,closed,true
T006672,1785715200000,S2,shuttle,SITE3,V07,D0321,KA01AB1570,logout,1785778200000,1785778380000,15.85,15.51,24,22,closed,true
T006673,1784332800000,S2,nodal,SITE2,V09,D0029,KA01AB1261,logout,1784395800000,1784395920000,14.61,16.08,12,11,closed,true
T006674,1783641600000,S1,cab,SITE3,V06,D0000,KA01AB1978,login,1783650600000,1783650660000,18.29,20.87,4,2,closed,true
T006675,1782000000000,S2,nodal,SITE2,V11,D0221,KA01AB0421,login,1782030600000,1782030780000,40.48,45.64,12,10,closed,true
T006676,1784160000000,S1,nodal,SITE2,V04,D0363,KA01AB0577,logout,1784201400000,1784201520000,30.81,32.79,12,9,closed,true
T006677,1785283200000,S1,shuttle,SITE4,V11,D0264,KA01AB1313,logout,1785324600000,1785324600000,24.90,25.48,24,9,closed,true
T006678,1785715200000,S1,nodal,SITE4,V01,D0381,KA01AB0008,login,1785724200000,1785724380000,33.77,37.99,12,11,closed,true
T006679,1783728000000,S3,nodal,SITE4,V08,D0260,KA01AB0528,login,1783783800000,1783786500000,40.92,40.60,12,6,closed,true
T006680,1786924800000,S2,cab,SITE4,V10,D0321,KA01AB0703,logout,1786987800000,1786987860000,8.87,9.28,4,2,closed,false
T006681,1781654400000,S2,shuttle,SITE1,V01,D0390,KA01AB0780,login,1781685000000,1781685240000,24.95,27.89,24,3,closed,true
T006682,1781222400000,S2,nodal,SITE4,V02,D0237,KA01AB1656,login,1781253000000,1781253120000,38.83,37.71,12,12,closed,true
T006683,1784592000000,S1,shuttle,SITE1,V06,D0377,KA01AB0618,login,1784601000000,1784601060000,28.09,27.93,24,14,closed,true
T006684,1782777600000,S2,cab,SITE3,V07,D0190,KA01AB0051,logout,1782840600000,,21.89,23.16,4,3,open,false
T006685,1783123200000,S2,shuttle,SITE3,V06,D0253,KA01AB0761,logout,1783186200000,1783186320000,42.73,46.08,24,4,closed,true
T006686,1787875200000,S2,nodal,SITE4,V03,D0071,KA01AB1557,login,1787905800000,1787905860000,29.65,33.99,12,4,closed,true
T006687,1782259200000,S1,cab,SITE2,V03,D0307,KA01AB1203,login,1782268200000,1782270060000,25.62,25.62,4,1,closed,true
T006688,1785196800000,S3,shuttle,SITE3,V11,D0041,KA01AB0983,login,1785252600000,1785252720000,32.26,32.57,24,24,closed,true
T006689,1787097600000,S2,nodal,SITE1,V07,D0376,KA01AB1942,logout,1787160600000,1787160600000,41.27,44.19,12,8,closed,true
T006690,1782691200000,S1,shuttle,SITE4,V07,D0054,KA01AB1027,login,1782700200000,1782700200000,19.83,21.80,24,18,closed,true
T006691,1781740800000,S3,cab,SITE3,V05,D0162,KA01AB1512,logout,1781739000000,1781739060000,30.71,35.27,4,3,closed,true
T006692,1784851200000,S3,nodal,SITE3,V02,D0370,KA01AB1316,login,1784907000000,1784907120000,12.04,12.26,12,7,closed,true
T006693,1786924800000,S3,nodal,SITE3,V08,D0041,KA01AB1787,login,1786980600000,1786981680000,21.80,22.68,12,2,closed,true
T006694,1784678400000,S1,shuttle,SITE1,V04,D0005,KA01AB1088,logout,1784719800000,1784720040000,19.09,20.20,24,10,closed,true
T006695,1783555200000,S1,shuttle,SITE1,V07,D0129,KA01AB0014,login,1783564200000,1783564200000,13.60,15.54,24,20,closed,true
T006696,1783814400000,S2,cab,SITE3,V03,D0184,KA01AB0730,login,1783845000000,1783846860000,18.13,18.19,4,3,closed,true
T006697,1787270400000,S2,cab,SITE2,V08,D0173,KA01AB0073,logout,1787333400000,1787333580000,20.07,20.31,4,3,closed,true
T006698,1785888000000,S3,shuttle,SITE2,V12,D0001,KA01AB0678,logout,1785886200000,1785887760000,20.88,24.00,24,22,closed,true
T006699,1782950400000,S3,cab,SITE2,V04,D0144,KA01AB1655,login,1783006200000,1783006440000,22.61,25.89,4,3,closed,true,UNEXPECTED_EXTRA_FIELD
T006700,1787788800000,S3,cab,SITE3,V10,D0333,KA01AB0956,logout,1787787000000,1787789340000,33.46,36.27,4,3,closed,true
T006701,1781222400000,S3,cab,SITE3,V07,D0173,KA01AB0255,logout,1781220600000,1781220780000,26.66,26.88,4,2,closed,true
T006702,1781740800000,S3,shuttle,SITE3,V12,D0021,KA01AB1745,logout,1781739000000,1781739060000,39.45,42.90,24,3,closed,true
T006703,1783209600000,S3,nodal,SITE1,V06,D0030,KA01AB0994,login,1783265400000,1783265580000,28.17,28.15,12,9,closed,true
T006704,1782777600000,S1,shuttle,SITE2,V11,D0339,KA01AB1105,login,1782786600000,1782786780000,32.69,33.79,24,14,closed,true
T006705,1784678400000,S2,cab,SITE1,V11,D0212,KA01AB0755,login,1784709000000,1784709060000,39.07,42.29,4,2,closed,true
T006706,1785628800000,S3,shuttle,SITE2,V06,D0359,KA01AB1889,logout,1785627000000,,29.66,32.11,24,20,open,true
T006707,1786233600000,S3,nodal,SITE1,V10,D0377,KA01AB1713,logout,1786231800000,1786231920000,40.55,44.07,12,7,closed,true
T006708,1782777600000,S1,shuttle,SITE3,V04,D0322,KA01AB1947,logout,1782819000000,1782819000000,17.67,18.45,24,17,closed,true
T006709,1787529600000,S3,cab,SITE1,V10,D0350,KA01AB0969,login,1787585400000,1787585580000,25.42,28.37,4,2,closed,true
T006710,1786492800000,S1,shuttle,SITE3,V11,D0348,KA01AB1961,login,1786501800000,1786501980000,29.17,30.67,24,6,closed,true
T006711,1781136000000,S3,shuttle,SITE3,V01,D0368,KA01AB0263,login,1781191800000,1781192040000,9.92,9.87,24,4,closed,true
T006712,1787702400000,S3,shuttle,SITE2,V12,D0059,KA01AB1964,logout,1787700600000,1787700720000,41.59,40.81,24,16,closed,true
T006713,1781136000000,S2,shuttle,SITE4,V01,D0336,KA01AB1367,logout,1781199000000,1781199240000,38.30,38.21,24,10,closed,true
T006714,1787788800000,S3,nodal,SITE4,V10,D0155,KA01AB0366,login,1787844600000,1787844840000,12.10,12.51,12,5,closed,true
T006715,1787356800000,S2,cab,SITE4,V03,D0365,KA01AB0832,logout,1787419800000,1787420700000,10.76,10.96,4,1,closed,true
T006716,1782172800000,S2,nodal,SITE4,V11,D0081,KA01AB1127,login,1782203400000,1782203580000,14.90,16.27,12,7,closed,true
T006717,1781654400000,S1,nodal,SITE4,V04,D0208,KA01AB1345,logout,1781695800000,1781695800000,13.88,13.92,12,5,closed,true
T006718,1783555200000,S1,shuttle,SITE2,V09,D0310,KA01AB0133,login,1783564200000,1783564440000,9.44,10.53,24,22,closed,true
T006719,1781827200000,S3,cab,SITE4,V05,D0318,KA01AB1643,login,1781883000000,1781884980000,29.15,30.72,4,1,closed,true
T006720,1786924800000,S1,cab,SITE4,V11,D0034,KA01AB0436,login,1786933800000,1786933860000,33.01,32.77,4,1,closed,true
T006721,1782000000000,S3,shuttle,SITE1,V02,D0167,KA01AB0112,logout,1781998200000,1781998260000,24.19,26.76,24,14,closed,true
T006722,1783987200000,S3,cab,SITE1,V11,D0364,KA01AB1451,login,1784043000000,1784043240000,29.46,29.29,4,4,closed,true
T006723,1787356800000,S2,shuttle,SITE2,V04,D0381,KA01AB1322,login,1787387400000,1787387520000,28.35,30.68,24,22,closed,true
T006724,1784764800000,S2,shuttle,SITE4,V01,D0223,KA01AB1581,login,1784795400000,1784795640000,34.82,33.49,24,3,closed,true
T006725,1782345600000,S2,nodal,SITE1,V12,D0096,KA01AB0868,login,1782376200000,1782377340000,42.57,47.13,12,11,closed,true
T006726,1783382400000,S3,cab,SITE2,V06,D0190,KA01AB0376,logout,1783380600000,1783380720000,12.45,12.05,4,4,closed,true
T006727,1785888000000,S1,shuttle,SITE1,V03,D0081,KA01AB1457,logout,1785929400000,1785929460000,20.15,22.23,24,1,closed,true
T006728,1783641600000,S1,shuttle,SITE3,V04,D0280,KA01AB0220,logout,1783683000000,1783683000000,23.28,23.33,24,7,closed,true
T006729,1784678400000,S3,cab,SITE2,V03,D0287,KA01AB0127,logout,1784676600000,1784676840000,40.74,38.95,4,1,closed,true
T006730,1782518400000,S1,cab,SITE2,V09,D0236,KA01AB1147,logout,1782559800000,1782561660000,9.23,9.82,4,4,closed,true
T006731,1782432000000,S1,cab,SITE1,V05,D0071,KA01AB0228,login,1782441000000,1782441000000,16.70,17.22,4,4,closed,true
T006732,1784505600000,S1,nodal,SITE2,V11,D0073,KA01AB0692,login,1784514600000,1784514600000,22.14,22.89,12,6,closed,true
T006733,1783814400000,S1,shuttle,SITE3,V04,D0394,KA01AB1210,login,1783823400000,1783823460000,13.93,13.64,24,17,closed,true
T006734,1784937600000,S2,nodal,SITE1,V08,D0098,KA01AB1165,login,1784968200000,1784968440000,14.11,13.84,12,6,closed,true
T006735,1782604800000,S1,nodal,SITE3,V02,D0372,KA01AB1883,logout,1782646200000,1782646260000,29.88,29.60,12,6,closed,true
T006736,1782345600000,S2,cab,SITE3,V11,D0312,KA01AB0310,login,1782376200000,1782376380000,41.40,41.12,4,4,closed,true
T006737,1786579200000,S2,shuttle,SITE3,V09,D0149,KA01AB1203,login,1786609800000,1786609800000,29.00,33.31,24,17,closed,true
T006738,1785974400000,S1,nodal,SITE3,V03,D0399,KA01AB1933,logout,1786015800000,1786017840000,22.03,22.68,12,9,closed,true
T006739,1785110400000,S1,shuttle,SITE4,V04,D0185,KA01AB1731,login,1785119400000,1785119760000,40.58,43.56,24,10,closed,true
T006740,1782518400000,S2,cab,SITE1,V11,D0044,KA01AB0266,login,1782549000000,1782549960000,23.87,26.83,4,3,closed,true
T006741,1783728000000,S1,shuttle,SITE4,V08,D0068,KA01AB1132,login,1783737000000,1783737060000,16.83,17.15,24,11,closed,true
T006742,1783036800000,S1,shuttle,SITE3,V11,D0243,KA01AB1724,logout,1783078200000,1783080900000,15.51,16.28,24,9,closed,true
T006743,1783728000000,S1,nodal,SITE4,V07,D0153,KA01AB0336,login,1783737000000,1783737120000,26.33,27.27,12,8,closed,true
T006744,1787616000000,S2,cab,SITE2,V10,D0084,KA01AB0060,logout,1787679000000,1787679060000,36.62,35.36,4,2,closed,false
T006745,1787270400000,S2,nodal,SITE3,V05,D0084,KA01AB1123,logout,1787333400000,,27.33,29.88,12,5,open,true
T006746,1781049600000,S2,nodal,SITE2,V10,D0010,KA01AB1655,login,1781080200000,1781080260000,33.54,37.84,12,3,closed,true
T006747,1782518400000,S3,shuttle,SITE2,V09,D0184,KA01AB1899,login,1782574200000,1782574200000,29.92,31.98,24,16,closed,true
T006748,1782691200000,S3,nodal,SITE2,V03,D0112,KA01AB1582,login,1782747000000,1782747180000,9.33,9.04,12,8,closed,true
T006749,1782604800000,S3,cab,SITE4,V10,D0262,KA01AB0338,login,1782660600000,1782660600000,15.22,14.79,4,1,closed,true
T006750,1786060800000,S3,nodal,SITE1,V08,D0052,KA01AB0596,logout,1786059000000,1786059060000,19.95,21.21,12,3,closed,true
T006751,1788307200000,S3,shuttle,SITE1,V11,D0268,KA01AB0668,logout,1788305400000,1788305460000,10.86,11.54,24,10,closed,true
T006752,1783900800000,S1,nodal,SITE1,V01,D0390,KA01AB0029,login,1783909800000,1783909980000,33.52,33.36,12,10,closed,true
T006753,1785888000000,S2,nodal,SITE3,V09,D0008,KA01AB0118,logout,1785951000000,1785951240000,15.20,15.93,12,7,closed,true
T006754,1787184000000,S3,nodal,SITE1,V03,D0380,KA01AB1003,logout,1787182200000,1787182440000,30.55,34.92,12,6,closed,true
T006755,1783814400000,S1,shuttle,SITE1,V07,D0347,KA01AB1763,logout,1783855800000,1783856040000,35.30,39.72,24,21,closed,true
T006756,1786665600000,S3,nodal,SITE2,V07,D0004,KA01AB0653,logout,1786663800000,1786663980000,22.52,23.25,12,10,closed,true
T006757,1787616000000,S1,shuttle,SITE2,V10,D0396,KA01AB0543,login,1787625000000,1787625000000,32.45,35.97,24,10,closed,true
T006758,1783987200000,S2,cab,SITE3,V03,D0296,KA01AB0881,logout,1784050200000,1784052240000,35.03,38.63,4,3,closed,true
T006759,1786233600000,S1,nodal,SITE4,V08,D0100,KA01AB1553,login,1786242600000,1786242600000,22.70,22.62,12,9,closed,true
T006760,1784332800000,S2,cab,SITE3,V11,D0372,KA01AB0138,logout,1784395800000,1784395800000,36.84,35.52,4,3,closed,true
T006761,1784764800000,S3,shuttle,SITE4,V07,D0160,KA01AB0730,login,1784820600000,1784820780000,21.07,23.13,24,19,closed,true
T006762,1783987200000,S2,shuttle,SITE3,V09,D0208,KA01AB0412,login,1784017800000,1784020020000,10.21,11.60,24,9,closed,true
T006763,1783123200000,S1,shuttle,SITE2,V03,D0230,KA01AB1829,login,1783132200000,1783132320000,12.50,14.07,24,2,closed,true
T006764,1787529600000,S3,cab,SITE3,V09,D0043,KA01AB1222,logout,1787527800000,1787528040000,13.60,14.65,4,3,closed,true
T006765,1785456000000,S1,nodal,SITE1,V01,D0309,KA01AB0677,login,1785465000000,1785465180000,32.87,35.18,12,9,closed,true
T006766,1787356800000,S1,nodal,SITE2,V12,D0133,KA01AB1783,logout,1787398200000,1787398440000,38.69,37.54,12,1,closed,true
T006767,1781481600000,S3,nodal,SITE3,V01,D0224,KA01AB0587,login,1781537400000,1781537520000,16.48,15.80,12,9,closed,true
T006768,1782864000000,S1,cab,SITE2,V12,D0293,KA01AB0950,login,1782873000000,1782873060000,19.37,19.18,4,4,closed,true
T006769,1785628800000,S1,shuttle,SITE4,V12,D0267,KA01AB0179,login,1785637800000,1785637920000,39.42,42.92,24,17,closed,true
T006770,1783468800000,S1,nodal,SITE3,V07,D0236,KA01AB1956,login,1783477800000,1783477980000,30.75,30.19,12,2,closed,true
T006771,1787788800000,S3,cab,SITE1,V05,D0041,KA01AB1395,login,1787844600000,1787846340000,33.27,35.28,4,1,closed,true
T006772,1784937600000,S1,cab,SITE2,V03,D0081,KA01AB0428,login,1784946600000,1784946780000,22.19,24.71,4,4,closed,true
T006773,1786838400000,S1,nodal,SITE3,V09,D0114,KA01AB1680,logout,1786879800000,1786880040000,29.89,29.43,12,1,closed,true
T006774,1787097600000,S1,shuttle,SITE1,V06,D0092,KA01AB1675,login,1787106600000,1787106840000,32.78,35.29,24,2,closed,true
T006775,1784937600000,S3,shuttle,SITE4,V01,D0180,KA01AB0883,login,1784993400000,1784993400000,28.88,30.11,24,17,closed,true
T006776,1786060800000,S2,shuttle,SITE2,V04,D0053,KA01AB1647,login,1786091400000,1786091400000,32.37,31.69,24,11,closed,true
T006777,1786492800000,S3,nodal,SITE1,V08,D0155,KA01AB1989,logout,1786491000000,1786491000000,40.95,43.45,12,5,closed,true
T006778,1786320000000,S2,shuttle,SITE4,V09,D0385,KA01AB1071,login,1786350600000,1786350600000,8.91,9.67,24,1,closed,true
T006779,1787270400000,S1,shuttle,SITE2,V10,D0132,KA01AB1608,logout,1787311800000,1787311980000,27.91,30.25,24,19,closed,true
T006780,1787616000000,S3,nodal,SITE1,V10,D0317,KA01AB1473,logout,1787614200000,1787616240000,28.79,32.70,12,7,closed,true
T006781,1780963200000,S2,shuttle,SITE3,V08,D0292,KA01AB0870,login,1780993800000,1780993860000,32.73,34.63,24,19,closed,true
T006782,1782259200000,S2,shuttle,SITE1,V09,D0021,KA01AB1551,logout,1782322200000,1782322320000,33.45,32.62,24,20,closed,true
T006783,1781222400000,S2,nodal,SITE3,V09,D0322,KA01AB0359,logout,1781285400000,1781285520000,24.14,23.76,12,12,closed,true
T006784,1786233600000,S2,nodal,SITE2,V11,D0224,KA01AB1427,login,1786264200000,1786264380000,10.99,11.52,12,9,closed,true
T006785,1781395200000,S1,cab,SITE1,V01,D0310,KA01AB0315,logout,1781436600000,1781436600000,11.36,12.14,4,4,closed,true
T006786,1786838400000,S2,shuttle,SITE1,V12,D0351,KA01AB0491,logout,1786901400000,1786903320000,32.74,31.88,24,19,closed,true
T006787,1786838400000,S2,cab,SITE3,V06,D0253,KA01AB1551,logout,1786901400000,1786901640000,36.66,38.44,4,1,closed,true
T006788,1780963200000,S3,cab,SITE3,V06,D0109,KA01AB0845,logout,1780961400000,1780961520000,13.29,14.19,4,4,closed,true
T006789,1786233600000,S1,shuttle,SITE2,V08,D0157,KA01AB0721,logout,1786275000000,1786275180000,15.04,16.45,24,18,closed,true
T006790,1785369600000,S1,cab,SITE2,V12,D0123,KA01AB1110,logout,1785411000000,1785411000000,10.85,11.46,4,2,closed,true
T006791,1787616000000,S1,shuttle,SITE3,V10,D0017,KA01AB0762,logout,1787657400000,1787657580000,29.82,31.67,24,19,closed,true
T006792,1784246400000,S1,shuttle,SITE4,V04,D0129,KA01AB1100,logout,1784287800000,1784289120000,9.46,9.76,24,23,closed,true
T006793,1786147200000,S3,shuttle,SITE4,V01,D0242,KA01AB1635,logout,1786145400000,1786145640000,21.16,21.41,24,1,closed,true
T006794,1788480000000,S3,nodal,SITE1,V06,D0230,KA01AB0962,logout,1788478200000,1788478200000,24.13,23.23,12,10,closed,true
T006795,1787616000000,S1,shuttle,SITE1,V01,D0110,KA01AB1642,login,1787625000000,1787625120000,26.43,28.33,24,17,closed,true
T006796,1783728000000,S1,cab,SITE2,V08,D0205,KA01AB1780,login,1783737000000,1783737120000,16.56,17.00,4,2,closed,true
T006797,1786752000000,S2,cab,SITE4,V12,D0016,KA01AB0017,login,1786782600000,1786782660000,39.61,45.36,4,2,closed,true
T006798,1786579200000,S1,shuttle,SITE3,V04,D0000,KA01AB1726,login,1786588200000,1786588320000,25.21,28.43,24,1,closed,true
T006799,1788307200000,S2,cab,SITE3,V02,D0006,KA01AB0872,login,1788337800000,1788337860000,34.55,34.19,4,1,closed,true
T006800,1781222400000,S1,shuttle,SITE3,V03,D0063,KA01AB0683,login,1781231400000,1781231880000,15.02,15.00,24,8,closed,true
T006801,1782950400000,S2,cab,SITE1,V08,D0314,KA01AB1103,login,1782981000000,,16.55,16.47,4,3,open,true
T006802,1784073600000,S1,shuttle,SITE2,V02,D0087,KA01AB1303,login,1784082600000,1784082600000,30.11,30.69,24,23,closed,true
T006803,1784073600000,S3,shuttle,SITE2,V07,D0007,KA01AB0761,logout,1784071800000,1784071980000,16.40,15.84,24,22,closed,true
T006804,1785369600000,S2,cab,SITE4,V06,D0120,KA01AB1848,logout,1785432600000,1785432600000,24.58,26.94,4,1,closed,true
T006805,1781740800000,S3,nodal,SITE1,V08,D0279,KA01AB0284,logout,1781739000000,1781739000000,31.55,34.70,12,11,closed,true
T006806,1788134400000,S1,nodal,SITE4,V04,D0224,KA01AB1823,logout,1788175800000,1788176040000,10.31,11.05,12,4,closed,true
T006807,1781308800000,S1,shuttle,SITE4,V08,D0202,KA01AB0185,logout,1781350200000,1781350440000,23.68,23.19,24,24,closed,true
T006808,1788307200000,S2,nodal,SITE1,V09,D0223,KA01AB0466,logout,1788370200000,1788370380000,11.31,10.84,12,3,closed,true
T006809,1784678400000,S2,nodal,SITE2,V05,D0255,KA01AB1605,logout,1784741400000,1784743440000,30.40,30.96,12,3,closed,true
T006810,1786406400000,S2,shuttle,SITE1,V06,D0167,KA01AB0615,login,1786437000000,,22.43,22.22,24,23,open,true
T006811,1787788800000,S3,nodal,SITE4,V08,D0288,KA01AB1327,logout,1787787000000,1787787240000,12.84,12.30,12,12,closed,true
T006812,1786579200000,S2,shuttle,SITE4,V07,D0386,KA01AB1297,login,1786609800000,1786609860000,33.08,37.53,24,22,closed,true
T006813,1786838400000,S1,shuttle,SITE1,V04,D0043,KA01AB0024,login,1786847400000,1786847640000,40.20,46.18,24,24,closed,true
T006814,1788134400000,S2,cab,SITE3,V05,D0281,KA01AB1378,login,1788165000000,1788165120000,37.78,40.08,4,2,closed,true
T006815,1783641600000,S3,cab,SITE2,V07,D0304,KA01AB0719,login,1783697400000,1783697640000,32.83,36.76,4,1,closed,true
T006816,1785456000000,S3,shuttle,SITE2,V09,D0018,KA01AB0242,login,1785511800000,1785511860000,34.90,39.43,24,16,closed,true
T006817,1784764800000,S1,cab,SITE4,V01,D0113,KA01AB1145,login,1784773800000,,13.20,12.98,4,1,open,true
T006818,1786320000000,S3,cab,SITE2,V11,D0272,KA01AB1758,login,1786375800000,1786375800000,38.91,39.22,4,1,closed,true
T006819,1782691200000,S1,shuttle,SITE2,V12,D0090,KA01AB0365,login,1782700200000,1782700440000,19.01,20.02,24,4,closed,true
T006820,1783814400000,S3,cab,SITE4,V08,D0102,KA01AB1677,logout,1783812600000,1783812780000,27.20,25.96,4,4,closed,true
T006821,1783728000000,S3,shuttle,SITE3,V11,D0301,KA01AB1669,login,1783783800000,1783786140000,22.76,24.38,24,16,closed,true
T006822,1785196800000,S1,shuttle,SITE1,V02,D0125,KA01AB0675,logout,1785238200000,1785238380000,14.22,14.33,24,4,closed,true
T006823,1782604800000,S1,shuttle,SITE4,V01,D0150,KA01AB0701,logout,1782646200000,1782646440000,10.74,11.89,24,13,closed,true
T006824,1783555200000,S2,nodal,SITE3,V04,D0220,KA01AB1727,login,1783585800000,1783585920000,28.44,30.38,12,6,closed,true
T006825,1785801600000,S3,nodal,SITE4,V01,D0004,KA01AB0130,login,1785857400000,1785857640000,9.83,9.72,12,4,closed,true
T006826,1787875200000,S2,nodal,SITE3,V01,D0129,KA01AB1101,logout,1787938200000,1787938440000,24.95,25.90,12,7,closed,true
T006827,1783209600000,S3,cab,SITE1,V11,D0025,KA01AB0995,logout,1783207800000,1783209180000,29.47,30.00,4,2,closed,true
T006828,1782518400000,S1,nodal,SITE2,V12,D0130,KA01AB0728,login,1782527400000,1782527640000,36.66,36.45,12,6,closed,true
T006829,1784851200000,S1,shuttle,SITE2,V06,D0048,KA01AB1273,login,1784860200000,1784860440000,14.65,16.13,24,19,closed,true
T006830,1782345600000,S3,cab,SITE1,V07,D0189,KA01AB0171,login,1782401400000,1782401640000,41.19,39.86,4,4,closed,true
T006831,1782691200000,S2,nodal,SITE1,V08,D0263,KA01AB1484,logout,1782754200000,1782754200000,33.12,32.33,12,10,closed,true,UNEXPECTED_EXTRA_FIELD
T006832,1785888000000,S1,nodal,SITE3,V09,D0184,KA01AB1292,login,1785897000000,1785897060000,32.92,34.18,12,7,closed,true
T006833,1785715200000,S2,nodal,SITE1,V10,D0239,KA01AB1376,logout,1785778200000,1785778260000,31.40,30.88,12,12,closed,true
T006834,1781136000000,S3,shuttle,SITE4,V11,D0015,KA01AB1978,login,1781191800000,1781192580000,28.97,28.75,24,21,closed,true
T006835,1787097600000,S1,nodal,SITE1,V06,D0081,KA01AB0585,logout,1787139000000,1787139060000,9.08,10.39,12,4,closed,true
T006836,1782691200000,S1,nodal,SITE2,V09,D0320,KA01AB1729,logout,1782732600000,1782732840000,35.61,35.09,12,6,closed,true
T006837,1785110400000,S2,nodal,SITE1,V02,D0394,KA01AB0109,logout,1785173400000,1785173640000,34.96,39.98,12,9,closed,true
T006838,1786233600000,S1,cab,SITE1,V08,D0395,KA01AB1382,logout,1786275000000,1786275120000,39.59,39.10,4,4,closed,true
T006839,1783728000000,S2,cab,SITE4,V03,D0205,KA01AB1297,login,1783758600000,1783761180000,24.61,27.53,4,3,closed,true
T006840,1782432000000,S1,nodal,SITE4,V02,D0279,KA01AB0973,logout,1782473400000,1782473460000,18.58,17.78,12,7,closed,true
T006841,1783468800000,S2,shuttle,SITE4,V04,D0342,KA01AB1950,logout,1783531800000,1783531920000,34.53,38.86,24,12,closed,true
T006842,1783296000000,S1,shuttle,SITE2,V01,D0115,KA01AB0254,logout,1783337400000,1783337460000,12.00,12.60,24,23,closed,true
T006843,1780790400000,S2,shuttle,SITE2,V02,D0143,KA01AB0818,login,1780821000000,1780821060000,10.01,10.08,24,16,closed,true
T006844,1786147200000,S2,cab,SITE4,V10,D0105,KA01AB1602,login,1786177800000,1786177980000,25.79,24.74,4,2,closed,true
T006845,1781481600000,S2,nodal,SITE1,V11,D0217,KA01AB0428,login,1781512200000,1781512380000,14.72,16.04,12,11,closed,true
T006846,1782777600000,S1,cab,SITE4,V03,D0089,KA01AB1230,logout,1782819000000,1782819000000,39.96,44.43,4,3,closed,true
T006847,1787011200000,S2,cab,SITE4,V07,D0332,KA01AB1871,logout,1787074200000,1787074320000,10.60,11.56,4,2,closed,false
T006848,1784246400000,S1,shuttle,SITE1,V12,D0024,KA01AB0350,logout,1784287800000,1784289120000,31.59,33.84,24,3,closed,true
T006849,1782086400000,S3,cab,SITE1,V08,D0253,KA01AB1116,login,1782142200000,1782142200000,16.67,16.41,4,1,closed,true
T006850,1782604800000,S2,cab,SITE3,V09,D0365,KA01AB0425,logout,1782667800000,1782668040000,31.47,31.15,4,2,closed,true
T006851,1785888000000,S2,shuttle,SITE3,V05,D0159,KA01AB0191,logout,1785951000000,1785951060000,12.39,11.94,24,23,closed,true
T006852,1787529600000,S3,shuttle,SITE2,V06,D0054,KA01AB0399,login,1787585400000,1787585580000,34.26,35.22,24,9,closed,true
T006853,1786924800000,S3,nodal,SITE3,V04,D0087,KA01AB0723,logout,1786923000000,1786923120000,25.04,27.23,12,3,closed,true
T006854,1782864000000,S2,nodal,SITE4,V05,D0117,KA01AB1232,logout,1782927000000,1782927240000,24.99,28.57,12,2,closed,true
T006855,1783123200000,S1,shuttle,SITE3,V01,D0253,KA01AB0280,login,1783132200000,1783132260000,27.28,30.54,24,23,closed,true
T006856,1785715200000,S3,shuttle,SITE3,V06,D0152,KA01AB1348,logout,1785713400000,1785713580000,23.38,24.63,24,9,closed,true
T006857,1784592000000,S1,shuttle,SITE2,V05,D0340,KA01AB0274,logout,1784633400000,1784633580000,41.11,42.71,24,15,closed,true
T006858,1786406400000,S3,shuttle,SITE2,V05,D0008,KA01AB1239,logout,1786404600000,1786404660000,38.74,41.34,24,7,closed,true
T006859,1782950400000,S2,cab,SITE2,V01,D0323,KA01AB1073,logout,1783013400000,1783013640000,33.43,38.16,4,1,closed,true
T006860,1786060800000,S3,nodal,SITE1,V11,D0143,KA01AB0903,logout,1786059000000,1786061400000,34.08,33.50,12,4,closed,false
T006861,1786579200000,S2,nodal,SITE3,V12,D0030,KA01AB0552,logout,1786642200000,1786642380000,27.21,26.61,12,7,closed,true
T006862,1782691200000,S3,nodal,SITE3,V07,D0179,KA01AB0499,login,1782747000000,1782747180000,41.34,46.79,12,9,closed,true,UNEXPECTED_EXTRA_FIELD
T006863,1782604800000,S2,shuttle,SITE2,V10,D0165,KA01AB1959,login,1782635400000,1782636000000,9.15,9.06,24,14,closed,true
T006864,1787270400000,S3,shuttle,SITE3,V05,D0355,KA01AB0541,logout,1787268600000,1787270100000,17.91,19.58,24,3,closed,true
T006865,1785110400000,S2,nodal,SITE3,V02,D0128,KA01AB0881,login,1785141000000,1785141000000,11.16,11.81,12,5,closed,true
T006866,1782086400000,S3,cab,SITE3,V07,D0260,KA01AB0877,logout,1782084600000,1782084780000,24.75,25.94,4,2,closed,true
T006867,1782950400000,S3,nodal,SITE3,V07,D0393,KA01AB1162,logout,1782948600000,1782951120000,23.44,24.85,12,3,closed,false
T006868,1787443200000,S3,shuttle,SITE4,V01,D0037,KA01AB1198,login,1787499000000,1787499000000,20.75,20.45,24,15,closed,true
T006869,1788307200000,S2,cab,SITE1,V05,D0243,KA01AB0868,login,1788337800000,1788337800000,34.99,39.55,4,1,closed,true
T006870,1782518400000,S1,nodal,SITE2,V07,D0087,KA01AB1358,logout,1782559800000,1782560820000,25.55,27.07,12,3,closed,true
T006871,1783468800000,S3,cab,SITE3,V01,D0379,KA01AB1763,login,1783524600000,1783524780000,36.27,39.15,4,4,closed,true
T006872,1784160000000,S1,shuttle,SITE1,V05,D0008,KA01AB0283,login,1784169000000,1784169000000,39.76,43.19,24,23,closed,true
T006873,1786838400000,S3,nodal,SITE4,V09,D0311,KA01AB1928,login,1786894200000,1786894440000,28.25,28.80,12,10,closed,true
T006874,1782432000000,S3,shuttle,SITE1,V12,D0158,KA01AB1171,logout,1782430200000,1782430260000,17.64,17.73,24,13,closed,true
T006875,1783209600000,S2,shuttle,SITE4,V08,D0299,KA01AB1429,logout,1783272600000,1783272840000,32.17,34.06,24,5,closed,true
T006876,1786838400000,S3,nodal,SITE4,V07,D0221,KA01AB0762,login,1786894200000,1786894320000,25.62,28.32,12,12,closed,true
T006877,1785024000000,S2,shuttle,SITE2,V11,D0161,KA01AB0670,logout,1785087000000,1785087000000,33.03,33.74,24,10,closed,true
T006878,1781568000000,S3,nodal,SITE2,V12,D0292,KA01AB0184,login,1781623800000,1781623800000,20.59,21.53,12,7,closed,true
T006879,1785801600000,S2,cab,SITE2,V05,D0020,KA01AB1752,login,1785832200000,1785832200000,38.16,38.41,4,2,closed,true
T006880,1780876800000,S1,nodal,SITE3,V04,D0099,KA01AB1087,logout,1780918200000,1780918200000,32.56,33.47,12,12,closed,true
T006881,1781049600000,S3,shuttle,SITE1,V12,D0394,KA01AB0587,login,1781105400000,1781105400000,42.14,40.99,24,14,closed,true
T006882,1787788800000,S2,nodal,SITE1,V09,D0241,KA01AB0684,logout,1787851800000,1787851860000,31.36,33.23,12,5,closed,true
T006883,1784937600000,S1,nodal,SITE3,V04,D0277,KA01AB1348,login,1784946600000,,11.60,11.58,12,12,open,true
T006884,1787097600000,S1,nodal,SITE2,V07,D0141,KA01AB0131,logout,1787139000000,1787139120000,21.65,23.45,12,5,closed,true
T006885,1781481600000,S3,shuttle,SITE1,V04,D0172,KA01AB0394,login,1781537400000,1781537520000,37.27,37.53,24,3,closed,true
T006886,1783468800000,S2,cab,SITE3,V07,D0365,KA01AB0896,login,1783499400000,1783499580000,16.64,18.04,4,1,closed,true
T006887,1784246400000,S3,shuttle,SITE3,V09,D0085,KA01AB0214,login,1784302200000,1784302200000,38.20,41.48,24,9,closed,true
T006888,1782259200000,S3,cab,SITE2,V07,D0125,KA01AB1711,logout,1782257400000,1782257460000,42.77,48.40,4,3,closed,true
T006889,1782604800000,S1,cab,SITE2,V11,D0088,KA01AB1513,login,1782613800000,1782613800000,25.98,27.12,4,4,closed,true
T006890,1782432000000,S1,shuttle,SITE2,V09,D0398,KA01AB1585,logout,1782473400000,1782473460000,26.14,25.73,24,3,closed,true
T006891,1788393600000,S2,shuttle,SITE2,V12,D0026,KA01AB1582,login,1788424200000,1788424440000,17.74,18.40,24,5,closed,true,UNEXPECTED_EXTRA_FIELD
T006892,1780963200000,S2,cab,SITE3,V07,D0008,KA01AB0929,login,1780993800000,1780993920000,33.38,34.28,4,4,closed,true
T006893,1781308800000,S2,shuttle,SITE2,V08,D0109,KA01AB0740,login,1781339400000,1781342040000,17.22,17.87,24,21,closed,true
T006894,1782864000000,S1,cab,SITE1,V04,D0317,KA01AB1929,logout,1782905400000,1782905580000,12.16,13.57,4,1,closed,true
T006895,1783468800000,S3,shuttle,SITE4,V08,D0169,KA01AB0315,logout,1783467000000,1783467240000,21.95,21.29,24,24,closed,true
T006896,1782691200000,S3,shuttle,SITE4,V10,D0110,KA01AB1862,logout,1782689400000,1782689820000,26.41,27.73,24,18,closed,true
T006897,1781308800000,S3,cab,SITE2,V04,D0244,KA01AB0405,logout,1781307000000,1781309280000,21.59,20.60,4,2,closed,true
T006898,1786838400000,S2,cab,SITE1,V10,D0069,KA01AB1465,logout,1786901400000,1786901400000,29.82,29.76,4,2,closed,true
T006899,1782086400000,S1,nodal,SITE3,V09,D0348,KA01AB1255,logout,1782127800000,1782127860000,39.00,39.56,12,4,closed,true
T006900,1784419200000,S3,nodal,SITE2,V09,D0334,KA01AB0851,logout,1784417400000,1784417580000,33.66,33.51,12,6,closed,true
T006901,1784246400000,S1,shuttle,SITE2,V08,D0171,KA01AB0489,logout,1784287800000,1784288040000,33.66,36.53,24,9,closed,true
T006902,1787443200000,S2,cab,SITE4,V10,D0021,KA01AB1328,logout,1787506200000,1787506320000,19.14,19.18,4,4,closed,true
T006903,1788048000000,S2,shuttle,SITE3,V10,D0129,KA01AB1508,login,1788078600000,1788078780000,25.23,26.67,24,18,closed,true
T006904,1783814400000,S1,cab,SITE1,V08,D0223,KA01AB1525,login,1783823400000,1783823520000,19.47,21.13,4,1,closed,true
T006905,1781568000000,S2,shuttle,SITE1,V02,D0092,KA01AB1470,logout,1781631000000,1781631240000,33.38,37.74,24,24,closed,true
T006906,1785974400000,S3,cab,SITE3,V02,D0148,KA01AB0961,logout,1785972600000,1785973920000,16.79,17.99,4,2,closed,true
T006907,1785715200000,S3,shuttle,SITE4,V06,D0184,KA01AB1531,logout,1785713400000,,30.26,28.80,24,3,open,true
T006908,1785628800000,S3,nodal,SITE3,V06,D0077,KA01AB0136,logout,1785627000000,1785627180000,14.74,14.29,12,4,closed,true
T006909,1782172800000,S2,cab,SITE3,V12,D0029,KA01AB1605,logout,1782235800000,1782235860000,17.79,19.33,4,3,closed,true
T006910,1785628800000,S3,shuttle,SITE1,V05,D0138,KA01AB0469,login,1785684600000,1785684660000,21.10,24.26,24,4,closed,true
T006911,1782691200000,S2,nodal,SITE3,V02,D0107,KA01AB1456,login,1782721800000,1782722040000,21.63,24.86,12,12,closed,true
T006912,1786665600000,S1,cab,SITE2,V01,D0316,KA01AB1302,logout,1786707000000,1786707240000,25.00,27.88,4,1,closed,true
T006913,1788480000000,S2,cab,SITE4,V03,D0084,KA01AB0895,login,1788510600000,1788510780000,20.08,19.84,4,2,closed,true
T006914,1781481600000,S2,shuttle,SITE1,V04,D0103,KA01AB1736,login,1781512200000,1781512380000,10.79,11.58,24,8,closed,true
T006915,1786147200000,S3,cab,SITE3,V09,D0038,KA01AB1627,login,1786203000000,1786203120000,30.02,32.80,4,3,closed,true
T006916,1786147200000,S2,cab,SITE1,V07,D0102,KA01AB0868,logout,1786210200000,1786210440000,28.59,30.01,4,3,closed,true
T006917,1784419200000,S2,cab,SITE1,V07,D0265,KA01AB0019,login,1784449800000,1784449920000,8.79,9.54,4,1,closed,true
T006918,1786147200000,S2,nodal,SITE1,V07,D0224,KA01AB0432,login,1786177800000,1786178160000,20.38,19.48,12,8,closed,true
T006919,1785801600000,S2,nodal,SITE4,V08,D0165,KA01AB1966,login,1785832200000,1785832440000,35.52,34.22,12,6,closed,true
T006920,1787184000000,S3,nodal,SITE1,V10,D0120,KA01AB1068,login,1787239800000,1787241780000,37.19,40.06,12,11,closed,true
T006921,1787097600000,S1,shuttle,SITE4,V11,D0333,KA01AB0753,login,1787106600000,1787106720000,14.89,15.03,24,1,closed,true
T006922,1787356800000,S1,shuttle,SITE2,V05,D0246,KA01AB0231,login,1787365800000,1787365980000,26.06,28.12,24,15,closed,true
T006923,1780790400000,S1,cab,SITE3,V12,D0338,KA01AB0195,login,1780799400000,1780799580000,32.34,35.79,4,3,closed,true
T006924,1788048000000,S3,shuttle,SITE1,V03,D0043,KA01AB1919,login,1788103800000,1788104040000,23.94,26.92,24,6,closed,true
T006925,1787097600000,S2,shuttle,SITE3,V11,D0111,KA01AB1501,login,1787128200000,1787128380000,22.75,22.41,24,14,closed,true
T006926,1780790400000,S1,shuttle,SITE1,V02,D0153,KA01AB0070,logout,1780831800000,1780832040000,37.66,43.27,24,23,closed,true
T006927,1788220800000,S2,nodal,SITE1,V04,D0282,KA01AB1963,logout,1788283800000,,24.44,27.37,12,11,open,true
T006928,1785628800000,S3,nodal,SITE3,V10,D0067,KA01AB0818,login,1785684600000,1785684660000,10.63,10.29,12,1,closed,true
T006929,1787702400000,S3,cab,SITE2,V06,D0064,KA01AB0778,logout,1787700600000,1787700780000,38.89,38.11,4,3,closed,true
T006930,1785369600000,S1,nodal,SITE4,V09,D0392,KA01AB1779,login,1785378600000,1785381180000,22.59,25.12,12,5,closed,true
T006931,1784505600000,S1,shuttle,SITE1,V03,D0196,KA01AB0371,logout,1784547000000,1784547480000,21.51,21.51,24,8,closed,true
T006932,1787616000000,S3,cab,SITE3,V05,D0349,KA01AB0458,login,1787671800000,1787671980000,24.24,25.53,4,4,closed,true
T006933,1785024000000,S2,nodal,SITE3,V02,D0039,KA01AB0374,logout,1785087000000,1785087000000,10.91,11.07,12,10,closed,true
T006934,1787184000000,S3,cab,SITE3,V04,D0307,KA01AB1240,logout,1787182200000,1787182260000,14.85,15.93,4,4,closed,true
T006935,1787616000000,S1,shuttle,SITE1,V08,D0253,KA01AB1023,login,1787625000000,1787625120000,34.41,32.71,24,5,closed,true
T006936,1785110400000,S2,cab,SITE3,V09,D0329,KA01AB0233,logout,1785173400000,1785173580000,10.99,11.33,4,3,closed,true
T006937,1783814400000,S2,nodal,SITE3,V04,D0310,KA01AB1310,logout,1783877400000,1783877580000,8.73,9.87,12,5,closed,true
T006938,1784505600000,S3,nodal,SITE2,V07,D0123,KA01AB0866,logout,1784503800000,1784504040000,33.81,37.44,12,10,closed,false
T006939,1788307200000,S3,nodal,SITE1,V04,D0266,KA01AB1578,login,1788363000000,1788363060000,32.95,37.37,12,7,closed,true
T006940,1785024000000,S2,nodal,SITE2,V10,D0309,KA01AB0769,logout,1785087000000,1785087000000,30.12,32.02,12,6,closed,true
T006941,1783382400000,S2,cab,SITE2,V02,D0375,KA01AB1870,login,1783413000000,1783413000000,38.12,39.35,4,1,closed,true
T006942,1787184000000,S1,shuttle,SITE3,V07,D0287,KA01AB0642,login,1787193000000,1787195340000,36.53,38.74,24,22,closed,true
T006943,1783123200000,S2,nodal,SITE3,V04,D0341,KA01AB1615,logout,1783186200000,1783186320000,22.86,23.74,12,12,closed,true
T006944,1781827200000,S3,nodal,SITE1,V06,D0130,KA01AB1717,login,1781883000000,1781883180000,12.10,13.55,12,8,closed,true
T006945,1784592000000,S3,shuttle,SITE4,V06,D0171,KA01AB1166,logout,1784590200000,1784590380000,8.47,8.42,24,3,closed,true
T006946,1784592000000,S3,nodal,SITE3,V12,D0322,KA01AB0165,login,1784647800000,1784647800000,27.06,29.60,12,4,closed,true
T006947,1782259200000,S2,cab,SITE3,V05,D0102,KA01AB1323,login,1782289800000,1782289980000,20.49,21.68,4,2,closed,true
T006948,1781913600000,S1,nodal,SITE4,V05,D0234,KA01AB0502,logout,1781955000000,,36.49,39.68,12,4,open,true
T006949,1784419200000,S1,nodal,SITE1,V05,D0011,KA01AB0058,logout,1784460600000,1784460660000,19.22,19.84,12,9,closed,true
T006950,1784937600000,S2,nodal,SITE3,V12,D0101,KA01AB0846,login,1784968200000,,9.86,10.81,12,5,open,true
T006951,1785369600000,S2,cab,SITE1,V05,D0373,KA01AB1964,logout,1785432600000,1785432600000,14.38,15.68,4,1,closed,true
T006952,1784332800000,S3,shuttle,SITE3,V08,D0375,KA01AB0875,login,1784388600000,1784388720000,8.01,8.29,24,10,closed,true
T006953,1785628800000,S1,nodal,SITE1,V12,D0225,KA01AB1613,logout,1785670200000,1785670260000,16.22,17.61,12,7,closed,true
T006954,1786060800000,S2,shuttle,SITE3,V12,D0324,KA01AB0049,login,1786091400000,1786091520000,13.64,15.65,24,19,closed,true
T006955,1783036800000,S1,nodal,SITE3,V02,D0372,KA01AB0178,login,1783045800000,1783045980000,18.83,20.48,12,8,closed,true
T006956,1781654400000,S3,nodal,SITE2,V02,D0011,KA01AB1283,login,1781710200000,1781710440000,13.44,15.07,12,11,closed,true
T006957,1786924800000,S3,shuttle,SITE3,V06,D0282,KA01AB1375,login,1786980600000,1786980660000,9.37,9.08,24,3,closed,true
T006958,1786492800000,S3,cab,SITE4,V04,D0128,KA01AB0114,login,1786548600000,1786550880000,42.15,44.19,4,4,closed,true
T006959,1781049600000,S2,cab,SITE1,V05,D0002,KA01AB0346,logout,1781112600000,1781112600000,32.13,33.61,4,2,closed,true
T006960,1785369600000,S1,shuttle,SITE3,V12,D0072,KA01AB1713,logout,1785411000000,1785412860000,36.76,41.23,24,18,closed,true
T006961,1782864000000,S1,shuttle,SITE2,V04,D0043,KA01AB0410,login,1782873000000,1782873180000,15.51,16.55,24,11,closed,true
T006962,1787097600000,S1,nodal,SITE4,V08,D0333,KA01AB1554,logout,1787139000000,1787139000000,17.66,19.35,12,8,closed,true
T006963,1786924800000,S1,cab,SITE2,V05,D0132,KA01AB0437,login,1786933800000,1786933800000,17.48,18.26,4,3,closed,true
T006964,1782864000000,S3,nodal,SITE1,V08,D0357,KA01AB0900,login,1782919800000,1782920040000,19.57,21.96,12,2,closed,true
T006965,1785542400000,S3,cab,SITE3,V10,D0164,KA01AB1133,logout,1785540600000,1785540840000,26.51,25.69,4,1,closed,true
T006966,1785628800000,S3,shuttle,SITE2,V04,D0142,KA01AB0958,logout,1785627000000,1785627120000,16.71,15.95,24,9,closed,true
T006967,1783814400000,S1,shuttle,SITE2,V04,D0178,KA01AB1440,login,1783823400000,1783823580000,16.72,19.11,24,13,closed,true
T006968,1785024000000,S3,shuttle,SITE3,V03,D0185,KA01AB0225,logout,1785022200000,,10.24,11.57,24,2,open,true
T006969,1781568000000,S3,shuttle,SITE4,V05,D0382,KA01AB0038,logout,1781566200000,1781566320000,29.08,29.90,24,22,closed,true
T006970,1783209600000,S2,cab,SITE3,V12,D0132,KA01AB1022,login,1783240200000,1783240440000,14.92,16.83,4,3,closed,true
T006971,1785456000000,S1,cab,SITE2,V04,D0385,KA01AB0715,login,1785465000000,1785465060000,26.45,30.34,4,1,closed,true
T006972,1781827200000,S2,shuttle,SITE2,V08,D0171,KA01AB1476,logout,1781890200000,1781890380000,40.91,46.10,24,16,closed,true
T006973,1786924800000,S2,cab,SITE1,V03,D0187,KA01AB1823,login,1786955400000,1786955520000,25.52,25.77,4,2,closed,true
T006974,1783555200000,S1,cab,SITE2,V09,D0052,KA01AB0822,logout,1783596600000,,20.40,19.91,4,2,open,true
T006975,1781395200000,S3,nodal,SITE4,V04,D0229,KA01AB1814,logout,1781393400000,1781393580000,17.11,19.55,12,5,closed,true
T006976,1780963200000,S2,nodal,SITE4,V09,D0109,KA01AB1904,login,1780993800000,1780993920000,40.87,44.88,12,1,closed,true
T006977,1784764800000,S3,cab,SITE4,V03,D0153,KA01AB1543,logout,1784763000000,1784763120000,16.36,17.56,4,3,closed,true
T006978,1781136000000,S3,cab,SITE4,V01,D0000,KA01AB1202,logout,1781134200000,1781134260000,21.14,20.15,4,3,closed,true
T006979,1783036800000,S3,cab,SITE2,V08,D0048,KA01AB0707,login,1783092600000,1783094340000,30.60,31.90,4,3,closed,true
T006980,1783641600000,S1,shuttle,SITE2,V06,D0203,KA01AB1450,login,1783650600000,1783650780000,13.22,13.89,24,3,closed,true
T006981,1786233600000,S2,cab,SITE4,V04,D0079,KA01AB1491,login,1786264200000,1786264200000,23.55,26.56,4,4,closed,true
T006982,1782172800000,S1,cab,SITE2,V11,D0119,KA01AB1419,login,1782181800000,1782181980000,40.91,44.10,4,3,closed,true
T006983,1788220800000,S1,shuttle,SITE3,V01,D0281,KA01AB0275,login,1788229800000,1788229920000,13.63,13.65,24,7,closed,true
T006984,1784246400000,S3,shuttle,SITE3,V10,D0394,KA01AB1043,login,1784302200000,1784302260000,37.86,41.93,24,24,closed,true
T006985,1784332800000,S1,shuttle,SITE3,V08,D0363,KA01AB1818,login,1784341800000,1784341800000,35.34,36.84,24,23,closed,true
T006986,1784073600000,S2,nodal,SITE1,V07,D0160,KA01AB1576,logout,1784136600000,1784138700000,26.10,28.72,12,6,closed,true
T006987,1785974400000,S3,nodal,SITE1,V11,D0208,KA01AB0584,login,1786030200000,1786030200000,16.75,18.57,12,6,closed,true
T006988,1787097600000,S1,cab,SITE4,V12,D0381,KA01AB0101,login,1787106600000,1787106720000,13.01,14.88,4,2,closed,true
T006989,1783555200000,S3,nodal,SITE4,V04,D0237,KA01AB1102,logout,1783553400000,1783553580000,8.76,9.04,12,2,closed,true
T006990,1784764800000,S1,cab,SITE3,V12,D0005,KA01AB1237,logout,1784806200000,1784806440000,14.48,15.69,4,4,closed,true
T006991,1787184000000,S1,cab,SITE1,V01,D0332,KA01AB1804,login,1787193000000,1787193060000,13.55,15.08,4,2,closed,true
T006992,1783555200000,S2,shuttle,SITE4,V12,D0249,KA01AB1242,login,1783585800000,1783586040000,19.88,21.03,24,4,closed,true
T006993,1785628800000,S1,cab,SITE3,V04,D0244,KA01AB1205,login,1785637800000,1785637920000,32.36,31.81,4,1,closed,true
T006994,1785888000000,S3,nodal,SITE2,V11,D0311,KA01AB0842,logout,1785886200000,1785886200000,32.45,31.83,12,12,closed,true,UNEXPECTED_EXTRA_FIELD
T006995,1785196800000,S3,nodal,SITE4,V05,D0233,KA01AB1162,login,1785252600000,1785252840000,28.87,28.05,12,5,closed,true
T006996,1783036800000,S2,shuttle,SITE3,V09,D0055,KA01AB0411,logout,1783099800000,1783099980000,14.12,14.00,24,12,closed,true
T006997,1786147200000,S2,nodal,SITE2,V09,D0203,KA01AB0239,login,1786177800000,1786177800000,24.95,24.55,12,2,closed,true
T006998,1781654400000,S3,nodal,SITE3,V06,D0000,KA01AB1969,login,1781710200000,1781710380000,11.20,11.35,12,11,closed,true
T006999,1787788800000,S1,shuttle,SITE1,V03,D0044,KA01AB0998,login,1787797800000,1787797800000,31.10,35.40,24,16,closed,true
T007000,1783987200000,S1,nodal,SITE3,V04,D0159,KA01AB0110,login,1783996200000,1783997820000,20.66,22.39,12,3,closed,true
T007001,1782432000000,S3,nodal,SITE4,V07,D0279,KA01AB1951,login,1782487800000,,31.97,32.98,12,8,open,true
T007002,1785456000000,S3,nodal,SITE3,V05,D0065,KA01AB0869,login,1785511800000,1785512040000,16.00,18.29,12,8,closed,true
T007003,1781568000000,S3,nodal,SITE4,V06,D0353,KA01AB1493,logout,1781566200000,1781566380000,30.79,34.92,12,12,closed,true
T007004,1788048000000,S2,cab,SITE3,V05,D0310,KA01AB0811,logout,1788111000000,1788111120000,8.68,9.28,4,2,closed,true
T007005,1786406400000,S2,shuttle,SITE4,V04,D0087,KA01AB1694,login,1786437000000,1786437360000,16.11,17.10,24,19,closed,true
T007006,1785801600000,S1,nodal,SITE2,V06,D0062,KA01AB1835,login,1785810600000,1785810840000,38.04,37.11,12,12,closed,true
T007007,1784073600000,S2,cab,SITE4,V12,D0300,KA01AB0350,login,1784104200000,1784104320000,12.61,13.73,4,2,closed,true
T007008,1783036800000,S2,shuttle,SITE2,V11,D0116,KA01AB0102,login,1783067400000,1783067520000,11.05,12.61,24,22,closed,true
T007009,1786924800000,S2,cab,SITE1,V07,D0053,KA01AB1631,login,1786955400000,1786955580000,37.84,43.08,4,4,closed,true
T007010,1785369600000,S1,cab,SITE4,V03,D0367,KA01AB1282,login,1785378600000,1785380940000,38.37,37.15,4,2,closed,true
T007011,1787011200000,S1,nodal,SITE4,V07,D0300,KA01AB0681,logout,1787052600000,1787052780000,33.72,33.50,12,4,closed,true
T007012,1785369600000,S1,cab,SITE2,V08,D0070,KA01AB1294,login,1785378600000,1785378720000,19.81,21.80,4,2,closed,true
T007013,1785715200000,S1,shuttle,SITE1,V10,D0154,KA01AB1484,logout,1785756600000,1785756840000,13.47,15.29,24,2,closed,true
T007014,1782172800000,S1,shuttle,SITE1,V10,D0348,KA01AB0567,login,1782181800000,1782181800000,30.74,30.12,24,22,closed,true
T007015,1782259200000,S2,shuttle,SITE3,V05,D0218,KA01AB1056,logout,1782322200000,1782322440000,14.93,16.81,24,2,closed,true
T007016,1782864000000,S3,cab,SITE2,V08,D0398,KA01AB0168,logout,1782862200000,1782862320000,23.31,26.75,4,3,closed,true
T007017,1787961600000,S3,nodal,SITE4,V11,D0333,KA01AB1885,logout,1787959800000,1787962200000,32.47,31.99,12,12,closed,true
T007018,1786838400000,S3,cab,SITE1,V08,D0058,KA01AB0384,login,1786894200000,1786894200000,42.81,44.92,4,1,closed,true
T007019,1781136000000,S1,nodal,SITE4,V08,D0284,KA01AB1303,logout,1781177400000,1781177580000,22.96,22.92,12,12,closed,true
T007020,1788134400000,S1,cab,SITE2,V06,D0336,KA01AB0252,login,1788143400000,1788143400000,11.19,11.76,4,1,closed,true
T007021,1784678400000,S2,cab,SITE1,V04,D0209,KA01AB0961,login,1784709000000,1784709000000,28.18,31.71,4,2,closed,true
T007022,1783987200000,S3,shuttle,SITE4,V04,D0058,KA01AB0756,login,1784043000000,1784043000000,16.70,16.18,24,19,closed,true
T007023,1785456000000,S3,nodal,SITE1,V06,D0381,KA01AB0096,login,1785511800000,,36.51,36.60,12,2,open,true,UNEXPECTED_EXTRA_FIELD
T007024,1781222400000,S2,nodal,SITE1,V06,D0233,KA01AB0515,login,1781253000000,1781253000000,36.08,35.33,12,3,closed,true
T007025,1782432000000,S3,cab,SITE4,V06,D0264,KA01AB1477,login,1782487800000,1782487920000,12.79,14.12,4,2,closed,true
T007026,1781481600000,S2,cab,SITE3,V01,D0069,KA01AB0372,login,1781512200000,1781512380000,41.32,41.68,4,1,closed,true
T007027,1786838400000,S1,nodal,SITE4,V08,D0022,KA01AB0345,login,1786847400000,1786847580000,21.07,23.99,12,11,closed,true
T007028,1783209600000,S1,nodal,SITE1,V04,D0070,KA01AB1439,login,1783218600000,1783220820000,36.41,39.01,12,4,closed,true
T007029,1784937600000,S2,cab,SITE4,V03,D0135,KA01AB0345,login,1784968200000,1784968260000,36.96,42.29,4,1,closed,true
T007030,1787270400000,S2,nodal,SITE2,V05,D0142,KA01AB0678,logout,1787333400000,1787333460000,12.24,13.26,12,6,closed,true
T007031,1786060800000,S3,shuttle,SITE3,V08,D0398,KA01AB1822,logout,1786059000000,1786059000000,33.57,36.33,24,7,closed,true
T007032,1784160000000,S1,nodal,SITE3,V06,D0371,KA01AB0969,logout,1784201400000,1784201400000,31.89,34.12,12,7,closed,true
T007033,1783555200000,S1,shuttle,SITE3,V06,D0169,KA01AB0681,logout,1783596600000,1783596600000,18.82,18.37,24,13,closed,true
T007034,1785369600000,S2,nodal,SITE3,V01,D0338,KA01AB0299,logout,1785432600000,1785432660000,13.29,13.28,12,4,closed,true
T007035,1784246400000,S1,shuttle,SITE1,V07,D0305,KA01AB1455,logout,1784287800000,1784287860000,32.25,36.12,24,14,closed,true
T007036,1785542400000,S3,nodal,SITE4,V01,D0096,KA01AB1393,logout,1785540600000,1785540780000,40.71,43.04,12,4,closed,false
T007037,1782604800000,S1,nodal,SITE2,V11,D0306,KA01AB0729,login,1782613800000,1782613920000,21.31,21.78,12,3,closed,true
T007038,1785196800000,S3,cab,SITE2,V12,D0142,KA01AB1489,logout,1785195000000,1785195180000,37.08,42.18,4,4,closed,true
T007039,1787961600000,S2,cab,SITE3,V11,D0388,KA01AB1902,logout,1788024600000,1788024660000,31.64,36.08,4,4,closed,true
T007040,1785801600000,S1,shuttle,SITE2,V11,D0198,KA01AB0965,login,1785810600000,1785810720000,33.51,37.22,24,14,closed,true,UNEXPECTED_EXTRA_FIELD
T007041,1783900800000,S1,shuttle,SITE1,V09,D0052,KA01AB1465,login,1783909800000,1783909980000,22.67,24.74,24,5,closed,true
T007042,1782345600000,S3,cab,SITE1,V01,D0132,KA01AB1551,login,1782401400000,1782401520000,14.56,15.97,4,3,closed,true
T007043,1783209600000,S2,cab,SITE4,V04,D0066,KA01AB1917,login,1783240200000,1783240320000,22.78,25.85,4,3,closed,true
T007044,1783987200000,S3,cab,SITE4,V02,D0140,KA01AB1430,logout,1783985400000,1783985520000,27.09,28.34,4,4,closed,true
T007045,1781740800000,S1,nodal,SITE2,V06,D0188,KA01AB0400,logout,1781782200000,1781782380000,17.47,18.90,12,4,closed,true
T007046,1784851200000,S2,nodal,SITE4,V11,D0027,KA01AB0820,login,1784881800000,1784883960000,18.07,17.25,12,4,closed,true
T007047,1781395200000,S2,cab,SITE4,V04,D0311,KA01AB0255,logout,1781458200000,1781458440000,42.02,39.96,4,1,closed,false
T007048,1783728000000,S1,nodal,SITE1,V03,D0207,KA01AB0045,logout,1783769400000,1783769640000,24.11,23.69,12,1,closed,true
T007049,1785542400000,S2,shuttle,SITE2,V09,D0279,KA01AB1958,login,1785573000000,1785573120000,19.84,21.23,24,5,closed,true
T007050,1785196800000,S2,cab,SITE2,V10,D0179,KA01AB1253,logout,1785259800000,1785260040000,29.99,33.64,4,2,closed,true
T007051,1784246400000,S1,shuttle,SITE3,V12,D0047,KA01AB1010,logout,1784287800000,1784287980000,10.38,10.64,24,14,closed,true
T007052,1781308800000,S2,cab,SITE4,V01,D0089,KA01AB1301,logout,1781371800000,1781371860000,41.76,41.78,4,1,closed,true
T007053,1785715200000,S3,nodal,SITE2,V09,D0391,KA01AB1850,logout,1785713400000,1785714300000,20.56,22.28,12,1,closed,true
T007054,1786924800000,S3,shuttle,SITE2,V07,D0354,KA01AB1828,login,1786980600000,1786982520000,29.43,29.43,24,16,closed,true
T007055,1788220800000,S3,cab,SITE4,V08,D0330,KA01AB0206,logout,1788219000000,,18.53,19.74,4,3,open,true
T007056,1787961600000,S3,nodal,SITE4,V07,D0215,KA01AB0560,login,1788017400000,1788017640000,38.66,41.01,12,2,closed,true
T007057,1787184000000,S1,shuttle,SITE4,V12,D0004,KA01AB1879,login,1787193000000,1787193060000,20.64,19.66,24,12,closed,true
T007058,1785024000000,S2,cab,SITE3,V04,D0362,KA01AB1015,logout,1785087000000,1785089400000,12.82,13.89,4,3,closed,true
T007059,1782691200000,S3,nodal,SITE1,V05,D0355,KA01AB1955,login,1782747000000,1782747060000,33.57,38.12,12,5,closed,true
T007060,1787616000000,S3,shuttle,SITE1,V04,D0025,KA01AB1719,logout,1787614200000,1787615400000,22.45,21.90,24,5,closed,true
T007061,1786838400000,S1,cab,SITE2,V12,D0086,KA01AB0558,login,1786847400000,1786847520000,14.67,14.71,4,1,closed,true
T007062,1786406400000,S2,cab,SITE1,V10,D0315,KA01AB0880,login,1786437000000,1786437060000,21.20,22.65,4,2,closed,true
T007063,1786924800000,S3,shuttle,SITE2,V05,D0346,KA01AB0544,login,1786980600000,1786980840000,29.35,30.67,24,23,closed,true
T007064,1784419200000,S3,shuttle,SITE4,V12,D0128,KA01AB1289,login,1784475000000,1784475000000,27.09,30.56,24,7,closed,true
T007065,1783900800000,S1,cab,SITE4,V12,D0055,KA01AB1056,login,1783909800000,1783911420000,42.39,43.77,4,1,closed,true
T007066,1783468800000,S2,shuttle,SITE4,V04,D0260,KA01AB1365,login,1783499400000,,13.23,14.34,24,6,open,true
T007067,1781308800000,S1,shuttle,SITE4,V08,D0298,KA01AB0840,login,1781317800000,1781318040000,16.57,16.41,24,10,closed,true
T007068,1784937600000,S3,cab,SITE1,V06,D0043,KA01AB0205,login,1784993400000,1784993580000,16.92,17.79,4,4,closed,true
T007069,1781136000000,S3,cab,SITE3,V03,D0314,KA01AB0483,login,1781191800000,1781192520000,20.69,21.36,4,1,closed,true
T007070,1782000000000,S1,cab,SITE3,V11,D0120,KA01AB1884,login,1782009000000,1782009180000,41.32,41.89,4,3,closed,true
T007071,1781827200000,S3,cab,SITE3,V01,D0340,KA01AB1971,login,1781883000000,1781883240000,14.39,16.49,4,1,closed,true
T007072,1781222400000,S1,shuttle,SITE4,V10,D0268,KA01AB1894,logout,1781263800000,1781263800000,14.16,14.62,24,5,closed,true
T007073,1783728000000,S1,shuttle,SITE4,V04,D0005,KA01AB1860,login,1783737000000,1783737240000,29.24,28.46,24,8,closed,true
T007074,1782604800000,S3,cab,SITE1,V06,D0151,KA01AB0884,logout,1782603000000,1782603240000,34.34,33.06,4,2,closed,true
T007075,1784764800000,S1,cab,SITE3,V05,D0293,KA01AB1094,logout,1784806200000,1784806260000,26.81,26.25,4,4,closed,true
T007076,1783036800000,S1,cab,SITE4,V09,D0174,KA01AB1039,login,1783045800000,1783045860000,14.95,14.28,4,2,closed,true
T007077,1787270400000,S1,cab,SITE2,V08,D0095,KA01AB1488,login,1787279400000,1787279580000,16.23,16.95,4,3,closed,true
T007078,1786060800000,S3,shuttle,SITE4,V05,D0014,KA01AB0449,login,1786116600000,1786116600000,42.52,45.65,24,17,closed,true
T007079,1782518400000,S3,shuttle,SITE4,V02,D0021,KA01AB1752,login,1782574200000,1782574200000,10.74,10.47,24,20,closed,true
T007080,1786838400000,S3,nodal,SITE3,V08,D0333,KA01AB1938,logout,1786836600000,1786836600000,35.30,34.73,12,7,closed,true
T007081,1784160000000,S2,shuttle,SITE1,V08,D0173,KA01AB1311,logout,1784223000000,1784223480000,9.69,9.29,24,10,closed,true
T007082,1781913600000,S2,cab,SITE1,V05,D0359,KA01AB1994,login,1781944200000,1781944200000,15.18,16.22,4,3,closed,true
T007083,1788307200000,S3,cab,SITE3,V06,D0203,KA01AB1042,login,1788363000000,1788363240000,13.84,15.30,4,3,closed,true
T007084,1787875200000,S1,nodal,SITE3,V03,D0246,KA01AB1836,logout,1787916600000,1787916720000,33.71,37.46,12,12,closed,true
T007085,1780876800000,S2,shuttle,SITE2,V10,D0156,KA01AB1016,login,1780907400000,1780907580000,33.97,32.29,24,19,closed,true
T007086,1782604800000,S3,nodal,SITE1,V11,D0116,KA01AB1856,logout,1782603000000,1782603240000,18.36,17.97,12,9,closed,true
T007087,1785542400000,S1,shuttle,SITE3,V02,D0395,KA01AB0092,login,1785551400000,1785551460000,22.65,22.09,24,5,closed,true
T007088,1785456000000,S3,nodal,SITE2,V03,D0275,KA01AB0451,login,1785511800000,1785512040000,11.96,13.17,12,1,closed,true
T007089,1786838400000,S2,shuttle,SITE3,V11,D0036,KA01AB1779,login,1786869000000,1786869240000,18.27,20.45,24,22,closed,true
T007090,1787356800000,S3,cab,SITE2,V03,D0086,KA01AB0226,logout,1787355000000,1787355180000,38.47,43.79,4,1,closed,true
T007091,1788048000000,S3,shuttle,SITE3,V04,D0084,KA01AB0705,login,1788103800000,1788103980000,33.32,35.65,24,16,closed,true
T007092,1783468800000,S1,shuttle,SITE3,V02,D0143,KA01AB0236,logout,1783510200000,1783510380000,31.08,31.03,24,7,closed,true
T007093,1788134400000,S1,nodal,SITE1,V04,D0032,KA01AB0104,login,1788143400000,1788143400000,13.35,14.62,12,4,closed,true
T007094,1782000000000,S3,shuttle,SITE2,V05,D0070,KA01AB0962,login,1782055800000,1782055920000,31.92,36.65,24,15,closed,true
T007095,1784592000000,S2,nodal,SITE4,V08,D0263,KA01AB0654,logout,1784655000000,1784655180000,33.12,37.82,12,9,closed,true
T007096,1781049600000,S1,cab,SITE1,V06,D0121,KA01AB1388,login,1781058600000,1781058720000,12.06,11.78,4,2,closed,true
T007097,1787529600000,S2,cab,SITE2,V06,D0377,KA01AB0039,logout,1787592600000,1787592780000,34.93,33.77,4,1,closed,true
T007098,1786406400000,S1,nodal,SITE1,V02,D0250,KA01AB0635,login,1786415400000,1786415580000,34.66,38.11,12,3,closed,true
T007099,1783123200000,S3,shuttle,SITE3,V09,D0223,KA01AB0003,logout,1783121400000,1783123860000,18.32,19.20,24,10,closed,true
T007100,1786147200000,S3,cab,SITE3,V08,D0002,KA01AB0170,logout,1786145400000,1786145580000,33.17,32.86,4,3,closed,true
T007101,1782259200000,S1,shuttle,SITE2,V09,D0181,KA01AB1373,login,1782268200000,1782268440000,17.30,19.53,24,4,closed,true
T007102,1785542400000,S2,cab,SITE1,V09,D0238,KA01AB0356,login,1785573000000,1785573120000,41.93,40.32,4,4,closed,true
T007103,1782691200000,S1,cab,SITE4,V12,D0296,KA01AB1419,login,1782700200000,1782700380000,16.97,16.36,4,3,closed,true
T007104,1784592000000,S2,nodal,SITE2,V09,D0170,KA01AB0035,login,1784622600000,1784622840000,8.77,8.54,12,3,closed,true
T007105,1782950400000,S2,cab,SITE1,V01,D0085,KA01AB0756,logout,1783013400000,1783013520000,29.02,31.86,4,3,closed,true
T007106,1781913600000,S3,nodal,SITE2,V02,D0131,KA01AB1493,logout,1781911800000,1781911800000,32.53,33.60,12,10,closed,true
T007107,1781913600000,S1,shuttle,SITE1,V12,D0223,KA01AB0935,login,1781922600000,1781922600000,36.79,40.53,24,23,closed,true
T007108,1787097600000,S3,nodal,SITE1,V08,D0004,KA01AB1150,login,1787153400000,1787153520000,28.32,30.69,12,11,closed,true
T007109,1782950400000,S2,cab,SITE1,V02,D0127,KA01AB0219,login,1782981000000,1782981060000,18.53,18.01,4,1,closed,true
T007110,1787702400000,S2,cab,SITE1,V09,D0178,KA01AB1843,logout,1787765400000,1787765400000,20.50,20.89,4,4,closed,true
T007111,1785715200000,S2,shuttle,SITE3,V11,D0060,KA01AB0232,login,1785745800000,1785745860000,36.94,40.38,24,13,closed,true
T007112,1786924800000,S3,shuttle,SITE2,V10,D0190,KA01AB1938,login,1786980600000,1786980780000,18.86,20.43,24,15,closed,true
T007113,1787184000000,S3,cab,SITE4,V10,D0117,KA01AB1896,login,1787239800000,1787239980000,41.50,45.86,4,1,closed,true
T007114,1785369600000,S3,shuttle,SITE4,V08,D0160,KA01AB0090,login,1785425400000,1785427680000,26.22,25.53,24,6,closed,true
T007115,1782172800000,S2,shuttle,SITE3,V03,D0073,KA01AB1768,login,1782203400000,1782203520000,21.03,21.56,24,21,closed,true
T007116,1786924800000,S3,nodal,SITE3,V02,D0228,KA01AB1246,logout,1786923000000,1786923240000,16.62,18.04,12,3,closed,true
T007117,1782518400000,S2,nodal,SITE1,V05,D0056,KA01AB1407,login,1782549000000,1782549180000,36.66,38.86,12,11,closed,true
T007118,1785888000000,S3,shuttle,SITE2,V05,D0371,KA01AB0996,login,1785943800000,1785943920000,22.33,23.20,24,17,closed,true
T007119,1782950400000,S1,cab,SITE4,V03,D0280,KA01AB0706,login,1782959400000,1782959400000,32.28,31.78,4,2,closed,true
T007120,1787097600000,S3,cab,SITE2,V10,D0043,KA01AB1267,logout,1787095800000,1787097300000,25.09,27.95,4,1,closed,true
T007121,1787443200000,S3,shuttle,SITE4,V06,D0121,KA01AB1427,login,1787499000000,1787499120000,31.47,33.76,24,12,closed,true
T007122,1781568000000,S3,nodal,SITE2,V03,D0144,KA01AB0580,logout,1781566200000,1781566380000,29.45,30.96,12,6,closed,true
T007123,1783036800000,S2,nodal,SITE4,V01,D0211,KA01AB0214,logout,1783099800000,1783099860000,17.34,18.70,12,1,closed,true
T007124,1787529600000,S1,cab,SITE3,V12,D0199,KA01AB0975,login,1787538600000,1787538840000,10.65,10.63,4,2,closed,true
T007125,1785628800000,S1,shuttle,SITE2,V06,D0156,KA01AB1016,logout,1785670200000,1785670440000,37.00,35.31,24,18,closed,true
T007126,1788307200000,S3,cab,SITE3,V05,D0304,KA01AB0158,logout,1788305400000,1788305460000,33.59,36.15,4,3,closed,true
T007127,1785974400000,S1,nodal,SITE4,V11,D0033,KA01AB1435,login,1785983400000,1785983580000,42.38,45.22,12,2,closed,true
T007128,1787529600000,S3,shuttle,SITE4,V03,D0129,KA01AB1076,login,1787585400000,1787585940000,36.01,40.63,24,18,closed,true
T007129,1781481600000,S3,cab,SITE2,V06,D0375,KA01AB1411,logout,1781479800000,1781481660000,16.70,18.48,4,2,closed,true
T007130,1786579200000,S3,cab,SITE4,V06,D0398,KA01AB0822,login,1786635000000,1786635060000,30.02,30.07,4,4,closed,true
T007131,1787270400000,S3,cab,SITE4,V09,D0157,KA01AB0792,logout,1787268600000,1787268720000,29.80,33.28,4,3,closed,true
T007132,1786924800000,S3,nodal,SITE4,V05,D0217,KA01AB1872,login,1786980600000,1786980720000,14.73,15.30,12,12,closed,true
T007133,1781395200000,S3,nodal,SITE3,V01,D0308,KA01AB1612,logout,1781393400000,1781393580000,10.37,11.35,12,9,closed,true
T007134,1787097600000,S3,nodal,SITE3,V08,D0094,KA01AB1851,login,1787153400000,1787153460000,29.90,30.23,12,11,closed,true
T007135,1781827200000,S2,cab,SITE2,V07,D0092,KA01AB1903,login,1781857800000,1781857860000,35.10,40.19,4,3,closed,true
T007136,1783987200000,S3,cab,SITE4,V11,D0377,KA01AB1611,login,1784043000000,1784043000000,22.26,24.10,4,3,closed,true
T007137,1788134400000,S2,shuttle,SITE1,V01,D0358,KA01AB1661,login,1788165000000,1788165060000,17.76,17.77,24,19,closed,true
T007138,1786406400000,S1,nodal,SITE2,V03,D0313,KA01AB1380,login,1786415400000,1786415640000,11.50,12.66,12,12,closed,true
T007139,1785369600000,S3,nodal,SITE3,V01,D0148,KA01AB0628,login,1785425400000,1785425580000,15.83,15.16,12,1,closed,true
T007140,1786752000000,S3,cab,SITE3,V01,D0356,KA01AB1129,logout,1786750200000,1786750440000,27.17,30.05,4,2,closed,true
T007141,1787356800000,S3,cab,SITE1,V03,D0157,KA01AB1822,logout,1787355000000,1787355960000,22.87,26.25,4,1,closed,false
T007142,1783123200000,S1,cab,SITE4,V05,D0075,KA01AB1921,logout,1783164600000,1783164660000,21.74,21.99,4,3,closed,true
T007143,1781827200000,S2,nodal,SITE3,V04,D0393,KA01AB0631,login,1781857800000,1781858040000,29.86,29.16,12,10,closed,true
T007144,1782777600000,S3,cab,SITE4,V05,D0115,KA01AB1468,logout,1782775800000,1782776040000,40.58,41.90,4,4,closed,true
T007145,1787443200000,S3,cab,SITE3,V11,D0046,KA01AB1602,login,1787499000000,1787499000000,14.65,14.26,4,2,closed,true
T007146,1782691200000,S3,cab,SITE4,V05,D0124,KA01AB1929,logout,1782689400000,1782689460000,35.43,38.97,4,3,closed,true
T007147,1785369600000,S1,cab,SITE3,V05,D0031,KA01AB1474,login,1785378600000,1785378600000,25.03,25.91,4,1,closed,true
T007148,1785801600000,S3,cab,SITE4,V08,D0367,KA01AB0133,login,1785857400000,1785859680000,25.19,25.97,4,1,closed,true
T007149,1781481600000,S1,nodal,SITE1,V09,D0178,KA01AB1344,login,1781490600000,1781490840000,17.28,18.25,12,10,closed,true
T007150,1783123200000,S3,nodal,SITE1,V06,D0144,KA01AB0624,login,1783179000000,1783179180000,41.45,46.32,12,11,closed,true
T007151,1783468800000,S2,shuttle,SITE4,V06,D0158,KA01AB1020,logout,1783531800000,1783532040000,28.80,31.50,24,19,closed,true
T007152,1782000000000,S2,nodal,SITE3,V05,D0308,KA01AB1205,login,1782030600000,1782030780000,13.90,13.31,12,5,closed,true
T007153,1784937600000,S2,nodal,SITE2,V12,D0259,KA01AB1715,logout,1785000600000,1785000720000,27.30,30.74,12,4,closed,true
T007154,1788307200000,S1,nodal,SITE3,V02,D0111,KA01AB0537,logout,1788348600000,1788348780000,10.71,12.23,12,2,closed,true
T007155,1781222400000,S3,nodal,SITE2,V01,D0270,KA01AB1731,logout,1781220600000,1781220600000,28.61,31.31,12,1,closed,true
T007156,1786665600000,S3,shuttle,SITE1,V10,D0117,KA01AB0959,logout,1786663800000,1786664040000,38.00,36.84,24,14,closed,true
T007157,1786147200000,S1,shuttle,SITE1,V12,D0349,KA01AB0788,login,1786156200000,1786157400000,29.37,30.53,24,10,closed,true
T007158,1785283200000,S2,shuttle,SITE3,V03,D0119,KA01AB1618,logout,1785346200000,1785346260000,38.78,42.56,24,3,closed,true
T007159,1783641600000,S2,shuttle,SITE3,V04,D0288,KA01AB0312,login,1783672200000,1783672380000,23.13,23.26,24,1,closed,true
T007160,1787961600000,S1,nodal,SITE2,V05,D0097,KA01AB1471,logout,1788003000000,1788003240000,26.72,30.28,12,8,closed,true
T007161,1782345600000,S2,cab,SITE1,V12,D0394,KA01AB1563,logout,1782408600000,1782408600000,33.65,38.25,4,3,closed,true
T007162,1781568000000,S3,nodal,SITE3,V04,D0109,KA01AB0358,logout,1781566200000,1781566380000,25.43,27.46,12,6,closed,true
T007163,1785542400000,S3,shuttle,SITE2,V02,D0078,KA01AB1240,logout,1785540600000,1785540780000,20.02,20.10,24,23,closed,true
T007164,1787875200000,S2,nodal,SITE4,V05,D0141,KA01AB1968,login,1787905800000,1787905800000,17.13,17.04,12,10,closed,true
T007165,1786838400000,S1,cab,SITE2,V04,D0165,KA01AB0032,logout,1786879800000,1786879800000,30.59,31.00,4,2,closed,true
T007166,1787356800000,S1,shuttle,SITE4,V11,D0394,KA01AB0134,logout,1787398200000,1787398200000,24.83,28.45,24,20,closed,true
T007167,1783296000000,S3,nodal,SITE2,V06,D0102,KA01AB1757,login,1783351800000,1783351860000,21.81,20.94,12,12,closed,true
T007168,1781827200000,S2,shuttle,SITE1,V06,D0074,KA01AB1291,login,1781857800000,1781857860000,34.20,35.83,24,14,closed,true
T007169,1785456000000,S1,cab,SITE3,V11,D0058,KA01AB1251,login,1785465000000,1785465120000,22.11,21.41,4,1,closed,true
T007170,1785024000000,S2,shuttle,SITE4,V01,D0169,KA01AB1424,login,1785054600000,1785054780000,35.94,35.17,24,8,closed,true
T007171,1784160000000,S1,nodal,SITE1,V04,D0153,KA01AB0579,login,1784169000000,1784169180000,17.90,17.60,12,2,closed,true
T007172,1783641600000,S3,cab,SITE1,V04,D0269,KA01AB1261,login,1783697400000,1783697520000,42.27,45.67,4,3,closed,true
T007173,1782345600000,S3,nodal,SITE3,V06,D0384,KA01AB1673,logout,1782343800000,1782344040000,10.11,9.96,12,8,closed,true
T007174,1785283200000,S3,shuttle,SITE4,V03,D0326,KA01AB0286,login,1785339000000,1785339000000,17.98,18.83,24,9,closed,true
T007175,1782691200000,S3,shuttle,SITE1,V01,D0255,KA01AB1613,logout,1782689400000,1782689520000,21.27,24.29,24,8,closed,true
T007176,1785974400000,S3,nodal,SITE1,V08,D0149,KA01AB0683,logout,1785972600000,1785972840000,25.25,26.68,12,9,closed,true
T007177,1781827200000,S2,shuttle,SITE1,V07,D0251,KA01AB1844,logout,1781890200000,1781890380000,38.90,39.80,24,1,closed,true
T007178,1781827200000,S1,shuttle,SITE4,V12,D0025,KA01AB1149,login,1781836200000,1781836260000,28.39,27.75,24,15,closed,true
T007179,1782950400000,S1,cab,SITE3,V01,D0281,KA01AB1022,login,1782959400000,1782959580000,23.36,23.79,4,4,closed,true
T007180,1783641600000,S1,nodal,SITE3,V06,D0327,KA01AB0227,logout,1783683000000,1783683240000,28.86,32.83,12,10,closed,true
T007181,1783382400000,S3,nodal,SITE4,V06,D0253,KA01AB0171,login,1783438200000,1783438320000,40.31,38.65,12,5,closed,true
T007182,1782950400000,S3,shuttle,SITE1,V06,D0156,KA01AB1678,logout,1782948600000,1782948720000,18.94,19.46,24,3,closed,false
T007183,1787011200000,S2,nodal,SITE2,V07,D0229,KA01AB1288,login,1787041800000,1787042880000,34.34,36.42,12,8,closed,true
T007184,1782518400000,S2,cab,SITE4,V10,D0187,KA01AB1283,login,1782549000000,1782549240000,40.53,45.48,4,2,closed,true
T007185,1788220800000,S3,shuttle,SITE1,V02,D0129,KA01AB0789,login,1788276600000,1788276660000,10.91,12.04,24,24,closed,true
T007186,1785024000000,S1,nodal,SITE3,V04,D0385,KA01AB0547,logout,1785065400000,1785065460000,35.52,38.53,12,9,closed,true
T007187,1782604800000,S3,nodal,SITE4,V05,D0125,KA01AB1503,logout,1782603000000,1782603120000,31.73,32.22,12,2,closed,true
T007188,1782086400000,S3,cab,SITE1,V07,D0179,KA01AB1480,logout,1782084600000,1782084780000,23.94,24.55,4,1,closed,true
T007189,1781222400000,S1,nodal,SITE1,V08,D0397,KA01AB0070,logout,1781263800000,1781263980000,13.60,13.20,12,9,closed,true
T007190,1786752000000,S1,cab,SITE3,V04,D0197,KA01AB1565,login,1786761000000,1786761180000,18.09,18.04,4,1,closed,true
T007191,1786060800000,S2,shuttle,SITE4,V07,D0027,KA01AB1237,logout,1786123800000,1786124640000,41.07,44.55,24,24,closed,true
T007192,1780876800000,S1,cab,SITE4,V08,D0274,KA01AB0616,logout,1780918200000,1780920060000,39.33,39.00,4,1,closed,true
T007193,1781481600000,S1,cab,SITE4,V12,D0374,KA01AB1609,logout,1781523000000,1781523120000,40.63,44.02,4,3,closed,true
T007194,1787702400000,S1,shuttle,SITE1,V10,D0273,KA01AB1440,login,1787711400000,1787711580000,21.64,23.30,24,3,closed,true
T007195,1784073600000,S3,shuttle,SITE3,V06,D0131,KA01AB1374,login,1784129400000,1784129580000,13.34,15.05,24,5,closed,true
T007196,1783814400000,S3,shuttle,SITE1,V11,D0344,KA01AB0380,login,1783870200000,1783870380000,37.65,40.95,24,23,closed,true
T007197,1787961600000,S1,nodal,SITE3,V01,D0152,KA01AB0648,login,1787970600000,1787970720000,37.32,37.77,12,9,closed,true
T007198,1785196800000,S3,shuttle,SITE2,V03,D0199,KA01AB0982,login,1785252600000,1785252660000,12.10,13.73,24,23,closed,true
T007199,1783382400000,S1,cab,SITE1,V07,D0303,KA01AB0942,logout,1783423800000,1783423800000,36.25,36.21,4,3,closed,true
T007200,1782432000000,S1,shuttle,SITE2,V04,D0005,KA01AB1797,login,1782441000000,1782441000000,21.73,23.60,24,6,closed,true
T007201,1787702400000,S3,cab,SITE4,V04,D0110,KA01AB0501,login,1787758200000,1787758260000,34.00,33.83,4,3,closed,true
T007202,1782950400000,S2,cab,SITE3,V08,D0002,KA01AB1175,logout,1783013400000,1783013400000,41.60,44.65,4,2,closed,true
T007203,1782086400000,S2,shuttle,SITE4,V05,D0179,KA01AB0579,login,1782117000000,1782119580000,34.81,38.84,24,4,closed,true
T007204,1782259200000,S2,cab,SITE3,V05,D0113,KA01AB0632,logout,1782322200000,1782322380000,31.82,36.45,4,4,closed,true
T007205,1782604800000,S1,shuttle,SITE2,V03,D0179,KA01AB1348,logout,1782646200000,1782646260000,18.06,20.40,24,5,closed,true
T007206,1787356800000,S1,nodal,SITE4,V08,D0296,KA01AB1375,logout,1787398200000,1787398200000,26.97,28.56,12,12,closed,true
T007207,1782000000000,S3,cab,SITE4,V11,D0264,KA01AB1590,logout,1781998200000,1781998380000,23.98,25.47,4,1,closed,true
T007208,1781308800000,S1,cab,SITE1,V05,D0335,KA01AB1080,login,1781317800000,1781318040000,18.63,19.30,4,1,closed,true
T007209,1781568000000,S3,shuttle,SITE1,V12,D0057,KA01AB1448,login,1781623800000,1781626200000,31.91,35.62,24,9,closed,true
T007210,1786233600000,S1,nodal,SITE1,V10,D0392,KA01AB0661,login,1786242600000,1786244340000,32.29,30.71,12,9,closed,true
T007211,1785369600000,S2,cab,SITE3,V01,D0102,KA01AB0007,login,1785400200000,1785400320000,34.71,33.00,4,1,closed,true
T007212,1787961600000,S3,cab,SITE3,V09,D0339,KA01AB0324,login,1788017400000,1788017520000,10.82,11.66,4,3,closed,true
T007213,1781308800000,S1,shuttle,SITE2,V02,D0146,KA01AB0527,login,1781317800000,1781317860000,38.60,36.75,24,21,closed,true
T007214,1786320000000,S2,nodal,SITE3,V10,D0316,KA01AB1079,login,1786350600000,1786350840000,35.54,37.56,12,5,closed,true
T007215,1785801600000,S2,shuttle,SITE1,V08,D0063,KA01AB1068,login,1785832200000,1785834780000,23.96,27.20,24,12,closed,true
T007216,1784073600000,S2,cab,SITE3,V03,D0068,KA01AB1494,login,1784104200000,1784104320000,37.07,37.34,4,4,closed,true
T007217,1784246400000,S1,cab,SITE4,V12,D0273,KA01AB0585,login,1784255400000,1784255460000,24.37,25.82,4,1,closed,true
T007218,1785110400000,S2,shuttle,SITE1,V03,D0072,KA01AB1542,logout,1785173400000,1785173460000,28.00,30.29,24,18,closed,true
T007219,1782345600000,S1,cab,SITE1,V12,D0382,KA01AB0124,login,1782354600000,1782354720000,21.65,24.36,4,3,closed,true
T007220,1788393600000,S1,cab,SITE1,V10,D0093,KA01AB1354,login,1788402600000,1788402840000,30.42,32.28,4,1,closed,true
T007221,1784678400000,S2,cab,SITE3,V09,D0331,KA01AB0338,login,1784709000000,1784709060000,24.28,26.11,4,4,closed,true
T007222,1788048000000,S3,nodal,SITE2,V02,D0155,KA01AB0781,logout,1788046200000,1788046440000,24.36,25.64,12,5,closed,true
T007223,1786233600000,S2,cab,SITE4,V03,D0221,KA01AB0331,login,1786264200000,1786264200000,29.91,31.36,4,2,closed,true
T007224,1783296000000,S1,nodal,SITE1,V03,D0262,KA01AB1635,logout,1783337400000,1783339200000,10.80,11.94,12,11,closed,true
T007225,1788048000000,S2,nodal,SITE2,V07,D0366,KA01AB1060,login,1788078600000,1788078780000,31.95,34.09,12,4,closed,true
T007226,1781136000000,S2,nodal,SITE2,V11,D0154,KA01AB1401,login,1781166600000,1781166720000,42.78,49.18,12,9,closed,true
T007227,1784592000000,S3,shuttle,SITE2,V11,D0181,KA01AB1329,login,1784647800000,1784648040000,11.97,12.90,24,21,closed,true
T007228,1783209600000,S3,nodal,SITE4,V09,D0352,KA01AB1890,logout,1783207800000,1783207980000,35.01,35.38,12,10,closed,true
T007229,1785542400000,S3,nodal,SITE2,V03,D0264,KA01AB0241,logout,1785540600000,1785540780000,8.80,9.96,12,1,closed,true
T007230,1781481600000,S1,nodal,SITE4,V09,D0022,KA01AB0024,login,1781490600000,1781490840000,34.30,35.94,12,7,closed,true
T007231,1781654400000,S3,cab,SITE1,V11,D0171,KA01AB1026,logout,1781652600000,1781652600000,42.21,47.96,4,3,closed,true
T007232,1784419200000,S2,nodal,SITE3,V12,D0033,KA01AB0976,login,1784449800000,1784449860000,29.82,28.68,12,4,closed,true
T007233,1785715200000,S1,shuttle,SITE2,V08,D0307,KA01AB1187,login,1785724200000,1785724320000,32.37,36.36,24,22,closed,true
T007234,1787616000000,S2,cab,SITE1,V05,D0322,KA01AB0641,logout,1787679000000,1787679120000,20.24,21.71,4,4,closed,true
T007235,1784851200000,S3,nodal,SITE1,V07,D0281,KA01AB1659,logout,1784849400000,1784849640000,12.07,12.29,12,6,closed,true
T007236,1788307200000,S2,cab,SITE4,V02,D0286,KA01AB0664,logout,1788370200000,1788372420000,40.83,41.75,4,3,closed,true
T007237,1786320000000,S2,shuttle,SITE4,V04,D0358,KA01AB0691,login,1786350600000,1786350720000,22.76,25.14,24,21,closed,true
T007238,1783641600000,S1,shuttle,SITE1,V10,D0328,KA01AB0657,logout,1783683000000,1783683120000,38.74,43.43,24,12,closed,true
T007239,1786060800000,S1,nodal,SITE3,V08,D0322,KA01AB1244,logout,1786102200000,1786102440000,26.28,28.25,12,12,closed,true
T007240,1782000000000,S2,nodal,SITE4,V03,D0398,KA01AB0440,logout,1782063000000,1782065220000,40.08,41.35,12,2,closed,true
T007241,1788393600000,S2,cab,SITE1,V03,D0276,KA01AB1150,login,1788424200000,1788424440000,40.39,44.57,4,4,closed,true
T007242,1783641600000,S1,cab,SITE2,V02,D0296,KA01AB0624,logout,1783683000000,1783683180000,26.39,28.59,4,4,closed,true
T007243,1783036800000,S2,cab,SITE2,V08,D0050,KA01AB0136,login,1783067400000,1783067460000,21.65,23.21,4,3,closed,true
T007244,1786752000000,S3,nodal,SITE2,V01,D0007,KA01AB0192,login,1786807800000,1786808820000,28.91,29.31,12,2,closed,true
T007245,1782950400000,S3,cab,SITE4,V12,D0109,KA01AB1981,login,1783006200000,1783008540000,26.02,29.68,4,3,closed,true
T007246,1786492800000,S1,nodal,SITE4,V09,D0277,KA01AB0951,logout,1786534200000,1786535760000,41.92,46.32,12,3,closed,true
T007247,1782000000000,S1,nodal,SITE3,V01,D0117,KA01AB0056,logout,1782041400000,,26.92,30.59,12,12,open,true
T007248,1782691200000,S3,nodal,SITE2,V02,D0146,KA01AB1288,logout,1782689400000,1782689460000,14.89,16.25,12,8,closed,true
T007249,1784332800000,S3,nodal,SITE4,V01,D0086,KA01AB0178,login,1784388600000,1784388660000,38.73,42.67,12,11,closed,true
T007250,1781049600000,S3,cab,SITE3,V02,D0065,KA01AB0211,logout,1781047800000,1781047980000,9.22,9.86,4,1,closed,true
T007251,1787356800000,S1,nodal,SITE3,V07,D0314,KA01AB1826,login,1787365800000,1787365800000,34.95,36.45,12,8,closed,true
T007252,1786147200000,S2,nodal,SITE2,V10,D0131,KA01AB1405,logout,1786210200000,1786210440000,30.60,30.44,12,10,closed,true
T007253,1785283200000,S1,cab,SITE1,V08,D0018,KA01AB1458,login,1785292200000,1785292380000,30.17,34.31,4,4,closed,true
T007254,1787270400000,S1,shuttle,SITE3,V05,D0230,KA01AB0933,logout,1787311800000,1787312040000,32.06,35.53,24,13,closed,true
T007255,1785801600000,S2,cab,SITE2,V08,D0080,KA01AB1193,logout,1785864600000,1785864780000,23.14,22.89,4,1,closed,true
T007256,1780963200000,S1,nodal,SITE2,V11,D0111,KA01AB1581,logout,1781004600000,1781004840000,17.86,19.45,12,5,closed,true,UNEXPECTED_EXTRA_FIELD
T007257,1782604800000,S3,shuttle,SITE2,V11,D0004,KA01AB0248,login,1782660600000,1782660780000,39.66,44.48,24,3,closed,true
T007258,1783209600000,S3,nodal,SITE2,V02,D0302,KA01AB1453,login,1783265400000,1783265640000,36.16,39.25,12,11,closed,true
T007259,1788307200000,S1,cab,SITE4,V08,D0339,KA01AB0143,logout,1788348600000,1788348840000,17.49,18.01,4,3,closed,true
T007260,1780790400000,S2,shuttle,SITE4,V02,D0224,KA01AB0859,logout,1780853400000,1780853640000,40.77,42.86,24,2,closed,true
T007261,1788048000000,S3,cab,SITE3,V08,D0035,KA01AB0275,logout,1788046200000,1788046200000,28.86,32.76,4,2,closed,true
T007262,1782518400000,S3,nodal,SITE2,V06,D0384,KA01AB0472,login,1782574200000,1782574260000,31.25,33.81,12,12,closed,true
T007263,1780876800000,S3,cab,SITE3,V12,D0319,KA01AB1782,login,1780932600000,1780932720000,33.22,31.96,4,2,closed,true
T007264,1781308800000,S2,cab,SITE2,V04,D0288,KA01AB1968,logout,1781371800000,1781371980000,40.95,39.03,4,2,closed,true
T007265,1786233600000,S2,cab,SITE2,V01,D0281,KA01AB1651,logout,1786296600000,1786296720000,10.30,10.61,4,2,closed,true
T007266,1782259200000,S1,shuttle,SITE4,V02,D0154,KA01AB1086,login,1782268200000,1782268200000,21.11,23.44,24,2,closed,true
T007267,1788220800000,S1,cab,SITE4,V04,D0106,KA01AB0790,login,1788229800000,1788230040000,23.50,26.96,4,4,closed,true
T007268,1785369600000,S3,nodal,SITE1,V09,D0068,KA01AB0290,logout,1785367800000,1785368700000,14.62,13.99,12,11,closed,true
T007269,1784073600000,S2,cab,SITE1,V11,D0010,KA01AB0639,login,1784104200000,1784104380000,20.06,20.75,4,4,closed,true
T007270,1787443200000,S1,shuttle,SITE2,V11,D0258,KA01AB1039,logout,1787484600000,1787484840000,18.59,18.10,24,1,closed,true
T007271,1783209600000,S1,shuttle,SITE1,V04,D0032,KA01AB0867,logout,1783251000000,1783252020000,35.25,38.36,24,6,closed,true,UNEXPECTED_EXTRA_FIELD
T007272,1782086400000,S2,cab,SITE4,V07,D0399,KA01AB0704,logout,1782149400000,1782149640000,9.09,10.23,4,2,closed,true
T007273,1787788800000,S3,shuttle,SITE2,V05,D0297,KA01AB0750,login,1787844600000,1787844660000,40.19,39.12,24,4,closed,true
T007274,1786492800000,S3,nodal,SITE1,V10,D0176,KA01AB1969,login,1786548600000,1786548600000,38.33,41.25,12,6,closed,true
T007275,1785801600000,S1,nodal,SITE2,V09,D0019,KA01AB1625,login,1785810600000,1785811200000,30.23,30.41,12,10,closed,true
T007276,1780876800000,S3,nodal,SITE2,V08,D0149,KA01AB1531,logout,1780875000000,1780875240000,41.38,44.39,12,10,closed,true
T007277,1781913600000,S2,cab,SITE2,V11,D0317,KA01AB0369,logout,1781976600000,1781978160000,8.72,9.68,4,4,closed,true
T007278,1783641600000,S1,cab,SITE4,V01,D0079,KA01AB1687,login,1783650600000,1783650720000,20.60,19.78,4,4,closed,true
T007279,1780790400000,S2,nodal,SITE2,V05,D0178,KA01AB0219,login,1780821000000,1780821120000,23.63,26.03,12,3,closed,true
T007280,1782000000000,S2,nodal,SITE3,V01,D0344,KA01AB1899,logout,1782063000000,1782063000000,11.58,11.21,12,2,closed,true
T007281,1781913600000,S2,nodal,SITE3,V07,D0230,KA01AB0446,logout,1781976600000,1781976720000,25.00,25.49,12,4,closed,true
T007282,1784764800000,S2,shuttle,SITE4,V10,D0078,KA01AB1787,logout,1784827800000,1784827800000,19.52,21.14,24,11,closed,true
T007283,1783036800000,S2,shuttle,SITE3,V03,D0053,KA01AB0907,login,1783067400000,1783067520000,29.28,30.70,24,1,closed,true
T007284,1785110400000,S2,cab,SITE4,V05,D0377,KA01AB0985,login,1785141000000,1785141060000,23.32,24.14,4,4,closed,true
T007285,1785456000000,S1,nodal,SITE3,V05,D0326,KA01AB0475,logout,1785497400000,1785497640000,30.89,31.23,12,6,closed,true
T007286,1787011200000,S1,nodal,SITE3,V01,D0102,KA01AB0161,login,1787020200000,1787020440000,22.76,23.73,12,7,closed,true
T007287,1781481600000,S1,shuttle,SITE1,V12,D0208,KA01AB0923,logout,1781523000000,1781523240000,11.15,11.81,24,7,closed,true
T007288,1784419200000,S1,cab,SITE3,V05,D0171,KA01AB1524,login,1784428200000,1784428440000,14.65,14.40,4,3,closed,true
T007289,1783468800000,S2,shuttle,SITE3,V08,D0130,KA01AB0335,logout,1783531800000,1783531980000,42.11,43.51,24,10,closed,true
T007290,1785456000000,S1,cab,SITE1,V04,D0073,KA01AB0668,logout,1785497400000,1785497640000,41.26,43.58,4,2,closed,true
T007291,1786924800000,S3,cab,SITE1,V12,D0094,KA01AB0869,login,1786980600000,1786980660000,8.62,9.79,4,3,closed,true
T007292,1786924800000,S2,cab,SITE1,V07,D0102,KA01AB1344,logout,1786987800000,1786989780000,35.91,35.34,4,2,closed,true
T007293,1787529600000,S1,cab,SITE3,V01,D0041,KA01AB0628,login,1787538600000,1787538660000,13.77,13.48,4,3,closed,true
T007294,1780876800000,S3,cab,SITE4,V11,D0248,KA01AB1804,logout,1780875000000,1780876620000,19.36,18.54,4,4,closed,true
T007295,1783296000000,S3,nodal,SITE2,V03,D0219,KA01AB0654,login,1783351800000,1783352040000,22.74,25.99,12,6,closed,true
T007296,1787443200000,S1,nodal,SITE4,V09,D0197,KA01AB0902,login,1787452200000,1787452260000,31.42,31.64,12,9,closed,true
T007297,1781913600000,S1,shuttle,SITE3,V04,D0074,KA01AB0960,login,1781922600000,1781922600000,23.10,25.29,24,2,closed,true
T007298,1783123200000,S2,cab,SITE4,V01,D0136,KA01AB0092,login,1783153800000,1783153860000,30.47,34.12,4,1,closed,true
T007299,1782691200000,S3,cab,SITE2,V11,D0301,KA01AB0888,logout,1782689400000,1782689640000,20.37,23.02,4,3,closed,true
T007300,1783209600000,S1,shuttle,SITE2,V06,D0119,KA01AB1970,login,1783218600000,1783218720000,41.80,41.52,24,16,closed,true
T007301,1785024000000,S1,nodal,SITE3,V12,D0039,KA01AB1143,logout,1785065400000,1785065400000,41.09,40.54,12,4,closed,true
T007302,1786924800000,S1,nodal,SITE3,V02,D0203,KA01AB0678,login,1786933800000,1786933980000,18.99,19.81,12,10,closed,true
T007303,1785369600000,S3,shuttle,SITE1,V09,D0309,KA01AB1240,login,1785425400000,1785425640000,29.72,32.66,24,3,closed,true
T007304,1781568000000,S3,nodal,SITE1,V08,D0114,KA01AB1042,logout,1781566200000,1781566260000,16.31,17.38,12,11,closed,true
T007305,1785283200000,S1,cab,SITE4,V04,D0021,KA01AB1317,login,1785292200000,1785292200000,26.65,29.35,4,1,closed,true
T007306,1783555200000,S2,cab,SITE3,V07,D0338,KA01AB1663,login,1783585800000,1783585800000,14.66,15.84,4,4,closed,true
T007307,1786838400000,S3,cab,SITE1,V01,D0371,KA01AB0978,login,1786894200000,1786894380000,35.52,40.18,4,4,closed,true
T007308,1783814400000,S2,cab,SITE3,V06,D0388,KA01AB0676,logout,1783877400000,1783877520000,24.52,25.28,4,1,closed,true
T007309,1780790400000,S3,cab,SITE3,V03,D0147,KA01AB1166,logout,1780788600000,1780788780000,36.57,36.84,4,2,closed,true
T007310,1787356800000,S3,cab,SITE1,V10,D0055,KA01AB1203,login,1787412600000,1787412720000,16.64,18.32,4,1,closed,true
T007311,1787529600000,S3,shuttle,SITE4,V04,D0189,KA01AB0073,login,1787585400000,1787585520000,35.77,39.26,24,3,closed,true
T007312,1782950400000,S2,cab,SITE2,V10,D0039,KA01AB1651,login,1782981000000,1782981000000,18.13,18.02,4,4,closed,true
T007313,1787097600000,S3,nodal,SITE3,V02,D0381,KA01AB1201,logout,1787095800000,1787095980000,42.10,40.66,12,1,closed,true
T007314,1784246400000,S2,cab,SITE4,V03,D0130,KA01AB0428,login,1784277000000,1784277240000,36.55,38.75,4,1,closed,true
T007315,1786147200000,S2,shuttle,SITE3,V09,D0062,KA01AB1054,login,1786177800000,1786177980000,25.54,28.02,24,8,closed,true
T007316,1784332800000,S3,shuttle,SITE2,V05,D0156,KA01AB1924,logout,1784331000000,1784331060000,24.45,24.31,24,13,closed,true
T007317,1784678400000,S1,cab,SITE2,V04,D0256,KA01AB0571,logout,1784719800000,1784719860000,30.51,29.84,4,3,closed,true
T007318,1781740800000,S3,cab,SITE1,V07,D0132,KA01AB0065,login,1781796600000,1781798100000,24.11,26.58,4,4,closed,true
T007319,1783987200000,S1,cab,SITE3,V10,D0099,KA01AB0968,login,1783996200000,1783996440000,30.58,31.57,4,1,closed,true
T007320,1787788800000,S3,shuttle,SITE2,V11,D0398,KA01AB1063,login,1787844600000,1787844840000,39.19,43.02,24,10,closed,true,UNEXPECTED_EXTRA_FIELD
T007321,1785456000000,S1,shuttle,SITE1,V02,D0347,KA01AB0486,login,1785465000000,1785465060000,18.50,21.20,24,24,closed,true
T007322,1787443200000,S1,shuttle,SITE4,V11,D0069,KA01AB0075,logout,1787484600000,1787484840000,22.32,22.72,24,20,closed,true
T007323,1784592000000,S1,nodal,SITE4,V05,D0387,KA01AB1403,logout,1784633400000,1784633400000,24.13,25.35,12,3,closed,true
T007324,1785974400000,S3,shuttle,SITE4,V07,D0128,KA01AB0836,login,1786030200000,1786030260000,27.62,30.40,24,10,closed,true
T007325,1784073600000,S2,cab,SITE1,V09,D0136,KA01AB0395,login,1784104200000,1784104860000,14.98,16.09,4,4,closed,true
T007326,1783555200000,S1,cab,SITE1,V10,D0190,KA01AB0492,logout,1783596600000,1783596720000,27.37,28.26,4,1,closed,true
T007327,1785369600000,S3,nodal,SITE1,V03,D0048,KA01AB0293,login,1785425400000,1785425400000,10.12,11.02,12,4,closed,true
T007328,1787443200000,S2,cab,SITE4,V12,D0350,KA01AB0370,login,1787473800000,1787473860000,20.98,22.41,4,2,closed,true
T007329,1785369600000,S1,nodal,SITE3,V05,D0072,KA01AB1267,login,1785378600000,1785378840000,35.72,35.41,12,11,closed,true
T007330,1780963200000,S3,shuttle,SITE1,V04,D0031,KA01AB0059,logout,1780961400000,1780961580000,38.81,39.68,24,17,closed,true
T007331,1785024000000,S3,cab,SITE1,V01,D0052,KA01AB1321,login,1785079800000,1785079800000,31.87,35.86,4,1,closed,true
T007332,1782518400000,S1,shuttle,SITE1,V06,D0239,KA01AB0056,logout,1782559800000,1782559800000,33.72,38.06,24,11,closed,true
T007333,1783728000000,S3,shuttle,SITE1,V10,D0168,KA01AB0835,login,1783783800000,1783783800000,25.79,28.95,24,9,closed,true
T007334,1784332800000,S2,cab,SITE1,V06,D0334,KA01AB0428,logout,1784395800000,1784396040000,40.47,45.81,4,2,closed,true
T007335,1781049600000,S1,nodal,SITE2,V02,D0198,KA01AB1163,login,1781058600000,1781058660000,33.94,33.71,12,5,closed,true
T007336,1784764800000,S1,cab,SITE1,V09,D0154,KA01AB0363,logout,1784806200000,1784806200000,35.97,36.88,4,3,closed,true
T007337,1781308800000,S1,shuttle,SITE4,V05,D0178,KA01AB1726,login,1781317800000,1781317980000,17.76,18.27,24,9,closed,true
T007338,1782864000000,S1,nodal,SITE1,V05,D0108,KA01AB0631,login,1782873000000,1782873060000,30.01,30.64,12,4,closed,true
T007339,1783209600000,S2,shuttle,SITE2,V02,D0303,KA01AB0144,login,1783240200000,1783240200000,21.46,23.33,24,21,closed,true
T007340,1787529600000,S2,cab,SITE3,V10,D0145,KA01AB0370,login,1787560200000,1787560260000,35.00,39.05,4,1,closed,true
T007341,1788048000000,S3,nodal,SITE2,V10,D0198,KA01AB1119,login,1788103800000,1788103920000,15.09,14.96,12,5,closed,true
T007342,1782000000000,S3,nodal,SITE3,V01,D0260,KA01AB1896,login,1782055800000,1782055980000,26.84,25.77,12,3,closed,true
T007343,1783209600000,S1,cab,SITE4,V05,D0062,KA01AB0968,logout,1783251000000,1783251060000,18.25,20.72,4,1,closed,true
T007344,1785888000000,S3,cab,SITE3,V08,D0218,KA01AB1826,login,1785943800000,1785943980000,9.76,9.87,4,1,closed,true
T007345,1781740800000,S2,nodal,SITE1,V02,D0300,KA01AB0165,logout,1781803800000,1781803980000,34.33,36.91,12,1,closed,true
T007346,1783123200000,S3,nodal,SITE2,V10,D0324,KA01AB1388,login,1783179000000,1783179000000,11.84,11.42,12,6,closed,true
T007347,1784764800000,S2,shuttle,SITE3,V09,D0360,KA01AB1095,login,1784795400000,1784796240000,27.99,26.91,24,16,closed,true
T007348,1786752000000,S2,nodal,SITE3,V02,D0359,KA01AB1484,logout,1786815000000,1786815240000,12.66,12.72,12,2,closed,true
T007349,1785888000000,S1,shuttle,SITE4,V01,D0278,KA01AB0580,login,1785897000000,1785897120000,18.62,20.39,24,20,closed,true
T007350,1787961600000,S1,cab,SITE4,V03,D0368,KA01AB1526,login,1787970600000,1787970780000,25.01,24.84,4,3,closed,true
T007351,1784592000000,S1,cab,SITE4,V09,D0180,KA01AB1140,login,1784601000000,1784601000000,24.46,26.46,4,3,closed,true
T007352,1786579200000,S2,nodal,SITE3,V12,D0179,KA01AB1506,login,1786609800000,1786609920000,41.44,42.74,12,9,closed,true
T007353,1785110400000,S2,cab,SITE1,V05,D0381,KA01AB0820,login,1785141000000,1785141120000,21.85,25.10,4,3,closed,true
T007354,1781740800000,S1,shuttle,SITE3,V08,D0236,KA01AB1229,login,1781749800000,1781749860000,15.84,16.30,24,9,closed,true
T007355,1784764800000,S3,shuttle,SITE3,V04,D0386,KA01AB1881,logout,1784763000000,,13.70,13.68,24,14,open,true
T007356,1786492800000,S1,cab,SITE3,V10,D0344,KA01AB0055,login,1786501800000,1786504080000,35.36,37.01,4,1,closed,true
T007357,1781049600000,S2,shuttle,SITE1,V06,D0087,KA01AB1360,logout,1781112600000,1781112840000,21.23,22.76,24,13,closed,true
T007358,1786665600000,S1,cab,SITE3,V03,D0357,KA01AB0822,login,1786674600000,1786674780000,32.14,36.32,4,4,closed,true
T007359,1782172800000,S3,shuttle,SITE2,V04,D0174,KA01AB0412,logout,1782171000000,1782171120000,22.71,25.91,24,20,closed,true
T007360,1780790400000,S1,nodal,SITE2,V08,D0184,KA01AB0872,logout,1780831800000,1780831800000,17.05,18.78,12,11,closed,true
T007361,1781049600000,S3,nodal,SITE2,V08,D0033,KA01AB1322,logout,1781047800000,1781049000000,32.30,35.93,12,2,closed,true
T007362,1780963200000,S3,shuttle,SITE1,V04,D0218,KA01AB1407,logout,1780961400000,1780961640000,15.68,15.70,24,12,closed,true
T007363,1784505600000,S1,shuttle,SITE3,V07,D0216,KA01AB0592,login,1784514600000,1784514840000,28.77,32.98,24,18,closed,true
T007364,1782691200000,S1,shuttle,SITE3,V11,D0282,KA01AB0951,logout,1782732600000,1782732720000,19.24,21.29,24,7,closed,true
T007365,1788134400000,S1,shuttle,SITE2,V09,D0037,KA01AB0527,logout,1788175800000,1788175920000,27.19,28.11,24,24,closed,true
T007366,1782345600000,S2,shuttle,SITE4,V09,D0245,KA01AB1004,logout,1782408600000,1782408840000,34.99,33.38,24,17,closed,true
T007367,1785801600000,S1,nodal,SITE1,V06,D0283,KA01AB1526,login,1785810600000,1785810660000,31.52,34.32,12,1,closed,true
T007368,1785110400000,S1,shuttle,SITE3,V05,D0035,KA01AB0156,logout,1785151800000,1785151980000,20.76,20.02,24,6,closed,true
T007369,1788134400000,S1,nodal,SITE4,V09,D0354,KA01AB0145,logout,1788175800000,1788176460000,33.87,36.84,12,11,closed,true
T007370,1782777600000,S2,shuttle,SITE1,V01,D0007,KA01AB1363,login,1782808200000,1782808200000,18.84,21.02,24,20,closed,true
T007371,1781222400000,S3,shuttle,SITE3,V07,D0009,KA01AB0429,login,1781278200000,1781278440000,10.10,9.78,24,2,closed,true
T007372,1786579200000,S2,cab,SITE2,V06,D0029,KA01AB1351,login,1786609800000,1786609860000,28.53,29.04,4,1,closed,true
T007373,1786838400000,S2,cab,SITE3,V03,D0044,KA01AB1923,logout,1786901400000,1786901580000,24.16,27.06,4,2,closed,false
T007374,1782432000000,S3,shuttle,SITE3,V02,D0043,KA01AB1974,logout,1782430200000,1782430320000,38.66,41.73,24,1,closed,true
T007375,1784764800000,S3,shuttle,SITE2,V07,D0299,KA01AB1274,login,1784820600000,1784820720000,26.53,28.76,24,23,closed,true
T007376,1781395200000,S3,nodal,SITE2,V12,D0252,KA01AB0380,logout,1781393400000,1781393460000,17.90,20.08,12,4,closed,true
T007377,1785283200000,S1,nodal,SITE1,V04,D0379,KA01AB0826,logout,1785324600000,1785324840000,32.98,32.65,12,1,closed,true
T007378,1783209600000,S3,shuttle,SITE3,V04,D0215,KA01AB0452,logout,1783207800000,1783207980000,34.08,36.67,24,8,closed,true
T007379,1785715200000,S1,shuttle,SITE2,V03,D0163,KA01AB1687,logout,1785756600000,1785756660000,20.93,23.41,24,16,closed,true
T007380,1785024000000,S1,cab,SITE4,V06,D0126,KA01AB1263,login,1785033000000,,37.75,41.30,4,3,open,true
T007381,1780790400000,S2,cab,SITE3,V02,D0382,KA01AB1790,logout,1780853400000,1780853520000,25.79,27.32,4,4,closed,true
T007382,1786320000000,S2,shuttle,SITE4,V07,D0215,KA01AB1487,logout,1786383000000,1786383180000,35.56,35.05,24,17,closed,false
T007383,1787443200000,S1,cab,SITE1,V06,D0136,KA01AB1752,login,1787452200000,1787452980000,36.57,41.00,4,3,closed,true
T007384,1782345600000,S1,shuttle,SITE1,V02,D0388,KA01AB1484,logout,1782387000000,1782387180000,18.69,19.16,24,12,closed,true
T007385,1781395200000,S3,cab,SITE3,V09,D0127,KA01AB0042,login,1781451000000,1781451000000,28.27,26.99,4,3,closed,true
T007386,1780876800000,S3,shuttle,SITE3,V07,D0312,KA01AB1933,login,1780932600000,1780932780000,24.52,27.76,24,22,closed,true
T007387,1788307200000,S1,cab,SITE1,V12,D0109,KA01AB1102,login,1788316200000,1788318000000,36.14,39.87,4,3,closed,true
T007388,1784505600000,S3,cab,SITE3,V02,D0195,KA01AB1446,login,1784561400000,1784563620000,36.75,39.61,4,4,closed,true
T007389,1786665600000,S1,cab,SITE1,V04,D0255,KA01AB0115,logout,1786707000000,1786707120000,34.83,38.55,4,3,closed,true
T007390,1786579200000,S3,shuttle,SITE2,V11,D0006,KA01AB1595,login,1786635000000,1786635180000,32.27,30.80,24,16,closed,true
T007391,1783468800000,S2,cab,SITE3,V11,D0034,KA01AB0542,login,1783499400000,1783501740000,33.46,35.94,4,3,closed,true
T007392,1783209600000,S2,nodal,SITE3,V02,D0176,KA01AB0933,logout,1783272600000,1783272660000,21.79,22.95,12,5,closed,false
T007393,1783900800000,S1,nodal,SITE1,V09,D0022,KA01AB1157,login,1783909800000,1783909920000,18.35,19.83,12,10,closed,true
T007394,1785110400000,S3,cab,SITE1,V02,D0028,KA01AB0449,logout,1785108600000,1785110580000,33.35,37.58,4,4,closed,true
T007395,1788048000000,S2,cab,SITE2,V10,D0223,KA01AB1515,logout,1788111000000,1788112080000,27.59,26.36,4,4,closed,true
T007396,1782604800000,S3,nodal,SITE2,V09,D0209,KA01AB1725,logout,1782603000000,1782604140000,24.50,24.08,12,5,closed,true
T007397,1785283200000,S3,nodal,SITE1,V03,D0181,KA01AB1938,login,1785339000000,1785339240000,40.47,39.11,12,3,closed,true
T007398,1780963200000,S3,nodal,SITE1,V03,D0320,KA01AB1143,logout,1780961400000,1780961400000,19.34,18.87,12,11,closed,true
T007399,1781913600000,S2,shuttle,SITE3,V05,D0030,KA01AB1231,logout,1781976600000,1781976840000,16.02,18.27,24,8,closed,true
T007400,1786147200000,S3,nodal,SITE1,V03,D0119,KA01AB0240,logout,1786145400000,1786145640000,18.21,20.04,12,11,closed,true
T007401,1786406400000,S2,cab,SITE2,V10,D0248,KA01AB1426,login,1786437000000,1786437120000,12.17,12.06,4,3,closed,true
T007402,1786492800000,S2,shuttle,SITE3,V02,D0356,KA01AB0709,login,1786523400000,1786523400000,27.71,30.00,24,19,closed,true
T007403,1782345600000,S3,cab,SITE4,V09,D0031,KA01AB1429,login,1782401400000,1782401640000,24.94,26.98,4,2,closed,true
T007404,1782604800000,S2,shuttle,SITE2,V08,D0324,KA01AB0597,login,1782635400000,1782635640000,35.56,35.91,24,19,closed,true
T007405,1788307200000,S1,nodal,SITE2,V11,D0238,KA01AB0888,login,1788316200000,1788316440000,32.44,36.56,12,7,closed,true
T007406,1787270400000,S2,cab,SITE4,V07,D0296,KA01AB1517,login,1787301000000,1787301120000,40.55,45.28,4,3,closed,true
T007407,1787788800000,S3,shuttle,SITE3,V02,D0136,KA01AB0855,logout,1787787000000,1787787180000,17.39,18.19,24,24,closed,true
T007408,1785110400000,S3,nodal,SITE2,V10,D0119,KA01AB1749,login,1785166200000,1785166260000,12.07,12.61,12,9,closed,true
T007409,1782172800000,S3,nodal,SITE4,V07,D0355,KA01AB0367,login,1782228600000,1782229680000,14.29,15.29,12,4,closed,true
T007410,1781740800000,S3,cab,SITE4,V12,D0394,KA01AB0417,logout,1781739000000,1781739060000,21.74,24.05,4,2,closed,true
T007411,1783814400000,S3,nodal,SITE3,V08,D0386,KA01AB1399,logout,1783812600000,,9.47,10.17,12,7,open,true
T007412,1785628800000,S2,cab,SITE1,V09,D0017,KA01AB0430,logout,1785691800000,1785692040000,32.30,35.21,4,4,closed,true
T007413,1780876800000,S2,cab,SITE1,V11,D0080,KA01AB0023,login,1780907400000,1780907400000,31.60,33.01,4,4,closed,true
T007414,1787270400000,S3,nodal,SITE2,V09,D0123,KA01AB0500,logout,1787268600000,1787271300000,39.55,39.87,12,7,closed,true
T007415,1784678400000,S1,nodal,SITE3,V11,D0271,KA01AB1151,logout,1784719800000,1784719800000,21.72,20.96,12,1,closed,true
T007416,1787788800000,S1,nodal,SITE1,V08,D0142,KA01AB0389,login,1787797800000,1787797800000,39.64,39.64,12,11,closed,true
T007417,1783209600000,S1,nodal,SITE2,V12,D0336,KA01AB1056,logout,1783251000000,1783253400000,9.61,9.85,12,3,closed,true
T007418,1782950400000,S3,cab,SITE4,V12,D0149,KA01AB0165,logout,1782948600000,1782948600000,14.21,14.53,4,4,closed,true
T007419,1785715200000,S2,cab,SITE1,V07,D0145,KA01AB0169,login,1785745800000,1785745860000,24.79,26.99,4,2,closed,true
T007420,1783468800000,S2,shuttle,SITE3,V12,D0322,KA01AB0122,login,1783499400000,1783499640000,20.78,21.18,24,1,closed,true
T007421,1784419200000,S1,nodal,SITE1,V03,D0224,KA01AB1055,login,1784428200000,1784428320000,17.98,18.07,12,2,closed,true
T007422,1788048000000,S3,cab,SITE2,V03,D0280,KA01AB0175,login,1788103800000,1788105960000,31.21,35.58,4,3,closed,true
T007423,1785283200000,S3,cab,SITE4,V10,D0302,KA01AB0972,login,1785339000000,1785339240000,27.05,28.66,4,3,closed,true
T007424,1781568000000,S1,nodal,SITE4,V09,D0226,KA01AB0664,login,1781577000000,1781577180000,19.39,21.87,12,6,closed,true
T007425,1788480000000,S1,shuttle,SITE1,V11,D0139,KA01AB0403,logout,1788521400000,1788521460000,30.20,32.77,24,12,closed,true
T007426,1786924800000,S2,nodal,SITE1,V09,D0337,KA01AB0557,logout,1786987800000,1786988040000,24.35,26.18,12,6,closed,true
T007427,1784592000000,S2,nodal,SITE3,V04,D0145,KA01AB1296,login,1784622600000,1784622600000,15.41,17.54,12,5,closed,true
T007428,1787529600000,S1,cab,SITE2,V02,D0044,KA01AB0929,logout,1787571000000,1787571180000,27.87,27.34,4,4,closed,true
T007429,1787356800000,S1,cab,SITE4,V03,D0373,KA01AB1286,logout,1787398200000,1787398260000,35.40,40.00,4,1,closed,true
T007430,1781136000000,S2,cab,SITE1,V05,D0320,KA01AB1154,logout,1781199000000,1781199000000,24.10,24.94,4,4,closed,true
T007431,1782777600000,S3,cab,SITE3,V05,D0352,KA01AB0465,logout,1782775800000,1782775920000,10.96,10.63,4,3,closed,true
T007432,1785110400000,S3,cab,SITE3,V08,D0026,KA01AB0178,login,1785166200000,1785166380000,38.16,37.06,4,1,closed,true
T007433,1786579200000,S2,shuttle,SITE2,V09,D0002,KA01AB0777,login,1786609800000,1786609860000,18.72,18.27,24,4,closed,true
T007434,1787529600000,S2,shuttle,SITE1,V10,D0365,KA01AB1581,logout,1787592600000,1787594820000,27.85,26.89,24,17,closed,true
T007435,1786147200000,S1,shuttle,SITE1,V10,D0398,KA01AB0043,login,1786156200000,1786156200000,37.63,38.89,24,5,closed,true
T007436,1787961600000,S2,cab,SITE4,V11,D0232,KA01AB0542,logout,1788024600000,1788024600000,17.20,17.52,4,3,closed,true
T007437,1786665600000,S3,shuttle,SITE4,V07,D0106,KA01AB0237,login,1786721400000,1786723860000,28.09,27.02,24,4,closed,true
T007438,1786320000000,S2,shuttle,SITE4,V01,D0320,KA01AB0513,login,1786350600000,1786350660000,29.83,33.54,24,5,closed,true
T007439,1787702400000,S3,shuttle,SITE2,V07,D0223,KA01AB0460,login,1787758200000,1787759820000,10.56,10.22,24,19,closed,true
T007440,1782000000000,S3,shuttle,SITE1,V10,D0265,KA01AB1732,login,1782055800000,1782055860000,20.80,23.55,24,16,closed,true
T007441,1782259200000,S2,cab,SITE3,V08,D0357,KA01AB0510,login,1782289800000,1782290040000,14.75,16.68,4,4,closed,true
T007442,1781481600000,S1,nodal,SITE3,V10,D0368,KA01AB0440,logout,1781523000000,1781523240000,40.29,44.99,12,5,closed,true
T007443,1781654400000,S2,cab,SITE2,V02,D0324,KA01AB1348,login,1781685000000,1781685120000,32.64,31.37,4,3,closed,true
T007444,1781913600000,S1,cab,SITE3,V12,D0025,KA01AB0217,login,1781922600000,1781922840000,15.87,17.65,4,1,closed,true
T007445,1786233600000,S1,shuttle,SITE3,V05,D0030,KA01AB1518,login,1786242600000,1786242660000,40.45,42.66,24,2,closed,true
T007446,1786838400000,S1,nodal,SITE4,V03,D0118,KA01AB0224,login,1786847400000,1786847400000,30.62,31.85,12,11,closed,true
T007447,1784073600000,S2,cab,SITE4,V06,D0072,KA01AB1043,logout,1784136600000,1784136660000,42.58,45.13,4,1,closed,true
T007448,1782950400000,S3,nodal,SITE3,V12,D0081,KA01AB0527,logout,1782948600000,1782948720000,17.31,16.78,12,6,closed,true
T007449,1783641600000,S2,nodal,SITE2,V02,D0363,KA01AB0441,login,1783672200000,1783672320000,14.34,14.32,12,3,closed,true
T007450,1781654400000,S2,nodal,SITE4,V04,D0330,KA01AB0578,login,1781685000000,1781685240000,22.98,21.97,12,7,closed,true
T007451,1787961600000,S1,cab,SITE4,V10,D0090,KA01AB0102,logout,1788003000000,1788003060000,14.86,16.96,4,4,closed,true
T007452,1782777600000,S3,nodal,SITE3,V08,D0175,KA01AB1731,logout,1782775800000,1782775920000,36.08,41.35,12,12,closed,true
T007453,1785024000000,S2,shuttle,SITE2,V06,D0123,KA01AB0745,login,1785054600000,1785054660000,33.36,37.51,24,5,closed,true
T007454,1785974400000,S3,shuttle,SITE1,V08,D0323,KA01AB1427,logout,1785972600000,1785972660000,33.39,37.89,24,2,closed,true
T007455,1786147200000,S2,shuttle,SITE4,V12,D0284,KA01AB1211,logout,1786210200000,1786210380000,28.90,31.34,24,11,closed,true
T007456,1786579200000,S3,cab,SITE4,V07,D0323,KA01AB1225,login,1786635000000,1786635060000,10.95,11.86,4,1,closed,true
T007457,1786665600000,S1,cab,SITE4,V08,D0189,KA01AB0070,login,1786674600000,1786674780000,15.67,17.62,4,4,closed,true
T007458,1784851200000,S3,shuttle,SITE4,V04,D0007,KA01AB1453,logout,1784849400000,1784849460000,21.51,21.07,24,9,closed,true
T007459,1781136000000,S3,cab,SITE1,V02,D0261,KA01AB1870,login,1781191800000,1781193720000,41.11,46.13,4,2,closed,true
T007460,1782345600000,S3,nodal,SITE4,V12,D0047,KA01AB0410,logout,1782343800000,1782344040000,13.67,14.59,12,2,closed,true
T007461,1782777600000,S1,cab,SITE1,V11,D0315,KA01AB1273,logout,1782819000000,1782819180000,31.70,32.51,4,3,closed,true
T007462,1783900800000,S2,shuttle,SITE4,V07,D0262,KA01AB0001,login,1783931400000,1783931640000,19.97,20.63,24,6,closed,true
T007463,1782432000000,S1,shuttle,SITE4,V08,D0176,KA01AB0768,login,1782441000000,1782441000000,31.74,33.98,24,15,closed,true
T007464,1781049600000,S1,cab,SITE3,V08,D0348,KA01AB1793,login,1781058600000,1781060820000,17.12,18.47,4,4,closed,true
T007465,1787616000000,S1,shuttle,SITE4,V08,D0165,KA01AB1899,login,1787625000000,1787625120000,41.22,42.24,24,19,closed,true
T007466,1787270400000,S3,cab,SITE2,V08,D0105,KA01AB0594,login,1787326200000,1787326380000,40.18,41.05,4,4,closed,true
T007467,1783036800000,S2,nodal,SITE4,V08,D0220,KA01AB1216,login,1783067400000,1783067520000,38.17,43.45,12,3,closed,true
T007468,1784332800000,S1,shuttle,SITE4,V01,D0225,KA01AB1812,login,1784341800000,1784341800000,41.66,45.19,24,16,closed,true
T007469,1786752000000,S2,cab,SITE2,V03,D0008,KA01AB1194,logout,1786815000000,1786815000000,15.14,16.68,4,3,closed,true
T007470,1787270400000,S3,shuttle,SITE1,V07,D0172,KA01AB0639,login,1787326200000,1787326260000,12.01,13.81,24,7,closed,true
T007471,1785283200000,S1,cab,SITE4,V10,D0275,KA01AB1445,login,1785292200000,1785292200000,23.77,27.29,4,2,closed,true
T007472,1782777600000,S3,cab,SITE2,V10,D0396,KA01AB0469,login,1782833400000,1782834720000,32.01,34.68,4,1,closed,true
T007473,1788393600000,S3,nodal,SITE2,V11,D0231,KA01AB1900,login,1788449400000,1788449460000,34.86,38.43,12,2,closed,true
T007474,1782000000000,S2,nodal,SITE3,V01,D0202,KA01AB1683,login,1782030600000,1782030840000,17.02,18.87,12,5,closed,true
T007475,1786579200000,S2,nodal,SITE4,V02,D0200,KA01AB1008,logout,1786642200000,1786642200000,13.27,13.15,12,4,closed,true
T007476,1781395200000,S1,cab,SITE4,V09,D0247,KA01AB1965,login,1781404200000,1781404200000,11.47,12.67,4,3,closed,true
T007477,1783814400000,S1,cab,SITE4,V05,D0313,KA01AB0630,login,1783823400000,1783823400000,35.67,35.51,4,3,closed,true
T007478,1785283200000,S3,nodal,SITE4,V10,D0227,KA01AB1246,login,1785339000000,1785339000000,37.47,42.27,12,12,closed,true
T007479,1786060800000,S1,cab,SITE2,V02,D0111,KA01AB1455,logout,1786102200000,1786102200000,13.34,15.13,4,4,closed,true
T007480,1783296000000,S1,cab,SITE4,V06,D0124,KA01AB1072,logout,1783337400000,1783337400000,35.49,40.55,4,2,closed,true
T007481,1784592000000,S2,cab,SITE4,V06,D0114,KA01AB0550,login,1784622600000,1784622840000,14.17,15.22,4,1,closed,true
T007482,1787184000000,S3,shuttle,SITE4,V08,D0187,KA01AB0164,logout,1787182200000,1787182860000,37.04,41.92,24,5,closed,true
T007483,1784851200000,S3,shuttle,SITE3,V05,D0304,KA01AB1813,login,1784907000000,1784907060000,39.58,44.08,24,2,closed,true
T007484,1787443200000,S2,cab,SITE4,V02,D0204,KA01AB1609,login,1787473800000,1787473920000,8.04,9.11,4,1,closed,true
T007485,1785456000000,S2,shuttle,SITE4,V03,D0362,KA01AB0895,logout,1785519000000,1785519180000,17.36,19.89,24,20,closed,true
T007486,1780963200000,S1,cab,SITE1,V06,D0265,KA01AB1419,login,1780972200000,1780972260000,20.13,21.44,4,2,closed,true
T007487,1781654400000,S1,cab,SITE4,V01,D0020,KA01AB1477,login,1781663400000,1781664300000,12.73,13.78,4,1,closed,true
T007488,1785542400000,S3,shuttle,SITE1,V09,D0323,KA01AB0528,login,1785598200000,1785598260000,25.23,26.58,24,23,closed,true
T007489,1781827200000,S1,shuttle,SITE3,V06,D0116,KA01AB0552,logout,1781868600000,1781868780000,25.41,28.88,24,8,closed,true
T007490,1781049600000,S3,shuttle,SITE4,V01,D0350,KA01AB0242,logout,1781047800000,1781048040000,31.01,31.61,24,4,closed,true
T007491,1785542400000,S1,nodal,SITE3,V09,D0278,KA01AB0313,logout,1785583800000,1785583800000,14.72,15.97,12,10,closed,true
T007492,1785024000000,S3,cab,SITE1,V02,D0341,KA01AB1381,logout,1785022200000,1785022440000,16.27,16.39,4,1,closed,true
T007493,1782518400000,S2,shuttle,SITE3,V03,D0201,KA01AB1785,login,1782549000000,1782549240000,9.47,9.32,24,10,closed,true
T007494,1787875200000,S3,shuttle,SITE3,V09,D0034,KA01AB1579,login,1787931000000,1787931060000,14.10,15.29,24,4,closed,true
T007495,1782086400000,S3,nodal,SITE2,V12,D0124,KA01AB1318,login,1782142200000,1782142380000,38.21,43.16,12,1,closed,true
T007496,1780963200000,S1,nodal,SITE2,V01,D0392,KA01AB1063,logout,1781004600000,1781004660000,17.87,18.34,12,9,closed,true
T007497,1786924800000,S3,shuttle,SITE3,V10,D0047,KA01AB1385,login,1786980600000,1786980600000,33.82,38.05,24,18,closed,true
T007498,1783728000000,S1,shuttle,SITE2,V07,D0251,KA01AB0439,login,1783737000000,1783737240000,36.67,41.91,24,21,closed,true
T007499,1782345600000,S2,shuttle,SITE1,V12,D0077,KA01AB1812,logout,1782408600000,1782408720000,33.83,35.15,24,16,closed,true
T007500,1780790400000,S3,nodal,SITE4,V03,D0249,KA01AB0925,login,1780846200000,1780846200000,26.36,29.58,12,9,closed,true
T007501,1787097600000,S1,shuttle,SITE1,V01,D0223,KA01AB1422,logout,1787139000000,1787139180000,17.67,17.03,24,20,closed,true
T007502,1784332800000,S3,nodal,SITE4,V08,D0072,KA01AB1167,login,1784388600000,1784388840000,30.47,29.75,12,10,closed,true
T007503,1781740800000,S3,shuttle,SITE1,V03,D0396,KA01AB1628,login,1781796600000,1781796600000,36.36,36.86,24,15,closed,true
T007504,1781568000000,S2,nodal,SITE3,V06,D0292,KA01AB1385,login,1781598600000,,40.02,43.14,12,12,open,true
T007505,1787184000000,S2,cab,SITE4,V05,D0325,KA01AB1453,login,1787214600000,1787214720000,8.55,9.05,4,2,closed,true
T007506,1781654400000,S3,nodal,SITE4,V12,D0066,KA01AB0265,logout,1781652600000,1781652780000,41.61,40.38,12,12,closed,true
T007507,1786147200000,S1,nodal,SITE2,V08,D0276,KA01AB0491,logout,1786188600000,1786189440000,25.91,29.59,12,10,closed,true
T007508,1782259200000,S3,cab,SITE3,V05,D0111,KA01AB1852,logout,1782257400000,1782257580000,32.95,35.14,4,1,closed,true
T007509,1782432000000,S1,cab,SITE3,V09,D0249,KA01AB1761,logout,1782473400000,1782473820000,8.85,9.15,4,1,closed,true
T007510,1781568000000,S3,nodal,SITE4,V09,D0083,KA01AB0504,logout,1781566200000,1781566380000,26.82,29.65,12,4,closed,true
T007511,1781654400000,S3,nodal,SITE3,V11,D0324,KA01AB0774,logout,1781652600000,1781653140000,30.70,31.67,12,9,closed,true
T007512,1781654400000,S1,nodal,SITE1,V01,D0013,KA01AB1634,logout,1781695800000,1781698140000,14.60,16.65,12,7,closed,true
T007513,1782345600000,S3,nodal,SITE4,V01,D0187,KA01AB1738,login,1782401400000,1782401640000,42.54,40.67,12,9,closed,true
T007514,1785628800000,S1,nodal,SITE4,V02,D0121,KA01AB0953,logout,1785670200000,1785670440000,35.57,35.10,12,5,closed,true
T007515,1784851200000,S2,shuttle,SITE1,V01,D0213,KA01AB1310,login,1784881800000,1784881860000,24.63,25.50,24,4,closed,true
T007516,1788393600000,S1,shuttle,SITE4,V10,D0086,KA01AB1352,logout,1788435000000,1788435180000,18.03,17.69,24,14,closed,true
T007517,1780790400000,S2,shuttle,SITE1,V08,D0377,KA01AB0088,logout,1780853400000,1780853460000,40.81,39.02,24,17,closed,true
T007518,1786320000000,S2,nodal,SITE1,V03,D0344,KA01AB0611,login,1786350600000,1786350840000,27.91,29.32,12,12,closed,true
T007519,1784073600000,S1,nodal,SITE4,V01,D0036,KA01AB0848,logout,1784115000000,1784115240000,23.56,25.43,12,1,closed,true
T007520,1786147200000,S1,shuttle,SITE1,V09,D0258,KA01AB1822,logout,1786188600000,1786188660000,20.68,21.45,24,4,closed,true
T007521,1782777600000,S3,nodal,SITE2,V03,D0114,KA01AB1864,logout,1782775800000,1782775980000,25.32,28.53,12,12,closed,true
T007522,1780790400000,S2,nodal,SITE3,V12,D0303,KA01AB1220,login,1780821000000,1780821060000,32.33,32.09,12,6,closed,true
T007523,1786147200000,S1,cab,SITE1,V12,D0335,KA01AB0205,logout,1786188600000,1786191120000,20.16,21.31,4,4,closed,true
T007524,1785024000000,S3,shuttle,SITE1,V11,D0131,KA01AB0333,login,1785079800000,1785079800000,22.47,21.73,24,9,closed,true
T007525,1781308800000,S3,shuttle,SITE1,V03,D0392,KA01AB0691,logout,1781307000000,1781307060000,39.52,38.52,24,19,closed,false
T007526,1786579200000,S3,shuttle,SITE4,V03,D0021,KA01AB0285,login,1786635000000,1786635240000,10.98,11.02,24,7,closed,true
T007527,1786406400000,S2,nodal,SITE3,V01,D0006,KA01AB1034,logout,1786469400000,1786469460000,31.24,31.50,12,5,closed,true
T007528,1785628800000,S1,nodal,SITE1,V06,D0197,KA01AB1522,login,1785637800000,1785639000000,17.74,17.48,12,4,closed,true
T007529,1784160000000,S3,nodal,SITE2,V04,D0005,KA01AB1650,logout,1784158200000,1784158320000,8.06,8.65,12,6,closed,true
T007530,1788307200000,S3,nodal,SITE3,V07,D0266,KA01AB1211,login,1788363000000,1788363060000,29.70,31.57,12,6,closed,true
T007531,1787616000000,S1,cab,SITE1,V12,D0316,KA01AB1645,logout,1787657400000,,29.89,34.04,4,2,open,true
T007532,1787788800000,S2,cab,SITE3,V03,D0040,KA01AB0777,logout,1787851800000,1787851800000,25.99,27.75,4,1,closed,true
T007533,1788134400000,S2,cab,SITE1,V02,D0396,KA01AB0560,logout,1788197400000,1788197460000,15.77,15.18,4,3,closed,true
T007534,1785888000000,S3,nodal,SITE4,V01,D0250,KA01AB0014,login,1785943800000,1785943860000,9.88,9.68,12,4,closed,true
T007535,1781222400000,S1,cab,SITE4,V11,D0290,KA01AB1913,login,1781231400000,1781232960000,35.05,36.86,4,3,closed,true
T007536,1781222400000,S2,cab,SITE2,V12,D0310,KA01AB1071,logout,1781285400000,1781285580000,9.15,10.23,4,4,closed,true
T007537,1786579200000,S3,cab,SITE3,V01,D0131,KA01AB0721,logout,1786577400000,1786577520000,39.99,40.75,4,4,closed,true
T007538,1780790400000,S3,shuttle,SITE3,V10,D0155,KA01AB0276,login,1780846200000,1780848300000,20.93,20.61,24,3,closed,true
T007539,1783209600000,S3,nodal,SITE4,V06,D0307,KA01AB0119,logout,1783207800000,1783207800000,40.44,45.75,12,9,closed,true
T007540,1786320000000,S2,nodal,SITE3,V03,D0250,KA01AB0473,logout,1786383000000,1786383120000,21.58,23.49,12,11,closed,true
T007541,1783555200000,S1,shuttle,SITE4,V05,D0034,KA01AB1402,login,1783564200000,1783564260000,22.90,24.50,24,5,closed,true
T007542,1786838400000,S1,nodal,SITE4,V07,D0104,KA01AB1867,login,1786847400000,1786847580000,26.79,27.91,12,3,closed,true
T007543,1781222400000,S1,nodal,SITE3,V02,D0072,KA01AB1266,logout,1781263800000,1781263800000,16.12,17.60,12,2,closed,true
T007544,1782777600000,S3,nodal,SITE1,V11,D0156,KA01AB1316,login,1782833400000,1782833520000,24.33,24.87,12,1,closed,true
T007545,1781568000000,S3,shuttle,SITE3,V10,D0287,KA01AB1647,logout,1781566200000,1781566260000,39.93,38.98,24,19,closed,true
T007546,1784332800000,S3,nodal,SITE4,V04,D0072,KA01AB0098,logout,1784331000000,1784331060000,37.76,39.67,12,6,closed,true
T007547,1785283200000,S3,nodal,SITE3,V11,D0029,KA01AB0400,login,1785339000000,,39.73,40.60,12,9,open,true
T007548,1783900800000,S3,nodal,SITE1,V06,D0128,KA01AB1474,logout,1783899000000,1783899060000,10.11,10.85,12,5,closed,true
T007549,1784592000000,S2,nodal,SITE1,V12,D0109,KA01AB0998,logout,1784655000000,1784655240000,29.96,30.22,12,12,closed,true
T007550,1785110400000,S3,cab,SITE3,V05,D0025,KA01AB0075,logout,1785108600000,1785108840000,24.16,24.49,4,1,closed,true
T007551,1787443200000,S2,cab,SITE1,V02,D0273,KA01AB1236,login,1787473800000,1787473920000,35.08,34.28,4,2,closed,true
T007552,1783555200000,S3,shuttle,SITE3,V08,D0208,KA01AB1984,logout,1783553400000,1783553580000,18.83,18.38,24,20,closed,true
T007553,1782777600000,S1,shuttle,SITE4,V09,D0152,KA01AB0418,login,1782786600000,1782786840000,29.98,30.07,24,14,closed,true
T007554,1782950400000,S1,shuttle,SITE3,V07,D0292,KA01AB0732,logout,1782991800000,1782991920000,24.10,27.09,24,6,closed,true
T007555,1787097600000,S1,shuttle,SITE1,V03,D0361,KA01AB0049,login,1787106600000,1787106720000,11.12,11.06,24,19,closed,true
T007556,1782950400000,S1,nodal,SITE3,V01,D0177,KA01AB1077,logout,1782991800000,1782992040000,17.99,20.08,12,3,closed,true
T007557,1783123200000,S3,nodal,SITE4,V06,D0323,KA01AB0878,login,1783179000000,1783179060000,39.72,38.03,12,2,closed,true
T007558,1780790400000,S2,cab,SITE1,V12,D0191,KA01AB1508,logout,1780853400000,1780853400000,32.21,35.18,4,1,closed,true
T007559,1783555200000,S2,shuttle,SITE4,V11,D0277,KA01AB1039,login,1783585800000,1783585860000,24.78,25.87,24,4,closed,true
T007560,1784160000000,S3,shuttle,SITE1,V09,D0383,KA01AB0004,login,1784215800000,1784215980000,20.28,20.05,24,23,closed,true
T007561,1785974400000,S2,cab,SITE2,V12,D0156,KA01AB0181,logout,1786037400000,1786037580000,21.98,22.47,4,1,closed,true
T007562,1783555200000,S3,shuttle,SITE1,V04,D0033,KA01AB1873,login,1783611000000,1783611780000,40.32,39.26,24,6,closed,true
T007563,1785628800000,S2,cab,SITE3,V05,D0331,KA01AB0370,logout,1785691800000,1785694380000,40.46,43.10,4,4,closed,true
T007564,1781568000000,S1,nodal,SITE1,V09,D0280,KA01AB1086,login,1781577000000,1781577120000,28.69,32.45,12,2,closed,true
T007565,1785542400000,S3,shuttle,SITE4,V11,D0343,KA01AB1044,logout,1785540600000,1785540840000,32.96,32.40,24,15,closed,true
T007566,1781913600000,S3,shuttle,SITE1,V11,D0289,KA01AB0641,login,1781969400000,1781969460000,35.47,38.53,24,2,closed,true
T007567,1781049600000,S2,cab,SITE4,V10,D0038,KA01AB1857,logout,1781112600000,1781112780000,24.30,23.54,4,3,closed,true
T007568,1783036800000,S2,nodal,SITE2,V07,D0262,KA01AB0145,logout,1783099800000,1783099800000,29.86,29.43,12,9,closed,true
T007569,1788134400000,S2,cab,SITE3,V11,D0243,KA01AB0467,logout,1788197400000,1788197460000,11.86,12.20,4,2,closed,true
T007570,1782864000000,S1,cab,SITE2,V02,D0229,KA01AB0165,login,1782873000000,1782873060000,38.31,41.56,4,4,closed,true
T007571,1785456000000,S3,shuttle,SITE2,V12,D0164,KA01AB1032,login,1785511800000,1785511860000,8.41,8.09,24,20,closed,true
T007572,1783296000000,S2,nodal,SITE4,V11,D0074,KA01AB1718,login,1783326600000,1783326660000,28.91,29.43,12,9,closed,true
T007573,1784937600000,S2,cab,SITE1,V04,D0259,KA01AB0453,login,1784968200000,1784968200000,27.16,30.99,4,2,closed,true
T007574,1784332800000,S3,cab,SITE4,V08,D0111,KA01AB1955,logout,1784331000000,1784331180000,35.31,36.07,4,4,closed,true
T007575,1784937600000,S2,cab,SITE3,V10,D0108,KA01AB0824,login,1784968200000,1784968320000,39.59,37.88,4,1,closed,true
T007576,1786752000000,S1,nodal,SITE1,V04,D0022,KA01AB0337,login,1786761000000,1786761000000,35.52,39.01,12,8,closed,true
T007577,1783641600000,S3,nodal,SITE2,V10,D0201,KA01AB0573,logout,1783639800000,1783639800000,20.42,22.98,12,11,closed,true
T007578,1781481600000,S3,nodal,SITE4,V11,D0210,KA01AB0165,login,1781537400000,1781537520000,11.64,12.19,12,7,closed,true
T007579,1786406400000,S2,shuttle,SITE3,V06,D0140,KA01AB0686,login,1786437000000,1786437240000,40.95,41.75,24,9,closed,true
T007580,1786924800000,S1,nodal,SITE1,V09,D0076,KA01AB0418,login,1786933800000,1786933980000,38.83,40.39,12,8,closed,true
T007581,1786320000000,S3,shuttle,SITE4,V09,D0384,KA01AB1547,login,1786375800000,1786376640000,40.11,40.25,24,8,closed,true
T007582,1781395200000,S3,shuttle,SITE3,V01,D0019,KA01AB0028,logout,1781393400000,1781393580000,20.13,19.39,24,9,closed,true
T007583,1782086400000,S2,nodal,SITE4,V09,D0163,KA01AB0574,logout,1782149400000,1782149640000,9.07,9.89,12,1,closed,false
T007584,1785196800000,S1,shuttle,SITE1,V07,D0398,KA01AB0400,login,1785205800000,1785205860000,24.01,25.52,24,19,closed,true
T007585,1785801600000,S2,cab,SITE1,V09,D0225,KA01AB1893,logout,1785864600000,1785864600000,15.14,15.45,4,2,closed,true
T007586,1786579200000,S1,nodal,SITE1,V08,D0076,KA01AB0506,login,1786588200000,1786588260000,28.06,26.77,12,6,closed,true
T007587,1781481600000,S3,nodal,SITE1,V03,D0235,KA01AB1070,login,1781537400000,1781537580000,32.41,33.41,12,1,closed,true
T007588,1784332800000,S2,nodal,SITE2,V01,D0213,KA01AB1944,logout,1784395800000,1784395800000,33.47,38.27,12,8,closed,true
T007589,1781568000000,S3,shuttle,SITE3,V07,D0023,KA01AB1677,login,1781623800000,1781623980000,39.29,37.76,24,12,closed,true
T007590,1782604800000,S1,cab,SITE1,V04,D0350,KA01AB1218,logout,1782646200000,1782646440000,19.02,20.71,4,2,closed,true
T007591,1781568000000,S2,shuttle,SITE2,V11,D0138,KA01AB0812,logout,1781631000000,1781631060000,42.58,47.43,24,12,closed,true
T007592,1788134400000,S3,shuttle,SITE1,V08,D0042,KA01AB1417,logout,1788132600000,1788132660000,22.15,23.72,24,11,closed,true
T007593,1786838400000,S1,shuttle,SITE1,V02,D0399,KA01AB1003,logout,1786879800000,1786879800000,20.69,20.94,24,9,closed,true
T007594,1783728000000,S1,cab,SITE3,V12,D0362,KA01AB1239,logout,1783769400000,1783769640000,10.69,11.56,4,2,closed,true
T007595,1787356800000,S3,cab,SITE3,V08,D0041,KA01AB0518,login,1787412600000,1787412780000,17.83,17.95,4,2,closed,true
T007596,1782777600000,S2,cab,SITE1,V02,D0317,KA01AB0862,login,1782808200000,1782808440000,41.01,42.53,4,4,closed,true
T007597,1784419200000,S3,cab,SITE3,V10,D0264,KA01AB0803,login,1784475000000,1784475120000,31.93,35.77,4,2,closed,true
T007598,1782691200000,S2,nodal,SITE2,V12,D0242,KA01AB0557,login,1782721800000,1782721920000,35.21,33.67,12,6,closed,true
T007599,1782086400000,S2,shuttle,SITE1,V09,D0386,KA01AB0541,logout,1782149400000,1782149580000,35.11,35.06,24,18,closed,true
T007600,1787529600000,S1,cab,SITE1,V09,D0315,KA01AB1782,logout,1787571000000,1787571000000,11.87,12.00,4,2,closed,true
T007601,1785888000000,S3,nodal,SITE1,V06,D0259,KA01AB1436,logout,1785886200000,1785886260000,35.66,35.05,12,3,closed,true
T007602,1780790400000,S2,nodal,SITE4,V10,D0385,KA01AB1547,logout,1780853400000,1780855020000,10.49,10.75,12,7,closed,true
T007603,1781568000000,S3,shuttle,SITE2,V03,D0093,KA01AB0514,login,1781623800000,1781623920000,30.36,30.18,24,23,closed,true
T007604,1781913600000,S3,cab,SITE3,V04,D0389,KA01AB1100,logout,1781911800000,1781911980000,19.62,19.30,4,1,closed,true
T007605,1784851200000,S3,nodal,SITE4,V06,D0002,KA01AB1083,login,1784907000000,1784907540000,9.90,11.08,12,3,closed,true
T007606,1787702400000,S1,cab,SITE1,V07,D0279,KA01AB1560,login,1787711400000,1787711400000,27.41,27.75,4,1,closed,true
T007607,1787961600000,S1,shuttle,SITE3,V08,D0259,KA01AB0522,login,1787970600000,1787970720000,28.33,30.22,24,5,closed,true
T007608,1783296000000,S2,shuttle,SITE2,V02,D0290,KA01AB1224,login,1783326600000,1783326660000,25.66,26.19,24,18,closed,true
T007609,1788480000000,S1,cab,SITE4,V11,D0212,KA01AB0488,logout,1788521400000,1788521640000,37.78,40.13,4,2,closed,true
T007610,1783468800000,S3,cab,SITE1,V09,D0146,KA01AB0909,logout,1783467000000,1783467180000,24.59,23.58,4,1,closed,true
T007611,1782259200000,S2,nodal,SITE3,V10,D0172,KA01AB0831,logout,1782322200000,1782322440000,25.66,24.64,12,5,closed,true
T007612,1785456000000,S2,cab,SITE1,V09,D0196,KA01AB0390,logout,1785519000000,1785519180000,8.32,8.16,4,1,closed,true
T007613,1788480000000,S2,nodal,SITE2,V07,D0386,KA01AB1132,logout,1788543000000,1788544140000,24.89,27.84,12,6,closed,true
T007614,1784851200000,S1,cab,SITE1,V05,D0156,KA01AB0425,logout,1784892600000,1784894700000,20.69,21.45,4,2,closed,true
T007615,1783987200000,S1,nodal,SITE2,V11,D0004,KA01AB1368,login,1783996200000,1783996200000,20.63,22.09,12,4,closed,true
T007616,1786233600000,S1,nodal,SITE3,V05,D0147,KA01AB0743,logout,1786275000000,1786275180000,17.76,19.94,12,12,closed,true
T007617,1784764800000,S3,shuttle,SITE3,V07,D0332,KA01AB1568,logout,1784763000000,1784763840000,10.89,10.35,24,17,closed,true
T007618,1783641600000,S3,cab,SITE4,V10,D0094,KA01AB0261,logout,1783639800000,1783639920000,29.51,28.61,4,1,closed,true
T007619,1781308800000,S2,cab,SITE3,V04,D0337,KA01AB1514,login,1781339400000,1781339640000,10.48,10.41,4,2,closed,true
T007620,1784332800000,S2,nodal,SITE4,V05,D0359,KA01AB0417,logout,1784395800000,1784395920000,15.57,16.61,12,2,closed,true
T007621,1785283200000,S1,nodal,SITE1,V12,D0040,KA01AB1666,login,1785292200000,1785292380000,29.83,33.87,12,8,closed,true
T007622,1786838400000,S3,shuttle,SITE2,V06,D0357,KA01AB0028,login,1786894200000,1786894440000,41.70,45.91,24,11,closed,true
T007623,1781395200000,S1,cab,SITE1,V07,D0125,KA01AB0149,login,1781404200000,1781404320000,26.35,25.53,4,3,closed,true
T007624,1781568000000,S3,shuttle,SITE3,V02,D0348,KA01AB0165,logout,1781566200000,1781566380000,35.25,37.64,24,22,closed,true
T007625,1785801600000,S1,nodal,SITE4,V03,D0097,KA01AB0860,login,1785810600000,,18.51,18.21,12,12,open,true
T007626,1786060800000,S3,shuttle,SITE4,V01,D0304,KA01AB0957,login,1786116600000,1786116660000,29.79,30.83,24,18,closed,true
T007627,1786147200000,S1,shuttle,SITE3,V01,D0078,KA01AB0899,logout,1786188600000,1786188660000,19.37,22.09,24,1,closed,true
T007628,1786147200000,S3,nodal,SITE4,V09,D0189,KA01AB0722,logout,1786145400000,1786145520000,41.35,40.59,12,9,closed,true
T007629,1781568000000,S3,cab,SITE4,V05,D0327,KA01AB0370,login,1781623800000,1781623920000,21.98,23.23,4,3,closed,true
T007630,1781913600000,S3,shuttle,SITE4,V12,D0164,KA01AB0750,login,1781969400000,1781970900000,27.77,29.82,24,14,closed,true
T007631,1781136000000,S1,nodal,SITE4,V03,D0223,KA01AB0395,logout,1781177400000,1781177580000,30.94,30.35,12,7,closed,true
T007632,1780790400000,S2,cab,SITE3,V10,D0129,KA01AB0461,logout,1780853400000,1780853520000,14.69,16.07,4,1,closed,true
T007633,1784073600000,S1,cab,SITE2,V04,D0279,KA01AB0341,logout,1784115000000,1784115120000,32.45,35.41,4,3,closed,true
T007634,1780790400000,S2,cab,SITE4,V03,D0004,KA01AB0750,login,1780821000000,1780821120000,17.88,20.28,4,3,closed,true
T007635,1782691200000,S1,nodal,SITE1,V03,D0315,KA01AB1826,login,1782700200000,1782700440000,38.62,38.97,12,1,closed,true,UNEXPECTED_EXTRA_FIELD
T007636,1781827200000,S1,cab,SITE1,V08,D0302,KA01AB1107,logout,1781868600000,1781868780000,38.81,39.79,4,2,closed,true
T007637,1782950400000,S2,nodal,SITE2,V04,D0336,KA01AB0752,logout,1783013400000,1783013460000,33.08,36.46,12,8,closed,true
T007638,1785542400000,S1,nodal,SITE1,V10,D0348,KA01AB1256,login,1785551400000,1785553200000,28.01,29.81,12,5,closed,true
T007639,1782950400000,S3,nodal,SITE2,V05,D0160,KA01AB0245,logout,1782948600000,1782948780000,13.03,13.14,12,5,closed,true
T007640,1784592000000,S2,cab,SITE3,V04,D0093,KA01AB1641,login,1784622600000,1784622720000,11.24,12.25,4,4,closed,true
T007641,1784246400000,S3,cab,SITE4,V04,D0034,KA01AB1528,login,1784302200000,1784302380000,31.94,32.73,4,1,closed,true
T007642,1787443200000,S2,nodal,SITE4,V02,D0072,KA01AB1547,login,1787473800000,1787473920000,40.77,40.77,12,11,closed,true
T007643,1781049600000,S2,nodal,SITE1,V07,D0368,KA01AB1567,login,1781080200000,1781080380000,41.57,42.55,12,7,closed,true
T007644,1787011200000,S2,shuttle,SITE4,V11,D0107,KA01AB1720,logout,1787074200000,1787074260000,29.19,31.80,24,4,closed,true
T007645,1787184000000,S3,cab,SITE1,V05,D0301,KA01AB1271,logout,1787182200000,1787184000000,42.32,48.37,4,4,closed,true
T007646,1786579200000,S2,shuttle,SITE1,V03,D0136,KA01AB1147,login,1786609800000,1786609800000,32.56,33.11,24,16,closed,true
T007647,1787270400000,S2,shuttle,SITE4,V11,D0273,KA01AB1639,login,1787301000000,1787302380000,32.12,36.75,24,22,closed,true
T007648,1787702400000,S3,shuttle,SITE2,V04,D0349,KA01AB1400,logout,1787700600000,1787700780000,30.95,30.68,24,17,closed,true
T007649,1784246400000,S1,nodal,SITE3,V04,D0024,KA01AB1321,logout,1784287800000,1784288040000,23.53,27.02,12,4,closed,true
T007650,1787788800000,S3,nodal,SITE1,V03,D0386,KA01AB0421,login,1787844600000,1787844780000,33.58,33.13,12,11,closed,true
T007651,1786838400000,S2,cab,SITE2,V11,D0153,KA01AB0245,login,1786869000000,1786869120000,42.34,46.00,4,1,closed,true
T007652,1780790400000,S1,cab,SITE2,V01,D0139,KA01AB1844,login,1780799400000,1780799460000,35.42,35.07,4,3,closed,true
T007653,1788220800000,S3,shuttle,SITE1,V06,D0339,KA01AB0750,login,1788276600000,1788276780000,24.82,25.69,24,17,closed,true
T007654,1785024000000,S1,cab,SITE2,V12,D0050,KA01AB1300,logout,1785065400000,1785065580000,33.13,37.30,4,3,closed,true
T007655,1783123200000,S1,cab,SITE3,V06,D0223,KA01AB1385,logout,1783164600000,1783164660000,29.15,33.00,4,1,closed,true
T007656,1782604800000,S1,nodal,SITE1,V03,D0079,KA01AB0214,login,1782613800000,1782613800000,8.48,8.82,12,10,closed,true
T007657,1785196800000,S1,nodal,SITE1,V03,D0153,KA01AB0162,login,1785205800000,1785205980000,12.79,14.65,12,8,closed,true
T007658,1785801600000,S3,nodal,SITE2,V11,D0034,KA01AB1118,login,1785857400000,1785859560000,24.28,25.27,12,5,closed,true
T007659,1784246400000,S3,nodal,SITE4,V09,D0125,KA01AB1644,login,1784302200000,1784302440000,9.28,9.61,12,9,closed,true
T007660,1782432000000,S2,shuttle,SITE1,V07,D0167,KA01AB1848,logout,1782495000000,1782495000000,39.74,41.22,24,1,closed,false
T007661,1785628800000,S3,cab,SITE2,V12,D0363,KA01AB0757,logout,1785627000000,1785627000000,35.90,41.06,4,3,closed,true
T007662,1785974400000,S1,cab,SITE1,V02,D0094,KA01AB1437,logout,1786015800000,1786016340000,35.50,36.11,4,2,closed,true
T007663,1783468800000,S2,nodal,SITE3,V05,D0307,KA01AB1066,logout,1783531800000,1783532040000,11.00,11.53,12,2,closed,true
T007664,1783814400000,S2,nodal,SITE3,V07,D0339,KA01AB1027,logout,1783877400000,1783877400000,21.98,23.79,12,2,closed,true
T007665,1787702400000,S2,shuttle,SITE1,V01,D0337,KA01AB1732,login,1787733000000,1787733180000,39.09,44.42,24,17,closed,true
T007666,1782345600000,S2,nodal,SITE3,V03,D0154,KA01AB1914,logout,1782408600000,1782408600000,19.99,19.30,12,3,closed,true
T007667,1782604800000,S2,nodal,SITE3,V04,D0150,KA01AB1910,login,1782635400000,1782635460000,19.38,22.17,12,8,closed,true
T007668,1785110400000,S2,shuttle,SITE2,V05,D0113,KA01AB0852,logout,1785173400000,1785173580000,9.76,10.15,24,18,closed,true
T007669,1784419200000,S2,nodal,SITE3,V11,D0360,KA01AB0797,login,1784449800000,1784452500000,11.43,11.06,12,11,closed,true
T007670,1787616000000,S2,nodal,SITE4,V06,D0020,KA01AB0066,logout,1787679000000,1787679180000,17.14,16.78,12,9,closed,true
T007671,1786924800000,S1,shuttle,SITE2,V04,D0270,KA01AB1806,logout,1786966200000,1786966260000,25.54,26.12,24,19,closed,true
T007672,1784246400000,S1,shuttle,SITE2,V07,D0150,KA01AB0547,login,1784255400000,1784255460000,14.69,14.88,24,10,closed,true
T007673,1782172800000,S1,cab,SITE3,V04,D0167,KA01AB0505,logout,1782214200000,1782214200000,37.62,42.68,4,3,closed,true
T007674,1785283200000,S1,nodal,SITE1,V12,D0340,KA01AB0106,logout,1785324600000,1785324780000,30.57,32.47,12,4,closed,true
T007675,1782172800000,S1,cab,SITE2,V12,D0053,KA01AB1750,logout,1782214200000,1782214200000,38.64,42.27,4,2,closed,true
T007676,1787011200000,S3,nodal,SITE4,V07,D0294,KA01AB0962,logout,1787009400000,1787009520000,24.92,27.94,12,1,closed,true
T007677,1781827200000,S2,nodal,SITE3,V02,D0224,KA01AB0117,logout,1781890200000,1781890440000,15.96,17.05,12,1,closed,true
T007678,1785888000000,S1,shuttle,SITE4,V06,D0087,KA01AB1951,logout,1785929400000,1785929400000,35.66,34.14,24,13,closed,true
T007679,1788220800000,S3,cab,SITE2,V09,D0027,KA01AB1016,logout,1788219000000,1788219120000,38.16,42.19,4,3,closed,true
T007680,1781740800000,S3,shuttle,SITE2,V06,D0234,KA01AB0760,login,1781796600000,1781796720000,9.25,9.33,24,4,closed,true
T007681,1786320000000,S2,nodal,SITE2,V11,D0155,KA01AB0527,logout,1786383000000,1786383240000,37.75,40.70,12,7,closed,true
T007682,1784160000000,S3,cab,SITE4,V06,D0284,KA01AB0411,logout,1784158200000,1784158200000,35.89,38.51,4,3,closed,true
T007683,1783728000000,S3,shuttle,SITE3,V10,D0081,KA01AB0948,login,1783783800000,1783783800000,27.80,27.02,24,8,closed,true
T007684,1785196800000,S1,cab,SITE1,V07,D0081,KA01AB1525,logout,1785238200000,1785238200000,14.65,16.52,4,2,closed,true
T007685,1783641600000,S1,cab,SITE1,V05,D0109,KA01AB0128,login,1783650600000,1783650840000,37.42,37.60,4,1,closed,true
T007686,1784937600000,S1,cab,SITE4,V07,D0098,KA01AB0187,logout,1784979000000,1784979000000,10.93,10.73,4,2,closed,true
T007687,1782691200000,S2,shuttle,SITE1,V04,D0291,KA01AB1639,logout,1782754200000,1782754260000,27.52,27.93,24,7,closed,false
T007688,1781740800000,S3,shuttle,SITE1,V08,D0232,KA01AB0395,logout,1781739000000,1781739240000,8.58,9.57,24,22,closed,true
T007689,1785974400000,S1,shuttle,SITE3,V01,D0127,KA01AB0924,login,1785983400000,1785983580000,11.35,11.89,24,15,closed,true
T007690,1783641600000,S3,cab,SITE1,V05,D0120,KA01AB1395,logout,1783639800000,1783639920000,39.12,39.89,4,1,closed,true
T007691,1782691200000,S1,nodal,SITE1,V05,D0366,KA01AB0270,login,1782700200000,1782700320000,41.15,45.49,12,1,closed,true
T007692,1785888000000,S1,shuttle,SITE1,V05,D0261,KA01AB0986,logout,1785929400000,1785929640000,13.05,12.58,24,23,closed,true
T007693,1784937600000,S3,cab,SITE4,V02,D0080,KA01AB0027,logout,1784935800000,1784935800000,22.58,25.57,4,4,closed,true
T007694,1788480000000,S2,cab,SITE1,V08,D0028,KA01AB1685,login,1788510600000,1788511620000,19.75,21.17,4,2,closed,true
T007695,1788480000000,S3,nodal,SITE1,V04,D0395,KA01AB1819,login,1788535800000,1788535920000,30.29,30.57,12,12,closed,true
T007696,1786060800000,S1,shuttle,SITE3,V01,D0100,KA01AB1587,login,1786069800000,1786069800000,24.13,23.31,24,14,closed,true
T007697,1785024000000,S1,cab,SITE3,V07,D0216,KA01AB0141,login,1785033000000,1785033240000,23.32,24.18,4,1,closed,true
T007698,1781740800000,S3,cab,SITE4,V09,D0039,KA01AB0990,logout,1781739000000,1781739120000,31.99,31.76,4,1,closed,true
T007699,1784592000000,S2,shuttle,SITE1,V06,D0072,KA01AB0728,login,1784622600000,1784622720000,11.10,11.22,24,22,closed,true
T007700,1781568000000,S1,shuttle,SITE2,V07,D0347,KA01AB0766,login,1781577000000,1781577960000,18.46,20.90,24,13,closed,true
T007701,1783555200000,S2,nodal,SITE1,V10,D0179,KA01AB0259,login,1783585800000,1783585920000,8.16,8.32,12,11,closed,true
T007702,1781049600000,S1,nodal,SITE3,V01,D0365,KA01AB1727,login,1781058600000,1781058720000,38.78,42.81,12,5,closed,true
T007703,1785715200000,S3,shuttle,SITE4,V01,D0044,KA01AB0296,login,1785771000000,1785771240000,28.73,29.43,24,21,closed,true
T007704,1783296000000,S2,shuttle,SITE1,V03,D0331,KA01AB1394,logout,1783359000000,1783359120000,32.73,36.31,24,12,closed,true
T007705,1783123200000,S1,cab,SITE4,V05,D0382,KA01AB1434,login,1783132200000,1783132200000,16.26,18.05,4,2,closed,true
T007706,1782432000000,S1,nodal,SITE3,V07,D0241,KA01AB1129,logout,1782473400000,1782473460000,22.89,23.02,12,11,closed,true
T007707,1784678400000,S2,shuttle,SITE1,V08,D0051,KA01AB0163,login,1784709000000,1784709000000,37.08,36.32,24,22,closed,true
T007708,1784851200000,S3,nodal,SITE4,V12,D0059,KA01AB0720,login,1784907000000,1784907000000,23.27,23.79,12,5,closed,true
T007709,1787011200000,S3,nodal,SITE3,V11,D0086,KA01AB0352,login,1787067000000,1787067180000,28.39,29.44,12,2,closed,true
T007710,1785628800000,S1,cab,SITE2,V12,D0263,KA01AB1844,login,1785637800000,1785637860000,17.34,16.89,4,3,closed,true
T007711,1785715200000,S3,nodal,SITE2,V09,D0056,KA01AB0029,logout,1785713400000,1785713400000,42.43,44.45,12,6,closed,true
T007712,1782777600000,S1,shuttle,SITE3,V09,D0360,KA01AB1125,logout,1782819000000,1782819000000,28.08,30.75,24,22,closed,true
T007713,1785715200000,S2,nodal,SITE1,V08,D0391,KA01AB1216,logout,1785778200000,1785778260000,29.30,27.96,12,2,closed,true
T007714,1785283200000,S1,nodal,SITE1,V07,D0147,KA01AB1737,login,1785292200000,1785292320000,20.61,22.82,12,12,closed,true
T007715,1785369600000,S3,shuttle,SITE3,V12,D0249,KA01AB0078,login,1785425400000,1785425520000,25.13,27.30,24,8,closed,true
T007716,1787616000000,S1,shuttle,SITE2,V12,D0227,KA01AB0411,logout,1787657400000,1787657460000,28.36,28.61,24,20,closed,true
T007717,1782345600000,S3,nodal,SITE4,V07,D0306,KA01AB1247,login,1782401400000,1782401580000,41.83,43.24,12,10,closed,true
T007718,1785801600000,S1,nodal,SITE1,V09,D0200,KA01AB0307,logout,1785843000000,1785845700000,31.25,35.39,12,1,closed,true
T007719,1787961600000,S1,cab,SITE2,V03,D0029,KA01AB1147,login,1787970600000,1787970660000,29.75,29.73,4,1,closed,true
T007720,1783900800000,S2,nodal,SITE1,V07,D0316,KA01AB0545,login,1783931400000,1783931400000,17.13,19.08,12,1,closed,true
T007721,1781827200000,S3,cab,SITE3,V10,D0381,KA01AB1564,login,1781883000000,1781883120000,13.82,15.21,4,1,closed,true
T007722,1784419200000,S2,nodal,SITE3,V05,D0358,KA01AB1409,logout,1784482200000,1784482320000,22.90,22.49,12,2,closed,true
T007723,1784505600000,S2,shuttle,SITE3,V02,D0236,KA01AB1539,login,1784536200000,1784536440000,24.87,26.55,24,12,closed,true
T007724,1787443200000,S3,shuttle,SITE3,V09,D0179,KA01AB0850,login,1787499000000,1787499240000,32.42,36.68,24,15,closed,true
T007725,1784332800000,S3,nodal,SITE1,V10,D0269,KA01AB1413,logout,1784331000000,1784331180000,39.36,41.29,12,4,closed,true
T007726,1782000000000,S2,nodal,SITE1,V11,D0262,KA01AB0202,login,1782030600000,1782030600000,37.43,37.19,12,6,closed,true
T007727,1784764800000,S2,cab,SITE2,V12,D0056,KA01AB1555,login,1784795400000,1784795520000,33.15,35.56,4,3,closed,true
T007728,1786233600000,S2,nodal,SITE4,V10,D0115,KA01AB0161,login,1786264200000,1786264260000,38.90,39.46,12,4,closed,true
T007729,1786665600000,S2,cab,SITE1,V03,D0293,KA01AB0656,login,1786696200000,,24.90,28.08,4,2,open,true
T007730,1781222400000,S2,shuttle,SITE2,V09,D0127,KA01AB1478,login,1781253000000,1781255460000,12.30,14.04,24,17,closed,true
T007731,1782777600000,S1,cab,SITE1,V10,D0137,KA01AB0318,logout,1782819000000,1782819120000,15.26,16.31,4,1,closed,true
T007732,1784419200000,S3,cab,SITE4,V05,D0002,KA01AB0123,logout,1784417400000,1784417760000,34.04,35.06,4,1,closed,true
T007733,1784851200000,S3,cab,SITE2,V01,D0056,KA01AB1719,logout,1784849400000,1784849400000,22.41,24.91,4,1,closed,true
T007734,1782777600000,S1,cab,SITE3,V01,D0277,KA01AB0600,logout,1782819000000,1782819180000,20.26,20.54,4,1,closed,true
T007735,1783296000000,S1,cab,SITE3,V12,D0085,KA01AB1714,login,1783305000000,1783305240000,37.58,42.22,4,3,closed,true
T007736,1781049600000,S2,cab,SITE4,V01,D0021,KA01AB1642,logout,1781112600000,1781112780000,38.04,42.46,4,1,closed,true
T007737,1783728000000,S1,cab,SITE4,V04,D0165,KA01AB0349,logout,1783769400000,1783769640000,35.35,38.58,4,1,closed,true
T007738,1781913600000,S3,shuttle,SITE2,V06,D0060,KA01AB1168,logout,1781911800000,1781912040000,20.31,20.93,24,22,closed,true
T007739,1788134400000,S2,nodal,SITE4,V09,D0394,KA01AB1067,login,1788165000000,1788165120000,13.40,15.15,12,10,closed,true
T007740,1780790400000,S3,cab,SITE3,V04,D0139,KA01AB0650,logout,1780788600000,1780789020000,23.12,22.41,4,3,closed,true
T007741,1787443200000,S2,cab,SITE2,V12,D0032,KA01AB0760,logout,1787506200000,1787506380000,15.01,15.13,4,1,closed,true
T007742,1785456000000,S2,cab,SITE2,V11,D0061,KA01AB0092,login,1785486600000,1785486600000,37.65,41.64,4,1,closed,true
T007743,1782777600000,S2,cab,SITE4,V06,D0058,KA01AB1945,login,1782808200000,1782808440000,20.90,20.93,4,1,closed,true
T007744,1783382400000,S2,nodal,SITE3,V07,D0074,KA01AB1691,logout,1783445400000,1783445520000,11.53,13.12,12,2,closed,false
T007745,1785283200000,S3,cab,SITE1,V01,D0385,KA01AB0427,logout,1785281400000,1785281400000,42.38,45.47,4,3,closed,true
T007746,1782864000000,S1,nodal,SITE4,V10,D0321,KA01AB1420,login,1782873000000,1782873000000,36.27,39.40,12,3,closed,true
T007747,1786838400000,S2,shuttle,SITE4,V03,D0167,KA01AB1373,login,1786869000000,1786869120000,22.90,23.58,24,9,closed,true
T007748,1784073600000,S3,cab,SITE1,V10,D0241,KA01AB1786,login,1784129400000,1784129580000,41.01,46.10,4,3,closed,true
T007749,1784419200000,S1,cab,SITE2,V10,D0297,KA01AB1595,login,1784428200000,1784428320000,34.93,35.49,4,3,closed,true
T007750,1787529600000,S1,nodal,SITE1,V11,D0337,KA01AB0975,login,1787538600000,1787541120000,10.18,10.49,12,4,closed,true
T007751,1785110400000,S2,shuttle,SITE2,V06,D0360,KA01AB1438,login,1785141000000,1785141360000,19.30,18.55,24,8,closed,true
T007752,1787184000000,S1,shuttle,SITE1,V03,D0208,KA01AB1945,logout,1787225400000,1787225580000,42.69,41.10,24,10,closed,true
T007753,1783036800000,S1,shuttle,SITE2,V03,D0378,KA01AB1759,login,1783045800000,1783045980000,12.42,13.06,24,22,closed,true
T007754,1786752000000,S1,nodal,SITE3,V09,D0353,KA01AB0353,logout,1786793400000,1786793640000,13.13,12.89,12,7,closed,true
T007755,1781740800000,S2,nodal,SITE1,V02,D0224,KA01AB1194,logout,1781803800000,1781803800000,22.79,23.13,12,10,closed,true
T007756,1780876800000,S1,shuttle,SITE4,V09,D0372,KA01AB1202,logout,1780918200000,1780918380000,9.86,9.44,24,24,closed,true
T007757,1781654400000,S2,cab,SITE3,V10,D0118,KA01AB1973,login,1781685000000,1781685240000,33.96,32.92,4,2,closed,true
T007758,1781395200000,S3,shuttle,SITE1,V03,D0376,KA01AB0356,logout,1781393400000,1781393460000,10.92,11.70,24,16,closed,true
T007759,1780963200000,S3,nodal,SITE1,V05,D0222,KA01AB1659,logout,1780961400000,1780961460000,9.96,11.10,12,12,closed,true
T007760,1783641600000,S2,shuttle,SITE3,V03,D0048,KA01AB0063,logout,1783704600000,1783704840000,40.30,41.03,24,9,closed,true
T007761,1787702400000,S1,nodal,SITE4,V10,D0156,KA01AB1398,logout,1787743800000,1787746260000,22.67,24.10,12,3,closed,true
T007762,1786838400000,S2,cab,SITE1,V12,D0344,KA01AB1787,login,1786869000000,1786869120000,8.38,8.12,4,3,closed,true
T007763,1787270400000,S1,shuttle,SITE2,V03,D0058,KA01AB0047,logout,1787311800000,1787311920000,29.11,28.48,24,15,closed,true
T007764,1787184000000,S3,cab,SITE1,V09,D0358,KA01AB0006,login,1787239800000,1787240340000,26.38,28.25,4,1,closed,true
T007765,1786147200000,S1,shuttle,SITE1,V05,D0130,KA01AB1556,login,1786156200000,1786156380000,14.28,15.44,24,4,closed,true
T007766,1787875200000,S1,cab,SITE3,V09,D0227,KA01AB1934,login,1787884200000,1787884740000,40.57,45.95,4,3,closed,true,UNEXPECTED_EXTRA_FIELD
T007767,1788048000000,S2,shuttle,SITE3,V07,D0005,KA01AB0205,login,1788078600000,1788080280000,13.30,14.88,24,16,closed,true
T007768,1788307200000,S3,nodal,SITE1,V07,D0313,KA01AB0880,logout,1788305400000,1788305640000,33.19,37.96,12,5,closed,true
T007769,1787356800000,S2,cab,SITE1,V07,D0002,KA01AB1758,login,1787387400000,1787388900000,32.35,33.99,4,4,closed,true
T007770,1782432000000,S1,nodal,SITE2,V10,D0243,KA01AB0512,logout,1782473400000,1782473520000,19.35,19.44,12,2,closed,true
T007771,1783728000000,S2,cab,SITE3,V09,D0302,KA01AB0682,logout,1783791000000,1783791120000,16.58,16.76,4,1,closed,true
T007772,1786147200000,S1,nodal,SITE4,V08,D0138,KA01AB1936,logout,1786188600000,1786188600000,17.47,19.32,12,2,closed,true
T007773,1783555200000,S1,shuttle,SITE4,V07,D0223,KA01AB1971,logout,1783596600000,1783596840000,40.98,43.58,24,21,closed,true
T007774,1786838400000,S1,cab,SITE3,V12,D0103,KA01AB0910,logout,1786879800000,1786879860000,42.97,42.76,4,2,closed,true
T007775,1788220800000,S3,nodal,SITE1,V05,D0128,KA01AB0690,logout,1788219000000,1788221280000,27.92,29.57,12,3,closed,true
T007776,1781136000000,S1,cab,SITE1,V01,D0096,KA01AB0085,login,1781145000000,1781145000000,33.27,34.13,4,4,closed,true
T007777,1783209600000,S2,nodal,SITE2,V09,D0289,KA01AB1876,login,1783240200000,1783240440000,39.41,42.00,12,7,closed,true
T007778,1783382400000,S1,cab,SITE4,V05,D0137,KA01AB0675,login,1783391400000,1783391520000,42.92,46.29,4,3,closed,true
T007779,1785542400000,S3,cab,SITE1,V10,D0179,KA01AB0228,logout,1785540600000,1785540720000,26.98,30.49,4,4,closed,true
T007780,1783296000000,S1,nodal,SITE1,V04,D0180,KA01AB1525,login,1783305000000,1783305120000,32.28,30.86,12,2,closed,true
T007781,1787961600000,S2,cab,SITE4,V03,D0353,KA01AB1379,logout,1788024600000,1788024600000,26.78,26.96,4,2,closed,true
T007782,1786233600000,S1,shuttle,SITE2,V05,D0229,KA01AB0799,login,1786242600000,1786242780000,22.26,23.16,24,14,closed,true
T007783,1784419200000,S3,nodal,SITE2,V11,D0031,KA01AB0342,login,1784475000000,1784475240000,12.76,14.28,12,3,closed,true
T007784,1785110400000,S2,shuttle,SITE1,V03,D0039,KA01AB1808,login,1785141000000,1785141000000,28.11,29.99,24,22,closed,true
T007785,1785542400000,S2,shuttle,SITE4,V11,D0251,KA01AB1810,login,1785573000000,1785573180000,26.45,29.86,24,13,closed,true
T007786,1783555200000,S1,cab,SITE3,V10,D0303,KA01AB0565,login,1783564200000,1783565160000,14.41,15.19,4,1,closed,true
T007787,1786924800000,S1,nodal,SITE4,V02,D0117,KA01AB0714,login,1786933800000,1786933800000,17.33,18.53,12,1,closed,true
T007788,1781481600000,S3,cab,SITE4,V12,D0192,KA01AB1970,logout,1781479800000,1781479980000,16.86,19.05,4,2,closed,true
T007789,1785715200000,S1,nodal,SITE4,V09,D0089,KA01AB0965,logout,1785756600000,1785758160000,24.75,26.96,12,6,closed,true
T007790,1786147200000,S1,nodal,SITE3,V05,D0017,KA01AB0497,logout,1786188600000,1786188660000,23.77,25.14,12,7,closed,true
T007791,1783209600000,S2,nodal,SITE1,V10,D0328,KA01AB0369,login,1783240200000,1783240860000,28.55,31.11,12,7,closed,true
T007792,1786838400000,S3,cab,SITE4,V09,D0145,KA01AB1807,logout,1786836600000,1786836660000,16.71,17.27,4,3,closed,true
T007793,1788048000000,S1,cab,SITE2,V02,D0268,KA01AB1243,login,1788057000000,,16.55,16.56,4,1,open,true
T007794,1780876800000,S3,cab,SITE3,V07,D0016,KA01AB0360,logout,1780875000000,1780875180000,33.24,33.92,4,4,closed,true
T007795,1782691200000,S1,cab,SITE4,V12,D0318,KA01AB1004,login,1782700200000,1782700260000,38.95,37.36,4,1,closed,true
T007796,1785801600000,S1,cab,SITE2,V09,D0145,KA01AB1824,login,1785810600000,1785810720000,8.16,7.87,4,4,closed,true
T007797,1785888000000,S1,shuttle,SITE3,V06,D0285,KA01AB0394,logout,1785929400000,1785929640000,21.86,23.64,24,15,closed,true
T007798,1784160000000,S1,shuttle,SITE2,V09,D0283,KA01AB1036,logout,1784201400000,1784201640000,15.14,15.65,24,22,closed,true
T007799,1783468800000,S3,shuttle,SITE4,V06,D0158,KA01AB1374,logout,1783467000000,1783467240000,18.34,17.72,24,24,closed,true
T007800,1782691200000,S1,shuttle,SITE1,V06,D0331,KA01AB1137,login,1782700200000,1782700440000,33.43,36.62,24,6,closed,true
T007801,1781654400000,S1,shuttle,SITE4,V08,D0295,KA01AB0477,login,1781663400000,1781663580000,16.25,17.48,24,13,closed,true
T007802,1785801600000,S3,shuttle,SITE1,V07,D0043,KA01AB1199,logout,1785799800000,1785799860000,10.22,9.95,24,17,closed,true
T007803,1784332800000,S2,shuttle,SITE2,V09,D0303,KA01AB1245,logout,1784395800000,1784395800000,16.99,16.55,24,13,closed,true
T007804,1784419200000,S2,nodal,SITE2,V12,D0270,KA01AB0869,logout,1784482200000,1784482380000,30.55,34.66,12,2,closed,true
T007805,1783555200000,S3,cab,SITE2,V05,D0399,KA01AB1139,logout,1783553400000,1783553520000,29.43,32.23,4,4,closed,false
T007806,1783900800000,S3,nodal,SITE4,V03,D0396,KA01AB0286,logout,1783899000000,1783899180000,10.76,11.48,12,4,closed,true
T007807,1787097600000,S1,cab,SITE3,V11,D0324,KA01AB1700,login,1787106600000,1787106720000,41.01,45.31,4,4,closed,true
T007808,1787270400000,S2,nodal,SITE2,V12,D0200,KA01AB0130,logout,1787333400000,1787333400000,13.02,14.84,12,11,closed,true
T007809,1782345600000,S3,cab,SITE4,V02,D0281,KA01AB0668,login,1782401400000,1782401400000,10.51,10.67,4,4,closed,true
T007810,1780963200000,S1,nodal,SITE4,V09,D0302,KA01AB0853,login,1780972200000,1780974540000,24.69,27.81,12,5,closed,true
T007811,1786752000000,S3,shuttle,SITE3,V08,D0383,KA01AB0219,logout,1786750200000,1786750200000,37.44,42.15,24,16,closed,true
T007812,1788220800000,S2,shuttle,SITE2,V02,D0363,KA01AB1898,login,1788251400000,1788251640000,29.16,29.62,24,10,closed,true
T007813,1783641600000,S1,shuttle,SITE2,V04,D0109,KA01AB1908,login,1783650600000,1783650600000,8.15,8.24,24,11,closed,true
T007814,1780876800000,S2,shuttle,SITE4,V06,D0294,KA01AB1017,logout,1780939800000,1780939920000,30.48,29.04,24,18,closed,true
T007815,1783728000000,S3,nodal,SITE2,V02,D0121,KA01AB1897,login,1783783800000,1783785780000,31.22,31.14,12,4,closed,true
T007816,1787788800000,S1,nodal,SITE3,V09,D0180,KA01AB1032,logout,1787830200000,1787830440000,14.43,14.09,12,3,closed,true
T007817,1785974400000,S2,nodal,SITE3,V12,D0257,KA01AB0958,login,1786005000000,1786005060000,35.59,38.26,12,9,closed,true
T007818,1788220800000,S2,shuttle,SITE3,V08,D0385,KA01AB0772,logout,1788283800000,1788283980000,31.71,35.80,24,23,closed,true
T007819,1784073600000,S1,shuttle,SITE4,V12,D0354,KA01AB1904,login,1784082600000,1784082720000,41.01,46.63,24,8,closed,true
T007820,1788048000000,S3,shuttle,SITE1,V03,D0251,KA01AB0966,logout,1788046200000,,34.56,35.93,24,6,open,true
T007821,1785888000000,S1,shuttle,SITE4,V11,D0369,KA01AB0282,logout,1785929400000,1785929580000,11.83,12.87,24,4,closed,true
T007822,1783468800000,S2,cab,SITE2,V06,D0376,KA01AB1947,login,1783499400000,1783499400000,31.82,33.83,4,4,closed,true
T007823,1784505600000,S1,nodal,SITE4,V08,D0340,KA01AB1114,logout,1784547000000,1784547060000,12.20,13.40,12,11,closed,true
T007824,1786665600000,S3,cab,SITE1,V10,D0393,KA01AB0568,logout,1786663800000,1786665840000,9.27,9.16,4,1,closed,true
T007825,1786838400000,S3,nodal,SITE4,V04,D0155,KA01AB1751,logout,1786836600000,1786836600000,19.76,19.98,12,6,closed,true
T007826,1780790400000,S1,shuttle,SITE1,V06,D0227,KA01AB0699,login,1780799400000,1780799640000,16.13,17.99,24,2,closed,true
T007827,1787529600000,S1,nodal,SITE3,V02,D0200,KA01AB1468,login,1787538600000,1787538660000,40.11,40.21,12,5,closed,true
T007828,1782086400000,S3,nodal,SITE2,V10,D0223,KA01AB1642,logout,1782084600000,1782084720000,31.52,33.04,12,2,closed,true
T007829,1782518400000,S2,cab,SITE3,V06,D0186,KA01AB1757,logout,1782581400000,1782581460000,35.15,40.13,4,3,closed,true
T007830,1784937600000,S1,shuttle,SITE2,V05,D0049,KA01AB0748,login,1784946600000,1784946780000,8.83,8.48,24,8,closed,true
T007831,1787097600000,S1,nodal,SITE1,V10,D0339,KA01AB1968,logout,1787139000000,1787139240000,42.35,44.02,12,7,closed,true
T007832,1786320000000,S3,shuttle,SITE4,V09,D0147,KA01AB1130,logout,1786318200000,1786318200000,33.12,36.74,24,20,closed,true
T007833,1786147200000,S1,shuttle,SITE1,V02,D0208,KA01AB1897,logout,1786188600000,1786188780000,38.38,37.43,24,14,closed,true
T007834,1780790400000,S1,nodal,SITE2,V09,D0374,KA01AB1478,logout,1780831800000,1780831860000,19.04,20.51,12,3,closed,true
T007835,1788048000000,S1,cab,SITE2,V10,D0350,KA01AB0939,login,1788057000000,1788058080000,18.41,20.01,4,1,closed,true
T007836,1788048000000,S2,shuttle,SITE3,V11,D0161,KA01AB0665,login,1788078600000,1788078840000,31.11,32.98,24,2,closed,true
T007837,1786579200000,S3,nodal,SITE4,V04,D0179,KA01AB1220,logout,1786577400000,1786577640000,14.79,14.98,12,9,closed,true
T007838,1787184000000,S1,shuttle,SITE4,V09,D0093,KA01AB0702,login,1787193000000,1787193180000,27.17,27.35,24,2,closed,true
T007839,1780876800000,S2,shuttle,SITE4,V10,D0247,KA01AB1324,login,1780907400000,1780907460000,22.56,25.66,24,12,closed,true
T007840,1786924800000,S3,cab,SITE3,V06,D0107,KA01AB0787,logout,1786923000000,1786923120000,16.89,16.07,4,4,closed,true
T007841,1786665600000,S1,nodal,SITE4,V11,D0208,KA01AB0831,logout,1786707000000,1786709580000,26.45,27.19,12,2,closed,true
T007842,1782000000000,S1,nodal,SITE4,V04,D0289,KA01AB0820,login,1782009000000,1782009180000,42.68,46.95,12,12,closed,true
T007843,1782864000000,S2,nodal,SITE1,V11,D0324,KA01AB1057,logout,1782927000000,1782927180000,32.11,34.61,12,2,closed,false
T007844,1782950400000,S3,cab,SITE4,V03,D0129,KA01AB0930,logout,1782948600000,1782948600000,14.35,15.70,4,4,closed,true
T007845,1782691200000,S2,nodal,SITE1,V03,D0073,KA01AB0350,login,1782721800000,1782721980000,41.42,45.59,12,6,closed,true
T007846,1787875200000,S1,shuttle,SITE4,V04,D0104,KA01AB1996,logout,1787916600000,1787916600000,12.64,14.35,24,8,closed,true
T007847,1780876800000,S1,cab,SITE4,V01,D0156,KA01AB1963,login,1780885800000,1780885980000,25.66,28.55,4,2,closed,true
T007848,1781913600000,S3,cab,SITE1,V06,D0138,KA01AB1190,logout,1781911800000,1781911860000,34.76,38.23,4,4,closed,false
T007849,1781308800000,S2,nodal,SITE1,V01,D0046,KA01AB1895,login,1781339400000,1781339580000,23.80,27.00,12,2,closed,true
T007850,1785542400000,S1,nodal,SITE3,V06,D0204,KA01AB0863,login,1785551400000,1785551460000,12.69,14.45,12,6,closed,true
T007851,1782691200000,S2,nodal,SITE4,V08,D0068,KA01AB0493,logout,1782754200000,1782754380000,40.23,41.43,12,3,closed,true
T007852,1786665600000,S3,nodal,SITE4,V11,D0384,KA01AB0326,login,1786721400000,1786724100000,28.77,32.49,12,12,closed,true
T007853,1786060800000,S1,nodal,SITE1,V07,D0008,KA01AB0549,login,1786069800000,1786069800000,41.01,45.89,12,4,closed,true
T007854,1787875200000,S2,shuttle,SITE2,V03,D0297,KA01AB0475,logout,1787938200000,1787938380000,29.01,30.94,24,24,closed,true
T007855,1786924800000,S1,cab,SITE2,V11,D0092,KA01AB0479,logout,1786966200000,1786966200000,16.60,17.22,4,3,closed,true
T007856,1782345600000,S2,cab,SITE3,V07,D0396,KA01AB0728,logout,1782408600000,1782408720000,14.57,14.20,4,1,closed,true
T007857,1788134400000,S3,nodal,SITE1,V08,D0229,KA01AB0198,logout,1788132600000,1788134820000,28.86,32.55,12,6,closed,true
T007858,1783036800000,S3,shuttle,SITE3,V03,D0051,KA01AB1109,login,1783092600000,1783092780000,39.07,43.82,24,12,closed,true
T007859,1786492800000,S1,shuttle,SITE1,V01,D0299,KA01AB1763,login,1786501800000,1786501920000,16.00,16.57,24,23,closed,true
T007860,1788307200000,S3,shuttle,SITE3,V05,D0315,KA01AB1442,login,1788363000000,1788363240000,41.25,39.19,24,6,closed,true
T007861,1788307200000,S1,cab,SITE4,V07,D0331,KA01AB1411,login,1788316200000,1788316200000,30.92,34.36,4,1,closed,true
T007862,1784419200000,S2,shuttle,SITE2,V02,D0319,KA01AB1499,logout,1784482200000,1784482380000,30.92,32.59,24,19,closed,true
T007863,1787097600000,S1,shuttle,SITE2,V08,D0046,KA01AB1893,login,1787106600000,1787106840000,13.44,13.95,24,6,closed,true
T007864,1783555200000,S3,cab,SITE1,V11,D0038,KA01AB0187,login,1783611000000,1783611060000,11.47,11.41,4,4,closed,true
T007865,1787011200000,S3,nodal,SITE3,V05,D0190,KA01AB0160,logout,1787009400000,1787009460000,26.49,30.43,12,10,closed,true
T007866,1786924800000,S3,shuttle,SITE2,V11,D0216,KA01AB1476,login,1786980600000,1786980780000,38.15,42.75,24,12,closed,true,UNEXPECTED_EXTRA_FIELD
T007867,1783728000000,S3,cab,SITE4,V11,D0303,KA01AB0613,logout,1783726200000,1783726200000,18.13,18.86,4,4,closed,true
T007868,1786579200000,S2,shuttle,SITE2,V09,D0214,KA01AB1262,login,1786609800000,1786609800000,15.65,17.65,24,16,closed,true
T007869,1783296000000,S1,nodal,SITE1,V03,D0389,KA01AB1712,login,1783305000000,1783305000000,9.10,9.64,12,2,closed,true
T007870,1784160000000,S3,shuttle,SITE3,V08,D0368,KA01AB0409,logout,1784158200000,1784158260000,9.12,9.49,24,17,closed,true,UNEXPECTED_EXTRA_FIELD
T007871,1781654400000,S1,cab,SITE1,V01,D0223,KA01AB1410,logout,1781695800000,1781695920000,38.90,39.71,4,3,closed,true
T007872,1787443200000,S3,shuttle,SITE2,V09,D0223,KA01AB1560,logout,1787441400000,,40.74,44.67,24,7,open,true
T007873,1783382400000,S3,shuttle,SITE2,V08,D0254,KA01AB1049,logout,1783380600000,1783382700000,16.29,17.80,24,14,closed,true
T007874,1787443200000,S1,cab,SITE1,V11,D0167,KA01AB1263,login,1787452200000,1787452260000,27.16,30.89,4,2,closed,true
T007875,1785888000000,S3,cab,SITE4,V02,D0163,KA01AB0880,logout,1785886200000,1785887160000,20.34,19.76,4,2,closed,true
T007876,1781136000000,S1,nodal,SITE2,V07,D0294,KA01AB1700,login,1781145000000,1781145120000,12.72,13.16,12,9,closed,true
T007877,1787788800000,S1,shuttle,SITE2,V10,D0193,KA01AB0041,login,1787797800000,1787798160000,22.83,25.18,24,19,closed,true
T007878,1785801600000,S3,nodal,SITE1,V06,D0003,KA01AB0863,logout,1785799800000,1785799800000,36.11,36.25,12,1,closed,true
T007879,1785801600000,S1,cab,SITE4,V09,D0386,KA01AB0926,logout,1785843000000,1785843120000,35.10,38.66,4,4,closed,true
T007880,1785283200000,S3,shuttle,SITE1,V02,D0176,KA01AB0620,logout,1785281400000,1785283680000,27.91,27.16,24,13,closed,true
T007881,1788307200000,S2,nodal,SITE3,V08,D0133,KA01AB1561,logout,1788370200000,1788372900000,20.53,21.09,12,2,closed,true
T007882,1785715200000,S1,shuttle,SITE1,V05,D0279,KA01AB1414,login,1785724200000,,15.81,15.38,24,17,open,true
T007883,1787097600000,S3,cab,SITE4,V02,D0370,KA01AB0590,login,1787153400000,1787153580000,18.75,20.00,4,3,closed,true
T007884,1786665600000,S1,nodal,SITE2,V09,D0022,KA01AB1104,login,1786674600000,1786674840000,34.05,37.31,12,12,closed,true
T007885,1785974400000,S2,shuttle,SITE2,V02,D0037,KA01AB0228,logout,1786037400000,1786037520000,40.21,45.31,24,6,closed,true
T007886,1786579200000,S2,shuttle,SITE4,V01,D0281,KA01AB0684,logout,1786642200000,1786642320000,35.85,36.46,24,19,closed,true
T007887,1784678400000,S1,cab,SITE2,V01,D0363,KA01AB1093,logout,1784719800000,1784719920000,12.75,13.72,4,1,closed,true
T007888,1787702400000,S2,nodal,SITE2,V04,D0016,KA01AB0463,login,1787733000000,1787733180000,31.70,30.24,12,11,closed,true
T007889,1787270400000,S3,cab,SITE2,V02,D0313,KA01AB1257,logout,1787268600000,1787268840000,36.60,41.18,4,3,closed,true
T007890,1786233600000,S2,shuttle,SITE1,V02,D0233,KA01AB0292,login,1786264200000,1786264200000,19.38,19.63,24,23,closed,true
T007891,1787875200000,S1,shuttle,SITE3,V08,D0019,KA01AB0265,logout,1787916600000,1787917380000,29.05,31.98,24,21,closed,true
T007892,1782259200000,S1,shuttle,SITE3,V07,D0022,KA01AB1887,login,1782268200000,1782268380000,8.86,10.15,24,24,closed,true
T007893,1781222400000,S1,cab,SITE3,V05,D0127,KA01AB1560,login,1781231400000,1781231520000,18.73,20.40,4,1,closed,true
T007894,1784937600000,S1,shuttle,SITE2,V01,D0009,KA01AB1079,login,1784946600000,1784946660000,16.72,18.23,24,1,closed,true
T007895,1783036800000,S1,nodal,SITE4,V09,D0272,KA01AB0626,logout,1783078200000,1783078200000,28.90,30.64,12,12,closed,true
T007896,1784678400000,S2,cab,SITE4,V11,D0105,KA01AB0483,logout,1784741400000,1784741580000,30.92,30.85,4,3,closed,true
T007897,1784678400000,S2,shuttle,SITE1,V02,D0099,KA01AB1861,logout,1784741400000,1784741400000,31.96,33.37,24,7,closed,true
T007898,1785024000000,S1,nodal,SITE2,V11,D0260,KA01AB1583,login,1785033000000,1785033060000,29.08,31.21,12,8,closed,true
T007899,1785024000000,S2,cab,SITE2,V02,D0163,KA01AB0332,logout,1785087000000,1785088620000,17.54,18.68,4,3,closed,true
T007900,1785542400000,S2,shuttle,SITE3,V04,D0027,KA01AB0476,logout,1785605400000,1785605400000,20.98,20.56,24,11,closed,true
T007901,1783555200000,S3,cab,SITE1,V02,D0056,KA01AB0902,login,1783611000000,1783611240000,9.20,9.73,4,1,closed,true
T007902,1782864000000,S2,cab,SITE3,V12,D0003,KA01AB1851,logout,1782927000000,1782928440000,33.25,35.59,4,4,closed,true
T007903,1784246400000,S1,nodal,SITE2,V01,D0330,KA01AB1096,login,1784255400000,1784255520000,32.80,33.07,12,11,closed,true
T007904,1785801600000,S3,nodal,SITE4,V05,D0173,KA01AB1002,login,1785857400000,1785857520000,23.76,23.36,12,5,closed,true
T007905,1785024000000,S3,cab,SITE2,V04,D0052,KA01AB1486,logout,1785022200000,1785022380000,26.25,26.54,4,3,closed,true
T007906,1787616000000,S1,cab,SITE3,V12,D0217,KA01AB1719,login,1787625000000,1787625060000,35.05,38.72,4,1,closed,true
T007907,1782345600000,S1,nodal,SITE1,V12,D0176,KA01AB0945,logout,1782387000000,1782387000000,27.66,27.81,12,11,closed,true
T007908,1787356800000,S2,shuttle,SITE4,V08,D0309,KA01AB1604,login,1787387400000,1787387580000,35.92,36.96,24,17,closed,true
T007909,1784937600000,S3,cab,SITE3,V03,D0263,KA01AB0525,login,1784993400000,1784995260000,19.02,20.01,4,1,closed,true
T007910,1787529600000,S2,cab,SITE4,V04,D0324,KA01AB0072,login,1787560200000,1787560440000,19.22,18.40,4,2,closed,true
T007911,1782259200000,S2,shuttle,SITE1,V09,D0026,KA01AB0392,login,1782289800000,1782291180000,20.88,19.92,24,16,closed,true
T007912,1783468800000,S2,shuttle,SITE2,V04,D0305,KA01AB1295,login,1783499400000,1783499520000,38.87,41.35,24,19,closed,true
T007913,1787184000000,S2,nodal,SITE4,V05,D0359,KA01AB1932,login,1787214600000,1787214660000,34.28,35.02,12,10,closed,true
T007914,1782777600000,S3,nodal,SITE1,V03,D0275,KA01AB1639,login,1782833400000,1782833580000,40.17,41.58,12,2,closed,true
T007915,1788393600000,S1,nodal,SITE4,V12,D0174,KA01AB0992,login,1788402600000,1788404880000,12.19,13.38,12,1,closed,true
T007916,1783555200000,S2,shuttle,SITE4,V09,D0098,KA01AB1948,login,1783585800000,1783585980000,30.24,29.49,24,3,closed,true
T007917,1788048000000,S3,cab,SITE2,V05,D0019,KA01AB0487,login,1788103800000,1788106440000,20.98,20.51,4,2,closed,true
T007918,1782086400000,S3,nodal,SITE4,V08,D0371,KA01AB0698,login,1782142200000,1782143700000,36.74,39.21,12,5,closed,true
T007919,1781481600000,S1,cab,SITE2,V05,D0350,KA01AB1209,logout,1781523000000,1781523120000,11.61,11.57,4,2,closed,true
T007920,1781654400000,S3,nodal,SITE4,V06,D0168,KA01AB0038,logout,1781652600000,1781653080000,31.59,31.87,12,5,closed,true
T007921,1786320000000,S1,cab,SITE2,V07,D0170,KA01AB0772,login,1786329000000,1786329240000,19.83,21.24,4,3,closed,true
T007922,1785715200000,S3,nodal,SITE1,V07,D0302,KA01AB1873,logout,1785713400000,,40.00,40.86,12,7,open,false
T007923,1783728000000,S1,shuttle,SITE3,V01,D0301,KA01AB0678,login,1783737000000,1783737120000,31.58,32.78,24,2,closed,true
T007924,1780790400000,S1,cab,SITE3,V03,D0200,KA01AB0619,login,1780799400000,1780799400000,41.76,47.36,4,2,closed,true
T007925,1782691200000,S2,cab,SITE1,V07,D0319,KA01AB0561,logout,1782754200000,1782754440000,14.68,15.32,4,1,closed,true
T007926,1787616000000,S3,shuttle,SITE2,V06,D0178,KA01AB0063,login,1787671800000,1787671860000,27.66,27.55,24,24,closed,true
T007927,1787875200000,S2,nodal,SITE3,V03,D0102,KA01AB1773,logout,1787938200000,1787938200000,28.56,29.55,12,5,closed,true
T007928,1786838400000,S1,nodal,SITE4,V09,D0311,KA01AB1591,logout,1786879800000,1786879920000,27.14,26.62,12,9,closed,true
T007929,1785456000000,S1,shuttle,SITE3,V02,D0209,KA01AB1325,logout,1785497400000,1785497460000,25.98,27.57,24,1,closed,true
T007930,1785801600000,S2,shuttle,SITE4,V09,D0255,KA01AB0151,login,1785832200000,,40.62,43.61,24,5,open,true
T007931,1785456000000,S1,nodal,SITE4,V07,D0070,KA01AB0759,logout,1785497400000,1785497580000,9.13,9.65,12,11,closed,true
T007932,1788480000000,S3,cab,SITE3,V01,D0003,KA01AB0084,login,1788535800000,,31.27,30.19,4,4,open,true
T007933,1787011200000,S2,cab,SITE2,V03,D0209,KA01AB1825,logout,1787074200000,1787074260000,21.50,21.53,4,4,closed,true
T007934,1786060800000,S1,shuttle,SITE4,V07,D0272,KA01AB1336,login,1786069800000,1786070040000,17.30,18.16,24,14,closed,true
T007935,1785715200000,S1,nodal,SITE4,V04,D0033,KA01AB0024,login,1785724200000,1785726120000,26.18,29.64,12,7,closed,true
T007936,1784505600000,S2,shuttle,SITE4,V05,D0238,KA01AB1494,logout,1784568600000,1784570160000,31.53,35.20,24,17,closed,true
T007937,1782345600000,S2,cab,SITE2,V09,D0249,KA01AB1041,logout,1782408600000,1782408720000,26.95,29.38,4,3,closed,true
T007938,1786406400000,S3,shuttle,SITE1,V08,D0089,KA01AB0707,login,1786462200000,1786462440000,8.31,8.22,24,4,closed,true
T007939,1785801600000,S2,nodal,SITE2,V09,D0227,KA01AB0488,logout,1785864600000,1785864660000,15.45,14.89,12,8,closed,true
T007940,1784851200000,S2,shuttle,SITE4,V06,D0315,KA01AB0697,login,1784881800000,1784881980000,26.45,25.56,24,5,closed,true
T007941,1782172800000,S2,nodal,SITE2,V10,D0338,KA01AB0426,logout,1782235800000,1782235980000,9.50,9.05,12,1,closed,true
T007942,1782864000000,S1,shuttle,SITE2,V03,D0051,KA01AB1713,logout,1782905400000,1782905640000,12.13,13.18,24,11,closed,true
T007943,1785283200000,S1,nodal,SITE1,V07,D0125,KA01AB0607,logout,1785324600000,1785324840000,38.20,42.70,12,5,closed,true
T007944,1786579200000,S1,cab,SITE4,V08,D0342,KA01AB0726,logout,1786620600000,1786620660000,41.02,41.19,4,1,closed,true
T007945,1781481600000,S2,nodal,SITE1,V10,D0187,KA01AB1666,login,1781512200000,1781512200000,33.17,33.14,12,6,closed,true
T007946,1783296000000,S3,shuttle,SITE4,V11,D0165,KA01AB1218,logout,1783294200000,1783296540000,16.39,16.52,24,3,closed,true
T007947,1782691200000,S3,shuttle,SITE4,V01,D0328,KA01AB0349,logout,1782689400000,1782689520000,36.96,42.03,24,23,closed,true
T007948,1785801600000,S3,cab,SITE1,V10,D0281,KA01AB0336,login,1785857400000,1785860040000,15.42,16.73,4,3,closed,true
T007949,1783641600000,S3,nodal,SITE3,V05,D0240,KA01AB1372,login,1783697400000,1783697520000,26.63,29.31,12,10,closed,true
T007950,1781654400000,S3,nodal,SITE4,V08,D0189,KA01AB0023,logout,1781652600000,1781652660000,22.72,24.22,12,5,closed,true
T007951,1780790400000,S2,nodal,SITE2,V04,D0074,KA01AB1570,login,1780821000000,1780822080000,19.19,18.33,12,5,closed,true
T007952,1784073600000,S1,cab,SITE2,V02,D0017,KA01AB1929,login,1784082600000,1784082780000,12.48,13.89,4,3,closed,true
T007953,1786060800000,S1,nodal,SITE2,V03,D0051,KA01AB1019,logout,1786102200000,1786102380000,10.94,10.53,12,11,closed,true
T007954,1782172800000,S2,cab,SITE4,V05,D0006,KA01AB1288,login,1782203400000,1782203640000,32.41,36.78,4,2,closed,true
T007955,1784160000000,S1,nodal,SITE4,V07,D0311,KA01AB0089,login,1784169000000,1784169000000,23.34,26.19,12,4,closed,true
T007956,1781222400000,S1,cab,SITE4,V01,D0398,KA01AB0345,login,1781231400000,1781231460000,23.75,25.43,4,4,closed,true
T007957,1785974400000,S3,nodal,SITE3,V12,D0007,KA01AB1164,login,1786030200000,1786030260000,13.29,13.26,12,9,closed,true
T007958,1787097600000,S3,nodal,SITE4,V09,D0073,KA01AB0917,logout,1787095800000,1787096040000,10.79,12.00,12,2,closed,true
T007959,1783382400000,S2,nodal,SITE2,V05,D0095,KA01AB0136,login,1783413000000,1783413180000,12.70,12.91,12,5,closed,true
T007960,1787011200000,S2,shuttle,SITE3,V12,D0121,KA01AB1935,login,1787041800000,1787042040000,35.79,35.48,24,4,closed,true
T007961,1781568000000,S1,cab,SITE4,V08,D0037,KA01AB0807,logout,1781609400000,1781609580000,42.57,41.33,4,1,closed,true
T007962,1786492800000,S2,shuttle,SITE2,V02,D0059,KA01AB0087,logout,1786555800000,1786557600000,18.91,19.37,24,1,closed,true
T007963,1783900800000,S1,shuttle,SITE4,V02,D0030,KA01AB1119,login,1783909800000,1783909860000,40.81,42.09,24,4,closed,true
T007964,1781827200000,S1,cab,SITE1,V08,D0337,KA01AB0910,login,1781836200000,1781838300000,16.42,17.59,4,3,closed,true
T007965,1781395200000,S3,nodal,SITE2,V12,D0165,KA01AB1484,logout,1781393400000,1781393460000,11.22,11.44,12,7,closed,true
T007966,1782259200000,S2,shuttle,SITE4,V05,D0224,KA01AB1244,logout,1782322200000,1782322260000,29.21,32.19,24,6,closed,true
T007967,1781395200000,S2,shuttle,SITE4,V11,D0341,KA01AB0877,login,1781425800000,1781425860000,9.10,8.72,24,11,closed,true
T007968,1781568000000,S2,cab,SITE1,V08,D0352,KA01AB1394,logout,1781631000000,1781631060000,26.54,25.67,4,2,closed,true
T007969,1786579200000,S2,shuttle,SITE2,V03,D0079,KA01AB0985,login,1786609800000,1786609860000,29.52,29.82,24,11,closed,true
T007970,1786752000000,S2,nodal,SITE3,V11,D0321,KA01AB1066,logout,1786815000000,1786815060000,28.56,30.28,12,4,closed,true
T007971,1783296000000,S2,cab,SITE3,V03,D0108,KA01AB0501,logout,1783359000000,1783359180000,31.78,35.94,4,4,closed,true
T007972,1783296000000,S2,shuttle,SITE1,V09,D0185,KA01AB0773,login,1783326600000,1783327080000,8.55,9.74,24,19,closed,true
T007973,1784937600000,S3,shuttle,SITE2,V04,D0158,KA01AB1063,login,1784993400000,1784994720000,20.21,20.35,24,8,closed,true
T007974,1783987200000,S1,nodal,SITE1,V02,D0302,KA01AB1440,login,1783996200000,1783996260000,25.88,29.64,12,6,closed,true
T007975,1783382400000,S2,nodal,SITE2,V04,D0043,KA01AB1257,logout,1783445400000,1783447440000,32.82,34.93,12,8,closed,true
T007976,1784678400000,S1,cab,SITE2,V10,D0299,KA01AB0768,login,1784687400000,1784687640000,16.94,17.12,4,3,closed,true
T007977,1788393600000,S2,nodal,SITE2,V02,D0013,KA01AB0700,logout,1788456600000,1788459000000,28.03,30.80,12,11,closed,true
T007978,1787702400000,S3,nodal,SITE1,V06,D0338,KA01AB1098,logout,1787700600000,1787700720000,35.52,37.48,12,8,closed,true
T007979,1781049600000,S2,shuttle,SITE4,V11,D0142,KA01AB0952,login,1781080200000,1781080380000,34.90,33.64,24,3,closed,true
T007980,1785283200000,S3,shuttle,SITE3,V01,D0107,KA01AB1212,logout,1785281400000,1785281640000,40.64,41.59,24,5,closed,true
T007981,1787875200000,S3,cab,SITE1,V11,D0334,KA01AB1175,logout,1787873400000,1787873640000,19.54,20.67,4,2,closed,true
T007982,1787097600000,S1,nodal,SITE1,V12,D0357,KA01AB1737,logout,1787139000000,1787139060000,14.37,15.45,12,3,closed,true
T007983,1781395200000,S3,shuttle,SITE4,V11,D0085,KA01AB1464,login,1781451000000,,38.15,38.61,24,10,open,true
T007984,1781308800000,S3,cab,SITE3,V02,D0195,KA01AB0377,login,1781364600000,1781364720000,32.44,36.70,4,3,closed,true
T007985,1787875200000,S3,shuttle,SITE2,V08,D0370,KA01AB0967,login,1787931000000,1787931180000,42.46,43.89,24,12,closed,true
T007986,1782259200000,S2,nodal,SITE3,V08,D0392,KA01AB1172,login,1782289800000,1782290340000,28.74,32.04,12,5,closed,true
T007987,1782604800000,S3,nodal,SITE4,V08,D0291,KA01AB1868,login,1782660600000,1782660840000,35.64,34.10,12,2,closed,true
T007988,1786492800000,S2,shuttle,SITE3,V07,D0118,KA01AB0171,login,1786523400000,1786523640000,29.40,28.47,24,5,closed,true
T007989,1785888000000,S1,nodal,SITE3,V05,D0087,KA01AB1157,logout,1785929400000,1785929460000,29.53,32.84,12,5,closed,true
T007990,1783209600000,S3,shuttle,SITE2,V07,D0080,KA01AB1290,logout,1783207800000,1783207800000,31.77,31.35,24,18,closed,false
T007991,1788048000000,S3,cab,SITE1,V11,D0117,KA01AB1151,logout,1788046200000,1788046320000,35.24,37.56,4,2,closed,true
T007992,1784419200000,S3,nodal,SITE2,V03,D0132,KA01AB0884,logout,1784417400000,1784419500000,19.56,18.90,12,10,closed,true
T007993,1785888000000,S2,nodal,SITE4,V07,D0274,KA01AB1924,login,1785918600000,1785918660000,18.49,18.22,12,12,closed,true
T007994,1781136000000,S3,nodal,SITE3,V05,D0031,KA01AB1170,login,1781191800000,1781191860000,17.76,19.37,12,12,closed,true
T007995,1788220800000,S3,shuttle,SITE3,V08,D0088,KA01AB1769,login,1788276600000,1788276660000,33.27,36.30,24,12,closed,true
T007996,1783209600000,S2,shuttle,SITE2,V07,D0131,KA01AB1958,login,1783240200000,1783240200000,14.70,14.12,24,9,closed,true
T007997,1787702400000,S2,cab,SITE4,V12,D0350,KA01AB1053,login,1787733000000,1787733000000,10.32,10.68,4,4,closed,true
T007998,1787270400000,S3,shuttle,SITE1,V10,D0342,KA01AB0385,logout,1787268600000,1787268720000,11.83,13.24,24,21,closed,true
T007999,1785283200000,S3,cab,SITE3,V06,D0337,KA01AB1507,logout,1785281400000,1785282840000,29.67,33.87,4,1,closed,true
